p_number,line_num,word_id,raw_atf_token,resolved_name,token_kind,confidence,source,determinative
P229166,1'.,P229166_1,…,…,broken,,,
P229166,1'.,P229166_2,nimbar,nimbar,unresolved,,,
P229166,2.,P229166_3,…,…,broken,,,
P229166,2.,P229166_4,nimbar,nimbar,unresolved,,,
P229166,3'.,P229166_5,…,…,broken,,,
P229166,3'.,P229166_6,nimbar,nimbar,unresolved,,,
P229166,4'.,P229166_7,…,…,broken,,,
P229166,4'.,P229166_8,nimbar,nimbar,unresolved,,,
P229166,5'.,P229166_9,…,…,broken,,,
P229166,5'.,P229166_10,nimbar,nimbar,unresolved,,,
P229166,6'.,P229166_11,…,…,broken,,,
P229166,6'.,P229166_12,nimbar,nimbar,unresolved,,,
P229166,7'.,P229166_13,…,…,broken,,,
P229166,7'.,P229166_14,nimbar,nimbar,unresolved,,,
P229166,8'.,P229166_15,…,…,broken,,,
P229166,8'.,P229166_15,nimbar,nimbar,unresolved,,,
P229166,9'.,P229166_16,…,…,broken,,,
P229166,9'.,P229166_16,nimbar,nimbar,unresolved,,,
P229166,10'.,P229166_17,…,…,broken,,,
P229166,10'.,P229166_17,zu2,zu2,unresolved,,,
P229166,10'.,P229166_17,lum,LUM,atomic,attested,,
P229166,10'.,P229166_18,…,…,broken,,,
P229166,10'.,P229166_18,nimbar,nimbar,unresolved,,,
P229166,11'.,P229166_19,…,…,broken,,,
P229166,11'.,P229166_19,nimbar,nimbar,unresolved,,,
P229166,12'.,P229166_20,…,…,broken,,,
P229166,12'.,P229166_20,nimbar,nimbar,unresolved,,,
P229166,13'.,P229166_21,…,…,broken,,,
P229166,13'.,P229166_21,peš,HA@g,atomic,attested,,
P229166,||B,P229166_22,384,384,unresolved,,,
P229166,14'.,P229166_23,…,…,broken,,,
P229166,14'.,P229166_23,murgu,SIG₄,atomic,attested,,
P229166,15'.,P229166_24,…,…,broken,,,
P229166,15'.,P229166_24,zi,ZI,atomic,attested,,
P229166,16'.,P229166_25,…,…,broken,,,
P229166,16'.,P229166_26,asal2,|A.TU.GABA.LIŠ|,atomic,attested,,
P229166,||B,P229166_27,411,411,unresolved,,,
P229166,17'.,P229166_28,…,…,broken,,,
P229166,17'.,P229166_29,asal2,|A.TU.GABA.LIŠ|,atomic,attested,,
P229166,17'.,P229166_29,kur,KUR,atomic,attested,,
P229166,17'.,P229166_29,ra,RA,atomic,attested,,
P229166,||B,P229166_30,412,412,unresolved,,,
P229166,18'.,P229166_31,…,…,broken,,,
P229166,18'.,P229166_32,asal2,|A.TU.GABA.LIŠ|,atomic,attested,,
P229166,18'.,P229166_32,du10,HI,atomic,attested,,
P229166,19'.,P229166_33,…,…,broken,,,
P229166,19'.,P229166_34,asal2,|A.TU.GABA.LIŠ|,atomic,attested,,
P229166,||B,P229166_35,416,416,unresolved,,,
P229166,20'.,P229166_36,…,…,broken,,,
P229166,20'.,P229166_37,asal2,|A.TU.GABA.LIŠ|,atomic,attested,,
P229166,||B,P229166_38,421,421,unresolved,,,
P229166,23'.,P229166_39,…,…,broken,,,
P229166,23'.,P229166_40,GIR2,GIR₂,atomic,attested,,
P229166,||B,P229166_41,439,439,unresolved,,,
P229166,24'.,P229166_42,…,…,broken,,,
P229166,24'.,P229166_43,har,har,unresolved,,,
P229166,||B,P229166_44,441,441,unresolved,,,
P229166,25'.,P229166_45,…,…,broken,,,
P229166,25'.,P229166_45,ra,RA,atomic,attested,,
P229166,||B,P229166_46,441a,441a,unresolved,,,
P229166,26'.,P229166_47,…,…,broken,,,
P229166,26'.,P229166_47,na2,NA₂,atomic,attested,,
P229166,||B,P229166_48,447,447,unresolved,,,
P229166,27'.,P229166_49,…,…,broken,,,
P229166,27'.,P229166_49,zum,ZUM,atomic,attested,,
P229166,||B,P229166_50,448,448,unresolved,,,
P229166,28'.,P229166_51,…,…,broken,,,
P229166,28'.,P229166_51,kal,KAL,atomic,attested,,
P229166,||B,P229166_52,450,450,unresolved,,,
P229166,29'.,P229166_53,…,…,broken,,,
P229166,29'.,P229166_54,šu,ŠU,atomic,attested,,
P229166,29'.,P229166_54,KAL,KAL,atomic,attested,,
P229166,30'.,P229166_55,…,…,broken,,,
P229166,30'.,P229166_56,šu,ŠU,atomic,attested,,
P229166,30'.,P229166_56,dib,DIB,atomic,attested,,
P229166,30'.,P229166_56,ba,BA,atomic,attested,,
P229166,31'.,P229166_57,geš,GIŠ,atomic,attested,,
P229166,31'.,P229166_58,šu,ŠU,atomic,attested,,
P229166,31'.,P229166_58,KAL,KAL,atomic,attested,,
P229166,32'.,P229166_59,geš,GIŠ,atomic,attested,,
P229166,32'.,P229166_60,šu,ŠU,atomic,attested,,
P229166,32'.,P229166_60,EREN,EREN,unresolved,,,
P229166,||B,P229166_61,466,466,unresolved,,,
P229166,33'.,P229166_62,geš,GIŠ,atomic,attested,,
P229166,33'.,P229166_63,ši,IGI,atomic,attested,,
P229166,33'.,P229166_63,ig,IG,atomic,attested,,
P229166,33'.,P229166_63,du,DU,atomic,attested,,
P229166,||B,P229166_64,238,238,unresolved,,,
P229166,34'.,P229166_65,geš,GIŠ,atomic,attested,,
P229166,34'.,P229166_66,zi2,ZE₂,atomic,attested,,
P229166,34'.,P229166_66,ir,IR,atomic,attested,,
P229166,34'.,P229166_66,dum,TUM,atomic,attested,,
P229166,35'.,P229166_67,geš,GIŠ,atomic,attested,,
P229166,35'.,P229166_68,BU,BU,atomic,attested,,
P229166,35'.,P229166_68,zu2,zu2,unresolved,,,
P229166,35'.,P229166_68,lum,LUM,atomic,attested,,
P229166,35'.,P229166_68,…,…,broken,,,
P229166,||B,P229166_69,470,470,unresolved,,,
P229166,36'.,P229166_70,geš,GIŠ,atomic,attested,,
P229166,36'.,P229166_71,gi,GI,atomic,attested,,
P229166,36'.,P229166_71,zu2,zu2,unresolved,,,
P229166,36'.,P229166_71,ma,MA,atomic,attested,,
P229166,36'.,P229166_71,lum,LUM,atomic,attested,,
P229166,||B,P229166_72,469,469,unresolved,,,
P229166,37'.,P229166_73,…,…,broken,,,
P229166,37'.,P229166_74,dili,AŠ,atomic,attested,,
P229166,37'.,P229166_74,bu,BU,atomic,attested,,
P229166,37'.,P229166_74,…,…,broken,,,
P229166,||B,P229166_75,480,480,unresolved,,,
P229166,38'.,P229166_76,…,…,broken,,,
P229166,38'.,P229166_77,an,AN,atomic,attested,,
P229166,38'.,P229166_77,ta,TA,atomic,attested,,
P229166,||B,P229166_78,482,482,unresolved,,,
P229166,1.,P229166_79,…,…,broken,,,
P229166,1.,P229166_80,maš,MAŠ,atomic,attested,,
P229166,||B,P229166_81,486,486,unresolved,,,
P229166,2.,P229166_82,…,…,broken,,,
P229166,2.,P229166_83,maš,MAŠ,atomic,attested,,
P229166,2.,P229166_83,gurum,GAM,atomic,attested,,
P229166,||B,P229166_84,488,488,unresolved,,,
P229166,3.,P229166_85,…,…,broken,,,
P229166,3.,P229166_86,guru5,guru5,unresolved,,,
P229166,3.,P229166_86,uš,UŠ,atomic,attested,,
P229166,||B,P229166_87,489,489,unresolved,,,
P229166,4.,P229166_88,geš,GIŠ,atomic,attested,,
P229166,4.,P229166_89,sag,SAG,atomic,attested,,
P229166,4.,P229166_89,EZEN,EZEN,atomic,attested,,
P229166,5.,P229166_90,geš,GIŠ,atomic,attested,,
P229166,5.,P229166_91,si,SI,atomic,attested,,
P229166,5.,P229166_91,sag,SAG,atomic,attested,,
P229166,5.,P229166_91,EZEN,EZEN,atomic,attested,,
P229166,6.,P229166_92,geš,GIŠ,atomic,attested,,
P229166,6.,P229166_93,i,I,atomic,attested,,
P229166,6.,P229166_93,ri9,LU₂@s,atomic,attested,,
P229166,6.,P229166_93,na,NA,atomic,attested,,
P229166,||B,P229166_94,493,493,unresolved,,,
P229166,7.,P229166_95,geš,GIŠ,atomic,attested,,
P229166,7.,P229166_96,a,A,atomic,attested,,
P229166,7.,P229166_96,ri9,LU₂@s,atomic,attested,,
P229166,7.,P229166_96,na,NA,atomic,attested,,
P229166,||B,P229166_97,494,494,unresolved,,,
P229166,8.,P229166_98,geš,GIŠ,atomic,attested,,
P229166,8.,P229166_99,gu2,GU₂,atomic,attested,,
P229166,8.,P229166_99,gilim,|GI%GI|,atomic,attested,,
P229166,8.,P229166_99,na,NA,atomic,attested,,
P229166,||B,P229166_100,498,498,unresolved,,,
P229166,9.,P229166_101,geš,GIŠ,atomic,attested,,
P229166,9.,P229166_102,gilim,|GI%GI|,atomic,attested,,
P229166,9.,P229166_102,abzu,ABZU,atomic,attested,,
P229166,10.,P229166_103,geš,GIŠ,atomic,attested,,
P229166,10.,P229166_104,u3,|IGI.DIB|,atomic,attested,,
P229166,10.,P229166_104,luh,LUH,atomic,attested,,
P229166,||B,P229166_105,505,505,unresolved,,,
P229166,11.,P229166_106,geš,GIŠ,atomic,attested,,
P229166,11.,P229166_107,pa,PA,atomic,attested,,
P229166,||B,P229166_108,515,515,unresolved,,,
P229166,12.,P229166_109,geš,GIŠ,atomic,attested,,
P229166,12.,P229166_110,pa,PA,atomic,attested,,
P229166,12.,P229166_110,ku5,TAR,atomic,attested,,
P229166,||B,P229166_111,512,512,unresolved,,,
P229166,13.,P229166_112,geš,GIŠ,atomic,attested,,
P229166,13.,P229166_113,|LAGABxA|,|LAGABxA|,unresolved,,,
P229166,14.,P229166_114,geš,GIŠ,atomic,attested,,
P229166,14.,P229166_115,as4,as4,unresolved,,,
P229166,14.,P229166_115,um,UM,atomic,attested,,
P229166,||C,P229166_116,1,1,unresolved,,,
P229166,15.,P229166_117,geš,GIŠ,atomic,attested,,
P229166,15.,P229166_118,maš,MAŠ,atomic,attested,,
P229166,15.,P229166_118,da,DA,atomic,attested,,
P229166,16.,P229166_119,geš,GIŠ,atomic,attested,,
P229166,16.,P229166_120,…,…,broken,,,
P229166,16.,P229166_120,um,UM,atomic,attested,,
P229166,17.,P229166_121,geš,GIŠ,atomic,attested,,
P229166,17.,P229166_122,kal,KAL,atomic,attested,,
P229166,17.,P229166_122,la,LA,atomic,attested,,
P229166,17.,P229166_122,bi,BI,atomic,attested,,
P229166,18.,P229166_123,geš,GIŠ,atomic,attested,,
P229166,18.,P229166_124,…,…,broken,,,
P229166,18.,P229166_124,bi,BI,atomic,attested,,
P229166,19.,P229166_125,geš,GIŠ,atomic,attested,,
P229166,19.,P229166_126,gu7,|KA×GAR|,atomic,attested,,
P229166,20.,P229166_127,geš,GIŠ,atomic,attested,,
P229166,20.,P229166_128,HA,HA,atomic,attested,,
P229166,20.,P229166_128,AN,AN,atomic,attested,,
P229166,20.,P229166_128,NI,NI,atomic,attested,,
P229166,21.,P229166_129,geš,GIŠ,atomic,attested,,
P229166,21.,P229166_130,dub,DUB,atomic,attested,,
P229166,21.,P229166_130,TUG2,TUG₂,atomic,attested,,
P229166,21.,P229166_130,NI,NI,atomic,attested,,
P229166,||C,P229166_131,21,21,unresolved,,,
P229166,22.,P229166_132,geš,GIŠ,atomic,attested,,
P229166,22.,P229166_133,šumun,TIL,atomic,attested,,
P229166,22.,P229166_133,gi4,GI₄,atomic,attested,,
P229166,||C,P229166_134,22,22,unresolved,,,
P229166,23.,P229166_135,geš,GIŠ,atomic,attested,,
P229166,23.,P229166_136,ti,TI,atomic,attested,,
P229166,23.,P229166_136,bala,BAL,atomic,attested,,
P229166,||C,P229166_137,24,24,unresolved,,,
P229166,24.,P229166_138,geš,GIŠ,atomic,attested,,
P229166,24.,P229166_139,ŠID,ŠID,unresolved,,,
P229166,24.,P229166_139,ma,MA,atomic,attested,,
P229166,||C,P229166_140,16,16,unresolved,,,
P229166,25.,P229166_141,geš,GIŠ,atomic,attested,,
P229166,25.,P229166_142,tun3,DUN₃,atomic,attested,,
P229166,||C,P229166_143,29,29,unresolved,,,
P229166,26.,P229166_144,geš,GIŠ,atomic,attested,,
P229166,26.,P229166_145,ba,BA,atomic,attested,,
P229166,||C,P229166_146,36,36,unresolved,,,
P229166,27.,P229166_147,geš,GIŠ,atomic,attested,,
P229166,27.,P229166_148,ba,BA,atomic,attested,,
P229166,27.,P229166_148,KA,KA,unresolved,,,
P229166,||C,P229166_149,38,38,unresolved,,,
P229166,28.,P229166_150,geš,GIŠ,atomic,attested,,
P229166,28.,P229166_151,…,…,broken,,,
P229166,28.,P229166_152,x,X,atomic,attested,,
P229166,29.,P229166_153,geš,GIŠ,atomic,attested,,
P229166,29.,P229166_154,ba,BA,atomic,attested,,
P229166,29.,P229166_154,še,ŠE,atomic,attested,,
P229166,30.,P229166_155,geš,GIŠ,atomic,attested,,
P229166,30.,P229166_156,ba,BA,atomic,attested,,
P229166,30.,P229166_156,šab,|PA.IB|,compound,attested,OSL,
P229166,||C,P229166_157,41,41,unresolved,,,
P229166,31.,P229166_158,geš,GIŠ,atomic,attested,,
P229166,31.,P229166_159,hub2,hub2,unresolved,,,
P229166,||C,P229166_160,53,53,unresolved,,,
P229166,32.,P229166_161,geš,GIŠ,atomic,attested,,
P229166,32.,P229166_162,na,NA,atomic,attested,,
P229166,32.,P229166_162,ru2,KAK,atomic,attested,,
P229166,32.,P229166_162,a,A,atomic,attested,,
P229166,||C,P229166_163,54,54,unresolved,,,
P229166,33.,P229166_164,geš,GIŠ,atomic,attested,,
P229166,33.,P229166_165,UŠ,UŠ,atomic,attested,,
P229166,33.,P229166_165,da,DA,atomic,attested,,
P229166,||C,P229166_166,55,55,unresolved,,,
P229166,34.,P229166_167,geš,GIŠ,atomic,attested,,
P229166,34.,P229166_168,gu,GU,atomic,attested,,
P229166,34.,P229166_168,za,ZA,atomic,attested,,
P229166,||C,P229166_169,69,69,unresolved,,,
P229166,35.,P229166_170,geš,GIŠ,atomic,attested,,
P229166,35.,P229166_171,gu,GU,atomic,attested,,
P229166,35.,P229166_171,za,ZA,atomic,attested,,
P229166,35.,P229166_171,sag10,|IGI.ERIN₂|,compound,attested,OSL,
P229166,||C,P229166_172,70,70,unresolved,,,
P229166,36.,P229166_173,geš,GIŠ,atomic,attested,,
P229166,36.,P229166_174,gu,GU,atomic,attested,,
P229166,36.,P229166_174,za,ZA,atomic,attested,,
P229166,36.,P229166_174,gid2,BU,atomic,attested,,
P229166,36.,P229166_174,da,DA,atomic,attested,,
P229166,||C,P229166_175,71,71,unresolved,,,
P229166,37.,P229166_176,geš,GIŠ,atomic,attested,,
P229166,37.,P229166_177,gu,GU,atomic,attested,,
P229166,37.,P229166_177,za,ZA,atomic,attested,,
P229166,37.,P229166_177,…,…,broken,,,
P229166,37.,P229166_177,ra,RA,atomic,attested,,
P229166,||C,P229166_178,72,72,unresolved,,,
P229166,38.,P229166_179,geš,GIŠ,atomic,attested,,
P229166,38.,P229166_180,gu,GU,atomic,attested,,
P229166,38.,P229166_180,za,ZA,atomic,attested,,
P229166,38.,P229166_180,…,…,broken,,,
P229166,38.,P229166_181,x,X,atomic,attested,,
P229166,39.,P229166_182,geš,GIŠ,atomic,attested,,
P229166,39.,P229166_183,gu,GU,atomic,attested,,
P229166,39.,P229166_183,za,ZA,atomic,attested,,
P229166,39.,P229166_183,…,…,broken,,,
P229166,39.,P229166_184,x,X,atomic,attested,,
P229166,40.,P229166_185,geš,GIŠ,atomic,attested,,
P229166,40.,P229166_186,gu,GU,atomic,attested,,
P229166,40.,P229166_186,…,…,broken,,,
P229166,40.,P229166_186,ti,TI,atomic,attested,,
P229166,||C,P229166_187,97,97,unresolved,,,
P229166,41.,P229166_188,geš,GIŠ,atomic,attested,,
P229166,41.,P229166_189,gu,GU,atomic,attested,,
P229166,41.,P229166_189,za,ZA,atomic,attested,,
P229166,41.,P229166_189,…,…,broken,,,
P229166,42.,P229166_190,geš,GIŠ,atomic,attested,,
P229166,42.,P229166_191,…,…,broken,,,
P229166,43.,P229166_192,geš,GIŠ,atomic,attested,,
P229166,43.,P229166_193,…,…,broken,,,
P229166,1.,P229166_194,geš,GIŠ,atomic,attested,,
P229166,1.,P229166_195,…,…,broken,,,
P229166,1.,P229166_195,lugal,LUGAL,atomic,attested,,
P229166,1.,P229166_195,…,…,broken,,,
P229166,2.,P229166_196,geš,GIŠ,atomic,attested,,
P229166,2.,P229166_197,gu,GU,atomic,attested,,
P229166,2.,P229166_197,…,…,broken,,,
P229166,2.,P229166_197,en,EN,atomic,attested,,
P229166,2.,P229166_197,na,NA,atomic,attested,,
P229166,3.,P229166_198,geš,GIŠ,atomic,attested,,
P229166,3.,P229166_199,gu,GU,atomic,attested,,
P229166,3.,P229166_199,…,…,broken,,,
P229166,3.,P229166_199,a,A,atomic,attested,,
P229166,4.,P229166_200,geš,GIŠ,atomic,attested,,
P229166,4.,P229166_201,gu,GU,atomic,attested,,
P229166,4.,P229166_201,za,ZA,atomic,attested,,
P229166,4.,P229166_201,…,…,broken,,,
P229166,5.,P229166_202,geš,GIŠ,atomic,attested,,
P229166,5.,P229166_203,gu,GU,atomic,attested,,
P229166,5.,P229166_203,za,ZA,atomic,attested,,
P229166,5.,P229166_203,x,X,atomic,attested,,
P229166,5.,P229166_204,…,…,broken,,,
P229166,6.,P229166_205,geš,GIŠ,atomic,attested,,
P229166,6.,P229166_206,gu,GU,atomic,attested,,
P229166,6.,P229166_206,za,ZA,atomic,attested,,
P229166,6.,P229166_206,šu,ŠU,atomic,attested,,
P229166,6.,P229166_206,…,…,broken,,,
P229166,||C,P229166_207,116,116,unresolved,,,
P229166,7.,P229166_208,geš,GIŠ,atomic,attested,,
P229166,7.,P229166_209,gu,GU,atomic,attested,,
P229166,7.,P229166_209,za,ZA,atomic,attested,,
P229166,7.,P229166_209,KA,KA,unresolved,,,
P229166,7.,P229166_209,…,…,broken,,,
P229166,||C,P229166_210,118,118,unresolved,,,
P229166,8.,P229166_211,geš,GIŠ,atomic,attested,,
P229166,8.,P229166_212,gu,GU,atomic,attested,,
P229166,8.,P229166_212,za,ZA,atomic,attested,,
P229166,8.,P229166_212,X,X,atomic,attested,,
P229166,8.,P229166_213,…,…,broken,,,
P229166,9.,P229166_214,geš,GIŠ,atomic,attested,,
P229166,9.,P229166_215,gu,GU,atomic,attested,,
P229166,9.,P229166_215,za,ZA,atomic,attested,,
P229166,9.,P229166_215,X,X,atomic,attested,,
P229166,9.,P229166_216,…,…,broken,,,
P229166,10.,P229166_217,geš,GIŠ,atomic,attested,,
P229166,10.,P229166_218,gu,GU,atomic,attested,,
P229166,10.,P229166_218,za,ZA,atomic,attested,,
P229166,10.,P229166_218,X,X,atomic,attested,,
P229166,10.,P229166_218,…,…,broken,,,
P229166,11.,P229166_219,geš,GIŠ,atomic,attested,,
P229166,11.,P229166_220,gu,GU,atomic,attested,,
P229166,11.,P229166_220,za,ZA,atomic,attested,,
P229166,11.,P229166_220,…,…,broken,,,
P229166,12.,P229166_221,geš,GIŠ,atomic,attested,,
P229166,12.,P229166_222,gu,GU,atomic,attested,,
P229166,12.,P229166_222,za,ZA,atomic,attested,,
P229166,12.,P229166_222,LAM,LAM,atomic,attested,,
P229166,12.,P229166_222,…,…,broken,,,
P229166,||C,P229166_223,76,76,unresolved,,,
P229166,13.,P229166_224,geš,GIŠ,atomic,attested,,
P229166,13.,P229166_225,gu,GU,atomic,attested,,
P229166,13.,P229166_225,za,ZA,atomic,attested,,
P229166,13.,P229166_225,nita,UŠ,atomic,attested,,
P229166,||C,P229166_226,81,81,unresolved,,,
P229166,14.,P229166_227,geš,GIŠ,atomic,attested,,
P229166,14.,P229166_228,gu,GU,atomic,attested,,
P229166,14.,P229166_228,za,ZA,atomic,attested,,
P229166,14.,P229166_228,…,…,broken,,,
P229166,||C,P229166_229,82,82,unresolved,,,
P229166,15.,P229166_230,geš,GIŠ,atomic,attested,,
P229166,15.,P229166_231,gu,GU,atomic,attested,,
P229166,15.,P229166_231,za,ZA,atomic,attested,,
P229166,15.,P229166_231,ukkin,ukkin,unresolved,,,
P229166,15.,P229166_231,…,…,broken,,,
P229166,16.,P229166_232,geš,GIŠ,atomic,attested,,
P229166,16.,P229166_233,gu,GU,atomic,attested,,
P229166,16.,P229166_233,za,ZA,atomic,attested,,
P229166,16.,P229166_233,lukur,lukur,unresolved,,,
P229166,17.,P229166_234,geš,GIŠ,atomic,attested,,
P229166,17.,P229166_235,gu,GU,atomic,attested,,
P229166,17.,P229166_235,za,ZA,atomic,attested,,
P229166,17.,P229166_235,gidim,gidim,unresolved,,,
P229166,18.,P229166_236,geš,GIŠ,atomic,attested,,
P229166,18.,P229166_237,gu,GU,atomic,attested,,
P229166,18.,P229166_237,za,ZA,atomic,attested,,
P229166,18.,P229166_237,ki,KI,atomic,attested,,
P229166,||C,P229166_238,78,78,unresolved,,,
P229166,19.,P229166_239,geš,GIŠ,atomic,attested,,
P229166,19.,P229166_240,gu,GU,atomic,attested,,
P229166,19.,P229166_240,za,ZA,atomic,attested,,
P229166,19.,P229166_240,silim,DI,atomic,attested,,
P229166,19.,P229166_240,…,…,broken,,,
P229166,23.,P229166_241,geš,GIŠ,atomic,attested,,
P229166,23.,P229166_242,gu,GU,atomic,attested,,
P229166,23.,P229166_242,za,ZA,atomic,attested,,
P229166,23.,P229166_242,geš,GIŠ,atomic,attested,,
P229166,23.,P229166_242,…,…,broken,,,
P229166,24.,P229166_243,geš,GIŠ,atomic,attested,,
P229166,24.,P229166_244,gu,GU,atomic,attested,,
P229166,24.,P229166_244,za,ZA,atomic,attested,,
P229166,24.,P229166_244,geš,GIŠ,atomic,attested,,
P229166,24.,P229166_244,…,…,broken,,,
P229166,25.,P229166_245,geš,GIŠ,atomic,attested,,
P229166,25.,P229166_246,gu,GU,atomic,attested,,
P229166,25.,P229166_246,za,ZA,atomic,attested,,
P229166,25.,P229166_246,geš,GIŠ,atomic,attested,,
P229166,25.,P229166_246,…,…,broken,,,
P229166,26.,P229166_247,geš,GIŠ,atomic,attested,,
P229166,26.,P229166_248,gu,GU,atomic,attested,,
P229166,26.,P229166_248,za,ZA,atomic,attested,,
P229166,26.,P229166_248,…,…,broken,,,
P229166,27.,P229166_249,geš,GIŠ,atomic,attested,,
P229166,27.,P229166_250,gu,GU,atomic,attested,,
P229166,27.,P229166_250,za,ZA,atomic,attested,,
P229166,27.,P229166_250,…,…,broken,,,
P229166,28.,P229166_251,geš,GIŠ,atomic,attested,,
P229166,28.,P229166_252,gu,GU,atomic,attested,,
P229166,28.,P229166_252,za,ZA,atomic,attested,,
P229166,28.,P229166_252,gar3,GAR₃,atomic,attested,,
P229166,28.,P229166_252,…,…,broken,,,
P229166,29.,P229166_253,geš,GIŠ,atomic,attested,,
P229166,29.,P229166_254,gu,GU,atomic,attested,,
P229166,29.,P229166_254,za,ZA,atomic,attested,,
P229166,29.,P229166_254,…,…,broken,,,
P229166,30.,P229166_255,geš,GIŠ,atomic,attested,,
P229166,30.,P229166_256,gu,GU,atomic,attested,,
P229166,30.,P229166_256,za,ZA,atomic,attested,,
P229166,30.,P229166_256,…,…,broken,,,
P229166,30.,P229166_256,babbar,UD,atomic,attested,,
P229166,30.,P229166_257,…,…,broken,,,
P229166,||C,P229166_258,105,105,unresolved,,,
P229166,31.,P229166_259,geš,GIŠ,atomic,attested,,
P229166,31.,P229166_260,gu,GU,atomic,attested,,
P229166,31.,P229166_260,za,ZA,atomic,attested,,
P229166,31.,P229166_261,gar3,GAR₃,atomic,attested,,
P229166,31.,P229166_261,…,…,broken,,,
P229166,32.,P229166_262,geš,GIŠ,atomic,attested,,
P229166,32.,P229166_263,…,…,broken,,,
P229166,33.,P229166_264,geš,GIŠ,atomic,attested,,
P229166,33.,P229166_265,…,…,broken,,,
P229166,1.,P229166_266,…,…,broken,,,
P229166,1.,P229166_267,šu2,ŠU₂,atomic,attested,,
P229166,1.,P229166_267,a,A,atomic,attested,,
P229166,||C,P229166_268,129,129,unresolved,,,
P229166,2.,P229166_269,…,…,broken,,,
P229166,2.,P229166_270,šu2,ŠU₂,atomic,attested,,
P229166,2.,P229166_270,a,A,atomic,attested,,
P229166,2.,P229166_270,du10,HI,atomic,attested,,
P229166,2.,P229166_270,sa,SA,atomic,attested,,
P229166,||C,P229166_271,130,130,unresolved,,,
P229166,3.,P229166_272,…,…,broken,,,
P229166,3.,P229166_273,šu2,ŠU₂,atomic,attested,,
P229166,3.,P229166_273,a,A,atomic,attested,,
P229166,3.,P229166_273,nagar,NAGAR,atomic,attested,,
P229166,4.,P229166_274,…,…,broken,,,
P229166,4.,P229166_274,a,A,atomic,attested,,
P229166,4.,P229166_274,bur,BUR,atomic,attested,,
P229166,4.,P229166_274,gul,gul,unresolved,,,
P229166,||C,P229166_275,134,134,unresolved,,,
P229166,5.,P229166_276,…,…,broken,,,
P229166,5.,P229166_276,a,A,atomic,attested,,
P229166,5.,P229166_276,tibira,|URUDA.NAGAR|,compound,attested,DIRI,
P229166,||C,P229166_277,135,135,unresolved,,,
P229166,6.,P229166_278,…,…,broken,,,
P229166,6.,P229166_278,a,A,atomic,attested,,
P229166,6.,P229166_278,kaskal,KASKAL,atomic,attested,,
P229166,6.,P229166_278,la,LA,atomic,attested,,
P229166,||C,P229166_279,133,133,unresolved,,,
P229166,7.,P229166_280,…,…,broken,,,
P229166,7.,P229166_280,a,A,atomic,attested,,
P229166,7.,P229166_280,nig2,GAR,atomic,attested,,
P229166,7.,P229166_280,gu,GU,atomic,attested,,
P229166,7.,P229166_280,la,LA,atomic,attested,,
P229166,||C,P229166_281,140,140,unresolved,,,
P229166,8.,P229166_282,…,…,broken,,,
P229166,8.,P229166_283,giri3,GIR₃,atomic,attested,,
P229166,8.,P229166_283,gub,DU,atomic,attested,,
P229166,||C,P229166_284,143,143,unresolved,,,
P229166,33.,P229166_285,geš,GIŠ,atomic,attested,,
P229166,33.,P229166_286,…,…,broken,,,
P229166,33.,P229166_287,banšur,|URU×URUDA|,atomic,attested,,
P229166,34.,P229166_288,geš,GIŠ,atomic,attested,,
P229166,34.,P229166_289,…,…,broken,,,
P229166,34.,P229166_290,banšur,|URU×URUDA|,atomic,attested,,
P229166,38.,P229166_291,geš,GIŠ,atomic,attested,,
P229166,38.,P229166_292,ka,ka,unresolved,,,
P229166,38.,P229166_292,kara4,KAD₄,atomic,attested,,
P229166,||C,P229166_293,204,204,unresolved,,,
P229166,39.,P229166_294,geš,GIŠ,atomic,attested,,
P229166,39.,P229166_295,ka,ka,unresolved,,,
P229166,39.,P229166_295,…,…,broken,,,
P229166,39.,P229166_295,zu2,zu2,unresolved,,,
P229166,39.,P229166_296,am,|GUD×KUR|,atomic,attested,,
P229166,39.,P229166_296,si,SI,atomic,attested,,
P229166,39.,P229166_297,si,SI,atomic,attested,,
P229166,39.,P229166_297,ga,GA,atomic,attested,,
P229166,||C,P229166_298,208,208,unresolved,,,
P229166,40.,P229166_299,…,…,broken,,,
P229166,40.,P229166_299,da,DA,atomic,attested,,
P229166,41.,P229166_300,…,…,broken,,,
P229166,41.,P229166_301,UD,UD,atomic,attested,,
P229166,41.,P229166_301,|SAL+HUB2|,|SAL+HUB2|,unresolved,,,
P229166,||C,P229166_302,209,209,unresolved,,,
P229166,1.,P229166_303,geš,GIŠ,atomic,attested,,
P229166,1.,P229166_304,u3,|IGI.DIB|,atomic,attested,,
P229166,1.,P229166_304,…,…,broken,,,
P229166,||C,P229166_305,231,231,unresolved,,,
P229166,2.,P229166_306,geš,GIŠ,atomic,attested,,
P229166,2.,P229166_307,MUŠ3@g,MUŠ₃@g,atomic,attested,,
P229166,2.,P229166_307,…,…,broken,,,
P229166,||C,P229166_308,232,232,unresolved,,,
P229166,3.,P229166_309,geš,GIŠ,atomic,attested,,
P229166,3.,P229166_310,bugin,bugin,unresolved,,,
P229166,||C,P229166_311,233,233,unresolved,,,
P229166,4.,P229166_312,geš,GIŠ,atomic,attested,,
P229166,4.,P229166_313,bugin,bugin,unresolved,,,
P229166,4.,P229166_313,tur,TUR,atomic,attested,,
P229166,||C,P229166_314,235,235,unresolved,,,
P229166,5.,P229166_315,geš,GIŠ,atomic,attested,,
P229166,5.,P229166_316,…,…,broken,,,
P229166,5.,P229166_316,ZU,ZU,atomic,attested,,
P229166,5.,P229166_316,bar,BAR,atomic,attested,,
P229166,5.,P229166_316,ra,RA,atomic,attested,,
P229166,||C,P229166_317,238,238,unresolved,,,
P229166,6.,P229166_318,geš,GIŠ,atomic,attested,,
P229166,6.,P229166_319,nag,|KA×A|,atomic,attested,,
P229166,||C,P229166_320,242,242,unresolved,,,
P229166,7.,P229166_321,geš,GIŠ,atomic,attested,,
P229166,7.,P229166_322,nag,|KA×A|,atomic,attested,,
P229166,7.,P229166_322,nig2,GAR,atomic,attested,,
P229166,7.,P229166_322,še,ŠE,atomic,attested,,
P229166,||C,P229166_323,243,243,unresolved,,,
P229166,8.,P229166_324,geš,GIŠ,atomic,attested,,
P229166,8.,P229166_325,nag,|KA×A|,atomic,attested,,
P229166,8.,P229166_325,še,ŠE,atomic,attested,,
P229166,8.,P229166_325,…,…,broken,,,
P229166,||C,P229166_326,244,244,unresolved,,,
P229166,9.,P229166_327,geš,GIŠ,atomic,attested,,
P229166,9.,P229166_328,nag,|KA×A|,atomic,attested,,
P229166,9.,P229166_328,…,…,broken,,,
P229166,10.,P229166_329,geš,GIŠ,atomic,attested,,
P229166,10.,P229166_330,tukul,KU,atomic,attested,,
P229166,10.,P229166_330,…,…,broken,,,
P229166,10.,P229166_330,gaz,|GUM×ŠE|,atomic,attested,,
P229166,||C,P229166_331,247,247,unresolved,,,
P229166,11.,P229166_332,geš,GIŠ,atomic,attested,,
P229166,11.,P229166_333,gan,gan,unresolved,,,
P229166,11.,P229166_333,na,NA,atomic,attested,,
P229166,||C,P229166_334,248,248,unresolved,,,
P229166,12.,P229166_335,geš,GIŠ,atomic,attested,,
P229166,12.,P229166_336,ŠU,ŠU,atomic,attested,,
P229166,12.,P229166_336,DIM2,DIM₂,atomic,attested,,
P229166,||C,P229166_337,251,251,unresolved,,,
P229166,13.,P229166_338,…,…,broken,,,
P229166,13.,P229166_339,eme,eme,unresolved,,,
P229166,13.,P229166_339,sig,SIG,atomic,attested,,
P229166,||C,P229166_340,252,252,unresolved,,,
P229166,14.,P229166_341,…,…,broken,,,
P229166,14.,P229166_341,ri2,URU,atomic,attested,,
P229166,14.,P229166_341,za,ZA,atomic,attested,,
P229166,||C,P229166_342,254,254,unresolved,,,
P229166,15.,P229166_343,…,…,broken,,,
P229166,15.,P229166_343,gi4,GI₄,atomic,attested,,
P229166,15.,P229166_343,a,A,atomic,attested,,
P229166,||C,P229166_344,255,255,unresolved,,,
P229166,17.,P229166_345,…,…,broken,,,
P229166,17.,P229166_346,gur,GUR,atomic,attested,,
P229166,||C,P229166_347,263,263,unresolved,,,
P229166,22.,P229166_348,…,…,broken,,,
P229166,22.,P229166_349,ma2,MA₂,atomic,attested,,
P229166,22.,P229166_349,da,DA,atomic,attested,,
P229166,22.,P229166_349,…,…,broken,,,
P229166,23.,P229166_350,…,…,broken,,,
P229166,23.,P229166_351,ma2,MA₂,atomic,attested,,
P229166,23.,P229166_351,šu,ŠU,atomic,attested,,
P229166,23.,P229166_351,peš,HA@g,atomic,attested,,
P229166,||C,P229166_352,274,274,unresolved,,,
P229166,30.,P229166_353,…,…,broken,,,
P229166,30.,P229166_354,ma2,MA₂,atomic,attested,,
P229166,30.,P229166_354,KU,KU,atomic,attested,,
P229166,30.,P229166_354,…,…,broken,,,
P229166,31.,P229166_355,…,…,broken,,,
P229166,31.,P229166_356,ma2,MA₂,atomic,attested,,
P229166,31.,P229166_356,…,…,broken,,,
P229166,35.,P229166_357,…,…,broken,,,
P229166,35.,P229166_358,ma2,MA₂,atomic,attested,,
P229166,35.,P229166_358,…,…,broken,,,
P229166,36.,P229166_359,…,…,broken,,,
P229166,36.,P229166_360,ma2,MA₂,atomic,attested,,
P229166,36.,P229166_360,GIŠ,GIŠ,atomic,attested,,
P229166,36.,P229166_360,…,…,broken,,,
P229166,37.,P229166_361,…,…,broken,,,
P229166,37.,P229166_362,ma2,MA₂,atomic,attested,,
P229166,37.,P229166_362,6(u),6(u),unresolved,,,
P229166,37.,P229166_363,…,…,broken,,,
P229166,||C,P229166_364,354,354,unresolved,,,
P229166,38.,P229166_365,…,…,broken,,,
P229166,38.,P229166_366,ma2,MA₂,atomic,attested,,
P229166,38.,P229166_366,ninnu,5(U),atomic,attested,,
P229166,38.,P229166_366,…,…,broken,,,
P229166,||C,P229166_367,355,355,unresolved,,,
P229166,39.,P229166_368,geš,GIŠ,atomic,attested,,
P229166,39.,P229166_369,ma2,MA₂,atomic,attested,,
P229166,39.,P229166_369,4(u),4(U),atomic,attested,,
P229166,39.,P229166_369,…,…,broken,,,
P229166,||C,P229166_370,356,356,unresolved,,,
P229166,40.,P229166_371,geš,GIŠ,atomic,attested,,
P229166,40.,P229166_372,ma2,MA₂,atomic,attested,,
P229166,40.,P229166_372,3(u),|U.U.U|,atomic,attested,,
P229166,40.,P229166_372,…,…,broken,,,
P229166,||C,P229166_373,357,357,unresolved,,,
P229166,41.,P229166_374,geš,GIŠ,atomic,attested,,
P229166,41.,P229166_375,ma2,MA₂,atomic,attested,,
P229166,41.,P229166_375,2(u),|U.U|,atomic,attested,,
P229166,41.,P229166_375,gur,GUR,atomic,attested,,
P229166,||C,P229166_376,358,358,unresolved,,,
P229166,42.,P229166_377,geš,GIŠ,atomic,attested,,
P229166,42.,P229166_378,ma2,MA₂,atomic,attested,,
P229166,42.,P229166_378,1(u),U,atomic,attested,,
P229166,42.,P229166_379,5(diš),5(DIŠ),atomic,attested,,
P229166,42.,P229166_379,gur,GUR,atomic,attested,,
P229166,||C,P229166_380,359,359,unresolved,,,
P229166,43.,P229166_381,geš,GIŠ,atomic,attested,,
P229166,43.,P229166_382,ma2,MA₂,atomic,attested,,
P229166,44.,P229166_383,geš,GIŠ,atomic,attested,,
P388305,1.,P388305_1,1(diš),1(diš),numeral,,,
P388305,1.,P388305_2,dumu,TUR,atomic,attested,,
P388305,1.,P388305_2,nita2,ARAD,atomic,attested,,
P388305,1.,P388305_3,gaba,DUH,atomic,attested,,
P388305,2.,P388305_4,tul2,tul2,unresolved,,,
P388305,2.,P388305_4,ta,TA,atomic,attested,,
P388305,2.,P388305_5,pa3,PA3,atomic,attested,,
P388305,2.,P388305_5,da,DA,atomic,attested,,
P388305,3.,P388305_6,sila,TAR,atomic,attested,,
P388305,3.,P388305_6,ta,TA,atomic,attested,,
P388305,3.,P388305_7,kur2,PAP,atomic,attested,,
P388305,3.,P388305_7,ra,RA,atomic,attested,,
P388305,4.,P388305_8,me,ME,atomic,attested,,diš;d
P388305,4.,P388305_8,iškur,IM,atomic,attested,,diš;d
P388305,4.,P388305_9,nu,NU,atomic,attested,,
P388305,4.,P388305_9,gig,GIG,atomic,attested,,
P388305,5.,P388305_10,ka,ka,unresolved,,,
P388305,5.,P388305_11,ur,UR,atomic,attested,,
P388305,5.,P388305_11,gi7,EŠ₂,atomic,attested,,
P388305,5.,P388305_11,ra,RA,atomic,attested,,
P388305,5.,P388305_11,ta,TA,atomic,attested,,
P388305,5.,P388305_12,ba,BA,atomic,attested,,
P388305,5.,P388305_12,da,DA,atomic,attested,,
P388305,5.,P388305_12,kar,KAR,atomic,attested,,
P388305,6.,P388305_13,ka,ka,unresolved,,,
P388305,6.,P388305_14,uga,|GA.NAGA|,compound,attested,OSL,
P388305,6.,P388305_14,ta,TA,atomic,attested,,
P388305,6.,P388305_15,ba,BA,atomic,attested,,
P388305,6.,P388305_15,da,DA,atomic,attested,,
P388305,6.,P388305_15,an,AN,atomic,attested,,
P388305,6.,P388305_15,šub,RU,atomic,attested,,
P388305,7.,P388305_16,me,ME,atomic,attested,,diš;d
P388305,7.,P388305_16,iškur,IM,atomic,attested,,diš;d
P388305,7.,P388305_17,nu,NU,atomic,attested,,
P388305,7.,P388305_17,gig,GIG,atomic,attested,,
P388305,8.,P388305_18,nam,NAM,atomic,attested,,
P388305,8.,P388305_18,dumu,TUR,atomic,attested,,
P388305,8.,P388305_18,ni,NI,atomic,attested,,
P388305,8.,P388305_18,še3,EŠ₂,atomic,attested,,
P388305,8.,P388305_19,šu,ŠU,atomic,attested,,
P388305,8.,P388305_20,ba,BA,atomic,attested,,
P388305,8.,P388305_20,an,AN,atomic,attested,,
P388305,8.,P388305_20,ti,TI,atomic,attested,,
P388305,9.,P388305_21,nam,NAM,atomic,attested,,
P388305,9.,P388305_21,ibila,|TUR.UŠ|,compound,attested,OSL,
P388305,9.,P388305_21,ni,NI,atomic,attested,,
P388305,9.,P388305_21,še3,EŠ₂,atomic,attested,,
P388305,9.,P388305_22,in,IN,atomic,attested,,
P388305,9.,P388305_22,gar,GAR,atomic,attested,,
P388305,10.,P388305_23,u4,UD,atomic,attested,,
P388305,10.,P388305_24,kur2,PAP,atomic,attested,,
P388305,10.,P388305_24,še3,EŠ₂,atomic,attested,,
P388305,10.,P388305_25,tukum,tukum,unresolved,,,
P388305,10.,P388305_25,bi,BI,atomic,attested,,
P388305,11.,P388305_26,me,ME,atomic,attested,,diš;d
P388305,11.,P388305_26,iškur,IM,atomic,attested,,diš;d
P388305,11.,P388305_27,nu,NU,atomic,attested,,
P388305,11.,P388305_27,gig,GIG,atomic,attested,,
P388305,12.,P388305_28,dumu,TUR,atomic,attested,,
P388305,12.,P388305_28,mu,MU,atomic,attested,,
P388305,12.,P388305_29,nu,NU,atomic,attested,,
P388305,12.,P388305_29,me,ME,atomic,attested,,
P388305,12.,P388305_29,en,EN,atomic,attested,,
P388305,12.,P388305_30,ba,BA,atomic,attested,,
P388305,12.,P388305_30,an-na,|AN.NA|,compound,attested,OSL,
P388305,12.,P388305_30,du11,du11,unresolved,,,
P388305,13.,P388305_31,e2,E₂,atomic,attested,,
P388305,13.,P388305_32,a,A,atomic,attested,,
P388305,13.,P388305_32,ša3,ŠA₃,atomic,attested,,
P388305,13.,P388305_33,kiri6,SAR,atomic,attested,,geš
P388305,13.,P388305_34,geme2,geme2,unresolved,,,
P388305,13.,P388305_35,ARAD2,|ARAD×KUR|,atomic,attested,,
P388305,14.,P388305_36,nig2,GAR,atomic,attested,,
P388305,14.,P388305_36,gur11,GA,atomic,attested,,
P388305,14.,P388305_36,ra,RA,atomic,attested,,
P388305,14.,P388305_37,u3,|IGI.DIB|,atomic,attested,,
P388305,14.,P388305_38,šu,ŠU,atomic,attested,,geš
P388305,14.,P388305_38,kar2,GAN₂@t,atomic,attested,,geš
P388305,15.,P388305_39,a,A,atomic,attested,,
P388305,15.,P388305_39,na,NA,atomic,attested,,
P388305,15.,P388305_40,gal2,IG,atomic,attested,,
P388305,15.,P388305_40,la,LA,atomic,attested,,
P388305,15.,P388305_40,am3,|A.AN|,compound,attested,OSL,
P388305,16.,P388305_41,ba,BA,atomic,attested,,
P388305,16.,P388305_41,ra,RA,atomic,attested,,
P388305,16.,P388305_41,an,AN,atomic,attested,,
P388305,16.,P388305_41,e11,|LAGAR@g.DU|,compound,attested,OSL,
P388305,16.,P388305_41,de3,NE,atomic,attested,,
P388305,17.,P388305_42,mu,MU,atomic,attested,,
P388305,17.,P388305_43,nanna,nanna,unresolved,,,d
P388305,17.,P388305_44,utu,UD,atomic,attested,,d
P388305,17.,P388305_45,u3,|IGI.DIB|,atomic,attested,,
P388305,17.,P388305_46,ri,RI,atomic,attested,,d;d
P388305,17.,P388305_46,im,IM,atomic,attested,,d;d
P388305,17.,P388305_46,suen,|EN.ZU|,compound,attested,OSL,d;d
P388305,17.,P388305_47,lugal,LUGAL,atomic,attested,,
P388305,17.,P388305_48,in,IN,atomic,attested,,
P388305,17.,P388305_48,pa3,PA3,atomic,attested,,
P388305,18.,P388305_49,2(iku),2(iku),numeral,,,
P388305,18.,P388305_50,kiri6,SAR,atomic,attested,,geš
P388305,18.,P388305_51,gešimmar,gešimmar,unresolved,,,geš
P388305,18.,P388305_52,ib2,TUM,atomic,attested,,
P388305,18.,P388305_52,sa2,DI,atomic,attested,,
P388305,19.,P388305_53,gu2,GU₂,atomic,attested,,
P388305,19.,P388305_54,i7,i7,unresolved,,,
P388305,19.,P388305_55,buranun,buranun,unresolved,,,
P388305,20.,P388305_56,us2,UŠ,atomic,attested,,
P388305,20.,P388305_56,sa,SA,atomic,attested,,
P388305,20.,P388305_56,du,DU,atomic,attested,,
P388305,20.,P388305_57,kiri6,SAR,atomic,attested,,geš
P388305,20.,P388305_58,nu,NU,atomic,attested,,
P388305,20.,P388305_58,ur2,UR₂,atomic,attested,,
P388305,20.,P388305_58,eš18-dar,|AŠ@t.DAR|,compound,attested,OSL,
P388305,21.,P388305_59,us2,UŠ,atomic,attested,,
P388305,21.,P388305_59,sa,SA,atomic,attested,,
P388305,21.,P388305_59,du,DU,atomic,attested,,
P388305,21.,P388305_60,2(diš),2(diš),unresolved,,,
P388305,21.,P388305_60,kam,|HI×BAD|,atomic,attested,,
P388305,21.,P388305_61,suen,|EN.ZU|,compound,attested,OSL,d
P388305,21.,P388305_61,a,A,atomic,attested,,d
P388305,21.,P388305_61,bu,BU,atomic,attested,,d
P388305,21.,P388305_61,šu,ŠU,atomic,attested,,d
P388305,22.,P388305_62,sag,SAG,atomic,attested,,
P388305,22.,P388305_62,bi,BI,atomic,attested,,
P388305,22.,P388305_63,kaskal,KASKAL,atomic,attested,,
P388305,23.,P388305_64,sag,SAG,atomic,attested,,
P388305,23.,P388305_64,bi,BI,atomic,attested,,
P388305,23.,P388305_65,2(diš),2(diš),unresolved,,,
P388305,23.,P388305_65,kam,|HI×BAD|,atomic,attested,,
P388305,23.,P388305_66,i3,NI,atomic,attested,,
P388305,23.,P388305_66,li2,NI,atomic,attested,,
P388305,23.,P388305_66,a,A,atomic,attested,,
P388305,23.,P388305_66,bi,BI,atomic,attested,,
P388305,1.,P388305_67,kiri6,SAR,atomic,attested,,geš
P388305,1.,P388305_68,utu,UD,atomic,attested,,d
P388305,1.,P388305_68,re,RI,atomic,attested,,d
P388305,1.,P388305_68,me,ME,atomic,attested,,d
P388305,1.,P388305_68,ni,NI,atomic,attested,,d
P388305,2.,P388305_69,ki,KI,atomic,attested,,
P388305,2.,P388305_70,utu,UD,atomic,attested,,d
P388305,2.,P388305_70,re,RI,atomic,attested,,d
P388305,2.,P388305_70,me,ME,atomic,attested,,d
P388305,2.,P388305_70,ni,NI,atomic,attested,,d
P388305,3.,P388305_71,lugal,LUGAL,atomic,attested,,
P388305,3.,P388305_72,kiri6,SAR,atomic,attested,,geš
P388305,3.,P388305_72,ke4,KID,atomic,attested,,geš
P388305,4.,P388305_73,,,unresolved,,,diš;d
P388305,4.,P388305_73,suen,|EN.ZU|,compound,attested,OSL,diš;d
P388305,4.,P388305_73,a,A,atomic,attested,,diš;d
P388305,4.,P388305_73,ša,ŠA,atomic,attested,,diš;d
P388305,4.,P388305_73,ri,RI,atomic,attested,,diš;d
P388305,4.,P388305_73,du,DU,atomic,attested,,diš;d
P388305,5.,P388305_74,in,IN,atomic,attested,,
P388305,5.,P388305_74,ši,IGI,atomic,attested,,
P388305,5.,P388305_74,sa10,|NINDA₂×ŠE|,atomic,attested,,
P388305,6.,P388305_75,1/3(diš),1/3(diš),numeral,,,
P388305,6.,P388305_76,ma,MA,atomic,attested,,
P388305,6.,P388305_76,na,NA,atomic,attested,,
P388305,6.,P388305_77,ku3-babbar,|KU₃.UD|,compound,attested,OSL,
P388305,6.,P388305_78,sa10,|NINDA₂×ŠE|,atomic,attested,,
P388305,6.,P388305_79,til,TIL,atomic,attested,,
P388305,6.,P388305_79,la,LA,atomic,attested,,
P388305,6.,P388305_79,bi,BI,atomic,attested,,
P388305,6.,P388305_79,še3,EŠ₂,atomic,attested,,
P388305,7.,P388305_80,in,IN,atomic,attested,,
P388305,7.,P388305_80,na,NA,atomic,attested,,
P388305,7.,P388305_80,an,AN,atomic,attested,,
P388305,7.,P388305_80,la2,LAL,atomic,attested,,
P388305,8.,P388305_81,u4,UD,atomic,attested,,
P388305,8.,P388305_82,kur2,PAP,atomic,attested,,
P388305,8.,P388305_82,še3,EŠ₂,atomic,attested,,
P388305,8.,P388305_83,u4,UD,atomic,attested,,
P388305,8.,P388305_84,nu,NU,atomic,attested,,
P388305,8.,P388305_84,me,ME,atomic,attested,,
P388305,8.,P388305_84,ak,AK,atomic,attested,,
P388305,8.,P388305_85,utu,UD,atomic,attested,,d
P388305,8.,P388305_85,re,RI,atomic,attested,,d
P388305,8.,P388305_85,me,ME,atomic,attested,,d
P388305,8.,P388305_85,ni,NI,atomic,attested,,d
P388305,9.,P388305_86,kiri6,SAR,atomic,attested,,geš
P388305,9.,P388305_86,mu,MU,atomic,attested,,geš
P388305,9.,P388305_87,nu,NU,atomic,attested,,
P388305,9.,P388305_87,ub,UB,atomic,attested,,
P388305,9.,P388305_87,be2,BI,atomic,attested,,
P388305,9.,P388305_87,a,A,atomic,attested,,
P388305,10.,P388305_88,mu,MU,atomic,attested,,
P388305,10.,P388305_89,nanna,nanna,unresolved,,,d
P388305,10.,P388305_90,utu,UD,atomic,attested,,d
P388305,10.,P388305_91,u3,|IGI.DIB|,atomic,attested,,
P388305,10.,P388305_92,ri,RI,atomic,attested,,d;d
P388305,10.,P388305_92,im,IM,atomic,attested,,d;d
P388305,10.,P388305_92,suen,|EN.ZU|,compound,attested,OSL,d;d
P388305,10.,P388305_93,lugal,LUGAL,atomic,attested,,
P388305,10.,P388305_94,in,IN,atomic,attested,,
P388305,10.,P388305_94,pa3,PA3,atomic,attested,,
P388305,11.,P388305_95,inim,inim,unresolved,,,
P388305,11.,P388305_96,gal2,IG,atomic,attested,,
P388305,11.,P388305_96,la,LA,atomic,attested,,
P388305,11.,P388305_97,kiri6,SAR,atomic,attested,,geš
P388305,11.,P388305_98,,,unresolved,,,diš;d
P388305,11.,P388305_98,utu,UD,atomic,attested,,diš;d
P388305,11.,P388305_98,re,RI,atomic,attested,,diš;d
P388305,11.,P388305_98,me,ME,atomic,attested,,diš;d
P388305,11.,P388305_98,ni,NI,atomic,attested,,diš;d
P388305,12.,P388305_99,ba,BA,atomic,attested,,
P388305,12.,P388305_99,ni,NI,atomic,attested,,
P388305,12.,P388305_99,ib,IB,atomic,attested,,
P388305,12.,P388305_99,gi4,GI₄,atomic,attested,,
P388305,12.,P388305_99,gi4,GI₄,atomic,attested,,
P200931,1.,P200931_1,1(diš),1(diš),numeral,,,
P200931,1.,P200931_2,maš,MAŠ,atomic,attested,,
P200931,1.,P200931_2,tab,TAB,atomic,attested,,
P200931,1.,P200931_2,ba,BA,atomic,attested,,
P200931,1.,P200931_3,kaš,BI,atomic,attested,,
P200931,1.,P200931_4,ninda,GAR,atomic,attested,,
P200931,1.,P200931_4,kam,|HI×BAD|,atomic,attested,,
P200931,2.,P200931_5,ni2,NI₂,atomic,attested,,
P200931,2.,P200931_6,ba,BA,atomic,attested,,
P200931,2.,P200931_6,an,AN,atomic,attested,,
P200931,2.,P200931_6,tuku,TUK,atomic,attested,,
P200931,3.,P200931_7,1(diš),1(diš),numeral,,,
P200931,3.,P200931_8,šeš,ŠEŠ,atomic,attested,,
P200931,3.,P200931_8,ba,BA,atomic,attested,,
P200931,3.,P200931_8,an,AN,atomic,attested,,
P200931,3.,P200931_8,tuku,TUK,atomic,attested,,
P200931,3.,P200931_9,šagina,ŠAGINA,atomic,attested,,
P200931,3.,P200931_10,iri,URU,atomic,attested,,ki
P200931,4.,P200931_11,en,EN,atomic,attested,,
P200931,4.,P200931_11,nu,NU,atomic,attested,,
P200931,4.,P200931_11,un,KALAM@g,atomic,attested,,
P200931,4.,P200931_11,še3,EŠ₂,atomic,attested,,
P200931,5.,P200931_12,x,X,atomic,attested,,
P200931,5.,P200931_13,i3,NI,atomic,attested,,
P200931,5.,P200931_13,in,IN,atomic,attested,,
P200931,5.,P200931_13,kux(KWU636),kux(KWU636),unresolved,,,
P200931,6.,P200931_14,…,…,broken,,,
P200931,6.,P200931_15,x,X,atomic,attested,,
P200931,6.,P200931_15,gi,GI,atomic,attested,,
P200931,6.,P200931_15,na,NA,atomic,attested,,
P200931,7.,P200931_16,…,…,broken,,,
P200931,7.,P200931_17,x,X,atomic,attested,,
P200931,7.,P200931_18,x,X,atomic,attested,,
P200931,7.,P200931_18,a,A,atomic,attested,,
P200931,7.,P200931_18,ni,NI,atomic,attested,,
P200931,7.,P200931_19,…,…,broken,,,
P200931,7.,P200931_20,x,X,atomic,attested,,
P200931,7.,P200931_21,x,X,atomic,attested,,
P200931,1'.,P200931_22,x,X,atomic,attested,,
P200931,1'.,P200931_23,…,…,broken,,,
P200931,2'.,P200931_24,x,X,atomic,attested,,
P200931,2'.,P200931_25,x,X,atomic,attested,,
P200931,2'.,P200931_26,…,…,broken,,,
P200931,3'.,P200931_27,x,X,atomic,attested,,
P200931,3'.,P200931_28,x,X,atomic,attested,,
P200931,3'.,P200931_29,…,…,broken,,,
P200931,4'.,P200931_30,x,X,atomic,attested,,
P200931,4'.,P200931_31,x,X,atomic,attested,,
P200931,4'.,P200931_32,…,…,broken,,,
P200931,5'.,P200931_33,x,X,atomic,attested,,
P200931,5'.,P200931_34,x,X,atomic,attested,,
P200931,5'.,P200931_35,…,…,broken,,,
P200931,6'.,P200931_36,x,X,atomic,attested,,
P200931,6'.,P200931_37,x,X,atomic,attested,,
P200931,6'.,P200931_38,…,…,broken,,,
P200932,1.,P200932_1,1(diš),1(diš),numeral,,,
P200932,1.,P200932_2,sag,SAG,atomic,attested,,
P200932,1.,P200932_2,nita2,ARAD,atomic,attested,,
P200932,2.,P200932_3,1(aš),1(aš),numeral,,,
P200932,2.,P200932_4,an,AN,atomic,attested,,
P200932,2.,P200932_4,ta,TA,atomic,attested,,
P200932,2.,P200932_4,lu2,LU₂,atomic,attested,,
P200932,3.,P200932_5,mu,MU,atomic,attested,,
P200932,3.,P200932_5,ni,NI,atomic,attested,,
P200932,3.,P200932_5,im,IM,atomic,attested,,
P200932,4.,P200932_6,ARAD2,|ARAD×KUR|,atomic,attested,,
P200932,4.,P200932_7,šeš,ŠEŠ,atomic,attested,,
P200932,4.,P200932_7,ba,BA,atomic,attested,,
P200932,4.,P200932_7,an,AN,atomic,attested,,
P200932,4.,P200932_7,tuku,TUK,atomic,attested,,
P200932,5.,P200932_8,ki,KI,atomic,attested,,
P200932,5.,P200932_9,šeš,ŠEŠ,atomic,attested,,
P200932,5.,P200932_9,ba,BA,atomic,attested,,
P200932,5.,P200932_9,an,AN,atomic,attested,,
P200932,5.,P200932_9,tuku,TUK,atomic,attested,,
P200932,6.,P200932_10,lugal,LUGAL,atomic,attested,,
P200932,6.,P200932_10,a,A,atomic,attested,,
P200932,6.,P200932_10,ni-ir,|NA₂.X|,compound,attested,OSL,
P200932,7.,P200932_11,ni2,NI₂,atomic,attested,,
P200932,7.,P200932_11,te,te,unresolved,,,
P200932,7.,P200932_11,a,A,atomic,attested,,
P200932,7.,P200932_11,ni,NI,atomic,attested,,
P200932,7.,P200932_12,in,IN,atomic,attested,,
P200932,7.,P200932_12,du8,DUH,atomic,attested,,
P200932,8.,P200932_13,sag,SAG,atomic,attested,,
P200932,8.,P200932_13,ki,KI,atomic,attested,,
P200932,8.,P200932_13,a,A,atomic,attested,,
P200932,8.,P200932_13,ni,NI,atomic,attested,,
P200932,8.,P200932_14,in,IN,atomic,attested,,
P200932,8.,P200932_14,babbar2,|UD.UD|,compound,attested,OSL,
P200932,8.,P200932_14,me,ME,atomic,attested,,
P200932,9.,P200932_15,geš,GIŠ,atomic,attested,,
P200932,9.,P200932_15,gal(GIR3),gal(GIR3),unresolved,,,
P200932,9.,P200932_15,a,A,atomic,attested,,
P200932,9.,P200932_15,ni,NI,atomic,attested,,
P200932,9.,P200932_16,in,IN,atomic,attested,,
P200932,9.,P200932_16,gum,GUM,atomic,attested,,
P200932,10.,P200932_17,amar,|AMAR×PAP|,compound,attested,OSL,
P200932,10.,P200932_17,gi,GI,atomic,attested,,
P200932,10.,P200932_17,a,A,atomic,attested,,
P200932,10.,P200932_17,ni,NI,atomic,attested,,
P200932,10.,P200932_18,in,IN,atomic,attested,,
P200932,10.,P200932_18,gar,GAR,atomic,attested,,
P200932,11.,P200932_19,…,…,broken,,,
P459060,1'.,P459060_1,…,…,broken,,,
P459060,1'.,P459060_2,x,X,atomic,attested,,
P459060,1'.,P459060_3,x,X,atomic,attested,,
P459060,1'.,P459060_4,x,X,atomic,attested,,
P459060,2'.,P459060_5,ki,KI,atomic,attested,,
P459060,2'.,P459060_6,1(diš),1(diš),numeral,,,
P459060,2'.,P459060_7,na,NA,atomic,attested,,d
P459060,2'.,P459060_7,bi,BI,atomic,attested,,d
P459060,2'.,P459060_7,en,EN,atomic,attested,,d
P459060,2'.,P459060_7,lil2,KID,atomic,attested,,d
P459060,2'.,P459060_7,ta,TA,atomic,attested,,d
P459060,3'.,P459060_8,1(diš),1(diš),numeral,,,
P459060,3'.,P459060_9,utu,UD,atomic,attested,,d
P459060,3'.,P459060_9,ba,BA,atomic,attested,,d
P459060,3'.,P459060_9,an,AN,atomic,attested,,d
P459060,3'.,P459060_9,e3,e3,unresolved,,,d
P459060,3'.,P459060_9,ke4,KID,atomic,attested,,d
P459060,4'.,P459060_10,šu,ŠU,atomic,attested,,
P459060,4'.,P459060_11,ba,BA,atomic,attested,,
P459060,4'.,P459060_11,an,AN,atomic,attested,,
P459060,4'.,P459060_11,ti,TI,atomic,attested,,
P459060,5'.,P459060_12,ša3,ŠA₃,atomic,attested,,
P459060,5'.,P459060_13,MUNUS,SAL,atomic,attested,,ša-kar
P459060,5'.,P459060_13,AŠ2,AŠ₂,atomic,attested,,ša-kar
P459060,5'.,P459060_13,KAR2,GAN₂@t,atomic,attested,,ša-kar
P459060,5'.,P459060_13,ka,ka,unresolved,,,ša-kar
P459060,6'.,P459060_14,1(aš),1(aš),numeral,,,
P459060,6'.,P459060_15,gur,GUR,atomic,attested,,
P459060,6'.,P459060_15,e,E,atomic,attested,,
P459060,6'.,P459060_16,ba,BA,atomic,attested,,x
P459060,6'.,P459060_16,tur,TUR,atomic,attested,,x
P459060,6'.,P459060_16,re,RI,atomic,attested,,x
P459060,6'.,P459060_16,ma,MA,atomic,attested,,x
P459060,7'.,P459060_17,ub,UB,atomic,attested,,
P459060,7'.,P459060_17,ta,TA,atomic,attested,,
P459060,7'.,P459060_17,an,AN,atomic,attested,,
P459060,7'.,P459060_17,zi,ZI,atomic,attested,,
P459060,8'.,P459060_18,3(u),3(u),numeral,,,
P459060,8'.,P459060_19,gur,GUR,atomic,attested,,
P459060,8'.,P459060_20,še,ŠE,atomic,attested,,
P459060,8'.,P459060_21,eštub,GUD,atomic,attested,,
P459060,9'.,P459060_22,2(u),2(u),numeral,,,
P459060,9'.,P459060_23,gur,GUR,atomic,attested,,
P459060,9'.,P459060_24,še,ŠE,atomic,attested,,
P459060,9'.,P459060_24,muš5,ŠEŠ,atomic,attested,,
P459060,10'.,P459060_25,kar,KAR,atomic,attested,,
P459060,10'.,P459060_25,ra,RA,atomic,attested,,
P459060,10'.,P459060_26,nibru,nibru,unresolved,,,ki
P459060,10'.,P459060_26,ka,ka,unresolved,,,ki
P459060,11'.,P459060_27,še,ŠE,atomic,attested,,
P459060,11'.,P459060_27,bi,BI,atomic,attested,,
P459060,11'.,P459060_28,al,AL,atomic,attested,,
P459060,11'.,P459060_28,ag2,|NINDA₂×NE|,atomic,attested,,
P459060,11'.,P459060_28,e,E,atomic,attested,,
P459060,1.,P459060_29,tukum,tukum,unresolved,,,
P459060,1.,P459060_29,bi,BI,atomic,attested,,
P459060,2.,P459060_30,kar,KAR,atomic,attested,,
P459060,2.,P459060_30,ra,RA,atomic,attested,,
P459060,2.,P459060_31,nibru,nibru,unresolved,,,ki
P459060,2.,P459060_31,ka,ka,unresolved,,,ki
P459060,3.,P459060_32,še,ŠE,atomic,attested,,
P459060,3.,P459060_32,bi,BI,atomic,attested,,
P459060,3.,P459060_33,la,LA,atomic,attested,,
P459060,3.,P459060_33,ba,BA,atomic,attested,,
P459060,3.,P459060_33,an,AN,atomic,attested,,
P459060,3.,P459060_33,ag2,|NINDA₂×NE|,atomic,attested,,
P459060,3.,P459060_33,e,E,atomic,attested,,
P459060,4.,P459060_34,šakanka,|KI.LAM|,compound,attested,OSL,
P459060,4.,P459060_34,ka,ka,unresolved,,,
P459060,4.,P459060_35,KAR2,GAN₂@t,atomic,attested,,
P459060,5.,P459060_36,al,AL,atomic,attested,,
P459060,5.,P459060_36,du,DU,atomic,attested,,
P459060,5.,P459060_36,a,A,atomic,attested,,
P459060,5.,P459060_36,gin7,DIM₂,atomic,attested,,
P459060,6.,P459060_37,ku3,KU₃,atomic,attested,,
P459060,6.,P459060_37,bi,BI,atomic,attested,,
P459060,6.,P459060_38,i3,NI,atomic,attested,,
P459060,6.,P459060_38,la2,LAL,atomic,attested,,
P459060,6.,P459060_38,e,E,atomic,attested,,
P459060,7.,P459060_39,lu2,LU₂,atomic,attested,,
P459060,7.,P459060_39,ki,KI,atomic,attested,,
P459060,7.,P459060_39,inim,inim,unresolved,,,
P459060,7.,P459060_39,ma,MA,atomic,attested,,
P459060,7.,P459060_39,,,unresolved,,,
P459060,8.,P459060_40,ka,ka,unresolved,,,
P459060,8.,P459060_41,mu,MU,atomic,attested,,
P459060,8.,P459060_41,bi,BI,atomic,attested,,
P200933,1.,P200933_1,1(diš),1(diš),numeral,,,
P200933,1.,P200933_2,a,A,atomic,attested,,
P200933,1.,P200933_2,ha,HA,atomic,attested,,
P200933,1.,P200933_2,am,|GUD×KUR|,atomic,attested,,
P200933,1.,P200933_2,mar(E),mar(E),unresolved,,,
P200933,1.,P200933_2,ši,IGI,atomic,attested,,
P200933,1.,P200933_3,1(diš),1(diš),numeral,,,
P200933,1.,P200933_4,sag,SAG,atomic,attested,,
P200933,1.,P200933_5,nita2,ARAD,atomic,attested,,
P200933,2.,P200933_6,1(diš),1(diš),numeral,,,
P200933,2.,P200933_7,an,AN,atomic,attested,,
P200933,2.,P200933_7,ta,TA,atomic,attested,,
P200933,2.,P200933_7,lu2,LU₂,atomic,attested,,
P200933,3.,P200933_8,mu,MU,atomic,attested,,
P200933,3.,P200933_8,ni,NI,atomic,attested,,
P200933,3.,P200933_8,im,IM,atomic,attested,,
P200933,4.,P200933_9,ARAD2,|ARAD×KUR|,atomic,attested,,
P200933,4.,P200933_10,šeš,ŠEŠ,atomic,attested,,
P200933,4.,P200933_10,ba,BA,atomic,attested,,
P200933,4.,P200933_10,an,AN,atomic,attested,,
P200933,4.,P200933_10,tuku,TUK,atomic,attested,,
P200933,5.,P200933_11,ki,KI,atomic,attested,,
P200933,5.,P200933_12,šeš,ŠEŠ,atomic,attested,,
P200933,5.,P200933_12,ba,BA,atomic,attested,,
P200933,5.,P200933_12,an,AN,atomic,attested,,
P200933,5.,P200933_12,tuku,TUK,atomic,attested,,
P200933,6.,P200933_13,lugal,LUGAL,atomic,attested,,
P200933,6.,P200933_13,a,A,atomic,attested,,
P200933,6.,P200933_13,ni-ir,|NA₂.X|,compound,attested,OSL,
P200933,7.,P200933_14,ni2,NI₂,atomic,attested,,
P200933,7.,P200933_14,te,te,unresolved,,,
P200933,7.,P200933_14,a,A,atomic,attested,,
P200933,7.,P200933_14,ni,NI,atomic,attested,,
P200933,7.,P200933_15,in,IN,atomic,attested,,
P200933,7.,P200933_15,du8,DUH,atomic,attested,,
P200933,8.,P200933_16,sag,SAG,atomic,attested,,
P200933,8.,P200933_16,ki,KI,atomic,attested,,
P200933,8.,P200933_16,a,A,atomic,attested,,
P200933,8.,P200933_16,ni,NI,atomic,attested,,
P200933,8.,P200933_17,in,IN,atomic,attested,,
P200933,8.,P200933_17,dadag,|UD.UD|,compound,attested,OSL,
P200933,9.,P200933_18,giri3,GIR₃,atomic,attested,,geš
P200933,9.,P200933_18,a,A,atomic,attested,,geš
P200933,9.,P200933_18,ni,NI,atomic,attested,,geš
P200933,9.,P200933_19,in,IN,atomic,attested,,
P200933,9.,P200933_19,gazx(KUM),gazx(KUM),unresolved,,,
P200933,10.,P200933_20,ama,|GA₂×AN|,atomic,attested,,
P200933,10.,P200933_20,ar,|IGI.RI|,atomic,attested,,
P200933,10.,P200933_20,gi4,GI₄,atomic,attested,,
P200933,10.,P200933_20,bi,BI,atomic,attested,,
P200933,10.,P200933_20,a,A,atomic,attested,,
P200933,10.,P200933_20,ni,NI,atomic,attested,,
P200933,10.,P200933_21,in,IN,atomic,attested,,
P200933,10.,P200933_21,gar,GAR,atomic,attested,,
P200933,11.,P200933_22,nam,NAM,atomic,attested,,d
P200933,11.,P200933_22,utu,UD,atomic,attested,,d
P200933,11.,P200933_22,še3,EŠ₂,atomic,attested,,d
P200933,11.,P200933_23,in,IN,atomic,attested,,
P200933,11.,P200933_23,na,NA,atomic,attested,,
P200933,11.,P200933_23,an,AN,atomic,attested,,
P200933,11.,P200933_23,ba,BA,atomic,attested,,
P200933,12.,P200933_24,en,EN,atomic,attested,,
P200933,12.,P200933_24,nam,NAM,atomic,attested,,
P200933,12.,P200933_25,šeš,ŠEŠ,atomic,attested,,
P200933,12.,P200933_25,ba,BA,atomic,attested,,
P200933,12.,P200933_25,an,AN,atomic,attested,,
P200933,12.,P200933_25,tuku,TUK,atomic,attested,,
P200933,13.,P200933_26,al,AL,atomic,attested,,
P200933,13.,P200933_26,til,TIL,atomic,attested,,
P200933,13.,P200933_26,la,LA,atomic,attested,,
P200933,13.,P200933_26,bi,BI,atomic,attested,,
P200933,13.,P200933_26,še3,EŠ₂,atomic,attested,,
P200933,13.,P200933_27,in,IN,atomic,attested,,
P200933,13.,P200933_27,…,…,broken,,,
P200933,13.,P200933_28,AN,AN,atomic,attested,,
P200933,13.,P200933_29,ME,ME,atomic,attested,,
P200933,13.,P200933_30,ga6,ga6,unresolved,,,
P200933,13.,P200933_30,ga6,ga6,unresolved,,,
P200933,1.,P200933_31,egir,EGIR,atomic,attested,,
P200933,1.,P200933_32,šeš,ŠEŠ,atomic,attested,,
P200933,1.,P200933_32,ba,BA,atomic,attested,,
P200933,1.,P200933_32,an,AN,atomic,attested,,
P200933,1.,P200933_32,tuku,TUK,atomic,attested,,
P200933,1.,P200933_33,ba,BA,atomic,attested,,
P200933,1.,P200933_33,uš2,UŠ₂,atomic,attested,,
P200933,2.,P200933_34,dumu,TUR,atomic,attested,,
P200933,2.,P200933_34,me,ME,atomic,attested,,
P200933,2.,P200933_35,šeš,ŠEŠ,atomic,attested,,
P200933,2.,P200933_35,ba,BA,atomic,attested,,
P200933,2.,P200933_35,an,AN,atomic,attested,,
P200933,2.,P200933_35,tuku,TUK,atomic,attested,,
P200933,3.,P200933_36,nam,NAM,atomic,attested,,
P200933,3.,P200933_36,an,AN,atomic,attested,,
P200933,3.,P200933_36,ta,TA,atomic,attested,,
P200933,3.,P200933_36,lu2,LU₂,atomic,attested,,
P200933,4.,P200933_37,ARAD2,|ARAD×KUR|,atomic,attested,,
P200933,4.,P200933_37,mu,MU,atomic,attested,,
P200933,4.,P200933_38,mu,MU,atomic,attested,,
P200933,4.,P200933_38,un,KALAM@g,atomic,attested,,
P200933,4.,P200933_38,du11,du11,unresolved,,,
P200933,4.,P200933_38,a,A,atomic,attested,,
P200933,5.,P200933_39,2(diš),2(diš),numeral,,,
P200933,5.,P200933_40,ma,MA,atomic,attested,,
P200933,5.,P200933_40,na,NA,atomic,attested,,
P200933,5.,P200933_41,ku3-babbar,|KU₃.UD|,compound,attested,OSL,
P200933,6.,P200933_42,i3,NI,atomic,attested,,
P200933,6.,P200933_42,la2,LAL,atomic,attested,,
P200933,6.,P200933_42,e,E,atomic,attested,,
P200933,7.,P200933_43,lu2,LU₂,atomic,attested,,
P200933,7.,P200933_43,ki,KI,atomic,attested,,
P200933,7.,P200933_43,inim,inim,unresolved,,,
P200933,7.,P200933_43,ma,MA,atomic,attested,,
P200933,8.,P200933_44,iti,UD×U+U+U,atomic,attested,,
P200933,8.,P200933_44,bi,BI,atomic,attested,,
P200933,8.,P200933_45,u,U,atomic,attested,,
P200933,8.,P200933_46,mu,MU,atomic,attested,,
P200933,8.,P200933_46,bi,BI,atomic,attested,,
P368911,1.,P368911_1,8(diš),8(diš),numeral,,,
P368911,1.,P368911_2,gin2,DUN₃@g,atomic,attested,,
P368911,1.,P368911_3,ku3-babbar,|KU₃.UD|,compound,attested,OSL,
P368911,2.,P368911_4,ki,KI,atomic,attested,,
P368911,2.,P368911_5,a,A,atomic,attested,,
P368911,2.,P368911_5,li2,NI,atomic,attested,,
P368911,2.,P368911_5,DINGIR,AN,atomic,attested,,
P368911,2.,P368911_5,ta,TA,atomic,attested,,
P368911,3.,P368911_6,1(diš),1(diš),numeral,,,
P368911,3.,P368911_7,i,I,atomic,attested,,d
P368911,3.,P368911_7,din,DIN,atomic,attested,,d
P368911,3.,P368911_7,šamkan,šamkan,unresolved,,,d
P368911,3.,P368911_7,ke4,KID,atomic,attested,,d
P368911,4.,P368911_8,šu,ŠU,atomic,attested,,
P368911,4.,P368911_9,ba,BA,atomic,attested,,
P368911,4.,P368911_9,an,AN,atomic,attested,,
P368911,4.,P368911_9,ti,TI,atomic,attested,,
P368911,5.,P368911_10,maš2,KUN,atomic,attested,,
P368911,5.,P368911_10,bi,BI,atomic,attested,,
P368911,5.,P368911_10,še3,EŠ₂,atomic,attested,,
P368911,5.,P368911_11,1(diš),1(diš),numeral,,,
P368911,5.,P368911_12,sag,SAG,atomic,attested,,
P368911,5.,P368911_12,geme2,geme2,unresolved,,,
P368911,6.,P368911_13,a,A,atomic,attested,,d
P368911,6.,P368911_13,ma,MA,atomic,attested,,d
P368911,6.,P368911_13,at,AD,atomic,attested,,d
P368911,6.,P368911_13,šamkan,šamkan,unresolved,,,d
P368911,7.,P368911_14,mu,MU,atomic,attested,,
P368911,7.,P368911_14,ni,NI,atomic,attested,,
P368911,7.,P368911_14,im,IM,atomic,attested,,
P368911,8.,P368911_15,i,I,atomic,attested,,d
P368911,8.,P368911_15,din,DIN,atomic,attested,,d
P368911,8.,P368911_15,šamkan,šamkan,unresolved,,,d
P368911,9.,P368911_16,mu,MU,atomic,attested,,
P368911,9.,P368911_16,na,NA,atomic,attested,,
P368911,9.,P368911_16,an,AN,atomic,attested,,
P368911,9.,P368911_16,sum,sum,unresolved,,,
P368911,9.,P368911_16,mu,MU,atomic,attested,,
P368911,1'.,P368911_17,4(barig),4(barig),numeral,,,
P368911,1'.,P368911_18,še,ŠE,atomic,attested,,
P368911,2'.,P368911_19,1(aš),1(aš),numeral,,,
P368911,2'.,P368911_20,gur,GUR,atomic,attested,,
P368911,3'.,P368911_21,1(aš),1(aš),numeral,,,
P368911,3'.,P368911_22,1(barig),1(barig),numeral,,,
P368911,3'.,P368911_23,gur,GUR,atomic,attested,,
P368911,4'.,P368911_24,1(aš),1(aš),numeral,,,
P368911,4'.,P368911_25,2(barig),2(barig),numeral,,,
P368911,4'.,P368911_26,gur,GUR,atomic,attested,,
P368911,5'.,P368911_27,1(aš),1(aš),numeral,,,
P368911,5'.,P368911_28,3(barig),3(barig),numeral,,,
P368911,5'.,P368911_29,gur,GUR,atomic,attested,,
P368911,1'.,P368911_30,1(geš2),1(geš2),numeral,,,
P368911,1'.,P368911_31,gur,GUR,atomic,attested,,
P368911,2'.,P368911_32,1(geš2),1(geš2),numeral,,,
P368911,2'.,P368911_33,1(u),1(u),numeral,,,
P368911,2'.,P368911_34,gur,GUR,atomic,attested,,
P368911,3'.,P368911_35,1(geš2),1(geš2),numeral,,,
P368911,3'.,P368911_36,2(u),2(u),numeral,,,
P368911,3'.,P368911_37,gur,GUR,atomic,attested,,
P368911,4'.,P368911_38,1(geš2),1(geš2),numeral,,,
P368911,4'.,P368911_39,3(u),3(u),numeral,,,
P368911,4'.,P368911_40,gur,GUR,atomic,attested,,
P368911,5'.,P368911_41,1(geš2),1(geš2),numeral,,,
P368911,5'.,P368911_42,4(u),4(u),numeral,,,
P368911,5'.,P368911_43,gur,GUR,atomic,attested,,
P368911,6'.,P368911_44,1(geš2),1(geš2),numeral,,,
P368911,6'.,P368911_45,5(u),5(u),numeral,,,
P368911,6'.,P368911_46,gur,GUR,atomic,attested,,
P283687,1.,P283687_1,1(barig),1(barig),numeral,,,
P283687,1.,P283687_2,2(ban2),2(ban2),numeral,,,
P283687,1.,P283687_3,UŠ,UŠ,atomic,attested,,
P283687,1.,P283687_3,UD,UD,atomic,attested,,
P283687,1.,P283687_3,hi,HI,atomic,attested,,
P283687,1.,P283687_3,a,A,atomic,attested,,
P283687,2.,P283687_4,šu,ŠU,atomic,attested,,
P283687,2.,P283687_4,la2,LAL,atomic,attested,,
P283687,3.,P283687_5,ki,KI,atomic,attested,,
P283687,3.,P283687_6,ib,IB,atomic,attested,,
P283687,3.,P283687_6,ni,NI,atomic,attested,,
P283687,3.,P283687_6,x,X,atomic,attested,,
P283687,4.,P283687_7,ga,GA,atomic,attested,,diš
P283687,4.,P283687_7,mi,MI,atomic,attested,,diš
P283687,4.,P283687_7,il,IL,atomic,attested,,diš
P283687,4.,P283687_7,tum,TUM,atomic,attested,,diš
P283687,5.,P283687_8,u3,|IGI.DIB|,atomic,attested,,
P283687,5.,P283687_9,a,A,atomic,attested,,d
P283687,5.,P283687_9,ma,MA,atomic,attested,,d
P283687,5.,P283687_9,at,AD,atomic,attested,,d
P283687,5.,P283687_9,suen,|EN.ZU|,compound,attested,OSL,d
P283687,6.,P283687_10,šu,ŠU,atomic,attested,,
P283687,6.,P283687_11,ba,BA,atomic,attested,,
P283687,6.,P283687_11,an,AN,atomic,attested,,
P283687,6.,P283687_11,ti,TI,atomic,attested,,
P283687,6.,P283687_11,eš,|U.U.U|,atomic,attested,,
P283687,7.,P283687_12,iti,UD×U+U+U,atomic,attested,,
P283687,7.,P283687_13,sig4,SIG₄,atomic,attested,,
P283687,7.,P283687_13,a,A,atomic,attested,,
P283687,7.,P283687_13,še3,EŠ₂,atomic,attested,,
P283687,8.,P283687_14,e2,E₂,atomic,attested,,
P283687,8.,P283687_15,šakanka,|KI.LAM|,compound,attested,OSL,
P283687,8.,P283687_15,še3,EŠ₂,atomic,attested,,
P283687,1.,P283687_16,in,IN,atomic,attested,,
P283687,1.,P283687_16,na,NA,atomic,attested,,
P283687,1.,P283687_16,ab,AB,atomic,attested,,
P283687,1.,P283687_16,šid,šid,unresolved,,,
P283687,1.,P283687_16,ne,NE,atomic,attested,,
P283687,2.,P283687_17,tukum,tukum,unresolved,,,
P283687,2.,P283687_17,bi,BI,atomic,attested,,
P283687,3.,P283687_18,iti,UD×U+U+U,atomic,attested,,
P283687,3.,P283687_19,sig4,SIG₄,atomic,attested,,
P283687,3.,P283687_19,a,A,atomic,attested,,
P283687,3.,P283687_19,še3,EŠ₂,atomic,attested,,
P283687,3.,P283687_20,UŠ,UŠ,atomic,attested,,
P283687,3.,P283687_20,UD,UD,atomic,attested,,
P283687,3.,P283687_20,hi,HI,atomic,attested,,
P283687,3.,P283687_20,a,A,atomic,attested,,
P283687,4.,P283687_21,la,LA,atomic,attested,,
P283687,4.,P283687_21,ba,BA,atomic,attested,,
P283687,4.,P283687_21,ab,AB,atomic,attested,,
P283687,4.,P283687_21,šid,šid,unresolved,,,
P283687,4.,P283687_21,eš,|U.U.U|,atomic,attested,,
P283687,5.,P283687_22,maš2,KUN,atomic,attested,,
P283687,5.,P283687_23,1(aš),1(aš),numeral,,,
P283687,5.,P283687_24,gur,GUR,atomic,attested,,
P283687,5.,P283687_25,4(ban2),4(ban2),unresolved,,,
P283687,5.,P283687_25,ta,TA,atomic,attested,,
P283687,6.,P283687_26,ba,BA,atomic,attested,,
P283687,6.,P283687_26,ab,AB,atomic,attested,,
P283687,6.,P283687_26,dah,|MU&MU|,atomic,attested,,
P283687,6.,P283687_26,e,E,atomic,attested,,
P283687,6.,P283687_26,ne,NE,atomic,attested,,
P283687,7.,P283687_27,mu,MU,atomic,attested,,
P283687,7.,P283687_28,lugal,LUGAL,atomic,attested,,
P283687,7.,P283687_28,bi,BI,atomic,attested,,
P283687,7.,P283687_29,in,IN,atomic,attested,,
P283687,7.,P283687_29,pa3,PA3,atomic,attested,,
P283687,8.,P283687_30,igi,IGI,atomic,attested,,
P283687,8.,P283687_31,lu2,LU₂,atomic,attested,,
P283687,8.,P283687_31,inim,inim,unresolved,,,
P283687,8.,P283687_31,da,DA,atomic,attested,,
P283687,8.,P283687_31,zi,ZI,atomic,attested,,
P283687,8.,P283687_31,gal,GAL,atomic,attested,,
P283685,1.,P283685_1,1(u),1(u),numeral,,,
P283685,1.,P283685_2,2(diš),2(diš),numeral,,,
P283685,1.,P283685_3,gin2,DUN₃@g,atomic,attested,,
P283685,1.,P283685_4,ku3-babbar,|KU₃.UD|,compound,attested,OSL,
P283685,2.,P283685_5,ki,KI,atomic,attested,,
P283685,2.,P283685_6,suen,|EN.ZU|,compound,attested,OSL,d
P283685,2.,P283685_6,ma,MA,atomic,attested,,d
P283685,2.,P283685_6,an,AN,atomic,attested,,d
P283685,2.,P283685_6,šum2,šum2,unresolved,,,d
P283685,3.,P283685_7,ba,BA,atomic,attested,,diš
P283685,3.,P283685_7,a,A,atomic,attested,,diš
P283685,3.,P283685_7,a,A,atomic,attested,,diš
P283685,3.,P283685_7,mu,MU,atomic,attested,,diš
P283685,4.,P283685_8,šu,ŠU,atomic,attested,,
P283685,4.,P283685_9,ba,BA,atomic,attested,,
P283685,4.,P283685_9,an,AN,atomic,attested,,
P283685,4.,P283685_9,ti,TI,atomic,attested,,
P283685,5.,P283685_10,1(diš),1(diš),numeral,,,
P283685,5.,P283685_11,sag,SAG,atomic,attested,,
P283685,5.,P283685_11,munus,SAL,atomic,attested,,
P283685,6.,P283685_12,ša,ŠA,atomic,attested,,d
P283685,6.,P283685_12,at,AD,atomic,attested,,d
P283685,6.,P283685_12,utu,UD,atomic,attested,,d
P283685,6.,P283685_13,mu,MU,atomic,attested,,
P283685,6.,P283685_13,ni,NI,atomic,attested,,
P283685,7.,P283685_14,ku3,KU₃,atomic,attested,,
P283685,7.,P283685_14,ta,TA,atomic,attested,,
P283685,7.,P283685_15,gub,DU,atomic,attested,,
P283685,7.,P283685_15,ba,BA,atomic,attested,,
P283685,8.,P283685_16,in,IN,atomic,attested,,
P283685,8.,P283685_16,na,NA,atomic,attested,,
P283685,8.,P283685_16,an,AN,atomic,attested,,
P283685,8.,P283685_16,gub,DU,atomic,attested,,
P283685,8.,P283685_16,bu,BU,atomic,attested,,
P283685,9.,P283685_17,u4,UD,atomic,attested,,
P283685,9.,P283685_18,1(diš),DIŠ,atomic,attested,,
P283685,9.,P283685_18,kam,|HI×BAD|,atomic,attested,,
P283685,10.,P283685_19,1(ban2),1(ban2),numeral,,,
P283685,10.,P283685_20,še,ŠE,atomic,attested,,
P283685,10.,P283685_20,ta,TA,atomic,attested,,
P283685,10.,P283685_20,am3,|A.AN|,compound,attested,OSL,
P283685,11.,P283685_21,zi3,ZI₃,atomic,attested,,
P283685,11.,P283685_22,ar3,ar3,unresolved,,,
P283685,11.,P283685_22,ra,RA,atomic,attested,,
P283685,12.,P283685_23,giri3,GIR₃,atomic,attested,,
P283685,12.,P283685_23,ni,NI,atomic,attested,,
P283685,12.,P283685_24,luh,LUH,atomic,attested,,
P283685,12.,P283685_24,ha,HA,atomic,attested,,
P283685,13.,P283685_25,ša3,ŠA₃,atomic,attested,,
P283685,13.,P283685_26,šeg3,|A.AN|,compound,attested,OSL,
P283685,13.,P283685_27,a,A,atomic,attested,,
P283685,13.,P283685_27,kum2,NE,atomic,attested,,
P283685,13.,P283685_28,ib2,TUM,atomic,attested,,
P283685,13.,P283685_28,si,SI,atomic,attested,,
P283685,14.,P283685_29,tukum,tukum,unresolved,,,
P283685,14.,P283685_29,bi,BI,atomic,attested,,
P283685,15.,P283685_30,ugu,ugu,unresolved,,,
P283685,15.,P283685_31,eš2,EŠ₂,atomic,attested,,
P283685,15.,P283685_31,gar3,GAR₃,atomic,attested,,
P283685,15.,P283685_31,a,A,atomic,attested,,
P283685,15.,P283685_31,ni,NI,atomic,attested,,
P283685,16.,P283685_32,eš2,EŠ₂,atomic,attested,,
P283685,16.,P283685_32,gar3,GAR₃,atomic,attested,,
P283685,16.,P283685_33,si,SI,atomic,attested,,
P283685,16.,P283685_33,ga,GA,atomic,attested,,
P283685,17.,P283685_34,in,IN,atomic,attested,,
P283685,17.,P283685_34,na,NA,atomic,attested,,
P283685,17.,P283685_34,an,AN,atomic,attested,,
P283685,17.,P283685_34,šum2,šum2,unresolved,,,
P283685,18.,P283685_35,zi,ZI,atomic,attested,,
P283685,18.,P283685_35,re,RI,atomic,attested,,
P283685,18.,P283685_35,dam,DAM,atomic,attested,,
P283685,1.,P283685_36,ka,ka,unresolved,,,
P283685,1.,P283685_36,keš2_,keš2_,unresolved,,,
P283685,1.,P283685_36,ri,RI,atomic,attested,,
P283685,1.,P283685_36,ša,ŠA,atomic,attested,,
P283685,1.,P283685_36,ma,MA,atomic,attested,,
P283685,2.,P283685_37,,,unresolved,,,diš;d
P283685,2.,P283685_37,suen,|EN.ZU|,compound,attested,OSL,diš;d
P283685,2.,P283685_37,ma,MA,atomic,attested,,diš;d
P283685,2.,P283685_37,an,AN,atomic,attested,,diš;d
P283685,2.,P283685_37,šum2,šum2,unresolved,,,diš;d
P283685,3.,P283685_38,ba,BA,atomic,attested,,diš
P283685,3.,P283685_38,a,A,atomic,attested,,diš
P283685,3.,P283685_38,a,A,atomic,attested,,diš
P283685,3.,P283685_38,mu,MU,atomic,attested,,diš
P283685,4.,P283685_39,1/3(diš),1/3(diš),numeral,,,
P283685,4.,P283685_40,ma,MA,atomic,attested,,
P283685,4.,P283685_40,na,NA,atomic,attested,,
P283685,4.,P283685_41,i3,NI,atomic,attested,,
P283685,4.,P283685_41,la2,LAL,atomic,attested,,
P283685,4.,P283685_41,e,E,atomic,attested,,
P283685,5.,P283685_42,1/3(diš),1/3(diš),numeral,,,
P283685,5.,P283685_43,ma,MA,atomic,attested,,
P283685,5.,P283685_43,na,NA,atomic,attested,,
P283685,5.,P283685_44,1(diš),1(diš),numeral,,,
P283685,5.,P283685_45,gin2,DUN₃@g,atomic,attested,,
P283685,5.,P283685_46,ku3-babbar,|KU₃.UD|,compound,attested,OSL,
P283685,6.,P283685_47,maš2,KUN,atomic,attested,,
P283685,6.,P283685_48,nu,NU,atomic,attested,,
P283685,6.,P283685_48,tuku,TUK,atomic,attested,,
P283685,7.,P283685_49,ki_,ki_,unresolved,,,
P283685,7.,P283685_50,i3,NI,atomic,attested,,
P283685,7.,P283685_50,li2,NI,atomic,attested,,
P283685,7.,P283685_50,x,X,atomic,attested,,
P283685,7.,P283685_50,da,DA,atomic,attested,,
P283685,7.,P283685_50,UD,UD,atomic,attested,,
P283685,8.,P283685_51,,,unresolved,,,diš;d
P283685,8.,P283685_51,utu,UD,atomic,attested,,diš;d
P283685,8.,P283685_51,ra,RA,atomic,attested,,diš;d
P283685,8.,P283685_51,bi,BI,atomic,attested,,diš;d
P283685,9.,P283685_52,šu,ŠU,atomic,attested,,
P283685,9.,P283685_53,ba,BA,atomic,attested,,
P283685,9.,P283685_53,an,AN,atomic,attested,,
P283685,9.,P283685_53,ti,TI,atomic,attested,,
P283685,10.,P283685_54,ku3,KU₃,atomic,attested,,
P283685,10.,P283685_55,ku3,KU₃,atomic,attested,,
P283685,10.,P283685_55,da,DA,atomic,attested,,
P283685,10.,P283685_56,ba,BA,atomic,attested,,
P283685,10.,P283685_56,an,AN,atomic,attested,,
P283685,10.,P283685_56,da,DA,atomic,attested,,
P283685,10.,P283685_56,sa2,DI,atomic,attested,,
P283685,10.,P283685_56,a,A,atomic,attested,,
P283685,11.,P283685_57,mu,MU,atomic,attested,,
P283685,11.,P283685_58,ku3,KU₃,atomic,attested,,
P283685,11.,P283685_59,ku3,KU₃,atomic,attested,,
P283685,11.,P283685_59,da,DA,atomic,attested,,
P283685,11.,P283685_60,ba,BA,atomic,attested,,
P283685,11.,P283685_60,an,AN,atomic,attested,,
P283685,11.,P283685_60,da,DA,atomic,attested,,
P283685,11.,P283685_60,sa2,DI,atomic,attested,,
P283685,11.,P283685_60,a,A,atomic,attested,,
P283685,12.,P283685_61,mu,MU,atomic,attested,,
P283685,12.,P283685_61,a,A,atomic,attested,,
P283685,12.,P283685_62,7(diš),7(diš),numeral,,,
P283685,12.,P283685_63,gin2,DUN₃@g,atomic,attested,,
P283685,12.,P283685_64,ku3-babbar,|KU₃.UD|,compound,attested,OSL,
P283685,12.,P283685_64,ta,TA,atomic,attested,,
P283685,12.,P283685_64,a,A,atomic,attested,,
P283685,13.,P283685_65,ib2,TUM,atomic,attested,,
P283685,13.,P283685_65,ta,TA,atomic,attested,,
P283685,13.,P283685_65,ba,BA,atomic,attested,,
P283685,13.,P283685_65,ba,BA,atomic,attested,,
P283685,13.,P283685_65,e,E,atomic,attested,,
P283685,14.,P283685_66,mu,MU,atomic,attested,,
P283685,14.,P283685_67,3(diš),3(DIŠ),atomic,attested,,
P283685,14.,P283685_67,kam,|HI×BAD|,atomic,attested,,
P283685,14.,P283685_67,ma,MA,atomic,attested,,
P283685,14.,P283685_67,ta,TA,atomic,attested,,
P283685,15.,P283685_68,i,I,atomic,attested,,
P283685,15.,P283685_68,ni,NI,atomic,attested,,
P283685,15.,P283685_68,in,IN,atomic,attested,,
P283685,15.,P283685_68,til,TIL,atomic,attested,,
P283685,1'.,P283685_69,iti,UD×U+U+U,atomic,attested,,
P283685,1'.,P283685_70,sig4,SIG₄,atomic,attested,,
P283685,1'.,P283685_70,a,A,atomic,attested,,
P283685,1'.,P283685_71,u4,UD,atomic,attested,,
P283685,1'.,P283685_72,1(u),1(u),numeral,,,
P283685,1'.,P283685_73,3(diš),3(DIŠ),atomic,attested,,
P283685,1'.,P283685_73,kam,|HI×BAD|,atomic,attested,,
P283685,1'.,P283685_74,ba,BA,atomic,attested,,
P283685,1'.,P283685_74,zal,NI,atomic,attested,,
P283685,2.,P283685_75,mu,MU,atomic,attested,,
P283685,2.,P283685_76,us2,UŠ,atomic,attested,,
P283685,2.,P283685_76,sa,SA,atomic,attested,,
P283685,2.,P283685_77,6(diš),6(DIŠ),atomic,attested,,
P283685,2.,P283685_77,kam,|HI×BAD|,atomic,attested,,
P283685,2.,P283685_77,ma,MA,atomic,attested,,
P283685,2.,P283685_78,i3,NI,atomic,attested,,ki
P283685,2.,P283685_78,si,SI,atomic,attested,,ki
P283685,2.,P283685_78,in,IN,atomic,attested,,ki
P283685,2.,P283685_79,in,IN,atomic,attested,,
P283685,2.,P283685_79,dab,DIB,atomic,attested,,
P283685,2.,P283685_79,ba,BA,atomic,attested,,
P283689,1.,P283689_1,5(diš),5(diš),numeral,,,
P283689,1.,P283689_2,gin2,DUN₃@g,atomic,attested,,
P283689,1.,P283689_3,ku3-babbar,|KU₃.UD|,compound,attested,OSL,
P283689,2.,P283689_4,nam,NAM,atomic,attested,,
P283689,2.,P283689_5,inim,inim,unresolved,,,
P283689,2.,P283689_6,sa6,sa6,unresolved,,,
P283689,2.,P283689_6,sa6,sa6,unresolved,,,
P283689,2.,P283689_6,ge,GI,atomic,attested,,
P283689,2.,P283689_6,de3,NE,atomic,attested,,
P283689,3.,P283689_7,ki,KI,atomic,attested,,
P283689,3.,P283689_8,dim,DIM,atomic,attested,,
P283689,3.,P283689_8,ur4,UR₄,atomic,attested,,
P283689,3.,P283689_8,lam,LAM,atomic,attested,,
P283689,3.,P283689_8,an,AN,atomic,attested,,
P283689,4.,P283689_9,da,DA,atomic,attested,,diš
P283689,4.,P283689_9,arhuš,|GA₂×SAL|,atomic,attested,,diš
P283689,4.,P283689_9,ak,AK,atomic,attested,,diš
P283689,4.,P283689_9,im,IM,atomic,attested,,diš
P283689,5.,P283689_10,šu,ŠU,atomic,attested,,
P283689,5.,P283689_11,ba,BA,atomic,attested,,
P283689,5.,P283689_11,an,AN,atomic,attested,,
P283689,5.,P283689_11,ti,TI,atomic,attested,,
P283689,6.,P283689_12,ki,KI,atomic,attested,,
P283689,6.,P283689_13,AN,AN,atomic,attested,,
P283689,6.,P283689_13,KAL,KAL,atomic,attested,,
P283689,6.,P283689_13,bi,BI,atomic,attested,,
P283689,6.,P283689_13,še3,EŠ₂,atomic,attested,,
P283689,7.,P283689_14,šu,ŠU,atomic,attested,,
P283689,7.,P283689_15,ba,BA,atomic,attested,,
P283689,7.,P283689_15,an,AN,atomic,attested,,
P283689,7.,P283689_15,ti,TI,atomic,attested,,
P283689,8.,P283689_16,ku3,KU₃,atomic,attested,,
P283689,8.,P283689_17,gur,GUR,atomic,attested,,
P283689,8.,P283689_17,ru,RU,atomic,attested,,
P283689,8.,P283689_17,dam,DAM,atomic,attested,,
P283689,9.,P283689_18,mu,MU,atomic,attested,,
P283689,9.,P283689_19,lugal,LUGAL,atomic,attested,,
P283689,9.,P283689_19,bi,BI,atomic,attested,,
P283689,9.,P283689_20,in,IN,atomic,attested,,
P283689,9.,P283689_20,pa3,PA3,atomic,attested,,
P283689,10.,P283689_21,1(diš),1(diš),numeral,,,
P283689,10.,P283689_22,ma,MA,atomic,attested,,
P283689,10.,P283689_22,na,NA,atomic,attested,,
P283689,10.,P283689_23,ku3-babbar,|KU₃.UD|,compound,attested,OSL,
P283689,11.,P283689_24,ša3,ŠA₃,atomic,attested,,
P283689,11.,P283689_25,1/2(diš),1/2(diš),numeral,,,
P283689,11.,P283689_26,utu,UD,atomic,attested,,+ši
P283689,12.,P283689_27,1/2(diš),1/2(diš),numeral,,,
P283689,12.,P283689_28,ma,MA,atomic,attested,,
P283689,12.,P283689_28,na,NA,atomic,attested,,
P283689,12.,P283689_29,ku3-babbar,|KU₃.UD|,compound,attested,OSL,
P283689,13.,P283689_30,bar,BAR,atomic,attested,,
P283689,13.,P283689_30,ta,TA,atomic,attested,,
P283689,14.,P283689_31,na4,DAG₃,atomic,attested,,
P283689,14.,P283689_32,sag10,|IGI.ERIN₂|,compound,attested,OSL,
P283689,1.,P283689_33,u3(KI),u3(KI),unresolved,,,
P283689,1.,P283689_34,nig2,GAR,atomic,attested,,
P283689,1.,P283689_34,nam,NAM,atomic,attested,,
P283689,1.,P283689_34,ma,MA,atomic,attested,,
P283689,2.,P283689_35,sa10,|NINDA₂×ŠE|,atomic,attested,,
P283689,2.,P283689_35,sa10,|NINDA₂×ŠE|,atomic,attested,,
P283689,2.,P283689_35,de3,NE,atomic,attested,,
P283689,3.,P283689_36,kaskal,KASKAL,atomic,attested,,
P283689,3.,P283689_37,x,X,atomic,attested,,d
P283689,3.,P283689_37,utu,UD,atomic,attested,,d
P283689,3.,P283689_37,na,NA,atomic,attested,,d
P283689,4.,P283689_38,ki,KI,atomic,attested,,
P283689,4.,P283689_39,ṭa,ṭa,unresolved,,,
P283689,4.,P283689_39,ab2,AB₂,atomic,attested,,
P283689,4.,P283689_39,e2,E₂,atomic,attested,,
P283689,4.,P283689_39,lam,LAM,atomic,attested,,
P283689,5.,P283689_40,e2,E₂,atomic,attested,,diš
P283689,5.,P283689_40,an,AN,atomic,attested,,diš
P283689,5.,P283689_40,DU,DU,atomic,attested,,diš
P283689,6.,P283689_41,šu,ŠU,atomic,attested,,
P283689,6.,P283689_42,ba,BA,atomic,attested,,
P283689,6.,P283689_42,an,AN,atomic,attested,,
P283689,6.,P283689_42,ti,TI,atomic,attested,,
P283689,7.,P283689_43,kaskal,KASKAL,atomic,attested,,
P283689,7.,P283689_43,ta,TA,atomic,attested,,
P283689,7.,P283689_44,silim,DI,atomic,attested,,
P283689,7.,P283689_44,ma,MA,atomic,attested,,
P283689,7.,P283689_44,bi,BI,atomic,attested,,
P283689,8.,P283689_45,sa10,|NINDA₂×ŠE|,atomic,attested,,
P283689,8.,P283689_46,ku3,KU₃,atomic,attested,,
P283689,8.,P283689_47,im,IM,atomic,attested,,
P283689,8.,P283689_47,ma,MA,atomic,attested,,
P283689,8.,P283689_47,tum3,|NIM×GAN₂@t|,atomic,attested,,
P283689,9.,P283689_48,ša3,ŠA₃,atomic,attested,,
P283689,9.,P283689_49,um,UM,atomic,attested,,
P283689,9.,P283689_49,mi,MI,atomic,attested,,
P283689,9.,P283689_49,a,A,atomic,attested,,
P283689,9.,P283689_50,al,AL,atomic,attested,,
P283689,9.,P283689_50,du10,HI,atomic,attested,,
P283689,10.,P283689_51,um,UM,atomic,attested,,
P283689,10.,P283689_51,mi,MI,atomic,attested,,
P283689,10.,P283689_51,a,A,atomic,attested,,
P283689,10.,P283689_52,ku5,TAR,atomic,attested,,
P283689,10.,P283689_53,ke4,KID,atomic,attested,,
P283689,10.,P283689_53,de3,NE,atomic,attested,,
P283689,11.,P283689_54,nu,NU,atomic,attested,,
P283689,11.,P283689_54,un,KALAM@g,atomic,attested,,
P283689,11.,P283689_54,ta,TA,atomic,attested,,
P283689,11.,P283689_54,zu,ZU,atomic,attested,,
P283689,11.,P283689_54,zu,ZU,atomic,attested,,
P283689,12.,P283689_55,mu,MU,atomic,attested,,
P283689,12.,P283689_56,lugal,LUGAL,atomic,attested,,
P283689,12.,P283689_56,bi,BI,atomic,attested,,
P283689,12.,P283689_57,in,IN,atomic,attested,,
P283689,12.,P283689_57,pa3,PA3,atomic,attested,,
P283681,1.,P283681_1,i3,NI,atomic,attested,,diš
P283681,1.,P283681_1,li2,NI,atomic,attested,,diš
P283681,1.,P283681_1,ka,ka,unresolved,,,diš
P283681,1.,P283681_1,x,X,atomic,attested,,diš
P283681,1.,P283681_1,kum,GUM,atomic,attested,,diš
P283681,2.,P283681_2,ad,AD,atomic,attested,,
P283681,2.,P283681_2,da,DA,atomic,attested,,
P283681,2.,P283681_3,nu,NU,atomic,attested,,
P283681,2.,P283681_3,gal2,IG,atomic,attested,,
P283681,3.,P283681_4,ama,|GA₂×AN|,atomic,attested,,
P283681,3.,P283681_5,nu,NU,atomic,attested,,
P283681,3.,P283681_5,gal2,IG,atomic,attested,,
P283681,4.,P283681_6,tilla2,TILLA2,atomic,attested,,
P283681,4.,P283681_7,in,IN,atomic,attested,,
P283681,4.,P283681_7,ga2,GA₂,atomic,attested,,
P283681,4.,P283681_7,ga2,GA₂,atomic,attested,,
P283681,5.,P283681_8,ki,KI,atomic,attested,,
P283681,5.,P283681_9,ur,UR,atomic,attested,,d
P283681,5.,P283681_9,nin,|SAL.TUG₂|,atomic,attested,,d
P283681,5.,P283681_9,urta,IB,atomic,attested,,d
P283681,6.,P283681_10,nam,NAM,atomic,attested,,
P283681,6.,P283681_10,ti,TI,atomic,attested,,
P283681,6.,P283681_10,le,LI,atomic,attested,,
P283681,6.,P283681_10,de3,NE,atomic,attested,,
P283681,6.,P283681_11,šum2,šum2,unresolved,,,
P283681,6.,P283681_11,ma,MA,atomic,attested,,
P283681,7.,P283681_12,di,DI,atomic,attested,,
P283681,7.,P283681_12,ku5,TAR,atomic,attested,,
P283681,7.,P283681_12,ne,NE,atomic,attested,,
P283681,7.,P283681_12,ne,NE,atomic,attested,,
P283681,8.,P283681_13,dub,DUB,atomic,attested,,
P283681,8.,P283681_13,ba,BA,atomic,attested,,
P283681,8.,P283681_13,ne,NE,atomic,attested,,
P283681,8.,P283681_13,ne,NE,atomic,attested,,
P283681,8.,P283681_14,ib2,TUM,atomic,attested,,
P283681,8.,P283681_14,dab,DIB,atomic,attested,,
P283681,9.,P283681_15,u4,UD,atomic,attested,,
P283681,9.,P283681_15,ku2,|KA×GAR|,atomic,attested,,
P283681,9.,P283681_15,še3,EŠ₂,atomic,attested,,
P283681,9.,P283681_16,tukum,tukum,unresolved,,,
P283681,9.,P283681_16,bi,BI,atomic,attested,,
P283681,10.,P283681_17,ad,AD,atomic,attested,,
P283681,10.,P283681_17,da,DA,atomic,attested,,
P283681,10.,P283681_17,ni,NI,atomic,attested,,
P283681,10.,P283681_18,he2,|GAN×HI|,compound,attested,OSL,
P283681,10.,P283681_18,am3,|A.AN|,compound,attested,OSL,
P283681,11.,P283681_19,ama,|GA₂×AN|,atomic,attested,,
P283681,11.,P283681_19,ni,NI,atomic,attested,,
P283681,11.,P283681_20,he2,|GAN×HI|,compound,attested,OSL,
P283681,11.,P283681_20,am3,|A.AN|,compound,attested,OSL,
P283681,12.,P283681_21,im,IM,atomic,attested,,
P283681,12.,P283681_21,ma,MA,atomic,attested,,
P283681,12.,P283681_21,an,AN,atomic,attested,,
P283681,12.,P283681_21,zi,ZI,atomic,attested,,
P283681,12.,P283681_21,ge,GI,atomic,attested,,
P283681,12.,P283681_21,eš,|U.U.U|,atomic,attested,,
P283681,1.,P283681_22,ur,UR,atomic,attested,,diš;d
P283681,1.,P283681_22,nin,|SAL.TUG₂|,atomic,attested,,diš;d
P283681,1.,P283681_22,urta,IB,atomic,attested,,diš;d
P283681,2.,P283681_23,i3,NI,atomic,attested,,diš
P283681,2.,P283681_23,li2,NI,atomic,attested,,diš
P283681,2.,P283681_23,kiri4,|ŠA₃×A|,atomic,attested,,diš
P283681,2.,P283681_23,tab,TAB,atomic,attested,,diš
P283681,2.,P283681_23,kum,GUM,atomic,attested,,diš
P283681,3.,P283681_24,šu,ŠU,atomic,attested,,
P283681,3.,P283681_25,i3,NI,atomic,attested,,
P283681,3.,P283681_25,bar,BAR,atomic,attested,,
P283681,3.,P283681_25,re,RI,atomic,attested,,
P283681,4.,P283681_26,mu,MU,atomic,attested,,
P283681,4.,P283681_27,lugal,LUGAL,atomic,attested,,
P283681,4.,P283681_27,bi,BI,atomic,attested,,
P283681,4.,P283681_28,in,IN,atomic,attested,,
P283681,4.,P283681_28,pa3,PA3,atomic,attested,,
P283681,5.,P283681_29,igi,IGI,atomic,attested,,
P283681,5.,P283681_30,suen,|EN.ZU|,compound,attested,OSL,d
P283681,5.,P283681_30,a,A,atomic,attested,,d
P283681,5.,P283681_30,bu,BU,atomic,attested,,d
P283681,5.,P283681_30,še,ŠE,atomic,attested,,d
P283681,6.,P283681_31,,,unresolved,,,diš;d
P283681,6.,P283681_31,suen,|EN.ZU|,compound,attested,OSL,diš;d
P283681,6.,P283681_31,he2,|GAN×HI|,compound,attested,OSL,diš;d
P283681,6.,P283681_31,gal2,IG,atomic,attested,,diš;d
P283681,7.,P283681_32,an,AN,atomic,attested,,diš
P251564,1.,P251564_1,1(diš),1(diš),numeral,,,
P251564,1.,P251564_2,sag,SAG,atomic,attested,,
P251564,1.,P251564_2,munus,SAL,atomic,attested,,
P251564,2.,P251564_3,a,A,atomic,attested,,diš
P251564,2.,P251564_3,na,NA,atomic,attested,,diš
P251564,2.,P251564_3,iš8,AŠ@t,atomic,attested,,diš
P251564,2.,P251564_3,tar2,DAR,atomic,attested,,diš
P251564,2.,P251564_3,tak2,DAG,atomic,attested,,diš
P251564,2.,P251564_3,la,LA,atomic,attested,,diš
P251564,2.,P251564_3,ku,KU,atomic,attested,,diš
P251564,3.,P251564_4,mu,MU,atomic,attested,,
P251564,3.,P251564_4,ni,NI,atomic,attested,,
P251564,3.,P251564_4,im,IM,atomic,attested,,
P251564,4.,P251564_5,sa10,|NINDA₂×ŠE|,atomic,attested,,
P251564,4.,P251564_6,til,TIL,atomic,attested,,
P251564,4.,P251564_6,la,LA,atomic,attested,,
P251564,4.,P251564_6,ni,NI,atomic,attested,,
P251564,4.,P251564_6,še3,EŠ₂,atomic,attested,,
P251564,5.,P251564_7,1/3(diš),1/3(diš),numeral,,,
P251564,5.,P251564_8,ma,MA,atomic,attested,,
P251564,5.,P251564_8,na,NA,atomic,attested,,
P251564,5.,P251564_9,ku3-babbar,|KU₃.UD|,compound,attested,OSL,
P251564,6.,P251564_10,in,IN,atomic,attested,,
P251564,6.,P251564_10,na,NA,atomic,attested,,
P251564,6.,P251564_10,la2,LAL,atomic,attested,,
P251564,7.,P251564_11,geš,GIŠ,atomic,attested,,
P251564,7.,P251564_11,gan,gan,unresolved,,,
P251564,7.,P251564_11,na,NA,atomic,attested,,
P251564,8.,P251564_12,ib2,TUM,atomic,attested,,
P251564,8.,P251564_12,ta,TA,atomic,attested,,
P251564,8.,P251564_12,bala,BAL,atomic,attested,,
P251564,9.,P251564_13,ki,KI,atomic,attested,,
P251564,9.,P251564_14,lu2,LU₂,atomic,attested,,d
P251564,9.,P251564_14,nanna,nanna,unresolved,,,d
P251564,9.,P251564_14,ta,TA,atomic,attested,,d
P251564,10.,P251564_15,dumu,TUR,atomic,attested,,
P251564,10.,P251564_16,lu2,LU₂,atomic,attested,,d
P251564,10.,P251564_16,utu,UD,atomic,attested,,d
P251564,11.,P251564_17,lu2,LU₂,atomic,attested,,d
P251564,11.,P251564_17,nu,NU,atomic,attested,,d
P251564,11.,P251564_17,muš,MUŠ,atomic,attested,,d
P251564,11.,P251564_17,da,DA,atomic,attested,,d
P251564,12.,P251564_18,in,IN,atomic,attested,,
P251564,12.,P251564_18,ši,IGI,atomic,attested,,
P251564,12.,P251564_18,sa10,|NINDA₂×ŠE|,atomic,attested,,
P251564,13.,P251564_19,šu,ŠU,atomic,attested,,diš;d
P251564,13.,P251564_19,iškur,IM,atomic,attested,,diš;d
P251564,13.,P251564_20,simug,UMUM,atomic,attested,,
P251564,14.,P251564_21,ku3,KU₃,atomic,attested,,
P251564,14.,P251564_22,la2,LAL,atomic,attested,,
P251564,14.,P251564_22,bi,BI,atomic,attested,,
P251564,15.,P251564_23,i3,NI,atomic,attested,,diš
P251564,15.,P251564_23,li2,NI,atomic,attested,,diš
P251564,15.,P251564_23,aš,AŠ,atomic,attested,,diš
P251564,15.,P251564_23,ra,RA,atomic,attested,,diš
P251564,15.,P251564_23,ni,NI,atomic,attested,,diš
P251564,16.,P251564_24,lu2,LU₂,atomic,attested,,
P251564,16.,P251564_24,gi,GI,atomic,attested,,
P251564,16.,P251564_24,na,NA,atomic,attested,,
P251564,16.,P251564_24,ab,AB,atomic,attested,,
P251564,16.,P251564_24,tum3,|NIM×GAN₂@t|,atomic,attested,,
P251564,16.,P251564_24,ma,MA,atomic,attested,,
P251564,16.,P251564_24,bi,BI,atomic,attested,,
P251564,17.,P251564_25,u4,UD,atomic,attested,,
P251564,17.,P251564_26,kur2,PAP,atomic,attested,,
P251564,17.,P251564_27,lu2,LU₂,atomic,attested,,
P251564,17.,P251564_28,lu2,LU₂,atomic,attested,,
P251564,18.,P251564_29,nu,NU,atomic,attested,,
P251564,18.,P251564_29,mu,MU,atomic,attested,,
P251564,18.,P251564_29,un,KALAM@g,atomic,attested,,
P251564,18.,P251564_29,gi4,GI₄,atomic,attested,,
P251564,18.,P251564_29,gi4,GI₄,atomic,attested,,
P251564,18.,P251564_29,dam,DAM,atomic,attested,,
P251564,19.,P251564_30,mu,MU,atomic,attested,,
P251564,19.,P251564_31,lugal,LUGAL,atomic,attested,,
P251564,19.,P251564_31,bi,BI,atomic,attested,,
P251564,19.,P251564_32,in,IN,atomic,attested,,
P251564,19.,P251564_32,pa3,PA3,atomic,attested,,
P251564,20.,P251564_33,igi,IGI,atomic,attested,,
P251564,20.,P251564_34,…,…,broken,,,d
P251564,20.,P251564_34,utu,UD,atomic,attested,,d
P251564,21.,P251564_35,igi,IGI,atomic,attested,,
P251564,21.,P251564_36,hal,HAL,atomic,attested,,
P251564,21.,P251564_36,hal,HAL,atomic,attested,,
P251564,21.,P251564_36,lum,LUM,atomic,attested,,
P251564,22.,P251564_37,igi,IGI,atomic,attested,,
P251564,22.,P251564_38,nu,NU,atomic,attested,,
P251564,22.,P251564_38,ur2,UR₂,atomic,attested,,
P251564,22.,P251564_38,ia,|I.A|,atomic,attested,,
P251564,23.,P251564_39,dub,DUB,atomic,attested,,
P251564,23.,P251564_39,sar,SAR,atomic,attested,,
P251564,24.,P251564_40,kišib,MES,atomic,attested,,
P251564,24.,P251564_41,lu2,LU₂,atomic,attested,,
P251564,24.,P251564_41,inim,inim,unresolved,,,
P251564,24.,P251564_41,ma,MA,atomic,attested,,
P251564,24.,P251564_41,a,A,atomic,attested,,
P251564,24.,P251564_41,bi,BI,atomic,attested,,
P251564,24.,P251564_41,me,ME,atomic,attested,,
P251564,24.,P251564_41,eš,|U.U.U|,atomic,attested,,
P251564,25.,P251564_42,ib2,TUM,atomic,attested,,
P251564,25.,P251564_42,ra,RA,atomic,attested,,
P251564,25.,P251564_42,aš,AŠ,atomic,attested,,
P251564,26.,P251564_43,iti,UD×U+U+U,atomic,attested,,
P251564,26.,P251564_44,bara2,BARA₂,atomic,attested,,
P251564,26.,P251564_44,za3,ZAG,atomic,attested,,
P251564,26.,P251564_44,gar,GAR,atomic,attested,,
P251564,27-29.,P251564_45,mu,MU,atomic,attested,,
P251564,27-29.,P251564_46,bad3,bad3,unresolved,,,ki
P251564,27-29.,P251564_46,u,U,atomic,attested,,ki
P251564,27-29.,P251564_46,gul,gul,unresolved,,,ki
P251564,27-29.,P251564_46,la2,LAL,atomic,attested,,ki
P251564,27-29.,P251564_47,tukul,KU,atomic,attested,,geš
P251564,27-29.,P251564_48,ba,BA,atomic,attested,,
P251564,27-29.,P251564_48,gul,gul,unresolved,,,
P251564,27-29.,P251564_49,bad3,bad3,unresolved,,,
P251564,27-29.,P251564_50,ba,BA,atomic,attested,,
P251564,27-29.,P251564_50,an,AN,atomic,attested,,
P251564,27-29.,P251564_50,hul,|IGI.UR|,compound,attested,OSL,
P251564,1.,P251564_51,1(diš),1(diš),numeral,,,
P251564,1.,P251564_52,sag,SAG,atomic,attested,,
P251564,1.,P251564_52,nita2,ARAD,atomic,attested,,
P251564,2.,P251564_53,dingir,AN,atomic,attested,,
P251564,2.,P251564_53,ma,MA,atomic,attested,,
P251564,2.,P251564_53,lik,UR,atomic,attested,,
P251564,3.,P251564_54,mu,MU,atomic,attested,,
P251564,3.,P251564_54,ni,NI,atomic,attested,,
P251564,3.,P251564_54,im,IM,atomic,attested,,
P251564,4.,P251564_55,sa10,|NINDA₂×ŠE|,atomic,attested,,
P251564,4.,P251564_56,til,TIL,atomic,attested,,
P251564,4.,P251564_56,la,LA,atomic,attested,,
P251564,4.,P251564_56,bi,BI,atomic,attested,,
P251564,4.,P251564_56,še3,EŠ₂,atomic,attested,,
P251564,5.,P251564_57,1(u),1(u),numeral,,,
P251564,5.,P251564_58,5(diš),5(diš),numeral,,,
P251564,5.,P251564_59,gin2,DUN₃@g,atomic,attested,,
P251564,5.,P251564_60,ku3-babbar,|KU₃.UD|,compound,attested,OSL,
P251564,6.,P251564_61,in,IN,atomic,attested,,
P251564,6.,P251564_61,na,NA,atomic,attested,,
P251564,6.,P251564_61,la2,LAL,atomic,attested,,
P251564,7.,P251564_62,ki,KI,atomic,attested,,
P251564,7.,P251564_63,nu,NU,atomic,attested,,
P251564,7.,P251564_63,ru,RU,atomic,attested,,
P251564,7.,P251564_63,um,UM,atomic,attested,,
P251564,7.,P251564_63,li,LI,atomic,attested,,
P251564,7.,P251564_63,ṣi2,ṣi2,unresolved,,,
P251564,7.,P251564_63,ta,TA,atomic,attested,,
P251564,8.,P251564_64,ba,BA,atomic,attested,,diš
P251564,8.,P251564_64,gi,GI,atomic,attested,,diš
P251564,8.,P251564_64,na,NA,atomic,attested,,diš
P251564,8.,P251564_64,tum2,DU,atomic,attested,,diš
P251564,9.,P251564_65,in,IN,atomic,attested,,
P251564,9.,P251564_65,ši,IGI,atomic,attested,,
P251564,9.,P251564_65,sa10,|NINDA₂×ŠE|,atomic,attested,,
P251564,10.,P251564_66,inim,inim,unresolved,,,
P251564,10.,P251564_67,gar,GAR,atomic,attested,,
P251564,10.,P251564_67,ra,RA,atomic,attested,,
P251564,10.,P251564_68,sag,SAG,atomic,attested,,
P251564,10.,P251564_68,nita2,ARAD,atomic,attested,,
P251564,11.,P251564_69,lugal,LUGAL,atomic,attested,,
P251564,11.,P251564_69,a,A,atomic,attested,,
P251564,11.,P251564_69,ni,NI,atomic,attested,,
P251564,11.,P251564_70,x,X,atomic,attested,,
P251564,12.,P251564_71,ba,BA,atomic,attested,,
P251564,12.,P251564_71,ab,AB,atomic,attested,,
P251564,12.,P251564_71,gi4,GI₄,atomic,attested,,
P251564,12.,P251564_71,gi4,GI₄,atomic,attested,,
P251564,13.,P251564_72,u4,UD,atomic,attested,,
P251564,13.,P251564_73,kur2,PAP,atomic,attested,,
P251564,13.,P251564_73,še3,EŠ₂,atomic,attested,,
P251564,14.,P251564_74,inim,inim,unresolved,,,
P251564,14.,P251564_75,nu,NU,atomic,attested,,
P251564,14.,P251564_75,ga2,GA₂,atomic,attested,,
P251564,14.,P251564_75,ga2,GA₂,atomic,attested,,
P251564,14.,P251564_75,a,A,atomic,attested,,
P251564,15.,P251564_76,mu,MU,atomic,attested,,
P251564,15.,P251564_77,lugal,LUGAL,atomic,attested,,
P251564,15.,P251564_77,bi,BI,atomic,attested,,
P251564,15.,P251564_78,in,IN,atomic,attested,,
P251564,15.,P251564_78,pa3,PA3,atomic,attested,,
P251564,16.,P251564_79,igi,IGI,atomic,attested,,
P251564,16.,P251564_80,nu,NU,atomic,attested,,
P251564,16.,P251564_80,uh2,|UD.KUŠU₂|,atomic,attested,,
P251564,16.,P251564_80,e2,E₂,atomic,attested,,
P251564,16.,P251564_80,a,A,atomic,attested,,
P251564,16.,P251564_81,dumu,TUR,atomic,attested,,
P251564,16.,P251564_82,x,X,atomic,attested,,
P251564,16.,P251564_82,x,X,atomic,attested,,
P251564,16.,P251564_82,x,X,atomic,attested,,
P251564,16.,P251564_82,x,X,atomic,attested,,
P251564,17.,P251564_83,igti,igti,unresolved,,,
P251564,17.,P251564_84,x,X,atomic,attested,,
P251564,17.,P251564_85,x,X,atomic,attested,,
P251564,17.,P251564_86,x,X,atomic,attested,,
P251564,17.,P251564_87,x,X,atomic,attested,,
P251564,18.,P251564_88,dub,DUB,atomic,attested,,
P251564,18.,P251564_88,sar,SAR,atomic,attested,,
P251564,19.,P251564_89,iti,UD×U+U+U,atomic,attested,,
P251564,19.,P251564_90,gu4,GUD,atomic,attested,,
P251564,19.,P251564_90,si,SI,atomic,attested,,
P251564,19.,P251564_90,sa2,DI,atomic,attested,,
P251564,20.,P251564_91,mu,MU,atomic,attested,,
P251564,20.,P251564_92,bad3,bad3,unresolved,,,
P251564,20.,P251564_93,nu,NU,atomic,attested,,ki
P251564,20.,P251564_93,kar2,GAN₂@t,atomic,attested,,ki
P251564,20.,P251564_94,ba,BA,atomic,attested,,
P251564,20.,P251564_94,gul,gul,unresolved,,,
P251564,21.,P251564_95,1(u),1(u),numeral,,,
P251564,21.,P251564_96,5(diš),5(diš),numeral,,,
P251564,21.,P251564_97,gin2,DUN₃@g,atomic,attested,,
P251564,21.,P251564_98,ku3-babbar,|KU₃.UD|,compound,attested,OSL,
P251564,22.,P251564_99,ku3,KU₃,atomic,attested,,
P251564,22.,P251564_99,ta,TA,atomic,attested,,
P251564,22.,P251564_99,aš,AŠ,atomic,attested,,
P251564,22.,P251564_100,gub,DU,atomic,attested,,
P251564,22.,P251564_100,ba,BA,atomic,attested,,
P251564,23.,P251564_101,la,LA,atomic,attested,,diš
P251564,23.,P251564_101,lu,LU,atomic,attested,,diš
P251564,23.,P251564_101,u2,U₂,atomic,attested,,diš
P251564,23.,P251564_101,um,UM,atomic,attested,,diš
P251564,24.,P251564_102,ib2,TUM,atomic,attested,,
P251564,24.,P251564_102,ta,TA,atomic,attested,,
P251564,24.,P251564_102,gub,DU,atomic,attested,,
P251564,25.,P251564_103,hub2,hub2,unresolved,,,
P251564,25.,P251564_103,ni,NI,atomic,attested,,
P251564,25.,P251564_104,šu,ŠU,atomic,attested,,
P251564,25.,P251564_105,luh,LUH,atomic,attested,,
P251564,26.,P251564_106,keš2,KEŠ₂,atomic,attested,,geš
P251564,26.,P251564_106,da,DA,atomic,attested,,geš
P251564,1.,P251564_107,…,…,broken,,,
P251564,2.,P251564_108,…,…,broken,,,
P251564,3.,P251564_109,tug2,TUG₂,atomic,attested,,
P251564,3.,P251564_110,an,AN,atomic,attested,,
P251564,3.,P251564_110,ni,NI,atomic,attested,,
P251564,3.,P251564_110,ib2,TUM,atomic,attested,,
P251564,3.,P251564_110,mu4,TUG₂,atomic,attested,,
P251564,3.,P251564_110,mu4,TUG₂,atomic,attested,,
P251564,4.,P251564_111,u4,UD,atomic,attested,,
P251564,4.,P251564_112,ki,KI,atomic,attested,,
P251564,4.,P251564_113,x,X,atomic,attested,,
P251564,4.,P251564_114,…,…,broken,,,
P251564,5.,P251564_115,na,NA,atomic,attested,,
P251564,5.,P251564_115,…,…,broken,,,
P251564,6.,P251564_116,ku3,KU₃,atomic,attested,,
P251564,6.,P251564_117,šu,ŠU,atomic,attested,,
P251564,6.,P251564_118,ba,BA,atomic,attested,,
P251564,6.,P251564_118,te,te,unresolved,,,
P251564,6.,P251564_118,ga2,GA₂,atomic,attested,,
P251564,7.,P251564_119,e2,E₂,atomic,attested,,
P251564,7.,P251564_119,ta,TA,atomic,attested,,
P251564,7.,P251564_120,ib2,TUM,atomic,attested,,
P251564,7.,P251564_120,ta,TA,atomic,attested,,
P251564,7.,P251564_120,e3,e3,unresolved,,,
P251564,8.,P251564_121,tukum,tukum,unresolved,,,
P251564,8.,P251564_121,bi,BI,atomic,attested,,
P251564,9.,P251564_122,ba,BA,atomic,attested,,
P251564,9.,P251564_122,zah3,|A.GU|,compound,attested,OSL,
P251564,9.,P251564_123,ba,BA,atomic,attested,,
P251564,9.,P251564_123,uš2,UŠ₂,atomic,attested,,
P251564,10.,P251564_124,u2,U₂,atomic,attested,,
P251564,10.,P251564_124,gu,GU,atomic,attested,,
P251564,10.,P251564_125,ba,BA,atomic,attested,,
P251564,10.,P251564_125,an,AN,atomic,attested,,
P251564,10.,P251564_125,de2,DE₂,atomic,attested,,
P251564,11.,P251564_126,ku3,KU₃,atomic,attested,,
P251564,11.,P251564_127,i3,NI,atomic,attested,,
P251564,11.,P251564_127,la2,LAL,atomic,attested,,
P251564,11.,P251564_127,e,E,atomic,attested,,
P251564,12.,P251564_128,tukum,tukum,unresolved,,,
P251564,12.,P251564_128,bi,BI,atomic,attested,,
P251564,13.,P251564_129,ga2,GA₂,atomic,attested,,
P251564,13.,P251564_129,la,LA,atomic,attested,,
P251564,13.,P251564_130,ba,BA,atomic,attested,,
P251564,13.,P251564_130,an,AN,atomic,attested,,
P251564,13.,P251564_130,dag,DAG,atomic,attested,,
P251564,14.,P251564_131,x,X,atomic,attested,,
P251564,14.,P251564_132,x,X,atomic,attested,,
P251564,14.,P251564_133,…,…,broken,,,
P251564,23.,P251564_134,2(diš),2(diš),numeral,,,
P251564,23.,P251564_135,ma,MA,atomic,attested,,
P251564,23.,P251564_135,na,NA,atomic,attested,,
P251564,23.,P251564_136,ku3-babbar,|KU₃.UD|,compound,attested,OSL,
P251564,24.,P251564_137,maš2,KUN,atomic,attested,,
P251564,24.,P251564_138,…,…,broken,,,
P251564,25.,P251564_139,ki,KI,atomic,attested,,
P251564,25.,P251564_140,…,…,broken,,,
P251564,25.,P251564_140,ta,TA,atomic,attested,,
P251564,26.,P251564_141,en,EN,atomic,attested,,d
P251564,26.,P251564_141,…,…,broken,,,d
P251564,27.,P251564_142,šu,ŠU,atomic,attested,,
P251564,27.,P251564_143,ba,BA,atomic,attested,,
P251564,27.,P251564_143,an,AN,atomic,attested,,
P251564,27.,P251564_143,ti,TI,atomic,attested,,
P251564,28.,P251564_144,u4,UD,atomic,attested,,
P251564,28.,P251564_145,buru14,|EN×GAN₂@t|,atomic,attested,,
P251564,28.,P251564_145,ka,ka,unresolved,,,
P251564,29.,P251564_146,ku3,KU₃,atomic,attested,,
P251564,29.,P251564_147,i3,NI,atomic,attested,,
P251564,29.,P251564_147,la2,LAL,atomic,attested,,
P251564,29.,P251564_147,e,E,atomic,attested,,
P251564,30.,P251564_148,igi,IGI,atomic,attested,,
P251564,30.,P251564_149,x,X,atomic,attested,,
P251564,30.,P251564_149,…,…,broken,,,
P251564,31.,P251564_150,x,X,atomic,attested,,
P251564,31.,P251564_151,…,…,broken,,,
P251564,1'.,P251564_152,UN,KALAM@g,atomic,attested,,
P251564,1'.,P251564_153,ki,KI,atomic,attested,,
P251564,1'.,P251564_153,tuš,KU,atomic,attested,,
P251564,1'.,P251564_154,ad,AD,atomic,attested,,
P251564,1'.,P251564_154,x,X,atomic,attested,,
P251564,2'.,P251564_155,UN,KALAM@g,atomic,attested,,
P251564,2'.,P251564_156,ki,KI,atomic,attested,,
P251564,2'.,P251564_156,tuš,KU,atomic,attested,,
P251564,2'.,P251564_157,ad,AD,atomic,attested,,
P251564,2'.,P251564_157,da,DA,atomic,attested,,
P251564,3'.,P251564_158,da,DA,atomic,attested,,
P251564,3'.,P251564_159,x,X,atomic,attested,,
P251564,3'.,P251564_160,|URUxMIN|,|URUxMIN|,unresolved,,,
P251564,3'.,P251564_161,x,X,atomic,attested,,
P251564,3'.,P251564_161,x,X,atomic,attested,,
P251564,4'.,P251564_162,x,X,atomic,attested,,
P251564,4'.,P251564_163,ma,MA,atomic,attested,,
P251564,4'.,P251564_163,ni,NI,atomic,attested,,
P251564,4'.,P251564_163,nu,NU,atomic,attested,,
P251564,4'.,P251564_163,um,UM,atomic,attested,,
P251564,5'.,P251564_164,a,A,atomic,attested,,
P251564,5'.,P251564_164,ša3,ŠA₃,atomic,attested,,
P251564,5'.,P251564_165,ma,MA,atomic,attested,,
P251564,5'.,P251564_165,ni,NI,atomic,attested,,
P251564,5'.,P251564_165,nu,NU,atomic,attested,,
P251564,5'.,P251564_165,um,UM,atomic,attested,,
P251564,6'.,P251564_166,…,…,broken,,,
P251564,6'.,P251564_167,x,X,atomic,attested,,
P251564,6'.,P251564_167,x,X,atomic,attested,,
P251564,7'.,P251564_168,…\,…\,unresolved,,,
P251564,7'.,P251564_168,la,LA,atomic,attested,,
P251564,8'.,P251564_169,…,…,broken,,,
P251564,8'.,P251564_169,ni,NI,atomic,attested,,
P251564,8'.,P251564_169,ma,MA,atomic,attested,,
P251564,9'.,P251564_170,ki,KI,atomic,attested,,
P251564,9'.,P251564_171,ma,MA,atomic,attested,,
P251564,9'.,P251564_171,ni,NI,atomic,attested,,
P251564,9'.,P251564_171,nu,NU,atomic,attested,,
P251564,9'.,P251564_171,um,UM,atomic,attested,,
P251564,9'.,P251564_171,ta,TA,atomic,attested,,
P251564,10'.,P251564_172,ni,NI,atomic,attested,,
P251564,10'.,P251564_172,id,A₂,atomic,attested,,
P251564,10'.,P251564_172,na,NA,atomic,attested,,
P251564,10'.,P251564_172,tum,TUM,atomic,attested,,
P251564,11'.,P251564_173,dumu,TUR,atomic,attested,,
P251564,11'.,P251564_174,nu,NU,atomic,attested,,
P251564,11'.,P251564_174,ur2,UR₂,atomic,attested,,
P251564,11'.,P251564_174,iš8,AŠ@t,atomic,attested,,
P251564,11'.,P251564_174,tar2,DAR,atomic,attested,,
P251564,12'.,P251564_175,in,IN,atomic,attested,,
P251564,12'.,P251564_175,ši,IGI,atomic,attested,,
P251564,12'.,P251564_175,sa10,|NINDA₂×ŠE|,atomic,attested,,
P251564,13'.,P251564_176,sa10,|NINDA₂×ŠE|,atomic,attested,,
P251564,13'.,P251564_177,til,TIL,atomic,attested,,
P251564,13'.,P251564_177,la,LA,atomic,attested,,
P251564,13'.,P251564_177,bi,BI,atomic,attested,,
P251564,13'.,P251564_177,še3,EŠ₂,atomic,attested,,
P251564,14'.,P251564_178,n,n,numeral,,,
P251564,14'.,P251564_179,ma,MA,atomic,attested,,
P251564,14'.,P251564_179,na,NA,atomic,attested,,
P251564,14'.,P251564_180,ku3-babbar,|KU₃.UD|,compound,attested,OSL,
P251564,1.,P251564_181,in,IN,atomic,attested,,
P251564,1.,P251564_181,na,NA,atomic,attested,,
P251564,1.,P251564_181,la2,LAL,atomic,attested,,
P251564,2.,P251564_182,lugal,LUGAL,atomic,attested,,
P251564,2.,P251564_183,a,A,atomic,attested,,
P251564,2.,P251564_183,ša3,ŠA₃,atomic,attested,,
P251564,2.,P251564_183,ga,GA,atomic,attested,,
P251564,3.,P251564_184,inim,inim,unresolved,,,
P251564,3.,P251564_185,nu,NU,atomic,attested,,
P251564,3.,P251564_185,um,UM,atomic,attested,,
P251564,3.,P251564_185,ga2,GA₂,atomic,attested,,
P251564,3.,P251564_185,ga2,GA₂,atomic,attested,,
P251564,4.,P251564_186,u3,|IGI.DIB|,atomic,attested,,
P251564,4.,P251564_187,a,A,atomic,attested,,
P251564,4.,P251564_187,ša3,ŠA₃,atomic,attested,,
P251564,4.,P251564_187,ga,GA,atomic,attested,,
P251564,4.,P251564_188,nu,NU,atomic,attested,,
P251564,4.,P251564_188,gi4,GI₄,atomic,attested,,
P251564,4.,P251564_188,gi4,GI₄,atomic,attested,,
P251564,5.,P251564_189,u4,UD,atomic,attested,,
P251564,5.,P251564_190,kur2,PAP,atomic,attested,,
P251564,5.,P251564_191,lu2,LU₂,atomic,attested,,
P251564,5.,P251564_192,lu2,LU₂,atomic,attested,,
P251564,6.,P251564_193,nu,NU,atomic,attested,,
P251564,6.,P251564_193,mu,MU,atomic,attested,,
P251564,6.,P251564_193,un,KALAM@g,atomic,attested,,
P251564,6.,P251564_193,gi4,GI₄,atomic,attested,,
P251564,6.,P251564_193,gi4,GI₄,atomic,attested,,
P251564,6.,P251564_193,dam,DAM,atomic,attested,,
P251564,7.,P251564_194,mu,MU,atomic,attested,,
P251564,7.,P251564_195,lugal,LUGAL,atomic,attested,,
P251564,7.,P251564_195,bi,BI,atomic,attested,,
P251564,8.,P251564_196,in,IN,atomic,attested,,
P251564,8.,P251564_196,pa3,PA3,atomic,attested,,
P251564,8.,P251564_196,de3,NE,atomic,attested,,
P251564,8.,P251564_196,eš,|U.U.U|,atomic,attested,,
P251564,9.,P251564_197,igi,IGI,atomic,attested,,
P251564,9.,P251564_198,a,A,atomic,attested,,
P251564,9.,P251564_198,la,LA,atomic,attested,,
P251564,9.,P251564_198,ma,MA,atomic,attested,,
P251564,9.,P251564_198,nu,NU,atomic,attested,,
P251564,9.,P251564_198,um,UM,atomic,attested,,
P251564,10.,P251564_199,igi,IGI,atomic,attested,,
P251564,10.,P251564_200,ma,MA,atomic,attested,,
P251564,10.,P251564_200,nu,NU,atomic,attested,,
P251564,10.,P251564_200,um,UM,atomic,attested,,
P251564,10.,P251564_200,ba,BA,atomic,attested,,
P251564,10.,P251564_200,lum,LUM,atomic,attested,,
P251564,10.,P251564_200,dingir,AN,atomic,attested,,
P251564,11.,P251564_201,igi,IGI,atomic,attested,,
P251564,11.,P251564_202,šu,ŠU,atomic,attested,,d
P251564,11.,P251564_202,nin,|SAL.TUG₂|,atomic,attested,,d
P251564,11.,P251564_202,kar,KAR,atomic,attested,,d
P251564,11.,P251564_202,ra,RA,atomic,attested,,d
P251564,11.,P251564_202,ak,AK,atomic,attested,,d
P251564,12.,P251564_203,dub,DUB,atomic,attested,,
P251564,12.,P251564_203,sar,SAR,atomic,attested,,
P251564,13.,P251564_204,iti,UD×U+U+U,atomic,attested,,
P251564,13.,P251564_205,šu,ŠU,atomic,attested,,
P251564,13.,P251564_205,numun,KUL,atomic,attested,,
P251564,13.,P251564_205,a,A,atomic,attested,,
P251564,14.,P251564_206,mu,MU,atomic,attested,,
P251564,14.,P251564_207,gigir,gigir,unresolved,,,geš
P251564,14.,P251564_208,ku3-sig17,|KU₃.GI|,compound,attested,OSL,
P251564,14.,P251564_209,ku3-babbar,|KU₃.UD|,compound,attested,OSL,
P251564,15.,P251564_210,e2,E₂,atomic,attested,,
P251564,15.,P251564_211,an,AN,atomic,attested,,
P251564,15.,P251564_211,nu,NU,atomic,attested,,
P251564,15.,P251564_211,ni,NI,atomic,attested,,
P251564,15.,P251564_211,tum,TUM,atomic,attested,,
P251564,16.,P251564_212,x,X,atomic,attested,,
P251564,16.,P251564_213,x,X,atomic,attested,,
P251564,16.,P251564_214,x,X,atomic,attested,,
P251564,16.,P251564_215,x,X,atomic,attested,,
P251564,16.,P251564_216,a,A,atomic,attested,,
P251564,17.,P251564_217,mu,MU,atomic,attested,,
P251564,17.,P251564_217,na,NA,atomic,attested,,
P251564,17.,P251564_217,dim2,DIM₂,atomic,attested,,
P251564,18.,P251564_218,n,n,numeral,,,
P251564,18.,P251564_219,GAN2,GAN₂,atomic,attested,,
P251564,18.,P251564_220,aša3,6(DIŠ),atomic,attested,,
P251564,19.,P251564_221,x,X,atomic,attested,,
P251564,19.,P251564_222,x,X,atomic,attested,,
P251564,19.,P251564_223,x,X,atomic,attested,,
P251564,19.,P251564_224,x,X,atomic,attested,,
P251564,20.,P251564_225,x,X,atomic,attested,,
P251564,20.,P251564_226,x,X,atomic,attested,,
P251564,20.,P251564_227,x,X,atomic,attested,,
P251564,20.,P251564_228,x,X,atomic,attested,,
P251564,20.,P251564_229,x,X,atomic,attested,,
P251564,21.,P251564_230,…,…,broken,,,
P251564,21.,P251564_231,x,X,atomic,attested,,
P251564,21.,P251564_232,x,X,atomic,attested,,
P251564,22.,P251564_233,…,…,broken,,,
P251564,22.,P251564_234,x,X,atomic,attested,,
P251564,22.,P251564_235,x,X,atomic,attested,,
P251564,22.,P251564_236,x,X,atomic,attested,,
P251564,23.,P251564_237,x,X,atomic,attested,,
P251564,23.,P251564_238,x,X,atomic,attested,,
P251564,23.,P251564_239,…,…,broken,,,
P251564,24.,P251564_240,sa10,|NINDA₂×ŠE|,atomic,attested,,
P251564,24.,P251564_241,til,TIL,atomic,attested,,
P251564,24.,P251564_241,la,LA,atomic,attested,,
P251564,24.,P251564_241,bi,BI,atomic,attested,,
P251564,24.,P251564_241,še3,EŠ₂,atomic,attested,,
P251564,25.,P251564_242,1/2(diš),1/2(diš),numeral,,,
P251564,25.,P251564_243,ma,MA,atomic,attested,,
P251564,25.,P251564_243,na,NA,atomic,attested,,
P251564,25.,P251564_244,ku3-babbar,|KU₃.UD|,compound,attested,OSL,
P251564,26.,P251564_245,in,IN,atomic,attested,,
P251564,26.,P251564_245,na,NA,atomic,attested,,
P251564,26.,P251564_245,la2,LAL,atomic,attested,,
P251564,27.,P251564_246,ki,KI,atomic,attested,,
P251564,27.,P251564_247,an-na,|AN.NA|,compound,attested,OSL,
P251564,27.,P251564_247,tum,TUM,atomic,attested,,
P251564,27.,P251564_247,ta,TA,atomic,attested,,
P251564,28.,P251564_248,i,I,atomic,attested,,d
P251564,28.,P251564_248,din,DIN,atomic,attested,,d
P251564,28.,P251564_248,suen,|EN.ZU|,compound,attested,OSL,d
P251564,29.,P251564_249,in,IN,atomic,attested,,
P251564,29.,P251564_249,ši,IGI,atomic,attested,,
P251564,29.,P251564_249,sa10,|NINDA₂×ŠE|,atomic,attested,,
P251564,30.,P251564_250,u4,UD,atomic,attested,,
P251564,30.,P251564_251,kur2,PAP,atomic,attested,,
P251564,30.,P251564_252,lu2,LU₂,atomic,attested,,
P251564,30.,P251564_253,lu2,LU₂,atomic,attested,,
P251564,31.,P251564_254,nu,NU,atomic,attested,,
P251564,31.,P251564_254,mu,MU,atomic,attested,,
P251564,31.,P251564_254,un,KALAM@g,atomic,attested,,
P251564,31.,P251564_254,gi4,GI₄,atomic,attested,,
P251564,31.,P251564_254,gi4,GI₄,atomic,attested,,
P251564,31.,P251564_254,dam,DAM,atomic,attested,,
P251564,32.,P251564_255,mu,MU,atomic,attested,,
P251564,32.,P251564_256,lugal,LUGAL,atomic,attested,,
P251564,32.,P251564_256,bi,BI,atomic,attested,,
P251564,32.,P251564_257,in,IN,atomic,attested,,
P251564,32.,P251564_257,pa3,PA3,atomic,attested,,
P251564,32.,P251564_257,de3,NE,atomic,attested,,
P251564,32.,P251564_257,eš,|U.U.U|,atomic,attested,,
P251564,33.,P251564_258,iti,UD×U+U+U,atomic,attested,,
P251564,33.,P251564_259,NE,NE,atomic,attested,,
P251564,33.,P251564_259,NE,NE,atomic,attested,,
P251564,33.,P251564_259,gar,GAR,atomic,attested,,
P251564,34.,P251564_260,mu,MU,atomic,attested,,
P251564,34.,P251564_261,i7,i7,unresolved,,,
P251564,34.,P251564_262,kun,KUN,atomic,attested,,
P251564,34.,P251564_262,x,X,atomic,attested,,
P251564,34.,P251564_263,…,…,broken,,,
P251564,1.,P251564_264,1/2,1/2,unresolved,,,
P251564,1.,P251564_265,ma,MA,atomic,attested,,
P251564,1.,P251564_265,na,NA,atomic,attested,,
P251564,1.,P251564_266,ku3-babbar,|KU₃.UD|,compound,attested,OSL,
P251564,2.,P251564_267,sa10,|NINDA₂×ŠE|,atomic,attested,,
P251564,2.,P251564_268,še,ŠE,atomic,attested,,
P251564,2.,P251564_268,še3,EŠ₂,atomic,attested,,
P251564,3.,P251564_269,ki,KI,atomic,attested,,
P251564,3.,P251564_270,šu,ŠU,atomic,attested,,
P251564,3.,P251564_270,dingir,AN,atomic,attested,,
P251564,3.,P251564_270,ta,TA,atomic,attested,,
P251564,4.,P251564_271,še,ŠE,atomic,attested,,d
P251564,4.,P251564_271,rum,AŠ,atomic,attested,,d
P251564,4.,P251564_271,ik,IG,atomic,attested,,d
P251564,4.,P251564_271,ri,RI,atomic,attested,,d
P251564,4.,P251564_271,bi,BI,atomic,attested,,d
P251564,5.,P251564_272,šu,ŠU,atomic,attested,,
P251564,5.,P251564_273,ba,BA,atomic,attested,,
P251564,5.,P251564_273,an,AN,atomic,attested,,
P251564,5.,P251564_273,ti,TI,atomic,attested,,
P251564,6.,P251564_274,u4,UD,atomic,attested,,
P251564,6.,P251564_275,buru14,|EN×GAN₂@t|,atomic,attested,,
P251564,6.,P251564_275,ka,ka,unresolved,,,
P251564,7.,P251564_276,ganba,|KI.LAM|,compound,attested,OSL,
P251564,7.,P251564_277,SIG7,IGI@g,atomic,attested,,
P251564,7.,P251564_278,TI,TI,atomic,attested,,
P251564,8.,P251564_279,i3,NI,atomic,attested,,
P251564,8.,P251564_279,du,DU,atomic,attested,,
P251564,8.,P251564_279,a,A,atomic,attested,,
P251564,8.,P251564_279,gin7,DIM₂,atomic,attested,,
P251564,9.,P251564_280,še,ŠE,atomic,attested,,
P251564,9.,P251564_281,i3,NI,atomic,attested,,
P251564,9.,P251564_281,ag2,|NINDA₂×NE|,atomic,attested,,
P251564,9.,P251564_281,e,E,atomic,attested,,
P251564,10.,P251564_282,igi,IGI,atomic,attested,,
P251564,10.,P251564_283,nu,NU,atomic,attested,,
P251564,10.,P251564_283,ur2,UR₂,atomic,attested,,
P251564,10.,P251564_283,dingir,AN,atomic,attested,,
P251564,10.,P251564_284,dub,DUB,atomic,attested,,
P251564,10.,P251564_284,sar,SAR,atomic,attested,,
P251564,11.,P251564_285,iti,UD×U+U+U,atomic,attested,,
P251564,11.,P251564_286,kin,KIN,atomic,attested,,d
P251564,11.,P251564_286,inanna,MUŠ₃,atomic,attested,,d
P251564,12.,P251564_287,mu,MU,atomic,attested,,
P251564,12.,P251564_288,ugnim,ugnim,unresolved,,,
P251564,12.,P251564_289,tin,DIN,atomic,attested,,ki
P251564,12.,P251564_289,tir,|ŠE.NUN&NUN|,atomic,attested,,ki
P251564,13.,P251564_290,tukul,KU,atomic,attested,,geš
P251564,13.,P251564_291,ba,BA,atomic,attested,,
P251564,13.,P251564_291,sig3,PA,atomic,attested,,
P251564,14.,P251564_292,sila4,|GA₂×PA|,atomic,attested,,
P251564,14.,P251564_293,hi,HI,atomic,attested,,
P251564,14.,P251564_293,a,A,atomic,attested,,
P251564,15.,P251564_294,udu,LU,atomic,attested,,
P251564,15.,P251564_295,hi,HI,atomic,attested,,
P251564,15.,P251564_295,a,A,atomic,attested,,
P251564,16.,P251564_296,kiri6,SAR,atomic,attested,,geš
P251564,16.,P251564_297,hi,HI,atomic,attested,,
P251564,16.,P251564_297,a,A,atomic,attested,,
P251564,17.,P251564_298,na,NA,atomic,attested,,na4
P251564,17.,P251564_299,hi,HI,atomic,attested,,
P251564,17.,P251564_299,a,A,atomic,attested,,
P251564,18.,P251564_300,x,X,atomic,attested,,
P251564,18.,P251564_301,x,X,atomic,attested,,
P251564,18.,P251564_302,hi,HI,atomic,attested,,
P251564,18.,P251564_302,a,A,atomic,attested,,
P251564,19.,P251564_303,šim,ŠIM,atomic,attested,,
P251564,19.,P251564_304,hi,HI,atomic,attested,,
P251564,19.,P251564_304,a,A,atomic,attested,,
P251564,20.,P251564_305,zabar,zabar,unresolved,,,
P251564,20.,P251564_305,ra,RA,atomic,attested,,
P251564,20.,P251564_306,hi,HI,atomic,attested,,
P251564,20.,P251564_306,a,A,atomic,attested,,
P251564,21.,P251564_307,ku3-sig17,|KU₃.GI|,compound,attested,OSL,
P251564,21.,P251564_308,ku3-babbar,|KU₃.UD|,compound,attested,OSL,
P251564,21.,P251564_309,hi,HI,atomic,attested,,
P251564,21.,P251564_309,a,A,atomic,attested,,
P251564,22.,P251564_310,še,ŠE,atomic,attested,,
P251564,22.,P251564_311,hi,HI,atomic,attested,,
P251564,22.,P251564_311,a,A,atomic,attested,,
P251564,23.,P251564_312,še,ŠE,atomic,attested,,
P251564,23.,P251564_312,geš,GIŠ,atomic,attested,,
P251564,23.,P251564_312,i3,NI,atomic,attested,,
P251564,23.,P251564_313,hi,HI,atomic,attested,,
P251564,23.,P251564_313,a,A,atomic,attested,,
P251564,24.,P251564_314,x,X,atomic,attested,,
P251564,24.,P251564_315,x,X,atomic,attested,,
P251564,24.,P251564_316,hi,HI,atomic,attested,,
P251564,24.,P251564_316,a,A,atomic,attested,,
P251564,25.,P251564_317,u3,|IGI.DIB|,atomic,attested,,
P251564,25.,P251564_318,šu,ŠU,atomic,attested,,geš
P251564,25.,P251564_318,kara2,GAN₂@t,atomic,attested,,geš
P251564,25.,P251564_319,hi,HI,atomic,attested,,
P251564,25.,P251564_319,a,A,atomic,attested,,
P251564,26.,P251564_320,ir,IR,atomic,attested,,geš
P251564,26.,P251564_321,ig,IG,atomic,attested,,
P251564,26.,P251564_321,bi,BI,atomic,attested,,
P251564,27.,P251564_322,x,X,atomic,attested,,
P251564,27.,P251564_323,x,X,atomic,attested,,
P251564,27.,P251564_324,x,X,atomic,attested,,
P251564,27.,P251564_325,x,X,atomic,attested,,
P251564,27.,P251564_326,x,X,atomic,attested,,
P251564,28.,P251564_327,1(diš),1(diš),numeral,,,
P251564,28.,P251564_328,sar,SAR,atomic,attested,,
P251564,28.,P251564_329,e2,E₂,atomic,attested,,
P251564,28.,P251564_330,du3,KAK,atomic,attested,,
P251564,28.,P251564_330,a,A,atomic,attested,,
P251564,29.,P251564_331,u3,|IGI.DIB|,atomic,attested,,
P251564,29.,P251564_332,x,X,atomic,attested,,
P251564,29.,P251564_333,x,X,atomic,attested,,
P251564,30.,P251564_334,ha,HA,atomic,attested,,
P251564,30.,P251564_334,la,LA,atomic,attested,,
P251564,30.,P251564_335,…,…,broken,,,
P251564,31.,P251564_336,i3,NI,atomic,attested,,
P251564,31.,P251564_336,ba,BA,atomic,attested,,
P251564,31.,P251564_336,e,E,atomic,attested,,
P251564,31.,P251564_336,ne,NE,atomic,attested,,
P251564,32,P251564_337,x,X,atomic,attested,,
P251564,32,P251564_338,…,…,broken,,,
P251564,1.,P251564_339,2(diš),2(diš),numeral,,,
P251564,1.,P251564_340,1/2(diš),1/2(diš),numeral,,,
P251564,1.,P251564_341,sar,SAR,atomic,attested,,
P251564,1.,P251564_342,e2,E₂,atomic,attested,,
P251564,1.,P251564_343,du3,KAK,atomic,attested,,
P251564,1.,P251564_343,a,A,atomic,attested,,
P251564,2.,P251564_344,keš2,KEŠ₂,atomic,attested,,geš
P251564,2.,P251564_344,da,DA,atomic,attested,,geš
P251564,3.,P251564_345,ig,IG,atomic,attested,,geš
P251564,4.,P251564_346,u3,|IGI.DIB|,atomic,attested,,
P251564,4.,P251564_347,sag,SAG,atomic,attested,,geš
P251564,4.,P251564_347,kul,KUL,atomic,attested,,geš
P251564,5.,P251564_348,gub,DU,atomic,attested,,
P251564,5.,P251564_348,ba,BA,atomic,attested,,
P251564,6.,P251564_349,mu,MU,atomic,attested,,
P251564,6.,P251564_349,bi,BI,atomic,attested,,
P251564,6.,P251564_349,še3,EŠ₂,atomic,attested,,
P251564,7.,P251564_350,1(diš),1(diš),numeral,,,
P251564,7.,P251564_351,sar,SAR,atomic,attested,,
P251564,7.,P251564_352,e2,E₂,atomic,attested,,
P251564,7.,P251564_353,du3,KAK,atomic,attested,,
P251564,7.,P251564_353,a,A,atomic,attested,,
P251564,8.,P251564_354,3(diš),3(diš),numeral,,,
P251564,8.,P251564_355,sar,SAR,atomic,attested,,
P251564,8.,P251564_356,e2,E₂,atomic,attested,,
P251564,8.,P251564_357,ki,KI,atomic,attested,,
P251564,8.,P251564_357,gal2,IG,atomic,attested,,
P251564,9.,P251564_358,e2,E₂,atomic,attested,,
P251564,9.,P251564_359,šu,ŠU,atomic,attested,,d
P251564,9.,P251564_359,ha,HA,atomic,attested,,d
P251564,9.,P251564_359,ri,RI,atomic,attested,,d
P251564,9.,P251564_359,ma,MA,atomic,attested,,d
P251564,9.,P251564_359,ke4,KID,atomic,attested,,d
P251564,10.,P251564_360,e2,E₂,atomic,attested,,
P251564,10.,P251564_361,e2,E₂,atomic,attested,,
P251564,10.,P251564_361,še3,EŠ₂,atomic,attested,,
P251564,11.,P251564_362,in,IN,atomic,attested,,
P251564,11.,P251564_362,na,NA,atomic,attested,,
P251564,11.,P251564_362,an,AN,atomic,attested,,
P251564,11.,P251564_362,ši,IGI,atomic,attested,,
P251564,11.,P251564_362,gar,GAR,atomic,attested,,
P251564,12.,P251564_363,tug2,TUG₂,atomic,attested,,
P251564,12.,P251564_363,bi,BI,atomic,attested,,
P251564,12.,P251564_364,al,AL,atomic,attested,,
P251564,12.,P251564_364,ur3,|GA₂×(NUN&NUN)|,atomic,attested,,
P251564,12.,P251564_364,ra,RA,atomic,attested,,
P251564,13.,P251564_365,inim,inim,unresolved,,,
P251564,13.,P251564_365,bi,BI,atomic,attested,,
P251564,13.,P251564_366,al,AL,atomic,attested,,
P251564,13.,P251564_366,til,TIL,atomic,attested,,
P251564,14.,P251564_367,mu,MU,atomic,attested,,
P251564,14.,P251564_368,lugal,LUGAL,atomic,attested,,
P251564,14.,P251564_369,teš2,UR,atomic,attested,,eš
P251564,14.,P251564_370,sig3,PA,atomic,attested,,
P251564,14.,P251564_370,bi,BI,atomic,attested,,
P251564,14.,P251564_371,in,IN,atomic,attested,,
P251564,14.,P251564_371,pa3,PA3,atomic,attested,,
P251564,15.,P251564_372,nam,NAM,atomic,attested,,
P251564,15.,P251564_373,inim,inim,unresolved,,,
P251564,15.,P251564_374,ur,UR,atomic,attested,,
P251564,15.,P251564_374,dun,DUN,atomic,attested,,
P251564,16.,P251564_375,x,X,atomic,attested,,
P251564,16.,P251564_376,x,X,atomic,attested,,
P251564,16.,P251564_377,x,X,atomic,attested,,
P251564,16.,P251564_378,UD,UD,atomic,attested,,
P251564,17.,P251564_379,x,X,atomic,attested,,
P251564,17.,P251564_380,inim,inim,unresolved,,,
P251564,17.,P251564_380,bi,BI,atomic,attested,,
P251564,18.,P251564_381,in,IN,atomic,attested,,
P251564,18.,P251564_381,gar,GAR,atomic,attested,,
P251564,19.,P251564_382,e2,E₂,atomic,attested,,
P251564,19.,P251564_382,mu,MU,atomic,attested,,
P251564,19.,P251564_383,bi2,NE,atomic,attested,,
P251564,19.,P251564_383,in,IN,atomic,attested,,
P251564,19.,P251564_383,du11,du11,unresolved,,,
P251564,20.,P251564_384,lu2,LU₂,atomic,attested,,
P251564,20.,P251564_384,inim,inim,unresolved,,,
P251564,20.,P251564_384,ma,MA,atomic,attested,,
P251564,20.,P251564_384,bi,BI,atomic,attested,,
P251564,20.,P251564_384,meš,|ME.U.U.U|,atomic,attested,,
P251564,21.,P251564_385,in,IN,atomic,attested,,
P251564,21.,P251564_385,da,DA,atomic,attested,,
P251564,21.,P251564_385,ne,NE,atomic,attested,,
P251564,21.,P251564_385,eš,|U.U.U|,atomic,attested,,
P251564,22.,P251564_386,in,IN,atomic,attested,,
P251564,22.,P251564_386,gin6,GI,atomic,attested,,
P251564,22.,P251564_386,ne,NE,atomic,attested,,
P251564,22.,P251564_386,eš,|U.U.U|,atomic,attested,,
P251564,23.,P251564_387,geš,GIŠ,atomic,attested,,
P251564,23.,P251564_388,in,IN,atomic,attested,,
P251564,23.,P251564_389,ta,TA,atomic,attested,,
P251564,23.,P251564_390,ba,BA,atomic,attested,,
P251564,23.,P251564_390,an,AN,atomic,attested,,
P251564,23.,P251564_390,tuku,TUK,atomic,attested,,
P251564,24.,P251564_391,x,X,atomic,attested,,
P251564,24.,P251564_391,ta,TA,atomic,attested,,
P251564,24.,P251564_392,šu,ŠU,atomic,attested,,
P251564,24.,P251564_393,bala,BAL,atomic,attested,,
P251564,24.,P251564_393,de3,NE,atomic,attested,,
P251564,25.,P251564_394,ur,UR,atomic,attested,,diš
P251564,25.,P251564_394,šul,DUN,atomic,attested,,diš
P251564,26.,P251564_395,n,n,numeral,,,
P251564,26.,P251564_396,ma,MA,atomic,attested,,
P251564,26.,P251564_396,na,NA,atomic,attested,,
P251564,26.,P251564_397,ku3-babbar,|KU₃.UD|,compound,attested,OSL,
P251564,27.,P251564_398,sa10,|NINDA₂×ŠE|,atomic,attested,,
P251564,27.,P251564_399,til,TIL,atomic,attested,,
P251564,27.,P251564_399,la,LA,atomic,attested,,
P251564,27.,P251564_399,ni,NI,atomic,attested,,
P251564,27.,P251564_399,še3,EŠ₂,atomic,attested,,
P251564,28.,P251564_400,…,…,broken,,,
P251564,28.,P251564_401,ra,RA,atomic,attested,,
P251564,29.,P251564_402,…,…,broken,,,
P251564,29.,P251564_403,x,X,atomic,attested,,
P251564,1.,P251564_404,1(bur3),1(bur3),numeral,,,
P251564,1.,P251564_405,GAN2,GAN₂,atomic,attested,,
P251564,1.,P251564_406,a,A,atomic,attested,,
P251564,1.,P251564_406,ša3,ŠA₃,atomic,attested,,
P251564,1.,P251564_407,x,X,atomic,attested,,
P251564,1.,P251564_408,x,X,atomic,attested,,
P251564,1.,P251564_409,x,X,atomic,attested,,
P251564,2.,P251564_410,nam,NAM,atomic,attested,,
P251564,2.,P251564_410,apin,APIN,atomic,attested,,
P251564,2.,P251564_410,la2,LAL,atomic,attested,,
P251564,2.,P251564_410,še3,EŠ₂,atomic,attested,,
P251564,3.,P251564_411,igi,IGI,atomic,attested,,
P251564,3.,P251564_411,4(diš),4(DIŠ),atomic,attested,,
P251564,3.,P251564_411,gal2,IG,atomic,attested,,
P251564,3.,P251564_411,ta,TA,atomic,attested,,
P251564,4.,P251564_412,še,ŠE,atomic,attested,,
P251564,4.,P251564_413,mu,MU,atomic,attested,,
P251564,4.,P251564_414,3(diš),3(DIŠ),atomic,attested,,
P251564,4.,P251564_414,kam,|HI×BAD|,atomic,attested,,
P251564,5.,P251564_415,i3,NI,atomic,attested,,
P251564,5.,P251564_415,ag2,|NINDA₂×NE|,atomic,attested,,
P251564,5.,P251564_415,e,E,atomic,attested,,
P251564,6.,P251564_416,a,A,atomic,attested,,
P251564,6.,P251564_416,ša3,ŠA₃,atomic,attested,,
P251564,6.,P251564_417,UD,UD,atomic,attested,,
P251564,6.,P251564_417,UD,UD,atomic,attested,,
P251564,6.,P251564_417,GA,GA,atomic,attested,,
P251564,7.,P251564_418,nam,NAM,atomic,attested,,
P251564,7.,P251564_418,sukkal,LUH,atomic,attested,,
P251564,7.,P251564_418,mah,MAH,atomic,attested,,
P251564,7.,P251564_419,u3,|IGI.DIB|,atomic,attested,,
P251564,7.,P251564_420,nam,NAM,atomic,attested,,
P251564,7.,P251564_420,šabra,šabra,unresolved,,,
P251564,8.,P251564_421,zig3,ZI,atomic,attested,,
P251564,8.,P251564_421,ga,GA,atomic,attested,,
P251564,8.,P251564_421,bi,BI,atomic,attested,,
P251564,9.,P251564_422,a,A,atomic,attested,,
P251564,9.,P251564_422,ša3,ŠA₃,atomic,attested,,
P251564,9.,P251564_423,diš,DIŠ,atomic,attested,,
P251564,9.,P251564_424,kab2,|KA×A|,atomic,attested,,
P251564,9.,P251564_424,du11,du11,unresolved,,,
P251564,9.,P251564_424,ga,GA,atomic,attested,,
P251564,10.,P251564_425,ugu,ugu,unresolved,,,
P251564,10.,P251564_426,lugal,LUGAL,atomic,attested,,
P251564,10.,P251564_427,a,A,atomic,attested,,
P251564,10.,P251564_427,ša3,ŠA₃,atomic,attested,,
P251564,10.,P251564_427,ga,GA,atomic,attested,,
P251564,11.,P251564_428,in,IN,atomic,attested,,
P251564,11.,P251564_428,tuku,TUK,atomic,attested,,
P251564,12.,P251564_429,igi,IGI,atomic,attested,,
P251564,12.,P251564_430,bur,BUR,atomic,attested,,
P251564,12.,P251564_430,nu,NU,atomic,attested,,
P251564,12.,P251564_430,nu,NU,atomic,attested,,
P251564,12.,P251564_431,dumu,TUR,atomic,attested,,
P251564,12.,P251564_432,šu,ŠU,atomic,attested,,
P251564,12.,P251564_432,iš8,AŠ@t,atomic,attested,,
P251564,12.,P251564_432,tar2,DAR,atomic,attested,,
P251564,13.,P251564_433,igi,IGI,atomic,attested,,
P251564,13.,P251564_434,kur,KUR,atomic,attested,,+um
P251564,13.,P251564_434,a,A,atomic,attested,,+um
P251564,13.,P251564_434,bi,BI,atomic,attested,,+um
P251564,14.,P251564_435,iti,UD×U+U+U,atomic,attested,,
P251564,14.,P251564_436,du6,LAGAR@g,atomic,attested,,
P251564,14.,P251564_436,ku3,KU₃,atomic,attested,,
P251564,15-17.,P251564_437,mu,MU,atomic,attested,,
P251564,15-17.,P251564_438,šita2,ŠITA2,atomic,attested,,
P251564,15-17.,P251564_439,ku3-sig17,|KU₃.GI|,compound,attested,OSL,
P251564,15-17.,P251564_440,sur,SUR,atomic,attested,,
P251564,15-17.,P251564_440,ra,RA,atomic,attested,,
P251564,15-17.,P251564_441,dingir,AN,atomic,attested,,
P251564,15-17.,P251564_441,re,RI,atomic,attested,,
P251564,15-17.,P251564_441,e,E,atomic,attested,,
P251564,15-17.,P251564_441,ne,NE,atomic,attested,,
P251564,15-17.,P251564_441,ra,RA,atomic,attested,,
P251564,15-17.,P251564_442,mu,MU,atomic,attested,,
P251564,15-17.,P251564_442,na,NA,atomic,attested,,
P251564,15-17.,P251564_442,dim2,DIM₂,atomic,attested,,
P251564,18.,P251564_443,dingir,AN,atomic,attested,,diš
P251564,18.,P251564_443,a,A,atomic,attested,,diš
P251564,18.,P251564_443,bi,BI,atomic,attested,,diš
P251564,19.,P251564_444,dumu,TUR,atomic,attested,,
P251564,19.,P251564_445,šeš,ŠEŠ,atomic,attested,,
P251564,19.,P251564_445,du10,HI,atomic,attested,,
P251564,19.,P251564_445,ga,GA,atomic,attested,,
P251564,20.,P251564_446,a,A,atomic,attested,,
P251564,20.,P251564_446,ša3,ŠA₃,atomic,attested,,
P251564,20.,P251564_447,en,EN,atomic,attested,,d
P251564,20.,P251564_447,lil2,KID,atomic,attested,,d
P251564,20.,P251564_447,al,AL,atomic,attested,,d
P251564,20.,P251564_447,sa6,sa6,unresolved,,,d
P251564,21.,P251564_448,a,A,atomic,attested,,
P251564,21.,P251564_448,ša3,ŠA₃,atomic,attested,,
P251564,21.,P251564_448,ga,GA,atomic,attested,,
P251564,21.,P251564_448,ni,NI,atomic,attested,,
P251564,21.,P251564_448,še3,EŠ₂,atomic,attested,,
P251564,22.,P251564_449,a,A,atomic,attested,,
P251564,22.,P251564_450,bi2,NE,atomic,attested,,
P251564,22.,P251564_450,in,IN,atomic,attested,,
P251564,22.,P251564_450,du11,du11,unresolved,,,
P251564,23.,P251564_451,tukum,tukum,unresolved,,,
P251564,23.,P251564_451,bi,BI,atomic,attested,,
P251564,24.,P251564_452,a,A,atomic,attested,,
P251564,24.,P251564_452,ša3,ŠA₃,atomic,attested,,
P251564,24.,P251564_453,a,A,atomic,attested,,
P251564,24.,P251564_454,de2,DE₂,atomic,attested,,
P251564,24.,P251564_454,a,A,atomic,attested,,
P251564,25.,P251564_455,še,ŠE,atomic,attested,,
P251564,25.,P251564_456,ma2,MA₂,atomic,attested,,
P251564,25.,P251564_457,si,SI,atomic,attested,,
P251564,25.,P251564_457,ga,GA,atomic,attested,,
P251564,25.,P251564_457,ta,TA,atomic,attested,,
P251564,26.,P251564_458,u4,UD,atomic,attested,,
P251564,26.,P251564_459,kur2,PAP,atomic,attested,,
P251564,26.,P251564_459,še3,EŠ₂,atomic,attested,,
P251564,27.,P251564_460,pa6,|PAP.IŠ|,compound,attested,OSL,
P251564,27.,P251564_461,a,A,atomic,attested,,
P251564,27.,P251564_462,du11,du11,unresolved,,,
P251564,27.,P251564_462,ga,GA,atomic,attested,,
P251564,27.,P251564_462,mu,MU,atomic,attested,,
P251564,28.,P251564_463,nu,NU,atomic,attested,,
P251564,28.,P251564_463,ub,UB,atomic,attested,,
P251564,28.,P251564_463,be2,BI,atomic,attested,,
P251564,28.,P251564_463,a,A,atomic,attested,,
P251564,29.,P251564_464,mu,MU,atomic,attested,,
P251564,29.,P251564_465,lugal,LUGAL,atomic,attested,,
P251564,29.,P251564_465,bi,BI,atomic,attested,,
P251564,29.,P251564_466,in,IN,atomic,attested,,
P251564,29.,P251564_466,pa3,PA3,atomic,attested,,
P251564,30.,P251564_467,igi,IGI,atomic,attested,,
P251564,30.,P251564_468,a,A,atomic,attested,,
P251564,30.,P251564_468,mu,MU,atomic,attested,,
P251564,30.,P251564_468,ru,RU,atomic,attested,,
P251564,30.,P251564_468,um,UM,atomic,attested,,
P251564,31.,P251564_469,igi,IGI,atomic,attested,,
P251564,31.,P251564_470,dingir,AN,atomic,attested,,
P251564,31.,P251564_470,ma,MA,atomic,attested,,
P251564,31.,P251564_470,an,AN,atomic,attested,,
P251564,31.,P251564_470,šum2,šum2,unresolved,,,
P251564,31.,P251564_471,dub,DUB,atomic,attested,,
P251564,31.,P251564_471,sar,SAR,atomic,attested,,
P251564,31.,P251564_471,tur,TUR,atomic,attested,,
P251564,32.,P251564_472,iti,UD×U+U+U,atomic,attested,,
P251564,32.,P251564_473,gan,gan,unresolved,,,
P251564,32.,P251564_473,gan,gan,unresolved,,,
P251564,32.,P251564_473,e3,e3,unresolved,,,
P251564,33.,P251564_474,mu,MU,atomic,attested,,
P251564,33.,P251564_475,us2,UŠ,atomic,attested,,
P251564,33.,P251564_475,sa,SA,atomic,attested,,
P251564,33.,P251564_476,i7,i7,unresolved,,,
P251564,33.,P251564_477,kun,KUN,atomic,attested,,
P251564,33.,P251564_478,ba,BA,atomic,attested,,
P251564,33.,P251564_478,ba,BA,atomic,attested,,
P251564,33.,P251564_478,al,AL,atomic,attested,,
P251564,1.,P251564_479,1(diš),1(diš),numeral,,,
P251564,1.,P251564_480,dumu,TUR,atomic,attested,,
P251564,1.,P251564_480,nita2,ARAD,atomic,attested,,
P251564,1.,P251564_481,gaba,DUH,atomic,attested,,
P251564,2.,P251564_482,ub,UB,atomic,attested,,
P251564,2.,P251564_482,ta,TA,atomic,attested,,
P251564,2.,P251564_483,pa3,PA3,atomic,attested,,
P251564,2.,P251564_483,da,DA,atomic,attested,,
P251564,3.,P251564_484,sila,TAR,atomic,attested,,
P251564,3.,P251564_484,ta,TA,atomic,attested,,
P251564,3.,P251564_485,ba,BA,atomic,attested,,
P251564,3.,P251564_485,da,DA,atomic,attested,,
P251564,3.,P251564_485,kur2,PAP,atomic,attested,,
P251564,3.,P251564_485,ra,RA,atomic,attested,,
P251564,4.,P251564_486,ka,ka,unresolved,,,
P251564,4.,P251564_487,ur,UR,atomic,attested,,
P251564,4.,P251564_487,gi7,EŠ₂,atomic,attested,,
P251564,4.,P251564_487,ra,RA,atomic,attested,,
P251564,4.,P251564_487,ta,TA,atomic,attested,,
P251564,4.,P251564_488,kar,KAR,atomic,attested,,
P251564,5.,P251564_489,i3,NI,atomic,attested,,diš
P251564,5.,P251564_489,li2,NI,atomic,attested,,diš
P251564,5.,P251564_489,en,EN,atomic,attested,,diš
P251564,5.,P251564_489,nam,NAM,atomic,attested,,diš
P251564,6.,P251564_490,nam,NAM,atomic,attested,,
P251564,6.,P251564_490,dumu,TUR,atomic,attested,,
P251564,6.,P251564_490,ni,NI,atomic,attested,,
P251564,6.,P251564_490,še3,EŠ₂,atomic,attested,,
P251564,6.,P251564_491,…,…,broken,,,
P251564,7.,P251564_492,nam,NAM,atomic,attested,,
P251564,7.,P251564_492,ibila,|TUR.UŠ|,compound,attested,OSL,
P251564,7.,P251564_492,ni,NI,atomic,attested,,
P251564,7.,P251564_492,še3,EŠ₂,atomic,attested,,
P251564,8.,P251564_493,in,IN,atomic,attested,,
P251564,8.,P251564_493,gar,GAR,atomic,attested,,
P251564,9.,P251564_494,u4,UD,atomic,attested,,
P251564,9.,P251564_495,kur2,PAP,atomic,attested,,
P251564,9.,P251564_495,še3,EŠ₂,atomic,attested,,
P251564,10.,P251564_496,tukum,tukum,unresolved,,,
P251564,10.,P251564_496,bi,BI,atomic,attested,,
P251564,11.,P251564_497,i3,NI,atomic,attested,,diš
P251564,11.,P251564_497,li2,NI,atomic,attested,,diš
P251564,11.,P251564_497,en,EN,atomic,attested,,diš
P251564,11.,P251564_497,nam,NAM,atomic,attested,,diš
P251564,12.,P251564_498,dam,DAM,atomic,attested,,
P251564,12.,P251564_499,ba,BA,atomic,attested,,
P251564,12.,P251564_499,an,AN,atomic,attested,,
P251564,12.,P251564_499,tuku,TUK,atomic,attested,,
P251564,13.,P251564_500,u3,|IGI.DIB|,atomic,attested,,
P251564,13.,P251564_501,dumu,TUR,atomic,attested,,
P251564,13.,P251564_502,nig2,GAR,atomic,attested,,
P251564,13.,P251564_502,nam,NAM,atomic,attested,,
P251564,13.,P251564_502,me,ME,atomic,attested,,
P251564,13.,P251564_502,a,A,atomic,attested,,
P251564,14.,P251564_503,u3,|IGI.DIB|,atomic,attested,,
P251564,14.,P251564_503,tu,TU,atomic,attested,,
P251564,15.,P251564_504,la,LA,atomic,attested,,diš
P251564,15.,P251564_504,ma,MA,atomic,attested,,diš
P251564,15.,P251564_504,dingir,AN,atomic,attested,,diš
P251564,16.,P251564_505,ibila,|TUR.UŠ|,compound,attested,OSL,
P251564,16.,P251564_506,šeš,ŠEŠ,atomic,attested,,
P251564,16.,P251564_506,gal,GAL,atomic,attested,,
P251564,16.,P251564_506,am3,|A.AN|,compound,attested,OSL,
P251564,17.,P251564_507,ha,HA,atomic,attested,,
P251564,17.,P251564_507,la,LA,atomic,attested,,
P251564,17.,P251564_508,šu,ŠU,atomic,attested,,
P251564,17.,P251564_509,ba,BA,atomic,attested,,
P251564,17.,P251564_509,te,te,unresolved,,,
P251564,17.,P251564_509,ge26,GA₂,atomic,attested,,
P251564,18.,P251564_510,a,A,atomic,attested,,
P251564,18.,P251564_510,ne,NE,atomic,attested,,
P251564,18.,P251564_510,ne,NE,atomic,attested,,
P251564,18.,P251564_510,am,|GUD×KUR|,atomic,attested,,
P251564,19.,P251564_511,i3,NI,atomic,attested,,
P251564,19.,P251564_511,ba,BA,atomic,attested,,
P251564,19.,P251564_511,e,E,atomic,attested,,
P251564,19.,P251564_511,eš,|U.U.U|,atomic,attested,,
P251564,20.,P251564_512,tukum,tukum,unresolved,,,
P251564,20.,P251564_512,bi,BI,atomic,attested,,
P251564,21.,P251564_513,ad,AD,atomic,attested,,
P251564,21.,P251564_513,da,DA,atomic,attested,,
P251564,21.,P251564_513,mu,MU,atomic,attested,,
P251564,22.,P251564_514,nu,NU,atomic,attested,,
P251564,22.,P251564_514,me,ME,atomic,attested,,
P251564,22.,P251564_514,en,EN,atomic,attested,,
P251564,22.,P251564_515,bi2,NE,atomic,attested,,
P251564,22.,P251564_515,in,IN,atomic,attested,,
P251564,22.,P251564_515,du11,du11,unresolved,,,
P251564,23.,P251564_516,gu2,GU₂,atomic,attested,,
P251564,23.,P251564_516,ni,NI,atomic,attested,,
P251564,23.,P251564_517,in,IN,atomic,attested,,
P251564,23.,P251564_517,na,NA,atomic,attested,,
P251564,23.,P251564_517,ga2,GA₂,atomic,attested,,
P251564,23.,P251564_517,ga2,GA₂,atomic,attested,,
P251564,24.,P251564_518,ku3,KU₃,atomic,attested,,
P251564,24.,P251564_518,še3,EŠ₂,atomic,attested,,
P251564,24.,P251564_519,ba,BA,atomic,attested,,
P251564,24.,P251564_519,ab,AB,atomic,attested,,
P251564,24.,P251564_519,šum2,šum2,unresolved,,,
P251564,24.,P251564_519,mu,MU,atomic,attested,,
P251564,24.,P251564_519,uš,UŠ,atomic,attested,,
P251564,25.,P251564_520,tukum,tukum,unresolved,,,
P251564,25.,P251564_520,bi,BI,atomic,attested,,
P251564,26.,P251564_521,i3,NI,atomic,attested,,diš
P251564,26.,P251564_521,li2,NI,atomic,attested,,diš
P251564,26.,P251564_521,en,EN,atomic,attested,,diš
P251564,26.,P251564_521,nam,NAM,atomic,attested,,diš
P251564,27.,P251564_522,la,LA,atomic,attested,,
P251564,27.,P251564_522,ma,MA,atomic,attested,,
P251564,27.,P251564_522,dingir,AN,atomic,attested,,
P251564,27.,P251564_522,še3,EŠ₂,atomic,attested,,
P251564,28.,P251564_523,ibila,|TUR.UŠ|,compound,attested,OSL,
P251564,28.,P251564_523,mu,MU,atomic,attested,,
P251564,29.,P251564_524,nu,NU,atomic,attested,,
P251564,29.,P251564_524,me,ME,atomic,attested,,
P251564,29.,P251564_524,en,EN,atomic,attested,,
P251564,29.,P251564_525,bi2,NE,atomic,attested,,
P251564,29.,P251564_525,in,IN,atomic,attested,,
P251564,29.,P251564_525,du11,du11,unresolved,,,
P251564,30.,P251564_526,e2,E₂,atomic,attested,,
P251564,30.,P251564_527,…,…,broken,,,
P251564,31.,P251564_528,ib2,TUM,atomic,attested,,
P251564,31.,P251564_528,ta,TA,atomic,attested,,
P251564,31.,P251564_528,an,AN,atomic,attested,,
P251564,31.,P251564_528,sar,SAR,atomic,attested,,
P251564,31.,P251564_528,re,RI,atomic,attested,,
P251564,5.,P251564_529,…,…,broken,,,
P251564,5.,P251564_530,dam,DAM,atomic,attested,,
P251564,5.,P251564_530,a,A,atomic,attested,,
P251564,5.,P251564_530,ni,NI,atomic,attested,,
P251564,6.,P251564_531,…,…,broken,,,
P251564,6.,P251564_531,x,X,atomic,attested,,
P251564,6.,P251564_531,ne,NE,atomic,attested,,
P251564,7.,P251564_532,mu,MU,atomic,attested,,
P251564,7.,P251564_533,lugal,LUGAL,atomic,attested,,
P251564,7.,P251564_533,bi,BI,atomic,attested,,
P251564,8.,P251564_534,in,IN,atomic,attested,,
P251564,8.,P251564_534,pa3,PA3,atomic,attested,,
P251564,8.,P251564_534,de3,NE,atomic,attested,,
P251564,8.,P251564_534,eš,|U.U.U|,atomic,attested,,
P251564,9.,P251564_535,igi,IGI,atomic,attested,,
P251564,9.,P251564_536,a,A,atomic,attested,,la-ma
P251564,9.,P251564_536,na,NA,atomic,attested,,la-ma
P251564,9.,P251564_536,ku,KU,atomic,attested,,la-ma
P251564,9.,P251564_536,dingir,AN,atomic,attested,,la-ma
P251564,10.,P251564_537,igi,IGI,atomic,attested,,
P251564,10.,P251564_538,mu,MU,atomic,attested,,
P251564,10.,P251564_538,tum,TUM,atomic,attested,,
P251564,10.,P251564_538,dingir,AN,atomic,attested,,
P251564,11.,P251564_539,dub,DUB,atomic,attested,,
P251564,11.,P251564_539,sar,SAR,atomic,attested,,
P251564,12.,P251564_540,iti,UD×U+U+U,atomic,attested,,
P251564,12.,P251564_541,du6,LAGAR@g,atomic,attested,,
P251564,12.,P251564_541,ku3,KU₃,atomic,attested,,
P251564,13-14.,P251564_542,mu,MU,atomic,attested,,
P251564,13-14.,P251564_543,ib,IB,atomic,attested,,ki
P251564,13-14.,P251564_543,ra,RA,atomic,attested,,ki
P251564,13-14.,P251564_543,at,AD,atomic,attested,,ki
P251564,13-14.,P251564_544,u3,|IGI.DIB|,atomic,attested,,
P251564,13-14.,P251564_545,iri,URU,atomic,attested,,ki
P251564,13-14.,P251564_546,didli,|AŠ.AŠ|,compound,attested,OSL,
P251564,13-14.,P251564_547,…,…,broken,,,
P251564,15.,P251564_548,2(diš),2(diš),numeral,,,
P251564,15.,P251564_549,sar,SAR,atomic,attested,,
P251564,15.,P251564_550,kiri6,SAR,atomic,attested,,geš
P251564,16.,P251564_551,da,DA,atomic,attested,,
P251564,16.,P251564_552,…,…,broken,,,
P251564,17.,P251564_553,gu2,GU₂,atomic,attested,,
P251564,17.,P251564_554,i7,i7,unresolved,,,
P251564,17.,P251564_555,…,…,broken,,,
P251564,18.,P251564_556,da,DA,atomic,attested,,
P251564,18.,P251564_557,a,A,atomic,attested,,
P251564,18.,P251564_557,za3,ZAG,atomic,attested,,
P251564,18.,P251564_558,ku,KU,atomic,attested,,
P251564,18.,P251564_558,x,X,atomic,attested,,
P251564,19.,P251564_559,da,DA,atomic,attested,,
P251564,19.,P251564_560,a,A,atomic,attested,,
P251564,19.,P251564_560,ša3,ŠA₃,atomic,attested,,
P251564,19.,P251564_561,hi,HI,atomic,attested,,
P251564,19.,P251564_561,lum,LUM,atomic,attested,,
P251564,20.,P251564_562,sa,SA,atomic,attested,,
P251564,20.,P251564_562,dur2,dur2,unresolved,,,
P251564,20.,P251564_562,bi,BI,atomic,attested,,
P251564,20.,P251564_563,a,A,atomic,attested,,
P251564,20.,P251564_563,ša3,ŠA₃,atomic,attested,,
P251564,20.,P251564_564,šu,ŠU,atomic,attested,,
P251564,20.,P251564_564,nu,NU,atomic,attested,,
P251564,20.,P251564_564,nu,NU,atomic,attested,,
P251564,21.,P251564_565,sa10,|NINDA₂×ŠE|,atomic,attested,,
P251564,21.,P251564_566,til,TIL,atomic,attested,,
P251564,21.,P251564_566,la,LA,atomic,attested,,
P251564,21.,P251564_566,bi,BI,atomic,attested,,
P251564,21.,P251564_566,še3,EŠ₂,atomic,attested,,
P251564,22.,P251564_567,3(diš),3(diš),numeral,,,
P251564,22.,P251564_568,ma,MA,atomic,attested,,
P251564,22.,P251564_568,na,NA,atomic,attested,,
P251564,22.,P251564_569,ku3-babbar,|KU₃.UD|,compound,attested,OSL,
P251564,23.,P251564_570,in,IN,atomic,attested,,
P251564,23.,P251564_570,na,NA,atomic,attested,,
P251564,23.,P251564_570,la2,LAL,atomic,attested,,
P251564,24.,P251564_571,ki,KI,atomic,attested,,
P251564,24.,P251564_572,i,I,atomic,attested,,
P251564,24.,P251564_572,lu,LU,atomic,attested,,
P251564,24.,P251564_572,su2,ZU,atomic,attested,,
P251564,24.,P251564_572,na,NA,atomic,attested,,
P251564,24.,P251564_572,da,DA,atomic,attested,,
P251564,24.,P251564_572,ta,TA,atomic,attested,,
P251564,25.,P251564_573,dingir,AN,atomic,attested,,diš
P251564,25.,P251564_573,na,NA,atomic,attested,,diš
P251564,25.,P251564_573,da,DA,atomic,attested,,diš
P251564,26.,P251564_574,in,IN,atomic,attested,,
P251564,26.,P251564_574,ši,IGI,atomic,attested,,
P251564,26.,P251564_574,sa10,|NINDA₂×ŠE|,atomic,attested,,
P251564,27.,P251564_575,u4,UD,atomic,attested,,
P251564,27.,P251564_576,kur2,PAP,atomic,attested,,
P251564,27.,P251564_577,lu2,LU₂,atomic,attested,,
P251564,27.,P251564_578,lu2,LU₂,atomic,attested,,
P251564,28.,P251564_579,nu,NU,atomic,attested,,
P251564,28.,P251564_579,mu,MU,atomic,attested,,
P251564,28.,P251564_579,un,KALAM@g,atomic,attested,,
P251564,28.,P251564_579,gi4,GI₄,atomic,attested,,
P251564,28.,P251564_579,gi4,GI₄,atomic,attested,,
P251564,28.,P251564_579,dam,DAM,atomic,attested,,
P251564,29.,P251564_580,mu,MU,atomic,attested,,
P251564,29.,P251564_581,lugal,LUGAL,atomic,attested,,
P251564,29.,P251564_581,bi,BI,atomic,attested,,
P251564,30.,P251564_582,in,IN,atomic,attested,,
P251564,30.,P251564_582,pa3,PA3,atomic,attested,,
P251564,30.,P251564_582,de3,NE,atomic,attested,,
P251564,30.,P251564_582,eš,|U.U.U|,atomic,attested,,
P251564,1.,P251564_583,…,…,broken,,,
P251564,2.,P251564_584,…,…,broken,,,
P251564,3.,P251564_585,…,…,broken,,,
P251564,4-6.,P251564_586,mu,MU,atomic,attested,,
P251564,4-6.,P251564_587,…,…,broken,,,
P251564,4-6.,P251564_588,x,X,atomic,attested,,
P251564,4-6.,P251564_589,…,…,broken,,,
P251564,4-6.,P251564_589,bi,BI,atomic,attested,,
P251564,4-6.,P251564_589,da,DA,atomic,attested,,
P251564,4-6.,P251564_589,ra,RA,atomic,attested,,
P251564,4-6.,P251564_590,mu,MU,atomic,attested,,
P251564,4-6.,P251564_590,na,NA,atomic,attested,,
P251564,4-6.,P251564_590,dim2,DIM₂,atomic,attested,,
P251564,7.,P251564_591,n,n,numeral,,,
P251564,7.,P251564_592,gin2,DUN₃@g,atomic,attested,,
P251564,7.,P251564_593,ku3-babbar,|KU₃.UD|,compound,attested,OSL,
P251564,8.,P251564_594,mu,MU,atomic,attested,,
P251564,8.,P251564_595,še,ŠE,atomic,attested,,
P251564,8.,P251564_596,sag11,KIN,atomic,attested,,
P251564,8.,P251564_596,ku5,TAR,atomic,attested,,
P251564,8.,P251564_596,še3,EŠ₂,atomic,attested,,
P251564,9.,P251564_597,ki,KI,atomic,attested,,
P251564,9.,P251564_598,a,A,atomic,attested,,
P251564,9.,P251564_598,wi,PI,atomic,attested,,
P251564,9.,P251564_598,il,IL,atomic,attested,,
P251564,9.,P251564_598,i3,NI,atomic,attested,,
P251564,9.,P251564_598,li2,NI,atomic,attested,,
P251564,9.,P251564_598,ta,TA,atomic,attested,,
P251564,10.,P251564_599,nu,NU,atomic,attested,,diš;d
P251564,10.,P251564_599,ur2,UR₂,atomic,attested,,diš;d
P251564,10.,P251564_599,iš,IŠ,atomic,attested,,diš;d
P251564,10.,P251564_599,ha,HA,atomic,attested,,diš;d
P251564,10.,P251564_599,ra,RA,atomic,attested,,diš;d
P251564,11.,P251564_600,šu,ŠU,atomic,attested,,
P251564,11.,P251564_601,ba,BA,atomic,attested,,
P251564,11.,P251564_601,an,AN,atomic,attested,,
P251564,11.,P251564_601,ti,TI,atomic,attested,,
P251564,12.,P251564_602,u4,UD,atomic,attested,,
P251564,12.,P251564_603,buru14,|EN×GAN₂@t|,atomic,attested,,
P251564,12.,P251564_603,ka,ka,unresolved,,,
P251564,13.,P251564_604,lu2,LU₂,atomic,attested,,
P251564,13.,P251564_605,še,ŠE,atomic,attested,,
P251564,13.,P251564_606,sag11,KIN,atomic,attested,,
P251564,13.,P251564_606,ku5,TAR,atomic,attested,,
P251564,13.,P251564_607,us2,UŠ,atomic,attested,,
P251564,13.,P251564_607,sa,SA,atomic,attested,,
P251564,14.,P251564_608,tukum,tukum,unresolved,,,
P251564,14.,P251564_608,bi,BI,atomic,attested,,
P251564,15.,P251564_609,nu,NU,atomic,attested,,
P251564,15.,P251564_609,us2,UŠ,atomic,attested,,
P251564,15.,P251564_609,sa,SA,atomic,attested,,
P251564,15.,P251564_609,ta,TA,atomic,attested,,
P251564,16.,P251564_610,n,n,numeral,,,
P251564,16.,P251564_611,ma,MA,atomic,attested,,
P251564,16.,P251564_611,na,NA,atomic,attested,,
P251564,16.,P251564_612,ku3-babbar,|KU₃.UD|,compound,attested,OSL,
P251564,17.,P251564_613,i3,NI,atomic,attested,,
P251564,17.,P251564_613,la2,LAL,atomic,attested,,
P251564,17.,P251564_613,e,E,atomic,attested,,
P251564,18.,P251564_614,igi,IGI,atomic,attested,,
P251564,18.,P251564_615,x,X,atomic,attested,,
P251564,18.,P251564_615,la,LA,atomic,attested,,
P251564,18.,P251564_615,i3,NI,atomic,attested,,
P251564,18.,P251564_615,gin7,DIM₂,atomic,attested,,
P251564,19.,P251564_616,igi,IGI,atomic,attested,,
P251564,19.,P251564_617,x,X,atomic,attested,,
P251564,19.,P251564_617,la,LA,atomic,attested,,
P251564,19.,P251564_617,ak,AK,atomic,attested,,
P251564,19.,P251564_617,i3,NI,atomic,attested,,
P251564,19.,P251564_617,gin7,DIM₂,atomic,attested,,
P251564,20.,P251564_618,dub,DUB,atomic,attested,,
P251564,20.,P251564_618,sar,SAR,atomic,attested,,
P251564,21.,P251564_619,iti,UD×U+U+U,atomic,attested,,
P251564,21.,P251564_620,še,ŠE,atomic,attested,,
P251564,21.,P251564_620,sag11,KIN,atomic,attested,,
P251564,21.,P251564_620,ku5,TAR,atomic,attested,,
P251564,22-24.,P251564_621,mu,MU,atomic,attested,,
P251564,22-24.,P251564_622,…,…,broken,,,
P251564,22-24.,P251564_623,dingir,AN,atomic,attested,,
P251564,22-24.,P251564_623,re,RI,atomic,attested,,
P251564,22-24.,P251564_623,e,E,atomic,attested,,
P251564,22-24.,P251564_623,ne,NE,atomic,attested,,
P251564,22-24.,P251564_623,ra,RA,atomic,attested,,
P251564,22-24.,P251564_624,mu,MU,atomic,attested,,
P251564,22-24.,P251564_624,na,NA,atomic,attested,,
P251564,22-24.,P251564_624,dim2,DIM₂,atomic,attested,,
P251564,25.,P251564_625,,,unresolved,,,diš;d
P251564,25.,P251564_625,šul,DUN,atomic,attested,,diš;d
P251564,25.,P251564_625,gi,GI,atomic,attested,,diš;d
P251564,25.,P251564_625,ad,AD,atomic,attested,,diš;d
P251564,25.,P251564_625,lal3,|TA×HI|,atomic,attested,,diš;d
P251564,26.,P251564_626,šandana,|GAL.NI|,compound,attested,OSL,
P251564,26.,P251564_627,dam,DAM,atomic,attested,,
P251564,26.,P251564_628,dingir,AN,atomic,attested,,
P251564,27.,P251564_629,nin,|SAL.TUG₂|,atomic,attested,,
P251564,27.,P251564_629,he2,|GAN×HI|,compound,attested,OSL,
P251564,27.,P251564_629,gal2,IG,atomic,attested,,
P251564,27.,P251564_630,dam,DAM,atomic,attested,,
P251564,27.,P251564_630,a,A,atomic,attested,,
P251564,27.,P251564_630,ni,NI,atomic,attested,,
P251564,28.,P251564_631,ba,BA,atomic,attested,,
P251564,28.,P251564_631,uš2,UŠ₂,atomic,attested,,
P251564,29.,P251564_632,egir,EGIR,atomic,attested,,
P251564,29.,P251564_633,dam,DAM,atomic,attested,,
P251564,29.,P251564_633,a,A,atomic,attested,,
P251564,29.,P251564_633,ni,NI,atomic,attested,,
P251564,29.,P251564_633,ta,TA,atomic,attested,,
P251564,30.,P251564_634,nin,|SAL.TUG₂|,atomic,attested,,d
P251564,30.,P251564_634,lil2,KID,atomic,attested,,d
P251564,30.,P251564_634,ama,|GA₂×AN|,atomic,attested,,d
P251564,30.,P251564_634,mu,MU,atomic,attested,,d
P251564,30.,P251564_635,geme2,geme2,unresolved,,,
P251564,30.,P251564_635,ni,NI,atomic,attested,,
P251564,31.,P251564_636,nam,NAM,atomic,attested,,
P251564,31.,P251564_636,dam,DAM,atomic,attested,,
P251564,31.,P251564_636,še3,EŠ₂,atomic,attested,,
P251564,31.,P251564_637,ba,BA,atomic,attested,,
P251564,31.,P251564_637,an,AN,atomic,attested,,
P251564,31.,P251564_637,tuku,TUK,atomic,attested,,
P251564,32.,P251564_638,igi,IGI,atomic,attested,,
P251564,32.,P251564_639,di,DI,atomic,attested,,
P251564,32.,P251564_639,ku5,TAR,atomic,attested,,
P251564,32.,P251564_639,bi,BI,atomic,attested,,
P251564,32.,P251564_639,me,ME,atomic,attested,,
P251564,32.,P251564_639,eš,|U.U.U|,atomic,attested,,
P251564,33.,P251564_640,u3,|IGI.DIB|,atomic,attested,,
P251564,33.,P251564_641,ab,AB,atomic,attested,,
P251564,33.,P251564_641,ba,BA,atomic,attested,,
P251564,33.,P251564_642,iri,URU,atomic,attested,,ki
P251564,33.,P251564_642,me,ME,atomic,attested,,ki
P251564,33.,P251564_642,eš,|U.U.U|,atomic,attested,,ki
P251564,34.,P251564_643,dug,DUG,atomic,attested,,
P251564,34.,P251564_644,nam,NAM,atomic,attested,,
P251564,34.,P251564_644,geme2,geme2,unresolved,,,
P251564,34.,P251564_644,a,A,atomic,attested,,
P251564,34.,P251564_644,ni,NI,atomic,attested,,
P251564,34.,P251564_645,in,IN,atomic,attested,,
P251564,34.,P251564_645,gaz,|GUM×ŠE|,atomic,attested,,
P251564,1.,P251564_646,…,…,broken,,,
P251564,2.,P251564_647,…,…,broken,,,
P251564,3.,P251564_648,sag,SAG,atomic,attested,,
P251564,3.,P251564_649,ku,KU,atomic,attested,,
P251564,3.,P251564_650,e,E,atomic,attested,,
P251564,3.,P251564_651,ne,NE,atomic,attested,,
P251564,4.,P251564_652,RI,RI,atomic,attested,,
P251564,4.,P251564_652,RI,RI,atomic,attested,,
P251564,4.,P251564_652,ga,GA,atomic,attested,,
P251564,5.,P251564_653,u4,UD,atomic,attested,,
P251564,5.,P251564_654,kur2,PAP,atomic,attested,,
P251564,5.,P251564_654,še3,EŠ₂,atomic,attested,,
P251564,6.,P251564_655,dumu,TUR,atomic,attested,,
P251564,6.,P251564_656,nin,|SAL.TUG₂|,atomic,attested,,
P251564,6.,P251564_656,he2,|GAN×HI|,compound,attested,OSL,
P251564,6.,P251564_656,gal2,IG,atomic,attested,,
P251564,7.,P251564_657,dumu,TUR,atomic,attested,,
P251564,7.,P251564_658,nin,|SAL.TUG₂|,atomic,attested,,d
P251564,7.,P251564_658,lil2,KID,atomic,attested,,d
P251564,7.,P251564_658,ama,|GA₂×AN|,atomic,attested,,d
P251564,7.,P251564_658,mu,MU,atomic,attested,,d
P251564,7.,P251564_658,še3,EŠ₂,atomic,attested,,d
P251564,8.,P251564_659,geme2,geme2,unresolved,,,
P251564,8.,P251564_660,arad,ARAD,atomic,attested,,
P251564,8.,P251564_660,me,ME,atomic,attested,,
P251564,8.,P251564_660,eš,|U.U.U|,atomic,attested,,
P251564,9.,P251564_661,nu,NU,atomic,attested,,
P251564,9.,P251564_661,ub,UB,atomic,attested,,
P251564,9.,P251564_661,be2,BI,atomic,attested,,
P251564,9.,P251564_661,a,A,atomic,attested,,
P251564,10.,P251564_662,ha,HA,atomic,attested,,
P251564,10.,P251564_662,la,LA,atomic,attested,,
P251564,10.,P251564_663,teš2,UR,atomic,attested,,
P251564,10.,P251564_664,igi,IGI,atomic,attested,,
P251564,10.,P251564_664,3(u),|U.U.U|,atomic,attested,,
P251564,10.,P251564_664,gal2,IG,atomic,attested,,
P251564,10.,P251564_664,bi,BI,atomic,attested,,
P251564,11.,P251564_665,i3,NI,atomic,attested,,
P251564,11.,P251564_665,ba,BA,atomic,attested,,
P251564,11.,P251564_665,e,E,atomic,attested,,
P251564,11.,P251564_665,eš,|U.U.U|,atomic,attested,,
P251564,12.,P251564_666,mu,MU,atomic,attested,,
P251564,12.,P251564_667,lugal,LUGAL,atomic,attested,,
P251564,12.,P251564_667,bi,BI,atomic,attested,,
P251564,13.,P251564_668,in,IN,atomic,attested,,
P251564,13.,P251564_668,pa3,PA3,atomic,attested,,
P251564,13.,P251564_668,de3,NE,atomic,attested,,
P251564,13.,P251564_668,eš,|U.U.U|,atomic,attested,,
P251564,14.,P251564_669,igi,IGI,atomic,attested,,
P251564,14.,P251564_670,ha,HA,atomic,attested,,
P251564,14.,P251564_670,ma,MA,atomic,attested,,
P251564,14.,P251564_670,ti,TI,atomic,attested,,
P251564,14.,P251564_670,il,IL,atomic,attested,,
P251564,15.,P251564_671,igi,IGI,atomic,attested,,
P251564,15.,P251564_672,be,BAD,atomic,attested,,
P251564,15.,P251564_672,di,DI,atomic,attested,,
P251564,15.,P251564_672,lum,LUM,atomic,attested,,
P251564,16.,P251564_673,dub,DUB,atomic,attested,,
P251564,16.,P251564_673,sar,SAR,atomic,attested,,
P251564,17.,P251564_674,iti,UD×U+U+U,atomic,attested,,
P251564,17.,P251564_675,diri,diri,unresolved,,,
P251564,17.,P251564_676,še,ŠE,atomic,attested,,
P251564,17.,P251564_676,sag11,KIN,atomic,attested,,
P251564,17.,P251564_676,ku5,TAR,atomic,attested,,
P251564,18.,P251564_677,mu,MU,atomic,attested,,
P251564,18.,P251564_678,buranun,buranun,unresolved,,,i7;ki
P251564,18.,P251564_679,ba,BA,atomic,attested,,
P251564,18.,P251564_679,ba,BA,atomic,attested,,
P251564,18.,P251564_679,al,AL,atomic,attested,,
P251564,19.,P251564_680,3(diš),3(diš),numeral,,,
P251564,19.,P251564_681,ma,MA,atomic,attested,,
P251564,19.,P251564_681,na,NA,atomic,attested,,
P251564,19.,P251564_682,ku3-babbar,|KU₃.UD|,compound,attested,OSL,
P251564,20.,P251564_683,nam,NAM,atomic,attested,,
P251564,20.,P251564_683,tab,TAB,atomic,attested,,
P251564,20.,P251564_683,ba,BA,atomic,attested,,
P251564,21.,P251564_684,…,…,broken,,,
P251564,22.,P251564_685,…,…,broken,,,
P251564,23.,P251564_686,…,…,broken,,,
P251564,24.,P251564_687,…,…,broken,,,
P251564,25.,P251564_688,…,…,broken,,,
P251564,26.,P251564_689,…,…,broken,,,
P251564,27.,P251564_690,…,…,broken,,,
P251564,28.,P251564_691,x,X,atomic,attested,,
P251564,28.,P251564_692,x,X,atomic,attested,,
P251564,28.,P251564_693,x,X,atomic,attested,,
P251564,28.,P251564_694,…,…,broken,,,
P251564,29.,P251564_695,kar,KAR,atomic,attested,,
P251564,29.,P251564_696,e2,E₂,atomic,attested,,d;ki
P251564,29.,P251564_696,suen,|EN.ZU|,compound,attested,OSL,d;ki
P251564,29.,P251564_696,še3,EŠ₂,atomic,attested,,d;ki
P251564,30.,P251564_697,gi4,GI₄,atomic,attested,,
P251564,30.,P251564_697,gi4,GI₄,atomic,attested,,
P251564,30.,P251564_697,dam,DAM,atomic,attested,,
P251564,31.,P251564_698,ku3,KU₃,atomic,attested,,
P251564,31.,P251564_698,bi,BI,atomic,attested,,
P251564,32.,P251564_699,libir,libir,unresolved,,,
P251564,32.,P251564_700,bi2,NE,atomic,attested,,
P251564,32.,P251564_700,gal2,IG,atomic,attested,,
P251564,32.,P251564_700,la,LA,atomic,attested,,
P251564,33.,P251564_701,ma,MA,atomic,attested,,
P251564,33.,P251564_701,na,NA,atomic,attested,,
P251564,33.,P251564_702,ku3-babbar,|KU₃.UD|,compound,attested,OSL,
P251564,34.,P251564_703,e2,E₂,atomic,attested,,
P251564,34.,P251564_704,um,UM,atomic,attested,,
P251564,34.,P251564_704,mi,MI,atomic,attested,,
P251564,34.,P251564_704,a,A,atomic,attested,,
P251564,34.,P251564_704,še3,EŠ₂,atomic,attested,,
P251564,35.,P251564_705,x,X,atomic,attested,,
P251564,35.,P251564_706,x,X,atomic,attested,,
P251564,35.,P251564_707,x,X,atomic,attested,,
P251564,1.,P251564_708,ib2,TUM,atomic,attested,,
P251564,1.,P251564_708,gi4,GI₄,atomic,attested,,
P251564,1.,P251564_708,gi4,GI₄,atomic,attested,,
P251564,1.,P251564_708,ne,NE,atomic,attested,,
P251564,2.,P251564_709,u3,|IGI.DIB|,atomic,attested,,
P251564,2.,P251564_710,šu,ŠU,atomic,attested,,
P251564,2.,P251564_710,la2,LAL,atomic,attested,,
P251564,3.,P251564_711,nu,NU,atomic,attested,,
P251564,3.,P251564_711,mu,MU,atomic,attested,,
P251564,3.,P251564_711,un,KALAM@g,atomic,attested,,
P251564,3.,P251564_711,ne,NE,atomic,attested,,
P251564,3.,P251564_711,šum2,šum2,unresolved,,,
P251564,4.,P251564_712,igi,IGI,atomic,attested,,
P251564,4.,P251564_713,lu2,LU₂,atomic,attested,,d
P251564,4.,P251564_713,utu,UD,atomic,attested,,d
P251564,4.,P251564_714,dub,DUB,atomic,attested,,
P251564,4.,P251564_714,sar,SAR,atomic,attested,,
P251564,5.,P251564_715,iti,UD×U+U+U,atomic,attested,,
P251564,5.,P251564_716,ab,AB,atomic,attested,,
P251564,5.,P251564_716,e3,e3,unresolved,,,
P251564,5.,P251564_716,a,A,atomic,attested,,
P251564,6-8.,P251564_717,mu,MU,atomic,attested,,
P251564,6-8.,P251564_718,ugnim,ugnim,unresolved,,,
P251564,6-8.,P251564_719,tin,DIN,atomic,attested,,ki
P251564,6-8.,P251564_719,tir,|ŠE.NUN&NUN|,atomic,attested,,ki
P251564,6-8.,P251564_720,tukul,KU,atomic,attested,,geš
P251564,6-8.,P251564_721,ba,BA,atomic,attested,,
P251564,6-8.,P251564_721,sig3,PA,atomic,attested,,
P251564,9.,P251564_722,3(iku),3(iku),numeral,,,
P251564,9.,P251564_723,GAN2,GAN₂,atomic,attested,,
P251564,9.,P251564_724,kiri6,SAR,atomic,attested,,geš
P251564,10.,P251564_725,gu2,GU₂,atomic,attested,,
P251564,10.,P251564_726,me,ME,atomic,attested,,i7;d
P251564,10.,P251564_726,en,EN,atomic,attested,,i7;d
P251564,10.,P251564_726,lil2,KID,atomic,attested,,i7;d
P251564,10.,P251564_726,la2,LAL,atomic,attested,,i7;d
P251564,11.,P251564_727,da,DA,atomic,attested,,
P251564,11.,P251564_728,e,E,atomic,attested,,
P251564,11.,P251564_729,šul,DUN,atomic,attested,,d
P251564,11.,P251564_729,gi,GI,atomic,attested,,d
P251564,12.,P251564_730,da,DA,atomic,attested,,
P251564,12.,P251564_731,EŠ,|U.U.U|,atomic,attested,,
P251564,12.,P251564_732,x,X,atomic,attested,,
P251564,12.,P251564_733,us2,UŠ,atomic,attested,,
P251564,12.,P251564_733,sa,SA,atomic,attested,,
P251564,13.,P251564_734,ma,MA,atomic,attested,,i7
P251564,13.,P251564_734,e,E,atomic,attested,,i7
P251564,13.,P251564_734,x,X,atomic,attested,,i7
P251564,14.,P251564_735,sa,SA,atomic,attested,,
P251564,14.,P251564_735,dur2,dur2,unresolved,,,
P251564,14.,P251564_735,bi,BI,atomic,attested,,
P251564,14.,P251564_736,5(diš),5(diš),numeral,,,
P251564,14.,P251564_737,x,X,atomic,attested,,
P251564,15.,P251564_738,ki,KI,atomic,attested,,diš
P251564,15.,P251564_738,ši,IGI,atomic,attested,,diš
P251564,15.,P251564_738,im,IM,atomic,attested,,diš
P251564,15.,P251564_738,x,X,atomic,attested,,diš
P251564,15.,P251564_738,x,X,atomic,attested,,diš
P251564,16.,P251564_739,sa10,|NINDA₂×ŠE|,atomic,attested,,
P251564,16.,P251564_740,til,TIL,atomic,attested,,
P251564,16.,P251564_740,la,LA,atomic,attested,,
P251564,16.,P251564_740,bi,BI,atomic,attested,,
P251564,16.,P251564_740,še3,EŠ₂,atomic,attested,,
P251564,17.,P251564_741,nig2,GAR,atomic,attested,,
P251564,17.,P251564_741,nam,NAM,atomic,attested,,
P251564,17.,P251564_741,ma,MA,atomic,attested,,
P251564,17.,P251564_742,x,X,atomic,attested,,
P251564,17.,P251564_743,x,X,atomic,attested,,
P251564,17.,P251564_744,x,X,atomic,attested,,
P251564,18.,P251564_745,in,IN,atomic,attested,,
P251564,18.,P251564_745,na,NA,atomic,attested,,
P251564,18.,P251564_745,la2,LAL,atomic,attested,,
P342646,1'.,P342646_1,iti,UD×U+U+U,atomic,attested,,
P342646,1'.,P342646_2,gu4,GUD,atomic,attested,,
P342646,1'.,P342646_2,si,SI,atomic,attested,,
P342646,1'.,P342646_2,su,SU,atomic,attested,,
P342646,1'.,P342646_2,še3,EŠ₂,atomic,attested,,
P342646,1.,P342646_3,…,…,broken,,,
P342646,2.,P342646_4,…,…,broken,,,
P342646,3.,P342646_5,…,…,broken,,,
P342646,4.,P342646_6,…,…,broken,,,d
P342646,4.,P342646_6,iškur,IM,atomic,attested,,d
P342646,5.,P342646_7,šu,ŠU,atomic,attested,,
P342646,5.,P342646_8,ba,BA,atomic,attested,,
P342646,5.,P342646_8,an,AN,atomic,attested,,
P342646,5.,P342646_8,ti,TI,atomic,attested,,
P342646,6.,P342646_9,iti,UD×U+U+U,atomic,attested,,
P342646,6.,P342646_10,apin,APIN,atomic,attested,,geš
P342646,6.,P342646_10,du8,DUH,atomic,attested,,geš
P342646,6.,P342646_10,a,A,atomic,attested,,geš
P342646,7.,P342646_11,šum2,šum2,unresolved,,,
P342646,7.,P342646_11,mu,MU,atomic,attested,,
P342646,7.,P342646_11,dam,DAM,atomic,attested,,
P342646,8.,P342646_12,tukum,tukum,unresolved,,,
P342646,8.,P342646_12,bi,BI,atomic,attested,,
P342646,9.,P342646_13,iti,UD×U+U+U,atomic,attested,,
P342646,9.,P342646_14,apin,APIN,atomic,attested,,geš
P342646,9.,P342646_14,du8,DUH,atomic,attested,,geš
P342646,9.,P342646_14,a,A,atomic,attested,,geš
P342646,9.,P342646_14,ka,ka,unresolved,,,geš
P342646,10.,P342646_15,la,LA,atomic,attested,,
P342646,10.,P342646_15,ba,BA,atomic,attested,,
P342646,10.,P342646_15,an,AN,atomic,attested,,
P342646,10.,P342646_15,šum2,šum2,unresolved,,,
P342646,11.,P342646_16,maš2,KUN,atomic,attested,,
P342646,11.,P342646_17,1(aš),1(aš),numeral,,,
P342646,11.,P342646_18,gur,GUR,atomic,attested,,
P342646,11.,P342646_19,1(barig),1(barig),numeral,,,
P342646,11.,P342646_20,4(ban2),4(ban2),unresolved,,,
P342646,11.,P342646_20,ta,TA,atomic,attested,,
P342646,12.,P342646_21,i3,NI,atomic,attested,,
P342646,12.,P342646_21,ag2,|NINDA₂×NE|,atomic,attested,,
P342646,12.,P342646_21,e,E,atomic,attested,,
P342646,1'.,P342646_22,1(u),1(u),numeral,,,
P342646,1'.,P342646_23,1(aš),1(aš),numeral,,,
P342646,1'.,P342646_24,n,n,numeral,,,
P342646,1'.,P342646_25,še,ŠE,atomic,attested,,
P342646,1'.,P342646_26,gur,GUR,atomic,attested,,
P342646,2'.,P342646_27,eš,|U.U.U|,atomic,attested,,
P342646,2'.,P342646_27,de2,DE₂,atomic,attested,,
P342646,2'.,P342646_27,a,A,atomic,attested,,
P342646,2'.,P342646_27,še3,EŠ₂,atomic,attested,,
P342646,3'.,P342646_28,ki,KI,atomic,attested,,
P342646,3'.,P342646_29,DINGIR,AN,atomic,attested,,
P342646,3'.,P342646_29,…,…,broken,,,
P342646,3'.,P342646_29,ta,TA,atomic,attested,,
P342646,4'.,P342646_30,a,A,atomic,attested,,diš
P342646,4'.,P342646_30,x,X,atomic,attested,,diš
P342646,4'.,P342646_30,…,…,broken,,,diš
P342646,5'.,P342646_31,šu,ŠU,atomic,attested,,
P342646,5'.,P342646_32,ba,BA,atomic,attested,,
P342646,5'.,P342646_32,an,AN,atomic,attested,,
P342646,5'.,P342646_32,ti,TI,atomic,attested,,
P342646,6'.,P342646_33,iti,UD×U+U+U,atomic,attested,,
P342646,6'.,P342646_34,gu4,GUD,atomic,attested,,
P342646,6'.,P342646_34,si,SI,atomic,attested,,
P342646,6'.,P342646_34,su,SU,atomic,attested,,
P342646,6'.,P342646_34,še3,EŠ₂,atomic,attested,,
P342646,7'.,P342646_35,šum2,šum2,unresolved,,,
P342646,7'.,P342646_35,mu,MU,atomic,attested,,
P342646,7'.,P342646_35,dam,DAM,atomic,attested,,
P342646,1'.,P342646_36,n,n,numeral,,,
P342646,1'.,P342646_37,še,ŠE,atomic,attested,,
P342646,1'.,P342646_38,gur,GUR,atomic,attested,,
P342646,2'.,P342646_39,še,ŠE,atomic,attested,,
P342646,2'.,P342646_40,ur5,ur5,unresolved,,,
P342646,2'.,P342646_40,ra,RA,atomic,attested,,
P342646,3'.,P342646_41,nu,NU,atomic,attested,,
P342646,3'.,P342646_41,me,ME,atomic,attested,,
P342646,3'.,P342646_41,a,A,atomic,attested,,
P342646,3'.,P342646_42,eš,|U.U.U|,atomic,attested,,
P342646,3'.,P342646_42,de2,DE₂,atomic,attested,,
P342646,3'.,P342646_42,a,A,atomic,attested,,
P342646,4'.,P342646_43,ib2,TUM,atomic,attested,,
P342646,4'.,P342646_43,ta,TA,atomic,attested,,
P342646,4'.,P342646_43,de2,DE₂,atomic,attested,,
P342646,5'.,P342646_44,ki,KI,atomic,attested,,
P342646,5'.,P342646_45,ab,AB,atomic,attested,,
P342646,5'.,P342646_45,ba,BA,atomic,attested,,
P342646,5'.,P342646_45,gu,GU,atomic,attested,,
P342646,5'.,P342646_45,kal,KAL,atomic,attested,,
P342646,6'.,P342646_46,lu2,LU₂,atomic,attested,,diš;d
P342646,6'.,P342646_46,ba,BA,atomic,attested,,diš;d
P342646,6'.,P342646_46,ba6,U₂,atomic,attested,,diš;d
P342646,7'.,P342646_47,šu,ŠU,atomic,attested,,
P342646,7'.,P342646_48,ba,BA,atomic,attested,,
P342646,7'.,P342646_48,an,AN,atomic,attested,,
P342646,7'.,P342646_48,ti,TI,atomic,attested,,
P342646,8'.,P342646_49,iti,UD×U+U+U,atomic,attested,,
P342646,8'.,P342646_50,apin,APIN,atomic,attested,,geš
P342646,8'.,P342646_50,du8,DUH,atomic,attested,,geš
P342646,8'.,P342646_50,a,A,atomic,attested,,geš
P342646,9'.,P342646_51,šum2,šum2,unresolved,,,
P342646,9'.,P342646_51,mu,MU,atomic,attested,,
P342646,9'.,P342646_51,dam,DAM,atomic,attested,,
P342646,10'.,P342646_52,1(u),1(u),numeral,,,
P342646,10'.,P342646_53,2(aš),2(aš),numeral,,,
P342646,10'.,P342646_54,še,ŠE,atomic,attested,,
P342646,10'.,P342646_55,gur,GUR,atomic,attested,,
P342646,11'.,P342646_56,giskim,|IGI.DUB|,compound,attested,OSL,
P342646,11'.,P342646_56,ti,TI,atomic,attested,,
P342646,11'.,P342646_56,še3,EŠ₂,atomic,attested,,
P342646,12'.,P342646_57,ki,KI,atomic,attested,,
P342646,12'.,P342646_58,ur,UR,atomic,attested,,
P342646,12'.,P342646_58,du6,LAGAR@g,atomic,attested,,
P342646,12'.,P342646_58,ku3,KU₃,atomic,attested,,
P342646,12'.,P342646_58,ga,GA,atomic,attested,,
P342646,12'.,P342646_59,ugula,PA,atomic,attested,,
P342646,12'.,P342646_60,dam,DAM,atomic,attested,,
P342646,12'.,P342646_60,gar3,GAR₃,atomic,attested,,
P342646,12'.,P342646_60,ta,TA,atomic,attested,,
P342646,1'.,P342646_61,u2,U₂,atomic,attested,,
P342646,1'.,P342646_61,gu,GU,atomic,attested,,
P342646,1'.,P342646_62,ba,BA,atomic,attested,,
P342646,1'.,P342646_62,an,AN,atomic,attested,,
P342646,1'.,P342646_62,de2,DE₂,atomic,attested,,
P342646,2'.,P342646_63,kišib,MES,atomic,attested,,
P342646,2'.,P342646_64,gaba,DUH,atomic,attested,,
P342646,2'.,P342646_64,ri,RI,atomic,attested,,
P342646,2'.,P342646_64,bi,BI,atomic,attested,,
P342646,3'.,P342646_65,in,IN,atomic,attested,,
P342646,3'.,P342646_65,na,NA,atomic,attested,,
P342646,3'.,P342646_65,an,AN,atomic,attested,,
P342646,3'.,P342646_65,tak4,TAK₄,atomic,attested,,
P342646,4'.,P342646_66,u4,UD,atomic,attested,,
P342646,4'.,P342646_67,kur2,PAP,atomic,attested,,
P342646,4'.,P342646_67,še3,EŠ₂,atomic,attested,,
P342646,5'.,P342646_68,kišib,MES,atomic,attested,,
P342646,5'.,P342646_69,ul,ul,unresolved,,,
P342646,5'.,P342646_69,pa3,PA3,atomic,attested,,
P342646,6'.,P342646_70,zi,ZI,atomic,attested,,
P342646,6'.,P342646_70,re,RI,atomic,attested,,
P342646,6'.,P342646_70,dam,DAM,atomic,attested,,
P342646,7'.,P342646_71,mu,MU,atomic,attested,,
P342646,7'.,P342646_72,lugal,LUGAL,atomic,attested,,
P342646,7'.,P342646_72,bi,BI,atomic,attested,,
P342646,7'.,P342646_73,in,IN,atomic,attested,,
P342646,7'.,P342646_73,pa3,PA3,atomic,attested,,
P342646,8'.,P342646_74,1(u),1(u),numeral,,,
P342646,8'.,P342646_75,5(aš),5(aš),numeral,,,
P342646,8'.,P342646_76,še,ŠE,atomic,attested,,
P342646,8'.,P342646_77,gur,GUR,atomic,attested,,
P342646,9'.,P342646_78,ša3,ŠA₃,atomic,attested,,
P342646,9'.,P342646_79,kišib,MES,atomic,attested,,
P342646,9'.,P342646_80,3(u),3(u),numeral,,,
P342646,9'.,P342646_81,še,ŠE,atomic,attested,,
P342646,9'.,P342646_82,gur,GUR,atomic,attested,,
P342646,10'.,P342646_83,i,I,atomic,attested,,d
P342646,10'.,P342646_83,din,DIN,atomic,attested,,d
P342646,10'.,P342646_83,nin,|SAL.TUG₂|,atomic,attested,,d
P342646,10'.,P342646_83,šubur,ŠUBUR,atomic,attested,,d
P342646,11'.,P342646_84,dingir,AN,atomic,attested,,
P342646,11'.,P342646_84,inim,inim,unresolved,,,
P342646,11'.,P342646_84,du11,du11,unresolved,,,
P342646,11'.,P342646_84,ga,GA,atomic,attested,,
P342646,11'.,P342646_84,ra,RA,atomic,attested,,
P342646,12'.,P342646_85,in,IN,atomic,attested,,
P342646,12'.,P342646_85,na,NA,atomic,attested,,
P342646,12'.,P342646_85,ra,RA,atomic,attested,,
P342646,12'.,P342646_85,su,SU,atomic,attested,,
P342646,12'.,P342646_85,su,SU,atomic,attested,,
P342646,1'.,P342646_86,dah,|MU&MU|,atomic,attested,,
P342646,1'.,P342646_86,he,HI,atomic,attested,,
P342646,1'.,P342646_86,dam,DAM,atomic,attested,,
P342646,2'.,P342646_87,ki,KI,atomic,attested,,
P342646,2'.,P342646_88,utu,UD,atomic,attested,,d
P342646,2'.,P342646_88,…,…,broken,,,d
P342646,2'.,P342646_88,ta,TA,atomic,attested,,d
P342646,3'.,P342646_89,ur,UR,atomic,attested,,diš
P342646,3'.,P342646_89,ašnan,|ŠE.ŠE.NUN&NUN|,compound,attested,OSL,diš
P342646,4'.,P342646_90,šu,ŠU,atomic,attested,,
P342646,4'.,P342646_91,ba,BA,atomic,attested,,
P342646,4'.,P342646_91,an,AN,atomic,attested,,
P342646,4'.,P342646_91,ti,TI,atomic,attested,,
P342646,5'.,P342646_92,iti,UD×U+U+U,atomic,attested,,
P342646,5'.,P342646_93,gu4,GUD,atomic,attested,,
P342646,5'.,P342646_93,si,SI,atomic,attested,,
P342646,5'.,P342646_93,su,SU,atomic,attested,,
P342646,5'.,P342646_93,še3,EŠ₂,atomic,attested,,
P342646,6'.,P342646_94,šum2,šum2,unresolved,,,
P342646,6'.,P342646_94,mu,MU,atomic,attested,,
P342646,6'.,P342646_94,dam,DAM,atomic,attested,,
P342646,7'.,P342646_95,3(diš),3(diš),numeral,,,
P342646,7'.,P342646_96,gin2,DUN₃@g,atomic,attested,,
P342646,7'.,P342646_97,ku3-babbar,|KU₃.UD|,compound,attested,OSL,
P342646,8'.,P342646_98,maš2,KUN,atomic,attested,,
P342646,8'.,P342646_99,1(diš),1(diš),numeral,,,
P342646,8'.,P342646_100,gin2,DUN₃@g,atomic,attested,,
P342646,8'.,P342646_101,1(ban2),1(ban2),numeral,,,
P342646,8'.,P342646_102,še,ŠE,atomic,attested,,
P342646,8'.,P342646_102,ta,TA,atomic,attested,,
P342646,9'.,P342646_103,dah,|MU&MU|,atomic,attested,,
P342646,9'.,P342646_103,he,HI,atomic,attested,,
P342646,9'.,P342646_103,dam,DAM,atomic,attested,,
P342646,1'.,P342646_104,…,…,broken,,,
P342646,1'.,P342646_105,x,X,atomic,attested,,
P342646,1'.,P342646_106,x,X,atomic,attested,,
P342646,2'.,P342646_107,6(diš),6(diš),numeral,,,
P342646,2'.,P342646_108,gin2,DUN₃@g,atomic,attested,,
P342646,2'.,P342646_109,ku3-babbar,|KU₃.UD|,compound,attested,OSL,
P342646,3'.,P342646_110,maš2,KUN,atomic,attested,,
P342646,3'.,P342646_111,1(gin2),1(gin2),numeral,,,
P342646,3'.,P342646_112,1/2(diš),1/2(diš),numeral,,,
P342646,3'.,P342646_113,gin2,DUN₃@g,atomic,attested,,
P342646,3'.,P342646_113,ta,TA,atomic,attested,,
P342646,4'.,P342646_114,dah,|MU&MU|,atomic,attested,,
P342646,4'.,P342646_114,he,HI,atomic,attested,,
P342646,4'.,P342646_114,dam,DAM,atomic,attested,,
P342646,5'.,P342646_115,ki,KI,atomic,attested,,
P342646,5'.,P342646_116,na,NA,atomic,attested,,
P342646,5'.,P342646_116,bi,BI,atomic,attested,,
P342646,5'.,P342646_116,i3,NI,atomic,attested,,
P342646,5'.,P342646_116,li2,NI,atomic,attested,,
P342646,5'.,P342646_116,šu,ŠU,atomic,attested,,
P342646,5'.,P342646_116,ta,TA,atomic,attested,,
P342646,6'.,P342646_117,a,A,atomic,attested,,diš
P342646,6'.,P342646_117,hu,HU,atomic,attested,,diš
P342646,6'.,P342646_117,šu,ŠU,atomic,attested,,diš
P342646,6'.,P342646_117,nu,NU,atomic,attested,,diš
P342646,7'.,P342646_118,šu,ŠU,atomic,attested,,
P342646,7'.,P342646_119,ba,BA,atomic,attested,,
P342646,7'.,P342646_119,an,AN,atomic,attested,,
P342646,7'.,P342646_119,ti,TI,atomic,attested,,
P342646,8'.,P342646_120,iti,UD×U+U+U,atomic,attested,,
P342646,8'.,P342646_121,še,ŠE,atomic,attested,,
P342646,8'.,P342646_121,sag11,KIN,atomic,attested,,
P342646,8'.,P342646_121,ku5,TAR,atomic,attested,,
P342646,9'.,P342646_122,šum2,šum2,unresolved,,,
P342646,9'.,P342646_122,mu,MU,atomic,attested,,
P342646,9'.,P342646_122,dam,DAM,atomic,attested,,
P342646,10'.,P342646_123,3(u),3(u),numeral,,,
P342646,10'.,P342646_124,ma,MA,atomic,attested,,
P342646,10'.,P342646_124,na,NA,atomic,attested,,
P342646,10'.,P342646_125,ku3-babbar,|KU₃.UD|,compound,attested,OSL,
P342646,11'.,P342646_126,nam,NAM,atomic,attested,,
P342646,11'.,P342646_126,tab,TAB,atomic,attested,,
P342646,11'.,P342646_126,ba,BA,atomic,attested,,
P342646,11'.,P342646_126,še3,EŠ₂,atomic,attested,,
P342646,1'.,P342646_127,u3,|IGI.DIB|,atomic,attested,,
P342646,1'.,P342646_128,…,…,broken,,,
P342646,2'.,P342646_129,šu,ŠU,atomic,attested,,
P342646,2'.,P342646_130,ba,BA,atomic,attested,,
P342646,2'.,P342646_130,an,AN,atomic,attested,,
P342646,2'.,P342646_130,ti,TI,atomic,attested,,
P342646,2'.,P342646_130,eš,|U.U.U|,atomic,attested,,
P342646,3'.,P342646_131,iti,UD×U+U+U,atomic,attested,,
P342646,3'.,P342646_132,kin,KIN,atomic,attested,,d
P342646,3'.,P342646_132,inanna,MUŠ₃,atomic,attested,,d
P342646,4'.,P342646_133,šum2,šum2,unresolved,,,
P342646,4'.,P342646_133,mu,MU,atomic,attested,,
P342646,4'.,P342646_133,dam,DAM,atomic,attested,,
P342646,5'.,P342646_134,ki,KI,atomic,attested,,
P342646,5'.,P342646_135,lu2,LU₂,atomic,attested,,
P342646,5'.,P342646_136,al,AL,atomic,attested,,
P342646,5'.,P342646_136,silim,DI,atomic,attested,,
P342646,5'.,P342646_136,ma,MA,atomic,attested,,
P342646,5'.,P342646_136,ta,TA,atomic,attested,,
P342646,6'.,P342646_137,u3,|IGI.DIB|,atomic,attested,,
P342646,6'.,P342646_138,lu2,LU₂,atomic,attested,,
P342646,6'.,P342646_139,gi,GI,atomic,attested,,
P342646,6'.,P342646_139,na,NA,atomic,attested,,
P342646,6'.,P342646_139,ta,TA,atomic,attested,,
P342646,7'.,P342646_140,šu,ŠU,atomic,attested,,
P342646,7'.,P342646_141,ba,BA,atomic,attested,,
P342646,7'.,P342646_141,ab,AB,atomic,attested,,
P342646,7'.,P342646_141,te,te,unresolved,,,
P342646,7'.,P342646_141,ge26,GA₂,atomic,attested,,
P342646,8'.,P342646_142,7(diš),7(diš),numeral,,,
P342646,8'.,P342646_143,1/2(diš),1/2(diš),numeral,,,
P342646,8'.,P342646_144,gin2,DUN₃@g,atomic,attested,,
P342646,8'.,P342646_145,ku3-babbar,|KU₃.UD|,compound,attested,OSL,
P342646,9'.,P342646_146,ki,KI,atomic,attested,,
P342646,9'.,P342646_147,lu2,LU₂,atomic,attested,,d
P342646,9'.,P342646_147,nin,|SAL.TUG₂|,atomic,attested,,d
P342646,9'.,P342646_147,urta,IB,atomic,attested,,d
P342646,9'.,P342646_147,ta,TA,atomic,attested,,d
P342646,10'.,P342646_148,nanna,nanna,unresolved,,,d
P342646,10'.,P342646_148,me,ME,atomic,attested,,d
P342646,10'.,P342646_148,ša4,DU,atomic,attested,,d
P342646,11'.,P342646_149,šu,ŠU,atomic,attested,,
P342646,11'.,P342646_150,ba,BA,atomic,attested,,
P342646,11'.,P342646_150,an,AN,atomic,attested,,
P342646,11'.,P342646_150,ti,TI,atomic,attested,,
P342646,1'.,P342646_151,x,X,atomic,attested,,
P342646,1'.,P342646_152,…,…,broken,,,
P342646,2'.,P342646_153,ki,KI,atomic,attested,,
P342646,2'.,P342646_154,utu,UD,atomic,attested,,d
P342646,2'.,P342646_154,ba,BA,atomic,attested,,d
P342646,2'.,P342646_154,ni,NI,atomic,attested,,d
P342646,2'.,P342646_154,ta,TA,atomic,attested,,d
P342646,3'.,P342646_155,a,A,atomic,attested,,diš
P342646,3'.,P342646_155,hu,HU,atomic,attested,,diš
P342646,3'.,P342646_155,ni,NI,atomic,attested,,diš
P342646,4'.,P342646_156,ad,AD,atomic,attested,,
P342646,4'.,P342646_156,da,DA,atomic,attested,,
P342646,4'.,P342646_156,ni,NI,atomic,attested,,
P342646,5'.,P342646_157,u3,|IGI.DIB|,atomic,attested,,
P342646,5'.,P342646_158,munus,SAL,atomic,attested,,
P342646,5'.,P342646_158,kal,KAL,atomic,attested,,
P342646,5'.,P342646_158,la,LA,atomic,attested,,
P342646,5'.,P342646_159,ama,|GA₂×AN|,atomic,attested,,
P342646,5'.,P342646_159,a,A,atomic,attested,,
P342646,5'.,P342646_159,ni,NI,atomic,attested,,
P342646,6'.,P342646_160,ku3,KU₃,atomic,attested,,
P342646,6'.,P342646_161,šu,ŠU,atomic,attested,,
P342646,6'.,P342646_162,ba,BA,atomic,attested,,
P342646,6'.,P342646_162,an,AN,atomic,attested,,
P342646,6'.,P342646_162,ti,TI,atomic,attested,,
P342646,6'.,P342646_162,eš,|U.U.U|,atomic,attested,,
P342646,7'.,P342646_163,i7,i7,unresolved,,,
P342646,7'.,P342646_163,da,DA,atomic,attested,,
P342646,1'.,P342646_164,la,LA,atomic,attested,,
P342646,1'.,P342646_164,ba,BA,atomic,attested,,
P342646,1'.,P342646_164,an,AN,atomic,attested,,
P342646,1'.,P342646_164,gur,GUR,atomic,attested,,
P342646,2'.,P342646_165,1(ban2),1(ban2),numeral,,,
P342646,2'.,P342646_166,še,ŠE,atomic,attested,,
P342646,2'.,P342646_166,am3,|A.AN|,compound,attested,OSL,
P342646,3'.,P342646_167,bi2,NE,atomic,attested,,
P342646,3'.,P342646_167,ib,IB,atomic,attested,,
P342646,3'.,P342646_167,dah,|MU&MU|,atomic,attested,,
P342646,3'.,P342646_167,e,E,atomic,attested,,
P342646,4'.,P342646_168,inim,inim,unresolved,,,
P342646,4'.,P342646_168,inim,inim,unresolved,,,
P342646,4'.,P342646_168,ni,NI,atomic,attested,,
P342646,1'.,P342646_169,al,AL,atomic,attested,,
P342646,1'.,P342646_169,ag2,|NINDA₂×NE|,atomic,attested,,
P342646,1'.,P342646_169,e,E,atomic,attested,,
P342646,2'.,P342646_170,tukum,tukum,unresolved,,,
P342646,2'.,P342646_170,bi,BI,atomic,attested,,
P342646,3'.,P342646_171,a,A,atomic,attested,,
P342646,3'.,P342646_171,za3,ZAG,atomic,attested,,
P342646,3'.,P342646_172,lugal,LUGAL,atomic,attested,,
P342646,3'.,P342646_172,ta,TA,atomic,attested,,
P342646,1'.,P342646_173,iti,UD×U+U+U,atomic,attested,,
P342646,1'.,P342646_173,bi,BI,atomic,attested,,
P342646,1'.,P342646_174,mu,MU,atomic,attested,,
P342646,1'.,P342646_174,bi,BI,atomic,attested,,
P251568,1'.,P251568_1,…,…,broken,,,
P251568,1'.,P251568_2,x,X,atomic,attested,,
P251568,1'.,P251568_3,x,X,atomic,attested,,
P251568,1'.,P251568_4,…,…,broken,,,
P251568,2'.,P251568_5,ku3,KU₃,atomic,attested,,
P251568,2'.,P251568_6,mu,MU,atomic,attested,,
P251568,2'.,P251568_6,tum2,DU,atomic,attested,,
P251568,2'.,P251568_6,da,DA,atomic,attested,,
P251568,3'.,P251568_7,…,…,broken,,,
P251568,3'.,P251568_8,da,DA,atomic,attested,,
P251568,3'.,P251568_9,su,SU,atomic,attested,,
P251568,3'.,P251568_10,še3,EŠ₂,atomic,attested,,
P251568,4'.,P251568_11,…,…,broken,,,
P251568,4'.,P251568_12,ba,BA,atomic,attested,,
P251568,4'.,P251568_12,an,AN,atomic,attested,,
P251568,4'.,P251568_12,tum2,DU,atomic,attested,,
P251568,4'.,P251568_12,mu,MU,atomic,attested,,
P251568,5'.,P251568_13,…,…,broken,,,
P251568,5'.,P251568_14,ku3-babbar,|KU₃.UD|,compound,attested,OSL,
P251568,5'.,P251568_15,ku3,KU₃,atomic,attested,,
P251568,5'.,P251568_16,nam,NAM,atomic,attested,,
P251568,5'.,P251568_16,tab,TAB,atomic,attested,,
P251568,5'.,P251568_16,ba,BA,atomic,attested,,
P251568,6'.,P251568_17,…,…,broken,,,
P251568,6'.,P251568_18,1(ban2),1(ban2),numeral,,,
P251568,6'.,P251568_19,še,ŠE,atomic,attested,,
P251568,6'.,P251568_19,ba,BA,atomic,attested,,
P251568,6'.,P251568_19,še3,EŠ₂,atomic,attested,,
P251568,7'.,P251568_20,…,…,broken,,,
P251568,7'.,P251568_21,še,ŠE,atomic,attested,,
P251568,7'.,P251568_21,geš,GIŠ,atomic,attested,,
P251568,7'.,P251568_21,i3,NI,atomic,attested,,
P251568,7'.,P251568_22,sa10,|NINDA₂×ŠE|,atomic,attested,,
P251568,7'.,P251568_22,sa10,|NINDA₂×ŠE|,atomic,attested,,
P251568,7'.,P251568_22,de3,NE,atomic,attested,,
P251568,8'.,P251568_23,ki,KI,atomic,attested,,
P251568,8'.,P251568_24,ip,IB,atomic,attested,,d
P251568,8'.,P251568_24,qu2,KU,atomic,attested,,d
P251568,8'.,P251568_24,li9,NE,atomic,attested,,d
P251568,8'.,P251568_24,si4,SI@g,atomic,attested,,d
P251568,8'.,P251568_24,na,NA,atomic,attested,,d
P251568,9'.,P251568_25,puzur4,puzur4,unresolved,,,diš
P251568,9'.,P251568_25,i3,NI,atomic,attested,,diš
P251568,9'.,P251568_25,li2,NI,atomic,attested,,diš
P251568,9'.,P251568_25,šu,ŠU,atomic,attested,,diš
P251568,10'.,P251568_26,šu,ŠU,atomic,attested,,diš;d
P251568,10'.,P251568_26,nin,|SAL.TUG₂|,atomic,attested,,diš;d
P251568,10'.,P251568_26,kar,KAR,atomic,attested,,diš;d
P251568,10'.,P251568_26,ra,RA,atomic,attested,,diš;d
P251568,10'.,P251568_26,ak,AK,atomic,attested,,diš;d
P251568,11'.,P251568_27,u3,|IGI.DIB|,atomic,attested,,
P251568,11'.,P251568_28,a,A,atomic,attested,,
P251568,11'.,P251568_28,bu,BU,atomic,attested,,
P251568,11'.,P251568_28,ni,NI,atomic,attested,,
P251568,11'.,P251568_29,šu,ŠU,atomic,attested,,
P251568,11'.,P251568_30,ba,BA,atomic,attested,,
P251568,11'.,P251568_30,an,AN,atomic,attested,,
P251568,11'.,P251568_30,ti,TI,atomic,attested,,
P251568,11'.,P251568_30,meš,|ME.U.U.U|,atomic,attested,,
P251568,12'.,P251568_31,kaskal,KASKAL,atomic,attested,,
P251568,12'.,P251568_32,silim,DI,atomic,attested,,
P251568,12'.,P251568_32,ma,MA,atomic,attested,,
P251568,12'.,P251568_32,bi,BI,atomic,attested,,
P251568,12'.,P251568_32,ta,TA,atomic,attested,,
P251568,13'.,P251568_33,x,X,atomic,attested,,
P251568,13'.,P251568_33,ra,RA,atomic,attested,,
P251568,13'.,P251568_33,ak,AK,atomic,attested,,
P251568,13'.,P251568_34,til,TIL,atomic,attested,,
P251568,13'.,P251568_34,la,LA,atomic,attested,,
P251568,14'.,P251568_35,teš2,UR,atomic,attested,,
P251568,14'.,P251568_35,a,A,atomic,attested,,
P251568,14'.,P251568_36,se3,se3,unresolved,,,
P251568,14'.,P251568_36,a,A,atomic,attested,,
P251568,14'.,P251568_36,bi,BI,atomic,attested,,
P251568,14'.,P251568_37,i3,NI,atomic,attested,,
P251568,14'.,P251568_37,ba,BA,atomic,attested,,
P251568,14'.,P251568_37,e,E,atomic,attested,,
P251568,14'.,P251568_37,ne,NE,atomic,attested,,
P251568,15'.,P251568_38,…,…,broken,,,
P251568,15'.,P251568_39,nig2,GAR,atomic,attested,,
P251568,15'.,P251568_40,a,A,atomic,attested,,
P251568,15'.,P251568_40,na,NA,atomic,attested,,
P251568,15'.,P251568_41,gal2,IG,atomic,attested,,
P251568,15'.,P251568_41,bi,BI,atomic,attested,,
P251568,16'.,P251568_42,…,…,broken,,,
P251568,16'.,P251568_43,x,X,atomic,attested,,
P251568,16'.,P251568_44,šeš,ŠEŠ,atomic,attested,,
P251568,16'.,P251568_44,am3,|A.AN|,compound,attested,OSL,
P251568,16'.,P251568_45,teš2,UR,atomic,attested,,
P251568,16'.,P251568_45,a,A,atomic,attested,,
P251568,16'.,P251568_46,se3,se3,unresolved,,,
P251568,16'.,P251568_46,a,A,atomic,attested,,
P251568,16'.,P251568_46,bi,BI,atomic,attested,,
P251568,17'.,P251568_47,i3,NI,atomic,attested,,
P251568,17'.,P251568_47,ba,BA,atomic,attested,,
P251568,17'.,P251568_47,e,E,atomic,attested,,
P251568,17'.,P251568_47,ne,NE,atomic,attested,,
P251568,18'.,P251568_48,um,UM,atomic,attested,,
P251568,18'.,P251568_48,mi,MI,atomic,attested,,
P251568,18'.,P251568_48,a,A,atomic,attested,,
P251568,18'.,P251568_49,dag,DAG,atomic,attested,,
P251568,18'.,P251568_49,gi4,GI₄,atomic,attested,,
P251568,18'.,P251568_49,am3,|A.AN|,compound,attested,OSL,
P251568,19'.,P251568_50,numu,KUL,atomic,attested,,
P251568,19'.,P251568_50,un,KALAM@g,atomic,attested,,
P251568,19'.,P251568_50,ta,TA,atomic,attested,,
P251568,19'.,P251568_50,zu,ZU,atomic,attested,,
P251568,19'.,P251568_50,zu,ZU,atomic,attested,,
P251568,1'.,P251568_51,ki,KI,atomic,attested,,
P251568,1'.,P251568_52,be,BAD,atomic,attested,,
P251568,1'.,P251568_52,li2,NI,atomic,attested,,
P251568,1'.,P251568_52,…,…,broken,,,
P251568,2'.,P251568_53,i3,NI,atomic,attested,,diš
P251568,2'.,P251568_53,li2,NI,atomic,attested,,diš
P251568,2'.,P251568_53,x,X,atomic,attested,,diš
P251568,2'.,P251568_53,…,…,broken,,,diš
P251568,3'.,P251568_54,in,IN,atomic,attested,,
P251568,3'.,P251568_54,ši,IGI,atomic,attested,,
P251568,3'.,P251568_54,in,IN,atomic,attested,,
P251568,3'.,P251568_54,sa10,|NINDA₂×ŠE|,atomic,attested,,
P251568,4'.,P251568_55,1/3(diš),1/3(diš),numeral,,,
P251568,4'.,P251568_56,ma,MA,atomic,attested,,
P251568,4'.,P251568_56,na,NA,atomic,attested,,
P251568,4'.,P251568_57,ku3-babbar,|KU₃.UD|,compound,attested,OSL,
P251568,5'.,P251568_58,sa10,|NINDA₂×ŠE|,atomic,attested,,
P251568,5'.,P251568_59,til,TIL,atomic,attested,,
P251568,5'.,P251568_59,la,LA,atomic,attested,,
P251568,5'.,P251568_59,ni,NI,atomic,attested,,
P251568,5'.,P251568_59,še3,EŠ₂,atomic,attested,,
P251568,6'.,P251568_60,in,IN,atomic,attested,,
P251568,6'.,P251568_60,na,NA,atomic,attested,,
P251568,6'.,P251568_60,la2,LAL,atomic,attested,,
P251568,7'.,P251568_61,geš,GIŠ,atomic,attested,,
P251568,7'.,P251568_61,gan,gan,unresolved,,,
P251568,7'.,P251568_61,na,NA,atomic,attested,,
P251568,7'.,P251568_62,ib2,TUM,atomic,attested,,
P251568,7'.,P251568_62,ta,TA,atomic,attested,,
P251568,7'.,P251568_62,bala,BAL,atomic,attested,,
P251568,8'.,P251568_63,sag,SAG,atomic,attested,,
P251568,8'.,P251568_63,munus,SAL,atomic,attested,,
P251568,8'.,P251568_64,…,…,broken,,,
P251568,9'.,P251568_65,inim,inim,unresolved,,,
P251568,9'.,P251568_66,gar,GAR,atomic,attested,,
P251568,9'.,P251568_66,ra,RA,atomic,attested,,
P251568,9'.,P251568_66,a,A,atomic,attested,,
P251568,9'.,P251568_66,ni,NI,atomic,attested,,
P251568,9'.,P251568_67,ba,BA,atomic,attested,,
P251568,9'.,P251568_67,ni,NI,atomic,attested,,
P251568,9'.,P251568_67,ib,IB,atomic,attested,,
P251568,9'.,P251568_67,gi4,GI₄,atomic,attested,,
P251568,9'.,P251568_67,gi4,GI₄,atomic,attested,,
P251568,10'.,P251568_68,mu,MU,atomic,attested,,
P251568,10'.,P251568_69,lugal,LUGAL,atomic,attested,,
P251568,10'.,P251568_69,bi,BI,atomic,attested,,
P251568,10'.,P251568_70,in,IN,atomic,attested,,
P251568,10'.,P251568_70,pa3,PA3,atomic,attested,,
P251568,11'.,P251568_71,1(diš),1(diš),numeral,,,
P251568,11'.,P251568_72,sag,SAG,atomic,attested,,
P251568,11'.,P251568_72,nita2,ARAD,atomic,attested,,
P251568,11'.,P251568_73,a,A,atomic,attested,,
P251568,11'.,P251568_73,hu,HU,atomic,attested,,
P251568,11'.,P251568_73,ni,NI,atomic,attested,,
P251568,11'.,P251568_74,mu,MU,atomic,attested,,
P251568,11'.,P251568_74,ni,NI,atomic,attested,,
P251568,11'.,P251568_74,im,IM,atomic,attested,,
P251568,12'.,P251568_75,ki,KI,atomic,attested,,
P251568,12'.,P251568_76,nanna,nanna,unresolved,,,d
P251568,12'.,P251568_76,ma(MIR),ma(MIR),unresolved,,,d
P251568,12'.,P251568_76,an,AN,atomic,attested,,d
P251568,12'.,P251568_76,šum2,šum2,unresolved,,,d
P251568,13'.,P251568_77,,,unresolved,,,diš;d
P251568,13'.,P251568_77,utu,UD,atomic,attested,,diš;d
P251568,13'.,P251568_77,ba,BA,atomic,attested,,diš;d
P251568,13'.,P251568_77,ni,NI,atomic,attested,,diš;d
P251568,14'.,P251568_78,in,IN,atomic,attested,,
P251568,14'.,P251568_78,ši,IGI,atomic,attested,,
P251568,14'.,P251568_78,in,IN,atomic,attested,,
P251568,14'.,P251568_78,sa10,|NINDA₂×ŠE|,atomic,attested,,
P251568,15'.,P251568_79,1(u),1(u),numeral,,,
P251568,15'.,P251568_80,8(diš),8(diš),numeral,,,
P251568,15'.,P251568_81,gin2,DUN₃@g,atomic,attested,,
P251568,15'.,P251568_82,igi,IGI,atomic,attested,,
P251568,15'.,P251568_82,6(diš),6(DIŠ),atomic,attested,,
P251568,15'.,P251568_82,gal2,IG,atomic,attested,,
P251568,15'.,P251568_83,ku3-babbar,|KU₃.UD|,compound,attested,OSL,
P251568,16'.,P251568_84,sa10,|NINDA₂×ŠE|,atomic,attested,,
P251568,16'.,P251568_85,til,TIL,atomic,attested,,
P251568,16'.,P251568_85,la,LA,atomic,attested,,
P251568,16'.,P251568_85,ni,NI,atomic,attested,,
P251568,16'.,P251568_85,še3,EŠ₂,atomic,attested,,
P251568,17'.,P251568_86,in,IN,atomic,attested,,
P251568,17'.,P251568_86,na,NA,atomic,attested,,
P251568,17'.,P251568_86,la2,LAL,atomic,attested,,
P251568,18'.,P251568_87,egir,EGIR,atomic,attested,,
P251568,18'.,P251568_88,u4,UD,atomic,attested,,
P251568,18'.,P251568_88,da,DA,atomic,attested,,
P251568,18'.,P251568_88,ka,ka,unresolved,,,
P251568,19'.,P251568_89,nanna,nanna,unresolved,,,d
P251568,19'.,P251568_89,ma,MA,atomic,attested,,d
P251568,19'.,P251568_89,an,AN,atomic,attested,,d
P251568,19'.,P251568_89,šum2,šum2,unresolved,,,d
P251568,20'.,P251568_90,nam,NAM,atomic,attested,,
P251568,20'.,P251568_91,utu,UD,atomic,attested,,d
P251568,20'.,P251568_91,ba,BA,atomic,attested,,d
P251568,20'.,P251568_91,ni,NI,atomic,attested,,d
P251568,21'.,P251568_92,ARAD,ARAD,atomic,attested,,
P251568,21'.,P251568_92,da,DA,atomic,attested,,
P251568,21'.,P251568_92,a,A,atomic,attested,,
P251568,21'.,P251568_92,ni,NI,atomic,attested,,
P251568,22'.,P251568_93,nu,NU,atomic,attested,,
P251568,22'.,P251568_94,in,IN,atomic,attested,,
P251568,22'.,P251568_94,na,NA,atomic,attested,,
P251568,22'.,P251568_94,an,AN,atomic,attested,,
P251568,22'.,P251568_94,du11,du11,unresolved,,,
P251568,23'.,P251568_95,mu,MU,atomic,attested,,
P251568,23'.,P251568_96,lugal,LUGAL,atomic,attested,,
P251568,23'.,P251568_96,bi,BI,atomic,attested,,
P251568,23'.,P251568_97,in,IN,atomic,attested,,
P251568,23'.,P251568_97,pa3,PA3,atomic,attested,,
P251517,1.,P251517_1,2/3(diš),2/3(diš),numeral,,,
P251517,1.,P251517_2,ma,MA,atomic,attested,,
P251517,1.,P251517_2,na,NA,atomic,attested,,
P251517,1.,P251517_3,ku3-babbar,|KU₃.UD|,compound,attested,OSL,
P251517,2.,P251517_4,maš2,KUN,atomic,attested,,
P251517,2.,P251517_5,nu,NU,atomic,attested,,
P251517,2.,P251517_5,ub,UB,atomic,attested,,
P251517,2.,P251517_5,tuku,TUK,atomic,attested,,
P251517,3.,P251517_6,ki,KI,atomic,attested,,
P251517,3.,P251517_7,i3,NI,atomic,attested,,
P251517,3.,P251517_7,li2,NI,atomic,attested,,
P251517,3.,P251517_7,ba,BA,atomic,attested,,
P251517,3.,P251517_7,ni,NI,atomic,attested,,
P251517,4.,P251517_8,dingir,AN,atomic,attested,,diš
P251517,4.,P251517_8,na,NA,atomic,attested,,diš
P251517,4.,P251517_8,da,DA,atomic,attested,,diš
P251517,5.,P251517_9,šu,ŠU,atomic,attested,,
P251517,5.,P251517_10,ba,BA,atomic,attested,,
P251517,5.,P251517_10,an,AN,atomic,attested,,
P251517,5.,P251517_10,ti,TI,atomic,attested,,
P251517,6.,P251517_11,iti,UD×U+U+U,atomic,attested,,
P251517,6.,P251517_12,gu4si,gu4si,unresolved,,,
P251517,6.,P251517_12,su,SU,atomic,attested,,
P251517,6.,P251517_12,ka,ka,unresolved,,,
P252249,1.,P252249_1,n,n,numeral,,,
P252249,1.,P252249_2,še,ŠE,atomic,attested,,
P252249,1.,P252249_3,gur,GUR,atomic,attested,,
P252249,2.,P252249_4,šu,ŠU,atomic,attested,,
P252249,2.,P252249_4,la2,LAL,atomic,attested,,
P252249,2.,P252249_5,maš2,KUN,atomic,attested,,
P252249,2.,P252249_6,nu,NU,atomic,attested,,
P252249,2.,P252249_6,tuku,TUK,atomic,attested,,
P252249,3.,P252249_7,ki,KI,atomic,attested,,
P252249,3.,P252249_8,dingir,AN,atomic,attested,,
P252249,3.,P252249_8,ra,RA,atomic,attested,,
P252249,3.,P252249_8,bi,BI,atomic,attested,,
P252249,4.,P252249_9,,,unresolved,,,diš;d
P252249,4.,P252249_9,utu,UD,atomic,attested,,diš;d
P252249,4.,P252249_9,na,NA,atomic,attested,,diš;d
P252249,4.,P252249_9,ṣir,ṣir,unresolved,,,diš;d
P252249,5.,P252249_10,šu,ŠU,atomic,attested,,
P252249,5.,P252249_11,ba,BA,atomic,attested,,
P252249,5.,P252249_11,an,AN,atomic,attested,,
P252249,5.,P252249_11,ti,TI,atomic,attested,,
P252249,6.,P252249_12,iti,UD×U+U+U,atomic,attested,,
P252249,6.,P252249_13,sig4,SIG₄,atomic,attested,,
P252249,6.,P252249_13,a,A,atomic,attested,,
P252249,7.,P252249_14,še,ŠE,atomic,attested,,
P252249,7.,P252249_15,i3,NI,atomic,attested,,
P252249,7.,P252249_15,ag2,|NINDA₂×NE|,atomic,attested,,
P252249,7.,P252249_15,e,E,atomic,attested,,
P252249,8.,P252249_16,tukum,tukum,unresolved,,,
P252249,8.,P252249_16,bi,BI,atomic,attested,,
P252249,9.,P252249_17,iti,UD×U+U+U,atomic,attested,,
P252249,9.,P252249_18,sig4,SIG₄,atomic,attested,,
P252249,9.,P252249_18,a,A,atomic,attested,,
P252249,10.,P252249_19,še,ŠE,atomic,attested,,
P252249,10.,P252249_20,nu,NU,atomic,attested,,
P252249,10.,P252249_20,ni,NI,atomic,attested,,
P252249,10.,P252249_20,ag2,|NINDA₂×NE|,atomic,attested,,
P252249,10.,P252249_20,e,E,atomic,attested,,
P252249,11.,P252249_21,še,ŠE,atomic,attested,,
P252249,11.,P252249_22,u3,|IGI.DIB|,atomic,attested,,
P252249,11.,P252249_23,maš2,KUN,atomic,attested,,
P252249,11.,P252249_23,bi,BI,atomic,attested,,
P252249,11.,P252249_24,i3,NI,atomic,attested,,
P252249,11.,P252249_24,ag2,|NINDA₂×NE|,atomic,attested,,
P252249,11.,P252249_24,e,E,atomic,attested,,
P252249,12.,P252249_25,mu,MU,atomic,attested,,
P252249,12.,P252249_26,lugal,LUGAL,atomic,attested,,
P252249,12.,P252249_26,la,LA,atomic,attested,,
P252249,12.,P252249_26,bi,BI,atomic,attested,,
P252249,12.,P252249_27,in,IN,atomic,attested,,
P252249,12.,P252249_27,pa3,PA3,atomic,attested,,
P252249,1.,P252249_28,…,…,broken,,,
P252249,1.,P252249_29,gur,GUR,atomic,attested,,
P252249,1.,P252249_30,še,ŠE,atomic,attested,,
P252249,2.,P252249_31,šu,ŠU,atomic,attested,,
P252249,2.,P252249_31,la2,LAL,atomic,attested,,
P252249,2.,P252249_32,maš2,KUN,atomic,attested,,
P252249,2.,P252249_33,nu,NU,atomic,attested,,
P252249,2.,P252249_33,tuku,TUK,atomic,attested,,
P252249,2.,P252249_34,x,X,atomic,attested,,
P252290,1.,P252290_1,5(aš),5(aš),numeral,,,
P252290,1.,P252290_2,gur,GUR,atomic,attested,,
P252290,1.,P252290_3,še,ŠE,atomic,attested,,
P252290,2.,P252290_4,šu,ŠU,atomic,attested,,
P252290,2.,P252290_4,la2,LAL,atomic,attested,,
P252290,2.,P252290_5,maš2,KUN,atomic,attested,,
P252290,2.,P252290_6,nu,NU,atomic,attested,,
P252290,2.,P252290_6,tuku,TUK,atomic,attested,,
P252290,3.,P252290_7,ki,KI,atomic,attested,,
P252290,3.,P252290_8,lu2,LU₂,atomic,attested,,d
P252290,3.,P252290_8,nanna,nanna,unresolved,,,d
P252290,3.,P252290_9,dam,DAM,atomic,attested,,
P252290,3.,P252290_9,gar3,GAR₃,atomic,attested,,
P252290,4.,P252290_10,,,unresolved,,,diš;d
P252290,4.,P252290_10,a,A,atomic,attested,,diš;d
P252290,4.,P252290_10,a,A,atomic,attested,,diš;d
P252290,4.,P252290_10,kal,KAL,atomic,attested,,diš;d
P252290,4.,P252290_10,la,LA,atomic,attested,,diš;d
P252290,5.,P252290_11,šu,ŠU,atomic,attested,,
P252290,5.,P252290_12,ba,BA,atomic,attested,,
P252290,5.,P252290_12,an,AN,atomic,attested,,
P252290,5.,P252290_12,ti,TI,atomic,attested,,
P252290,6.,P252290_13,iti,UD×U+U+U,atomic,attested,,
P252290,6.,P252290_14,sig4,SIG₄,atomic,attested,,
P252290,6.,P252290_14,a,A,atomic,attested,,
P252290,7.,P252290_15,še,ŠE,atomic,attested,,
P252290,7.,P252290_16,i3,NI,atomic,attested,,
P252290,7.,P252290_16,ag2,|NINDA₂×NE|,atomic,attested,,
P252290,7.,P252290_16,e,E,atomic,attested,,
P252290,8.,P252290_17,tukum,tukum,unresolved,,,
P252290,8.,P252290_17,bi,BI,atomic,attested,,
P252290,9.,P252290_18,iti,UD×U+U+U,atomic,attested,,
P252290,9.,P252290_19,sig4,SIG₄,atomic,attested,,
P252290,9.,P252290_19,a,A,atomic,attested,,
P252290,10.,P252290_20,še,ŠE,atomic,attested,,
P252290,10.,P252290_21,la,LA,atomic,attested,,
P252290,10.,P252290_21,ba,BA,atomic,attested,,
P252290,10.,P252290_21,an,AN,atomic,attested,,
P252290,10.,P252290_21,ag2,|NINDA₂×NE|,atomic,attested,,
P252290,11.,P252290_22,ku3,KU₃,atomic,attested,,
P252290,11.,P252290_23,maš2,KUN,atomic,attested,,
P252290,11.,P252290_23,bi,BI,atomic,attested,,
P252290,11.,P252290_24,i3,NI,atomic,attested,,
P252290,11.,P252290_24,la2,LAL,atomic,attested,,
P252290,11.,P252290_24,e,E,atomic,attested,,
P252290,12.,P252290_25,kišib,MES,atomic,attested,,
P252290,12.,P252290_26,lu2,LU₂,atomic,attested,,
P252290,12.,P252290_26,inim,inim,unresolved,,,
P252290,12.,P252290_26,ma,MA,atomic,attested,,
P252290,12.,P252290_26,bi,BI,atomic,attested,,
P252290,12.,P252290_26,meš,|ME.U.U.U|,atomic,attested,,
P252290,13.,P252290_27,ib2,TUM,atomic,attested,,
P252290,13.,P252290_27,ra,RA,atomic,attested,,
P252290,14.,P252290_28,5(u),5(u),numeral,,,
P252290,14.,P252290_29,gur,GUR,atomic,attested,,
P252290,14.,P252290_30,še,ŠE,atomic,attested,,
P252290,15.,P252290_31,maš2,KUN,atomic,attested,,
P252290,15.,P252290_32,1(aš),1(aš),numeral,,,
P252290,15.,P252290_33,gur,GUR,atomic,attested,,
P252290,15.,P252290_34,1(barig),1(barig),numeral,,,
P252290,15.,P252290_35,še,ŠE,atomic,attested,,
P252290,15.,P252290_35,ta,TA,atomic,attested,,
P252290,15.,P252290_35,am3,|A.AN|,compound,attested,OSL,
P252290,16.,P252290_36,ba,BA,atomic,attested,,
P252290,16.,P252290_36,ab,AB,atomic,attested,,
P252290,16.,P252290_36,dah,|MU&MU|,atomic,attested,,
P252290,16.,P252290_36,e,E,atomic,attested,,
P252290,17.,P252290_37,ki,KI,atomic,attested,,
P252290,17.,P252290_38,dingir,AN,atomic,attested,,
P252290,17.,P252290_38,ra,RA,atomic,attested,,
P252290,17.,P252290_38,bi,BI,atomic,attested,,
P252290,1.,P252290_39,dingir,AN,atomic,attested,,diš
P252290,1.,P252290_39,še,ŠE,atomic,attested,,diš
P252290,1.,P252290_39,mi,MI,atomic,attested,,diš
P252290,2.,P252290_40,šu,ŠU,atomic,attested,,
P252290,2.,P252290_41,ba,BA,atomic,attested,,
P252290,2.,P252290_41,an,AN,atomic,attested,,
P252290,2.,P252290_41,ti,TI,atomic,attested,,
P252290,3.,P252290_42,iti,UD×U+U+U,atomic,attested,,
P252290,3.,P252290_43,gu4,GUD,atomic,attested,,
P252290,3.,P252290_43,si,SI,atomic,attested,,
P252290,3.,P252290_43,sa2,DI,atomic,attested,,
P252290,4.,P252290_44,kislah,|KI.UD|,compound,attested,OSL,
P252290,4.,P252290_44,ta,TA,atomic,attested,,
P252290,5.,P252290_45,še,ŠE,atomic,attested,,
P252290,5.,P252290_46,i3,NI,atomic,attested,,
P252290,5.,P252290_46,ag2,|NINDA₂×NE|,atomic,attested,,
P252290,5.,P252290_46,e,E,atomic,attested,,
P252262,1.,P252262_1,1(aš),1(aš),numeral,,,
P252262,1.,P252262_2,gur,GUR,atomic,attested,,
P252262,1.,P252262_3,še,ŠE,atomic,attested,,
P252262,2.,P252262_4,maš2,KUN,atomic,attested,,
P252262,2.,P252262_5,1(aš),1(aš),numeral,,,
P252262,2.,P252262_6,gur,GUR,atomic,attested,,
P252262,2.,P252262_7,1(barig),1(barig),numeral,,,
P252262,2.,P252262_8,4(ban2),4(ban2),numeral,,,
P252262,2.,P252262_9,še,ŠE,atomic,attested,,
P252262,2.,P252262_9,ta,TA,atomic,attested,,
P252262,2.,P252262_9,am3,|A.AN|,compound,attested,OSL,
P252262,3.,P252262_10,ba,BA,atomic,attested,,
P252262,3.,P252262_10,ab,AB,atomic,attested,,
P252262,3.,P252262_10,dah,|MU&MU|,atomic,attested,,
P252262,3.,P252262_10,e,E,atomic,attested,,
P252262,4.,P252262_11,ki,KI,atomic,attested,,
P252262,4.,P252262_12,lu2,LU₂,atomic,attested,,
P252262,4.,P252262_12,…,…,broken,,,
P252262,5.,P252262_13,e2,E₂,atomic,attested,,diš
P252262,5.,P252262_13,a,A,atomic,attested,,diš
P252262,5.,P252262_13,x,X,atomic,attested,,diš
P252262,5.,P252262_13,x,X,atomic,attested,,diš
P252262,6.,P252262_14,šu,ŠU,atomic,attested,,
P252262,6.,P252262_15,ba,BA,atomic,attested,,
P252262,6.,P252262_15,an,AN,atomic,attested,,
P252262,6.,P252262_15,ti,TI,atomic,attested,,
P252262,7.,P252262_16,iti,UD×U+U+U,atomic,attested,,
P252262,7.,P252262_17,gu4,GUD,atomic,attested,,
P252262,7.,P252262_17,si,SI,atomic,attested,,
P252262,7.,P252262_17,sa2,DI,atomic,attested,,
P252262,8.,P252262_18,gur,GUR,atomic,attested,,
P252262,8.,P252262_18,ru,RU,atomic,attested,,
P252262,8.,P252262_18,dam,DAM,atomic,attested,,
P252262,9.,P252262_19,lu2,LU₂,atomic,attested,,
P252262,9.,P252262_19,ki,KI,atomic,attested,,
P252262,9.,P252262_19,inim,inim,unresolved,,,
P252262,9.,P252262_19,ma,MA,atomic,attested,,
P252262,10.,P252262_20,iti,UD×U+U+U,atomic,attested,,
P252262,10.,P252262_20,bi,BI,atomic,attested,,
P252262,10.,P252262_21,mu,MU,atomic,attested,,
P252262,10.,P252262_21,bi,BI,atomic,attested,,
P252262,11.,P252262_22,1(aš),1(aš),numeral,,,
P252262,11.,P252262_23,gur,GUR,atomic,attested,,
P252262,11.,P252262_24,še,ŠE,atomic,attested,,
P252262,12.,P252262_25,maš2,KUN,atomic,attested,,
P252262,12.,P252262_26,1(aš),1(aš),numeral,,,
P252262,12.,P252262_27,gur,GUR,atomic,attested,,
P252262,12.,P252262_28,1(barig),1(barig),numeral,,,
P252262,12.,P252262_29,4(ban2),4(ban2),numeral,,,
P252262,12.,P252262_30,še,ŠE,atomic,attested,,
P252262,12.,P252262_30,ta,TA,atomic,attested,,
P252262,12.,P252262_30,am3,|A.AN|,compound,attested,OSL,
P252262,13.,P252262_31,ba,BA,atomic,attested,,
P252262,13.,P252262_31,ab,AB,atomic,attested,,
P252262,13.,P252262_31,dah,|MU&MU|,atomic,attested,,
P252262,13.,P252262_31,e,E,atomic,attested,,
P252262,14.,P252262_32,ki,KI,atomic,attested,,
P252262,14.,P252262_33,a,A,atomic,attested,,
P252262,14.,P252262_33,hu,HU,atomic,attested,,
P252262,14.,P252262_33,wa,PI,atomic,attested,,
P252262,14.,P252262_33,qar,GAR₃,atomic,attested,,
P252262,15.,P252262_34,a,A,atomic,attested,,diš
P252262,15.,P252262_34,hu,HU,atomic,attested,,diš
P252262,15.,P252262_34,ni,NI,atomic,attested,,diš
P252262,16.,P252262_35,šu,ŠU,atomic,attested,,
P252262,16.,P252262_36,ba,BA,atomic,attested,,
P252262,16.,P252262_36,an,AN,atomic,attested,,
P252262,16.,P252262_36,ti,TI,atomic,attested,,
P252262,17.,P252262_37,iti,UD×U+U+U,atomic,attested,,
P252262,17.,P252262_38,sig4,SIG₄,atomic,attested,,
P252262,17.,P252262_38,a,A,atomic,attested,,
P252262,18.,P252262_39,šum2,šum2,unresolved,,,
P252262,18.,P252262_39,mu,MU,atomic,attested,,
P252262,18.,P252262_39,dam,DAM,atomic,attested,,
P252262,1.,P252262_40,1(aš),1(aš),numeral,,,
P252262,1.,P252262_41,gur,GUR,atomic,attested,,
P252262,1.,P252262_42,še,ŠE,atomic,attested,,
P252262,2.,P252262_43,maš2,KUN,atomic,attested,,
P252262,2.,P252262_44,1(aš),1(aš),numeral,,,
P252262,2.,P252262_45,gur,GUR,atomic,attested,,
P252262,2.,P252262_46,1(barig),1(barig),numeral,,,
P252262,2.,P252262_47,4(ban2),4(ban2),numeral,,,
P252262,2.,P252262_48,še,ŠE,atomic,attested,,
P252262,2.,P252262_48,ta,TA,atomic,attested,,
P252262,2.,P252262_48,am3,|A.AN|,compound,attested,OSL,
P252262,3.,P252262_49,ba,BA,atomic,attested,,
P252262,3.,P252262_49,ab,AB,atomic,attested,,
P252262,3.,P252262_49,dah,|MU&MU|,atomic,attested,,
P252262,3.,P252262_49,e,E,atomic,attested,,
P252262,4.,P252262_50,ki,KI,atomic,attested,,
P252262,4.,P252262_51,utu,UD,atomic,attested,,d
P252262,4.,P252262_51,ba,BA,atomic,attested,,d
P252262,4.,P252262_51,ni,NI,atomic,attested,,d
P252262,5.,P252262_52,dingir,AN,atomic,attested,,diš
P252262,5.,P252262_52,še,ŠE,atomic,attested,,diš
P252262,5.,P252262_52,mi,MI,atomic,attested,,diš
P252262,6.,P252262_53,šu,ŠU,atomic,attested,,
P252262,6.,P252262_54,ba,BA,atomic,attested,,
P252262,6.,P252262_54,an,AN,atomic,attested,,
P252262,6.,P252262_54,ti,TI,atomic,attested,,
P252262,7.,P252262_55,iti,UD×U+U+U,atomic,attested,,
P252262,7.,P252262_56,sig4,SIG₄,atomic,attested,,
P252262,7.,P252262_56,a,A,atomic,attested,,
P252262,8.,P252262_57,še,ŠE,atomic,attested,,
P252262,8.,P252262_58,i3,NI,atomic,attested,,
P252262,8.,P252262_58,ag2,|NINDA₂×NE|,atomic,attested,,
P252262,8.,P252262_58,e,E,atomic,attested,,
P252262,9.,P252262_59,1(aš),1(aš),numeral,,,
P252262,9.,P252262_60,gur,GUR,atomic,attested,,
P252262,9.,P252262_61,še,ŠE,atomic,attested,,
P252262,10.,P252262_62,maš2,KUN,atomic,attested,,
P252262,10.,P252262_63,1(aš),1(aš),numeral,,,
P252262,10.,P252262_64,gur,GUR,atomic,attested,,
P252262,10.,P252262_65,1(barig),1(barig),numeral,,,
P252262,10.,P252262_66,še,ŠE,atomic,attested,,
P252262,10.,P252262_66,ta,TA,atomic,attested,,
P252262,10.,P252262_66,am3,|A.AN|,compound,attested,OSL,
P252262,11.,P252262_67,ba,BA,atomic,attested,,
P252262,11.,P252262_67,ab,AB,atomic,attested,,
P252262,11.,P252262_67,dah,|MU&MU|,atomic,attested,,
P252262,11.,P252262_67,e,E,atomic,attested,,
P252262,12.,P252262_68,ki,KI,atomic,attested,,
P252262,12.,P252262_69,suen,|EN.ZU|,compound,attested,OSL,d
P252262,12.,P252262_69,APIN,APIN,atomic,attested,,d
P252262,13.,P252262_70,su,SU,atomic,attested,,diš
P252262,13.,P252262_70,ka,ka,unresolved,,,diš
P252262,13.,P252262_70,lum,LUM,atomic,attested,,diš
P252262,14.,P252262_71,šu,ŠU,atomic,attested,,
P252262,14.,P252262_72,ba,BA,atomic,attested,,
P252262,14.,P252262_72,an,AN,atomic,attested,,
P252262,14.,P252262_72,ti,TI,atomic,attested,,
P252262,15.,P252262_73,iti,UD×U+U+U,atomic,attested,,
P252262,15.,P252262_74,sig4,SIG₄,atomic,attested,,
P252262,15.,P252262_74,a,A,atomic,attested,,
P252262,16.,P252262_75,še,ŠE,atomic,attested,,
P252262,16.,P252262_76,i3,NI,atomic,attested,,
P252262,16.,P252262_76,ag3,ag3,unresolved,,,
P252262,16.,P252262_76,e,E,atomic,attested,,
P253576,1.,P253576_1,1(geš2),1(geš2),numeral,,,
P253576,1.,P253576_2,še,ŠE,atomic,attested,,
P253576,1.,P253576_3,gur,GUR,atomic,attested,,
P253576,2.,P253576_4,šu,ŠU,atomic,attested,,
P253576,2.,P253576_4,la2,LAL,atomic,attested,,
P253576,2.,P253576_4,še3,EŠ₂,atomic,attested,,
P253576,3.,P253576_5,ki,KI,atomic,attested,,
P253576,3.,P253576_6,i3,NI,atomic,attested,,
P253576,3.,P253576_6,li2,NI,atomic,attested,,
P253576,3.,P253576_6,am,|GUD×KUR|,atomic,attested,,
P253576,3.,P253576_6,ra,RA,atomic,attested,,
P253576,3.,P253576_6,an,AN,atomic,attested,,
P253576,3.,P253576_6,ni,NI,atomic,attested,,
P253576,3.,P253576_6,ta,TA,atomic,attested,,
P253576,4.,P253576_7,nu,NU,atomic,attested,,diš
P253576,4.,P253576_7,ur2,UR₂,atomic,attested,,diš
P253576,4.,P253576_7,i3,NI,atomic,attested,,diš
P253576,4.,P253576_7,li2,NI,atomic,attested,,diš
P253576,5.,P253576_8,u3,|IGI.DIB|,atomic,attested,,
P253576,5.,P253576_9,nanna,nanna,unresolved,,,d
P253576,5.,P253576_9,ma,MA,atomic,attested,,d
P253576,5.,P253576_9,an,AN,atomic,attested,,d
P253576,5.,P253576_9,šum2,šum2,unresolved,,,d
P253576,5.,P253576_9,ke4,KID,atomic,attested,,d
P253576,6.,P253576_10,šu,ŠU,atomic,attested,,
P253576,6.,P253576_11,ba,BA,atomic,attested,,
P253576,6.,P253576_11,an,AN,atomic,attested,,
P253576,6.,P253576_11,ti,TI,atomic,attested,,
P253576,6.,P253576_11,eš,|U.U.U|,atomic,attested,,
P253576,7.,P253576_12,iti,UD×U+U+U,atomic,attested,,
P253576,7.,P253576_13,sig4,SIG₄,atomic,attested,,
P253576,7.,P253576_13,a,A,atomic,attested,,
P253576,7.,P253576_13,ka,ka,unresolved,,,
P253576,8.,P253576_14,sag,SAG,atomic,attested,,
P253576,8.,P253576_15,u4-sakar,|UD.SAR|,compound,attested,OSL,
P253576,8.,P253576_15,ra,RA,atomic,attested,,
P253576,8.,P253576_15,ka,ka,unresolved,,,
P253576,9.,P253576_16,ba,BA,atomic,attested,,geš
P253576,9.,P253576_16,ri2,URU,atomic,attested,,geš
P253576,9.,P253576_16,ga,GA,atomic,attested,,geš
P253576,9.,P253576_17,gi,GI,atomic,attested,,
P253576,9.,P253576_17,na,NA,atomic,attested,,
P253576,9.,P253576_17,ta,TA,atomic,attested,,
P253576,10.,P253576_18,geš,GIŠ,atomic,attested,,
P253576,10.,P253576_18,šu,ŠU,atomic,attested,,
P253576,10.,P253576_18,ur3,|GA₂×(NUN&NUN)|,atomic,attested,,
P253576,10.,P253576_18,ra,RA,atomic,attested,,
P253576,10.,P253576_18,ta,TA,atomic,attested,,
P253576,11.,P253576_19,e2,E₂,atomic,attested,,
P253576,11.,P253576_20,i3,NI,atomic,attested,,
P253576,11.,P253576_20,li2,NI,atomic,attested,,
P253576,11.,P253576_20,am,|GUD×KUR|,atomic,attested,,
P253576,11.,P253576_20,ra,RA,atomic,attested,,
P253576,11.,P253576_20,an,AN,atomic,attested,,
P253576,11.,P253576_20,ni,NI,atomic,attested,,
P253576,11.,P253576_20,ra,RA,atomic,attested,,
P253576,12.,P253576_21,bi2,NE,atomic,attested,,
P253576,12.,P253576_21,ib,IB,atomic,attested,,
P253576,12.,P253576_21,il2,il2,unresolved,,,
P253576,12.,P253576_21,il2,il2,unresolved,,,
P253576,12.,P253576_21,ma,MA,atomic,attested,,
P253576,13.,P253576_22,i3,NI,atomic,attested,,
P253576,13.,P253576_22,ag2,|NINDA₂×NE|,atomic,attested,,
P253576,13.,P253576_22,e,E,atomic,attested,,
P253576,13.,P253576_22,ne,NE,atomic,attested,,
P253576,1.,P253576_23,inim,inim,unresolved,,,
P253576,1.,P253576_23,inim,inim,unresolved,,,
P253576,1.,P253576_23,ne,NE,atomic,attested,,
P253576,1.,P253576_23,ne,NE,atomic,attested,,
P253576,2.,P253576_24,ba,BA,atomic,attested,,
P253576,2.,P253576_24,an,AN,atomic,attested,,
P253576,2.,P253576_24,šum2,šum2,unresolved,,,
P253576,2.,P253576_24,mu,MU,atomic,attested,,
P253576,2.,P253576_24,uš,UŠ,atomic,attested,,
P253576,3.,P253576_25,mu,MU,atomic,attested,,
P253576,3.,P253576_26,lugal,LUGAL,atomic,attested,,
P253576,3.,P253576_26,la,LA,atomic,attested,,
P253576,3.,P253576_26,bi,BI,atomic,attested,,
P253576,4.,P253576_27,in,IN,atomic,attested,,
P253576,4.,P253576_27,pa3,PA3,atomic,attested,,
P253576,4.,P253576_27,de3,NE,atomic,attested,,
P253576,4.,P253576_27,eš,|U.U.U|,atomic,attested,,
P252274,1.,P252274_1,n,n,numeral,,,
P252274,1.,P252274_2,gur,GUR,atomic,attested,,
P252274,1.,P252274_3,še,ŠE,atomic,attested,,
P252274,2.,P252274_4,maš2,KUN,atomic,attested,,
P252274,2.,P252274_4,bi,BI,atomic,attested,,
P252274,2.,P252274_5,sag,SAG,atomic,attested,,
P252274,2.,P252274_5,nig2,GAR,atomic,attested,,
P252274,2.,P252274_5,gur11,GA,atomic,attested,,
P252274,2.,P252274_5,ra,RA,atomic,attested,,
P252274,3.,P252274_6,kaskal,KASKAL,atomic,attested,,
P252274,3.,P252274_6,ta,TA,atomic,attested,,
P252274,3.,P252274_7,an,AN,atomic,attested,,
P252274,3.,P252274_7,zi,ZI,atomic,attested,,
P252274,3.,P252274_7,ga,GA,atomic,attested,,
P252274,4.,P252274_8,ki,KI,atomic,attested,,
P252274,4.,P252274_9,lu2,LU₂,atomic,attested,,d
P252274,4.,P252274_9,ab,AB,atomic,attested,,d
P252274,4.,P252274_9,u2,U₂,atomic,attested,,d
P252274,5.,P252274_10,ur,UR,atomic,attested,,diš
P252274,5.,P252274_10,mah,MAH,atomic,attested,,diš
P252274,5.,P252274_10,e,E,atomic,attested,,diš
P252274,6.,P252274_11,šu,ŠU,atomic,attested,,
P252274,6.,P252274_12,ba,BA,atomic,attested,,
P252274,6.,P252274_12,an,AN,atomic,attested,,
P252274,6.,P252274_12,ti,TI,atomic,attested,,
P252274,7.,P252274_13,iti,UD×U+U+U,atomic,attested,,
P252274,7.,P252274_14,sig4,SIG₄,atomic,attested,,
P252274,7.,P252274_14,a,A,atomic,attested,,
P252274,8.,P252274_15,še,ŠE,atomic,attested,,
P252274,8.,P252274_16,i3,NI,atomic,attested,,
P252274,8.,P252274_16,ag2,|NINDA₂×NE|,atomic,attested,,
P252274,8.,P252274_16,e,E,atomic,attested,,
P252274,9.,P252274_17,ki,KI,atomic,attested,,
P252274,9.,P252274_18,lu2,LU₂,atomic,attested,,
P252274,9.,P252274_19,silim,DI,atomic,attested,,
P252274,9.,P252274_19,ma,MA,atomic,attested,,
P252274,9.,P252274_19,ta,TA,atomic,attested,,
P252274,10.,P252274_20,u3,|IGI.DIB|,atomic,attested,,
P252274,10.,P252274_21,lu2,LU₂,atomic,attested,,
P252274,10.,P252274_22,gi,GI,atomic,attested,,
P252274,10.,P252274_22,na,NA,atomic,attested,,
P252274,10.,P252274_22,ta,TA,atomic,attested,,
P252274,11.,P252274_23,šu,ŠU,atomic,attested,,
P252274,11.,P252274_24,ba,BA,atomic,attested,,
P252274,11.,P252274_24,ab,AB,atomic,attested,,
P252274,11.,P252274_24,te,te,unresolved,,,
P252274,11.,P252274_24,ge26,GA₂,atomic,attested,,
P252274,12.,P252274_25,2(diš),2(diš),numeral,,,
P252274,12.,P252274_26,ma,MA,atomic,attested,,
P252274,12.,P252274_26,na,NA,atomic,attested,,
P252274,12.,P252274_27,ku3-babbar,|KU₃.UD|,compound,attested,OSL,
P252274,13.,P252274_28,nam,NAM,atomic,attested,,
P252274,13.,P252274_28,tab,TAB,atomic,attested,,
P252274,13.,P252274_28,ba,BA,atomic,attested,,
P252274,13.,P252274_28,še3,EŠ₂,atomic,attested,,
P252274,14.,P252274_29,ki,KI,atomic,attested,,
P252274,14.,P252274_30,im,IM,atomic,attested,,d
P252274,14.,P252274_30,gur,GUR,atomic,attested,,d
P252274,14.,P252274_30,utu,UD,atomic,attested,,d
P252274,15.,P252274_31,lu2,LU₂,atomic,attested,,diš
P252274,15.,P252274_31,e2,E₂,atomic,attested,,diš
P252274,15.,P252274_31,a,A,atomic,attested,,diš
P252274,16.,P252274_32,,,unresolved,,,diš;d
P252274,16.,P252274_32,nanna,nanna,unresolved,,,diš;d
P252274,16.,P252274_32,ma,MA,atomic,attested,,diš;d
P252274,16.,P252274_32,an,AN,atomic,attested,,diš;d
P252274,16.,P252274_32,šum2,šum2,unresolved,,,diš;d
P252274,17.,P252274_33,nu,NU,atomic,attested,,diš;d
P252274,17.,P252274_33,ur2,UR₂,atomic,attested,,diš;d
P252274,17.,P252274_33,utu,UD,atomic,attested,,diš;d
P252274,18.,P252274_34,u3,|IGI.DIB|,atomic,attested,,
P252274,18.,P252274_35,utu,UD,atomic,attested,,d
P252274,18.,P252274_35,i,I,atomic,attested,,d
P252274,18.,P252274_35,in,IN,atomic,attested,,d
P252274,18.,P252274_35,ma,MA,atomic,attested,,d
P252274,18.,P252274_35,tim,DIM,atomic,attested,,d
P252274,19.,P252274_36,šu,ŠU,atomic,attested,,
P252274,19.,P252274_37,ba,BA,atomic,attested,,
P252274,19.,P252274_37,an,AN,atomic,attested,,
P252274,19.,P252274_37,ti,TI,atomic,attested,,
P252274,19.,P252274_37,meš,|ME.U.U.U|,atomic,attested,,
P252274,20.,P252274_38,kaskal,KASKAL,atomic,attested,,
P252274,20.,P252274_39,silim,DI,atomic,attested,,
P252274,20.,P252274_39,ma,MA,atomic,attested,,
P252274,20.,P252274_39,ta,TA,atomic,attested,,
P252274,1.,P252274_40,u3,|IGI.DIB|,atomic,attested,,
P252274,1.,P252274_41,ku3,KU₃,atomic,attested,,
P252274,1.,P252274_42,silim,DI,atomic,attested,,
P252274,1.,P252274_42,ma,MA,atomic,attested,,
P252274,1.,P252274_42,ta,TA,atomic,attested,,
P252274,2.,P252274_43,lugal,LUGAL,atomic,attested,,
P252274,2.,P252274_44,ku3,KU₃,atomic,attested,,
P252274,2.,P252274_44,ga,GA,atomic,attested,,
P252274,2.,P252274_44,ra,RA,atomic,attested,,
P252274,3.,P252274_45,ib2,TUM,atomic,attested,,
P252274,3.,P252274_45,gur,GUR,atomic,attested,,
P252274,3.,P252274_45,e,E,atomic,attested,,
P252274,3.,P252274_45,ne,NE,atomic,attested,,
P252274,4.,P252274_46,a2,A₂,atomic,attested,,
P252274,4.,P252274_46,tuku,TUK,atomic,attested,,
P252274,4.,P252274_47,a,A,atomic,attested,,
P252274,4.,P252274_47,na,NA,atomic,attested,,
P252274,4.,P252274_48,gal2,IG,atomic,attested,,
P252274,4.,P252274_48,la,LA,atomic,attested,,
P252274,4.,P252274_48,am3,|A.AN|,compound,attested,OSL,
P252274,5.,P252274_49,im,IM,atomic,attested,,diš;d
P252274,5.,P252274_49,gur,GUR,atomic,attested,,diš;d
P252274,5.,P252274_49,utu,UD,atomic,attested,,diš;d
P252274,6.,P252274_50,lugal,LUGAL,atomic,attested,,
P252274,6.,P252274_51,ku3,KU₃,atomic,attested,,
P252274,6.,P252274_51,ga,GA,atomic,attested,,
P252274,6.,P252274_51,ra,RA,atomic,attested,,
P252274,7.,P252274_52,u3,|IGI.DIB|,atomic,attested,,
P252274,7.,P252274_53,e,E,atomic,attested,,
P252274,7.,P252274_53,ne,NE,atomic,attested,,
P252274,7.,P252274_53,ne,NE,atomic,attested,,
P252274,7.,P252274_54,ne,NE,atomic,attested,,
P252274,8.,P252274_55,teš2,UR,atomic,attested,,
P252274,8.,P252274_55,a,A,atomic,attested,,
P252274,8.,P252274_56,se3,se3,unresolved,,,
P252274,8.,P252274_56,ga,GA,atomic,attested,,
P252274,8.,P252274_56,bi,BI,atomic,attested,,
P252274,9.,P252274_57,i3,NI,atomic,attested,,
P252274,9.,P252274_57,ba,BA,atomic,attested,,
P252274,9.,P252274_57,e,E,atomic,attested,,
P252274,9.,P252274_57,ne,NE,atomic,attested,,
P252271,1.,P252271_1,8(diš),8(diš),numeral,,,
P252271,1.,P252271_2,1/2(diš),1/2(diš),numeral,,,
P252271,1.,P252271_3,gin2,DUN₃@g,atomic,attested,,
P252271,1.,P252271_4,ku3-babbar,|KU₃.UD|,compound,attested,OSL,
P252271,2.,P252271_5,nig2,GAR,atomic,attested,,
P252271,2.,P252271_6,be,BAD,atomic,attested,,
P252271,2.,P252271_6,el,EL,atomic,attested,,
P252271,2.,P252271_6,šu,ŠU,atomic,attested,,
P252271,2.,P252271_6,nu,NU,atomic,attested,,
P252271,3.,P252271_7,ugu,ugu,unresolved,,,
P252271,3.,P252271_8,i,I,atomic,attested,,d
P252271,3.,P252271_8,din,DIN,atomic,attested,,d
P252271,3.,P252271_8,iš8,AŠ@t,atomic,attested,,d
P252271,3.,P252271_8,tar2,DAR,atomic,attested,,d
P252271,4.,P252271_9,an,AN,atomic,attested,,
P252271,4.,P252271_9,tuku,TUK,atomic,attested,,
P252271,4.,P252271_9,am3,|A.AN|,compound,attested,OSL,
P252271,5.,P252271_10,ša3,ŠA₃,atomic,attested,,
P252271,5.,P252271_11,be,BAD,atomic,attested,,
P252271,5.,P252271_11,el,EL,atomic,attested,,
P252271,5.,P252271_11,šu,ŠU,atomic,attested,,
P252271,5.,P252271_11,nu,NU,atomic,attested,,
P252271,6.,P252271_12,i,I,atomic,attested,,diš;d
P252271,6.,P252271_12,din,DIN,atomic,attested,,diš;d
P252271,6.,P252271_12,iš8,AŠ@t,atomic,attested,,diš;d
P252271,6.,P252271_12,tar2,DAR,atomic,attested,,diš;d
P252271,7.,P252271_13,ba,BA,atomic,attested,,
P252271,7.,P252271_13,an,AN,atomic,attested,,
P252271,7.,P252271_13,du10,HI,atomic,attested,,
P252271,8.,P252271_14,lu2,LU₂,atomic,attested,,
P252271,8.,P252271_14,na,NA,atomic,attested,,
P252271,8.,P252271_14,me,ME,atomic,attested,,
P252271,8.,P252271_14,en,EN,atomic,attested,,
P252271,8.,P252271_15,nig2,GAR,atomic,attested,,
P252271,8.,P252271_15,na,NA,atomic,attested,,
P252271,8.,P252271_15,me,ME,atomic,attested,,
P252271,8.,P252271_15,en,EN,atomic,attested,,
P252271,9.,P252271_16,ugu,ugu,unresolved,,,
P252271,9.,P252271_16,ni,NI,atomic,attested,,
P252271,9.,P252271_17,nu,NU,atomic,attested,,
P252271,9.,P252271_17,tuku,TUK,atomic,attested,,
P252271,10.,P252271_18,mu,MU,atomic,attested,,
P252271,10.,P252271_19,i,I,atomic,attested,,d
P252271,10.,P252271_19,din,DIN,atomic,attested,,d
P252271,10.,P252271_19,iš8,AŠ@t,atomic,attested,,d
P252271,10.,P252271_19,tar2,DAR,atomic,attested,,d
P252271,11.,P252271_20,kišib,MES,atomic,attested,,
P252271,11.,P252271_21,nu,NU,atomic,attested,,
P252271,11.,P252271_21,tuku,TUK,atomic,attested,,
P252271,11.,P252271_22,,,unresolved,,,diš;d
P252271,11.,P252271_22,nanna,nanna,unresolved,,,diš;d
P252271,11.,P252271_22,lu2,LU₂,atomic,attested,,diš;d
P252271,11.,P252271_22,ti,TI,atomic,attested,,diš;d
P252271,12.,P252271_23,kišib,MES,atomic,attested,,
P252271,12.,P252271_23,ba,BA,atomic,attested,,
P252271,12.,P252271_23,ni,NI,atomic,attested,,
P252271,12.,P252271_24,ib2,TUM,atomic,attested,,
P252271,12.,P252271_24,ra,RA,atomic,attested,,
P252271,13.,P252271_25,mu,MU,atomic,attested,,
P252271,13.,P252271_26,lugal,LUGAL,atomic,attested,,
P252271,13.,P252271_26,la,LA,atomic,attested,,
P252271,13.,P252271_26,bi,BI,atomic,attested,,
P252271,13.,P252271_27,in,IN,atomic,attested,,
P252271,13.,P252271_27,pa3,PA3,atomic,attested,,
P252260,1.,P252260_1,8(diš),8(diš),numeral,,,
P252260,1.,P252260_2,1/2(diš),1/2(diš),numeral,,,
P252260,1.,P252260_3,gin2,DUN₃@g,atomic,attested,,
P252260,1.,P252260_4,ku3-babbar,|KU₃.UD|,compound,attested,OSL,
P252260,2.,P252260_5,nig2,GAR,atomic,attested,,
P252260,2.,P252260_6,be,BAD,atomic,attested,,
P252260,2.,P252260_6,li2,NI,atomic,attested,,
P252260,2.,P252260_6,šu,ŠU,atomic,attested,,
P252260,2.,P252260_6,nu,NU,atomic,attested,,
P252260,3.,P252260_7,ugu,ugu,unresolved,,,
P252260,3.,P252260_8,i,I,atomic,attested,,d
P252260,3.,P252260_8,di,DI,atomic,attested,,d
P252260,3.,P252260_8,iš8,AŠ@t,atomic,attested,,d
P252260,3.,P252260_8,tar2,DAR,atomic,attested,,d
P252260,4.,P252260_9,an,AN,atomic,attested,,
P252260,4.,P252260_9,tuku,TUK,atomic,attested,,
P252260,4.,P252260_9,am3,|A.AN|,compound,attested,OSL,
P252260,5.,P252260_10,ša3,ŠA₃,atomic,attested,,
P252260,5.,P252260_11,be,BAD,atomic,attested,,
P252260,5.,P252260_11,li2,NI,atomic,attested,,
P252260,5.,P252260_11,šu,ŠU,atomic,attested,,
P252260,5.,P252260_11,nu,NU,atomic,attested,,
P252260,6.,P252260_12,ugu,ugu,unresolved,,,
P252260,6.,P252260_13,i,I,atomic,attested,,d
P252260,6.,P252260_13,din,DIN,atomic,attested,,d
P252260,6.,P252260_13,iš8,AŠ@t,atomic,attested,,d
P252260,6.,P252260_13,tar2,DAR,atomic,attested,,d
P252260,7.,P252260_14,ba,BA,atomic,attested,,
P252260,7.,P252260_14,an,AN,atomic,attested,,
P252260,7.,P252260_14,du10,HI,atomic,attested,,
P252260,8.,P252260_15,lu2,LU₂,atomic,attested,,
P252260,8.,P252260_15,na,NA,atomic,attested,,
P252260,8.,P252260_15,me,ME,atomic,attested,,
P252260,8.,P252260_15,en,EN,atomic,attested,,
P252260,8.,P252260_16,nig2,GAR,atomic,attested,,
P252260,8.,P252260_16,na,NA,atomic,attested,,
P252260,8.,P252260_16,me,ME,atomic,attested,,
P252260,8.,P252260_16,en,EN,atomic,attested,,
P252260,9.,P252260_17,ugu,ugu,unresolved,,,
P252260,9.,P252260_17,ni,NI,atomic,attested,,
P252260,9.,P252260_18,nu,NU,atomic,attested,,
P252260,9.,P252260_18,tuku,TUK,atomic,attested,,
P252260,10.,P252260_19,mu,MU,atomic,attested,,
P252260,10.,P252260_20,i,I,atomic,attested,,d
P252260,10.,P252260_20,din,DIN,atomic,attested,,d
P252260,10.,P252260_20,iš8,AŠ@t,atomic,attested,,d
P252260,10.,P252260_20,tar2,DAR,atomic,attested,,d
P252260,11.,P252260_21,kišib,MES,atomic,attested,,
P252260,11.,P252260_22,nu,NU,atomic,attested,,
P252260,11.,P252260_22,ub,UB,atomic,attested,,
P252260,11.,P252260_22,tuku,TUK,atomic,attested,,
P252260,1.,P252260_23,,,unresolved,,,diš;d
P252260,1.,P252260_23,nanna,nanna,unresolved,,,diš;d
P252260,1.,P252260_23,lu2,LU₂,atomic,attested,,diš;d
P252260,1.,P252260_23,ti,TI,atomic,attested,,diš;d
P252260,2.,P252260_24,kišib,MES,atomic,attested,,
P252260,2.,P252260_24,a,A,atomic,attested,,
P252260,2.,P252260_24,ni,NI,atomic,attested,,
P252260,2.,P252260_25,ne,NE,atomic,attested,,
P252260,2.,P252260_26,ne,NE,atomic,attested,,
P252260,3.,P252260_27,ib2,TUM,atomic,attested,,
P252260,3.,P252260_27,ra,RA,atomic,attested,,
P252260,4.,P252260_28,mu,MU,atomic,attested,,
P252260,4.,P252260_29,lugal,LUGAL,atomic,attested,,
P252260,4.,P252260_29,la,LA,atomic,attested,,
P252260,4.,P252260_29,bi,BI,atomic,attested,,
P252260,5.,P252260_30,in,IN,atomic,attested,,
P252260,5.,P252260_30,pa3,PA3,atomic,attested,,
P252260,6.,P252260_31,im,IM,atomic,attested,,
P252260,6.,P252260_31,gid,KID,atomic,attested,,
P252260,6.,P252260_31,da,DA,atomic,attested,,
P252260,6.,P252260_32,la,LA,atomic,attested,,
P252260,6.,P252260_32,a,A,atomic,attested,,
P252260,6.,P252260_32,lum,LUM,atomic,attested,,
P252260,7.,P252260_33,iti,UD×U+U+U,atomic,attested,,
P252260,7.,P252260_34,du6,LAGAR@g,atomic,attested,,
P252260,7.,P252260_34,ku3,KU₃,atomic,attested,,
P252260,7.,P252260_35,u4,UD,atomic,attested,,
P252260,7.,P252260_36,9(diš),ILIMMU,atomic,attested,,
P252260,7.,P252260_36,kam,|HI×BAD|,atomic,attested,,
P252260,7.,P252260_37,til3,TI,atomic,attested,,
P252260,7.,P252260_37,la,LA,atomic,attested,,
P251516,1.,P251516_1,1(diš),1(diš),numeral,,,
P251516,1.,P251516_2,ma,MA,atomic,attested,,
P251516,1.,P251516_2,na,NA,atomic,attested,,
P251516,1.,P251516_3,ku3-babbar,|KU₃.UD|,compound,attested,OSL,
P251516,2.,P251516_4,maš2,KUN,atomic,attested,,
P251516,2.,P251516_5,nu,NU,atomic,attested,,
P251516,2.,P251516_5,ub,UB,atomic,attested,,
P251516,2.,P251516_5,tuku,TUK,atomic,attested,,
P251516,3.,P251516_6,ku3,KU₃,atomic,attested,,
P251516,3.,P251516_7,utu,UD,atomic,attested,,d
P251516,3.,P251516_7,še3,EŠ₂,atomic,attested,,d
P251516,4.,P251516_8,ki,KI,atomic,attested,,
P251516,4.,P251516_9,utu,UD,atomic,attested,,d
P251516,4.,P251516_9,ta,TA,atomic,attested,,d
P251516,5.,P251516_10,,,unresolved,,,diš;d
P251516,5.,P251516_10,suen,|EN.ZU|,compound,attested,OSL,diš;d
P251516,5.,P251516_10,e,E,atomic,attested,,diš;d
P251516,5.,P251516_10,ri,RI,atomic,attested,,diš;d
P251516,5.,P251516_10,ba,BA,atomic,attested,,diš;d
P251516,5.,P251516_10,am,|GUD×KUR|,atomic,attested,,diš;d
P251516,6.,P251516_11,šu,ŠU,atomic,attested,,
P251516,6.,P251516_12,ba,BA,atomic,attested,,
P251516,6.,P251516_12,an,AN,atomic,attested,,
P251516,6.,P251516_12,ti,TI,atomic,attested,,
P252326,1.,P252326_1,3(u),3(u),numeral,,,
P252326,1.,P252326_2,gur,GUR,atomic,attested,,
P252326,1.,P252326_3,u4,UD,atomic,attested,,
P252326,1.,P252326_3,hi,HI,atomic,attested,,
P252326,1.,P252326_3,in,IN,atomic,attested,,
P252326,2.,P252326_4,zu2,zu2,unresolved,,,
P252326,2.,P252326_4,lum,LUM,atomic,attested,,
P252326,2.,P252326_4,bi,BI,atomic,attested,,
P252326,2.,P252326_5,2(u),2(u),numeral,,,
P252326,2.,P252326_6,gur,GUR,atomic,attested,,
P252326,3.,P252326_7,nig2,GAR,atomic,attested,,
P252326,3.,P252326_7,gar,GAR,atomic,attested,,
P252326,3.,P252326_8,kiri6,SAR,atomic,attested,,geš
P252326,3.,P252326_9,ia,|I.A|,atomic,attested,,
P252326,3.,P252326_9,ku,KU,atomic,attested,,
P252326,3.,P252326_9,ru,RU,atomic,attested,,
P252326,3.,P252326_9,ub,UB,atomic,attested,,
P252326,3.,P252326_9,dingir,AN,atomic,attested,,
P252326,4.,P252326_10,ki,KI,atomic,attested,,
P252326,4.,P252326_11,ia,|I.A|,atomic,attested,,
P252326,4.,P252326_11,ku,KU,atomic,attested,,
P252326,4.,P252326_11,ru,RU,atomic,attested,,
P252326,4.,P252326_11,ub,UB,atomic,attested,,
P252326,4.,P252326_11,dingir,AN,atomic,attested,,
P252326,5.,P252326_12,ia,|I.A|,atomic,attested,,diš
P252326,5.,P252326_12,ah,ah,unresolved,,,diš
P252326,5.,P252326_12,ba,BA,atomic,attested,,diš
P252326,5.,P252326_12,ah,ah,unresolved,,,diš
P252326,5.,P252326_12,dingir,AN,atomic,attested,,diš
P252326,6.,P252326_13,u3,|IGI.DIB|,atomic,attested,,
P252326,6.,P252326_14,suen,|EN.ZU|,compound,attested,OSL,d
P252326,6.,P252326_14,ha,HA,atomic,attested,,d
P252326,6.,P252326_14,zi,ZI,atomic,attested,,d
P252326,6.,P252326_14,ir,IR,atomic,attested,,d
P252326,7.,P252326_15,še,ŠE,atomic,attested,,
P252326,7.,P252326_15,ga,GA,atomic,attested,,
P252326,7.,P252326_15,ne,NE,atomic,attested,,
P252326,7.,P252326_15,ne,NE,atomic,attested,,
P252326,8.,P252326_16,ib2,TUM,atomic,attested,,
P252326,8.,P252326_16,ta,TA,atomic,attested,,
P252326,8.,P252326_16,e3,e3,unresolved,,,
P252326,8.,P252326_16,a,A,atomic,attested,,
P252326,8.,P252326_16,meš,|ME.U.U.U|,atomic,attested,,
P252326,9.,P252326_17,iti,UD×U+U+U,atomic,attested,,
P252326,9.,P252326_18,du6,LAGAR@g,atomic,attested,,
P252326,9.,P252326_18,ku3,KU₃,atomic,attested,,
P252326,10.,P252326_19,zu2,zu2,unresolved,,,
P252326,10.,P252326_19,lum,LUM,atomic,attested,,
P252326,10.,P252326_20,ku4,KU₄,atomic,attested,,
P252326,10.,P252326_20,ku4,KU₄,atomic,attested,,
P252326,10.,P252326_20,dam,DAM,atomic,attested,,
P252326,11.,P252326_21,zu2,zu2,unresolved,,,
P252326,11.,P252326_21,lum,LUM,atomic,attested,,
P252326,11.,P252326_21,bi,BI,atomic,attested,,
P252326,11.,P252326_22,i3,NI,atomic,attested,,
P252326,11.,P252326_22,ag2,|NINDA₂×NE|,atomic,attested,,
P252326,11.,P252326_22,e,E,atomic,attested,,
P252326,11.,P252326_22,ne,NE,atomic,attested,,
P252326,12.,P252326_23,5(aš),5(aš),numeral,,,
P252326,12.,P252326_24,gur,GUR,atomic,attested,,
P252326,12.,P252326_25,še,ŠE,atomic,attested,,
P252326,13.,P252326_26,ur5,ur5,unresolved,,,
P252326,13.,P252326_26,še3,EŠ₂,atomic,attested,,
P252326,13.,P252326_27,nu,NU,atomic,attested,,
P252326,13.,P252326_27,me,ME,atomic,attested,,
P252326,13.,P252326_27,a,A,atomic,attested,,
P252326,14.,P252326_28,šu,ŠU,atomic,attested,,
P252326,14.,P252326_28,la2,LAL,atomic,attested,,
P252326,14.,P252326_28,še3,EŠ₂,atomic,attested,,
P252326,14.,P252326_29,ba,BA,atomic,attested,,
P252326,14.,P252326_29,an,AN,atomic,attested,,
P252326,14.,P252326_29,šum2,šum2,unresolved,,,
P252326,14.,P252326_29,mu,MU,atomic,attested,,
P252326,15.,P252326_30,ki,KI,atomic,attested,,
P252326,15.,P252326_31,i3,NI,atomic,attested,,
P252326,15.,P252326_31,li1,li1,unresolved,,,
P252326,15.,P252326_31,i,I,atomic,attested,,
P252326,15.,P252326_31,mi,MI,atomic,attested,,
P252326,15.,P252326_31,it,A₂,atomic,attested,,
P252326,15.,P252326_31,ti,TI,atomic,attested,,
P252326,16.,P252326_32,ba,BA,atomic,attested,,diš
P252326,16.,P252326_32,al,AL,atomic,attested,,diš
P252326,16.,P252326_32,ṭu3,ṭu3,unresolved,,,diš
P252326,16.,P252326_32,um,UM,atomic,attested,,diš
P252326,16.,P252326_32,mu,MU,atomic,attested,,diš
P252326,16.,P252326_32,x,X,atomic,attested,,diš
P252326,16.,P252326_32,x,X,atomic,attested,,diš
P252326,1.,P252326_33,šu,ŠU,atomic,attested,,
P252326,1.,P252326_34,ba,BA,atomic,attested,,
P252326,1.,P252326_34,an,AN,atomic,attested,,
P252326,1.,P252326_34,ti,TI,atomic,attested,,
P252326,2.,P252326_35,iti,UD×U+U+U,atomic,attested,,
P252326,2.,P252326_36,sig4,SIG₄,atomic,attested,,
P252326,2.,P252326_36,a,A,atomic,attested,,
P252326,3.,P252326_37,še,ŠE,atomic,attested,,
P252326,3.,P252326_38,i3,NI,atomic,attested,,
P252326,3.,P252326_38,ag2,|NINDA₂×NE|,atomic,attested,,
P252326,3.,P252326_38,e,E,atomic,attested,,
P250815,1.,P250815_1,5(aš),5(aš),numeral,,,
P250815,1.,P250815_2,gur,GUR,atomic,attested,,
P250815,1.,P250815_3,zu2,zu2,unresolved,,,
P250815,1.,P250815_3,lum,LUM,atomic,attested,,
P250815,2.,P250815_4,nig2,GAR,atomic,attested,,
P250815,2.,P250815_4,gar,GAR,atomic,attested,,
P250815,2.,P250815_5,kiri6,SAR,atomic,attested,,geš
P250815,3.,P250815_6,kiri6,SAR,atomic,attested,,geš
P250815,3.,P250815_7,ib,IB,atomic,attested,,d
P250815,3.,P250815_7,ni,NI,atomic,attested,,d
P250815,3.,P250815_7,suen,|EN.ZU|,compound,attested,OSL,d
P250815,4.,P250815_8,diš,DIŠ,atomic,attested,,
P250815,4.,P250815_9,ki,KI,atomic,attested,,
P250815,4.,P250815_10,ib,IB,atomic,attested,,d
P250815,4.,P250815_10,ni,NI,atomic,attested,,d
P250815,4.,P250815_10,suen,|EN.ZU|,compound,attested,OSL,d
P250815,5.,P250815_11,ar,|IGI.RI|,atomic,attested,,diš
P250815,5.,P250815_11,bi,BI,atomic,attested,,diš
P250815,5.,P250815_11,tu,TU,atomic,attested,,diš
P250815,5.,P250815_11,ra,RA,atomic,attested,,diš
P250815,5.,P250815_11,am,|GUD×KUR|,atomic,attested,,diš
P250815,6.,P250815_12,šu,ŠU,atomic,attested,,
P250815,6.,P250815_13,ba,BA,atomic,attested,,
P250815,6.,P250815_13,an,AN,atomic,attested,,
P250815,6.,P250815_13,ti,TI,atomic,attested,,
P250815,7.,P250815_14,iti,UD×U+U+U,atomic,attested,,
P250815,7.,P250815_15,šu,ŠU,atomic,attested,,
P250815,7.,P250815_15,numun,KUL,atomic,attested,,
P250815,7.,P250815_15,a,A,atomic,attested,,
P250815,8.,P250815_16,ša3,ŠA₃,atomic,attested,,geš
P250815,8.,P250815_16,gešimmar,gešimmar,unresolved,,,geš
P250815,8.,P250815_17,nu,NU,atomic,attested,,
P250815,8.,P250815_17,ba,BA,atomic,attested,,
P250815,8.,P250815_17,an,AN,atomic,attested,,
P250815,8.,P250815_17,ku5,TAR,atomic,attested,,
P250815,1.,P250815_18,kid,KID,atomic,attested,,geš
P250815,1.,P250815_18,da,DA,atomic,attested,,geš
P250815,1.,P250815_19,gešnimbar,gešnimbar,unresolved,,,
P250815,2.,P250815_20,šu,ŠU,atomic,attested,,
P250815,2.,P250815_21,ba,BA,atomic,attested,,
P250815,2.,P250815_21,an,AN,atomic,attested,,
P250815,2.,P250815_21,ti,TI,atomic,attested,,
P252280,1.,P252280_1,1(diš),1(diš),numeral,,,
P252280,1.,P252280_2,sag,SAG,atomic,attested,,
P252280,1.,P252280_2,nita2,ARAD,atomic,attested,,
P252280,1.,P252280_3,ARAD,ARAD,atomic,attested,,d
P252280,1.,P252280_3,nanna,nanna,unresolved,,,d
P252280,1.,P252280_4,mu,MU,atomic,attested,,
P252280,1.,P252280_4,ni,NI,atomic,attested,,
P252280,1.,P252280_4,im,IM,atomic,attested,,
P252280,2.,P252280_5,ARAD,ARAD,atomic,attested,,
P252280,2.,P252280_6,ARAD,ARAD,atomic,attested,,
P252280,2.,P252280_6,i3,NI,atomic,attested,,
P252280,2.,P252280_6,li2,NI,atomic,attested,,
P252280,2.,P252280_6,šu,ŠU,atomic,attested,,
P252280,3.,P252280_7,ki,KI,atomic,attested,,
P252280,3.,P252280_8,ARAD,ARAD,atomic,attested,,
P252280,3.,P252280_8,i3,NI,atomic,attested,,
P252280,3.,P252280_8,li2,NI,atomic,attested,,
P252280,3.,P252280_8,šu,ŠU,atomic,attested,,
P252280,4.,P252280_9,lugal,LUGAL,atomic,attested,,
P252280,4.,P252280_9,a,A,atomic,attested,,
P252280,4.,P252280_9,ni-ir,|NA₂.X|,compound,attested,OSL,
P252280,5.,P252280_10,dingir,AN,atomic,attested,,diš
P252280,5.,P252280_10,lu2,LU₂,atomic,attested,,diš
P252280,5.,P252280_10,sa6,sa6,unresolved,,,diš
P252280,6.,P252280_11,in,IN,atomic,attested,,
P252280,6.,P252280_11,ši,IGI,atomic,attested,,
P252280,6.,P252280_11,sa10,|NINDA₂×ŠE|,atomic,attested,,
P252280,7.,P252280_12,1/2(diš),1/2(diš),numeral,,,
P252280,7.,P252280_13,ma,MA,atomic,attested,,
P252280,7.,P252280_13,na,NA,atomic,attested,,
P252280,7.,P252280_14,ku3-babbar,|KU₃.UD|,compound,attested,OSL,
P252280,8.,P252280_15,sa10,|NINDA₂×ŠE|,atomic,attested,,
P252280,8.,P252280_16,til,TIL,atomic,attested,,
P252280,8.,P252280_16,la,LA,atomic,attested,,
P252280,8.,P252280_16,ni,NI,atomic,attested,,
P252280,8.,P252280_16,še3,EŠ₂,atomic,attested,,
P252280,9.,P252280_17,in,IN,atomic,attested,,
P252280,9.,P252280_17,na,NA,atomic,attested,,
P252280,9.,P252280_17,an,AN,atomic,attested,,
P252280,9.,P252280_17,la2,LAL,atomic,attested,,
P252280,10.,P252280_18,tukum,tukum,unresolved,,,
P252280,10.,P252280_18,bi,BI,atomic,attested,,
P252280,11.,P252280_19,inim,inim,unresolved,,,
P252280,11.,P252280_20,gal2,IG,atomic,attested,,
P252280,11.,P252280_20,la,LA,atomic,attested,,
P252280,11.,P252280_21,ba,BA,atomic,attested,,
P252280,11.,P252280_21,an,AN,atomic,attested,,
P252280,11.,P252280_21,tuku,TUK,atomic,attested,,
P252280,12.,P252280_22,ARAD,ARAD,atomic,attested,,diš
P252280,12.,P252280_22,i3,NI,atomic,attested,,diš
P252280,12.,P252280_22,li2,NI,atomic,attested,,diš
P252280,12.,P252280_22,šu,ŠU,atomic,attested,,diš
P252280,13.,P252280_23,inim,inim,unresolved,,,
P252280,13.,P252280_24,gal2,IG,atomic,attested,,
P252280,13.,P252280_24,la,LA,atomic,attested,,
P252280,13.,P252280_24,ni,NI,atomic,attested,,
P252280,13.,P252280_24,še3,EŠ₂,atomic,attested,,
P252280,14.,P252280_25,ba,BA,atomic,attested,,
P252280,14.,P252280_25,ni,NI,atomic,attested,,
P252280,14.,P252280_25,ib,IB,atomic,attested,,
P252280,14.,P252280_25,gi4,GI₄,atomic,attested,,
P252280,14.,P252280_25,gi4,GI₄,atomic,attested,,
P252280,15.,P252280_26,mu,MU,atomic,attested,,
P252280,15.,P252280_27,lugal,LUGAL,atomic,attested,,
P252280,15.,P252280_27,la,LA,atomic,attested,,
P252280,15.,P252280_27,bi,BI,atomic,attested,,
P252280,15.,P252280_28,in,IN,atomic,attested,,
P252280,15.,P252280_28,pa3,PA3,atomic,attested,,
P254010,1.,P254010_1,1(diš),1(diš),numeral,,,
P254010,1.,P254010_2,sag,SAG,atomic,attested,,
P254010,1.,P254010_2,munus,SAL,atomic,attested,,
P254010,2.,P254010_3,iš8,AŠ@t,atomic,attested,,diš
P254010,2.,P254010_3,tar2,DAR,atomic,attested,,diš
P254010,2.,P254010_3,en,EN,atomic,attested,,diš
P254010,2.,P254010_3,nam,NAM,atomic,attested,,diš
P254010,2.,P254010_4,mu,MU,atomic,attested,,
P254010,2.,P254010_4,ni,NI,atomic,attested,,
P254010,2.,P254010_4,im,IM,atomic,attested,,
P254010,3.,P254010_5,geme2,geme2,unresolved,,,
P254010,3.,P254010_6,lugal,LUGAL,atomic,attested,,
P254010,3.,P254010_6,a,A,atomic,attested,,
P254010,3.,P254010_6,ma,MA,atomic,attested,,
P254010,3.,P254010_6,ru,RU,atomic,attested,,
P254010,4.,P254010_7,lugal,LUGAL,atomic,attested,,
P254010,4.,P254010_7,a,A,atomic,attested,,
P254010,4.,P254010_7,ma,MA,atomic,attested,,
P254010,4.,P254010_7,ru,RU,atomic,attested,,
P254010,5.,P254010_8,lugal,LUGAL,atomic,attested,,
P254010,5.,P254010_8,a,A,atomic,attested,,
P254010,5.,P254010_8,ni-ir,|NA₂.X|,compound,attested,OSL,
P254010,6.,P254010_9,ama,|GA₂×AN|,atomic,attested,,
P254010,6.,P254010_9,ar,|IGI.RI|,atomic,attested,,
P254010,6.,P254010_9,gi4,GI₄,atomic,attested,,
P254010,6.,P254010_9,ni,NI,atomic,attested,,
P254010,6.,P254010_10,in,IN,atomic,attested,,
P254010,6.,P254010_10,gar,GAR,atomic,attested,,
P254010,7.,P254010_11,1(diš),1(diš),numeral,,,
P254010,7.,P254010_12,sar,SAR,atomic,attested,,
P254010,7.,P254010_13,e2,E₂,atomic,attested,,
P254010,7.,P254010_14,du3,KAK,atomic,attested,,
P254010,7.,P254010_14,a,A,atomic,attested,,
P254010,8.,P254010_15,1(diš),1(diš),numeral,,,
P254010,8.,P254010_16,kinkin,kinkin,unresolved,,,na4
P254010,8.,P254010_17,zi,ZI,atomic,attested,,
P254010,8.,P254010_17,bi,BI,atomic,attested,,
P254010,8.,P254010_18,šu,ŠU,atomic,attested,,
P254010,8.,P254010_19,sig10,sig10,unresolved,,,
P254010,8.,P254010_19,ga,GA,atomic,attested,,
P254010,9.,P254010_20,1(diš),1(diš),numeral,,,
P254010,9.,P254010_21,banšur,|URU×URUDA|,atomic,attested,,geš
P254010,9.,P254010_22,za3,ZAG,atomic,attested,,
P254010,9.,P254010_22,gu2,GU₂,atomic,attested,,
P254010,9.,P254010_22,la2,LAL,atomic,attested,,
P254010,10.,P254010_23,1(diš),1(diš),numeral,,,
P254010,10.,P254010_24,kun,KUN,atomic,attested,,geš
P254010,11.,P254010_25,1(diš),1(diš),numeral,,,
P254010,11.,P254010_26,muru5(|SAL:UD+EDIN|),muru5(|SAL:UD+EDIN|),unresolved,,,geš
P254010,11.,P254010_26,za,ZA,atomic,attested,,geš
P254010,11.,P254010_26,nu,NU,atomic,attested,,geš
P254010,11.,P254010_26,um,UM,atomic,attested,,geš
P254010,12.,P254010_27,in,IN,atomic,attested,,
P254010,12.,P254010_27,na,NA,atomic,attested,,
P254010,12.,P254010_27,an,AN,atomic,attested,,
P254010,12.,P254010_27,šum2,šum2,unresolved,,,
P254010,13.,P254010_28,u4,UD,atomic,attested,,
P254010,13.,P254010_29,til,TIL,atomic,attested,,
P254010,13.,P254010_29,la,LA,atomic,attested,,
P254010,13.,P254010_29,še3,EŠ₂,atomic,attested,,
P254010,14.,P254010_30,igi,IGI,atomic,attested,,
P254010,14.,P254010_30,ni,NI,atomic,attested,,
P254010,14.,P254010_30,še3,EŠ₂,atomic,attested,,
P254010,14.,P254010_31,i3,NI,atomic,attested,,
P254010,14.,P254010_31,gub,DU,atomic,attested,,
P254010,14.,P254010_31,bu,BU,atomic,attested,,
P254010,15.,P254010_32,u4,UD,atomic,attested,,
P254010,15.,P254010_33,kur2,PAP,atomic,attested,,
P254010,15.,P254010_33,še3,EŠ₂,atomic,attested,,
P254010,16.,P254010_34,ibila,|TUR.UŠ|,compound,attested,OSL,
P254010,16.,P254010_35,lugal,LUGAL,atomic,attested,,
P254010,16.,P254010_35,a,A,atomic,attested,,
P254010,16.,P254010_35,ma,MA,atomic,attested,,
P254010,16.,P254010_35,ru,RU,atomic,attested,,
P254010,17.,P254010_36,nam,NAM,atomic,attested,,
P254010,17.,P254010_36,geme2,geme2,unresolved,,,
P254010,17.,P254010_36,še3,EŠ₂,atomic,attested,,
P254010,17.,P254010_37,u3,|IGI.DIB|,atomic,attested,,
P254010,17.,P254010_38,nig2,GAR,atomic,attested,,
P254010,17.,P254010_38,ba,BA,atomic,attested,,
P254010,17.,P254010_38,ni,NI,atomic,attested,,
P254010,17.,P254010_38,a,A,atomic,attested,,
P254010,17.,P254010_38,ni,NI,atomic,attested,,
P254010,17.,P254010_38,še3,EŠ₂,atomic,attested,,
P254010,18.,P254010_39,lugal,LUGAL,atomic,attested,,
P254010,18.,P254010_39,a,A,atomic,attested,,
P254010,18.,P254010_39,ma,MA,atomic,attested,,
P254010,18.,P254010_39,ru,RU,atomic,attested,,
P254010,18.,P254010_40,mu,MU,atomic,attested,,
P254010,18.,P254010_41,lugal,LUGAL,atomic,attested,,
P254010,18.,P254010_41,bi,BI,atomic,attested,,
P254010,18.,P254010_42,in,IN,atomic,attested,,
P254010,18.,P254010_42,pa3,PA3,atomic,attested,,
P254010,1.,P254010_43,dingir,AN,atomic,attested,,diš
P254010,1.,P254010_43,x,X,atomic,attested,,diš
P254010,1.,P254010_43,ma,MA,atomic,attested,,diš
P254010,2.,P254010_44,kur,KUR,atomic,attested,,
P254010,2.,P254010_44,ra,RA,atomic,attested,,
P254010,2.,P254010_45,tu,TU,atomic,attested,,
P254010,2.,P254010_45,da,DA,atomic,attested,,
P254010,3.,P254010_46,dumu,TUR,atomic,attested,,
P254010,3.,P254010_47,ARAD,ARAD,atomic,attested,,d
P254010,3.,P254010_47,nin,|SAL.TUG₂|,atomic,attested,,d
P254010,3.,P254010_47,urta,IB,atomic,attested,,d
P254010,3.,P254010_48,IM,IM,atomic,attested,,ki
P254010,4.,P254010_49,x,X,atomic,attested,,
P254010,4.,P254010_50,…,…,broken,,,
P254010,4.,P254010_51,ur,UR,atomic,attested,,
P254010,4.,P254010_51,ku3,KU₃,atomic,attested,,
P254010,4.,P254010_51,zu,ZU,atomic,attested,,
P254010,5.,P254010_52,…,…,broken,,,
P254010,6.,P254010_53,…,…,broken,,,
P254010,7.,P254010_54,…,…,broken,,,
P254010,8.,P254010_55,…,…,broken,,,
P254010,9.,P254010_56,…,…,broken,,,
P254010,10.,P254010_57,…,…,broken,,,
P254010,11.,P254010_58,…,…,broken,,,
P254010,12.,P254010_59,…,…,broken,,,
P254010,13.,P254010_60,…,…,broken,,,
P254010,13.,P254010_61,ur,UR,atomic,attested,,
P254010,13.,P254010_61,ku3,KU₃,atomic,attested,,
P254010,13.,P254010_61,zu,ZU,atomic,attested,,
P254010,13.,P254010_61,ke4,KID,atomic,attested,,
P254010,13.,P254010_61,ne,NE,atomic,attested,,
P254010,14.,P254010_62,…,…,broken,,,
P254010,14.,P254010_62,x,X,atomic,attested,,
P254010,14.,P254010_62,ni,NI,atomic,attested,,
P254010,15.,P254010_63,…,…,broken,,,
P254010,15.,P254010_63,na,NA,atomic,attested,,
P254010,15.,P254010_63,de2,DE₂,atomic,attested,,
P254010,15.,P254010_63,e,E,atomic,attested,,
P254010,15.,P254010_63,ne,NE,atomic,attested,,
P254010,15.,P254010_63,a,A,atomic,attested,,
P254010,16.,P254010_64,ur,UR,atomic,attested,,
P254010,16.,P254010_64,ku3,KU₃,atomic,attested,,
P254010,16.,P254010_64,zu,ZU,atomic,attested,,
P254010,16.,P254010_65,lugal,LUGAL,atomic,attested,,
P254010,16.,P254010_65,a,A,atomic,attested,,
P254010,16.,P254010_65,ni-ir,|NA₂.X|,compound,attested,OSL,
P254010,17.,P254010_66,u3,|IGI.DIB|,atomic,attested,,
P254010,17.,P254010_67,nin,|SAL.TUG₂|,atomic,attested,,
P254010,17.,P254010_67,he2,|GAN×HI|,compound,attested,OSL,
P254010,17.,P254010_67,gal2,IG,atomic,attested,,
P254010,17.,P254010_68,nin,|SAL.TUG₂|,atomic,attested,,
P254010,17.,P254010_68,a,A,atomic,attested,,
P254010,17.,P254010_68,ni,NI,atomic,attested,,
P254010,18.,P254010_69,mu,MU,atomic,attested,,
P254010,18.,P254010_70,lugal,LUGAL,atomic,attested,,
P254010,18.,P254010_70,bi,BI,atomic,attested,,
P254010,18.,P254010_71,in,IN,atomic,attested,,
P254010,18.,P254010_71,pa3,PA3,atomic,attested,,
P254010,18.,P254010_71,eš,|U.U.U|,atomic,attested,,
P250669,1.,P250669_1,1(diš),1(diš),numeral,,,
P250669,1.,P250669_2,sag,SAG,atomic,attested,,
P250669,1.,P250669_2,geme2,geme2,unresolved,,,
P250669,2.,P250669_3,a,A,atomic,attested,,
P250669,2.,P250669_3,zu,ZU,atomic,attested,,
P250669,2.,P250669_3,ga,GA,atomic,attested,,
P250669,2.,P250669_3,a,A,atomic,attested,,
P250669,2.,P250669_3,a,A,atomic,attested,,
P250669,2.,P250669_4,mu,MU,atomic,attested,,
P250669,2.,P250669_4,ni,NI,atomic,attested,,
P250669,3.,P250669_5,ki,KI,atomic,attested,,
P250669,3.,P250669_6,suen,|EN.ZU|,compound,attested,OSL,d
P250669,3.,P250669_6,nu,NU,atomic,attested,,d
P250669,3.,P250669_6,ri,RI,atomic,attested,,d
P250669,3.,P250669_7,dam,DAM,atomic,attested,,
P250669,3.,P250669_7,a,A,atomic,attested,,
P250669,3.,P250669_7,ni,NI,atomic,attested,,
P250669,4.,P250669_8,u4,UD,atomic,attested,,
P250669,4.,P250669_9,ša3,ŠA₃,atomic,attested,,
P250669,4.,P250669_9,gar,GAR,atomic,attested,,
P250669,4.,P250669_9,ra,RA,atomic,attested,,
P250669,4.,P250669_10,til,TIL,atomic,attested,,
P250669,4.,P250669_10,la,LA,atomic,attested,,
P250669,4.,P250669_10,ne,NE,atomic,attested,,
P250669,5.,P250669_11,ša3,ŠA₃,atomic,attested,,
P250669,5.,P250669_12,gur,GUR,atomic,attested,,
P250669,5.,P250669_13,la2la2,la2la2,unresolved,,,
P250669,5.,P250669_13,ke4,KID,atomic,attested,,
P250669,6.,P250669_14,ganba,|KI.LAM|,compound,attested,OSL,
P250669,6.,P250669_15,gal,GAL,atomic,attested,,
P250669,6.,P250669_16,tur,TUR,atomic,attested,,
P250669,6.,P250669_16,ra,RA,atomic,attested,,
P250669,7.,P250669_17,teš,AŠ,atomic,attested,,
P250669,7.,P250669_18,teš2,UR,atomic,attested,,
P250669,7.,P250669_19,lu2,LU₂,atomic,attested,,
P250669,7.,P250669_20,lu2,LU₂,atomic,attested,,
P250669,8.,P250669_21,teš2,UR,atomic,attested,,
P250669,8.,P250669_22,ba,BA,atomic,attested,,
P250669,8.,P250669_22,pa3,PA3,atomic,attested,,
P250669,8.,P250669_22,de3,NE,atomic,attested,,
P250669,9.,P250669_23,ku3,KU₃,atomic,attested,,
P250669,9.,P250669_24,ba,BA,atomic,attested,,
P250669,9.,P250669_24,ab,AB,atomic,attested,,
P250669,9.,P250669_24,šum2,šum2,unresolved,,,
P250669,9.,P250669_24,ma,MA,atomic,attested,,
P250669,10.,P250669_25,li,LI,atomic,attested,,
P250669,10.,P250669_26,suen,|EN.ZU|,compound,attested,OSL,d
P250669,10.,P250669_26,nu,NU,atomic,attested,,d
P250669,10.,P250669_26,ri,RI,atomic,attested,,d
P250669,10.,P250669_27,dam,DAM,atomic,attested,,
P250669,10.,P250669_27,a,A,atomic,attested,,
P250669,10.,P250669_27,ni,NI,atomic,attested,,
P250669,11.,P250669_28,u,U,atomic,attested,,diš
P250669,11.,P250669_28,bar,BAR,atomic,attested,,diš
P250669,11.,P250669_28,ru,RU,atomic,attested,,diš
P250669,11.,P250669_28,um,UM,atomic,attested,,diš
P250669,12.,P250669_29,sa10,|NINDA₂×ŠE|,atomic,attested,,
P250669,12.,P250669_30,til,TIL,atomic,attested,,
P250669,12.,P250669_30,la,LA,atomic,attested,,
P250669,12.,P250669_30,ni,NI,atomic,attested,,
P250669,12.,P250669_30,še3,EŠ₂,atomic,attested,,
P250669,13.,P250669_31,ku3,KU₃,atomic,attested,,
P250669,13.,P250669_32,šu,ŠU,atomic,attested,,
P250669,13.,P250669_33,bi2,NE,atomic,attested,,
P250669,13.,P250669_33,ib,IB,atomic,attested,,
P250669,13.,P250669_33,šum2,šum2,unresolved,,,
P250669,14.,P250669_34,iri,URU,atomic,attested,,
P250669,14.,P250669_35,ru,RU,atomic,attested,,
P250669,14.,P250669_35,ha:bu,ha:bu,unresolved,,,
P250669,14.,P250669_35,um,UM,atomic,attested,,
P250669,15.,P250669_36,geš,GIŠ,atomic,attested,,
P250669,15.,P250669_36,gan,gan,unresolved,,,
P250669,15.,P250669_36,na,NA,atomic,attested,,
P250669,15.,P250669_37,ib2,TUM,atomic,attested,,
P250669,15.,P250669_37,ta,TA,atomic,attested,,
P250669,15.,P250669_37,bala,BAL,atomic,attested,,
P250669,1.,P250669_38,u4,UD,atomic,attested,,
P250669,1.,P250669_39,kur2,PAP,atomic,attested,,
P250669,1.,P250669_39,še3,EŠ₂,atomic,attested,,
P250669,1.,P250669_40,lu2,LU₂,atomic,attested,,
P250669,1.,P250669_41,mu,MU,atomic,attested,,
P250669,1.,P250669_41,gi4,GI₄,atomic,attested,,
P250669,2.,P250669_42,mu,MU,atomic,attested,,
P250669,2.,P250669_43,lugal,LUGAL,atomic,attested,,
P250669,2.,P250669_43,bi,BI,atomic,attested,,
P250669,2.,P250669_44,in,IN,atomic,attested,,
P250669,2.,P250669_44,pa3,PA3,atomic,attested,,
P250669,3.,P250669_45,igi,IGI,atomic,attested,,
P250669,3.,P250669_46,be,BAD,atomic,attested,,
P250669,3.,P250669_46,lum,LUM,atomic,attested,,
P250669,3.,P250669_47,dumu,TUR,atomic,attested,,
P250669,3.,P250669_48,dingir,AN,atomic,attested,,
P250669,3.,P250669_48,dingir,AN,atomic,attested,,
P250669,3.,P250669_48,še,ŠE,atomic,attested,,
P250669,3.,P250669_48,me,ME,atomic,attested,,
P250669,3.,P250669_48,a,A,atomic,attested,,
P250669,4.,P250669_49,igi,IGI,atomic,attested,,
P250669,4.,P250669_50,ku3,KU₃,atomic,attested,,d
P250669,4.,P250669_50,nanna,nanna,unresolved,,,d
P250669,5.,P250669_51,igi,IGI,atomic,attested,,
P250669,5.,P250669_52,ia,|I.A|,atomic,attested,,
P250669,5.,P250669_52,a,A,atomic,attested,,
P250669,5.,P250669_53,dumu,TUR,atomic,attested,,
P250669,5.,P250669_54,nu,NU,atomic,attested,,d
P250669,5.,P250669_54,ur2,UR₂,atomic,attested,,d
P250669,5.,P250669_54,ištaran,|KA.DI|,compound,attested,OSL,d
P250669,6.,P250669_55,igi,IGI,atomic,attested,,
P250669,6.,P250669_56,i,I,atomic,attested,,
P250669,6.,P250669_56,bi,BI,atomic,attested,,
P250669,6.,P250669_56,er3,ARAD,atomic,attested,,
P250669,6.,P250669_56,ra,RA,atomic,attested,,
P250669,6.,P250669_57,gudu4,gudu4,unresolved,,,
P250669,7.,P250669_58,igi,IGI,atomic,attested,,
P250669,7.,P250669_59,a,A,atomic,attested,,
P250669,7.,P250669_59,ha,HA,atomic,attested,,
P250669,7.,P250669_59,mar,MAR,atomic,attested,,
P250669,7.,P250669_59,ši,IGI,atomic,attested,,
P250669,8.,P250669_60,dumu,TUR,atomic,attested,,
P250669,8.,P250669_61,a,A,atomic,attested,,
P250669,8.,P250669_61,ia,|I.A|,atomic,attested,,
P250669,8.,P250669_61,ak,AK,atomic,attested,,
P250669,8.,P250669_61,ku,KU,atomic,attested,,
P250669,8.,P250669_61,um,UM,atomic,attested,,
P250669,9.,P250669_62,igi,IGI,atomic,attested,,
P250669,9.,P250669_63,ha,HA,atomic,attested,,
P250669,9.,P250669_63,an,AN,atomic,attested,,
P250669,9.,P250669_63,ba,BA,atomic,attested,,
P250669,9.,P250669_63,tum,TUM,atomic,attested,,
P250669,10.,P250669_64,igi,IGI,atomic,attested,,
P250669,10.,P250669_65,nu,NU,atomic,attested,,
P250669,10.,P250669_65,ru,RU,atomic,attested,,
P250669,10.,P250669_65,um,UM,atomic,attested,,
P250669,11.,P250669_66,igi,IGI,atomic,attested,,
P250669,11.,P250669_67,puzur4,puzur4,unresolved,,,d
P250669,11.,P250669_67,da,DA,atomic,attested,,d
P250669,11.,P250669_67,gan,gan,unresolved,,,d
P250669,12.,P250669_68,igi,IGI,atomic,attested,,
P250669,12.,P250669_69,a,A,atomic,attested,,d
P250669,12.,P250669_69,pil2,pil2,unresolved,,,d
P250669,12.,P250669_69,…,…,broken,,,d
P250669,13.,P250669_70,kišib,MES,atomic,attested,,
P250669,13.,P250669_71,lu2,LU₂,atomic,attested,,
P250669,13.,P250669_71,inim,inim,unresolved,,,
P250669,13.,P250669_71,ma,MA,atomic,attested,,
P250669,13.,P250669_71,bi,BI,atomic,attested,,
P250669,14.,P250669_72,iti,UD×U+U+U,atomic,attested,,
P250669,14.,P250669_73,apin,APIN,atomic,attested,,geš
P250669,14.,P250669_73,du8,DUH,atomic,attested,,geš
P250669,15-17.,P250669_74,mu,MU,atomic,attested,,
P250669,15-17.,P250669_75,us2,UŠ,atomic,attested,,
P250669,15-17.,P250669_75,sa,SA,atomic,attested,,
P250669,15-17.,P250669_76,6(diš),6(DIŠ),atomic,attested,,
P250669,15-17.,P250669_76,bi,BI,atomic,attested,,
P250669,15-17.,P250669_77,en,EN,atomic,attested,,
P250669,15-17.,P250669_78,nanna,nanna,unresolved,,,d
P250669,15-17.,P250669_79,ba,BA,atomic,attested,,
P250669,15-17.,P250669_79,hun,EŠ₂,atomic,attested,,
P250669,15-17.,P250669_79,ga2,GA₂,atomic,attested,,
P253183,1.,P253183_1,ARAD,ARAD,atomic,attested,,diš
P253183,1.,P253183_1,i3,NI,atomic,attested,,diš
P253183,1.,P253183_1,li2,NI,atomic,attested,,diš
P253183,1.,P253183_1,šu,ŠU,atomic,attested,,diš
P253183,2.,P253183_2,šeš(ŠE),šeš(ŠE),unresolved,,,
P253183,2.,P253183_3,i,I,atomic,attested,,d
P253183,2.,P253183_3,din,DIN,atomic,attested,,d
P253183,2.,P253183_3,na,NA,atomic,attested,,d
P253183,2.,P253183_3,na,NA,atomic,attested,,d
P253183,2.,P253183_3,a,A,atomic,attested,,d
P253183,2.,P253183_3,a,A,atomic,attested,,d
P253183,3.,P253183_4,dub,DUB,atomic,attested,,
P253183,3.,P253183_4,sar,SAR,atomic,attested,,
P253183,3.,P253183_5,x,X,atomic,attested,,
P253183,3.,P253183_6,x,X,atomic,attested,,
P253183,4.,P253183_7,eme(KA),eme(KA),unresolved,,,
P253183,4.,P253183_7,sig9,SI,atomic,attested,,
P253183,4.,P253183_8,nu,NU,atomic,attested,,
P253183,4.,P253183_8,ur2,UR₂,atomic,attested,,
P253183,4.,P253183_8,i3,NI,atomic,attested,,
P253183,4.,P253183_8,li2,NI,atomic,attested,,
P253183,4.,P253183_8,šu,ŠU,atomic,attested,,
P253183,4.,P253183_9,dumu,TUR,atomic,attested,,
P253183,4.,P253183_10,lu2,LU₂,atomic,attested,,
P253183,4.,P253183_10,dingir,AN,atomic,attested,,
P253183,4.,P253183_10,ra,RA,atomic,attested,,
P253183,5.,P253183_11,ba,BA,atomic,attested,,
P253183,5.,P253183_11,ni,NI,atomic,attested,,
P253183,5.,P253183_11,in,IN,atomic,attested,,
P253183,5.,P253183_11,gu7,|KA×GAR|,atomic,attested,,
P253183,6.,P253183_12,mu,MU,atomic,attested,,
P253183,6.,P253183_13,eme,eme,unresolved,,,
P253183,6.,P253183_13,sig9,SI,atomic,attested,,
P253183,6.,P253183_14,nu,NU,atomic,attested,,
P253183,6.,P253183_14,ur2,UR₂,atomic,attested,,
P253183,6.,P253183_14,i3,NI,atomic,attested,,
P253183,6.,P253183_14,li2,NI,atomic,attested,,
P253183,6.,P253183_14,šu,ŠU,atomic,attested,,
P253183,7.,P253183_15,ba,BA,atomic,attested,,
P253183,7.,P253183_15,ni,NI,atomic,attested,,
P253183,7.,P253183_15,in,IN,atomic,attested,,
P253183,7.,P253183_15,gu7,|KA×GAR|,atomic,attested,,
P253183,8.,P253183_16,lu2,LU₂,atomic,attested,,
P253183,8.,P253183_16,ki,KI,atomic,attested,,
P253183,8.,P253183_16,inim,inim,unresolved,,,
P253183,8.,P253183_16,ma,MA,atomic,attested,,
P253183,8.,P253183_16,ni,NI,atomic,attested,,
P253183,9.,P253183_17,in,IN,atomic,attested,,
P253183,9.,P253183_17,gi,GI,atomic,attested,,
P253183,9.,P253183_17,ne2,NI,atomic,attested,,
P253183,9.,P253183_17,eš,|U.U.U|,atomic,attested,,
P253183,9.,P253183_17,a,A,atomic,attested,,
P253183,9.,P253183_17,am3,|A.AN|,compound,attested,OSL,
P253183,10.,P253183_18,ba,BA,atomic,attested,,
P253183,10.,P253183_18,da,DA,atomic,attested,,
P253183,10.,P253183_18,gur,GUR,atomic,attested,,
P253183,11.,P253183_19,u3,|IGI.DIB|,atomic,attested,,
P253183,11.,P253183_20,ba,BA,atomic,attested,,
P253183,11.,P253183_20,da,DA,atomic,attested,,
P253183,11.,P253183_20,gur,GUR,atomic,attested,,
P253183,11.,P253183_20,re,RI,atomic,attested,,
P253183,11.,P253183_20,eš,|U.U.U|,atomic,attested,,
P253183,11.,P253183_20,am3,|A.AN|,compound,attested,OSL,
P253183,12.,P253183_21,di,DI,atomic,attested,,
P253183,12.,P253183_21,ku5,TAR,atomic,attested,,
P253183,12.,P253183_21,de3,NE,atomic,attested,,
P253183,12.,P253183_21,ne,NE,atomic,attested,,
P253183,13.,P253183_22,u3,|IGI.DIB|,atomic,attested,,
P253183,13.,P253183_23,dumu-gi7,|TUR.EŠ₂|,compound,attested,OSL,
P253183,13.,P253183_23,ra,RA,atomic,attested,,
P253183,13.,P253183_23,meš,|ME.U.U.U|,atomic,attested,,
P253183,14.,P253183_24,…,…,broken,,,
P253183,15.,P253183_25,…,…,broken,,,
P253183,1.,P253183_26,in,IN,atomic,attested,,
P253183,1.,P253183_26,ne,NE,atomic,attested,,
P253183,1.,P253183_26,en,EN,atomic,attested,,
P253183,1.,P253183_26,šum2,šum2,unresolved,,,
P253183,1.,P253183_26,mu,MU,atomic,attested,,
P253183,1.,P253183_26,uš,UŠ,atomic,attested,,
P253216,1.,P253216_1,1(diš),1(diš),numeral,,,
P253216,1.,P253216_2,1/3(diš),1/3(diš),numeral,,,
P253216,1.,P253216_3,gin2,DUN₃@g,atomic,attested,,
P253216,1.,P253216_4,ku3-babbar,|KU₃.UD|,compound,attested,OSL,
P253216,2.,P253216_5,ku3,KU₃,atomic,attested,,
P253216,2.,P253216_5,bi,BI,atomic,attested,,
P253216,2.,P253216_6,si2,ZI,atomic,attested,,
P253216,2.,P253216_6,ma,MA,atomic,attested,,
P253216,2.,P253216_6,ni,NI,atomic,attested,,
P253216,2.,P253216_6,im,IM,atomic,attested,,
P253216,3.,P253216_7,u3,|IGI.DIB|,atomic,attested,,
P253216,3.,P253216_8,kinkin(ARA3),kinkin(ARA3),unresolved,,,na4
P253216,4.,P253216_9,ki,KI,atomic,attested,,
P253216,4.,P253216_10,puzur4,puzur4,unresolved,,,d
P253216,4.,P253216_10,nin,|SAL.TUG₂|,atomic,attested,,d
P253216,4.,P253216_10,kar,KAR,atomic,attested,,d
P253216,4.,P253216_10,ak,AK,atomic,attested,,d
P253216,5.,P253216_11,i,I,atomic,attested,,diš;d
P253216,5.,P253216_11,bi,BI,atomic,attested,,diš;d
P253216,5.,P253216_11,suen,|EN.ZU|,compound,attested,OSL,diš;d
P253216,6.,P253216_12,in,IN,atomic,attested,,
P253216,6.,P253216_12,ši,IGI,atomic,attested,,
P253216,6.,P253216_12,sa10,|NINDA₂×ŠE|,atomic,attested,,
P253216,1.,P253216_13,2(aš),2(aš),numeral,,,
P253216,1.,P253216_14,še,ŠE,atomic,attested,,
P253216,1.,P253216_15,gur,GUR,atomic,attested,,
P253216,2.,P253216_16,puzur4,puzur4,unresolved,,,diš
P253216,2.,P253216_16,ba,BA,atomic,attested,,diš
P253216,2.,P253216_16,lum,LUM,atomic,attested,,diš
P253216,3.,P253216_17,2(aš),2(aš),numeral,,,
P253216,3.,P253216_18,še,ŠE,atomic,attested,,
P253216,3.,P253216_19,gur,GUR,atomic,attested,,
P253216,4.,P253216_20,,,unresolved,,,diš;d
P253216,4.,P253216_20,suen,|EN.ZU|,compound,attested,OSL,diš;d
P253216,4.,P253216_20,gi,GI,atomic,attested,,diš;d
P253216,4.,P253216_20,im,IM,atomic,attested,,diš;d
P253216,4.,P253216_20,la,LA,atomic,attested,,diš;d
P253216,4.,P253216_20,ni,NI,atomic,attested,,diš;d
P253216,5.,P253216_21,1(aš),1(aš),numeral,,,
P253216,5.,P253216_22,1(barig),1(barig),numeral,,,
P253216,5.,P253216_23,2(ban2),2(ban2),numeral,,,
P253216,5.,P253216_24,še,ŠE,atomic,attested,,
P253216,5.,P253216_25,gur,GUR,atomic,attested,,
P253216,6.,P253216_26,im,IM,atomic,attested,,diš;d
P253216,6.,P253216_26,gur,GUR,atomic,attested,,diš;d
P253216,6.,P253216_26,suen,|EN.ZU|,compound,attested,OSL,diš;d
P283684,1.,P283684_1,_1(diš),_1(diš),unresolved,,,
P283684,1.,P283684_2,gin2,DUN₃@g,atomic,attested,,
P283684,1.,P283684_3,igi,IGI,atomic,attested,,
P283684,1.,P283684_3,6(diš),6(DIŠ),atomic,attested,,
P283684,1.,P283684_3,gal2,IG,atomic,attested,,
P283684,1.,P283684_4,ku3_,ku3_,unresolved,,,
P283684,1.,P283684_5,pe2,BI,atomic,attested,,
P283684,1.,P283684_5,ṣi,ṣi,unresolved,,,
P283684,2.,P283684_6,ta,TA,atomic,attested,,
P283684,2.,P283684_6,am,|GUD×KUR|,atomic,attested,,
P283684,2.,P283684_6,li,LI,atomic,attested,,
P283684,2.,P283684_6,ti,TI,atomic,attested,,
P283684,3.,P283684_7,_1(diš),_1(diš),unresolved,,,
P283684,3.,P283684_8,ildag3,|GUD×KUR|,atomic,attested,,
P283684,3.,P283684_9,ki,KI,atomic,attested,,geš
P283684,3.,P283684_9,gal_,gal_,unresolved,,,geš
P283684,4.,P283684_10,_ugu_,_ugu_,unresolved,,,
P283684,4.,P283684_11,suen,|EN.ZU|,compound,attested,OSL,d
P283684,4.,P283684_11,re,RI,atomic,attested,,d
P283684,4.,P283684_11,me,ME,atomic,attested,,d
P283684,4.,P283684_11,ni,NI,atomic,attested,,d
P283684,5.,P283684_12,_dumu_,_dumu_,unresolved,,,
P283684,5.,P283684_13,dingir,AN,atomic,attested,,
P283684,5.,P283684_13,na,NA,atomic,attested,,
P283684,5.,P283684_13,da,DA,atomic,attested,,
P283684,6.,P283684_14,nanna,nanna,unresolved,,,d
P283684,7.,P283684_15,_in,_in,unresolved,,,
P283684,7.,P283684_15,tuku_,tuku_,unresolved,,,
P283684,8.,P283684_16,_igi,_igi,unresolved,,,
P283684,8.,P283684_16,4(diš),4(DIŠ),atomic,attested,,
P283684,8.,P283684_16,gal2,IG,atomic,attested,,
P283684,8.,P283684_17,ku3-babbar,|KU₃.UD|,compound,attested,OSL,
P283684,8.,P283684_18,ka,ka,unresolved,,,
P283684,8.,P283684_18,izi_,izi_,unresolved,,,
P283684,1.,P283684_19,ša,ŠA,atomic,attested,,
P283684,1.,P283684_19,bi,BI,atomic,attested,,
P283684,1.,P283684_19,it,A₂,atomic,attested,,
P283684,1.,P283684_19,tum,TUM,atomic,attested,,
P283684,2.,P283684_20,_iti,_iti,unresolved,,,
P283684,2.,P283684_21,bara2,BARA₂,atomic,attested,,
P283684,2.,P283684_21,za3,ZAG,atomic,attested,,
P283684,2.,P283684_21,gar_,gar_,unresolved,,,
P283684,3.,P283684_22,_ša3,_ša3,unresolved,,,
P283684,3.,P283684_23,nanna,nanna,unresolved,,,d
P283684,3.,P283684_24,al,AL,atomic,attested,,
P283684,3.,P283684_24,du10_,du10_,unresolved,,,
P342643,1.,P342643_1,n+1(aš),n+1(aš),unresolved,,,
P342643,1.,P342643_2,še,ŠE,atomic,attested,,
P342643,1.,P342643_3,gur,GUR,atomic,attested,,
P342643,2.,P342643_4,maš2,KUN,atomic,attested,,
P342643,2.,P342643_5,1(aš),1(aš),numeral,,,
P342643,2.,P342643_6,gur,GUR,atomic,attested,,
P342643,2.,P342643_7,1(barig),1(barig),numeral,,,
P342643,2.,P342643_8,4(ban2),4(ban2),numeral,,,
P342643,2.,P342643_9,še,ŠE,atomic,attested,,
P342643,2.,P342643_9,ta,TA,atomic,attested,,
P342643,3.,P342643_10,ki,KI,atomic,attested,,
P342643,3.,P342643_11,suen,|EN.ZU|,compound,attested,OSL,d
P342643,3.,P342643_11,na,NA,atomic,attested,,d
P342643,3.,P342643_11,da,DA,atomic,attested,,d
P342643,4.,P342643_12,lugal,LUGAL,atomic,attested,,diš
P342643,4.,P342643_12,nesag,NISAG,atomic,attested,,diš
P342643,4.,P342643_12,e,E,atomic,attested,,diš
P342643,4.,P342643_12,ke4,KID,atomic,attested,,diš
P342643,5.,P342643_13,šu,ŠU,atomic,attested,,
P342643,5.,P342643_14,ba,BA,atomic,attested,,
P342643,5.,P342643_14,an,AN,atomic,attested,,
P342643,5.,P342643_14,ti,TI,atomic,attested,,
P342643,6.,P342643_15,iti,UD×U+U+U,atomic,attested,,
P342643,6.,P342643_16,apin,APIN,atomic,attested,,geš
P342643,6.,P342643_16,du8,DUH,atomic,attested,,geš
P342643,6.,P342643_16,a,A,atomic,attested,,geš
P342643,7.,P342643_17,šum2,šum2,unresolved,,,
P342643,7.,P342643_17,mu,MU,atomic,attested,,
P342643,7.,P342643_17,dam,DAM,atomic,attested,,
P342643,8.,P342643_18,n,n,numeral,,,
P342643,8.,P342643_19,še,ŠE,atomic,attested,,
P342643,8.,P342643_20,gur,GUR,atomic,attested,,
P342643,9.,P342643_21,maš2,KUN,atomic,attested,,
P342643,9.,P342643_22,…,…,broken,,,
P342643,9.,P342643_22,ta,TA,atomic,attested,,
P342643,1.,P342643_23,šeš,ŠEŠ,atomic,attested,,diš
P342643,1.,P342643_23,kal,KAL,atomic,attested,,diš
P342643,1.,P342643_23,la,LA,atomic,attested,,diš
P342643,1.,P342643_23,ke4,KID,atomic,attested,,diš
P342643,2.,P342643_24,u3,|IGI.DIB|,atomic,attested,,
P342643,2.,P342643_25,i3,NI,atomic,attested,,
P342643,2.,P342643_25,li2,NI,atomic,attested,,
P342643,2.,P342643_25,ṣi,ṣi,unresolved,,,
P342643,2.,P342643_25,li2,NI,atomic,attested,,
P342643,3.,P342643_26,kaš,BI,atomic,attested,,
P342643,3.,P342643_27,sa10,|NINDA₂×ŠE|,atomic,attested,,
P342643,3.,P342643_27,sa10,|NINDA₂×ŠE|,atomic,attested,,
P342643,3.,P342643_27,de3,NE,atomic,attested,,
P342643,4.,P342643_28,nam,NAM,atomic,attested,,
P342643,4.,P342643_28,tab,TAB,atomic,attested,,
P342643,4.,P342643_28,ba,BA,atomic,attested,,
P342643,4.,P342643_28,še3,EŠ₂,atomic,attested,,
P342643,5.,P342643_29,šu,ŠU,atomic,attested,,
P342643,5.,P342643_30,ba,BA,atomic,attested,,
P342643,5.,P342643_30,an,AN,atomic,attested,,
P342643,5.,P342643_30,ti,TI,atomic,attested,,
P342643,5.,P342643_30,eš,|U.U.U|,atomic,attested,,
P342643,6.,P342643_31,iti,UD×U+U+U,atomic,attested,,
P342643,6.,P342643_32,gu4,GUD,atomic,attested,,
P342643,6.,P342643_32,si,SI,atomic,attested,,
P342643,6.,P342643_32,su,SU,atomic,attested,,
P342643,6.,P342643_32,ka,ka,unresolved,,,
P342643,7.,P342643_33,šum2,šum2,unresolved,,,
P342643,7.,P342643_33,mu,MU,atomic,attested,,
P342643,7.,P342643_33,dam,DAM,atomic,attested,,
P342643,8.,P342643_34,5(aš),5(aš),numeral,,,
P342643,8.,P342643_35,še,ŠE,atomic,attested,,
P342643,8.,P342643_36,gur,GUR,atomic,attested,,
P342643,9.,P342643_37,maš2,KUN,atomic,attested,,
P342643,9.,P342643_37,bi,BI,atomic,attested,,
P342643,9.,P342643_38,u4,UD,atomic,attested,,
P342643,9.,P342643_38,bi,BI,atomic,attested,,
P342643,9.,P342643_38,ta,TA,atomic,attested,,
P342643,10.,P342643_39,ba,BA,atomic,attested,,
P342643,10.,P342643_39,an,AN,atomic,attested,,
P342643,10.,P342643_39,šum2,šum2,unresolved,,,
P342643,10.,P342643_39,ma,MA,atomic,attested,,
P342643,11.,P342643_40,ki,KI,atomic,attested,,
P342643,11.,P342643_41,lugal,LUGAL,atomic,attested,,
P342643,11.,P342643_41,du10,HI,atomic,attested,,
P342643,11.,P342643_41,ta,TA,atomic,attested,,
P342643,12.,P342643_42,ARAD,ARAD,atomic,attested,,diš;d
P342643,12.,P342643_42,za,ZA,atomic,attested,,diš;d
P342643,12.,P342643_42,ba4,GA₂,atomic,attested,,diš;d
P342643,12.,P342643_42,ba4,GA₂,atomic,attested,,diš;d
P342643,13.,P342643_43,šu,ŠU,atomic,attested,,
P342643,13.,P342643_44,ba,BA,atomic,attested,,
P342643,13.,P342643_44,an,AN,atomic,attested,,
P342643,13.,P342643_44,ti,TI,atomic,attested,,
P342643,14.,P342643_45,še,ŠE,atomic,attested,,
P342643,14.,P342643_46,u3,|IGI.DIB|,atomic,attested,,
P342643,14.,P342643_47,maš2,KUN,atomic,attested,,
P342643,14.,P342643_47,bi,BI,atomic,attested,,
P342643,15.,P342643_48,ša3,ŠA₃,atomic,attested,,
P342643,15.,P342643_49,lugal,LUGAL,atomic,attested,,
P342643,15.,P342643_50,še,ŠE,atomic,attested,,
P342643,15.,P342643_50,ke4,KID,atomic,attested,,
P342643,16.,P342643_51,al,AL,atomic,attested,,
P342643,16.,P342643_51,du10,HI,atomic,attested,,
P342643,16.,P342643_51,ge,GI,atomic,attested,,
P342643,17.,P342643_52,lugal,LUGAL,atomic,attested,,diš
P342643,17.,P342643_52,du10,HI,atomic,attested,,diš
P342643,18.,P342643_53,kišib3,DUB,atomic,attested,,
P342643,18.,P342643_53,bi,BI,atomic,attested,,
P342643,18.,P342643_54,ba,BA,atomic,attested,,
P342643,18.,P342643_54,an,AN,atomic,attested,,
P342643,18.,P342643_54,da,DA,atomic,attested,,
P342643,18.,P342643_54,kur2,PAP,atomic,attested,,
P342643,19.,P342643_55,ARAD,ARAD,atomic,attested,,diš;d
P342643,19.,P342643_55,za,ZA,atomic,attested,,diš;d
P342643,19.,P342643_55,ba4,GA₂,atomic,attested,,diš;d
P342643,19.,P342643_55,ba4,GA₂,atomic,attested,,diš;d
P342643,20.,P342643_56,en,EN,atomic,attested,,d
P342643,20.,P342643_56,lil2,KID,atomic,attested,,d
P342643,20.,P342643_56,ba,BA,atomic,attested,,d
P342643,20.,P342643_56,ni,NI,atomic,attested,,d
P342643,20.,P342643_57,lugal,LUGAL,atomic,attested,,
P342643,20.,P342643_57,e,E,atomic,attested,,
P342643,21.,P342643_58,gaba,DUH,atomic,attested,,
P342643,21.,P342643_59,i,I,atomic,attested,,
P342643,21.,P342643_59,ri,RI,atomic,attested,,
P342643,22.,P342643_60,igi,IGI,atomic,attested,,
P342643,22.,P342643_60,ni,NI,atomic,attested,,
P342643,22.,P342643_61,in,IN,atomic,attested,,
P342643,22.,P342643_61,gar,GAR,atomic,attested,,
P342643,22.,P342643_61,ma,MA,atomic,attested,,
P342643,23.,P342643_62,še,ŠE,atomic,attested,,
P342643,23.,P342643_63,u3,|IGI.DIB|,atomic,attested,,
P342643,23.,P342643_64,maš2,KUN,atomic,attested,,
P342643,23.,P342643_64,bi,BI,atomic,attested,,
P342643,24.,P342643_65,ša3,ŠA₃,atomic,attested,,
P342643,24.,P342643_66,lugal,LUGAL,atomic,attested,,
P342643,24.,P342643_66,du10,HI,atomic,attested,,
P342643,24.,P342643_67,al,AL,atomic,attested,,
P342643,24.,P342643_67,du10,HI,atomic,attested,,
P342643,24.,P342643_67,ge,GI,atomic,attested,,
P342643,25.,P342643_68,…,…,broken,,,
P342643,25.,P342643_68,x,X,atomic,attested,,
P342643,26.,P342643_69,…,…,broken,,,
P342643,26.,P342643_69,x,X,atomic,attested,,
P342643,1.,P342643_70,1(diš),1(diš),numeral,,,
P342643,1.,P342643_71,sila3,SILA₃,atomic,attested,,
P342643,1.,P342643_72,še,ŠE,atomic,attested,,
P342643,2.,P342643_73,geškim,|IGI.DUB|,compound,attested,OSL,
P342643,2.,P342643_73,ti,TI,atomic,attested,,
P342643,2.,P342643_73,še3,EŠ₂,atomic,attested,,
P342643,3.,P342643_74,ki,KI,atomic,attested,,
P342643,3.,P342643_75,mar,MAR,atomic,attested,,d
P342643,3.,P342643_75,tu,TU,atomic,attested,,d
P342643,3.,P342643_75,zi,ZI,atomic,attested,,d
P342643,3.,P342643_75,gu10,MU,atomic,attested,,d
P342643,4.,P342643_76,,,unresolved,,,diš;d
P342643,4.,P342643_76,mar,MAR,atomic,attested,,diš;d
P342643,4.,P342643_76,tu,TU,atomic,attested,,diš;d
P342643,4.,P342643_76,ba,BA,atomic,attested,,diš;d
P342643,4.,P342643_76,ni,NI,atomic,attested,,diš;d
P342643,4.,P342643_76,ke4,KID,atomic,attested,,diš;d
P342643,5.,P342643_77,šu,ŠU,atomic,attested,,
P342643,5.,P342643_78,ba,BA,atomic,attested,,
P342643,5.,P342643_78,an,AN,atomic,attested,,
P342643,5.,P342643_78,ti,TI,atomic,attested,,
P342643,6.,P342643_79,mu,MU,atomic,attested,,
P342643,6.,P342643_80,še,ŠE,atomic,attested,,
P342643,6.,P342643_81,nu,NU,atomic,attested,,
P342643,6.,P342643_81,mu,MU,atomic,attested,,
P342643,6.,P342643_81,un,KALAM@g,atomic,attested,,
P342643,6.,P342643_81,su,SU,atomic,attested,,
P342643,6.,P342643_81,ga,GA,atomic,attested,,
P342643,6.,P342643_81,še3,EŠ₂,atomic,attested,,
P342643,7.,P342643_82,ku3,KU₃,atomic,attested,,
P342643,7.,P342643_83,pad,pad,unresolved,,,
P342643,7.,P342643_83,ra2,DU,atomic,attested,,
P342643,8.,P342643_84,ki,KI,atomic,attested,,
P342643,8.,P342643_84,la2,LAL,atomic,attested,,
P342643,8.,P342643_85,nu,NU,atomic,attested,,
P342643,8.,P342643_85,mu,MU,atomic,attested,,
P342643,8.,P342643_85,un,KALAM@g,atomic,attested,,
P342643,8.,P342643_85,tag,TAG,atomic,attested,,
P342643,8.,P342643_85,ga,GA,atomic,attested,,
P342643,9.,P342643_86,in,IN,atomic,attested,,
P342643,9.,P342643_86,na,NA,atomic,attested,,
P342643,9.,P342643_86,an,AN,atomic,attested,,
P342643,9.,P342643_86,tak4,TAK₄,atomic,attested,,
P342643,10.,P342643_87,u4,UD,atomic,attested,,
P342643,10.,P342643_88,še,ŠE,atomic,attested,,
P342643,10.,P342643_89,ba,BA,atomic,attested,,
P342643,10.,P342643_89,ab,AB,atomic,attested,,
P342643,10.,P342643_89,šum2,šum2,unresolved,,,
P342643,10.,P342643_89,mu,MU,atomic,attested,,
P342643,10.,P342643_89,še3,EŠ₂,atomic,attested,,
P342643,11.,P342643_90,ku3,KU₃,atomic,attested,,
P342643,11.,P342643_91,pad,pad,unresolved,,,
P342643,11.,P342643_91,ra2,DU,atomic,attested,,
P342643,11.,P342643_91,bi,BI,atomic,attested,,
P342643,12.,P342643_92,ba,BA,atomic,attested,,
P342643,12.,P342643_92,an,AN,atomic,attested,,
P342643,12.,P342643_92,tum2,DU,atomic,attested,,
P342643,12.,P342643_92,mu,MU,atomic,attested,,
P342643,13.,P342643_93,3(u),3(u),numeral,,,
P342643,13.,P342643_94,še,ŠE,atomic,attested,,
P342643,13.,P342643_95,gur,GUR,atomic,attested,,
P342643,14.,P342643_96,ur5,ur5,unresolved,,,
P342643,14.,P342643_96,ra,RA,atomic,attested,,
P342643,14.,P342643_97,nu,NU,atomic,attested,,
P342643,14.,P342643_97,me,ME,atomic,attested,,
P342643,14.,P342643_97,a,A,atomic,attested,,
P342643,15.,P342643_98,eš,|U.U.U|,atomic,attested,,
P342643,15.,P342643_98,de2,DE₂,atomic,attested,,
P342643,15.,P342643_98,a,A,atomic,attested,,
P342643,15.,P342643_98,še3,EŠ₂,atomic,attested,,
P342643,16.,P342643_99,nam,NAM,atomic,attested,,
P342643,16.,P342643_99,si,SI,atomic,attested,,
P342643,16.,P342643_99,ga,GA,atomic,attested,,
P342643,16.,P342643_99,ni,NI,atomic,attested,,
P342643,16.,P342643_99,še3,EŠ₂,atomic,attested,,
P342643,17.,P342643_100,u4,UD,atomic,attested,,
P342643,17.,P342643_101,ša3,ŠA₃,atomic,attested,,
P342643,17.,P342643_101,gar,GAR,atomic,attested,,
P342643,17.,P342643_101,ra,RA,atomic,attested,,
P342643,17.,P342643_101,ka,ka,unresolved,,,
P342643,18.,P342643_102,ša3,ŠA₃,atomic,attested,,
P342643,18.,P342643_103,gur,GUR,atomic,attested,,
P342643,18.,P342643_104,la2,LAL,atomic,attested,,
P342643,18.,P342643_104,a,A,atomic,attested,,
P342643,18.,P342643_104,ka,ka,unresolved,,,
P342643,19.,P342643_105,|KI,KI,atomic,attested,,
P342643,19.,P342643_105,LAM|,LAM,atomic,attested,,
P342643,19.,P342643_106,al,AL,atomic,attested,,
P342643,19.,P342643_106,tur,TUR,atomic,attested,,
P342643,19.,P342643_106,re,RI,atomic,attested,,
P342643,20.,P342643_107,ku,KU,atomic,attested,,
P342643,20.,P342643_107,li,LI,atomic,attested,,
P342643,20.,P342643_107,ni,NI,atomic,attested,,
P342643,20.,P342643_108,sa10,|NINDA₂×ŠE|,atomic,attested,,
P342643,20.,P342643_108,a,A,atomic,attested,,
P342643,20.,P342643_108,bi,BI,atomic,attested,,
P342643,21.,P342643_109,in,IN,atomic,attested,,
P342643,21.,P342643_109,na,NA,atomic,attested,,
P342643,21.,P342643_109,an,AN,atomic,attested,,
P342643,21.,P342643_109,šum2,šum2,unresolved,,,
P342643,22.,P342643_110,ki,KI,atomic,attested,,
P342643,22.,P342643_111,a,A,atomic,attested,,
P342643,22.,P342643_111,hu,HU,atomic,attested,,
P342643,22.,P342643_111,ni,NI,atomic,attested,,
P342643,22.,P342643_111,ta,TA,atomic,attested,,
P342643,23.,P342643_112,dingir,AN,atomic,attested,,diš
P342643,23.,P342643_112,ma,MA,atomic,attested,,diš
P342643,23.,P342643_112,ke4,KID,atomic,attested,,diš
P342643,24.,P342643_113,šu,ŠU,atomic,attested,,
P342643,24.,P342643_114,ba,BA,atomic,attested,,
P342643,24.,P342643_114,an,AN,atomic,attested,,
P342643,24.,P342643_114,ti,TI,atomic,attested,,
P342643,25.,P342643_115,iti,UD×U+U+U,atomic,attested,,
P342643,25.,P342643_116,gan,gan,unresolved,,,
P342643,25.,P342643_116,gan,gan,unresolved,,,
P342643,25.,P342643_116,e3,e3,unresolved,,,
P342643,26.,P342643_117,šum2,šum2,unresolved,,,
P342643,26.,P342643_117,mu,MU,atomic,attested,,
P342643,26.,P342643_117,dam,DAM,atomic,attested,,
P342643,27.,P342643_118,tukum,tukum,unresolved,,,
P342643,27.,P342643_118,bi,BI,atomic,attested,,
P342643,28.,P342643_119,iti,UD×U+U+U,atomic,attested,,
P342643,28.,P342643_120,gan,gan,unresolved,,,
P342643,28.,P342643_120,gan,gan,unresolved,,,
P342643,28.,P342643_120,e3,e3,unresolved,,,
P342643,29.,P342643_121,la,LA,atomic,attested,,
P342643,29.,P342643_121,ba,BA,atomic,attested,,
P342643,29.,P342643_121,an,AN,atomic,attested,,
P342643,29.,P342643_121,šum2,šum2,unresolved,,,
P342643,30.,P342643_122,maš2,KUN,atomic,attested,,
P342643,30.,P342643_123,1(aš),1(aš),numeral,,,
P342643,30.,P342643_124,gur,GUR,atomic,attested,,
P342643,30.,P342643_125,1(barig),1(barig),numeral,,,
P342643,30.,P342643_126,4(ban),4(ban),numeral,,,
P342643,30.,P342643_127,še,ŠE,atomic,attested,,
P342643,30.,P342643_127,ta,TA,atomic,attested,,
P342643,31.,P342643_128,bi2,NE,atomic,attested,,
P342643,31.,P342643_128,ib,IB,atomic,attested,,
P342643,31.,P342643_128,dah,|MU&MU|,atomic,attested,,
P342643,31.,P342643_128,e,E,atomic,attested,,
P342643,32.,P342643_129,1(u),1(u),numeral,,,
P342643,32.,P342643_130,5(aš),5(aš),numeral,,,
P342643,32.,P342643_131,še,ŠE,atomic,attested,,
P342643,32.,P342643_132,gur,GUR,atomic,attested,,
P342643,33.,P342643_133,maš2,KUN,atomic,attested,,
P342643,33.,P342643_134,1(aš),1(aš),numeral,,,
P342643,33.,P342643_135,gur,GUR,atomic,attested,,
P342643,33.,P342643_136,1(barig),1(barig),numeral,,,
P342643,33.,P342643_137,4(ban2),4(ban2),numeral,,,
P342643,33.,P342643_138,še,ŠE,atomic,attested,,
P342643,33.,P342643_138,ta,TA,atomic,attested,,
P342643,34.,P342643_139,ki,KI,atomic,attested,,
P342643,34.,P342643_140,e2,E₂,atomic,attested,,
P342643,34.,P342643_140,lu2,LU₂,atomic,attested,,
P342643,34.,P342643_140,ti,TI,atomic,attested,,
P342643,34.,P342643_140,ta,TA,atomic,attested,,
P342643,35.,P342643_141,e2,E₂,atomic,attested,,diš
P342643,35.,P342643_141,ur2,UR₂,atomic,attested,,diš
P342643,35.,P342643_141,bi,BI,atomic,attested,,diš
P342643,35.,P342643_141,du10,HI,atomic,attested,,diš
P342643,35.,P342643_141,ke4,KID,atomic,attested,,diš
P342643,36.,P342643_142,šu,ŠU,atomic,attested,,
P342643,36.,P342643_143,ba,BA,atomic,attested,,
P342643,36.,P342643_143,an,AN,atomic,attested,,
P342643,36.,P342643_143,ti,TI,atomic,attested,,
P342643,37.,P342643_144,še,ŠE,atomic,attested,,
P342643,37.,P342643_145,u3,|IGI.DIB|,atomic,attested,,
P342643,37.,P342643_146,maš2,KUN,atomic,attested,,
P342643,37.,P342643_146,bi,BI,atomic,attested,,
P342643,38.,P342643_147,ša3,ŠA₃,atomic,attested,,
P342643,38.,P342643_148,e2,E₂,atomic,attested,,
P342643,38.,P342643_148,lu2,LU₂,atomic,attested,,
P342643,38.,P342643_148,ti,TI,atomic,attested,,
P342643,39.,P342643_149,al,AL,atomic,attested,,
P342643,39.,P342643_149,du10,HI,atomic,attested,,
P342643,40.,P342643_150,kišib3,DUB,atomic,attested,,
P342643,40.,P342643_150,bi,BI,atomic,attested,,
P342643,40.,P342643_151,ki,KI,atomic,attested,,
P342643,40.,P342643_152,e2,E₂,atomic,attested,,
P342643,40.,P342643_152,lu2,LU₂,atomic,attested,,
P342643,40.,P342643_152,ti,TI,atomic,attested,,
P342643,41.,P342643_153,u2,U₂,atomic,attested,,
P342643,41.,P342643_153,gu,GU,atomic,attested,,
P342643,41.,P342643_154,ba,BA,atomic,attested,,
P342643,41.,P342643_154,an,AN,atomic,attested,,
P342643,41.,P342643_154,de2,DE₂,atomic,attested,,
P342643,42.,P342643_155,gaba,DUH,atomic,attested,,
P342643,42.,P342643_155,ri,RI,atomic,attested,,
P342643,42.,P342643_156,kišib3,DUB,atomic,attested,,
P342643,42.,P342643_156,ba,BA,atomic,attested,,
P342643,42.,P342643_156,ni,NI,atomic,attested,,
P342643,43.,P342643_157,in,IN,atomic,attested,,
P342643,43.,P342643_157,na,NA,atomic,attested,,
P342643,43.,P342643_157,an,AN,atomic,attested,,
P342643,43.,P342643_157,tak4,TAK₄,atomic,attested,,
P342643,1.,P342643_158,u4,UD,atomic,attested,,
P342643,1.,P342643_159,kur2,PAP,atomic,attested,,
P342643,1.,P342643_159,še3,EŠ₂,atomic,attested,,
P342643,2.,P342643_160,kišib3,DUB,atomic,attested,,
P342643,2.,P342643_161,ul,ul,unresolved,,,
P342643,2.,P342643_161,pa,PA,atomic,attested,,
P342643,2.,P342643_162,zi,ZI,atomic,attested,,
P342643,2.,P342643_162,re,RI,atomic,attested,,
P342643,2.,P342643_162,dam,DAM,atomic,attested,,
P342643,3.,P342643_163,5(aš),5(aš),numeral,,,
P342643,3.,P342643_164,še,ŠE,atomic,attested,,
P342643,3.,P342643_165,gur,GUR,atomic,attested,,
P342643,4.,P342643_166,maš2,KUN,atomic,attested,,
P342643,4.,P342643_167,1(aš),1(aš),numeral,,,
P342643,4.,P342643_168,gur,GUR,atomic,attested,,
P342643,4.,P342643_169,1(barig),1(barig),numeral,,,
P342643,4.,P342643_170,4(ban2),4(ban2),numeral,,,
P342643,4.,P342643_171,še,ŠE,atomic,attested,,
P342643,4.,P342643_171,ta,TA,atomic,attested,,
P342643,5.,P342643_172,ki,KI,atomic,attested,,
P342643,5.,P342643_173,a,A,atomic,attested,,d
P342643,5.,P342643_173,ba,BA,atomic,attested,,d
P342643,5.,P342643_173,en,EN,atomic,attested,,d
P342643,5.,P342643_173,lil2,KID,atomic,attested,,d
P342643,5.,P342643_173,gin7,DIM₂,atomic,attested,,d
P342643,5.,P342643_173,ta,TA,atomic,attested,,d
P342643,6.,P342643_174,a,A,atomic,attested,,diš
P342643,6.,P342643_174,hu,HU,atomic,attested,,diš
P342643,6.,P342643_174,wa,PI,atomic,attested,,diš
P342643,6.,P342643_174,qar,GAR₃,atomic,attested,,diš
P342643,7.,P342643_175,šu,ŠU,atomic,attested,,
P342643,7.,P342643_176,ba,BA,atomic,attested,,
P342643,7.,P342643_176,an,AN,atomic,attested,,
P342643,7.,P342643_176,ti,TI,atomic,attested,,
P342643,8.,P342643_177,iti,UD×U+U+U,atomic,attested,,
P342643,8.,P342643_178,kin,KIN,atomic,attested,,d
P342643,8.,P342643_178,inanna,MUŠ₃,atomic,attested,,d
P342643,9.,P342643_179,šum2,šum2,unresolved,,,
P342643,9.,P342643_179,mu,MU,atomic,attested,,
P342643,9.,P342643_179,dam,DAM,atomic,attested,,
P342643,10.,P342643_180,tukum,tukum,unresolved,,,
P342643,10.,P342643_180,bi,BI,atomic,attested,,
P342643,11.,P342643_181,iti,UD×U+U+U,atomic,attested,,
P342643,11.,P342643_182,kin,KIN,atomic,attested,,d
P342643,11.,P342643_182,inanna,MUŠ₃,atomic,attested,,d
P342643,12.,P342643_183,la,LA,atomic,attested,,
P342643,12.,P342643_183,ba,BA,atomic,attested,,
P342643,12.,P342643_183,an,AN,atomic,attested,,
P342643,12.,P342643_183,šum2,šum2,unresolved,,,
P342643,13.,P342643_184,mu,MU,atomic,attested,,
P342643,13.,P342643_185,še,ŠE,atomic,attested,,
P342643,13.,P342643_186,šu,ŠU,atomic,attested,,
P342643,13.,P342643_187,ba,BA,atomic,attested,,
P342643,13.,P342643_187,an,AN,atomic,attested,,
P342643,13.,P342643_187,ti,TI,atomic,attested,,
P342643,13.,P342643_187,a,A,atomic,attested,,
P342643,14.,P342643_188,e2,E₂,atomic,attested,,
P342643,14.,P342643_189,a,A,atomic,attested,,d
P342643,14.,P342643_189,ba,BA,atomic,attested,,d
P342643,14.,P342643_189,en,EN,atomic,attested,,d
P342643,14.,P342643_189,lil2,KID,atomic,attested,,d
P342643,14.,P342643_189,gin7,DIM₂,atomic,attested,,d
P342643,15.,P342643_190,al,AL,atomic,attested,,
P342643,15.,P342643_190,ak,AK,atomic,attested,,
P342643,15.,P342643_190,e,E,atomic,attested,,
P342643,16.,P342643_191,2(u),2(u),numeral,,,
P342643,16.,P342643_192,5(aš),5(aš),numeral,,,
P342643,16.,P342643_193,še,ŠE,atomic,attested,,
P342643,16.,P342643_194,gur,GUR,atomic,attested,,
P342643,17.,P342643_195,maš2,KUN,atomic,attested,,
P342643,17.,P342643_196,1(aš),1(aš),numeral,,,
P342643,17.,P342643_197,gur,GUR,atomic,attested,,
P342643,17.,P342643_198,1(barig),1(barig),numeral,,,
P342643,17.,P342643_199,4(ban2),4(ban2),numeral,,,
P342643,17.,P342643_200,še,ŠE,atomic,attested,,
P342643,17.,P342643_200,ta,TA,atomic,attested,,
P342643,18.,P342643_201,ka,ka,unresolved,,,
P342643,18.,P342643_202,i7,i7,unresolved,,,
P342643,18.,P342643_202,da,DA,atomic,attested,,
P342643,18.,P342643_203,bala,BAL,atomic,attested,,
P342643,18.,P342643_203,e,E,atomic,attested,,
P342643,18.,P342643_203,de3,NE,atomic,attested,,
P342643,19.,P342643_204,u3,|IGI.DIB|,atomic,attested,,
P342643,19.,P342643_205,sag,SAG,atomic,attested,,
P342643,19.,P342643_206,a,A,atomic,attested,,
P342643,19.,P342643_206,ša3,ŠA₃,atomic,attested,,
P342643,19.,P342643_206,ga,GA,atomic,attested,,
P342643,20.,P342643_207,al,AL,atomic,attested,,
P342643,20.,P342643_208,ak,AK,atomic,attested,,
P342643,20.,P342643_208,e,E,atomic,attested,,
P342643,20.,P342643_208,de3,NE,atomic,attested,,
P342643,21.,P342643_209,ki,KI,atomic,attested,,
P342643,21.,P342643_210,be,BAD,atomic,attested,,
P342643,21.,P342643_210,li2,NI,atomic,attested,,
P342643,21.,P342643_210,i,I,atomic,attested,,
P342643,21.,P342643_210,din,DIN,atomic,attested,,
P342643,21.,P342643_210,na,NA,atomic,attested,,
P342643,21.,P342643_210,šu,ŠU,atomic,attested,,
P342643,21.,P342643_210,ta,TA,atomic,attested,,
P342643,22.,P342643_211,an-na,|AN.NA|,compound,attested,OSL,diš
P342643,22.,P342643_211,hi,HI,atomic,attested,,diš
P342643,22.,P342643_211,li,LI,atomic,attested,,diš
P342643,22.,P342643_211,bi,BI,atomic,attested,,diš
P342643,23.,P342643_212,dub,DUB,atomic,attested,,
P342643,23.,P342643_212,sar,SAR,atomic,attested,,
P342643,23.,P342643_213,a,A,atomic,attested,,
P342643,23.,P342643_213,ša3,ŠA₃,atomic,attested,,
P342643,23.,P342643_213,ga,GA,atomic,attested,,
P342643,24.,P342643_214,i3,NI,atomic,attested,,diš
P342643,24.,P342643_214,li2,NI,atomic,attested,,diš
P342643,24.,P342643_214,tab,TAB,atomic,attested,,diš
P342643,24.,P342643_214,ba,BA,atomic,attested,,diš
P342643,24.,P342643_214,e,E,atomic,attested,,diš
P342643,25.,P342643_215,enku,|ZAG.HA|,compound,attested,OSL,
P342643,25.,P342643_216,nig2:ka9,nig2:ka9,unresolved,,,
P342643,25.,P342643_217,x,X,atomic,attested,,
P342643,26.,P342643_218,u3,|IGI.DIB|,atomic,attested,,
P342643,26.,P342643_219,lu2,LU₂,atomic,attested,,
P342643,26.,P342643_219,ur,UR,atomic,attested,,
P342643,26.,P342643_219,sag,SAG,atomic,attested,,
P342643,26.,P342643_219,gal-zu,|GAL.ZU|,compound,attested,OSL,
P342643,27.,P342643_220,dumu,TUR,atomic,attested,,
P342643,27.,P342643_221,a-gar3,|A.GAR₃|,compound,attested,OSL,
P342643,27.,P342643_221,ra,RA,atomic,attested,,
P342643,27.,P342643_221,ke4,KID,atomic,attested,,
P342643,27.,P342643_221,ne,NE,atomic,attested,,
P342643,28.,P342643_222,šu,ŠU,atomic,attested,,
P342643,28.,P342643_223,ba,BA,atomic,attested,,
P342643,28.,P342643_223,an,AN,atomic,attested,,
P342643,28.,P342643_223,ti,TI,atomic,attested,,
P342643,28.,P342643_223,eš,|U.U.U|,atomic,attested,,
P342643,29.,P342643_224,iti,UD×U+U+U,atomic,attested,,
P342643,29.,P342643_225,kin,KIN,atomic,attested,,d
P342643,29.,P342643_225,inanna,MUŠ₃,atomic,attested,,d
P342643,30.,P342643_226,šum2,šum2,unresolved,,,
P342643,30.,P342643_226,mu,MU,atomic,attested,,
P342643,30.,P342643_226,dam,DAM,atomic,attested,,
P342643,31.,P342643_227,tukum,tukum,unresolved,,,
P342643,31.,P342643_227,bi,BI,atomic,attested,,
P342643,32.,P342643_228,iti,UD×U+U+U,atomic,attested,,
P342643,32.,P342643_229,kin,KIN,atomic,attested,,d
P342643,32.,P342643_229,inanna,MUŠ₃,atomic,attested,,d
P342643,33.,P342643_230,la,LA,atomic,attested,,
P342643,33.,P342643_230,ba,BA,atomic,attested,,
P342643,33.,P342643_230,an,AN,atomic,attested,,
P342643,33.,P342643_230,šum2,šum2,unresolved,,,
P342643,34.,P342643_231,u4,UD,atomic,attested,,
P342643,34.,P342643_232,buru14,|EN×GAN₂@t|,atomic,attested,,
P342643,34.,P342643_232,ka,ka,unresolved,,,
P342643,35.,P342643_233,še,ŠE,atomic,attested,,
P342643,35.,P342643_234,u3,|IGI.DIB|,atomic,attested,,
P342643,35.,P342643_235,maš2,KUN,atomic,attested,,
P342643,35.,P342643_235,bi,BI,atomic,attested,,
P342643,36.,P342643_236,abul,|KA₂.GAL|,compound,attested,OSL,
P342643,36.,P342643_237,lugal,LUGAL,atomic,attested,,
P342643,36.,P342643_237,la,LA,atomic,attested,,
P342643,36.,P342643_237,kam,|HI×BAD|,atomic,attested,,
P342643,37.,P342643_238,ba,BA,atomic,attested,,geš
P342643,37.,P342643_238,an,AN,atomic,attested,,geš
P342643,37.,P342643_239,1(u),1(u),numeral,,,
P342643,37.,P342643_240,ib,IB,atomic,attested,,
P342643,37.,P342643_240,ra,RA,atomic,attested,,
P342643,37.,P342643_240,su,SU,atomic,attested,,
P342643,38.,P342643_241,lu2,LU₂,atomic,attested,,
P342643,38.,P342643_241,ur,UR,atomic,attested,,
P342643,38.,P342643_241,sag,SAG,atomic,attested,,
P342643,38.,P342643_241,gal-zu,|GAL.ZU|,compound,attested,OSL,
P342643,39.,P342643_242,ni2,NI₂,atomic,attested,,
P342643,39.,P342643_242,te,te,unresolved,,,
P342643,39.,P342643_242,ni,NI,atomic,attested,,
P342643,39.,P342643_242,ta,TA,atomic,attested,,
P342643,40.,P342643_243,e2,E₂,atomic,attested,,
P342643,40.,P342643_244,be,BAD,atomic,attested,,
P342643,40.,P342643_244,li2,NI,atomic,attested,,
P342643,40.,P342643_244,i,I,atomic,attested,,
P342643,40.,P342643_244,din,DIN,atomic,attested,,
P342643,40.,P342643_244,na,NA,atomic,attested,,
P342643,40.,P342643_244,šu,ŠU,atomic,attested,,
P342643,41.,P342643_245,in,IN,atomic,attested,,
P342643,41.,P342643_245,il2,il2,unresolved,,,
P342643,41.,P342643_246,EŠ,|U.U.U|,atomic,attested,,
P342643,42.,P342643_247,kišib3,DUB,atomic,attested,,
P342643,42.,P342643_247,ba,BA,atomic,attested,,
P342643,42.,P342643_247,NI,NI,atomic,attested,,
P342643,42.,P342643_247,ne,NE,atomic,attested,,
P342643,42.,P342643_247,ne,NE,atomic,attested,,
P342643,43.,P342643_248,in,IN,atomic,attested,,
P342643,43.,P342643_248,na,NA,atomic,attested,,
P342643,43.,P342643_248,an,AN,atomic,attested,,
P342643,43.,P342643_248,tak4,TAK₄,atomic,attested,,
P342643,44.,P342643_249,inim,inim,unresolved,,,
P342643,44.,P342643_249,inim,inim,unresolved,,,
P342643,44.,P342643_249,ne,NE,atomic,attested,,
P342643,44.,P342643_249,ne,NE,atomic,attested,,
P342643,44.,P342643_250,ba,BA,atomic,attested,,
P342643,44.,P342643_250,an,AN,atomic,attested,,
P342643,44.,P342643_250,šum2,šum2,unresolved,,,
P342643,45.,P342643_251,mu,MU,atomic,attested,,
P342643,45.,P342643_252,lugal,LUGAL,atomic,attested,,
P342643,45.,P342643_252,la,LA,atomic,attested,,
P342643,45.,P342643_252,bi,BI,atomic,attested,,
P342643,45.,P342643_253,in,IN,atomic,attested,,
P342643,45.,P342643_253,pa3,PA3,atomic,attested,,
P342643,45.,P342643_253,de3,NE,atomic,attested,,
P342643,45.,P342643_253,eš,|U.U.U|,atomic,attested,,
P342643,1.,P342643_254,1(u),1(u),numeral,,,
P342643,1.,P342643_255,2(aš),2(aš),numeral,,,
P342643,1.,P342643_256,še,ŠE,atomic,attested,,
P342643,1.,P342643_257,gur,GUR,atomic,attested,,
P342643,2.,P342643_258,maš2,KUN,atomic,attested,,
P342643,2.,P342643_259,1(aš),1(aš),numeral,,,
P342643,2.,P342643_260,gur,GUR,atomic,attested,,
P342643,2.,P342643_261,1(barig),1(barig),numeral,,,
P342643,2.,P342643_262,4(ban2),4(ban2),numeral,,,
P342643,2.,P342643_263,še,ŠE,atomic,attested,,
P342643,2.,P342643_263,ta,TA,atomic,attested,,
P342643,3.,P342643_264,ki,KI,atomic,attested,,
P342643,3.,P342643_265,a,A,atomic,attested,,
P342643,3.,P342643_265,ha,HA,atomic,attested,,
P342643,3.,P342643_265,mar,MAR,atomic,attested,,
P342643,3.,P342643_265,ši,IGI,atomic,attested,,
P342643,3.,P342643_265,ta,TA,atomic,attested,,
P342643,4.,P342643_266,an,AN,atomic,attested,,diš
P342643,4.,P342643_266,ne,NE,atomic,attested,,diš
P342643,4.,P342643_266,ni,NI,atomic,attested,,diš
P342643,5.,P342643_267,šu,ŠU,atomic,attested,,
P342643,5.,P342643_268,ba,BA,atomic,attested,,
P342643,5.,P342643_268,an,AN,atomic,attested,,
P342643,5.,P342643_268,ti,TI,atomic,attested,,
P342643,6.,P342643_269,še,ŠE,atomic,attested,,
P342643,6.,P342643_270,še,ŠE,atomic,attested,,
P342643,6.,P342643_270,da,DA,atomic,attested,,
P342643,6.,P342643_271,ba,BA,atomic,attested,,
P342643,6.,P342643_271,da,DA,atomic,attested,,
P342643,6.,P342643_271,sa2,DI,atomic,attested,,
P342643,7.,P342643_272,mu,MU,atomic,attested,,
P342643,7.,P342643_273,še,ŠE,atomic,attested,,
P342643,7.,P342643_274,še,ŠE,atomic,attested,,
P342643,7.,P342643_274,da,DA,atomic,attested,,
P342643,8.,P342643_275,ba,BA,atomic,attested,,
P342643,8.,P342643_275,an,AN,atomic,attested,,
P342643,8.,P342643_275,da,DA,atomic,attested,,
P342643,8.,P342643_275,sa2,DI,atomic,attested,,
P342643,8.,P342643_275,am3,|A.AN|,compound,attested,OSL,
P342643,9.,P342643_276,a,A,atomic,attested,,diš
P342643,9.,P342643_276,ha,HA,atomic,attested,,diš
P342643,9.,P342643_276,mar,MAR,atomic,attested,,diš
P342643,9.,P342643_276,ši,IGI,atomic,attested,,diš
P342643,10.,P342643_277,lugal,LUGAL,atomic,attested,,
P342643,10.,P342643_278,še,ŠE,atomic,attested,,
P342643,10.,P342643_278,ke4,KID,atomic,attested,,
P342643,11.,P342643_279,bur,BUR,atomic,attested,,d;d
P342643,11.,P342643_279,suen,|EN.ZU|,compound,attested,OSL,d;d
P342643,11.,P342643_280,lugal,LUGAL,atomic,attested,,
P342643,11.,P342643_280,e,E,atomic,attested,,
P342643,12.,P342643_281,gaba,DUH,atomic,attested,,
P342643,12.,P342643_282,i,I,atomic,attested,,
P342643,12.,P342643_282,ri,RI,atomic,attested,,
P342643,13.,P342643_283,igi,IGI,atomic,attested,,
P342643,13.,P342643_283,ni,NI,atomic,attested,,
P342643,13.,P342643_284,in,IN,atomic,attested,,
P342643,13.,P342643_284,gar,GAR,atomic,attested,,
P342643,13.,P342643_284,ma,MA,atomic,attested,,
P342643,14.,P342643_285,1(u),1(u),numeral,,,
P342643,14.,P342643_286,2(aš),2(aš),numeral,,,
P342643,14.,P342643_287,še,ŠE,atomic,attested,,
P342643,14.,P342643_288,gur,GUR,atomic,attested,,
P342643,15.,P342643_289,an,AN,atomic,attested,,diš
P342643,15.,P342643_289,ne,NE,atomic,attested,,diš
P342643,15.,P342643_289,ni,NI,atomic,attested,,diš
P342643,15.,P342643_289,ra,RA,atomic,attested,,diš
P342643,16.,P342643_290,ba,BA,atomic,attested,,
P342643,16.,P342643_290,an,AN,atomic,attested,,
P342643,16.,P342643_290,šum2,šum2,unresolved,,,
P342643,16.,P342643_290,ma,MA,atomic,attested,,
P342643,17.,P342643_291,maš2,KUN,atomic,attested,,
P342643,17.,P342643_292,sag,SAG,atomic,attested,,
P342643,17.,P342643_292,nig2,GAR,atomic,attested,,
P342643,17.,P342643_292,gur11,GA,atomic,attested,,
P342643,17.,P342643_292,ra,RA,atomic,attested,,
P342643,18.,P342643_293,ba,BA,atomic,attested,,
P342643,18.,P342643_293,da,DA,atomic,attested,,
P342643,18.,P342643_293,sa2,DI,atomic,attested,,
P342643,18.,P342643_294,bi2,NE,atomic,attested,,
P342643,18.,P342643_294,in,IN,atomic,attested,,
P342643,18.,P342643_294,du11,du11,unresolved,,,
P342643,19.,P342643_295,bur,BUR,atomic,attested,,d;d
P342643,19.,P342643_295,suen,|EN.ZU|,compound,attested,OSL,d;d
P342643,19.,P342643_296,lugal,LUGAL,atomic,attested,,
P342643,19.,P342643_296,ra,RA,atomic,attested,,
P342643,20.,P342643_297,igi,IGI,atomic,attested,,
P342643,20.,P342643_297,ni,NI,atomic,attested,,
P342643,20.,P342643_298,in,IN,atomic,attested,,
P342643,20.,P342643_298,gar,GAR,atomic,attested,,
P342643,20.,P342643_298,ma,MA,atomic,attested,,
P342643,21.,P342643_299,mu,MU,atomic,attested,,
P342643,21.,P342643_299,am3,|A.AN|,compound,attested,OSL,
P342643,21.,P342643_300,7(aš),7(aš),numeral,,,
P342643,21.,P342643_301,še,ŠE,atomic,attested,,
P342643,21.,P342643_302,gur,GUR,atomic,attested,,
P342643,22.,P342643_303,ha,HA,atomic,attested,,
P342643,22.,P342643_303,ra,RA,atomic,attested,,
P342643,22.,P342643_303,ab,AB,atomic,attested,,
P342643,22.,P342643_303,tur,TUR,atomic,attested,,
P342643,22.,P342643_303,re,RI,atomic,attested,,
P342643,23.,P342643_304,ša3,ŠA₃,atomic,attested,,
P342643,23.,P342643_305,mu,MU,atomic,attested,,
P342643,23.,P342643_306,2(diš),2(diš),unresolved,,,
P342643,23.,P342643_306,kam,|HI×BAD|,atomic,attested,,
P342643,23.,P342643_306,ma,MA,atomic,attested,,
P342643,23.,P342643_306,ka,ka,unresolved,,,
P342643,24.,P342643_307,ha,HA,atomic,attested,,
P342643,24.,P342643_307,ra-RA,|RA.RA|,compound,inferred,,
P342643,24.,P342643_307,ab,AB,atomic,attested,,
P342643,24.,P342643_307,gur,GUR,atomic,attested,,
P342643,24.,P342643_307,re,RI,atomic,attested,,
P342643,25.,P342643_308,bi2,NE,atomic,attested,,
P342643,25.,P342643_308,in,IN,atomic,attested,,
P342643,25.,P342643_308,du11,du11,unresolved,,,
P342643,26.,P342643_309,še,ŠE,atomic,attested,,
P342643,26.,P342643_309,ga,GA,atomic,attested,,
P342643,26.,P342643_309,ne,NE,atomic,attested,,
P342643,26.,P342643_309,ne,NE,atomic,attested,,
P342643,26.,P342643_309,ta,TA,atomic,attested,,
P342643,27.,P342643_310,kišib3,DUB,atomic,attested,,
P342643,27.,P342643_311,1(u),1(u),numeral,,,
P342643,27.,P342643_312,2(aš),2(aš),numeral,,,
P342643,27.,P342643_313,še,ŠE,atomic,attested,,
P342643,27.,P342643_314,gur,GUR,atomic,attested,,
P342643,28.,P342643_315,al,AL,atomic,attested,,
P342643,28.,P342643_315,zi,ZI,atomic,attested,,
P342643,28.,P342643_315,ir,IR,atomic,attested,,
P342643,28.,P342643_315,ma,MA,atomic,attested,,
P342643,29.,P342643_316,kišib3,DUB,atomic,attested,,
P342643,29.,P342643_317,1(u),1(u),numeral,,,
P342643,29.,P342643_318,7(aš),7(aš),numeral,,,
P342643,29.,P342643_319,še,ŠE,atomic,attested,,
P342643,29.,P342643_320,gur,GUR,atomic,attested,,
P342643,30.,P342643_321,in,IN,atomic,attested,,
P342643,30.,P342643_321,na,NA,atomic,attested,,
P342643,30.,P342643_321,an,AN,atomic,attested,,
P342643,30.,P342643_321,tak4,TAK₄,atomic,attested,,
P342643,31.,P342643_322,kišib3,DUB,atomic,attested,,
P342643,31.,P342643_322,ba,BA,atomic,attested,,
P342643,31.,P342643_322,ni,NI,atomic,attested,,
P342643,31.,P342643_323,ib,IB,atomic,attested,,
P342643,31.,P342643_323,ra,RA,atomic,attested,,
P342643,31.,P342643_323,aš,AŠ,atomic,attested,,
P342643,32.,P342643_324,inim,inim,unresolved,,,
P342643,32.,P342643_324,inim,inim,unresolved,,,
P342643,32.,P342643_324,ni,NI,atomic,attested,,
P342643,32.,P342643_325,ba,BA,atomic,attested,,
P342643,32.,P342643_325,an,AN,atomic,attested,,
P342643,32.,P342643_325,šum2,šum2,unresolved,,,
P342643,33.,P342643_326,mu,MU,atomic,attested,,
P342643,33.,P342643_327,lugal,LUGAL,atomic,attested,,
P342643,33.,P342643_327,bi,BI,atomic,attested,,
P342643,33.,P342643_328,in,IN,atomic,attested,,
P342643,33.,P342643_328,pa3,PA3,atomic,attested,,
P342643,34.,P342643_329,1(geš2),1(geš2),numeral,,,
P342643,34.,P342643_330,2(u),2(u),numeral,,,
P342643,34.,P342643_331,še,ŠE,atomic,attested,,
P342643,34.,P342643_332,gur,GUR,atomic,attested,,
P342643,35.,P342643_333,,,unresolved,,,diš;d
P342643,35.,P342643_333,nanna,nanna,unresolved,,,diš;d
P342643,35.,P342643_333,ma,MA,atomic,attested,,diš;d
P342643,35.,P342643_333,an,AN,atomic,attested,,diš;d
P342643,35.,P342643_333,šum2,šum2,unresolved,,,diš;d
P342643,36.,P342643_334,u3,|IGI.DIB|,atomic,attested,,
P342643,36.,P342643_335,nanna,nanna,unresolved,,,d
P342643,36.,P342643_335,me,ME,atomic,attested,,d
P342643,36.,P342643_335,ša4,DU,atomic,attested,,d
P342643,37.,P342643_336,e2,E₂,atomic,attested,,
P342643,37.,P342643_337,lu2,LU₂,atomic,attested,,d
P342643,37.,P342643_337,ba,BA,atomic,attested,,d
P342643,37.,P342643_337,u2,U₂,atomic,attested,,d
P342643,37.,P342643_337,ke4,KID,atomic,attested,,d
P342643,38.,P342643_338,in,IN,atomic,attested,,
P342643,38.,P342643_338,si,SI,atomic,attested,,
P342643,38.,P342643_338,ge,GI,atomic,attested,,
P342643,38.,P342643_338,eš,|U.U.U|,atomic,attested,,
P342643,39.,P342643_339,ARAD,ARAD,atomic,attested,,
P342643,39.,P342643_340,lu2,LU₂,atomic,attested,,d
P342643,39.,P342643_340,ba,BA,atomic,attested,,d
P342643,39.,P342643_340,u2,U₂,atomic,attested,,d
P342643,40.,P342643_341,e2,E₂,atomic,attested,,
P342643,40.,P342643_342,in,IN,atomic,attested,,
P342643,40.,P342643_342,bur3,U,atomic,attested,,
P342643,40.,P342643_342,da,DA,atomic,attested,,
P342643,40.,P342643_342,x,X,atomic,attested,,
P342643,41.,P342643_343,še,ŠE,atomic,attested,,
P342643,41.,P342643_344,in,IN,atomic,attested,,
P342643,41.,P342643_344,zuh,zuh,unresolved,,,
P342643,41.,P342643_344,(x),(x),unresolved,,,
P342643,42.,P342643_345,,,unresolved,,,diš;d
P342643,42.,P342643_345,nanna,nanna,unresolved,,,diš;d
P342643,42.,P342643_345,ma,MA,atomic,attested,,diš;d
P342643,42.,P342643_345,an,AN,atomic,attested,,diš;d
P342643,42.,P342643_345,šum2,šum2,unresolved,,,diš;d
P342643,43.,P342643_346,u3,|IGI.DIB|,atomic,attested,,
P342643,43.,P342643_347,nanna,nanna,unresolved,,,d
P342643,43.,P342643_347,me,ME,atomic,attested,,d
P342643,43.,P342643_347,ša4,DU,atomic,attested,,d
P342643,1.,P342643_348,še,ŠE,atomic,attested,,
P342643,1.,P342643_348,ga,GA,atomic,attested,,
P342643,1.,P342643_348,ne,NE,atomic,attested,,
P342643,1.,P342643_348,ne,NE,atomic,attested,,
P342643,1.,P342643_348,ta,TA,atomic,attested,,
P342643,2.,P342643_349,igi,IGI,atomic,attested,,
P342643,2.,P342643_349,ne,NE,atomic,attested,,
P342643,2.,P342643_349,ne,NE,atomic,attested,,
P342643,2.,P342643_350,in,IN,atomic,attested,,
P342643,2.,P342643_350,gar,GAR,atomic,attested,,
P342643,2.,P342643_350,re,RI,atomic,attested,,
P342643,2.,P342643_350,eš,|U.U.U|,atomic,attested,,
P342643,2.,P342643_350,ma,MA,atomic,attested,,
P342643,3.,P342643_351,di,DI,atomic,attested,,
P342643,3.,P342643_351,ku5,TAR,atomic,attested,,
P342643,3.,P342643_351,ne,NE,atomic,attested,,
P342643,3.,P342643_351,ne,NE,atomic,attested,,
P342643,4.,P342643_352,u3,|IGI.DIB|,atomic,attested,,
P342643,4.,P342643_353,ab,AB,atomic,attested,,
P342643,4.,P342643_353,ba,BA,atomic,attested,,
P342643,4.,P342643_354,iri,URU,atomic,attested,,ki
P342643,5.,P342643_355,GAR,GAR,atomic,attested,,
P342643,5.,P342643_356,…,…,broken,,,
P342643,6.,P342643_357,x,X,atomic,attested,,
P342643,6.,P342643_358,…,…,broken,,,
P342643,7.,P342643_359,di,DI,atomic,attested,,
P342643,7.,P342643_359,ku5,TAR,atomic,attested,,
P342643,7.,P342643_359,ne,NE,atomic,attested,,
P342643,7.,P342643_359,ne,NE,atomic,attested,,
P342643,8.,P342643_360,en3,LI,atomic,attested,,
P342643,8.,P342643_361,bi2,NE,atomic,attested,,
P342643,8.,P342643_361,in,IN,atomic,attested,,
P342643,8.,P342643_361,tar,TAR,atomic,attested,,
P342643,8.,P342643_361,re,RI,atomic,attested,,
P342643,8.,P342643_361,eš,|U.U.U|,atomic,attested,,
P342643,9.,P342643_362,di,DI,atomic,attested,,
P342643,9.,P342643_362,ku5,TAR,atomic,attested,,
P342643,9.,P342643_362,ne,NE,atomic,attested,,
P342643,9.,P342643_362,ne,NE,atomic,attested,,
P342643,10.,P342643_363,ub,UB,atomic,attested,,
P342643,10.,P342643_363,šu,ŠU,atomic,attested,,
P342643,10.,P342643_363,ukkin,ukkin,unresolved,,,
P342643,10.,P342643_363,na,NA,atomic,attested,,
P342643,10.,P342643_363,ka,ka,unresolved,,,
P342643,11.,P342643_364,di,DI,atomic,attested,,
P342643,11.,P342643_365,i3,NI,atomic,attested,,
P342643,11.,P342643_365,in,IN,atomic,attested,,
P342643,11.,P342643_365,dab5,KU,atomic,attested,,
P342643,11.,P342643_365,be2,BI,atomic,attested,,
P342643,11.,P342643_365,eš,|U.U.U|,atomic,attested,,
P342643,12.,P342643_366,di,DI,atomic,attested,,
P342643,12.,P342643_367,šu,ŠU,atomic,attested,,
P342643,12.,P342643_368,al,AL,atomic,attested,,
P342643,12.,P342643_368,e3,e3,unresolved,,,
P342643,12.,P342643_368,am3,|A.AN|,compound,attested,OSL,
P342643,13.,P342643_369,lu2,LU₂,atomic,attested,,diš;d
P342643,13.,P342643_369,ba,BA,atomic,attested,,diš;d
P342643,13.,P342643_369,u2,U₂,atomic,attested,,diš;d
P342643,14.,P342643_370,še,ŠE,atomic,attested,,
P342643,14.,P342643_371,bi2,NE,atomic,attested,,
P342643,14.,P342643_371,ib,IB,atomic,attested,,
P342643,14.,P342643_371,si,SI,atomic,attested,,
P342643,14.,P342643_371,si,SI,atomic,attested,,
P342643,15.,P342643_372,mu,MU,atomic,attested,,
P342643,15.,P342643_373,lugal,LUGAL,atomic,attested,,
P342643,15.,P342643_373,la,LA,atomic,attested,,
P342643,15.,P342643_373,bi,BI,atomic,attested,,
P342643,15.,P342643_374,in,IN,atomic,attested,,
P342643,15.,P342643_374,pa3,PA3,atomic,attested,,
P342643,16.,P342643_375,1(u),1(u),numeral,,,
P342643,16.,P342643_376,še,ŠE,atomic,attested,,
P342643,16.,P342643_377,gur,GUR,atomic,attested,,
P342643,17.,P342643_378,e2,E₂,atomic,attested,,
P342643,17.,P342643_379,i3,NI,atomic,attested,,
P342643,17.,P342643_379,li2,NI,atomic,attested,,
P342643,17.,P342643_379,am,|GUD×KUR|,atomic,attested,,
P342643,17.,P342643_379,ra,RA,atomic,attested,,
P342643,17.,P342643_379,ni,NI,atomic,attested,,
P342643,18.,P342643_380,lu2,LU₂,atomic,attested,,diš;d
P342643,18.,P342643_380,nin,|SAL.TUG₂|,atomic,attested,,diš;d
P342643,18.,P342643_380,šubur,ŠUBUR,atomic,attested,,diš;d
P342643,19.,P342643_381,in,IN,atomic,attested,,
P342643,19.,P342643_381,si,SI,atomic,attested,,
P342643,19.,P342643_381,ge,GI,atomic,attested,,
P342643,20.,P342643_382,a2,A₂,atomic,attested,,
P342643,20.,P342643_382,bi,BI,atomic,attested,,
P342643,20.,P342643_383,iti,UD×U+U+U,atomic,attested,,
P342643,20.,P342643_383,da,DA,atomic,attested,,
P342643,21.,P342643_384,1/3(diš),1/3(diš),numeral,,,
P342643,21.,P342643_385,gin2,DUN₃@g,atomic,attested,,
P342643,21.,P342643_385,ta,TA,atomic,attested,,
P342643,21.,P342643_385,am3,|A.AN|,compound,attested,OSL,
P342643,22.,P342643_386,mu,MU,atomic,attested,,
P342643,22.,P342643_386,am3,|A.AN|,compound,attested,OSL,
P342643,22.,P342643_387,4(diš),4(diš),numeral,,,
P342643,22.,P342643_388,gin2,DUN₃@g,atomic,attested,,
P342643,22.,P342643_389,ku3-babbar,|KU₃.UD|,compound,attested,OSL,
P342643,23.,P342643_390,lu2,LU₂,atomic,attested,,diš;d
P342643,23.,P342643_390,nin,|SAL.TUG₂|,atomic,attested,,diš;d
P342643,23.,P342643_390,šubur,ŠUBUR,atomic,attested,,diš;d
P342643,24.,P342643_391,i3,NI,atomic,attested,,diš
P342643,24.,P342643_391,li2,NI,atomic,attested,,diš
P342643,24.,P342643_391,am,|GUD×KUR|,atomic,attested,,diš
P342643,24.,P342643_391,ra,RA,atomic,attested,,diš
P342643,24.,P342643_391,ni,NI,atomic,attested,,diš
P342643,24.,P342643_391,ra,RA,atomic,attested,,diš
P342643,25.,P342643_392,i3,NI,atomic,attested,,
P342643,25.,P342643_392,la2,LAL,atomic,attested,,
P342643,25.,P342643_392,e,E,atomic,attested,,
P342643,26.,P342643_393,tukum,tukum,unresolved,,,
P342643,26.,P342643_393,bi,BI,atomic,attested,,
P342643,27.,P342643_394,e2,E₂,atomic,attested,,
P342643,27.,P342643_394,bi,BI,atomic,attested,,
P342643,27.,P342643_395,al,AL,atomic,attested,,
P342643,27.,P342643_395,bur3,U,atomic,attested,,
P342643,28.,P342643_396,u3,|IGI.DIB|,atomic,attested,,
P342643,28.,P342643_397,kišib3,DUB,atomic,attested,,
P342643,28.,P342643_397,bi,BI,atomic,attested,,
P342643,28.,P342643_398,al,AL,atomic,attested,,
P342643,28.,P342643_398,zi,ZI,atomic,attested,,
P342643,28.,P342643_398,ir,IR,atomic,attested,,
P342643,29.,P342643_399,še,ŠE,atomic,attested,,
P342643,29.,P342643_400,nig2,GAR,atomic,attested,,
P342643,29.,P342643_401,u2,U₂,atomic,attested,,
P342643,29.,P342643_401,gu,GU,atomic,attested,,
P342643,29.,P342643_402,ba,BA,atomic,attested,,
P342643,29.,P342643_402,an,AN,atomic,attested,,
P342643,29.,P342643_402,de2,DE₂,atomic,attested,,
P342643,30.,P342643_403,i3,NI,atomic,attested,,diš
P342643,30.,P342643_403,li2,NI,atomic,attested,,diš
P342643,30.,P342643_403,am,|GUD×KUR|,atomic,attested,,diš
P342643,30.,P342643_403,ra,RA,atomic,attested,,diš
P342643,30.,P342643_403,ni,NI,atomic,attested,,diš
P342643,31.,P342643_404,lugal,LUGAL,atomic,attested,,
P342643,31.,P342643_405,e2,E₂,atomic,attested,,
P342643,31.,P342643_405,a,A,atomic,attested,,
P342643,32.,P342643_406,še,ŠE,atomic,attested,,
P342643,32.,P342643_407,bi2,NE,atomic,attested,,
P342643,32.,P342643_407,ib,IB,atomic,attested,,
P342643,32.,P342643_407,si,SI,atomic,attested,,
P342643,32.,P342643_407,si,SI,atomic,attested,,
P342643,33.,P342643_408,mu,MU,atomic,attested,,
P342643,33.,P342643_409,lugal,LUGAL,atomic,attested,,
P342643,33.,P342643_409,la,LA,atomic,attested,,
P342643,33.,P342643_409,bi,BI,atomic,attested,,
P342643,33.,P342643_410,in,IN,atomic,attested,,
P342643,33.,P342643_410,pa3,PA3,atomic,attested,,
P342643,34.,P342643_411,1(u),1(u),numeral,,,
P342643,34.,P342643_412,še,ŠE,atomic,attested,,
P342643,34.,P342643_413,gur,GUR,atomic,attested,,
P342643,35.,P342643_414,ša3,ŠA₃,atomic,attested,,
P342643,35.,P342643_415,kišib3,DUB,atomic,attested,,
P342643,35.,P342643_416,3(u),3(u),numeral,,,
P342643,35.,P342643_417,še,ŠE,atomic,attested,,
P342643,35.,P342643_418,gur,GUR,atomic,attested,,
P342643,36.,P342643_419,mu,MU,atomic,attested,,
P342643,36.,P342643_419,kux(DU),DU,atomic,attested,,
P342643,37.,P342643_420,ki,KI,atomic,attested,,
P342643,37.,P342643_421,im,IM,atomic,attested,,
P342643,37.,P342643_421,di,DI,atomic,attested,,
P342643,37.,P342643_421,iš8,AŠ@t,atomic,attested,,
P342643,37.,P342643_421,tar2,DAR,atomic,attested,,
P342643,38.,P342643_422,,,unresolved,,,diš;d
P342643,38.,P342643_422,en,EN,atomic,attested,,diš;d
P342643,38.,P342643_422,lil2,KID,atomic,attested,,diš;d
P342643,38.,P342643_422,ba,BA,atomic,attested,,diš;d
P342643,38.,P342643_422,ni,NI,atomic,attested,,diš;d
P342643,38.,P342643_422,ke4,KID,atomic,attested,,diš;d
P342643,39.,P342643_423,šu,ŠU,atomic,attested,,
P342643,39.,P342643_424,ba,BA,atomic,attested,,
P342643,39.,P342643_424,an,AN,atomic,attested,,
P342643,39.,P342643_424,ti,TI,atomic,attested,,
P342643,40.,P342643_425,iti,UD×U+U+U,atomic,attested,,
P342643,40.,P342643_426,gu4,GUD,atomic,attested,,
P342643,40.,P342643_426,si,SI,atomic,attested,,
P342643,40.,P342643_426,su,SU,atomic,attested,,
P342643,40.,P342643_426,ka,ka,unresolved,,,
P342643,41.,P342643_427,šum2,šum2,unresolved,,,
P342643,41.,P342643_427,mu,MU,atomic,attested,,
P342643,41.,P342643_427,dam,DAM,atomic,attested,,
P342643,1.,P342643_428,n,n,numeral,,,
P342643,1.,P342643_429,še,ŠE,atomic,attested,,
P342643,1.,P342643_430,gur,GUR,atomic,attested,,
P342643,2.,P342643_431,mu,MU,atomic,attested,,
P342643,2.,P342643_432,še,ŠE,atomic,attested,,
P342643,2.,P342643_432,numun,KUL,atomic,attested,,
P342643,3.,P342643_433,u4,UD,atomic,attested,,
P342643,3.,P342643_434,buru14,|EN×GAN₂@t|,atomic,attested,,
P342643,3.,P342643_434,ka,ka,unresolved,,,
P342643,3.,P342643_435,gur,GUR,atomic,attested,,
P342643,3.,P342643_435,ru,RU,atomic,attested,,
P342643,3.,P342643_435,dam,DAM,atomic,attested,,
P342643,4.,P342643_436,ki,KI,atomic,attested,,
P342643,4.,P342643_437,e2,E₂,atomic,attested,,
P342643,4.,P342643_437,a,A,atomic,attested,,
P342643,4.,P342643_437,ba,BA,atomic,attested,,
P342643,4.,P342643_437,ni,NI,atomic,attested,,
P342643,4.,P342643_437,ta,TA,atomic,attested,,
P342643,5.,P342643_438,ARAD,ARAD,atomic,attested,,diš
P342643,5.,P342643_438,ku,KU,atomic,attested,,diš
P342643,5.,P342643_438,bi,BI,atomic,attested,,diš
P342643,5.,P342643_438,ke4,KID,atomic,attested,,diš
P342643,6.,P342643_439,šu,ŠU,atomic,attested,,
P342643,6.,P342643_440,ba,BA,atomic,attested,,
P342643,6.,P342643_440,an,AN,atomic,attested,,
P342643,6.,P342643_440,ti,TI,atomic,attested,,
P342643,7.,P342643_441,mu,MU,atomic,attested,,
P342643,7.,P342643_441,am3,|A.AN|,compound,attested,OSL,
P342643,7.,P342643_442,1(u),1(u),numeral,,,
P342643,7.,P342643_443,še,ŠE,atomic,attested,,
P342643,7.,P342643_444,gur,GUR,atomic,attested,,
P342643,8.,P342643_445,ib2,TUM,atomic,attested,,
P342643,8.,P342643_445,ta,TA,atomic,attested,,
P342643,8.,P342643_445,tur,TUR,atomic,attested,,
P342643,8.,P342643_445,re,RI,atomic,attested,,
P342643,9.,P342643_446,mu,MU,atomic,attested,,
P342643,9.,P342643_447,5(diš),5(DIŠ),atomic,attested,,
P342643,9.,P342643_447,am3,|A.AN|,compound,attested,OSL,
P342643,10.,P342643_448,ib2,TUM,atomic,attested,,
P342643,10.,P342643_448,ta,TA,atomic,attested,,
P342643,10.,P342643_448,an,AN,atomic,attested,,
P342643,10.,P342643_448,zi,ZI,atomic,attested,,
P342643,10.,P342643_448,ma,MA,atomic,attested,,
P342643,11.,P342643_449,5(u),5(u),numeral,,,
P342643,11.,P342643_450,5(aš),5(aš),numeral,,,
P342643,11.,P342643_451,še,ŠE,atomic,attested,,
P342643,11.,P342643_452,gur,GUR,atomic,attested,,
P342643,12.,P342643_453,2(u),2(u),numeral,,,
P342643,12.,P342643_454,5(aš),5(aš),numeral,,,
P342643,12.,P342643_455,še,ŠE,atomic,attested,,
P342643,12.,P342643_456,gur,GUR,atomic,attested,,
P342643,13.,P342643_457,ag2,|NINDA₂×NE|,atomic,attested,,
P342643,13.,P342643_457,e,E,atomic,attested,,
P342643,13.,P342643_457,de3,NE,atomic,attested,,
P342643,14.,P342643_458,inim,inim,unresolved,,,
P342643,14.,P342643_458,inim,inim,unresolved,,,
P342643,14.,P342643_458,ni,NI,atomic,attested,,
P342643,14.,P342643_459,ba,BA,atomic,attested,,
P342643,14.,P342643_459,an,AN,atomic,attested,,
P342643,14.,P342643_459,šum2,šum2,unresolved,,,
P342643,15.,P342643_460,tukum,tukum,unresolved,,,
P342643,15.,P342643_460,bi,BI,atomic,attested,,
P342643,16.,P342643_461,še,ŠE,atomic,attested,,
P342643,16.,P342643_461,bi,BI,atomic,attested,,
P342643,16.,P342643_462,la,LA,atomic,attested,,
P342643,16.,P342643_462,ba,BA,atomic,attested,,
P342643,16.,P342643_462,an,AN,atomic,attested,,
P342643,16.,P342643_462,ag2,|NINDA₂×NE|,atomic,attested,,
P342643,17.,P342643_463,|KI,KI,atomic,attested,,
P342643,17.,P342643_463,LAM|,LAM,atomic,attested,,
P342643,17.,P342643_464,MA/BA,MA/BA,unresolved,,,
P342643,17.,P342643_465,SIKIL,EL,atomic,attested,,
P342643,17.,P342643_466,KI,KI,atomic,attested,,
P342643,17.,P342643_467,KA,KA,unresolved,,,
P342643,18.,P342643_468,bala,BAL,atomic,attested,,
P342643,18.,P342643_468,e,E,atomic,attested,,
P342643,18.,P342643_468,da,DA,atomic,attested,,
P342643,18.,P342643_468,gin7,DIM₂,atomic,attested,,
P342643,19.,P342643_469,ku3,KU₃,atomic,attested,,
P342643,19.,P342643_469,bi,BI,atomic,attested,,
P342643,19.,P342643_470,i3,NI,atomic,attested,,
P342643,19.,P342643_470,la2,LAL,atomic,attested,,
P342643,19.,P342643_470,e,E,atomic,attested,,
P342643,20.,P342643_471,5(diš),5(diš),numeral,,,
P342643,20.,P342643_472,gin2,DUN₃@g,atomic,attested,,
P342643,20.,P342643_473,ku3-babbar,|KU₃.UD|,compound,attested,OSL,
P342643,21.,P342643_474,tug2,TUG₂,atomic,attested,,
P342643,21.,P342643_475,sa10,|NINDA₂×ŠE|,atomic,attested,,
P342643,21.,P342643_475,sa10,|NINDA₂×ŠE|,atomic,attested,,
P342643,21.,P342643_475,de3,NE,atomic,attested,,
P342643,22.,P342643_476,ki,KI,atomic,attested,,
P342643,22.,P342643_477,dingir,AN,atomic,attested,,
P342643,22.,P342643_477,i,I,atomic,attested,,
P342643,22.,P342643_477,de,DI,atomic,attested,,
P342643,22.,P342643_477,ta,TA,atomic,attested,,
P342643,23.,P342643_478,a,A,atomic,attested,,diš
P342643,23.,P342643_478,li2,NI,atomic,attested,,diš
P342643,23.,P342643_478,illat,|KASKAL.KUR|,compound,attested,OSL,diš
P342643,23.,P342643_478,ti,TI,atomic,attested,,diš
P342643,23.,P342643_479,ma2,MA₂,atomic,attested,,
P342643,23.,P342643_479,lah5,|DU.DU|,compound,attested,OSL,
P342643,24.,P342643_480,šu,ŠU,atomic,attested,,
P342643,24.,P342643_481,ba,BA,atomic,attested,,
P342643,24.,P342643_481,an,AN,atomic,attested,,
P342643,24.,P342643_481,ti,TI,atomic,attested,,
P342643,25.,P342643_482,iti,UD×U+U+U,atomic,attested,,
P342643,25.,P342643_483,šeg12,SIG₄,atomic,attested,,
P342643,25.,P342643_483,a,A,atomic,attested,,
P342643,25.,P342643_483,ka,ka,unresolved,,,
P342643,26.,P342643_484,šum2,šum2,unresolved,,,
P342643,26.,P342643_484,mu,MU,atomic,attested,,
P342643,26.,P342643_484,dam,DAM,atomic,attested,,
P342643,27.,P342643_485,5(diš),5(diš),numeral,,,
P342643,27.,P342643_486,gin2,DUN₃@g,atomic,attested,,
P342643,27.,P342643_487,ku3-babbar,|KU₃.UD|,compound,attested,OSL,
P342643,28.,P342643_488,ki,KI,atomic,attested,,
P342643,28.,P342643_489,ugula,PA,atomic,attested,,
P342643,28.,P342643_490,dam,DAM,atomic,attested,,
P342643,28.,P342643_490,gar3,GAR₃,atomic,attested,,
P342643,29.,P342643_491,dingir,AN,atomic,attested,,diš
P342643,29.,P342643_491,na,NA,atomic,attested,,diš
P342643,29.,P342643_491,da,DA,atomic,attested,,diš
P342643,30.,P342643_492,lu2,LU₂,atomic,attested,,
P342643,30.,P342643_492,kar,KAR,atomic,attested,,
P342643,30.,P342643_492,ra,RA,atomic,attested,,
P342643,30.,P342643_492,še3,EŠ₂,atomic,attested,,
P342643,31.,P342643_493,dab5,KU,atomic,attested,,
P342643,31.,P342643_493,dab5,KU,atomic,attested,,
P342643,32.,P342643_494,šu,ŠU,atomic,attested,,
P342643,32.,P342643_495,ba,BA,atomic,attested,,
P342643,32.,P342643_495,an,AN,atomic,attested,,
P342643,32.,P342643_495,ti,TI,atomic,attested,,
P342643,33.,P342643_496,u4,UD,atomic,attested,,
P342643,33.,P342643_497,kur2,PAP,atomic,attested,,
P342643,33.,P342643_497,še3,EŠ₂,atomic,attested,,
P342643,34.,P342643_498,ša3,ŠA₃,atomic,attested,,
P342643,34.,P342643_499,lugal,LUGAL,atomic,attested,,
P342643,34.,P342643_500,ku3,KU₃,atomic,attested,,
P342643,34.,P342643_500,ga,GA,atomic,attested,,
P342643,34.,P342643_500,ke4,KID,atomic,attested,,
P342643,35.,P342643_501,al,AL,atomic,attested,,
P342643,35.,P342643_501,du10,HI,atomic,attested,,
P342643,35.,P342643_501,ge,GI,atomic,attested,,
P342643,36.,P342643_502,e2,E₂,atomic,attested,,
P342643,36.,P342643_503,i,I,atomic,attested,,d
P342643,36.,P342643_503,din,DIN,atomic,attested,,d
P342643,36.,P342643_503,utu,UD,atomic,attested,,d
P342643,37.,P342643_504,e2,E₂,atomic,attested,,
P342643,37.,P342643_505,a,A,atomic,attested,,
P342643,37.,P342643_505,hu,HU,atomic,attested,,
P342643,37.,P342643_505,um,UM,atomic,attested,,
P342643,37.,P342643_505,ma,MA,atomic,attested,,
P342643,37.,P342643_506,RA,RA,atomic,attested,,
P342643,38.,P342643_507,al,AL,atomic,attested,,
P342643,38.,P342643_507,bur3,U,atomic,attested,,
P342643,38.,P342643_507,da,DA,atomic,attested,,
P342643,1'.,P342643_508,…,…,broken,,,
P342643,1'.,P342643_509,x,X,atomic,attested,,
P342643,2'.,P342643_510,…,…,broken,,,
P342643,2'.,P342643_511,x,X,atomic,attested,,
P342643,3'.,P342643_512,…,…,broken,,,
P342643,3'.,P342643_512,ta,TA,atomic,attested,,
P342643,4'.,P342643_513,…,…,broken,,,
P342643,4'.,P342643_514,ku3-babbar,|KU₃.UD|,compound,attested,OSL,
P342643,5'.,P342643_515,i,I,atomic,attested,,d
P342643,5'.,P342643_515,din,DIN,atomic,attested,,d
P342643,5'.,P342643_515,utu,UD,atomic,attested,,d
P342643,6'.,P342643_516,a,A,atomic,attested,,
P342643,6'.,P342643_516,hu,HU,atomic,attested,,
P342643,6'.,P342643_516,um,UM,atomic,attested,,
P342643,6'.,P342643_516,ma,MA,atomic,attested,,
P342643,6'.,P342643_516,ra,RA,atomic,attested,,
P342643,7'.,P342643_517,…,…,broken,,,
P342643,7'.,P342643_518,i3,NI,atomic,attested,,
P342643,7'.,P342643_518,la2,LAL,atomic,attested,,
P342643,7'.,P342643_518,e,E,atomic,attested,,
P342643,8'.,P342643_519,u4,UD,atomic,attested,,
P342643,8'.,P342643_520,kur2,PAP,atomic,attested,,
P342643,8'.,P342643_520,še3,EŠ₂,atomic,attested,,
P342643,9'.,P342643_521,i,I,atomic,attested,,d
P342643,9'.,P342643_521,din,DIN,atomic,attested,,d
P342643,9'.,P342643_521,utu,UD,atomic,attested,,d
P342643,10'.,P342643_522,a,A,atomic,attested,,
P342643,10'.,P342643_522,hu,HU,atomic,attested,,
P342643,10'.,P342643_522,um,UM,atomic,attested,,
P342643,10'.,P342643_522,ma,MA,atomic,attested,,
P342643,10'.,P342643_522,ra,RA,atomic,attested,,
P342643,11'.,P342643_523,inim,inim,unresolved,,,
P342643,11'.,P342643_524,nu,NU,atomic,attested,,
P342643,11'.,P342643_524,um,UM,atomic,attested,,
P342643,11'.,P342643_524,ga2,GA₂,atomic,attested,,
P342643,11'.,P342643_524,ga2,GA₂,atomic,attested,,
P342643,12'.,P342643_525,mu,MU,atomic,attested,,
P342643,12'.,P342643_526,lugal,LUGAL,atomic,attested,,
P342643,12'.,P342643_526,la,LA,atomic,attested,,
P342643,12'.,P342643_526,bi,BI,atomic,attested,,
P342643,12'.,P342643_527,in,IN,atomic,attested,,
P342643,12'.,P342643_527,pa3,PA3,atomic,attested,,
P342643,13'.,P342643_528,1(u),1(u),numeral,,,
P342643,13'.,P342643_529,še,ŠE,atomic,attested,,
P342643,13'.,P342643_530,gur,GUR,atomic,attested,,
P342643,14'.,P342643_531,1(u),1(u),numeral,,,
P342643,14'.,P342643_532,munu4,|PAP.PAP|,compound,attested,OSL,
P342643,15'.,P342643_533,1(u),1(u),numeral,,,
P342643,15'.,P342643_534,šim,ŠIM,atomic,attested,,
P342643,16'.,P342643_535,zi3,ZI₃,atomic,attested,,
P342643,16'.,P342643_535,munu4,|PAP.PAP|,compound,attested,OSL,
P342643,16'.,P342643_536,u3,|IGI.DIB|,atomic,attested,,
P342643,16'.,P342643_537,še,ŠE,atomic,attested,,
P342643,16'.,P342643_538,maš2,KUN,atomic,attested,,
P342643,16'.,P342643_538,a,A,atomic,attested,,
P342643,17'.,P342643_539,ki,KI,atomic,attested,,
P342643,17'.,P342643_540,lu2,LU₂,atomic,attested,,
P342643,17'.,P342643_540,da,DA,atomic,attested,,
P342643,17'.,P342643_540,mu,MU,atomic,attested,,
P342643,17'.,P342643_541,DIŠ,DIŠ,atomic,attested,,
P342643,17'.,P342643_542,ma,MA,atomic,attested,,
P342643,17'.,P342643_542,na,NA,atomic,attested,,
P342643,17'.,P342643_542,la2,LAL,atomic,attested,,
P342643,18'.,P342643_543,lu2,LU₂,atomic,attested,,d
P342643,18'.,P342643_543,ba,BA,atomic,attested,,d
P342643,18'.,P342643_543,u2,U₂,atomic,attested,,d
P342643,19'.,P342643_544,u3,|IGI.DIB|,atomic,attested,,
P342643,19'.,P342643_545,suen,|EN.ZU|,compound,attested,OSL,d
P342643,19'.,P342643_545,re,RI,atomic,attested,,d
P342643,19'.,P342643_545,me,ME,atomic,attested,,d
P342643,19'.,P342643_545,ni,NI,atomic,attested,,d
P342643,20'.,P342643_546,nam,NAM,atomic,attested,,
P342643,20'.,P342643_546,tab,TAB,atomic,attested,,
P342643,20'.,P342643_546,ba,BA,atomic,attested,,
P342643,20'.,P342643_546,še3,EŠ₂,atomic,attested,,
P342643,21'.,P342643_547,dug,DUG,atomic,attested,,
P342643,21'.,P342643_548,sa10,|NINDA₂×ŠE|,atomic,attested,,
P342643,21'.,P342643_548,sa10,|NINDA₂×ŠE|,atomic,attested,,
P342643,21'.,P342643_548,de3,NE,atomic,attested,,
P342643,22'.,P342643_549,šu,ŠU,atomic,attested,,
P342643,22'.,P342643_549,ša3,ŠA₃,atomic,attested,,
P342643,22'.,P342643_550,in,IN,atomic,attested,,
P342643,22'.,P342643_550,ne,NE,atomic,attested,,
P342643,22'.,P342643_550,ri,RI,atomic,attested,,
P342643,22'.,P342643_550,eš,|U.U.U|,atomic,attested,,
P342643,23'.,P342643_551,u4,UD,atomic,attested,,
P342643,23'.,P342643_552,buru14,|EN×GAN₂@t|,atomic,attested,,
P342643,23'.,P342643_552,ka,ka,unresolved,,,
P342643,24'.,P342643_553,zi3,ZI₃,atomic,attested,,
P342643,24'.,P342643_553,munu4,|PAP.PAP|,compound,attested,OSL,
P342643,24'.,P342643_554,u3,|IGI.DIB|,atomic,attested,,
P342643,24'.,P342643_555,maš2,KUN,atomic,attested,,
P342643,24'.,P342643_555,bi,BI,atomic,attested,,
P342643,1'.,P342643_556,…,…,broken,,,
P342643,1'.,P342643_556,ne,NE,atomic,attested,,
P342643,1'.,P342643_556,še3,EŠ₂,atomic,attested,,
P342643,2'.,P342643_557,en,EN,atomic,attested,,
P342643,2'.,P342643_557,nu,NU,atomic,attested,,
P342643,2'.,P342643_557,ga2,GA₂,atomic,attested,,
P342643,2'.,P342643_557,ta,TA,atomic,attested,,
P342643,3'.,P342643_558,ib2,TUM,atomic,attested,,
P342643,3'.,P342643_558,ta,TA,atomic,attested,,
P342643,3'.,P342643_558,an,AN,atomic,attested,,
P342643,3'.,P342643_558,e3,e3,unresolved,,,
P342643,3'.,P342643_558,eš,|U.U.U|,atomic,attested,,
P342643,4'.,P342643_559,tukum,tukum,unresolved,,,
P342643,4'.,P342643_559,bi,BI,atomic,attested,,
P342643,5'.,P342643_560,u4,UD,atomic,attested,,
P342643,5'.,P342643_561,buru14,|EN×GAN₂@t|,atomic,attested,,
P342643,5'.,P342643_562,še,ŠE,atomic,attested,,
P342643,5'.,P342643_562,geš,GIŠ,atomic,attested,,
P342643,5'.,P342643_562,i3,NI,atomic,attested,,
P342643,6'.,P342643_563,še,ŠE,atomic,attested,,
P342643,6'.,P342643_563,geš,GIŠ,atomic,attested,,
P342643,6'.,P342643_563,i3,NI,atomic,attested,,
P342643,6'.,P342643_564,u3,|IGI.DIB|,atomic,attested,,
P342643,6'.,P342643_565,maš2,KUN,atomic,attested,,
P342643,6'.,P342643_565,bi,BI,atomic,attested,,
P342643,7'.,P342643_566,la,LA,atomic,attested,,
P342643,7'.,P342643_566,ba,BA,atomic,attested,,
P342643,7'.,P342643_566,an,AN,atomic,attested,,
P342643,7'.,P342643_566,ag2,|NINDA₂×NE|,atomic,attested,,
P342643,7'.,P342643_566,eš,|U.U.U|,atomic,attested,,
P342643,8'.,P342643_567,ša3,ŠA₃,atomic,attested,,
P342643,8'.,P342643_568,en,EN,atomic,attested,,
P342643,8'.,P342643_568,nu,NU,atomic,attested,,
P342643,8'.,P342643_568,ga2,GA₂,atomic,attested,,
P342643,8'.,P342643_568,ne,NE,atomic,attested,,
P342643,8'.,P342643_568,ne,NE,atomic,attested,,
P342643,9'.,P342643_569,i,I,atomic,attested,,
P342643,9'.,P342643_569,ni,NI,atomic,attested,,
P342643,9'.,P342643_569,ib,IB,atomic,attested,,
P342643,9'.,P342643_569,gur,GUR,atomic,attested,,
P342643,9'.,P342643_569,ru,RU,atomic,attested,,
P342643,9'.,P342643_569,de3,NE,atomic,attested,,
P342643,9'.,P342643_569,eš,|U.U.U|,atomic,attested,,
P342643,1'.,P342643_570,…,…,broken,,,
P342643,1'.,P342643_571,UD,UD,atomic,attested,,
P342643,2'.,P342643_572,…,…,broken,,,
P342643,2'.,P342643_572,x,X,atomic,attested,,
P342643,2'.,P342643_572,um,UM,atomic,attested,,
P342643,3'.,P342643_573,…,…,broken,,,d
P342643,3'.,P342643_573,utu,UD,atomic,attested,,d
P342643,4'.,P342643_574,…,…,broken,,,
P342643,4'.,P342643_575,x,X,atomic,attested,,
P342643,4'.,P342643_576,x,X,atomic,attested,,
P342643,4'.,P342643_577,edin,edin,unresolved,,,ki
P342643,4'.,P342643_577,na,NA,atomic,attested,,ki
P368906,1.,P368906_1,8(diš),8(diš),numeral,,,
P368906,1.,P368906_2,gin2,DUN₃@g,atomic,attested,,
P368906,1.,P368906_3,ku3-babbar,|KU₃.UD|,compound,attested,OSL,
P368906,2.,P368906_4,maš2,KUN,atomic,attested,,
P368906,2.,P368906_5,in,IN,atomic,attested,,
P368906,2.,P368906_5,tuku,TUK,atomic,attested,,
P368906,3.,P368906_6,ki,KI,atomic,attested,,
P368906,3.,P368906_7,…,…,broken,,,
P368906,4.,P368906_8,1(diš),1(diš),numeral,,,
P368906,4.,P368906_9,…,…,broken,,,
P368906,4.,P368906_10,UTU,UD,atomic,attested,,d
P368906,5.,P368906_11,šu,ŠU,atomic,attested,,
P368906,5.,P368906_12,ba,BA,atomic,attested,,
P368906,5.,P368906_12,an,AN,atomic,attested,,
P368906,5.,P368906_12,ti,TI,atomic,attested,,
P368906,6.,P368906_13,mu,MU,atomic,attested,,
P368906,6.,P368906_13,DU,DU,atomic,attested,,
P368906,6.,P368906_14,u4,UD,atomic,attested,,
P368906,6.,P368906_15,buru14,|EN×GAN₂@t|,atomic,attested,,
P368906,6.,P368906_15,ka,ka,unresolved,,,
P368906,7.,P368906_16,ku3,KU₃,atomic,attested,,
P368906,7.,P368906_17,u3,|IGI.DIB|,atomic,attested,,
P368906,7.,P368906_18,maš2,KUN,atomic,attested,,
P368906,7.,P368906_18,bi,BI,atomic,attested,,
P368906,7.,P368906_19,…,…,broken,,,
P368906,8.,P368906_20,gur,GUR,atomic,attested,,
P368906,8.,P368906_20,ru,RU,atomic,attested,,
P368906,8.,P368906_20,dam,DAM,atomic,attested,,
P368906,1'.,P368906_21,1(u),1(u),numeral,,,
P368906,1'.,P368906_22,8(diš),8(diš),numeral,,,
P368906,1'.,P368906_23,gin2,DUN₃@g,atomic,attested,,
P368906,1'.,P368906_24,&,&,unresolved,,,
P368906,1'.,P368906_25,18,18,unresolved,,,
P368906,2'.,P368906_26,1(u),1(u),numeral,,,
P368906,2'.,P368906_27,9(diš),9(diš),numeral,,,
P368906,2'.,P368906_28,gin2,DUN₃@g,atomic,attested,,
P368906,2'.,P368906_29,&,&,unresolved,,,
P368906,2'.,P368906_30,19,19,unresolved,,,
P368906,3'.,P368906_31,1/3(diš),1/3(diš),numeral,,,
P368906,3'.,P368906_32,sila3,SILA₃,atomic,attested,,
P368906,3'.,P368906_33,&,&,unresolved,,,
P368906,3'.,P368906_34,20,20,unresolved,,,
P368906,4'.,P368906_35,1/2(diš),1/2(diš),numeral,,,
P368906,4'.,P368906_36,sila3,SILA₃,atomic,attested,,
P368906,4'.,P368906_37,&,&,unresolved,,,
P368906,4'.,P368906_38,30,30,unresolved,,,
P368906,5'.,P368906_39,2/3(diš),2/3(diš),numeral,,,
P368906,5'.,P368906_40,sila3,SILA₃,atomic,attested,,
P368906,5'.,P368906_41,&,&,unresolved,,,
P368906,5'.,P368906_42,40,40,unresolved,,,
P368906,6'.,P368906_43,5/6(diš),5/6(diš),numeral,,,
P368906,6'.,P368906_44,sila3,SILA₃,atomic,attested,,
P368906,6'.,P368906_45,&,&,unresolved,,,
P368906,6'.,P368906_46,50,50,unresolved,,,
P368906,7'.,P368906_47,1(diš),1(diš),numeral,,,
P368906,7'.,P368906_48,sila3,SILA₃,atomic,attested,,
P368906,7'.,P368906_49,&,&,unresolved,,,
P368906,7'.,P368906_50,1,1,unresolved,,,
P427606,1.,P427606_1,…,…,broken,,,
P427606,1.,P427606_2,gada,GAD,atomic,attested,,
P427606,1.,P427606_3,igi,IGI,atomic,attested,,
P427606,1.,P427606_4,du,DU,atomic,attested,,
P427606,2.,P427606_5,…,…,broken,,,
P427606,2.,P427606_6,gada,GAD,atomic,attested,,
P427606,2.,P427606_7,ni,NI,atomic,attested,,
P427606,2.,P427606_8,gada,GAD,atomic,attested,,
P427606,3.,P427606_9,…,…,broken,,,
P427606,3.,P427606_10,lu2,LU₂,atomic,attested,,d
P427606,3.,P427606_10,ama,|GA₂×AN|,atomic,attested,,d
P427606,3.,P427606_10,inanna,MUŠ₃,atomic,attested,,d
P427606,4.,P427606_11,…,…,broken,,,
P427606,4.,P427606_12,igi,IGI,atomic,attested,,
P427606,4.,P427606_12,še,ŠE,atomic,attested,,
P427606,4.,P427606_12,a,A,atomic,attested,,
P427606,4.,P427606_12,mu,MU,atomic,attested,,
P427606,5.,P427606_13,…,…,broken,,,
P427606,5.,P427606_14,nin,|SAL.TUG₂|,atomic,attested,,d
P427606,5.,P427606_14,x,X,atomic,attested,,d
P427606,5.,P427606_14,an,AN,atomic,attested,,d
P427606,5.,P427606_14,dul3,SAG@g,atomic,attested,,d
P427606,6.,P427606_15,…,…,broken,,,
P427606,6.,P427606_16,sanga,sanga,unresolved,,,
P427606,1'.,P427606_17,…,…,broken,,,
P427606,1'.,P427606_18,lugal,LUGAL,atomic,attested,,
P427606,1'.,P427606_18,gu,GU,atomic,attested,,
P427606,1'.,P427606_18,la,LA,atomic,attested,,
P427606,2'.,P427606_19,…,…,broken,,,
P427606,2'.,P427606_20,x,X,atomic,attested,,
P427606,2'.,P427606_21,teš2,UR,atomic,attested,,
P427606,2'.,P427606_21,teš2,UR,atomic,attested,,
P427606,2'.,P427606_22,nu,NU,atomic,attested,,
P427606,2'.,P427606_22,banda3,TUR,atomic,attested,,
P427606,2'.,P427606_23,lu2,LU₂,atomic,attested,,
P427606,2'.,P427606_24,x,X,atomic,attested,,
P427606,3'.,P427606_25,…,…,broken,,,
P427606,3'.,P427606_26,4(bur3),4(bur3),numeral,,,
P427606,3'.,P427606_27,1(eše3),1(eše3),numeral,,,
P427606,3'.,P427606_28,3(iku),3(iku),numeral,,,
P427606,3'.,P427606_29,1/2(iku),1/2(iku),numeral,,,
P427606,3'.,P427606_30,1/4(iku),1/4(iku),numeral,,,
P427606,3'.,P427606_31,GAN2,GAN₂,atomic,attested,,
P427606,3'.,P427606_32,hul,|IGI.UR|,compound,attested,OSL,
P427606,3'.,P427606_32,tag,TAG,atomic,attested,,
P427606,4'.,P427606_33,…,…,broken,,,
P427606,4'.,P427606_34,4(bur3),4(bur3),numeral,,,
P427606,4'.,P427606_35,1(eše3),1(eše3),numeral,,,
P427606,4'.,P427606_36,3(iku),3(iku),numeral,,,
P427606,4'.,P427606_37,1/2(iku),1/2(iku),numeral,,,
P427606,4'.,P427606_38,1/4(iku),1/4(iku),numeral,,,
P427606,4'.,P427606_39,GAN2,GAN₂,atomic,attested,,
P427606,4'.,P427606_40,ur,UR,atomic,attested,,gar
P427606,4'.,P427606_40,nigar,nigar,unresolved,,,gar
P427606,5'.,P427606_41,…,…,broken,,,
P427606,5'.,P427606_42,inim,inim,unresolved,,,d
P427606,5'.,P427606_42,šara2,šara2,unresolved,,,d
P427606,6'.,P427606_43,…,…,broken,,,
P427606,6'.,P427606_44,a,A,atomic,attested,,
P427606,6'.,P427606_44,tu,TU,atomic,attested,,
P427606,7'.,P427606_45,…,…,broken,,,
P427606,7'.,P427606_46,sag,SAG,atomic,attested,,
P427606,7'.,P427606_46,hul,|IGI.UR|,compound,attested,OSL,
P427606,7'.,P427606_47,nu,NU,atomic,attested,,
P427606,7'.,P427606_47,du,DU,atomic,attested,,
P427606,8'.,P427606_48,…,…,broken,,,
P427606,8'.,P427606_49,lu2,LU₂,atomic,attested,,
P427606,8'.,P427606_49,sa6,sa6,unresolved,,,
P427606,8'.,P427606_49,ga,GA,atomic,attested,,
P427606,9'.,P427606_50,…,…,broken,,,
P427606,9'.,P427606_51,3(u),3(u),numeral,,,
P427606,9'.,P427606_52,3(aš),3(aš),numeral,,,
P427606,9'.,P427606_53,2(barig),2(barig),numeral,,,
P427606,9'.,P427606_54,3(ban2),3(ban2),numeral,,,
P427606,9'.,P427606_55,še,ŠE,atomic,attested,,
P427606,9'.,P427606_56,gur,GUR,atomic,attested,,
P427606,9'.,P427606_57,lugal,LUGAL,atomic,attested,,
P427606,9'.,P427606_57,ta,TA,atomic,attested,,
P427606,10'.,P427606_58,…,…,broken,,,
P427606,10'.,P427606_59,2(u),2(u),numeral,,,
P427606,10'.,P427606_60,2(aš),2(aš),numeral,,,
P427606,10'.,P427606_61,3(barig),3(barig),numeral,,,
P427606,10'.,P427606_62,3(ban2),3(ban2),numeral,,,
P427606,10'.,P427606_63,5(diš)sila3,5(diš)sila3,unresolved,,,
P427606,10'.,P427606_64,še,ŠE,atomic,attested,,
P427606,10'.,P427606_65,gur,GUR,atomic,attested,,
P427606,10'.,P427606_66,lugal,LUGAL,atomic,attested,,
P427606,11'.,P427606_67,…,…,broken,,,
P427606,11'.,P427606_68,ur,UR,atomic,attested,,gar
P427606,11'.,P427606_68,nigar,nigar,unresolved,,,gar
P427606,11'.,P427606_69,dub,DUB,atomic,attested,,
P427606,11'.,P427606_69,sar,SAR,atomic,attested,,
P427606,11'.,P427606_70,…,…,broken,,,
P427606,12'.,P427606_71,…,…,broken,,,
P427606,12'.,P427606_72,lu2,LU₂,atomic,attested,,
P427606,12'.,P427606_73,kiri6,SAR,atomic,attested,,geš
P427606,13'.,P427606_74,…,…,broken,,,
P427606,13'.,P427606_75,a,A,atomic,attested,,
P427606,13'.,P427606_75,ša3,ŠA₃,atomic,attested,,
P427606,13'.,P427606_76,la2,LAL,atomic,attested,,
P427606,13'.,P427606_76,mah,MAH,atomic,attested,,
P481816,1.,P481816_1,a,A,atomic,attested,,
P481816,1.,P481816_1,na,NA,atomic,attested,,
P481816,1.,P481816_2,suen,|EN.ZU|,compound,attested,OSL,d
P481816,1.,P481816_2,re,RI,atomic,attested,,d
P481816,1.,P481816_2,me,ME,atomic,attested,,d
P481816,1.,P481816_2,ni,NI,atomic,attested,,d
P481816,2.,P481816_3,qi2,KI,atomic,attested,,
P481816,2.,P481816_3,bi2,NE,atomic,attested,,
P481816,2.,P481816_3,ma,MA,atomic,attested,,
P481816,2.,P481816_4,um,UM,atomic,attested,,
P481816,2.,P481816_4,ma,MA,atomic,attested,,
P481816,2.,P481816_5,a,A,atomic,attested,,
P481816,2.,P481816_5,hu,HU,atomic,attested,,
P481816,2.,P481816_5,ši,IGI,atomic,attested,,
P481816,2.,P481816_5,na,NA,atomic,attested,,
P481816,2.,P481816_5,ma,MA,atomic,attested,,
P481816,3.,P481816_6,a,A,atomic,attested,,
P481816,3.,P481816_6,hu,HU,atomic,attested,,
P481816,3.,P481816_6,ka,ka,unresolved,,,
P481816,3.,P481816_6,ma,MA,atomic,attested,,
P481816,3.,P481816_7,iš,IŠ,atomic,attested,,
P481816,3.,P481816_7,tu,TU,atomic,attested,,
P481816,3.,P481816_8,u4,UD,atomic,attested,,
P481816,3.,P481816_8,mi,MI,atomic,attested,,
P481816,3.,P481816_8,im,IM,atomic,attested,,
P481816,4.,P481816_9,ša,ŠA,atomic,attested,,
P481816,4.,P481816_10,a,A,atomic,attested,,
P481816,4.,P481816_10,na,NA,atomic,attested,,
P481816,4.,P481816_11,_kaskal_,_kaskal_,unresolved,,,
P481816,4.,P481816_12,tu,TU,atomic,attested,,
P481816,4.,P481816_12,ṣu2,ṣu2,unresolved,,,
P481816,4.,P481816_12,u2,U₂,atomic,attested,,
P481816,5.,P481816_13,wa,PI,atomic,attested,,
P481816,5.,P481816_13,ar,|IGI.RI|,atomic,attested,,
P481816,5.,P481816_13,ki,KI,atomic,attested,,
P481816,5.,P481816_13,ka,ka,unresolved,,,
P481816,5.,P481816_13,ma,MA,atomic,attested,,
P481816,6.,P481816_14,a,A,atomic,attested,,diš
P481816,6.,P481816_14,ia,|I.A|,atomic,attested,,diš
P481816,6.,P481816_14,ba,BA,atomic,attested,,diš
P481816,6.,P481816_14,aš,AŠ,atomic,attested,,diš
P481816,6.,P481816_14,i3,NI,atomic,attested,,diš
P481816,6.,P481816_14,li2,NI,atomic,attested,,diš
P481816,7.,P481816_15,il,IL,atomic,attested,,
P481816,7.,P481816_15,li,LI,atomic,attested,,
P481816,7.,P481816_15,ka,ka,unresolved,,,
P481816,7.,P481816_15,am,|GUD×KUR|,atomic,attested,,
P481816,7.,P481816_15,ma,MA,atomic,attested,,
P481816,7.,P481816_16,um,UM,atomic,attested,,
P481816,7.,P481816_16,ma,MA,atomic,attested,,
P481816,7.,P481816_17,šu,ŠU,atomic,attested,,
P481816,7.,P481816_17,ma,MA,atomic,attested,,
P481816,8.,P481816_18,_2(diš),_2(diš),unresolved,,,
P481816,8.,P481816_19,ma,MA,atomic,attested,,
P481816,8.,P481816_19,na,NA,atomic,attested,,
P481816,8.,P481816_20,ku3,KU₃,atomic,attested,,
P481816,8.,P481816_20,babbar_,babbar_,unresolved,,,
P481816,8.,P481816_21,e,E,atomic,attested,,
P481816,8.,P481816_21,li,LI,atomic,attested,,
P481816,8.,P481816_21,šu,ŠU,atomic,attested,,
P481816,8.,P481816_22,i,I,atomic,attested,,
P481816,8.,P481816_22,šu,ŠU,atomic,attested,,
P481816,9.,P481816_23,aš,AŠ,atomic,attested,,
P481816,9.,P481816_23,ša,ŠA,atomic,attested,,
P481816,9.,P481816_23,at,AD,atomic,attested,,
P481816,9.,P481816_23,ka,ka,unresolved,,,
P481816,9.,P481816_24,ma,MA,atomic,attested,,
P481816,9.,P481816_24,ri,RI,atomic,attested,,
P481816,9.,P481816_24,ka,ka,unresolved,,,
P481816,10.,P481816_25,u3,|IGI.DIB|,atomic,attested,,
P481816,10.,P481816_26,a,A,atomic,attested,,
P481816,10.,P481816_26,ma,MA,atomic,attested,,
P481816,10.,P481816_26,ti,TI,atomic,attested,,
P481816,10.,P481816_27,a,A,atomic,attested,,
P481816,10.,P481816_27,na,NA,atomic,attested,,
P481816,10.,P481816_28,ni,NI,atomic,attested,,
P481816,10.,P481816_28,pa,PA,atomic,attested,,
P481816,10.,P481816_28,ri,RI,atomic,attested,,
P481816,10.,P481816_28,im,IM,atomic,attested,,
P481816,11.,P481816_29,uš,UŠ,atomic,attested,,
P481816,11.,P481816_29,te,te,unresolved,,,
P481816,11.,P481816_29,ri,RI,atomic,attested,,
P481816,11.,P481816_29,ib,IB,atomic,attested,,
P481816,12.,P481816_30,hu,HU,atomic,attested,,
P481816,12.,P481816_30,um,UM,atomic,attested,,
P481816,12.,P481816_30,ṭa3,ṭa3,unresolved,,,
P481816,12.,P481816_30,am,|GUD×KUR|,atomic,attested,,
P481816,12.,P481816_31,al,AL,atomic,attested,,
P481816,12.,P481816_31,kam,|HI×BAD|,atomic,attested,,
P481816,12.,P481816_31,ma,MA,atomic,attested,,
P481816,13.,P481816_32,a,A,atomic,attested,,
P481816,13.,P481816_32,na,NA,atomic,attested,,
P481816,13.,P481816_33,še,ŠE,atomic,attested,,
P481816,13.,P481816_33,ep,IB,atomic,attested,,
P481816,13.,P481816_34,_lugal_,_lugal_,unresolved,,,
P481816,13.,P481816_35,mu,MU,atomic,attested,,
P481816,13.,P481816_35,qu2,KU,atomic,attested,,
P481816,13.,P481816_35,ut,UD,atomic,attested,,
P481816,13.,P481816_35,ma,MA,atomic,attested,,
P481816,14.,P481816_36,aš,AŠ,atomic,attested,,
P481816,14.,P481816_36,ša,ŠA,atomic,attested,,
P481816,14.,P481816_36,at,AD,atomic,attested,,
P481816,14.,P481816_36,ka,ka,unresolved,,,
P481816,14.,P481816_37,ma,MA,atomic,attested,,
P481816,14.,P481816_37,ri,RI,atomic,attested,,
P481816,14.,P481816_37,ka,ka,unresolved,,,
P481816,1.,P481816_38,u3,|IGI.DIB|,atomic,attested,,
P481816,1.,P481816_39,a,A,atomic,attested,,
P481816,1.,P481816_39,ma,MA,atomic,attested,,
P481816,1.,P481816_39,ti,TI,atomic,attested,,
P481816,1.,P481816_39,ka,ka,unresolved,,,
P481816,1.,P481816_40,i,I,atomic,attested,,
P481816,1.,P481816_40,na,NA,atomic,attested,,
P481816,2.,P481816_41,ni,NI,atomic,attested,,
P481816,2.,P481816_41,pa,PA,atomic,attested,,
P481816,2.,P481816_41,ri,RI,atomic,attested,,
P481816,2.,P481816_41,im,IM,atomic,attested,,
P481816,2.,P481816_42,šu,ŠU,atomic,attested,,
P481816,2.,P481816_42,ṣi,ṣi,unresolved,,,
P481816,3.,P481816_43,ap,AB,atomic,attested,,
P481816,3.,P481816_43,pu,BU,atomic,attested,,
P481816,3.,P481816_43,ta,TA,atomic,attested,,
P481816,3.,P481816_44,la,LA,atomic,attested,,
P481816,3.,P481816_45,te,te,unresolved,,,
P481816,3.,P481816_45,gi,GI,atomic,attested,,
P481816,4.,P481816_46,u2,U₂,atomic,attested,,
P481816,4.,P481816_46,ul,ul,unresolved,,,
P481816,4.,P481816_47,ta,TA,atomic,attested,,
P481816,4.,P481816_47,aš,AŠ,atomic,attested,,
P481816,4.,P481816_47,pu,BU,atomic,attested,,
P481816,4.,P481816_47,ra,RA,atomic,attested,,
P481816,4.,P481816_47,am,|GUD×KUR|,atomic,attested,,
P481816,5.,P481816_48,la,LA,atomic,attested,,
P481816,5.,P481816_49,ta,TA,atomic,attested,,
P481816,5.,P481816_49,qa2,GA,atomic,attested,,
P481816,5.,P481816_49,ab,AB,atomic,attested,,
P481816,5.,P481816_49,bi,BI,atomic,attested,,
P134667,1.,P134667_1,i3,NI,atomic,attested,,
P134667,1.,P134667_1,nin,|SAL.TUG₂|,atomic,attested,,
P134667,2.,P134667_2,uh,UH,atomic,attested,,
P134667,2.,P134667_3,uš,UŠ,atomic,attested,,
P134667,2.,P134667_3,da,DA,atomic,attested,,
P134667,2.,P134667_4,u3,|IGI.DIB|,atomic,attested,,
P134667,2.,P134667_4,da,DA,atomic,attested,,
P134667,2.,P134667_4,hi,HI,atomic,attested,,
P134667,3.,P134667_5,igi,IGI,atomic,attested,,
P134667,3.,P134667_6,ge6,MI,atomic,attested,,
P134667,3.,P134667_6,ga,GA,atomic,attested,,
P134667,3.,P134667_7,u3,|IGI.DIB|,atomic,attested,,
P134667,3.,P134667_7,gar,GAR,atomic,attested,,
P134667,3.,P134667_8,ba,BA,atomic,attested,,
P134667,3.,P134667_8,aš2,AŠ₂,atomic,attested,,
P134667,4.,P134667_9,nam,NAM,atomic,attested,,
P134667,4.,P134667_9,en,EN,atomic,attested,,
P134667,4.,P134667_9,li,LI,atomic,attested,,
P134667,4.,P134667_10,uh,UH,atomic,attested,,
P134667,4.,P134667_11,uš,UŠ,atomic,attested,,
P134667,4.,P134667_11,da,DA,atomic,attested,,
P134667,4.,P134667_12,u3,|IGI.DIB|,atomic,attested,,
P134667,4.,P134667_12,da,DA,atomic,attested,,
P134667,4.,P134667_12,hi,HI,atomic,attested,,
P134667,1.,P134667_13,uh,UH,atomic,attested,,
P134667,1.,P134667_14,az,|PIRIG×ZA|,atomic,attested,,
P134667,1.,P134667_15,ba,BA,atomic,attested,,
P134667,1.,P134667_15,aš2,AŠ₂,atomic,attested,,
P225093,3.,P225093_1,dub,DUB,atomic,attested,,
P225093,3.,P225093_1,sar,SAR,atomic,attested,,
P225093,3.,P225093_2,eme,eme,unresolved,,,
P225093,3.,P225093_2,gi7,EŠ₂,atomic,attested,,
P225093,3.,P225093_3,nu,NU,atomic,attested,,
P225093,3.,P225093_3,mu,MU,atomic,attested,,
P225093,3.,P225093_3,un,KALAM@g,atomic,attested,,
P225093,3.,P225093_3,zu,ZU,atomic,attested,,
P225093,3.,P225093_3,a,A,atomic,attested,,
P225093,4.,P225093_4,inim,inim,unresolved,,,
P225093,4.,P225093_5,bala,BAL,atomic,attested,,
P225093,4.,P225093_5,e,E,atomic,attested,,
P225093,4.,P225093_6,me,ME,atomic,attested,,
P225093,4.,P225093_6,da,DA,atomic,attested,,
P225093,4.,P225093_7,he2,|GAN×HI|,compound,attested,OSL,
P225093,4.,P225093_7,em,IM,atomic,attested,,
P225093,4.,P225093_7,tum3,|NIM×GAN₂@t|,atomic,attested,,
P225094,1.,P225094_1,nam,NAM,atomic,attested,,
P225094,1.,P225094_1,gu10,MU,atomic,attested,,
P225094,1.,P225094_2,KA,KA,unresolved,,,
P225094,1.,P225094_2,nam,NAM,atomic,attested,,
P225094,2.,P225094_3,ama,|GA₂×AN|,atomic,attested,,
P225094,2.,P225094_3,gu10,MU,atomic,attested,,
P225094,2.,P225094_4,mu,MU,atomic,attested,,
P225094,2.,P225094_4,da,DA,atomic,attested,,
P225094,2.,P225094_4,kur2,PAP,atomic,attested,,
P225094,3.,P225094_5,nam,NAM,atomic,attested,,
P225094,3.,P225094_5,gu10,MU,atomic,attested,,
P225094,3.,P225094_6,KA,KA,unresolved,,,
P225094,3.,P225094_6,nam,NAM,atomic,attested,,
P225094,4.,P225094_7,ama,|GA₂×AN|,atomic,attested,,
P225094,4.,P225094_7,gu10,MU,atomic,attested,,
P225094,4.,P225094_8,mu,MU,atomic,attested,,
P225094,4.,P225094_8,da,DA,atomic,attested,,
P225094,4.,P225094_8,kur2,PAP,atomic,attested,,
P225102,1.,P225102_1,am,|GUD×KUR|,atomic,attested,,
P225102,1.,P225102_1,si,SI,atomic,attested,,
P225102,1.,P225102_2,gal,GAL,atomic,attested,,
P225102,1.,P225102_2,gal-zu,|GAL.ZU|,compound,attested,OSL,
P225102,2.,P225102_3,ma,MA,atomic,attested,,
P225102,2.,P225102_3,ra,RA,atomic,attested,,
P225102,2.,P225102_3,an,AN,atomic,attested,,
P225102,2.,P225102_3,gi4,GI₄,atomic,attested,,
P225102,2.,P225102_3,gi4,GI₄,atomic,attested,,
P225102,2.,P225102_3,de3,NE,atomic,attested,,
P225102,3.,P225102_4,am(GUD),am(GUD),unresolved,,,
P225102,3.,P225102_4,si,SI,atomic,attested,,
P225102,3.,P225102_5,gal,GAL,atomic,attested,,
P225102,3.,P225102_5,gal-zu,|GAL.ZU|,compound,attested,OSL,
P225102,4.,P225102_6,ma,MA,atomic,attested,,
P225102,4.,P225102_6,ra,RA,atomic,attested,,
P225102,4.,P225102_6,an,AN,atomic,attested,,
P225102,4.,P225102_6,gi4,GI₄,atomic,attested,,
P225102,4.,P225102_6,gi4,GI₄,atomic,attested,,
P225102,4.,P225102_6,de3,NE,atomic,attested,,
P323974,1.,P323974_1,nun,NUN,atomic,attested,,
P323974,1.,P323974_2,e2,E₂,atomic,attested,,
P323974,1.,P323974_2,nun,NUN,atomic,attested,,
P323974,1.,P323974_2,ta,TA,atomic,attested,,
P323974,1.,P323974_3,e3,e3,unresolved,,,
P323974,1.,P323974_3,da,DA,atomic,attested,,
P323974,1.,P323974_3,ni,NI,atomic,attested,,
P323974,1.,P323974_4,utu,UD,atomic,attested,,
P323974,1.,P323974_5,zu2,zu2,unresolved,,,
P323974,1.,P323974_6,ma,MA,atomic,attested,,
P323974,1.,P323974_6,la2,LAL,atomic,attested,,
P323974,1.,P323974_7,eš3,AB,atomic,attested,,
P323974,1.,P323974_7,eš3,AB,atomic,attested,,
P323974,1.,P323974_8,abzu,ABZU,atomic,attested,,
P323974,2.,P323974_9,nun,NUN,atomic,attested,,
P323974,2.,P323974_10,e2,E₂,atomic,attested,,
P323974,2.,P323974_10,nun,NUN,atomic,attested,,
P323974,2.,P323974_10,ta,TA,atomic,attested,,
P323974,2.,P323974_11,e3,e3,unresolved,,,
P323974,2.,P323974_11,da,DA,atomic,attested,,
P323974,2.,P323974_11,ni,NI,atomic,attested,,
P323974,2.,P323974_12,x,X,atomic,attested,,d
P323974,2.,P323974_13,zu2,zu2,unresolved,,,
P323974,2.,P323974_14,ma,MA,atomic,attested,,
P323974,2.,P323974_14,la2,LAL,atomic,attested,,
P323974,2.,P323974_15,eš3,AB,atomic,attested,,
P323974,2.,P323974_15,eš3,AB,atomic,attested,,
P323974,2.,P323974_16,abzu,ABZU,atomic,attested,,
P323974,3.,P323974_17,nun,NUN,atomic,attested,,
P323974,3.,P323974_18,e2,E₂,atomic,attested,,
P323974,3.,P323974_18,nun,NUN,atomic,attested,,
P323974,3.,P323974_18,ta,TA,atomic,attested,,
P323974,3.,P323974_19,e3,e3,unresolved,,,
P323974,3.,P323974_19,da,DA,atomic,attested,,
P323974,3.,P323974_19,ni,NI,atomic,attested,,
P323974,3.,P323974_20,uraš,IB,atomic,attested,,d
P323974,3.,P323974_21,zu2,zu2,unresolved,,,
P323974,3.,P323974_22,ma,MA,atomic,attested,,
P323974,3.,P323974_22,la2,LAL,atomic,attested,,
P329105,1.,P329105_1,hul3,|GIŠ%GIŠ|,atomic,attested,,
P329105,1.,P329105_1,gig,GIG,atomic,attested,,
P329105,1.,P329105_1,ša3,ŠA₃,atomic,attested,,
P329105,2.,P329105_2,UŠ,UŠ,atomic,attested,,
P329105,2.,P329105_3,…,…,broken,,,
P329105,2.,P329105_4,KA,KA,unresolved,,,
P329105,2.,P329105_4,KA,KA,unresolved,,,
P329105,3.,P329105_5,x,X,atomic,attested,,
P329105,3.,P329105_6,…,…,broken,,,
P329105,3.,P329105_7,ba,BA,atomic,attested,,
P329105,3.,P329105_7,sa6,sa6,unresolved,,,
P329105,4.,P329105_8,mu,MU,atomic,attested,,
P329105,1.,P329105_9,…,…,broken,,,
P329105,1.,P329105_9,sa6,sa6,unresolved,,,
P329105,1.,P329105_9,ga,GA,atomic,attested,,
P279734,1'.,P279734_1,x,X,atomic,attested,,
P279734,1'.,P279734_2,…,…,broken,,,
P279734,2'.,P279734_3,i7,i7,unresolved,,,
P279734,2'.,P279734_3,x,X,atomic,attested,,
P279734,2'.,P279734_4,…,…,broken,,,
P279734,3'.,P279734_5,a,A,atomic,attested,,
P279734,3'.,P279734_5,ša3,ŠA₃,atomic,attested,,
P279734,3'.,P279734_5,ga,GA,atomic,attested,,
P279734,3'.,P279734_6,x,X,atomic,attested,,
P279734,3'.,P279734_7,…,…,broken,,,
P279734,3'.,P279734_8,x,X,atomic,attested,,ki
P279734,3'.,P279734_8,…,…,broken,,,ki
P279734,4'.,P279734_9,ambar,ambar,unresolved,,,
P279734,4'.,P279734_9,a,A,atomic,attested,,
P279734,4'.,P279734_10,ku6,HA,atomic,attested,,
P279734,4'.,P279734_10,da,DA,atomic,attested,,
P279734,4'.,P279734_11,suhur,SUHUR,atomic,attested,,ku6
P279734,4'.,P279734_12,mu,MU,atomic,attested,,
P279734,4'.,P279734_12,na,NA,atomic,attested,,
P279734,4'.,P279734_12,da,DA,atomic,attested,,
P279734,4'.,P279734_12,x,X,atomic,attested,,
P279734,4'.,P279734_13,uri2,URI2,atomic,attested,,ki
P279734,4'.,P279734_13,še3,EŠ₂,atomic,attested,,ki
P279734,4'.,P279734_14,ba,BA,atomic,attested,,
P279734,4'.,P279734_14,gin,DU,atomic,attested,,
P279734,5'.,P279734_15,geš,GIŠ,atomic,attested,,
P279734,5'.,P279734_15,gi,GI,atomic,attested,,
P279734,5'.,P279734_15,a,A,atomic,attested,,
P279734,5'.,P279734_16,gi,GI,atomic,attested,,
P279734,5'.,P279734_16,sun,TIL,atomic,attested,,
P279734,5'.,P279734_17,gi,GI,atomic,attested,,
P279734,5'.,P279734_17,henbur,KAK,atomic,attested,,
P279734,5'.,P279734_18,mu,MU,atomic,attested,,
P279734,5'.,P279734_18,na,NA,atomic,attested,,
P279734,5'.,P279734_18,da,DA,atomic,attested,,
P279734,5'.,P279734_18,x,X,atomic,attested,,
P279734,5'.,P279734_19,uri2,URI2,atomic,attested,,ki
P279734,5'.,P279734_19,še3,EŠ₂,atomic,attested,,ki
P279734,5'.,P279734_20,ba,BA,atomic,attested,,
P279734,5'.,P279734_20,gin,DU,atomic,attested,,
P279734,6'.,P279734_21,tir,|ŠE.NUN&NUN|,atomic,attested,,
P279734,6'.,P279734_21,tir,|ŠE.NUN&NUN|,atomic,attested,,
P279734,6'.,P279734_21,ra,RA,atomic,attested,,
P279734,6'.,P279734_22,…,…,broken,,,
P279734,6'.,P279734_23,mu,MU,atomic,attested,,
P279734,6'.,P279734_23,…,…,broken,,,
P209784,1.,P209784_1,nig2,GAR,atomic,attested,,
P209784,1.,P209784_1,šu,ŠU,atomic,attested,,
P209784,1.,P209784_2,gal2,IG,atomic,attested,,
P209784,1.,P209784_2,la,LA,atomic,attested,,
P209784,1.,P209784_2,ni,NI,atomic,attested,,
P209784,2.,P209784_3,i,I,atomic,attested,,
P209784,2.,P209784_3,bi2,NE,atomic,attested,,
P209784,2.,P209784_3,gin7,DIM₂,atomic,attested,,
P209784,3.,P209784_4,an,AN,atomic,attested,,
P209784,3.,P209784_4,še3,EŠ₂,atomic,attested,,
P209784,3.,P209784_5,ba,BA,atomic,attested,,
P209784,3.,P209784_5,e3,e3,unresolved,,,
P209784,3.,P209784_5,de3,NE,atomic,attested,,
P209784,1.,P209784_6,nig2,GAR,atomic,attested,,
P209784,1.,P209784_6,šu,ŠU,atomic,attested,,
P209784,1.,P209784_7,gal2,IG,atomic,attested,,
P209784,1.,P209784_7,la,LA,atomic,attested,,
P209784,1.,P209784_7,ni,NI,atomic,attested,,
P209784,2.,P209784_8,i,I,atomic,attested,,
P209784,2.,P209784_8,bi2,NE,atomic,attested,,
P209784,2.,P209784_8,gin7,DIM₂,atomic,attested,,
P209784,3.,P209784_9,an,AN,atomic,attested,,
P209784,3.,P209784_9,še3,EŠ₂,atomic,attested,,
P209784,3.,P209784_10,ba,BA,atomic,attested,,
P209784,3.,P209784_10,e3,e3,unresolved,,,
P209784,3.,P209784_10,de3,NE,atomic,attested,,
P262852,1-2.,P262852_1,li,LI,atomic,attested,,d
P262852,1-2.,P262852_1,pi2,BI,atomic,attested,,d
P262852,1-2.,P262852_1,it,A₂,atomic,attested,,d
P262852,1-2.,P262852_1,eš18-dar,|AŠ@t.DAR|,compound,attested,OSL,d
P262852,1-2.,P262852_2,a2,A₂,atomic,attested,,
P262852,1-2.,P262852_3,nun,NUN,atomic,attested,,
P262852,1-2.,P262852_4,hu,HU,atomic,attested,,
P262852,1-2.,P262852_4,mu,MU,atomic,attested,,
P262852,1-2.,P262852_4,te,te,unresolved,,,
P262852,1-2.,P262852_4,gal2,IG,atomic,attested,,
P262852,3-4.,P262852_5,li,LI,atomic,attested,,d
P262852,3-4.,P262852_5,pi2,BI,atomic,attested,,d
P262852,3-4.,P262852_5,it,A₂,atomic,attested,,d
P262852,3-4.,P262852_5,eš18-dar,|AŠ@t.DAR|,compound,attested,OSL,d
P262852,3-4.,P262852_6,a2,A₂,atomic,attested,,
P262852,3-4.,P262852_7,nun,NUN,atomic,attested,,
P262852,3-4.,P262852_8,hu,HU,atomic,attested,,
P262852,3-4.,P262852_8,mu,MU,atomic,attested,,
P262852,3-4.,P262852_8,te,te,unresolved,,,
P262852,3-4.,P262852_8,gal2,IG,atomic,attested,,
P260391,1.,P260391_1,nisaba,|ŠE.NAGA|,compound,attested,OSL,d
P260391,1.,P260391_1,ke4,KID,atomic,attested,,d
P260391,1.,P260391_2,šu,ŠU,atomic,attested,,
P260391,1.,P260391_3,dagal,|GA₂×AN|,atomic,attested,,
P260391,1.,P260391_4,ma,MA,atomic,attested,,
P260391,1.,P260391_4,ra,RA,atomic,attested,,
P260391,1.,P260391_4,an,AN,atomic,attested,,
P260391,1.,P260391_4,du11,du11,unresolved,,,
P260391,2-3.,P260391_5,li,LI,atomic,attested,,d
P260391,2-3.,P260391_5,pi2,BI,atomic,attested,,d
P260391,2-3.,P260391_5,it,A₂,atomic,attested,,d
P260391,2-3.,P260391_5,eš18-dar,|AŠ@t.DAR|,compound,attested,OSL,d
P260391,2-3.,P260391_6,dumu,TUR,atomic,attested,,
P260391,2-3.,P260391_7,en,EN,atomic,attested,,d
P260391,2-3.,P260391_7,lil2,KID,atomic,attested,,d
P260391,2-3.,P260391_7,la2,LAL,atomic,attested,,d
P260391,2-3.,P260391_7,me,ME,atomic,attested,,d
P260391,2-3.,P260391_7,en,EN,atomic,attested,,d
P260391,4.,P260391_8,nisaba,|ŠE.NAGA|,compound,attested,OSL,d
P260391,4.,P260391_8,ke4,KID,atomic,attested,,d
P260391,4.,P260391_9,šu,ŠU,atomic,attested,,
P260391,4.,P260391_10,dagal,|GA₂×AN|,atomic,attested,,
P260391,4.,P260391_11,ma,MA,atomic,attested,,
P260391,4.,P260391_11,ra,RA,atomic,attested,,
P260391,4.,P260391_11,an,AN,atomic,attested,,
P260391,4.,P260391_11,du11,du11,unresolved,,,
P260391,5-6.,P260391_12,li,LI,atomic,attested,,d
P260391,5-6.,P260391_12,pi2,BI,atomic,attested,,d
P260391,5-6.,P260391_12,it,A₂,atomic,attested,,d
P260391,5-6.,P260391_12,eš18-dar,|AŠ@t.DAR|,compound,attested,OSL,d
P260391,5-6.,P260391_13,dumu,TUR,atomic,attested,,
P260391,5-6.,P260391_14,en,EN,atomic,attested,,d
P260391,5-6.,P260391_14,lil2,KID,atomic,attested,,d
P260391,5-6.,P260391_14,la2,LAL,atomic,attested,,d
P260391,5-6.,P260391_14,me,ME,atomic,attested,,d
P260391,5-6.,P260391_14,en,EN,atomic,attested,,d
P262849,1-2.,P262849_1,nusku,nusku,unresolved,,,d
P262849,1-2.,P262849_2,sukkal,LUH,atomic,attested,,
P262849,1-2.,P262849_3,mah,MAH,atomic,attested,,
P262849,1-2.,P262849_4,a2,A₂,atomic,attested,,
P262849,1-2.,P262849_4,tah,|MU&MU|,atomic,attested,,
P262849,1-2.,P262849_5,inim,inim,unresolved,,,
P262849,1-2.,P262849_5,ma,MA,atomic,attested,,
P262849,1-2.,P262849_5,zu,ZU,atomic,attested,,
P262849,1-2.,P262849_5,um,UM,atomic,attested,,
P262849,3-4.,P262849_6,nusku,nusku,unresolved,,,d
P262849,3-4.,P262849_7,sukkal,LUH,atomic,attested,,
P262849,3-4.,P262849_8,mah,MAH,atomic,attested,,
P262849,3-4.,P262849_9,a2,A₂,atomic,attested,,
P262849,3-4.,P262849_9,tah,|MU&MU|,atomic,attested,,
P262849,3-4.,P262849_10,inim,inim,unresolved,,,
P262849,3-4.,P262849_10,ma,MA,atomic,attested,,
P262849,3-4.,P262849_10,zu,ZU,atomic,attested,,
P309728,1.,P309728_1,sipa,SIPA,atomic,attested,,
P309728,1.,P309728_2,igi,IGI,atomic,attested,,
P309728,1.,P309728_2,gal2,IG,atomic,attested,,
P309728,1.,P309728_3,tuku,TUK,atomic,attested,,
P309728,2.,P309728_4,ug3,KALAM@g,atomic,attested,,
P309728,2.,P309728_5,lah5,|DU.DU|,compound,attested,OSL,
P309728,2.,P309728_5,lah5,|DU.DU|,compound,attested,OSL,
P228765,1'-2'.,P228765_1,gissu,|GIŠ.MI|,compound,attested,OSL,
P228765,1'-2'.,P228765_2,du10,HI,atomic,attested,,
P228765,1'-2'.,P228765_2,ga,GA,atomic,attested,,
P228765,1'-2'.,P228765_3,ug3,KALAM@g,atomic,attested,,
P228765,1'-2'.,P228765_3,e,E,atomic,attested,,
P228765,1'-2'.,P228765_4,ni2,NI₂,atomic,attested,,
P228765,1'-2'.,P228765_5,dub2,DUB₂,atomic,attested,,
P228765,1'-2'.,P228765_5,bu,BU,atomic,attested,,
P228765,1'.,P228765_6,nin,|SAL.TUG₂|,atomic,attested,,
P228765,1'.,P228765_6,da,DA,atomic,attested,,
P228765,1'.,P228765_6,da,DA,atomic,attested,,
P228765,2'.,P228765_7,nin,|SAL.TUG₂|,atomic,attested,,
P228765,2'.,P228765_7,ib2,TUM,atomic,attested,,
P228765,2'.,P228765_7,da,DA,atomic,attested,,
P228765,3'.,P228765_8,nin,|SAL.TUG₂|,atomic,attested,,
P228765,3'.,P228765_8,x,X,atomic,attested,,
P228765,3'.,P228765_8,x,X,atomic,attested,,
P228765,4'.,P228765_9,nin,|SAL.TUG₂|,atomic,attested,,
P228765,4'.,P228765_9,x,X,atomic,attested,,
P228765,4'.,P228765_9,x,X,atomic,attested,,
P228765,1'.,P228765_10,nin,|SAL.TUG₂|,atomic,attested,,
P228765,1'.,P228765_10,…,…,broken,,,
P228765,2'.,P228765_11,nin,|SAL.TUG₂|,atomic,attested,,
P228765,2'.,P228765_11,…,…,broken,,,
P279551,1'.,P279551_1,e2,E₂,atomic,attested,,
P279551,1'.,P279551_1,an-na,|AN.NA|,compound,attested,OSL,
P279551,1'.,P279551_1,ka,ka,unresolved,,,
P279551,1'.,P279551_1,ta,TA,atomic,attested,,
P279551,2'.,P279551_2,ša3,ŠA₃,atomic,attested,,
P279551,2'.,P279551_3,hul2,hul2,unresolved,,,
P279551,2'.,P279551_3,la,LA,atomic,attested,,
P279551,2'.,P279551_4,geš,GIŠ,atomic,attested,,
P279551,2'.,P279551_4,šub,RU,atomic,attested,,
P279551,2'.,P279551_4,ba,BA,atomic,attested,,
P279551,2'.,P279551_4,za,ZA,atomic,attested,,
P279551,2'.,P279551_5,mi,MI,atomic,attested,,
P279551,2'.,P279551_5,ni,NI,atomic,attested,,
P279551,2'.,P279551_5,in,IN,atomic,attested,,
P279551,2'.,P279551_5,gar,GAR,atomic,attested,,
P279551,3'.,P279551_6,ki,KI,atomic,attested,,
P279551,3'.,P279551_6,nu2,NA₂,atomic,attested,,
P279551,3'.,P279551_7,du10,HI,atomic,attested,,
P279551,3'.,P279551_7,du10,HI,atomic,attested,,
P279551,3'.,P279551_7,ga,GA,atomic,attested,,
P279551,3'.,P279551_7,ni,NI,atomic,attested,,
P279551,4'.,P279551_8,gal,GAL,atomic,attested,,
P279551,4'.,P279551_8,bi,BI,atomic,attested,,
P279551,4'.,P279551_9,bi2,NE,atomic,attested,,
P279551,4'.,P279551_9,in,IN,atomic,attested,,
P279551,4'.,P279551_9,DU,DU,atomic,attested,,
P279551,4'.,P279551_9,x,X,atomic,attested,,
P279551,4'.,P279551_10,gi6,MI,atomic,attested,,
P279551,4'.,P279551_10,u3,|IGI.DIB|,atomic,attested,,
P279551,4'.,P279551_10,na,NA,atomic,attested,,
P279551,4'.,P279551_11,mu,MU,atomic,attested,,
P279551,4'.,P279551_11,na,NA,atomic,attested,,
P279551,4'.,P279551_11,ni,NI,atomic,attested,,
P279551,4'.,P279551_11,x,X,atomic,attested,,
P279551,1'-2'.,P279551_12,li,LI,atomic,attested,,d
P279551,1'-2'.,P279551_12,pi2,BI,atomic,attested,,d
P279551,1'-2'.,P279551_12,it,A₂,atomic,attested,,d
P279551,1'-2'.,P279551_12,eš18-dar,|AŠ@t.DAR|,compound,attested,OSL,d
P279551,1'-2'.,P279551_13,lugal,LUGAL,atomic,attested,,
P279551,1'-2'.,P279551_14,i3,NI,atomic,attested,,ki
P279551,1'-2'.,P279551_14,si,SI,atomic,attested,,ki
P279551,1'-2'.,P279551_14,in,IN,atomic,attested,,ki
P279551,1'-2'.,P279551_14,na,NA,atomic,attested,,ki
P279551,1'-2'.,P279551_15,lugal,LUGAL,atomic,attested,,
P279551,1'-2'.,P279551_16,ki,KI,atomic,attested,,
P279551,1'-2'.,P279551_16,en,EN,atomic,attested,,
P279551,1'-2'.,P279551_16,gi,GI,atomic,attested,,
P279551,1'-2'.,P279551_17,ki,KI,atomic,attested,,
P279551,1'-2'.,P279551_17,uri,URI,atomic,attested,,
P279551,1'-2'.,P279551_17,me,ME,atomic,attested,,
P279551,1'-2'.,P279551_17,en,EN,atomic,attested,,
P279551,3'.,P279551_18,nibru,nibru,unresolved,,,ki
P279551,3'.,P279551_18,še3,EŠ₂,atomic,attested,,ki
P279551,3'.,P279551_19,dub,DUB,atomic,attested,,
P279551,3'.,P279551_20,sar,SAR,atomic,attested,,
P279551,3'.,P279551_20,re,RI,atomic,attested,,
P279551,3'.,P279551_20,me,ME,atomic,attested,,
P279551,3'.,P279551_20,en,EN,atomic,attested,,
P279551,4'-5'.,P279551_21,e2,E₂,atomic,attested,,
P279551,4'-5'.,P279551_21,kur,KUR,atomic,attested,,
P279551,4'-5'.,P279551_21,re,RI,atomic,attested,,
P279551,4'-5'.,P279551_22,e2,E₂,atomic,attested,,
P279551,4'-5'.,P279551_23,en,EN,atomic,attested,,d
P279551,4'-5'.,P279551_23,lil2,KID,atomic,attested,,d
P279551,4'-5'.,P279551_23,la2,LAL,atomic,attested,,d
P279551,4'-5'.,P279551_23,še3,EŠ₂,atomic,attested,,d
P279551,4'-5'.,P279551_24,li,LI,atomic,attested,,d
P279551,4'-5'.,P279551_24,pi2,BI,atomic,attested,,d
P279551,4'-5'.,P279551_24,it,A₂,atomic,attested,,d
P279551,4'-5'.,P279551_24,eš18-dar,|AŠ@t.DAR|,compound,attested,OSL,d
P279551,4'-5'.,P279551_25,sag,SAG,atomic,attested,,
P279551,4'-5'.,P279551_25,us2,UŠ,atomic,attested,,
P279551,4'-5'.,P279551_25,bi,BI,atomic,attested,,
P279551,4'-5'.,P279551_26,za,ZA,atomic,attested,,
P279551,4'-5'.,P279551_26,me,ME,atomic,attested,,
P279551,4'-5'.,P279551_26,en,EN,atomic,attested,,
P279551,6'.,P279551_27,en,EN,atomic,attested,,d
P279551,6'.,P279551_27,lil2,KID,atomic,attested,,d
P279551,6'.,P279551_28,nin,|SAL.TUG₂|,atomic,attested,,d
P279551,6'.,P279551_28,lil2,KID,atomic,attested,,d
P279551,6'.,P279551_28,ra,RA,atomic,attested,,d
P279551,6'.,P279551_29,ki,KI,atomic,attested,,
P279551,6'.,P279551_30,ag2,|NINDA₂×NE|,atomic,attested,,
P279551,6'.,P279551_31,ša3,ŠA₃,atomic,attested,,
P279551,6'.,P279551_31,ba,BA,atomic,attested,,
P279551,6'.,P279551_31,me,ME,atomic,attested,,
P279551,6'.,P279551_31,en,EN,atomic,attested,,
P279551,7'.,P279551_32,ur,UR,atomic,attested,,
P279551,7'.,P279551_32,sag,SAG,atomic,attested,,
P279551,7'.,P279551_33,nin,|SAL.TUG₂|,atomic,attested,,d
P279551,7'.,P279551_33,urta,IB,atomic,attested,,d
P279551,7'.,P279551_34,maškim,|PA.DU@s|,compound,attested,OSL,
P279551,7'.,P279551_35,kal,KAL,atomic,attested,,
P279551,7'.,P279551_35,ga,GA,atomic,attested,,
P279551,7'.,P279551_35,zu,ZU,atomic,attested,,
P279551,7'.,P279551_35,um,UM,atomic,attested,,
P279500,1'-2'.,P279500_1,sibir,|U.EN×GAN₂@t|,compound,attested,OSL,
P279500,1'-2'.,P279500_2,šu,ŠU,atomic,attested,,
P279500,1'-2'.,P279500_3,du8,DUH,atomic,attested,,
P279500,1'-2'.,P279500_4,sag,SAG,atomic,attested,,
P279500,1'-2'.,P279500_4,ge6,MI,atomic,attested,,
P279500,1'-2'.,P279500_4,ga,GA,atomic,attested,,
P279500,1'.,P279500_5,…,…,broken,,,
P279500,1'.,P279500_5,kam,|HI×BAD|,atomic,attested,,
P279500,2'.,P279500_6,…,…,broken,,,
P279500,2'.,P279500_6,du7,DU7,atomic,attested,,
P279500,3'.,P279500_7,…,…,broken,,,
P279500,3'.,P279500_7,x,X,atomic,attested,,
P279500,1'.,P279500_8,nin,|SAL.TUG₂|,atomic,attested,,
P279500,1'.,P279500_9,x,X,atomic,attested,,d
P279500,1'.,P279500_9,…,…,broken,,,d
P279500,2'.,P279500_10,aga,DUN₃@g@g,atomic,attested,,
P279500,2'.,P279500_11,…,…,broken,,,
P279500,3'.,P279500_12,x,X,atomic,attested,,
P279500,3'.,P279500_13,…,…,broken,,,
P429529,1.,P429529_1,lugal,LUGAL,atomic,attested,,
P429529,1.,P429529_1,mu,MU,atomic,attested,,
P429529,1.,P429529_2,en,EN,atomic,attested,,
P429529,1.,P429529_3,an-na,|AN.NA|,compound,attested,OSL,
P429529,1.,P429529_4,šu,ŠU,atomic,attested,,
P429529,1.,P429529_5,du7,DU7,atomic,attested,,
P429529,2.,P429529_6,SUG,SUG,atomic,attested,,
P429529,2.,P429529_7,a,A,atomic,attested,,
P429529,2.,P429529_7,ri,RI,atomic,attested,,
P429529,2.,P429529_7,a,A,atomic,attested,,
P429529,2.,P429529_8,e2,E₂,atomic,attested,,
P429529,2.,P429529_9,bi2,NE,atomic,attested,,
P429529,2.,P429529_9,in,IN,atomic,attested,,
P429529,2.,P429529_9,du3,KAK,atomic,attested,,
P346344,1.,P346344_1,inim,inim,unresolved,,,
P346344,1.,P346344_2,du14,du14,unresolved,,,
P346344,1.,P346344_2,da,DA,atomic,attested,,
P346344,1.,P346344_2,ka,ka,unresolved,,,
P346344,2.,P346344_3,nam,NAM,atomic,attested,,
P346344,2.,P346344_3,šeš,ŠEŠ,atomic,attested,,
P346344,2.,P346344_3,e,E,atomic,attested,,
P346344,2.,P346344_4,mu,MU,atomic,attested,,
P346344,2.,P346344_4,un,KALAM@g,atomic,attested,,
P346344,2.,P346344_4,dim2,DIM₂,atomic,attested,,
P346344,2.,P346344_4,dim2,DIM₂,atomic,attested,,
P346344,3.,P346344_5,ki,KI,atomic,attested,,
P346344,3.,P346344_6,inim,inim,unresolved,,,
P346344,3.,P346344_6,ma,MA,atomic,attested,,
P346344,3.,P346344_6,ka,ka,unresolved,,,
P346344,4.,P346344_7,nam,NAM,atomic,attested,,
P346344,4.,P346344_7,ku,KU,atomic,attested,,
P346344,4.,P346344_7,li,LI,atomic,attested,,
P346344,4.,P346344_8,ba,BA,atomic,attested,,
P346344,4.,P346344_8,an,AN,atomic,attested,,
P346344,4.,P346344_8,zu,ZU,atomic,attested,,
P346344,4.,P346344_8,zu,ZU,atomic,attested,,
P323467,1.,P323467_1,…,…,broken,,,
P323467,2.,P323467_2,x,X,atomic,attested,,
P323467,2.,P323467_3,UD,UD,atomic,attested,,
P323467,2.,P323467_3,UD,UD,atomic,attested,,
P323467,2.,P323467_4,…,…,broken,,,
P323467,3.,P323467_5,e2,E₂,atomic,attested,,
P323467,3.,P323467_5,munu4,|PAP.PAP|,compound,attested,OSL,
P323467,3.,P323467_6,x,X,atomic,attested,,
P323467,3.,P323467_7,x,X,atomic,attested,,
P323467,4.,P323467_8,x,X,atomic,attested,,
P323467,4.,P323467_8,gu,GU,atomic,attested,,
P323467,4.,P323467_8,x,X,atomic,attested,,
P323467,4.,P323467_8,li,LI,atomic,attested,,
P323467,5.,P323467_9,ta2,DA,atomic,attested,,
P323467,5.,P323467_9,ka2,KA₂,atomic,attested,,
P323467,5.,P323467_9,li,LI,atomic,attested,,
P323467,5.,P323467_9,li,LI,atomic,attested,,
P323467,6.,P323467_10,dam,DAM,atomic,attested,,
P323467,6.,P323467_11,dur2,dur2,unresolved,,,
P323467,6.,P323467_11,ra,RA,atomic,attested,,
P323467,6.,P323467_11,ni,NI,atomic,attested,,
P323467,6.,P323467_11,du10,HI,atomic,attested,,
P323467,7.,P323467_12,ama,|GA₂×AN|,atomic,attested,,
P323467,7.,P323467_13,ka5,LUL,atomic,attested,,
P323467,7.,P323467_13,a,A,atomic,attested,,
P323467,7.,P323467_14,nar,LUL,atomic,attested,,
P323467,8.,P323467_15,dim2,DIM₂,atomic,attested,,
P323467,8.,P323467_16,dam,DAM,atomic,attested,,
P323467,8.,P323467_17,dur2,dur2,unresolved,,,
P323467,8.,P323467_17,du10,HI,atomic,attested,,
P323467,1'.,P323467_18,…,…,broken,,,
P323467,1'.,P323467_18,na,NA,atomic,attested,,
P323467,1'.,P323467_18,…,…,broken,,,
P323467,2'.,P323467_19,GA2,GA₂,atomic,attested,,d
P323467,2'.,P323467_19,nanna,nanna,unresolved,,,d
P323467,3'.,P323467_20,gu4,GUD,atomic,attested,,
P323467,3'.,P323467_20,an,AN,atomic,attested,,
P323467,3'.,P323467_20,še3,EŠ₂,atomic,attested,,
P323467,3'.,P323467_21,gal2,IG,atomic,attested,,
P323467,4'.,P323467_22,li,LI,atomic,attested,,
P323467,4'.,P323467_22,EZEM,EZEN,atomic,attested,,
P323467,4'.,P323467_22,EZEM,EZEN,atomic,attested,,
P323467,5'.,P323467_23,gu4,GUD,atomic,attested,,
P323467,5'.,P323467_24,DU,DU,atomic,attested,,
P323467,5'.,P323467_24,DU,DU,atomic,attested,,
P323467,6'.,P323467_25,x,X,atomic,attested,,
P323467,6'.,P323467_25,x,X,atomic,attested,,
P323467,6'.,P323467_25,x,X,atomic,attested,,
P323467,6'.,P323467_25,x,X,atomic,attested,,
P323467,1'.,P323467_26,nanna,nanna,unresolved,,,d
P323467,2'.,P323467_27,nanna,nanna,unresolved,,,d
P323467,3'.,P323467_28,GA2,GA₂,atomic,attested,,d
P323467,3'.,P323467_28,nanna,nanna,unresolved,,,d
P323467,4'.,P323467_29,…,…,broken,,,
P323467,1'.,P323467_30,…,…,broken,,,
P323467,1'.,P323467_30,DU,DU,atomic,attested,,
P323467,1'.,P323467_30,kam,|HI×BAD|,atomic,attested,,
P323467,2'.,P323467_31,x,X,atomic,attested,,
P323467,2'.,P323467_31,x,X,atomic,attested,,
P323467,2'.,P323467_32,dam,DAM,atomic,attested,,
P323467,2'.,P323467_32,zu,ZU,atomic,attested,,
P323468,1.,P323468_1,x,X,atomic,attested,,
P323468,1.,P323468_1,me,ME,atomic,attested,,
P323468,1.,P323468_2,4(diš@t),4(diš@t),numeral,,,
P323468,2.,P323468_3,LUH,LUH,atomic,attested,,
P323468,2.,P323468_3,a,A,atomic,attested,,
P323468,3.,P323468_4,ŠE3,EŠ₂,atomic,attested,,
P323468,3.,P323468_5,ša3,ŠA₃,atomic,attested,,
P323468,3.,P323468_5,ge,GI,atomic,attested,,
P323468,3.,P323468_6,bi2,NE,atomic,attested,,
P323468,3.,P323468_6,zu,ZU,atomic,attested,,
P323468,4.,P323468_7,ŠE3,EŠ₂,atomic,attested,,
P323468,4.,P323468_8,iri,URU,atomic,attested,,
P323468,4.,P323468_9,igi,IGI,atomic,attested,,
P323468,4.,P323468_10,lu2,LU₂,atomic,attested,,
P323468,4.,P323468_10,ma2,MA₂,atomic,attested,,
P323468,4.,P323468_10,lah3(LUH),lah3(LUH),unresolved,,,
P323468,5.,P323468_11,geš,GIŠ,atomic,attested,,
P323468,5.,P323468_12,bi2,NE,atomic,attested,,
P323468,5.,P323468_12,HUB2,HUB2,unresolved,,,
P323468,6.,P323468_13,lugal,LUGAL,atomic,attested,,
P323468,6.,P323468_14,igi,IGI,atomic,attested,,
P323468,6.,P323468_15,til,TIL,atomic,attested,,
P323468,6.,P323468_16,bar,BAR,atomic,attested,,
P323468,6.,P323468_16,ra,RA,atomic,attested,,
P323468,6.,P323468_16,zu,ZU,atomic,attested,,
P323468,7.,P323468_17,ša3,ŠA₃,atomic,attested,,
P323468,7.,P323468_18,igi,IGI,atomic,attested,,
P323468,7.,P323468_18,še3@90,še3@90,unresolved,,,
P323468,7.,P323468_19,he2,|GAN×HI|,compound,attested,OSL,
P323468,7.,P323468_19,tuku,TUK,atomic,attested,,
P323468,8.,P323468_20,PA,PA,atomic,attested,,
P323468,8.,P323468_21,geš,GIŠ,atomic,attested,,
P323468,8.,P323468_22,ma,MA,atomic,attested,,
P323468,8.,P323468_22,du11,du11,unresolved,,,
P323468,9.,P323468_23,kiri6,SAR,atomic,attested,,
P323468,9.,P323468_24,bi2,NE,atomic,attested,,
P323468,9.,P323468_24,nu2,NA₂,atomic,attested,,
P323468,1.,P323468_25,x,X,atomic,attested,,
P323468,1.,P323468_26,SU,SU,atomic,attested,,
P323468,1.,P323468_26,BUR,BUR,atomic,attested,,
P323468,1.,P323468_27,la,LA,atomic,attested,,
P323468,1.,P323468_27,ri,RI,atomic,attested,,
P323468,1.,P323468_27,ta,TA,atomic,attested,,
P323468,2.,P323468_28,ne,NE,atomic,attested,,
P323468,2.,P323468_28,sag,SAG,atomic,attested,,
P323468,3.,P323468_29,kiri6,SAR,atomic,attested,,
P323468,3.,P323468_30,al,AL,atomic,attested,,
P323468,3.,P323468_30,sa6,sa6,unresolved,,,
P323468,4.,P323468_31,lu2,LU₂,atomic,attested,,
P323468,4.,P323468_32,nu,NU,atomic,attested,,
P323468,4.,P323468_32,ma,MA,atomic,attested,,
P323468,4.,P323468_32,ma,MA,atomic,attested,,
P323468,5.,P323468_33,sikil,EL,atomic,attested,,
P323468,5.,P323468_34,al,AL,atomic,attested,,
P323468,5.,P323468_34,sa6,sa6,unresolved,,,
P323468,6.,P323468_35,lu2,LU₂,atomic,attested,,
P323468,6.,P323468_36,na,NA,atomic,attested,,
P323468,6.,P323468_36,da,DA,atomic,attested,,
P323468,6.,P323468_36,nu2,NA₂,atomic,attested,,
P323468,1.,P323468_37,MUŠ,MUŠ,atomic,attested,,
P323468,1.,P323468_38,AN,AN,atomic,attested,,
P323468,2.,P323468_39,APIN,APIN,atomic,attested,,
P323468,2.,P323468_40,GA2,GA₂,atomic,attested,,
P323468,3.,P323468_41,anše,ANŠE,atomic,attested,,
P323468,3.,P323468_42,geš,GIŠ,atomic,attested,,
P323468,3.,P323468_42,gi,GI,atomic,attested,,
P323468,4.,P323468_43,x,X,atomic,attested,,
P323468,4.,P323468_44,x,X,atomic,attested,,
P323468,4.,P323468_45,x,X,atomic,attested,,
P323472,1.,P323472_1,nam,NAM,atomic,attested,,
P323472,1.,P323472_1,gi,GI,atomic,attested,,
P323472,2.,P323472_2,mu,MU,atomic,attested,,
P323472,2.,P323472_2,u9,u9,unresolved,,,
P323472,3.,P323472_3,ama,|GA₂×AN|,atomic,attested,,d
P323472,3.,P323472_3,ušumgal,UŠUMGAL,atomic,attested,,d
P323472,4.,P323472_4,nam,NAM,atomic,attested,,
P323472,4.,P323472_4,gi,GI,atomic,attested,,
P323472,5.,P323472_5,mu,MU,atomic,attested,,
P323472,5.,P323472_5,u9,u9,unresolved,,,
P323472,6.,P323472_6,edin,edin,unresolved,,,
P323472,6.,P323472_6,na,NA,atomic,attested,,
P323472,6.,P323472_7,edin,edin,unresolved,,,
P323472,6.,P323472_7,na,NA,atomic,attested,,
P323472,7.,P323472_8,u3,|IGI.DIB|,atomic,attested,,
P323472,7.,P323472_8,mu,MU,atomic,attested,,
P323472,7.,P323472_8,ni,NI,atomic,attested,,
P323472,7.,P323472_8,u9,u9,unresolved,,,
P323472,7.,P323472_8,ge,GI,atomic,attested,,
P323472,7.,P323472_8,de3,NE,atomic,attested,,
P323472,8.,P323472_9,ama,|GA₂×AN|,atomic,attested,,d
P323472,8.,P323472_9,ušumgal,UŠUMGAL,atomic,attested,,d
P323472,1.,P323472_10,edin,edin,unresolved,,,
P323472,1.,P323472_10,na,NA,atomic,attested,,
P323472,2.,P323472_11,u3,|IGI.DIB|,atomic,attested,,
P323472,2.,P323472_11,mu,MU,atomic,attested,,
P323472,2.,P323472_11,ni,NI,atomic,attested,,
P323472,2.,P323472_11,u9,u9,unresolved,,,
P323472,2.,P323472_11,ge,GI,atomic,attested,,
P323472,2.,P323472_11,de3,NE,atomic,attested,,
P369933,1.,P369933_1,šeš,ŠEŠ,atomic,attested,,
P369933,1.,P369933_1,gal,GAL,atomic,attested,,
P369933,1.,P369933_2,e2,E₂,atomic,attested,,
P369933,1.,P369933_3,na,NA,atomic,attested,,
P369933,1.,P369933_3,na,NA,atomic,attested,,
P369933,1.,P369933_4,nin9,|SAL.KU|,atomic,attested,,
P369933,1.,P369933_5,gal,GAL,atomic,attested,,
P369933,1.,P369933_6,ama,|GA₂×AN|,atomic,attested,,
P369933,1.,P369933_7,na,NA,atomic,attested,,
P369933,1.,P369933_7,nam,NAM,atomic,attested,,
P369933,1.,P369933_8,šeš,ŠEŠ,atomic,attested,,eš
P369933,1.,P369933_8,gal,GAL,atomic,attested,,eš
P369933,1.,P369933_9,e2,E₂,atomic,attested,,
P369933,1.,P369933_10,an-na,|AN.NA|,compound,attested,OSL,
P369933,1.,P369933_10,na,NA,atomic,attested,,
P369933,1.,P369933_11,ni,NI,atomic,attested,,
P369933,1.,P369933_11,in,IN,atomic,attested,,
P369933,1.,P369933_11,gal,GAL,atomic,attested,,
P369933,1.,P369933_12,x,X,atomic,attested,,
P369933,1.,P369933_13,dam,DAM,atomic,attested,,
P369933,1.,P369933_14,e2,E₂,atomic,attested,,
P369933,1.,P369933_15,…,…,broken,,,
P279882,1'.,P279882_1,…,…,broken,,,
P279882,1'.,P279882_1,da,DA,atomic,attested,,
P279882,2'.,P279882_2,…,…,broken,,,
P279882,2'.,P279882_3,inanna,MUŠ₃,atomic,attested,,d
P279882,2'.,P279882_3,ra,RA,atomic,attested,,d
P279882,2'.,P279882_4,…,…,broken,,,
P279882,2'.,P279882_4,de3,NE,atomic,attested,,
P279882,2'.,P279882_4,tah,|MU&MU|,atomic,attested,,
P279882,3'.,P279882_5,…,…,broken,,,
P279882,3'.,P279882_6,amaš,|DAG.KISIM₅×(LU.MAŠ₂)|,atomic,attested,,
P279882,3'.,P279882_7,ku3,KU₃,atomic,attested,,
P279882,3'.,P279882_7,ga,GA,atomic,attested,,
P279882,3'.,P279882_8,bulug3,BULUG3,atomic,attested,,
P279882,3'.,P279882_8,ga2,GA₂,atomic,attested,,
P279882,3'.,P279882_9,…,…,broken,,,
P279882,3'.,P279882_9,ke4,KID,atomic,attested,,
P279882,3'.,P279882_10,pa3,PA3,atomic,attested,,
P279882,3'.,P279882_10,da,DA,atomic,attested,,
P279882,4'.,P279882_11,…,…,broken,,,
P279882,4'.,P279882_11,zu,ZU,atomic,attested,,
P279882,4'.,P279882_12,dumu,TUR,atomic,attested,,
P279882,4'.,P279882_13,an-na,|AN.NA|,compound,attested,OSL,
P279882,4'.,P279882_13,me,ME,atomic,attested,,
P279882,4'.,P279882_13,en,EN,atomic,attested,,
P279882,5'.,P279882_14,…,…,broken,,,
P279882,5'.,P279882_15,dingir,AN,atomic,attested,,
P279882,5'.,P279882_15,ra,RA,atomic,attested,,
P279882,5'.,P279882_15,gin7,DIM₂,atomic,attested,,
P254879,1.,P254879_1,galam,GALAM,atomic,attested,,
P254879,1.,P254879_1,da,DA,atomic,attested,,
P254879,1.,P254879_2,us2,UŠ,atomic,attested,,
P254879,1.,P254879_2,a,A,atomic,attested,,
P254879,2.,P254879_3,galam,GALAM,atomic,attested,,
P254879,2.,P254879_3,a,A,atomic,attested,,
P254879,2.,P254879_4,mu,MU,atomic,attested,,
P254879,2.,P254879_4,ni,NI,atomic,attested,,
P254879,2.,P254879_4,in,IN,atomic,attested,,
P254879,2.,P254879_4,zu,ZU,atomic,attested,,
P254879,3.,P254879_5,ku3,KU₃,atomic,attested,,
P254879,3.,P254879_5,zu,ZU,atomic,attested,,
P254879,3.,P254879_5,ta,TA,atomic,attested,,
P254879,3.,P254879_6,us2,UŠ,atomic,attested,,
P254879,3.,P254879_6,a,A,atomic,attested,,
P254879,4.,P254879_7,ku3,KU₃,atomic,attested,,
P254879,4.,P254879_7,zu,ZU,atomic,attested,,
P254879,4.,P254879_8,mu,MU,atomic,attested,,
P254879,4.,P254879_8,ni,NI,atomic,attested,,
P254879,4.,P254879_8,in,IN,atomic,attested,,
P254879,4.,P254879_8,zu,ZU,atomic,attested,,
P254879,1.,P254879_9,4(u),4(u),numeral,,,
P254879,2.,P254879_10,1(diš),1(diš),numeral,,,
P254879,2.,P254879_11,5(u),5(u),numeral,,,
P254879,3.,P254879_12,1(diš),1(diš),numeral,,,
P254879,3.,P254879_13,2(u),2(u),numeral,,,
P254879,4.,P254879_14,3(u),3(u),numeral,,,
P254879,5.,P254879_15,1(diš),1(diš),numeral,,,
P254879,5.,P254879_16,4(u),4(u),numeral,,,
P254879,5.,P254879_17,3(u),3(u),numeral,,,
P254879,5.,P254879_18,6(diš),6(diš),numeral,,,
P254879,1.,P254879_19,1(diš),1(diš),numeral,,,
P254879,1.,P254879_20,4(u),4(u),numeral,,,
P254879,2.,P254879_21,1(diš),1(diš),numeral,,,
P254879,3.,P254879_22,4(u),4(u),numeral,,,
P254879,4.,P254879_23,2(u),2(u),numeral,,,
P254879,4.,P254879_24,5(diš),5(diš),numeral,,,
P254879,4.,P254879_25,2(u),2(u),numeral,,,
P254879,4.,P254879_26,5(diš),5(diš),numeral,,,
P346336,1.,P346336_1,nig2,GAR,atomic,attested,,
P346336,1.,P346336_1,tuku,TUK,atomic,attested,,
P346336,2.,P346336_2,nig2,GAR,atomic,attested,,
P346336,2.,P346336_2,al,AL,atomic,attested,,
P346336,2.,P346336_2,di,DI,atomic,attested,,
P346336,3.,P346336_3,nig2,GAR,atomic,attested,,
P346336,3.,P346336_3,gig,GIG,atomic,attested,,
P346336,4.,P346336_4,dingir,AN,atomic,attested,,
P346336,4.,P346336_4,ra,RA,atomic,attested,,
P346336,4.,P346336_4,kam,|HI×BAD|,atomic,attested,,
P346336,1.,P346336_5,nig2,GAR,atomic,attested,,
P346336,1.,P346336_5,tuku,TUK,atomic,attested,,
P346336,2.,P346336_6,nig2,GAR,atomic,attested,,
P346336,2.,P346336_6,al,AL,atomic,attested,,
P346336,2.,P346336_6,di,DI,atomic,attested,,
P346336,3.,P346336_7,nig2,GAR,atomic,attested,,
P346336,3.,P346336_7,gig,GIG,atomic,attested,,
P346336,4.,P346336_8,dingir,AN,atomic,attested,,
P346336,4.,P346336_8,ra,RA,atomic,attested,,
P346336,4.,P346336_8,kam,|HI×BAD|,atomic,attested,,
P346358,1.,P346358_1,lu2,LU₂,atomic,attested,,
P346358,1.,P346358_2,dingir,AN,atomic,attested,,
P346358,1.,P346358_2,ra,RA,atomic,attested,,
P346358,1.,P346358_2,a,A,atomic,attested,,
P346358,1.,P346358_2,ni,NI,atomic,attested,,
P346358,2.,P346358_3,nu,NU,atomic,attested,,
P346358,2.,P346358_3,mu,MU,atomic,attested,,
P346358,2.,P346358_3,un,KALAM@g,atomic,attested,,
P346358,2.,P346358_3,kal,KAL,atomic,attested,,
P346358,2.,P346358_3,la,LA,atomic,attested,,
P346358,3.,P346358_4,edin,edin,unresolved,,,
P346358,3.,P346358_4,na,NA,atomic,attested,,
P346358,3.,P346358_5,mu,MU,atomic,attested,,
P346358,3.,P346358_5,un,KALAM@g,atomic,attested,,
P346358,3.,P346358_5,šub,RU,atomic,attested,,
P346358,4.,P346358_6,ad6,|LU₂.LAGAB×U|,compound,attested,OSL,
P346358,4.,P346358_6,bi,BI,atomic,attested,,
P346358,4.,P346358_7,nu,NU,atomic,attested,,
P346358,4.,P346358_7,ga2,GA₂,atomic,attested,,
P346358,4.,P346358_7,ga2,GA₂,atomic,attested,,
P346358,5.,P346358_8,ibila,|TUR.UŠ|,compound,attested,OSL,
P346358,5.,P346358_8,a,A,atomic,attested,,
P346358,5.,P346358_8,ni,NI,atomic,attested,,
P346358,5.,P346358_9,alal,|ŠID×A|,atomic,attested,,
P346358,5.,P346358_9,am3,|A.AN|,compound,attested,OSL,
P346358,6.,P346358_10,gidim,gidim,unresolved,,,
P346358,6.,P346358_10,ma,MA,atomic,attested,,
P346358,6.,P346358_10,a,A,atomic,attested,,
P346358,6.,P346358_10,ni,NI,atomic,attested,,
P346358,6.,P346358_11,a,A,atomic,attested,,
P346358,6.,P346358_12,nu,NU,atomic,attested,,
P346358,6.,P346358_12,na8,|KA×A|,atomic,attested,,
P346329,1.,P346329_1,lu2,LU₂,atomic,attested,,
P346329,1.,P346329_1,lu7,|URU×MIN|,atomic,attested,,
P346329,1.,P346329_2,dingir,AN,atomic,attested,,
P346329,1.,P346329_2,da,DA,atomic,attested,,
P346329,1.,P346329_3,nu,NU,atomic,attested,,
P346329,1.,P346329_3,…,…,broken,,,
P346329,2.,P346329_4,a2,A₂,atomic,attested,,
P346329,2.,P346329_4,tuku,TUK,atomic,attested,,
P346329,2.,P346329_5,i,I,atomic,attested,,
P346329,2.,P346329_5,bi2,NE,atomic,attested,,
P346329,2.,P346329_5,za,ZA,atomic,attested,,
P346329,3.,P346329_6,la,LA,atomic,attested,,
P346329,3.,P346329_6,ba,BA,atomic,attested,,
P346329,3.,P346329_6,ši,IGI,atomic,attested,,
P346329,3.,P346329_6,gal2,IG,atomic,attested,,
P346329,3.,P346329_6,e,E,atomic,attested,,
P346330,1.,P346330_1,dingir,AN,atomic,attested,,
P346330,1.,P346330_2,lu2,LU₂,atomic,attested,,
P346330,1.,P346330_2,lu7,|URU×MIN|,atomic,attested,,
P346330,1.,P346330_3,sipa,SIPA,atomic,attested,,
P346330,1.,P346330_4,lu2,LU₂,atomic,attested,,
P346330,1.,P346330_4,lu7,|URU×MIN|,atomic,attested,,
P346330,1.,P346330_4,x,X,atomic,attested,,
P346330,2.,P346330_5,dingir,AN,atomic,attested,,
P346330,2.,P346330_6,li,LI,atomic,attested,,
P346330,2.,P346330_6,bi2,NE,atomic,attested,,
P346330,2.,P346330_6,ib2,TUM,atomic,attested,,
P346330,2.,P346330_6,tak4,TAK₄,atomic,attested,,
P346330,3.,P346330_7,sipa,SIPA,atomic,attested,,
P346330,3.,P346330_8,nam,NAM,atomic,attested,,
P346330,3.,P346330_8,ba,BA,atomic,attested,,
P346330,3.,P346330_8,UR,UR,atomic,attested,,
P346330,3.,P346330_8,e,E,atomic,attested,,
P346330,4.,P346330_9,dingir,AN,atomic,attested,,
P346330,4.,P346330_10,lu2,LU₂,atomic,attested,,
P346330,4.,P346330_10,u3,|IGI.DIB|,atomic,attested,,
P346330,4.,P346330_10,lu2,LU₂,atomic,attested,,
P346330,4.,P346330_10,lu7,|URU×MIN|,atomic,attested,,
P346330,4.,P346330_10,še3,EŠ₂,atomic,attested,,
P346330,5.,P346330_11,…,…,broken,,,
P346330,5.,P346330_12,x,X,atomic,attested,,
P346330,5.,P346330_13,a,A,atomic,attested,,
P346330,5.,P346330_14,nag,|KA×A|,atomic,attested,,
P346330,5.,P346330_15,mu,MU,atomic,attested,,
P346330,5.,P346330_15,un,KALAM@g,atomic,attested,,
P346330,5.,P346330_15,gar,GAR,atomic,attested,,
P346331,1.,P346331_1,lu2,LU₂,atomic,attested,,
P346331,1.,P346331_2,nig2,GAR,atomic,attested,,
P346331,1.,P346331_2,gin6,GI,atomic,attested,,
P346331,1.,P346331_2,na,NA,atomic,attested,,
P346331,2.,P346331_3,he2,|GAN×HI|,compound,attested,OSL,
P346331,2.,P346331_3,šub,RU,atomic,attested,,
P346331,2.,P346331_3,ba,BA,atomic,attested,,
P346331,3.,P346331_4,zi,ZI,atomic,attested,,
P346331,3.,P346331_4,ga,GA,atomic,attested,,
P346331,3.,P346331_4,bi,BI,atomic,attested,,
P346331,3.,P346331_5,a,A,atomic,attested,,
P346331,3.,P346331_5,ab,AB,atomic,attested,,
P346331,3.,P346331_5,gu,GU,atomic,attested,,
P346331,3.,P346331_5,ul,ul,unresolved,,,
P346332,1.,P346332_1,…,…,broken,,,
P346332,1.,P346332_1,gin6,GI,atomic,attested,,
P346332,1.,P346332_1,na,NA,atomic,attested,,
P346332,2.,P346332_2,x,X,atomic,attested,,
P346332,2.,P346332_2,ni,NI,atomic,attested,,
P346332,2.,P346332_3,al,AL,atomic,attested,,
P346332,2.,P346332_3,su3,SUD,atomic,attested,,
P346332,2.,P346332_3,u4,UD,atomic,attested,,
P346332,3.,P346332_4,ti,TI,atomic,attested,,
P346332,3.,P346332_5,sag,SAG,atomic,attested,,
P346332,3.,P346332_6,rig7,|PA.HUB₂.DU|,compound,attested,OSL,
P346332,3.,P346332_6,ga,GA,atomic,attested,,
P346338,1.,P346338_1,…,…,broken,,,
P346338,1.,P346338_2,lugal,LUGAL,atomic,attested,,
P346338,1.,P346338_2,a,A,atomic,attested,,
P346338,1.,P346338_2,ni-ir,|NA₂.X|,compound,attested,OSL,
P346338,1.,P346338_3,an-na,|AN.NA|,compound,attested,OSL,
P346338,1.,P346338_3,ab,AB,atomic,attested,,
P346338,1.,P346338_3,be2,BI,atomic,attested,,
P346338,2.,P346338_4,tukumbi,|ŠU.ME.GAR.BI|,compound,attested,OSL,
P346338,2.,P346338_5,nig2,GAR,atomic,attested,,
P346338,2.,P346338_6,sa6,sa6,unresolved,,,
P346338,2.,P346338_6,ga,GA,atomic,attested,,
P346338,2.,P346338_6,gu10,MU,atomic,attested,,
P346338,3.,P346338_7,ba,BA,atomic,attested,,
P346338,3.,P346338_7,ra-ra,|RA.RA|,compound,inferred,,
P346338,3.,P346338_7,gal2,IG,atomic,attested,,
P346338,4.,P346338_8,i,I,atomic,attested,,
P346338,4.,P346338_8,bi2,NE,atomic,attested,,
P346338,4.,P346338_8,za,ZA,atomic,attested,,
P346338,4.,P346338_8,gu10,MU,atomic,attested,,
P346338,4.,P346338_9,nu,NU,atomic,attested,,
P346338,4.,P346338_9,ra,RA,atomic,attested,,
P346338,4.,P346338_9,gal2,IG,atomic,attested,,
P346338,4.,P346338_10,e,E,atomic,attested,,
P346338,4.,P346338_10,še,ŠE,atomic,attested,,
P254866,1.,P254866_1,nig2,GAR,atomic,attested,,
P254866,1.,P254866_2,gu2,GU₂,atomic,attested,,
P254866,1.,P254866_3,gar,GAR,atomic,attested,,
P254866,1.,P254866_3,ra,RA,atomic,attested,,
P254866,1.,P254866_4,nig2,GAR,atomic,attested,,
P254866,1.,P254866_5,gaba,DUH,atomic,attested,,
P254866,1.,P254866_6,gar,GAR,atomic,attested,,
P254866,1.,P254866_6,…,…,broken,,,
P254866,2.,P254866_7,ku3,KU₃,atomic,attested,,
P254866,2.,P254866_8,tuku,TUK,atomic,attested,,
P254866,2.,P254866_9,x,X,atomic,attested,,
P254866,2.,P254866_9,an,AN,atomic,attested,,
P254866,2.,P254866_9,hul2,hul2,unresolved,,,
P254866,3.,P254866_10,še,ŠE,atomic,attested,,
P254866,3.,P254866_11,tuku,TUK,atomic,attested,,
P254866,3.,P254866_12,x,X,atomic,attested,,
P254866,3.,P254866_12,an,AN,atomic,attested,,
P254866,3.,P254866_12,sa6,sa6,unresolved,,,
P254866,4.,P254866_13,nig2,GAR,atomic,attested,,
P254866,4.,P254866_13,ur2,UR₂,atomic,attested,,
P254866,4.,P254866_13,limmu2,LIMMU2,atomic,attested,,
P254866,4.,P254866_14,tuku,TUK,atomic,attested,,
P254866,4.,P254866_14,e,E,atomic,attested,,
P254866,5.,P254866_15,u3,|IGI.DIB|,atomic,attested,,
P254866,5.,P254866_16,nu,NU,atomic,attested,,
P254866,5.,P254866_16,um,UM,atomic,attested,,
P254866,5.,P254866_16,ši,IGI,atomic,attested,,
P254866,5.,P254866_16,ku,KU,atomic,attested,,
P254866,5.,P254866_16,ku,KU,atomic,attested,,
P254866,6.,P254866_17,u3,|IGI.DIB|,atomic,attested,,
P254866,6.,P254866_17,la,LA,atomic,attested,,
P254866,6.,P254866_18,nu,NU,atomic,attested,,
P254866,6.,P254866_18,mu,MU,atomic,attested,,
P254866,6.,P254866_18,un,KALAM@g,atomic,attested,,
P254866,6.,P254866_18,tuku,TUK,atomic,attested,,
P254866,6.,P254866_18,tuku,TUK,atomic,attested,,
P254866,7.,P254866_19,u3,|IGI.DIB|,atomic,attested,,
P254866,7.,P254866_19,la,LA,atomic,attested,,
P254866,7.,P254866_20,nu,NU,atomic,attested,,
P254866,7.,P254866_20,mu,MU,atomic,attested,,
P254866,7.,P254866_20,un,KALAM@g,atomic,attested,,
P254866,7.,P254866_20,tak4,TAK₄,atomic,attested,,
P254866,7.,P254866_20,tak4,TAK₄,atomic,attested,,
P254866,8.,P254866_21,u3,|IGI.DIB|,atomic,attested,,
P254866,8.,P254866_21,la,LA,atomic,attested,,
P254866,8.,P254866_22,ku4,KU₄,atomic,attested,,
P254866,8.,P254866_22,ra,RA,atomic,attested,,
P254866,8.,P254866_23,nu,NU,atomic,attested,,
P254866,8.,P254866_23,mu,MU,atomic,attested,,
P254866,8.,P254866_23,na,NA,atomic,attested,,
P254866,8.,P254866_23,ab,AB,atomic,attested,,
P254866,8.,P254866_23,šum2,šum2,unresolved,,,
P254867,1.,P254867_1,dub,DUB,atomic,attested,,
P254867,1.,P254867_1,sar,SAR,atomic,attested,,
P254867,1.,P254867_1,me,ME,atomic,attested,,
P254867,1.,P254867_1,en,EN,atomic,attested,,
P254867,1.,P254867_2,mu,MU,atomic,attested,,
P254867,1.,P254867_3,ni2,NI₂,atomic,attested,,
P254867,1.,P254867_3,…,…,broken,,,
P254867,2.,P254867_4,igi,IGI,atomic,attested,,
P254867,2.,P254867_5,ni2,NI₂,atomic,attested,,
P254867,2.,P254867_5,zu,ZU,atomic,attested,,
P254867,2.,P254867_6,sag3,PA,atomic,attested,,
P254867,2.,P254867_6,ge,GI,atomic,attested,,
P254867,3.,P254867_7,eg3,|NINDA₂×NE|,atomic,attested,,
P254867,3.,P254867_7,ma,MA,atomic,attested,,
P254867,3.,P254867_7,al,AL,atomic,attested,,
P254867,3.,P254867_8,…,…,broken,,,
P254867,4.,P254867_9,SU3,SUD,atomic,attested,,
P254867,4.,P254867_10,UŠ,UŠ,atomic,attested,,
P254867,4.,P254867_10,ma,MA,atomic,attested,,
P254867,4.,P254867_11,…,…,broken,,,
P254867,5.,P254867_12,dub,DUB,atomic,attested,,
P254867,5.,P254867_12,sar,SAR,atomic,attested,,
P254867,5.,P254867_13,pe,PI,atomic,attested,,
P254867,5.,P254867_13,el,EL,atomic,attested,,
P254867,5.,P254867_13,la2,LAL,atomic,attested,,
P254867,6.,P254867_14,lu2,LU₂,atomic,attested,,
P254867,6.,P254867_14,mu7,mu7,unresolved,,,
P254867,6.,P254867_14,mu7,mu7,unresolved,,,
P254867,6.,P254867_14,še3,EŠ₂,atomic,attested,,
P254867,7.,P254867_15,nar,LUL,atomic,attested,,
P254867,7.,P254867_16,pe,PI,atomic,attested,,
P254867,7.,P254867_16,el,EL,atomic,attested,,
P254867,7.,P254867_16,la2,LAL,atomic,attested,,
P254867,8.,P254867_17,lu2,LU₂,atomic,attested,,
P254867,8.,P254867_17,gi,GI,atomic,attested,,
P254867,8.,P254867_17,di,DI,atomic,attested,,
P254867,8.,P254867_17,da,DA,atomic,attested,,
P254867,8.,P254867_17,še3,EŠ₂,atomic,attested,,
P254867,9.,P254867_18,x,X,atomic,attested,,
P254867,9.,P254867_19,pe,PI,atomic,attested,,
P254867,9.,P254867_19,el,EL,atomic,attested,,
P254867,9.,P254867_19,la2,LAL,atomic,attested,,
P254867,10.,P254867_20,di,DI,atomic,attested,,lu2
P254867,10.,P254867_20,bi,BI,atomic,attested,,lu2
P254867,10.,P254867_20,dal,RI,atomic,attested,,lu2
P254867,10.,P254867_20,dal,RI,atomic,attested,,lu2
P254867,10.,P254867_20,še3,EŠ₂,atomic,attested,,lu2
P346341,1.,P346341_1,x,X,atomic,attested,,
P346341,1.,P346341_2,im,IM,atomic,attested,,
P346341,1.,P346341_2,ma,MA,atomic,attested,,
P346341,1.,P346341_2,ke4,KID,atomic,attested,,
P346341,2.,P346341_3,ni2,NI₂,atomic,attested,,
P346341,2.,P346341_3,ta,TA,atomic,attested,,
P346341,2.,P346341_3,a,A,atomic,attested,,
P346341,2.,P346341_3,ni,NI,atomic,attested,,
P346341,3.,P346341_4,ix(|A+SUG|),ix(|A+SUG|),unresolved,,,
P346341,3.,P346341_4,da,DA,atomic,attested,,
P346341,3.,P346341_5,nu,NU,atomic,attested,,
P346341,3.,P346341_5,mu,MU,atomic,attested,,
P346341,3.,P346341_5,un,KALAM@g,atomic,attested,,
P346341,3.,P346341_5,da,DA,atomic,attested,,
P346341,3.,P346341_5,ab,AB,atomic,attested,,
P346341,3.,P346341_5,bala,BAL,atomic,attested,,
P346341,3.,P346341_5,de3,NE,atomic,attested,,
P346341,4.,P346341_6,lu2,LU₂,atomic,attested,,
P346341,4.,P346341_7,ma2,MA₂,atomic,attested,,
P346341,4.,P346341_7,addirx(|PA+GISAL+PAD+SI+A+GA|),addirx(|PA+GISAL+PAD+SI+A+GA|),unresolved,,,
P346341,5.,P346341_8,lu2,LU₂,atomic,attested,,
P346341,5.,P346341_9,ma2,MA₂,atomic,attested,,
P346341,5.,P346341_9,addirx(|PA+GISAL+PAD+SI+A+GA|),addirx(|PA+GISAL+PAD+SI+A+GA|),unresolved,,,
P346341,6.,P346341_10,gu3,gu3,unresolved,,,
P346341,6.,P346341_11,im,IM,atomic,attested,,
P346341,6.,P346341_11,ma,MA,atomic,attested,,
P346341,6.,P346341_11,de2,DE₂,atomic,attested,,
P346341,6.,P346341_11,de2,DE₂,atomic,attested,,
P346341,6.,P346341_11,e,E,atomic,attested,,
P254872,1.,P254872_1,ama,|GA₂×AN|,atomic,attested,,
P254872,1.,P254872_1,a,A,atomic,attested,,
P254872,1.,P254872_1,tu,TU,atomic,attested,,
P254872,1.,P254872_1,še3,EŠ₂,atomic,attested,,
P254872,1.,P254872_2,su11,su11,unresolved,,,
P254872,1.,P254872_2,lum,LUM,atomic,attested,,
P254872,1.,P254872_3,in,IN,atomic,attested,,
P254872,1.,P254872_3,na,NA,atomic,attested,,
P254872,1.,P254872_3,…,…,broken,,,
P254872,2.,P254872_4,er2,er2,unresolved,,,
P254872,2.,P254872_5,ba,BA,atomic,attested,,
P254872,2.,P254872_5,an,AN,atomic,attested,,
P254872,2.,P254872_5,pa3,PA3,atomic,attested,,
P254872,3.,P254872_6,in,IN,atomic,attested,,
P254872,3.,P254872_6,bul,|LAGAB×(U.U.U)|,atomic,attested,,
P254872,3.,P254872_6,bul,|LAGAB×(U.U.U)|,atomic,attested,,
P254872,3.,P254872_7,šu,ŠU,atomic,attested,,
P254872,3.,P254872_7,na,NA,atomic,attested,,
P254872,3.,P254872_8,mu,MU,atomic,attested,,
P254872,3.,P254872_8,un,KALAM@g,atomic,attested,,
P254872,3.,P254872_8,gal2,IG,atomic,attested,,
P254872,4.,P254872_9,zu2,zu2,unresolved,,,
P254872,4.,P254872_10,ba,BA,atomic,attested,,
P254872,4.,P254872_10,an,AN,atomic,attested,,
P254872,4.,P254872_10,bir2,UD,atomic,attested,,
P254873,1.,P254873_1,dub3,HI,atomic,attested,,
P254873,1.,P254873_1,tuku,TUK,atomic,attested,,
P254873,1.,P254873_2,bar,BAR,atomic,attested,,
P254873,1.,P254873_3,in,IN,atomic,attested,,
P254873,1.,P254873_3,dab5,KU,atomic,attested,,
P254873,2.,P254873_4,usu,|A₂.KAL|,compound,attested,OSL,
P254873,2.,P254873_4,tuku,TUK,atomic,attested,,
P254873,2.,P254873_5,ba,BA,atomic,attested,,
P254873,2.,P254873_5,da,DA,atomic,attested,,
P254873,2.,P254873_5,an,AN,atomic,attested,,
P254873,2.,P254873_5,kar,KAR,atomic,attested,,
P254873,3.,P254873_6,ka,ka,unresolved,,,
P254873,3.,P254873_7,tuku,TUK,atomic,attested,,
P254873,3.,P254873_8,e2,E₂,atomic,attested,,
P254873,3.,P254873_8,gal,GAL,atomic,attested,,
P254873,3.,P254873_8,la,LA,atomic,attested,,
P254873,3.,P254873_8,še3,EŠ₂,atomic,attested,,
P254873,3.,P254873_9,ba,BA,atomic,attested,,
P254873,3.,P254873_9,ni,NI,atomic,attested,,
P254873,3.,P254873_9,in,IN,atomic,attested,,
P254873,3.,P254873_9,ku4,KU₄,atomic,attested,,
P254874,1.,P254874_1,kiši6,ŠEG₉,atomic,attested,,
P254874,1.,P254874_2,asal2,|A.TU.GABA.LIŠ|,atomic,attested,,geš
P254874,1.,P254874_2,gin7,DIM₂,atomic,attested,,geš
P254874,2.,P254874_3,al,AL,atomic,attested,,
P254874,2.,P254874_3,e11,|LAGAR@g.DU|,compound,attested,OSL,
P254874,3.,P254874_4,al,AL,atomic,attested,,
P254874,3.,P254874_4,e11,|LAGAR@g.DU|,compound,attested,OSL,
P254874,3.,P254874_4,de3,NE,atomic,attested,,
P346348,1.,P346348_1,…,…,broken,,,
P346348,1.,P346348_2,bar,BAR,atomic,attested,,
P346348,1.,P346348_3,la2,LAL,atomic,attested,,
P346348,1.,P346348_3,…,…,broken,,,
P346348,2.,P346348_4,u3,|IGI.DIB|,atomic,attested,,
P346348,2.,P346348_4,mu,MU,atomic,attested,,
P346348,2.,P346348_4,ni,NI,atomic,attested,,
P346348,2.,P346348_4,in,IN,atomic,attested,,
P346348,2.,P346348_4,šub,RU,atomic,attested,,
P346348,3.,P346348_5,du,DU,atomic,attested,,
P346348,3.,P346348_5,lum,LUM,atomic,attested,,
P346348,3.,P346348_6,u4,UD,atomic,attested,,
P346348,3.,P346348_6,bi,BI,atomic,attested,,
P346348,3.,P346348_6,ta,TA,atomic,attested,,
P346348,3.,P346348_6,gu10,MU,atomic,attested,,
P346348,4.,P346348_7,geštux(|GIŠ+TUG2|),geštux(|GIŠ+TUG2|),unresolved,,,
P346348,4.,P346348_7,ga2,GA₂,atomic,attested,,
P346348,4.,P346348_8,ulu3,|URU×MIN|,atomic,attested,,+lu
P346348,4.,P346348_8,un,KALAM@g,atomic,attested,,+lu
P346348,4.,P346348_9,e,E,atomic,attested,,
P346348,4.,P346348_9,še,ŠE,atomic,attested,,
P346297,1.,P346297_1,ka5,LUL,atomic,attested,,
P346297,1.,P346297_1,a,A,atomic,attested,,
P346297,1.,P346297_2,nu,NU,atomic,attested,,
P346297,1.,P346297_2,un,KALAM@g,atomic,attested,,
P346297,1.,P346297_2,dab,DIB,atomic,attested,,
P346297,2.,P346297_3,geš,GIŠ,atomic,attested,,
P346297,2.,P346297_4,azx(PIRIG),azx(PIRIG),unresolved,,,
P346297,2.,P346297_4,bala,BAL,atomic,attested,,
P346297,2.,P346297_5,al,AL,atomic,attested,,
P346297,2.,P346297_5,ke3,AK,atomic,attested,,
P346297,2.,P346297_5,e,E,atomic,attested,,
P346297,1.,P346297_6,ka5,LUL,atomic,attested,,
P346297,1.,P346297_6,a,A,atomic,attested,,
P346297,1.,P346297_7,nu,NU,atomic,attested,,
P346297,1.,P346297_7,un,KALAM@g,atomic,attested,,
P346297,1.,P346297_7,dab,DIB,atomic,attested,,
P346297,2.,P346297_8,azx(PIRIG),azx(PIRIG),unresolved,,,geš
P346297,2.,P346297_8,bala,BAL,atomic,attested,,geš
P346297,2.,P346297_9,al,AL,atomic,attested,,
P346297,2.,P346297_9,ak,AK,atomic,attested,,
P346297,2.,P346297_9,e,E,atomic,attested,,
P346312,1.,P346312_1,nig,|SAL.UR|,compound,attested,OSL,
P346312,1.,P346312_2,tu,TU,atomic,attested,,
P346312,1.,P346312_2,u4,UD,atomic,attested,,
P346312,1.,P346312_2,da,DA,atomic,attested,,
P346312,1.,P346312_2,gin7,DIM₂,atomic,attested,,
P346312,2.,P346312_3,erin2,ERIN₂,atomic,attested,,
P346312,2.,P346312_4,zu2,zu2,unresolved,,,
P346312,2.,P346312_5,ku5,TAR,atomic,attested,,
P346312,2.,P346312_5,ku5,TAR,atomic,attested,,
P346312,2.,P346312_5,de3,NE,atomic,attested,,
P346314,1.,P346314_1,anše,ANŠE,atomic,attested,,
P346314,1.,P346314_2,ša3,ŠA₃,atomic,attested,,
P346314,1.,P346314_3,diri,diri,unresolved,,,
P346314,1.,P346314_4,e2,E₂,atomic,attested,,
P346314,1.,P346314_5,in,IN,atomic,attested,,
P346314,1.,P346314_5,nu,NU,atomic,attested,,
P346314,1.,P346314_5,da,DA,atomic,attested,,
P346314,2.,P346314_6,gu2,GU₂,atomic,attested,,
P346314,2.,P346314_6,ni,NI,atomic,attested,,
P346314,2.,P346314_7,am3,|A.AN|,compound,attested,OSL,
P346314,2.,P346314_7,x,X,atomic,attested,,
P346314,2.,P346314_7,la2,LAL,atomic,attested,,
P346368,1.,P346368_1,anše,ANŠE,atomic,attested,,
P346368,1.,P346368_2,i7,i7,unresolved,,,
P346368,1.,P346368_2,da,DA,atomic,attested,,
P346368,1.,P346368_3,diri,diri,unresolved,,,
P346368,1.,P346368_3,ga,GA,atomic,attested,,
P346368,2.,P346368_4,ur,UR,atomic,attested,,
P346368,2.,P346368_4,gir15,EŠ₂,atomic,attested,,
P346368,2.,P346368_5,bar,BAR,atomic,attested,,
P346368,2.,P346368_5,rim4,DU@s,atomic,attested,,
P346368,2.,P346368_5,ma,MA,atomic,attested,,
P346368,2.,P346368_6,igi,IGI,atomic,attested,,
P346368,2.,P346368_7,DU,DU,atomic,attested,,
P346368,2.,P346368_7,e,E,atomic,attested,,
P346368,2.,P346368_7,x,X,atomic,attested,,
P346368,3.,P346368_8,a,A,atomic,attested,,
P346368,3.,P346368_8,a,A,atomic,attested,,
P346368,3.,P346368_9,ugu,ugu,unresolved,,,
P346368,3.,P346368_9,gu10,MU,atomic,attested,,
P346368,3.,P346368_10,me,ME,atomic,attested,,
P346368,3.,P346368_10,še3,EŠ₂,atomic,attested,,
P346368,3.,P346368_11,al,AL,atomic,attested,,
P346368,3.,P346368_11,du,DU,atomic,attested,,
P346368,3.,P346368_11,un,KALAM@g,atomic,attested,,
P346368,4.,P346368_12,x,X,atomic,attested,,
P346368,4.,P346368_13,MU,MU,atomic,attested,,
P346368,4.,P346368_14,te,te,unresolved,,,
P346368,4.,P346368_15,er2,er2,unresolved,,,
P346368,4.,P346368_15,gu10,MU,atomic,attested,,
P346368,4.,P346368_16,ugu,ugu,unresolved,,,
P346368,4.,P346368_16,zu,ZU,atomic,attested,,
P346368,4.,P346368_17,ga,GA,atomic,attested,,
P346368,4.,P346368_17,pa3,PA3,atomic,attested,,
P346368,5.,P346368_18,e2,E₂,atomic,attested,,
P346368,5.,P346368_19,guruš,GURUŠ,atomic,attested,,
P346368,5.,P346368_20,gal,GAL,atomic,attested,,
P346368,5.,P346368_20,gal,GAL,atomic,attested,,
P346368,5.,P346368_20,e,E,atomic,attested,,
P346368,5.,P346368_20,ne,NE,atomic,attested,,
P346368,5.,P346368_20,ka,ka,unresolved,,,
P346368,6.,P346368_21,al,AL,atomic,attested,,geš
P346368,6.,P346368_22,…,…,broken,,,
P346368,6.,P346368_23,x,X,atomic,attested,,
P346368,6.,P346368_23,ra,RA,atomic,attested,,
P346368,6.,P346368_23,an,AN,atomic,attested,,
P346368,6.,P346368_23,NE,NE,atomic,attested,,
P346368,7.,P346368_24,ak,AK,atomic,attested,,
P346368,7.,P346368_24,x,X,atomic,attested,,
P346368,7.,P346368_25,…,…,broken,,,
P346368,7.,P346368_25,x,X,atomic,attested,,
P346368,8.,P346368_26,PA,PA,atomic,attested,,
P346368,8.,P346368_27,li,LI,atomic,attested,,
P346368,8.,P346368_27,…,…,broken,,,
P346368,9'.,P346368_28,UD,UD,atomic,attested,,
P346368,9'.,P346368_29,UR,UR,atomic,attested,,
P346368,9'.,P346368_30,…,…,broken,,,
P346368,1.,P346368_31,DU,DU,atomic,attested,,
P346368,1.,P346368_32,x,X,atomic,attested,,
P346368,1.,P346368_33,…,…,broken,,,
P346368,2.,P346368_34,lugal,LUGAL,atomic,attested,,
P346368,2.,P346368_34,…,…,broken,,,
P346368,3.,P346368_35,ku3,KU₃,atomic,attested,,
P346368,3.,P346368_35,ga,GA,atomic,attested,,
P346368,3.,P346368_35,ke4,KID,atomic,attested,,
P346368,3.,P346368_35,eš,|U.U.U|,atomic,attested,,
P346368,4.,P346368_36,ku3-sig17,|KU₃.GI|,compound,attested,OSL,
P346368,4.,P346368_36,ga,GA,atomic,attested,,
P346368,4.,P346368_36,ke4,KID,atomic,attested,,
P346368,4.,P346368_36,eš,|U.U.U|,atomic,attested,,
P346368,5.,P346368_37,šen,šen,unresolved,,,uruda
P346368,5.,P346368_37,na,NA,atomic,attested,,uruda
P346368,5.,P346368_37,ke4,KID,atomic,attested,,uruda
P346368,5.,P346368_37,eš,|U.U.U|,atomic,attested,,uruda
P346368,6.,P346368_38,šen,šen,unresolved,,,uruda
P346368,6.,P346368_38,dili2,LIŠ,atomic,attested,,uruda
P346368,6.,P346368_38,na,NA,atomic,attested,,uruda
P346368,6.,P346368_38,ke4,KID,atomic,attested,,uruda
P346368,6.,P346368_38,eš,|U.U.U|,atomic,attested,,uruda
P346368,7.,P346368_39,ga2,GA₂,atomic,attested,,
P346368,7.,P346368_39,e,E,atomic,attested,,
P346368,7.,P346368_40,ba,BA,atomic,attested,,
P346368,7.,P346368_40,til,TIL,atomic,attested,,
P346368,7.,P346368_40,de3,NE,atomic,attested,,
P346368,7.,P346368_40,en,EN,atomic,attested,,
P346369,1.,P346369_1,munus,SAL,atomic,attested,,
P346369,1.,P346369_1,e,E,atomic,attested,,
P346369,1.,P346369_2,ša3,ŠA₃,atomic,attested,,
P346369,1.,P346369_3,x,X,atomic,attested,,
P346369,2.,P346369_4,mu,MU,atomic,attested,,
P346369,2.,P346369_4,un,KALAM@g,atomic,attested,,
P346369,2.,P346369_4,na,NA,atomic,attested,,
P346369,2.,P346369_4,te,te,unresolved,,,
P346369,3.,P346369_5,alan,ALAN,atomic,attested,,
P346369,3.,P346369_6,x,X,atomic,attested,,
P346369,3.,P346369_7,x,X,atomic,attested,,
P346369,3.,P346369_8,…,…,broken,,,
P346369,4.,P346369_9,u2,U₂,atomic,attested,,
P346369,4.,P346369_9,gin7,DIM₂,atomic,attested,,
P346369,4.,P346369_10,bi2,NE,atomic,attested,,
P346369,4.,P346369_10,in,IN,atomic,attested,,
P346369,4.,P346369_10,…,…,broken,,,
P346369,1.,P346369_11,munus,SAL,atomic,attested,,
P346369,1.,P346369_11,e,E,atomic,attested,,
P346369,1.,P346369_12,ŠA3,ŠA₃,atomic,attested,,
P346369,1.,P346369_13,…,…,broken,,,
P346369,2.,P346369_14,mu,MU,atomic,attested,,
P346369,2.,P346369_14,…,…,broken,,,
P346369,3.,P346369_15,alan,ALAN,atomic,attested,,
P346369,3.,P346369_16,x,X,atomic,attested,,
P346369,3.,P346369_17,…,…,broken,,,
P346369,4.,P346369_18,u2,U₂,atomic,attested,,
P346369,4.,P346369_18,gin7,DIM₂,atomic,attested,,
P346369,4.,P346369_19,…,…,broken,,,
P346317,1.,P346317_1,ninda,GAR,atomic,attested,,
P346317,1.,P346317_2,he2,|GAN×HI|,compound,attested,OSL,
P346317,1.,P346317_2,gal2,IG,atomic,attested,,
P346317,1.,P346317_2,la,LA,atomic,attested,,
P346317,1.,P346317_3,nin,|SAL.TUG₂|,atomic,attested,,d
P346317,1.,P346317_3,ka6,PEŠ₂,atomic,attested,,d
P346317,1.,P346317_4,i3,NI,atomic,attested,,
P346317,1.,P346317_4,ib,IB,atomic,attested,,
P346317,1.,P346317_4,gu7,|KA×GAR|,atomic,attested,,
P346317,2.,P346317_5,ninda,GAR,atomic,attested,,
P346317,2.,P346317_6,ha,HA,atomic,attested,,
P346317,2.,P346317_6,ma,MA,atomic,attested,,
P346317,2.,P346317_6,gal2,IG,atomic,attested,,
P346317,2.,P346317_6,la,LA,atomic,attested,,
P346317,3.,P346317_7,lu2,LU₂,atomic,attested,,
P346317,3.,P346317_7,kur2,PAP,atomic,attested,,
P346317,3.,P346317_7,ra,RA,atomic,attested,,
P346317,3.,P346317_8,ib2,TUM,atomic,attested,,
P346317,3.,P346317_8,gu7,|KA×GAR|,atomic,attested,,
P254889,1.,P254889_1,gi4,GI₄,atomic,attested,,
P254889,1.,P254889_1,in,IN,atomic,attested,,
P254889,1.,P254889_1,gi4,GI₄,atomic,attested,,
P254889,1.,P254889_1,ne,NE,atomic,attested,,
P254889,1.,P254889_2,na,NA,atomic,attested,,
P254889,1.,P254889_2,an,AN,atomic,attested,,
P254889,1.,P254889_2,…,…,broken,,,
P254889,2.,P254889_3,gi4,GI₄,atomic,attested,,
P254889,2.,P254889_4,nig2,GAR,atomic,attested,,
P254889,2.,P254889_4,nam,NAM,atomic,attested,,
P254889,2.,P254889_5,ma,MA,atomic,attested,,
P254889,2.,P254889_6,al,AL,atomic,attested,,
P254889,2.,P254889_7,…,…,broken,,,
P254889,3.,P254889_8,x,X,atomic,attested,,
P254889,3.,P254889_8,ne,NE,atomic,attested,,
P254889,3.,P254889_8,ne,NE,atomic,attested,,
P254889,3.,P254889_8,zu,ZU,atomic,attested,,
P254889,3.,P254889_9,x,X,atomic,attested,,
P254889,3.,P254889_10,…,…,broken,,,
P346319,1.,P346319_1,az,|PIRIG×ZA|,atomic,attested,,
P346319,1.,P346319_1,e,E,atomic,attested,,
P346319,1.,P346319_2,iti,UD×U+U+U,atomic,attested,,
P346319,1.,P346319_3,aš3,6(DIŠ),atomic,attested,,
P346319,1.,P346319_3,kam,|HI×BAD|,atomic,attested,,
P346319,1.,P346319_4,ti,TI,atomic,attested,,
P346319,1.,P346319_4,na,NA,atomic,attested,,
P346319,1.,P346319_5,nu,NU,atomic,attested,,
P346319,1.,P346319_5,bala,BAL,atomic,attested,,
P346319,1.,P346319_5,e,E,atomic,attested,,
P346319,2.,P346319_6,AN,AN,atomic,attested,,
P346319,2.,P346319_7,u3,|IGI.DIB|,atomic,attested,,
P346319,2.,P346319_7,sa2,DI,atomic,attested,,
P346319,2.,P346319_8,nu,NU,atomic,attested,,
P346319,2.,P346319_8,mu,MU,atomic,attested,,
P346319,2.,P346319_8,un,KALAM@g,atomic,attested,,
P346319,2.,P346319_8,šum2,šum2,unresolved,,,
P346319,2.,P346319_8,ma,MA,atomic,attested,,
P346319,3.,P346319_9,ga2,GA₂,atomic,attested,,
P346319,3.,P346319_9,gin7,DIM₂,atomic,attested,,
P346319,3.,P346319_9,nam,NAM,atomic,attested,,
P346319,3.,P346319_10,he2,|GAN×HI|,compound,attested,OSL,
P346319,3.,P346319_10,si,SI,atomic,attested,,
P346319,3.,P346319_10,ig,IG,atomic,attested,,
P346320,1.,P346320_1,ur,UR,atomic,attested,,
P346320,1.,P346320_1,bar,BAR,atomic,attested,,
P346320,1.,P346320_1,ra,RA,atomic,attested,,
P346320,1.,P346320_2,he2,|GAN×HI|,compound,attested,OSL,
P346320,1.,P346320_2,gu7,|KA×GAR|,atomic,attested,,
P346320,1.,P346320_2,x,X,atomic,attested,,
P346320,2.,P346320_3,x,X,atomic,attested,,
P346320,2.,P346320_4,UD,UD,atomic,attested,,
P346320,2.,P346320_5,igi,IGI,atomic,attested,,
P346320,2.,P346320_6,he2,|GAN×HI|,compound,attested,OSL,
P346320,2.,P346320_6,bi2,NE,atomic,attested,,
P346320,2.,P346320_6,x,X,atomic,attested,,
P346320,3.,P346320_7,en,EN,atomic,attested,,
P346320,3.,P346320_7,na,NA,atomic,attested,,
P346320,3.,P346320_8,ur,UR,atomic,attested,,
P346320,3.,P346320_8,tur,TUR,atomic,attested,,
P346320,3.,P346320_8,re,RI,atomic,attested,,
P346320,3.,P346320_9,i3,NI,atomic,attested,,
P346320,3.,P346320_9,bulug3,BULUG3,atomic,attested,,
P346320,3.,P346320_9,en,EN,atomic,attested,,
P346320,3.,P346320_10,e,E,atomic,attested,,
P346320,3.,P346320_10,še3,EŠ₂,atomic,attested,,
P346372,1.,P346372_1,ka,ka,unresolved,,,
P346372,1.,P346372_2,lal3,|TA×HI|,atomic,attested,,
P346372,1.,P346372_2,gin7,DIM₂,atomic,attested,,
P346372,1.,P346372_3,…,…,broken,,,
P346372,2.,P346372_4,mu,MU,atomic,attested,,
P346372,2.,P346372_5,ka,ka,unresolved,,,
P346372,2.,P346372_5,ge,GI,atomic,attested,,
P346372,2.,P346372_6,du7,DU7,atomic,attested,,
P346372,1.,P346372_7,ka(SAG),ka(SAG),unresolved,,,
P346372,1.,P346372_8,lal3,|TA×HI|,atomic,attested,,
P346372,1.,P346372_8,gin7,DIM₂,atomic,attested,,
P346372,1.,P346372_9,…,…,broken,,,
P346372,2.,P346372_10,mu,MU,atomic,attested,,
P346372,2.,P346372_11,ka,ka,unresolved,,,
P346372,2.,P346372_11,ge,GI,atomic,attested,,
P346372,2.,P346372_12,du7,DU7,atomic,attested,,
P346373,1.,P346373_1,ur,UR,atomic,attested,,
P346373,1.,P346373_2,mud6,SAR,atomic,attested,,
P346373,1.,P346373_2,da,DA,atomic,attested,,
P346373,1.,P346373_3,gu3,gu3,unresolved,,,
P346373,1.,P346373_4,ba,BA,atomic,attested,,
P346373,1.,P346373_4,an,AN,atomic,attested,,
P346373,1.,P346373_4,de2,DE₂,atomic,attested,,
P346373,2.,P346373_5,…,…,broken,,,
P346373,2.,P346373_6,kuš,SU,atomic,attested,,
P346373,2.,P346373_7,du3,KAK,atomic,attested,,
P346373,2.,P346373_7,bi,BI,atomic,attested,,
P346373,3.,P346373_8,…,…,broken,,,
P346373,3.,P346373_8,ni,NI,atomic,attested,,
P346373,3.,P346373_8,ib,IB,atomic,attested,,
P346373,3.,P346373_8,gi4,GI₄,atomic,attested,,
P346373,3.,P346373_8,gi4,GI₄,atomic,attested,,
P346321,1.,P346321_1,ur,UR,atomic,attested,,
P346321,1.,P346321_1,bar,BAR,atomic,attested,,
P346321,1.,P346321_1,ra,RA,atomic,attested,,
P346321,1.,P346321_2,gu2,GU₂,atomic,attested,,
P346321,1.,P346321_3,a,A,atomic,attested,,
P346321,1.,P346321_3,ba,BA,atomic,attested,,
P346321,1.,P346321_3,da,DA,atomic,attested,,
P346321,1.,P346321_3,ke3,AK,atomic,attested,,
P346321,1.,P346321_3,e,E,atomic,attested,,
P346321,2.,P346321_4,ur,UR,atomic,attested,,
P346321,2.,P346321_4,mah,MAH,atomic,attested,,
P346321,2.,P346321_4,e,E,atomic,attested,,
P346321,2.,P346321_5,mi,MI,atomic,attested,,
P346321,2.,P346321_5,ni,NI,atomic,attested,,
P346321,2.,P346321_5,ib2,TUM,atomic,attested,,
P346321,2.,P346321_5,il2,il2,unresolved,,,
P346321,2.,P346321_5,e,E,atomic,attested,,
P346374,1.,P346374_1,gi4,GI₄,atomic,attested,,
P346374,1.,P346374_1,in,IN,atomic,attested,,
P346374,1.,P346374_1,gi4,GI₄,atomic,attested,,
P346374,1.,P346374_1,…,…,broken,,,
P346374,2.,P346374_2,…,…,broken,,,
P346374,2.,P346374_3,ba,BA,atomic,attested,,
P346374,2.,P346374_3,ra,RA,atomic,attested,,
P346374,2.,P346374_3,…,…,broken,,,
P346374,3.,P346374_4,ga,GA,atomic,attested,,
P346374,3.,P346374_4,ša,ŠA,atomic,attested,,
P346374,3.,P346374_4,an,AN,atomic,attested,,
P346374,3.,P346374_4,…,…,broken,,,
P346374,4.,P346374_5,e,E,atomic,attested,,
P346374,4.,P346374_6,dur2,dur2,unresolved,,,
P346374,4.,P346374_6,ra,RA,atomic,attested,,
P346374,4.,P346374_7,ba,BA,atomic,attested,,
P346374,4.,P346374_7,tuš,KU,atomic,attested,,
P346374,4.,P346374_7,x,X,atomic,attested,,
P346374,4.,P346374_7,…,…,broken,,,
P346374,5.,P346374_8,geme2,geme2,unresolved,,,
P346374,5.,P346374_9,nig2,GAR,atomic,attested,,
P346374,5.,P346374_10,hi,HI,atomic,attested,,
P346374,5.,P346374_10,li,LI,atomic,attested,,
P346374,5.,P346374_10,a,A,atomic,attested,,
P346374,5.,P346374_10,ke4,KID,atomic,attested,,
P346374,6.,P346374_11,iškur,IM,atomic,attested,,d
P346374,6.,P346374_12,haniš2,LUGAL,atomic,attested,,
P346374,6.,P346374_13,gal,GAL,atomic,attested,,
P346374,6.,P346374_14,GAN2,GAN₂,atomic,attested,,
P346374,6.,P346374_14,…,…,broken,,,
P346374,7.,P346374_15,HUL2,HUL2,unresolved,,,
P346374,7.,P346374_15,gin7,DIM₂,atomic,attested,,
P346374,7.,P346374_16,ki,KI,atomic,attested,,
P346374,7.,P346374_17,du10,HI,atomic,attested,,
P346374,7.,P346374_17,…,…,broken,,,
P346374,8.,P346374_18,hu,HU,atomic,attested,,
P346374,8.,P346374_18,mu,MU,atomic,attested,,
P346374,8.,P346374_18,dar,DAR,atomic,attested,,
P346374,8.,P346374_18,x,X,atomic,attested,,
P346374,8.,P346374_18,…,…,broken,,,
P346322,1.,P346322_1,ir7,KASKAL,atomic,attested,,mušen
P346322,1.,P346322_1,sag,SAG,atomic,attested,,mušen
P346322,1.,P346322_2,ugu,ugu,unresolved,,,
P346322,1.,P346322_2,bi,BI,atomic,attested,,
P346322,2.,P346322_3,kiri6,SAR,atomic,attested,,geš
P346322,2.,P346322_4,me,ME,atomic,attested,,
P346322,2.,P346322_4,te,te,unresolved,,,
P346322,2.,P346322_4,bi,BI,atomic,attested,,
P346322,3.,P346322_5,dar,DAR,atomic,attested,,mušen
P346322,3.,P346322_6,ugu,ugu,unresolved,,,
P346322,3.,P346322_6,bi,BI,atomic,attested,,
P346322,4.,P346322_7,a,A,atomic,attested,,
P346322,4.,P346322_7,ša3,ŠA₃,atomic,attested,,
P346322,4.,P346322_7,ga,GA,atomic,attested,,
P346322,4.,P346322_8,me,ME,atomic,attested,,
P346322,4.,P346322_8,te,te,unresolved,,,
P346322,4.,P346322_8,bi,BI,atomic,attested,,
P346322,5.,P346322_9,bi2,NE,atomic,attested,,
P346322,5.,P346322_9,za,ZA,atomic,attested,,
P346322,5.,P346322_9,za,ZA,atomic,attested,,
P346322,5.,P346322_10,ugu,ugu,unresolved,,,
P346322,5.,P346322_10,bi,BI,atomic,attested,,
P346322,6.,P346322_11,pu2,PU2,atomic,attested,,
P346322,6.,P346322_11,bi,BI,atomic,attested,,
P346322,6.,P346322_12,me,ME,atomic,attested,,
P346322,6.,P346322_12,te,te,unresolved,,,
P346322,6.,P346322_12,bi,BI,atomic,attested,,
P346375,1.,P346375_1,…,…,broken,,,
P346375,1.,P346375_1,sa6,sa6,unresolved,,,
P346375,1.,P346375_1,ga,GA,atomic,attested,,
P346375,1.,P346375_2,in,IN,atomic,attested,,
P346375,1.,P346375_2,tu,TU,atomic,attested,,
P346375,1.,P346375_2,u4,UD,atomic,attested,,
P346375,2.,P346375_3,…,…,broken,,,
P346375,2.,P346375_4,nam,NAM,atomic,attested,,
P346375,2.,P346375_4,tag,TAG,atomic,attested,,
P346375,2.,P346375_5,al,AL,atomic,attested,,
P346375,2.,P346375_5,duh,DUH,atomic,attested,,
P346375,2.,P346375_5,e,E,atomic,attested,,
P346375,3.,P346375_6,…,…,broken,,,
P346375,3.,P346375_7,nam,NAM,atomic,attested,,
P346375,3.,P346375_7,ti,TI,atomic,attested,,
P346375,3.,P346375_8,in,IN,atomic,attested,,
P346375,3.,P346375_8,tu,TU,atomic,attested,,
P346375,3.,P346375_8,u4,UD,atomic,attested,,
P346323,1.,P346323_1,x,X,atomic,attested,,mušen
P346323,1.,P346323_1,e,E,atomic,attested,,mušen
P346323,1.,P346323_2,ba,BA,atomic,attested,,
P346323,1.,P346323_2,kur2,PAP,atomic,attested,,
P346323,1.,P346323_2,…,…,broken,,,
P346323,2.,P346323_3,numun2,NUMUN2,atomic,attested,,u2
P346323,2.,P346323_3,ta,TA,atomic,attested,,u2
P346323,2.,P346323_4,numun2,NUMUN2,atomic,attested,,u2
P346323,2.,P346323_4,še3,EŠ₂,atomic,attested,,u2
P346376,1.,P346376_1,mu,MU,atomic,attested,,
P346376,1.,P346376_1,na,NA,atomic,attested,,
P346376,1.,P346376_1,x,X,atomic,attested,,
P346376,1.,P346376_1,…,…,broken,,,
P346376,2.,P346376_2,nam,NAM,atomic,attested,,
P346376,2.,P346376_2,ba,BA,atomic,attested,,
P346376,2.,P346376_2,na,NA,atomic,attested,,
P346376,2.,P346376_2,ab,AB,atomic,attested,,
P346376,2.,P346376_2,…,…,broken,,,
P346376,3.,P346376_3,nig2,GAR,atomic,attested,,
P346376,3.,P346376_4,bi2,NE,atomic,attested,,
P346376,3.,P346376_4,in,IN,atomic,attested,,
P346376,3.,P346376_4,du11,du11,unresolved,,,
P346376,3.,P346376_4,…,…,broken,,,
P346376,4.,P346376_5,sa2,DI,atomic,attested,,
P346376,4.,P346376_6,mu,MU,atomic,attested,,
P346376,4.,P346376_6,na,NA,atomic,attested,,
P346376,4.,P346376_6,ab,AB,atomic,attested,,
P346376,4.,P346376_6,du11,du11,unresolved,,,
P346324,1.,P346324_1,dar,DAR,atomic,attested,,mušen
P346324,1.,P346324_1,e,E,atomic,attested,,mušen
P346324,1.,P346324_2,ninnu,5(U),atomic,attested,,
P346324,1.,P346324_2,am3,|A.AN|,compound,attested,OSL,
P346324,1.,P346324_3,ib2,TUM,atomic,attested,,
P346324,1.,P346324_3,tu,TU,atomic,attested,,
P346324,1.,P346324_3,u4,UD,atomic,attested,,
P346324,2.,P346324_4,buru4,buru4,unresolved,,,mušen
P346324,2.,P346324_4,e,E,atomic,attested,,mušen
P346324,2.,P346324_5,i3,NI,atomic,attested,,
P346324,2.,P346324_5,il2,il2,unresolved,,,
P346324,2.,P346324_5,il2,il2,unresolved,,,
P346324,3.,P346324_6,a2,A₂,atomic,attested,,
P346324,3.,P346324_6,bi,BI,atomic,attested,,
P346324,3.,P346324_7,nu,NU,atomic,attested,,
P346324,3.,P346324_7,su3,SUD,atomic,attested,,
P346324,3.,P346324_7,su3,SUD,atomic,attested,,
P346324,3.,P346324_7,dam,DAM,atomic,attested,,
P346377,1.,P346377_1,dumu,TUR,atomic,attested,,
P346377,1.,P346377_1,munus,SAL,atomic,attested,,
P346377,1.,P346377_2,gir2,GIR₂,atomic,attested,,
P346377,1.,P346377_2,su,SU,atomic,attested,,
P346377,1.,P346377_2,…,…,broken,,,
P346377,2.,P346377_3,ur2,UR₂,atomic,attested,,
P346377,2.,P346377_3,ra,RA,atomic,attested,,
P346377,2.,P346377_3,ni,NI,atomic,attested,,
P346377,2.,P346377_4,lu2,LU₂,atomic,attested,,
P346377,2.,P346377_5,…,…,broken,,,
P346377,3.,P346377_6,gu,GU,atomic,attested,,
P346377,3.,P346377_6,du,DU,atomic,attested,,
P346377,3.,P346377_6,ni,NI,atomic,attested,,
P346377,3.,P346377_7,x,X,atomic,attested,,
P346377,3.,P346377_8,…,…,broken,,,
P346377,4.,P346377_9,ba,BA,atomic,attested,,d
P346377,4.,P346377_9,ba6,U₂,atomic,attested,,d
P346377,4.,P346377_9,…,…,broken,,,d
P346377,5.,P346377_10,ka2,KA₂,atomic,attested,,
P346377,5.,P346377_11,…,…,broken,,,
P346377,6.,P346377_12,sag,SAG,atomic,attested,,
P346377,6.,P346377_13,…,…,broken,,,
P346325,1.,P346325_1,uga,|GA.NAGA|,compound,attested,OSL,mušen
P346325,1.,P346325_1,gin7,DIM₂,atomic,attested,,mušen
P346325,2.,P346325_2,NIG2,GAR,atomic,attested,,
P346325,2.,P346325_3,ka,ka,unresolved,,,
P346325,2.,P346325_3,zu,ZU,atomic,attested,,
P346325,2.,P346325_3,še3,EŠ₂,atomic,attested,,
P346325,2.,P346325_4,i3,NI,atomic,attested,,
P346325,2.,P346325_4,šub,RU,atomic,attested,,
P346325,2.,P346325_4,ma,MA,atomic,attested,,
P346325,3.,P346325_5,gissu,|GIŠ.MI|,compound,attested,OSL,
P346325,3.,P346325_5,zu,ZU,atomic,attested,,
P346325,3.,P346325_5,uš,UŠ,atomic,attested,,
P346325,4.,P346325_6,igi,IGI,atomic,attested,,
P346325,4.,P346325_7,am3,|A.AN|,compound,attested,OSL,
P346325,4.,P346325_7,bar,BAR,atomic,attested,,
P346325,4.,P346325_7,bar,BAR,atomic,attested,,
P346325,4.,P346325_7,re,RI,atomic,attested,,
P346326,1.,P346326_1,uga,|GA.NAGA|,compound,attested,OSL,mušen
P346326,1.,P346326_1,gin7,DIM₂,atomic,attested,,mušen
P346326,2.,P346326_2,munu4,|PAP.PAP|,compound,attested,OSL,
P346326,2.,P346326_3,gu,GU,atomic,attested,,
P346326,2.,P346326_3,la,LA,atomic,attested,,
P346326,2.,P346326_3,še3,EŠ₂,atomic,attested,,
P346326,3.,P346326_4,igi,IGI,atomic,attested,,
P346326,3.,P346326_4,zu,ZU,atomic,attested,,
P346326,3.,P346326_5,am3,|A.AN|,compound,attested,OSL,
P346326,3.,P346326_5,da,DA,atomic,attested,,
P346326,3.,P346326_5,gal2,IG,atomic,attested,,
P346379,1.,P346379_1,…,…,broken,,,
P346379,1.,P346379_1,x,X,atomic,attested,,
P346379,1.,P346379_1,x,X,atomic,attested,,
P346379,1.,P346379_2,mu,MU,atomic,attested,,
P346379,1.,P346379_2,da,DA,atomic,attested,,
P346379,1.,P346379_2,kur2,PAP,atomic,attested,,
P346379,2.,P346379_3,geš,GIŠ,atomic,attested,,
P346379,2.,P346379_3,hurx(UB),hurx(UB),unresolved,,,
P346379,2.,P346379_3,bi,BI,atomic,attested,,
P346379,2.,P346379_4,ba,BA,atomic,attested,,
P346379,2.,P346379_4,da,DA,atomic,attested,,
P346379,2.,P346379_4,bala,BAL,atomic,attested,,
P346379,3.,P346379_5,me,ME,atomic,attested,,
P346379,3.,P346379_5,bi,BI,atomic,attested,,
P346379,3.,P346379_6,mu,MU,atomic,attested,,
P346379,3.,P346379_6,un,KALAM@g,atomic,attested,,
P346379,3.,P346379_6,lal,LAL,atomic,attested,,
P346379,3.,P346379_6,e,E,atomic,attested,,
P346379,4.,P346379_7,šeš,ŠEŠ,atomic,attested,,
P346379,4.,P346379_7,a,A,atomic,attested,,
P346379,4.,P346379_8,šeš,ŠEŠ,atomic,attested,,
P346379,4.,P346379_8,bi,BI,atomic,attested,,
P346379,4.,P346379_9,igi,IGI,atomic,attested,,
P346379,4.,P346379_10,nu,NU,atomic,attested,,
P346379,4.,P346379_10,bar,BAR,atomic,attested,,
P346379,4.,P346379_10,e,E,atomic,attested,,
P346379,5.,P346379_11,šul,DUN,atomic,attested,,
P346379,5.,P346379_11,e,E,atomic,attested,,
P346379,5.,P346379_12,a-ra2,|A.DU|,compound,attested,OSL,
P346379,5.,P346379_12,ba,BA,atomic,attested,,
P346379,6.,P346379_13,ša3,ŠA₃,atomic,attested,,
P346379,6.,P346379_13,ba,BA,atomic,attested,,
P346379,6.,P346379_14,a,A,atomic,attested,,
P346379,6.,P346379_14,na,NA,atomic,attested,,
P346379,6.,P346379_14,aš,AŠ,atomic,attested,,
P346379,6.,P346379_15,hul,|IGI.UR|,compound,attested,OSL,
P346379,6.,P346379_16,ba,BA,atomic,attested,,
P346379,6.,P346379_16,dim2,DIM₂,atomic,attested,,
P346380,1.,P346380_1,kiši6,ŠEG₉,atomic,attested,,
P346380,1.,P346380_2,asal2,|A.TU.GABA.LIŠ|,atomic,attested,,geš
P346380,1.,P346380_2,gin7,DIM₂,atomic,attested,,geš
P346380,2.,P346380_3,al,AL,atomic,attested,,
P346380,2.,P346380_3,e11,|LAGAR@g.DU|,compound,attested,OSL,
P346380,3.,P346380_4,al,AL,atomic,attested,,
P346380,3.,P346380_4,e11,|LAGAR@g.DU|,compound,attested,OSL,
P346380,3.,P346380_4,de3,NE,atomic,attested,,
P346383,1.,P346383_1,geme2,geme2,unresolved,,,
P346383,1.,P346383_2,ni2,NI₂,atomic,attested,,
P346383,1.,P346383_3,te,te,unresolved,,,
P346383,1.,P346383_3,a,A,atomic,attested,,
P346383,1.,P346383_3,gin7,DIM₂,atomic,attested,,
P346383,2.,P346383_4,naga3,|GUM×ŠE|,atomic,attested,,
P346383,2.,P346383_5,bi2,NE,atomic,attested,,
P346383,2.,P346383_5,ib,IB,atomic,attested,,
P346383,2.,P346383_5,gur,GUR,atomic,attested,,
P346383,2.,P346383_5,gur,GUR,atomic,attested,,
P346383,2.,P346383_5,re,RI,atomic,attested,,
P346383,2.,P346383_6,e,E,atomic,attested,,
P346383,2.,P346383_6,si,SI,atomic,attested,,
P346383,2.,P346383_6,ta,TA,atomic,attested,,
P346383,2.,P346383_6,am,|GUD×KUR|,atomic,attested,,
P346383,2.,P346383_7,tu,TU,atomic,attested,,
P346383,2.,P346383_7,uš,UŠ,atomic,attested,,
P346383,2.,P346383_7,ta,TA,atomic,attested,,
P346383,2.,P346383_7,na,NA,atomic,attested,,
P346383,2.,P346383_7,ag,AK,atomic,attested,,
P346383,2.,P346383_7,ra,RA,atomic,attested,,
P346383,2.,P346383_7,ar,|IGI.RI|,atomic,attested,,
P346383,3.,P346383_8,lukur,lukur,unresolved,,,
P346383,3.,P346383_9,hul2,hul2,unresolved,,,
P346383,3.,P346383_9,la,LA,atomic,attested,,
P346383,4.,P346383_10,dingir,AN,atomic,attested,,
P346383,4.,P346383_11,hul2,hul2,unresolved,,,
P346383,4.,P346383_11,la,LA,atomic,attested,,
P346349,1.,P346349_1,u2,U₂,atomic,attested,,
P346349,1.,P346349_2,dam,DAM,atomic,attested,,
P346349,1.,P346349_2,da,DA,atomic,attested,,
P346349,1.,P346349_3,ze2,ZE₂,atomic,attested,,
P346349,1.,P346349_3,eb,IB,atomic,attested,,
P346349,2.,P346349_4,u2,U₂,atomic,attested,,
P346349,2.,P346349_5,dumu,TUR,atomic,attested,,
P346349,2.,P346349_5,da,DA,atomic,attested,,
P346349,2.,P346349_6,ze2,ZE₂,atomic,attested,,
P346349,2.,P346349_6,eb,IB,atomic,attested,,
P346349,3.,P346349_7,ašnan,|ŠE.ŠE.NUN&NUN|,compound,attested,OSL,d
P346349,3.,P346349_8,ku3,KU₃,atomic,attested,,d
P346349,3.,P346349_8,su3,SUD,atomic,attested,,d
P346349,4.,P346349_9,e2,E₂,atomic,attested,,
P346349,4.,P346349_9,a,A,atomic,attested,,
P346349,4.,P346349_10,he2,|GAN×HI|,compound,attested,OSL,
P346349,4.,P346349_10,me,ME,atomic,attested,,
P346349,4.,P346349_10,da,DA,atomic,attested,,
P346349,4.,P346349_10,an,AN,atomic,attested,,
P346349,4.,P346349_10,ti,TI,atomic,attested,,
P346350,1.,P346350_1,peš2,PEŠ₂,atomic,attested,,
P346350,1.,P346350_2,tur,TUR,atomic,attested,,
P346350,1.,P346350_2,re,RI,atomic,attested,,
P346350,1.,P346350_3,lu2,LU₂,atomic,attested,,
P346350,1.,P346350_4,šu,ŠU,atomic,attested,,
P346350,1.,P346350_5,dab5,KU,atomic,attested,,
P346350,1.,P346350_5,ba,BA,atomic,attested,,
P346350,2.,P346350_6,erim2,ERIM2,atomic,attested,,
P346350,2.,P346350_7,al,AL,atomic,attested,,
P346350,2.,P346350_7,kar,KAR,atomic,attested,,
P346350,2.,P346350_7,re,RI,atomic,attested,,
P346350,2.,P346350_8,e,E,atomic,attested,,
P346350,2.,P346350_8,še,ŠE,atomic,attested,,
P346351,1.,P346351_1,in,IN,atomic,attested,,
P346351,1.,P346351_1,nu,NU,atomic,attested,,
P346351,1.,P346351_2,in,IN,atomic,attested,,
P346351,1.,P346351_3,dub2,DUB₂,atomic,attested,,
P346351,1.,P346351_3,ba,BA,atomic,attested,,
P346351,2.,P346351_4,in,IN,atomic,attested,,
P346351,2.,P346351_5,ma,MA,atomic,attested,,
P346351,2.,P346351_5,an,AN,atomic,attested,,
P346351,2.,P346351_5,du11,du11,unresolved,,,
P346351,3.,P346351_6,su,SU,atomic,attested,,
P346351,3.,P346351_6,lum,LUM,atomic,attested,,
P346351,3.,P346351_7,nu,NU,atomic,attested,,
P346351,3.,P346351_7,mu,MU,atomic,attested,,
P346351,3.,P346351_7,un,KALAM@g,atomic,attested,,
P346351,3.,P346351_7,mar,MAR,atomic,attested,,
P346351,4.,P346351_8,su,SU,atomic,attested,,
P346351,4.,P346351_8,lum,LUM,atomic,attested,,
P346351,4.,P346351_9,mar,MAR,atomic,attested,,
P346351,4.,P346351_10,ma,MA,atomic,attested,,
P346351,4.,P346351_10,an,AN,atomic,attested,,
P346351,4.,P346351_10,du11,du11,unresolved,,,
P346353,1.,P346353_1,en,EN,atomic,attested,,
P346353,1.,P346353_1,na,NA,atomic,attested,,
P346353,1.,P346353_2,ku3,KU₃,atomic,attested,,
P346353,1.,P346353_2,zu,ZU,atomic,attested,,
P346353,1.,P346353_3,ku3,KU₃,atomic,attested,,
P346353,1.,P346353_4,ba,BA,atomic,attested,,
P346353,1.,P346353_4,da,DA,atomic,attested,,
P346353,1.,P346353_4,an-na,|AN.NA|,compound,attested,OSL,
P346353,1.,P346353_4,x,X,atomic,attested,,
P346353,2.,P346353_5,na,NA,atomic,attested,,
P346353,2.,P346353_5,ga2,GA₂,atomic,attested,,
P346353,2.,P346353_5,e,E,atomic,attested,,
P346353,3.,P346353_6,a2,A₂,atomic,attested,,
P346353,3.,P346353_6,aš2,AŠ₂,atomic,attested,,
P346353,3.,P346353_6,bi,BI,atomic,attested,,
P346353,3.,P346353_7,sa2,DI,atomic,attested,,
P346353,3.,P346353_8,bi2,NE,atomic,attested,,
P346353,3.,P346353_8,in,IN,atomic,attested,,
P346353,3.,P346353_8,du11,du11,unresolved,,,
P346353,3.,P346353_8,ga,GA,atomic,attested,,
P346355,1.,P346355_1,nam,NAM,atomic,attested,,
P346355,1.,P346355_1,tar,TAR,atomic,attested,,
P346355,1.,P346355_1,gu10,MU,atomic,attested,,
P346355,1.,P346355_2,ga,GA,atomic,attested,,
P346355,1.,P346355_2,am3,|A.AN|,compound,attested,OSL,
P346355,1.,P346355_2,du11,du11,unresolved,,,
P346355,2.,P346355_3,su,SU,atomic,attested,,
P346355,2.,P346355_3,lum,LUM,atomic,attested,,
P346355,2.,P346355_4,mar,MAR,atomic,attested,,
P346355,2.,P346355_4,am3,|A.AN|,compound,attested,OSL,
P346355,3.,P346355_5,a-ra2,|A.DU|,compound,attested,OSL,
P346355,3.,P346355_5,gu10,MU,atomic,attested,,
P346355,3.,P346355_6,ga,GA,atomic,attested,,
P346355,3.,P346355_6,am3,|A.AN|,compound,attested,OSL,
P346355,3.,P346355_6,du11,du11,unresolved,,,
P346355,4.,P346355_7,ka,ka,unresolved,,,
P346355,4.,P346355_8,lu2,LU₂,atomic,attested,,
P346355,4.,P346355_9,ba,BA,atomic,attested,,
P346355,4.,P346355_9,an,AN,atomic,attested,,
P346355,4.,P346355_9,ses,ŠEŠ,atomic,attested,,
P346355,4.,P346355_9,e,E,atomic,attested,,
P346355,1.,P346355_10,er2,er2,unresolved,,,
P346355,1.,P346355_10,gu10,MU,atomic,attested,,
P346355,1.,P346355_11,im,IM,atomic,attested,,
P346355,1.,P346355_11,da,DA,atomic,attested,,
P346355,1.,P346355_11,an,AN,atomic,attested,,
P346355,1.,P346355_11,sa2,DI,atomic,attested,,
P346355,1.,P346355_11,a,A,atomic,attested,,
P346355,2.,P346355_12,ša3,ŠA₃,atomic,attested,,
P346355,2.,P346355_12,gu10,MU,atomic,attested,,
P346355,2.,P346355_13,im,IM,atomic,attested,,
P346355,2.,P346355_13,da,DA,atomic,attested,,
P346355,2.,P346355_13,an,AN,atomic,attested,,
P346355,2.,P346355_13,hul,|IGI.UR|,compound,attested,OSL,
P346355,3.,P346355_14,tuš,KU,atomic,attested,,
P346355,3.,P346355_14,a,A,atomic,attested,,
P346355,3.,P346355_15,NUMUN2,NUMUN2,atomic,attested,,
P346355,3.,P346355_16,e2,E₂,atomic,attested,,
P346355,3.,P346355_16,a,A,atomic,attested,,
P346355,3.,P346355_17,ba,BA,atomic,attested,,
P346355,3.,P346355_17,an,AN,atomic,attested,,
P346355,3.,P346355_17,du11,du11,unresolved,,,
P254878,1.,P254878_1,hu,HU,atomic,attested,,
P254878,1.,P254878_1,mu,MU,atomic,attested,,
P254878,1.,P254878_1,un,KALAM@g,atomic,attested,,
P254878,1.,P254878_1,im2,DU@s,atomic,attested,,
P254878,1.,P254878_1,e,E,atomic,attested,,
P254878,2.,P254878_2,hu,HU,atomic,attested,,
P254878,2.,P254878_2,mu,MU,atomic,attested,,
P254878,2.,P254878_2,un,KALAM@g,atomic,attested,,
P254878,2.,P254878_2,sar,SAR,atomic,attested,,
P254878,2.,P254878_2,re,RI,atomic,attested,,
P254878,3.,P254878_3,hu,HU,atomic,attested,,
P254878,3.,P254878_3,mu,MU,atomic,attested,,
P254878,3.,P254878_3,un,KALAM@g,atomic,attested,,
P254878,3.,P254878_3,GIR3,GIR₃,atomic,attested,,
P254878,4.,P254878_4,ib2,TUM,atomic,attested,,
P254878,4.,P254878_4,il2,il2,unresolved,,,
P254878,4.,P254878_4,x,X,atomic,attested,,
P254878,5.,P254878_5,bi2,NE,atomic,attested,,
P254878,5.,P254878_5,in,IN,atomic,attested,,
P254878,5.,P254878_5,du11,du11,unresolved,,,
P254878,5.,P254878_5,ga,GA,atomic,attested,,
P254878,6.,P254878_6,lu2,LU₂,atomic,attested,,
P254878,6.,P254878_7,dingir,AN,atomic,attested,,
P254878,6.,P254878_8,in,IN,atomic,attested,,
P254878,6.,P254878_8,tuku,TUK,atomic,attested,,
P254878,6.,P254878_8,am3,|A.AN|,compound,attested,OSL,
P346360,1.,P346360_1,tur5,TU,atomic,attested,,
P346360,1.,P346360_1,ra,RA,atomic,attested,,
P346360,1.,P346360_2,du10,HI,atomic,attested,,
P346360,1.,P346360_2,ga,GA,atomic,attested,,
P346360,1.,P346360_2,am3,|A.AN|,compound,attested,OSL,
P346360,2.,P346360_3,peš13,|ŠA₃.TUR|,compound,attested,OSL,
P346360,2.,P346360_4,gig,GIG,atomic,attested,,
P346360,2.,P346360_4,ga,GA,atomic,attested,,
P346360,2.,P346360_4,am3,|A.AN|,compound,attested,OSL,
P346360,3.,P346360_5,pešx(ŠA3),ŠA₃,atomic,attested,,
P346360,3.,P346360_6,tur5,TU,atomic,attested,,
P346360,3.,P346360_6,ra,RA,atomic,attested,,
P346360,4.,P346360_7,im,IM,atomic,attested,,
P346360,4.,P346360_7,ma,MA,atomic,attested,,
P346360,4.,P346360_7,diri,diri,unresolved,,,
P346360,4.,P346360_7,ga,GA,atomic,attested,,
P346360,4.,P346360_7,ta,TA,atomic,attested,,
P346361,1.,P346361_1,a2,A₂,atomic,attested,,
P346361,1.,P346361_2,ba,BA,atomic,attested,,
P346361,1.,P346361_2,…,…,broken,,,
P346361,2.,P346361_3,mitum,|KU.AN|,compound,attested,OSL,geš
P346361,2.,P346361_4,na,NA,atomic,attested,,
P346361,2.,P346361_4,an,AN,atomic,attested,,
P346361,2.,P346361_4,šum2,šum2,unresolved,,,
P346361,3.,P346361_5,en,EN,atomic,attested,,d
P346361,3.,P346361_5,lil2,KID,atomic,attested,,d
P346361,3.,P346361_6,a2,A₂,atomic,attested,,
P346361,3.,P346361_6,tah,|MU&MU|,atomic,attested,,
P346361,3.,P346361_6,ni,NI,atomic,attested,,
P346363,1.,P346363_1,peš2,PEŠ₂,atomic,attested,,
P346363,1.,P346363_2,tur,TUR,atomic,attested,,
P346363,1.,P346363_2,re,RI,atomic,attested,,
P346363,1.,P346363_3,ama,|GA₂×AN|,atomic,attested,,
P346363,1.,P346363_3,ni-ir,|NA₂.X|,compound,attested,OSL,
P346363,1.,P346363_4,na,NA,atomic,attested,,
P346363,1.,P346363_4,ab,AB,atomic,attested,,
P346363,1.,P346363_4,be2,BI,atomic,attested,,
P346363,1.,P346363_4,a,A,atomic,attested,,
P346363,2.,P346363_5,im,IM,atomic,attested,,
P346363,2.,P346363_5,ta,TA,atomic,attested,,
P346363,2.,P346363_5,e3,e3,unresolved,,,
P346363,2.,P346363_6,lu2,LU₂,atomic,attested,,
P346363,2.,P346363_7,na,NA,atomic,attested,,
P346363,2.,P346363_7,me,ME,atomic,attested,,
P346363,2.,P346363_8,igi,IGI,atomic,attested,,
P346363,2.,P346363_9,nu,NU,atomic,attested,,
P346363,2.,P346363_9,mu,MU,atomic,attested,,
P346363,2.,P346363_9,duh,DUH,atomic,attested,,
P346363,3.,P346363_10,ama,|GA₂×AN|,atomic,attested,,
P346363,3.,P346363_10,ni,NI,atomic,attested,,
P346363,3.,P346363_11,mu,MU,atomic,attested,,
P346363,3.,P346363_11,un,KALAM@g,atomic,attested,,
P346363,3.,P346363_11,na,NA,atomic,attested,,
P346363,3.,P346363_11,ni,NI,atomic,attested,,
P346363,3.,P346363_11,ib2,TUM,atomic,attested,,
P346363,3.,P346363_11,gi4,GI₄,atomic,attested,,
P346363,3.,P346363_11,gi4,GI₄,atomic,attested,,
P346363,4.,P346363_12,igi,IGI,atomic,attested,,
P346363,4.,P346363_13,duh,DUH,atomic,attested,,
P346363,4.,P346363_13,zu,ZU,atomic,attested,,
P346363,4.,P346363_14,tum3,|NIM×GAN₂@t|,atomic,attested,,
P346363,4.,P346363_14,tum3,|NIM×GAN₂@t|,atomic,attested,,
P346363,4.,P346363_14,mu,MU,atomic,attested,,
P346363,4.,P346363_15,e,E,atomic,attested,,
P346363,4.,P346363_15,še,ŠE,atomic,attested,,
P346364,1.,P346364_1,ur,UR,atomic,attested,,
P346364,1.,P346364_2,mud6,SAR,atomic,attested,,
P346364,1.,P346364_2,da,DA,atomic,attested,,
P346364,1.,P346364_2,gin7,DIM₂,atomic,attested,,
P346364,2.,P346364_3,i7,i7,unresolved,,,
P346364,2.,P346364_3,da,DA,atomic,attested,,
P346364,2.,P346364_4,gid2,BU,atomic,attested,,
P346364,2.,P346364_4,da,DA,atomic,attested,,
P346364,2.,P346364_4,bi,BI,atomic,attested,,
P346364,3.,P346364_5,a,A,atomic,attested,,
P346364,3.,P346364_6,šu,ŠU,atomic,attested,,
P346364,3.,P346364_7,al,AL,atomic,attested,,
P346364,3.,P346364_7,ke3,AK,atomic,attested,,
P346364,3.,P346364_7,en,EN,atomic,attested,,
P346364,3.,P346364_8,e,E,atomic,attested,,
P346364,3.,P346364_8,še,ŠE,atomic,attested,,
P346365,1.,P346365_1,geštu2,|GIŠ.TUG₂.PI|,compound,attested,OSL,
P346365,1.,P346365_2,ku3,KU₃,atomic,attested,,
P346365,1.,P346365_2,zu,ZU,atomic,attested,,
P346365,1.,P346365_3,geštu2,|GIŠ.TUG₂.PI|,compound,attested,OSL,
P346365,1.,P346365_3,…,…,broken,,,
P346365,2.,P346365_4,KA,KA,unresolved,,,
P346365,2.,P346365_5,TUG2,TUG₂,atomic,attested,,
P346365,2.,P346365_6,nam,NAM,atomic,attested,,
P346365,2.,P346365_6,lu2,LU₂,atomic,attested,,
P346365,2.,P346365_6,lu7,|URU×MIN|,atomic,attested,,
P346365,2.,P346365_6,…,…,broken,,,
P346365,3.,P346365_7,šu,ŠU,atomic,attested,,
P346365,3.,P346365_8,na,NA,atomic,attested,,
P346365,3.,P346365_8,ba,BA,atomic,attested,,
P346365,3.,P346365_8,an,AN,atomic,attested,,
P346365,3.,P346365_8,du7,DU7,atomic,attested,,
P346365,3.,P346365_8,…,…,broken,,,
P346365,4.,P346365_9,ki,KI,atomic,attested,,
P346365,4.,P346365_9,inim,inim,unresolved,,,
P346365,4.,P346365_9,ma,MA,atomic,attested,,
P346365,4.,P346365_9,ke4,KID,atomic,attested,,
P346365,4.,P346365_10,nam,NAM,atomic,attested,,
P346365,4.,P346365_10,ba,BA,atomic,attested,,
P346365,4.,P346365_10,…,…,broken,,,
P346365,5.,P346365_11,sag,SAG,atomic,attested,,
P346365,5.,P346365_12,nu,NU,atomic,attested,,
P346365,5.,P346365_12,erim2,ERIM2,atomic,attested,,
P346365,5.,P346365_12,gin7,DIM₂,atomic,attested,,
P346365,5.,P346365_13,geš,GIŠ,atomic,attested,,
P346365,5.,P346365_14,…,…,broken,,,
P346365,6.,P346365_15,ki,KI,atomic,attested,,
P346365,6.,P346365_15,ma,MA,atomic,attested,,
P346365,6.,P346365_15,an,AN,atomic,attested,,
P346365,6.,P346365_15,ze2,ZE₂,atomic,attested,,
P346365,6.,P346365_15,er,IR,atomic,attested,,
P346365,6.,P346365_16,KA,KA,unresolved,,,
P346365,6.,P346365_17,…,…,broken,,,
P346365,7.,P346365_18,ki,KI,atomic,attested,,
P346365,7.,P346365_19,dingir,AN,atomic,attested,,
P346365,7.,P346365_19,ra,RA,atomic,attested,,
P346365,7.,P346365_19,ke4,KID,atomic,attested,,
P346365,7.,P346365_20,ba,BA,atomic,attested,,
P346365,7.,P346365_20,an,AN,atomic,attested,,
P346365,7.,P346365_20,x,X,atomic,attested,,
P346365,7.,P346365_20,…,…,broken,,,
P346365,8.,P346365_21,inim,inim,unresolved,,,
P346365,8.,P346365_21,zu,ZU,atomic,attested,,
P346365,8.,P346365_22,ka,ka,unresolved,,,
P346365,8.,P346365_22,še3,EŠ₂,atomic,attested,,
P346365,8.,P346365_23,hu,HU,atomic,attested,,
P346365,8.,P346365_23,mu,MU,atomic,attested,,
P346365,8.,P346365_23,x,X,atomic,attested,,
P346365,8.,P346365_23,…,…,broken,,,
P346366,1.,P346366_1,dingir,AN,atomic,attested,,
P346366,1.,P346366_2,šub,RU,atomic,attested,,
P346366,1.,P346366_2,ba,BA,atomic,attested,,
P346366,1.,P346366_3,ki,KI,atomic,attested,,
P346366,1.,P346366_3,bi,BI,atomic,attested,,
P346366,1.,P346366_4,gi4,GI₄,atomic,attested,,
P346366,1.,P346366_4,gi4,GI₄,atomic,attested,,
P346366,2.,P346366_5,agrig,|IGI.DUB|,compound,attested,OSL,
P346366,2.,P346366_6,zi,ZI,atomic,attested,,
P346366,2.,P346366_7,an-na,|AN.NA|,compound,attested,OSL,
P346367,1.,P346367_1,nir,nir,unresolved,,,
P346367,1.,P346367_1,gal2,IG,atomic,attested,,
P346367,1.,P346367_1,e,E,atomic,attested,,
P346367,2.,P346367_2,KA,KA,unresolved,,,
P346367,2.,P346367_3,dingir,AN,atomic,attested,,
P346367,2.,P346367_3,ra,RA,atomic,attested,,
P346367,2.,P346367_3,kam,|HI×BAD|,atomic,attested,,
P346367,3.,P346367_4,ma2,MA₂,atomic,attested,,
P346367,3.,P346367_4,gur8,TE@g,atomic,attested,,
P346367,3.,P346367_5,i7,i7,unresolved,,,
P346367,3.,P346367_5,da,DA,atomic,attested,,
P346367,4.,P346367_6,gigir,gigir,unresolved,,,geš
P346367,4.,P346367_7,har,har,unresolved,,,
P346367,4.,P346367_7,ra,RA,atomic,attested,,
P346367,4.,P346367_7,an-na,|AN.NA|,compound,attested,OSL,
P346367,5.,P346367_8,mu,MU,atomic,attested,,
P346367,5.,P346367_8,na,NA,atomic,attested,,
P346367,5.,P346367_8,da,DA,atomic,attested,,
P346367,5.,P346367_8,DU,DU,atomic,attested,,
P346294,1.,P346294_1,…,…,broken,,,
P346294,1.,P346294_2,tir,|ŠE.NUN&NUN|,atomic,attested,,
P346294,1.,P346294_2,ra,RA,atomic,attested,,
P346294,2.,P346294_3,…,…,broken,,,
P346294,2.,P346294_4,ur,UR,atomic,attested,,
P346294,2.,P346294_4,mah,MAH,atomic,attested,,
P346294,2.,P346294_4,e,E,atomic,attested,,
P346294,3.,P346294_5,nin,|SAL.TUG₂|,atomic,attested,,d
P346294,3.,P346294_5,e2,E₂,atomic,attested,,d
P346294,3.,P346294_5,gal,GAL,atomic,attested,,d
P346294,3.,P346294_6,sa,SA,atomic,attested,,
P346294,3.,P346294_6,šu2,ŠU₂,atomic,attested,,
P346294,3.,P346294_6,uš,UŠ,atomic,attested,,
P346294,3.,P346294_6,gal,GAL,atomic,attested,,
P346294,4.,P346294_7,guruš,GURUŠ,atomic,attested,,
P346294,4.,P346294_7,e,E,atomic,attested,,
P346294,4.,P346294_8,dul,|U.TUG₂|,compound,attested,OSL,
P346294,4.,P346294_8,…,…,broken,,,
P346294,5.,P346294_9,…,…,broken,,,
P346294,5.,P346294_10,gal4-la,|SAL.LA|,compound,attested,OSL,
P346294,5.,P346294_11,ba,BA,atomic,attested,,
P346294,5.,P346294_11,…,…,broken,,,
P346294,6.,P346294_12,…,…,broken,,,
P346294,6.,P346294_13,x,X,atomic,attested,,
P346294,6.,P346294_14,x,X,atomic,attested,,
P346294,6.,P346294_15,…,…,broken,,,
P346294,7.,P346294_16,…,…,broken,,,
P346294,7.,P346294_16,un,KALAM@g,atomic,attested,,
P346294,7.,P346294_16,sar,SAR,atomic,attested,,
P346294,7.,P346294_16,sar,SAR,atomic,attested,,
P346306,1-2.,P346306_1,lu2,LU₂,atomic,attested,,
P346306,1-2.,P346306_2,teš2,UR,atomic,attested,,
P346306,1-2.,P346306_3,tuku,TUK,atomic,attested,,
P346306,1-2.,P346306_3,tuku,TUK,atomic,attested,,
P346306,1-2.,P346306_4,hu,HU,atomic,attested,,
P346306,1-2.,P346306_4,ru,RU,atomic,attested,,
P346306,1-2.,P346306_5,ma2,MA₂,atomic,attested,,
P346306,1-2.,P346306_5,bi,BI,atomic,attested,,
P346313,1-2.,P346313_1,anše,ANŠE,atomic,attested,,
P346313,1-2.,P346313_2,bar,BAR,atomic,attested,,
P346313,1-2.,P346313_3,udu,LU,atomic,attested,,
P346313,1-2.,P346313_4,hi,HI,atomic,attested,,
P346313,1-2.,P346313_4,a,A,atomic,attested,,
P346313,1-2.,P346313_4,ka,ka,unresolved,,,
P346313,1-2.,P346313_5,kim,DIM₂,atomic,attested,,geš
P346313,1-2.,P346313_6,nu,NU,atomic,attested,,
P346313,1-2.,P346313_6,mu,MU,atomic,attested,,
P346313,1-2.,P346313_6,ni,NI,atomic,attested,,
P346313,1-2.,P346313_6,zu,ZU,atomic,attested,,
P346335,1.,P346335_1,nig2,GAR,atomic,attested,,
P346335,1.,P346335_1,tuku,TUK,atomic,attested,,
P346335,1.,P346335_2,nig2,GAR,atomic,attested,,
P346335,1.,P346335_2,al,AL,atomic,attested,,
P346335,1.,P346335_2,di,DI,atomic,attested,,
P346335,2.,P346335_3,nig2,GAR,atomic,attested,,
P346335,2.,P346335_3,gig,GIG,atomic,attested,,
P346335,2.,P346335_4,dingir,AN,atomic,attested,,
P346335,2.,P346335_4,ra,RA,atomic,attested,,
P346335,2.,P346335_4,kam,|HI×BAD|,atomic,attested,,
P346342,1'.,P346342_1,…,…,broken,,,
P346342,1'.,P346342_2,geme2,geme2,unresolved,,,
P346342,1'.,P346342_3,…,…,broken,,,
P346342,2'.,P346342_4,x,X,atomic,attested,,
P346342,2'.,P346342_4,la,LA,atomic,attested,,
P346342,2'.,P346342_5,nu,NU,atomic,attested,,
P346342,2'.,P346342_5,sal,SAL,atomic,attested,,
P346342,2'.,P346342_5,…,…,broken,,,
P346342,3'.,P346342_6,sug,SUG,atomic,attested,,
P346342,3'.,P346342_6,a,A,atomic,attested,,
P346342,3'.,P346342_6,ni,NI,atomic,attested,,
P346342,3'.,P346342_7,ma2,MA₂,atomic,attested,,
P346342,3'.,P346342_8,nu,NU,atomic,attested,,
P346342,3'.,P346342_8,mu,MU,atomic,attested,,
P346342,3'.,P346342_8,…,…,broken,,,
P346342,4'.,P346342_9,gu2,GU₂,atomic,attested,,
P346342,4'.,P346342_10,sug,SUG,atomic,attested,,
P346342,4'.,P346342_10,a,A,atomic,attested,,
P346342,4'.,P346342_10,ni,NI,atomic,attested,,
P346342,4'.,P346342_11,gi,GI,atomic,attested,,
P346342,4'.,P346342_12,x,X,atomic,attested,,
P346342,4'.,P346342_12,…,…,broken,,,
P346342,5'.,P346342_13,TUG2,TUG₂,atomic,attested,,
P346342,5'.,P346342_13,am3,|A.AN|,compound,attested,OSL,
P346342,5'.,P346342_14,du10,HI,atomic,attested,,
P346342,5'.,P346342_14,ga,GA,atomic,attested,,
P346342,5'.,P346342_14,am3,|A.AN|,compound,attested,OSL,
P346342,5'.,P346342_15,…,…,broken,,,
P254883,1.,P254883_1,ki,KI,atomic,attested,,
P254883,1.,P254883_2,dingir,AN,atomic,attested,,
P254883,1.,P254883_3,ab,AB,atomic,attested,,
P254883,1.,P254883_3,si,SI,atomic,attested,,
P254883,1.,P254883_3,a,A,atomic,attested,,
P254883,1.,P254883_4,a,A,atomic,attested,,
P254883,1.,P254883_4,ba,BA,atomic,attested,,
P254883,1.,P254883_4,a,A,atomic,attested,,
P254883,1.,P254883_5,šu,ŠU,atomic,attested,,
P254883,1.,P254883_6,gul,gul,unresolved,,,
P254883,1.,P254883_6,la,LA,atomic,attested,,
P254883,2.,P254883_7,gul,gul,unresolved,,,
P254883,2.,P254883_8,dingir,AN,atomic,attested,,
P254883,2.,P254883_8,ra,RA,atomic,attested,,
P254883,2.,P254883_9,na4,DAG₃,atomic,attested,,
P254883,2.,P254883_9,a,A,atomic,attested,,
P254883,2.,P254883_10,gar,GAR,atomic,attested,,
P254883,2.,P254883_10,ra,RA,atomic,attested,,
P346396,1.,P346396_1,kur,KUR,atomic,attested,,mušen
P346396,1.,P346396_1,gi4,GI₄,atomic,attested,,mušen
P346396,1.,P346396_2,na,NA,atomic,attested,,
P346396,1.,P346396_2,ab,AB,atomic,attested,,
P346396,1.,P346396_2,be2,BI,atomic,attested,,
P346396,1.,P346396_2,a,A,atomic,attested,,
P346396,2.,P346396_3,x,X,atomic,attested,,
P346396,2.,P346396_3,nam,NAM,atomic,attested,,
P346396,2.,P346396_4,imin,IMIN,atomic,attested,,
P346396,2.,P346396_4,e,E,atomic,attested,,
P346396,2.,P346396_5,bala,BAL,atomic,attested,,
P346396,2.,P346396_5,e,E,atomic,attested,,
P346396,3.,P346396_6,x,X,atomic,attested,,
P346396,3.,P346396_7,gal,GAL,atomic,attested,,
P346396,3.,P346396_7,bi,BI,atomic,attested,,
P346396,3.,P346396_8,ŠE3,EŠ₂,atomic,attested,,
P346396,3.,P346396_8,a,A,atomic,attested,,
P346396,4.,P346396_9,giri3,GIR₃,atomic,attested,,
P346396,4.,P346396_10,dili,AŠ,atomic,attested,,
P346396,4.,P346396_10,gu10,MU,atomic,attested,,
P346396,4.,P346396_11,ge6,MI,atomic,attested,,
P346396,4.,P346396_11,u3,|IGI.DIB|,atomic,attested,,
P346396,4.,P346396_11,na,NA,atomic,attested,,
P346396,4.,P346396_11,ka,ka,unresolved,,,
P346396,5.,P346396_12,ni2,NI₂,atomic,attested,,
P346396,5.,P346396_12,zu,ZU,atomic,attested,,
P346396,5.,P346396_13,al,AL,atomic,attested,,
P346396,5.,P346396_13,di,DI,atomic,attested,,
P346396,5.,P346396_13,en,EN,atomic,attested,,
P346396,5.,P346396_14,e,E,atomic,attested,,
P346396,5.,P346396_14,še,ŠE,atomic,attested,,
P254893,1.,P254893_1,lu2,LU₂,atomic,attested,,
P254893,1.,P254893_2,nig2,GAR,atomic,attested,,
P254893,1.,P254893_2,tuku,TUK,atomic,attested,,
P254893,1.,P254893_2,tuku,TUK,atomic,attested,,
P254893,1.,P254893_3,lu2,LU₂,atomic,attested,,
P254893,1.,P254893_4,nig2,GAR,atomic,attested,,
P254893,1.,P254893_4,nu,NU,atomic,attested,,
P254893,1.,P254893_4,tuku,TUK,atomic,attested,,
P254893,1.,P254893_5,a,A,atomic,attested,,
P254893,1.,P254893_5,ap,AB,atomic,attested,,
P254893,1.,P254893_5,nu,NU,atomic,attested,,
P254893,1.,P254893_5,um,UM,atomic,attested,,
P254893,1.,P254893_6,a,A,atomic,attested,,
P254893,1.,P254893_6,na,NA,atomic,attested,,
P254893,1.,P254893_7,ša,ŠA,atomic,attested,,
P254893,1.,P254893_7,x,X,atomic,attested,,
P254893,1.,P254893_7,im,IM,atomic,attested,,
P254893,2.,P254893_8,gig,GIG,atomic,attested,,
P254893,2.,P254893_8,še3,EŠ₂,atomic,attested,,
P254893,2.,P254893_9,mim-ma,|SAL.MA|,compound,attested,OSL,
P254893,2.,P254893_10,mu,MU,atomic,attested,,
P254893,2.,P254893_10,ur,UR,atomic,attested,,
P254893,2.,P254893_10,ṣi2,ṣi2,unresolved,,,
P254893,2.,P254893_10,im,IM,atomic,attested,,
P254893,2.,P254893_11,im,IM,atomic,attested,,
P254893,2.,P254893_11,gar,GAR,atomic,attested,,
P254893,2.,P254893_12,ša,ŠA,atomic,attested,,
P254893,2.,P254893_12,ki,KI,atomic,attested,,
P254893,2.,P254893_12,in,IN,atomic,attested,,
P254893,2.,P254893_12,šu,ŠU,atomic,attested,,
P254893,2.,P254893_12,um,UM,atomic,attested,,
P254893,3.,P254893_13,da,DA,atomic,attested,,
P254893,3.,P254893_14,x,X,atomic,attested,,
P254893,3.,P254893_15,ru,RU,atomic,attested,,
P254893,3.,P254893_15,a,A,atomic,attested,,
P254893,3.,P254893_16,HAR,HAR,unresolved,,,
P254893,3.,P254893_17,x,X,atomic,attested,,
P254893,3.,P254893_17,gu,GU,atomic,attested,,
P254893,3.,P254893_17,x,X,atomic,attested,,
P254893,3.,P254893_17,…,…,broken,,,
P254893,4.,P254893_18,su,SU,atomic,attested,,
P254893,4.,P254893_18,gu7,|KA×GAR|,atomic,attested,,
P254893,4.,P254893_19,ri,RI,atomic,attested,,
P254893,4.,P254893_19,ši,IGI,atomic,attested,,
P254893,4.,P254893_19,tum,TUM,atomic,attested,,
P254893,4.,P254893_20,nig2,GAR,atomic,attested,,
P254893,4.,P254893_21,u4,UD,atomic,attested,,
P254893,4.,P254893_22,da,DA,atomic,attested,,
P254893,4.,P254893_22,ri2,URU,atomic,attested,,
P254893,4.,P254893_22,ka,ka,unresolved,,,
P254893,4.,P254893_23,ša,ŠA,atomic,attested,,
P254893,4.,P254893_24,da,DA,atomic,attested,,
P254893,4.,P254893_24,ri,RI,atomic,attested,,
P254893,4.,P254893_24,a,A,atomic,attested,,
P254893,4.,P254893_24,tim,DIM,atomic,attested,,
P254893,5.,P254893_25,da,DA,atomic,attested,,
P254893,5.,P254893_25,ri,RI,atomic,attested,,
P254893,5.,P254893_25,a,A,atomic,attested,,
P254893,5.,P254893_26,sumur2,SUHUR,atomic,attested,,
P254893,5.,P254893_27,an,AN,atomic,attested,,
P254893,5.,P254893_27,dul3,SAG@g,atomic,attested,,
P254893,6.,P254893_28,su,SU,atomic,attested,,
P254893,6.,P254893_28,gu7,|KA×GAR|,atomic,attested,,
P254893,6.,P254893_29,nig2,GAR,atomic,attested,,
P254893,6.,P254893_30,u4,UD,atomic,attested,,
P254893,6.,P254893_31,da,DA,atomic,attested,,
P254893,6.,P254893_31,ri2,URU,atomic,attested,,
P254893,6.,P254893_31,ka,ka,unresolved,,,
P346426,1'.,P346426_1,…,…,broken,,,
P346426,1'.,P346426_2,x,X,atomic,attested,,
P346426,1'.,P346426_3,x,X,atomic,attested,,
P346426,1'.,P346426_4,…,…,broken,,,
P346426,2'.,P346426_5,nam,NAM,atomic,attested,,
P346426,2'.,P346426_5,muzug,|U₂.SAG|,compound,attested,OSL,
P346426,2'.,P346426_6,x,X,atomic,attested,,
P346426,2'.,P346426_7,…,…,broken,,,
P346426,2'.,P346426_8,KA,KA,unresolved,,,
P346426,2'.,P346426_9,i,I,atomic,attested,,
P346426,2'.,P346426_9,ba,BA,atomic,attested,,
P346426,2'.,P346426_9,a,A,atomic,attested,,
P346426,3'.,P346426_10,iškur,IM,atomic,attested,,d
P346426,3'.,P346426_11,an,AN,atomic,attested,,
P346426,3'.,P346426_12,dar,DAR,atomic,attested,,
P346426,3'.,P346426_12,dar,DAR,atomic,attested,,
P346426,3'.,P346426_12,re,RI,atomic,attested,,
P346426,4'.,P346426_13,a,A,atomic,attested,,kuš
P346426,4'.,P346426_13,ga2,GA₂,atomic,attested,,kuš
P346426,4'.,P346426_13,la2,LAL,atomic,attested,,kuš
P346426,4'.,P346426_14,nu,NU,atomic,attested,,
P346426,4'.,P346426_14,dar,DAR,atomic,attested,,
P346426,4'.,P346426_14,re,RI,atomic,attested,,
P346430,1.,P346430_1,gi4,GI₄,atomic,attested,,+men3
P346430,1.,P346430_1,in,IN,atomic,attested,,+men3
P346430,1.,P346430_1,ge26,GA₂,atomic,attested,,+men3
P346430,1.,P346430_1,en,EN,atomic,attested,,+men3
P346430,2.,P346430_2,ga,GA,atomic,attested,,
P346430,2.,P346430_2,ša,ŠA,atomic,attested,,
P346430,2.,P346430_2,an,AN,atomic,attested,,
P346430,2.,P346430_2,men3,DU,atomic,attested,,
P346430,3.,P346430_3,še,ŠE,atomic,attested,,
P346430,3.,P346430_3,er,IR,atomic,attested,,
P346430,3.,P346430_4,nu,NU,atomic,attested,,
P346430,3.,P346430_4,u3,|IGI.DIB|,atomic,attested,,
P346430,3.,P346430_4,mu,MU,atomic,attested,,
P346430,3.,P346430_4,un,KALAM@g,atomic,attested,,
P346430,3.,P346430_4,na,NA,atomic,attested,,
P346430,3.,P346430_4,ma,MA,atomic,attested,,
P346430,3.,P346430_4,al,AL,atomic,attested,,
P346430,4.,P346430_5,mu,MU,atomic,attested,,
P346430,4.,P346430_5,u4,UD,atomic,attested,,
P346430,4.,P346430_5,na,NA,atomic,attested,,
P346430,4.,P346430_5,gu10,MU,atomic,attested,,
P346430,5.,P346430_6,ga,GA,atomic,attested,,
P346430,5.,P346430_6,an,AN,atomic,attested,,
P346430,5.,P346430_6,ze2,ZE₂,atomic,attested,,
P346430,5.,P346430_7,e,E,atomic,attested,,
P346430,5.,P346430_7,še,ŠE,atomic,attested,,
P346430,6.,P346430_8,a,A,atomic,attested,,
P346430,6.,P346430_8,ma,MA,atomic,attested,,
P346430,6.,P346430_8,ku,KU,atomic,attested,,
P346430,6.,P346430_8,u2,U₂,atomic,attested,,
P346430,6.,P346430_8,ma,MA,atomic,attested,,
P346430,6.,P346430_9,a,A,atomic,attested,,
P346430,6.,P346430_9,na,NA,atomic,attested,,
P346430,6.,P346430_10,be,BAD,atomic,attested,,
P346430,6.,P346430_10,el,EL,atomic,attested,,
P346430,6.,P346430_10,ti,TI,atomic,attested,,
P346430,6.,P346430_10,ia,|I.A|,atomic,attested,,
P346430,7.,P346430_11,u2,U₂,atomic,attested,,
P346430,7.,P346430_11,la,LA,atomic,attested,,
P346430,7.,P346430_12,e,E,atomic,attested,,
P346430,7.,P346430_12,te,te,unresolved,,,
P346430,7.,P346430_12,el,EL,atomic,attested,,
P346430,7.,P346430_12,li,LI,atomic,attested,,
P346430,7.,P346430_12,ku,KU,atomic,attested,,
P346430,8.,P346430_13,lu,LU,atomic,attested,,
P346430,8.,P346430_13,ul,ul,unresolved,,,
P346430,8.,P346430_13,li,LI,atomic,attested,,
P346430,8.,P346430_13,ik,IG,atomic,attested,,
P346430,1.,P346430_14,ha,HA,atomic,attested,,
P346430,1.,P346430_14,wi,PI,atomic,attested,,
P346430,1.,P346430_14,ri,RI,atomic,attested,,
P346430,2.,P346430_15,lu,LU,atomic,attested,,
P346430,2.,P346430_15,ub,UB,atomic,attested,,
P346430,2.,P346430_15,qu2,KU,atomic,attested,,
P346430,2.,P346430_15,ma,MA,atomic,attested,,
P346430,2.,P346430_15,am,|GUD×KUR|,atomic,attested,,
P346902,1.,P346902_1,…,…,broken,,,
P346902,1.,P346902_2,dili,AŠ,atomic,attested,,
P346902,1.,P346902_2,am3,|A.AN|,compound,attested,OSL,
P346902,1.,P346902_3,he2,|GAN×HI|,compound,attested,OSL,
P346902,1.,P346902_3,zu,ZU,atomic,attested,,
P346902,2.,P346902_4,…,…,broken,,,
P346902,2.,P346902_5,he2,|GAN×HI|,compound,attested,OSL,
P346902,2.,P346902_5,sa6,sa6,unresolved,,,
P346902,3.,P346902_6,e,E,atomic,attested,,
P346902,3.,P346902_6,ne,NE,atomic,attested,,
P346902,3.,P346902_6,am3,|A.AN|,compound,attested,OSL,
P346902,3.,P346902_7,dub,DUB,atomic,attested,,
P346902,3.,P346902_7,sar,SAR,atomic,attested,,
P346902,3.,P346902_7,ra,RA,atomic,attested,,
P346902,3.,P346902_7,am3,|A.AN|,compound,attested,OSL,
P346903,1.,P346903_1,utu,UD,atomic,attested,,d
P346903,1.,P346903_1,šu2,ŠU₂,atomic,attested,,d
P346903,1.,P346903_1,a,A,atomic,attested,,d
P346903,1.,P346903_1,aš,AŠ,atomic,attested,,d
P346903,2.,P346903_2,x,X,atomic,attested,,
P346903,2.,P346903_3,lu2,LU₂,atomic,attested,,
P346903,2.,P346903_4,gi,GI,atomic,attested,,
P346903,2.,P346903_4,gur,GUR,atomic,attested,,
P346903,2.,P346903_4,da,DA,atomic,attested,,
P346903,2.,P346903_5,…,…,broken,,,
P346903,3.,P346903_6,x,X,atomic,attested,,
P346903,3.,P346903_7,DU,DU,atomic,attested,,
P346903,3.,P346903_8,…,…,broken,,,
P346903,4.,P346903_9,x,X,atomic,attested,,
P346903,4.,P346903_10,ša3,ŠA₃,atomic,attested,,
P346903,4.,P346903_11,gin6,GI,atomic,attested,,
P346903,4.,P346903_11,na,NA,atomic,attested,,
P346903,4.,P346903_12,x,X,atomic,attested,,
P346903,5.,P346903_13,…,…,broken,,,
P346903,5.,P346903_13,bi,BI,atomic,attested,,
P346903,5.,P346903_13,še3,EŠ₂,atomic,attested,,
P346903,5.,P346903_14,nu,NU,atomic,attested,,
P346903,5.,P346903_14,ub,UB,atomic,attested,,
P346903,5.,P346903_14,tum3,|NIM×GAN₂@t|,atomic,attested,,
P346904,1.,P346904_1,…,…,broken,,,mušen
P346904,1.,P346904_2,hi,HI,atomic,attested,,
P346904,1.,P346904_2,li,LI,atomic,attested,,
P346904,1.,P346904_3,su3,SUD,atomic,attested,,
P346904,1.,P346904_3,su3,SUD,atomic,attested,,
P346904,1.,P346904_3,…,…,broken,,,
P346904,2.,P346904_4,x,X,atomic,attested,,
P346904,2.,P346904_4,NE,NE,atomic,attested,,
P346904,2.,P346904_5,al,AL,atomic,attested,,
P346904,2.,P346904_5,hu,HU,atomic,attested,,
P346904,2.,P346904_5,na,NA,atomic,attested,,
P346904,2.,P346904_5,…,…,broken,,,
P346904,3.,P346904_6,gu3,gu3,unresolved,,,
P346904,3.,P346904_7,de2,DE₂,atomic,attested,,
P346904,3.,P346904_7,a,A,atomic,attested,,
P346904,3.,P346904_7,bi,BI,atomic,attested,,
P346904,3.,P346904_8,al,AL,atomic,attested,,
P346904,3.,P346904_8,hu,HU,atomic,attested,,
P346904,3.,P346904_8,x,X,atomic,attested,,
P346905,1.,P346905_1,A2,A₂,atomic,attested,,
P346905,1.,P346905_2,x,X,atomic,attested,,
P346905,1.,P346905_3,…,…,broken,,,
P346905,2.,P346905_4,igi,IGI,atomic,attested,,
P346905,2.,P346905_5,gal2,IG,atomic,attested,,
P346905,2.,P346905_6,…,…,broken,,,
P346905,3.,P346905_7,nu,NU,atomic,attested,,
P346905,3.,P346905_7,ub,UB,atomic,attested,,
P346905,3.,P346905_7,da,DA,atomic,attested,,
P346905,3.,P346905_7,…,…,broken,,,
P346906,1.,P346906_1,…,…,broken,,,
P346906,1.,P346906_2,x,X,atomic,attested,,
P346906,1.,P346906_2,še3,EŠ₂,atomic,attested,,
P346906,1.,P346906_3,uzu,UZU,atomic,attested,,
P346906,1.,P346906_4,…,…,broken,,,
P346906,2.,P346906_5,…,…,broken,,,
P346906,2.,P346906_6,x,X,atomic,attested,,
P346906,2.,P346906_7,bi2,NE,atomic,attested,,
P346906,2.,P346906_7,in,IN,atomic,attested,,
P346906,2.,P346906_7,…,…,broken,,,
P346906,3.,P346906_8,…,…,broken,,,
P346906,3.,P346906_9,BU,BU,atomic,attested,,
P346906,3.,P346906_10,TU6,TU6,unresolved,,,
P346906,3.,P346906_11,…,…,broken,,,
P346907,1.,P346907_1,ku3,KU₃,atomic,attested,,
P346907,1.,P346907_1,zu,ZU,atomic,attested,,
P346907,1.,P346907_2,min,MIN,atomic,attested,,
P346907,1.,P346907_3,x,X,atomic,attested,,
P346907,1.,P346907_4,…,…,broken,,,
P346907,2.,P346907_5,gal,GAL,atomic,attested,,
P346907,2.,P346907_5,an,AN,atomic,attested,,
P346907,2.,P346907_5,zu,ZU,atomic,attested,,
P346907,2.,P346907_6,eš5,|DIŠ.DIŠ.DIŠ|,compound,attested,OSL,
P346907,2.,P346907_7,…,…,broken,,,
P346907,3.,P346907_8,is2,IŠ,atomic,attested,,
P346907,3.,P346907_8,ha2,|HI.A|,compound,attested,OSL,
P346907,3.,P346907_8,x,X,atomic,attested,,
P346907,3.,P346907_9,…,…,broken,,,
P346908,1.,P346908_1,…,…,broken,,,
P346908,1.,P346908_2,IM,IM,atomic,attested,,
P346908,1.,P346908_3,…,…,broken,,,
P346908,1.,P346908_4,x,X,atomic,attested,,
P346908,1.,P346908_5,…,…,broken,,,
P346908,2.,P346908_6,…,…,broken,,,
P346908,2.,P346908_7,IM,IM,atomic,attested,,
P346908,2.,P346908_8,us2,UŠ,atomic,attested,,
P346908,2.,P346908_8,sa,SA,atomic,attested,,
P346908,2.,P346908_8,a,A,atomic,attested,,
P346908,2.,P346908_8,bi,BI,atomic,attested,,
P346908,3.,P346908_9,…,…,broken,,,
P346908,3.,P346908_10,e2,E₂,atomic,attested,,
P346908,3.,P346908_10,gal,GAL,atomic,attested,,
P346908,3.,P346908_10,la,LA,atomic,attested,,
P346908,3.,P346908_10,kam,|HI×BAD|,atomic,attested,,
P346909,1.,P346909_1,nam,NAM,atomic,attested,,
P346909,1.,P346909_1,kal,KAL,atomic,attested,,
P346909,1.,P346909_1,la,LA,atomic,attested,,
P346909,2.,P346909_2,nig2,GAR,atomic,attested,,
P346909,2.,P346909_2,nam,NAM,atomic,attested,,
P346909,2.,P346909_3,x,X,atomic,attested,,
P346909,2.,P346909_3,bi,BI,atomic,attested,,
P346909,2.,P346909_4,zu,ZU,atomic,attested,,
P346909,2.,P346909_4,a,A,atomic,attested,,
P346909,2.,P346909_4,še3,EŠ₂,atomic,attested,,
P346909,3.,P346909_5,…,…,broken,,,
P346909,3.,P346909_5,mu,MU,atomic,attested,,
P346909,3.,P346909_5,ri,RI,atomic,attested,,
P346909,3.,P346909_5,…,…,broken,,,
P346302,1.,P346302_1,iri,URU,atomic,attested,,ki
P346302,1.,P346302_2,ur,UR,atomic,attested,,
P346302,1.,P346302_2,gir15,EŠ₂,atomic,attested,,
P346302,1.,P346302_3,nu,NU,atomic,attested,,
P346302,1.,P346302_3,me,ME,atomic,attested,,
P346302,1.,P346302_3,a,A,atomic,attested,,
P346302,2.,P346302_4,ka5,LUL,atomic,attested,,
P346302,2.,P346302_4,a,A,atomic,attested,,
P346302,2.,P346302_5,nu,NU,atomic,attested,,+da
P346302,2.,P346302_5,banda3,TUR,atomic,attested,,+da
P346382,1.,P346382_1,zi,ZI,atomic,attested,,
P346382,1.,P346382_1,ga,GA,atomic,attested,,
P346382,1.,P346382_1,gu10,MU,atomic,attested,,
P346382,1.,P346382_2,du11,du11,unresolved,,,
P346382,1.,P346382_2,ga,GA,atomic,attested,,
P346382,2.,P346382_3,ma,MA,atomic,attested,,
P346382,2.,P346382_3,la,LA,atomic,attested,,
P346382,2.,P346382_3,ga,GA,atomic,attested,,
P346382,2.,P346382_3,a,A,atomic,attested,,
P346382,2.,P346382_3,ni,NI,atomic,attested,,
P346382,3.,P346382_4,usar,|LAL₂.SAR|,compound,attested,OSL,
P346382,3.,P346382_5,na,NA,atomic,attested,,
P346382,3.,P346382_6,de5,RI,atomic,attested,,
P346382,3.,P346382_6,ga,GA,atomic,attested,,
P346382,4.,P346382_7,lu2,LU₂,atomic,attested,,
P346382,4.,P346382_8,du14,du14,unresolved,,,
P346382,4.,P346382_8,da,DA,atomic,attested,,
P346382,4.,P346382_8,ka,ka,unresolved,,,
P346382,4.,P346382_8,a,A,atomic,attested,,
P346382,4.,P346382_8,ni,NI,atomic,attested,,
P346387,1'.,P346387_1,…,…,broken,,,
P346387,1'.,P346387_2,x,X,atomic,attested,,
P346387,1'.,P346387_3,x,X,atomic,attested,,
P346387,1'.,P346387_4,…,…,broken,,,
P346387,2'.,P346387_5,…,…,broken,,,
P346387,2'.,P346387_5,gin7,DIM₂,atomic,attested,,
P346387,2'.,P346387_6,ba,BA,atomic,attested,,
P346387,2'.,P346387_6,an,AN,atomic,attested,,
P346387,2'.,P346387_6,…,…,broken,,,
P346387,3'.,P346387_7,…,…,broken,,,
P346387,3'.,P346387_8,x,X,atomic,attested,,
P346387,3'.,P346387_9,na,NA,atomic,attested,,
P346387,3'.,P346387_9,an-na,|AN.NA|,compound,attested,OSL,
P346387,3'.,P346387_9,x,X,atomic,attested,,
P346387,4'.,P346387_10,…,…,broken,,,
P346387,4'.,P346387_11,sa6,sa6,unresolved,,,
P346387,4'.,P346387_11,ga,GA,atomic,attested,,
P346387,4'.,P346387_11,bi,BI,atomic,attested,,
P346387,4'.,P346387_11,…,…,broken,,,
P346387,5'.,P346387_12,…,…,broken,,,
P346387,5'.,P346387_13,bi2,NE,atomic,attested,,
P346387,5'.,P346387_13,ib,IB,atomic,attested,,
P346387,5'.,P346387_13,RU,RU,atomic,attested,,
P346387,5'.,P346387_13,x,X,atomic,attested,,
P346387,6'.,P346387_14,…,…,broken,,,
P346387,6'.,P346387_15,im,IM,atomic,attested,,
P346387,6'.,P346387_15,ma,MA,atomic,attested,,
P346387,6'.,P346387_15,an,AN,atomic,attested,,
P346387,6'.,P346387_15,…,…,broken,,,
P346387,7'.,P346387_16,…,…,broken,,,
P346387,7'.,P346387_17,im,IM,atomic,attested,,
P346387,7'.,P346387_17,ma,MA,atomic,attested,,
P346387,7'.,P346387_17,x,X,atomic,attested,,
P346387,7'.,P346387_17,…,…,broken,,,
P346387,8'.,P346387_18,…,…,broken,,,
P346387,8'.,P346387_19,x,X,atomic,attested,,
P346387,8'.,P346387_20,im,IM,atomic,attested,,
P346387,8'.,P346387_20,ma,MA,atomic,attested,,
P346387,8'.,P346387_20,x,X,atomic,attested,,
P346387,1'.,P346387_21,…,…,broken,,,
P346387,1'.,P346387_22,x,X,atomic,attested,,
P346387,1'.,P346387_23,x,X,atomic,attested,,
P346387,1'.,P346387_24,…,…,broken,,,
P346387,2'.,P346387_25,…,…,broken,,,
P346387,2'.,P346387_26,x,X,atomic,attested,,
P346387,3'.,P346387_27,…,…,broken,,,
P346387,3'.,P346387_28,x,X,atomic,attested,,
P346387,3'.,P346387_29,gal2,IG,atomic,attested,,
P346387,3'.,P346387_30,nu,NU,atomic,attested,,
P346387,3'.,P346387_30,tuku,TUK,atomic,attested,,
P346387,4'.,P346387_31,usan3,|NUNUZ.AB₂×AŠGAB|,atomic,attested,,kuš
P346387,4'.,P346387_32,x,X,atomic,attested,,
P346387,4'.,P346387_33,hul,|IGI.UR|,compound,attested,OSL,
P346387,4'.,P346387_34,x,X,atomic,attested,,
P346387,5'.,P346387_35,bi2,NE,atomic,attested,,
P346387,5'.,P346387_35,in,IN,atomic,attested,,
P346387,5'.,P346387_35,sag3,PA,atomic,attested,,
P346387,6'.,P346387_36,dingir,AN,atomic,attested,,
P346387,6'.,P346387_36,gu10,MU,atomic,attested,,
P346387,6'.,P346387_37,me,ME,atomic,attested,,
P346387,6'.,P346387_37,am3,|A.AN|,compound,attested,OSL,
P346387,6'.,P346387_37,še3,EŠ₂,atomic,attested,,
P346387,6'.,P346387_38,DU,DU,atomic,attested,,
P346387,7'.,P346387_39,…,…,broken,,,
P346387,7'.,P346387_40,x,X,atomic,attested,,
P346387,7'.,P346387_41,…,…,broken,,,
P346387,7'.,P346387_42,x,X,atomic,attested,,
P346387,7'.,P346387_43,lu,LU,atomic,attested,,
P346387,1'.,P346387_44,…,…,broken,,,
P346387,1'.,P346387_44,x,X,atomic,attested,,
P346387,1'.,P346387_44,SAL,SAL,atomic,attested,,
P346387,1'.,P346387_44,…,…,broken,,,
P346387,2'.,P346387_45,ninda,GAR,atomic,attested,,
P346387,2'.,P346387_46,nin,|SAL.TUG₂|,atomic,attested,,d
P346387,2'.,P346387_46,ka5,LUL,atomic,attested,,d
P346387,2'.,P346387_47,…,…,broken,,,
P346387,3'.,P346387_48,ninda,GAR,atomic,attested,,
P346387,3'.,P346387_49,kur2,PAP,atomic,attested,,
P346387,3'.,P346387_50,gu7,|KA×GAR|,atomic,attested,,
P346387,3'.,P346387_50,gu7,|KA×GAR|,atomic,attested,,
P346387,4'.,P346387_51,nig2,GAR,atomic,attested,,
P346387,4'.,P346387_51,tuku,TUK,atomic,attested,,
P346387,4'.,P346387_52,nig2,GAR,atomic,attested,,
P346387,4'.,P346387_52,al,AL,atomic,attested,,
P346387,4'.,P346387_52,di,DI,atomic,attested,,
P346387,5'.,P346387_53,nig2,GAR,atomic,attested,,
P346387,5'.,P346387_53,gig,GIG,atomic,attested,,
P346387,5'.,P346387_54,dingir,AN,atomic,attested,,
P346387,5'.,P346387_54,ra,RA,atomic,attested,,
P346387,5'.,P346387_54,kam,|HI×BAD|,atomic,attested,,
P346387,6'.,P346387_55,u2,U₂,atomic,attested,,
P346387,6'.,P346387_56,hub2,hub2,unresolved,,,
P346387,6'.,P346387_57,ti,TI,atomic,attested,,
P346387,6'.,P346387_57,la,LA,atomic,attested,,
P346387,6'.,P346387_57,še3,EŠ₂,atomic,attested,,
P346387,7'.,P346387_58,ugu,ugu,unresolved,,,
P346387,7'.,P346387_58,zu,ZU,atomic,attested,,
P346387,7'.,P346387_58,še3,EŠ₂,atomic,attested,,
P346387,8'.,P346387_59,dumu,TUR,atomic,attested,,
P346387,8'.,P346387_59,gu10,MU,atomic,attested,,
P346387,8'.,P346387_60,dub,DUB,atomic,attested,,
P346387,8'.,P346387_60,sar,SAR,atomic,attested,,
P346387,8'.,P346387_60,x,X,atomic,attested,,
P346387,9'.,P346387_61,nu,NU,atomic,attested,,
P346387,9'.,P346387_61,gar,GAR,atomic,attested,,
P346387,9'.,P346387_61,ra,RA,atomic,attested,,
P346387,10'.,P346387_62,…,…,broken,,,
P346387,10'.,P346387_63,x,X,atomic,attested,,
P346387,10'.,P346387_63,zu,ZU,atomic,attested,,
P346387,11'.,P346387_64,…,…,broken,,,
P346387,11'.,P346387_65,x,X,atomic,attested,,
P346387,11'.,P346387_66,x,X,atomic,attested,,
P346299,1.,P346299_1,ka5,LUL,atomic,attested,,
P346299,1.,P346299_1,a,A,atomic,attested,,
P346299,1.,P346299_2,idigna,IDIGNA,atomic,attested,,i7
P346299,1.,P346299_2,še3,EŠ₂,atomic,attested,,i7
P346299,2.,P346299_3,kaš3,|UŠ×A|,atomic,attested,,
P346299,2.,P346299_4,i3,NI,atomic,attested,,
P346299,2.,P346299_4,sur,SUR,atomic,attested,,
P346299,2.,P346299_4,sur,SUR,atomic,attested,,
P346299,2.,P346299_4,ra,RA,atomic,attested,,
P346299,3.,P346299_5,a,A,atomic,attested,,ku6
P346299,3.,P346299_5,eštub,GUD,atomic,attested,,ku6
P346299,3.,P346299_6,ba,BA,atomic,attested,,
P346299,3.,P346299_6,zi,ZI,atomic,attested,,
P346299,3.,P346299_6,ge,GI,atomic,attested,,
P346299,3.,P346299_6,en,EN,atomic,attested,,
P346299,3.,P346299_7,e,E,atomic,attested,,
P346299,3.,P346299_7,še,ŠE,atomic,attested,,
P346403,1.,P346403_1,šum2,šum2,unresolved,,,
P346403,1.,P346403_1,mu,MU,atomic,attested,,
P346403,1.,P346403_1,na,NA,atomic,attested,,
P346403,1.,P346403_1,ab,AB,atomic,attested,,
P346403,1.,P346403_2,na,NA,atomic,attested,,
P346403,1.,P346403_2,mu,MU,atomic,attested,,
P346403,1.,P346403_2,na,NA,atomic,attested,,
P346403,1.,P346403_2,ab,AB,atomic,attested,,
P346403,1.,P346403_2,šum2,šum2,unresolved,,,
P346403,1.,P346403_2,mu,MU,atomic,attested,,
P346403,2.,P346403_3,šu,ŠU,atomic,attested,,
P346403,2.,P346403_3,ni,NI,atomic,attested,,
P346403,2.,P346403_4,na,NA,atomic,attested,,
P346403,2.,P346403_4,an,AN,atomic,attested,,
P346403,2.,P346403_4,tag,TAG,atomic,attested,,
P346403,3.,P346403_5,garzaga,garzaga,unresolved,,,
P346403,3.,P346403_5,bi,BI,atomic,attested,,
P346403,3.,P346403_6,lu,LU,atomic,attested,,
P346403,3.,P346403_7,giri3,GIR₃,atomic,attested,,
P346403,3.,P346403_8,ba,BA,atomic,attested,,
P346403,3.,P346403_8,da,DA,atomic,attested,,
P346403,3.,P346403_8,kur2,PAP,atomic,attested,,
P346403,3.,P346403_9,x,X,atomic,attested,,
P346403,3.,P346403_9,šu,ŠU,atomic,attested,,
P346403,4.,P346403_10,me,ME,atomic,attested,,
P346403,4.,P346403_10,bi,BI,atomic,attested,,
P346403,4.,P346403_11,pa,PA,atomic,attested,,
P346403,4.,P346403_11,ar,|IGI.RI|,atomic,attested,,
P346403,4.,P346403_11,ṣu,ṣu,unresolved,,,
P346403,4.,P346403_11,šu,ŠU,atomic,attested,,
P346403,4.,P346403_12,ba,BA,atomic,attested,,
P346403,4.,P346403_12,da,DA,atomic,attested,,
P346403,4.,P346403_12,ha,HA,atomic,attested,,
P346403,4.,P346403_12,lam,LAM,atomic,attested,,
P346403,5.,P346403_13,di,DI,atomic,attested,,
P346403,5.,P346403_13,ir,IR,atomic,attested,,
P346403,5.,P346403_13,ga,GA,atomic,attested,,
P346403,5.,P346403_13,a,A,atomic,attested,,
P346403,5.,P346403_14,ri,RI,atomic,attested,,
P346403,5.,P346403_14,ik,IG,atomic,attested,,
P346403,5.,P346403_14,su,SU,atomic,attested,,
P346403,5.,P346403_14,šu,ŠU,atomic,attested,,
P346403,5.,P346403_15,ki,KI,atomic,attested,,
P346403,5.,P346403_16,ba,BA,atomic,attested,,
P346403,5.,P346403_16,e,E,atomic,attested,,
P346403,5.,P346403_16,gul,gul,unresolved,,,
P346403,6.,P346403_17,garza,|PA.AN|,compound,attested,OSL,
P346403,6.,P346403_17,bi,BI,atomic,attested,,
P346403,6.,P346403_18,giri3,GIR₃,atomic,attested,,
P346403,6.,P346403_19,na,NA,atomic,attested,,
P346403,6.,P346403_19,ab,AB,atomic,attested,,
P346403,6.,P346403_19,ta,TA,atomic,attested,,
P346403,6.,P346403_19,kur2,PAP,atomic,attested,,
P346403,6.,P346403_19,ru,RU,atomic,attested,,
P346403,6.,P346403_19,de3,NE,atomic,attested,,
P346403,6.,P346403_19,en,EN,atomic,attested,,
P346403,6.,P346403_19,ze2,ZE₂,atomic,attested,,
P346403,6.,P346403_19,en,EN,atomic,attested,,
P346403,7.,P346403_20,me,ME,atomic,attested,,
P346403,7.,P346403_20,bi,BI,atomic,attested,,
P346403,7.,P346403_21,la,LA,atomic,attested,,
P346403,7.,P346403_22,na,NA,atomic,attested,,
P346403,7.,P346403_22,ab,AB,atomic,attested,,
P346403,7.,P346403_22,ta,TA,atomic,attested,,
P346403,7.,P346403_22,…,…,broken,,,
P346403,7.,P346403_22,ha,HA,atomic,attested,,
P346403,7.,P346403_22,lam,LAM,atomic,attested,,
P346403,7.,P346403_22,e,E,atomic,attested,,
P346403,8.,P346403_23,di,DI,atomic,attested,,
P346403,8.,P346403_23,ir,IR,atomic,attested,,
P346403,8.,P346403_23,ga,GA,atomic,attested,,
P346403,8.,P346403_23,a,A,atomic,attested,,
P346403,8.,P346403_24,ri,RI,atomic,attested,,
P346403,8.,P346403_24,ik,IG,atomic,attested,,
P346403,8.,P346403_24,si2,ZI,atomic,attested,,
P346403,8.,P346403_24,šu,ŠU,atomic,attested,,
P346403,8.,P346403_25,ki,KI,atomic,attested,,
P346403,8.,P346403_26,…,…,broken,,,
P346403,8.,P346403_26,gul,gul,unresolved,,,
P346403,8.,P346403_26,en,EN,atomic,attested,,
P346403,8.,P346403_26,…,…,broken,,,
P346293,1.,P346293_1,ur,UR,atomic,attested,,
P346293,1.,P346293_1,mah,MAH,atomic,attested,,
P346293,1.,P346293_1,e,E,atomic,attested,,
P346293,1.,P346293_2,a2,A₂,atomic,attested,,
P346293,1.,P346293_2,tah,|MU&MU|,atomic,attested,,
P346293,1.,P346293_2,ni,NI,atomic,attested,,
P346293,2.,P346293_3,geš,GIŠ,atomic,attested,,
P346293,2.,P346293_3,gi,GI,atomic,attested,,
P346293,2.,P346293_4,lu,LU,atomic,attested,,
P346293,2.,P346293_4,lu,LU,atomic,attested,,
P346293,2.,P346293_4,am3,|A.AN|,compound,attested,OSL,
P346293,3.,P346293_5,ur,UR,atomic,attested,,
P346293,3.,P346293_5,mah,MAH,atomic,attested,,
P346293,3.,P346293_5,e,E,atomic,attested,,
P346293,3.,P346293_6,geš,GIŠ,atomic,attested,,
P346293,3.,P346293_6,gi,GI,atomic,attested,,
P346293,3.,P346293_6,a,A,atomic,attested,,
P346293,4.,P346293_7,lu2,LU₂,atomic,attested,,
P346293,4.,P346293_8,zu,ZU,atomic,attested,,
P346293,4.,P346293_8,a,A,atomic,attested,,
P346293,4.,P346293_8,ni,NI,atomic,attested,,
P346293,4.,P346293_9,nu,NU,atomic,attested,,
P346293,4.,P346293_9,ub,UB,atomic,attested,,
P346293,4.,P346293_9,gu7,|KA×GAR|,atomic,attested,,
P346295,1.,P346295_1,ur,UR,atomic,attested,,
P346295,1.,P346295_1,mah,MAH,atomic,attested,,
P346295,1.,P346295_1,e,E,atomic,attested,,
P346295,1.,P346295_2,ud5,UZ₃,atomic,attested,,
P346295,1.,P346295_3,hu,HU,atomic,attested,,
P346295,1.,P346295_3,na,NA,atomic,attested,,
P346295,1.,P346295_4,mu,MU,atomic,attested,,
P346295,1.,P346295_4,ni,NI,atomic,attested,,
P346295,1.,P346295_4,dab5,KU,atomic,attested,,
P346295,2.,P346295_5,šu,ŠU,atomic,attested,,
P346295,2.,P346295_6,ba,BA,atomic,attested,,
P346295,2.,P346295_6,am3,|A.AN|,compound,attested,OSL,
P346295,2.,P346295_7,u8,|LAGAB×(GUD&GUD)|,atomic,attested,,
P346295,2.,P346295_8,tab,TAB,atomic,attested,,
P346295,2.,P346295_8,ba,BA,atomic,attested,,
P346295,2.,P346295_8,gu10,MU,atomic,attested,,
P346295,2.,P346295_9,gur4,LAGAB,atomic,attested,,
P346295,2.,P346295_9,ra,RA,atomic,attested,,
P346295,3.,P346295_10,ga,GA,atomic,attested,,
P346295,3.,P346295_10,mu,MU,atomic,attested,,
P346295,3.,P346295_10,ra,RA,atomic,attested,,
P346295,3.,P346295_10,ab,AB,atomic,attested,,
P346295,3.,P346295_10,šum2,šum2,unresolved,,,
P346295,4.,P346295_11,tukumbi,|ŠU.ME.GAR.BI|,compound,attested,OSL,
P346295,4.,P346295_12,šu,ŠU,atomic,attested,,
P346295,4.,P346295_13,mu,MU,atomic,attested,,
P346295,4.,P346295_13,un,KALAM@g,atomic,attested,,
P346295,4.,P346295_13,ši,IGI,atomic,attested,,
P346295,4.,P346295_13,bar,BAR,atomic,attested,,
P346295,4.,P346295_13,re,RI,atomic,attested,,
P346295,4.,P346295_13,en,EN,atomic,attested,,
P346295,5.,P346295_14,…,…,broken,,,
P346295,5.,P346295_15,du11,du11,unresolved,,,
P346295,5.,P346295_15,ma,MA,atomic,attested,,
P346295,5.,P346295_15,ab,AB,atomic,attested,,
P346295,5.,P346295_16,ud5,UZ₃,atomic,attested,,
P346295,5.,P346295_16,e,E,atomic,attested,,
P346295,5.,P346295_17,ur,UR,atomic,attested,,
P346295,5.,P346295_17,mah,MAH,atomic,attested,,
P346295,5.,P346295_17,e,E,atomic,attested,,
P346295,6.,P346295_18,…,…,broken,,,
P346295,6.,P346295_18,ib,IB,atomic,attested,,
P346295,6.,P346295_18,gi4,GI₄,atomic,attested,,
P346295,6.,P346295_18,gi4,GI₄,atomic,attested,,
P346295,6.,P346295_19,za,ZA,atomic,attested,,
P346295,6.,P346295_19,e,E,atomic,attested,,
P346295,6.,P346295_20,mu,MU,atomic,attested,,
P346295,6.,P346295_20,gu10,MU,atomic,attested,,
P346295,6.,P346295_21,nu,NU,atomic,attested,,
P346295,6.,P346295_21,zu,ZU,atomic,attested,,
P346295,7.,P346295_22,…,…,broken,,,
P346295,7.,P346295_22,ak,AK,atomic,attested,,
P346295,7.,P346295_23,mu,MU,atomic,attested,,
P346295,7.,P346295_23,gu10,MU,atomic,attested,,
P346295,7.,P346295_24,u4,UD,atomic,attested,,
P346295,7.,P346295_25,e2,E₂,atomic,attested,,
P346295,7.,P346295_25,tur3,tur3,unresolved,,,
P346295,7.,P346295_25,ra,RA,atomic,attested,,
P346295,7.,P346295_25,še3,EŠ₂,atomic,attested,,
P346295,7.,P346295_26,i3,NI,atomic,attested,,
P346295,7.,P346295_26,…,…,broken,,,
P346295,8.,P346295_27,…,…,broken,,,
P346295,8.,P346295_27,na,NA,atomic,attested,,
P346295,8.,P346295_27,gu10,MU,atomic,attested,,
P346295,8.,P346295_28,gu3,gu3,unresolved,,,
P346295,8.,P346295_29,mu,MU,atomic,attested,,
P346295,8.,P346295_29,na,NA,atomic,attested,,
P346295,8.,P346295_29,de2,DE₂,atomic,attested,,
P346295,8.,P346295_29,e,E,atomic,attested,,
P346295,9.,P346295_30,…,…,broken,,,
P346295,9.,P346295_31,gu3,gu3,unresolved,,,
P346295,9.,P346295_32,ri,RI,atomic,attested,,
P346295,9.,P346295_32,a,A,atomic,attested,,
P346295,9.,P346295_33,mu,MU,atomic,attested,,
P346295,9.,P346295_33,na,NA,atomic,attested,,
P346295,9.,P346295_33,ni,NI,atomic,attested,,
P346295,9.,P346295_33,ib,IB,atomic,attested,,
P346295,9.,P346295_33,gi4,GI₄,atomic,attested,,
P346295,9.,P346295_33,…,…,broken,,,
P346295,10.,P346295_34,…,…,broken,,,
P346295,10.,P346295_35,udu,LU,atomic,attested,,
P346295,10.,P346295_36,hi,HI,atomic,attested,,
P346295,10.,P346295_36,a,A,atomic,attested,,
P346295,10.,P346295_37,nu,NU,atomic,attested,,
P346295,10.,P346295_37,dur2,dur2,unresolved,,,
P346295,10.,P346295_37,ru,RU,atomic,attested,,
P346295,10.,P346295_37,na,NA,atomic,attested,,
P346295,10.,P346295_38,e,E,atomic,attested,,
P346295,10.,P346295_38,še,ŠE,atomic,attested,,
P346303,1.,P346303_1,ur,UR,atomic,attested,,
P346303,1.,P346303_2,sa6,sa6,unresolved,,,
P346303,1.,P346303_2,ga,GA,atomic,attested,,
P346303,2.,P346303_3,ur,UR,atomic,attested,,
P346303,2.,P346303_3,tur,TUR,atomic,attested,,
P346303,2.,P346303_3,še3,EŠ₂,atomic,attested,,
P346303,2.,P346303_4,in,IN,atomic,attested,,
P346303,2.,P346303_4,ku4,KU₄,atomic,attested,,
P346304,1.,P346304_1,ur,UR,atomic,attested,,
P346304,1.,P346304_1,gir15,EŠ₂,atomic,attested,,
P346304,1.,P346304_1,re,RI,atomic,attested,,
P346304,1.,P346304_2,ga,GA,atomic,attested,,
P346304,1.,P346304_2,ba,BA,atomic,attested,,
P346304,1.,P346304_2,al,AL,atomic,attested,,
P346304,2.,P346304_3,nam,NAM,atomic,attested,,
P346304,2.,P346304_3,mu,MU,atomic,attested,,
P346304,2.,P346304_3,du3,KAK,atomic,attested,,
P346304,2.,P346304_3,en,EN,atomic,attested,,
P346304,3.,P346304_4,zu2,zu2,unresolved,,,
P346304,3.,P346304_5,nu,NU,atomic,attested,,
P346304,3.,P346304_5,mu,MU,atomic,attested,,
P346304,3.,P346304_5,ra,RA,atomic,attested,,
P346304,3.,P346304_5,ab,AB,atomic,attested,,
P346304,3.,P346304_5,ku5,TAR,atomic,attested,,
P346304,3.,P346304_5,de3,NE,atomic,attested,,
P346305,1.,P346305_1,ur,UR,atomic,attested,,
P346305,1.,P346305_1,gir15,EŠ₂,atomic,attested,,
P346305,1.,P346305_1,re,RI,atomic,attested,,
P346305,1.,P346305_2,šu,ŠU,atomic,attested,,
P346305,1.,P346305_3,te,te,unresolved,,,
P346305,1.,P346305_3,ba,BA,atomic,attested,,
P346305,1.,P346305_3,ab,AB,atomic,attested,,
P346305,2.,P346305_4,mu,MU,atomic,attested,,
P346305,2.,P346305_4,un,KALAM@g,atomic,attested,,
P346305,2.,P346305_4,zu,ZU,atomic,attested,,
P346305,3.,P346305_5,ga2,GA₂,atomic,attested,,
P346305,3.,P346305_5,ga2,GA₂,atomic,attested,,
P346305,3.,P346305_6,nu,NU,atomic,attested,,
P346305,3.,P346305_6,ub,UB,atomic,attested,,
P346305,3.,P346305_6,zu,ZU,atomic,attested,,
P346305,3.,P346305_6,am3,|A.AN|,compound,attested,OSL,
P346308,1.,P346308_1,ur,UR,atomic,attested,,
P346308,1.,P346308_1,gir15,EŠ₂,atomic,attested,,
P346308,1.,P346308_1,re,RI,atomic,attested,,
P346308,1.,P346308_2,libx(|NI+UDU|),libx(|NI+UDU|),unresolved,,,
P346308,1.,P346308_3,he2,|GAN×HI|,compound,attested,OSL,
P346308,1.,P346308_3,x,X,atomic,attested,,
P346308,1.,P346308_3,…,…,broken,,,
P346308,2.,P346308_4,ur,UR,atomic,attested,,
P346308,2.,P346308_4,gir15,EŠ₂,atomic,attested,,
P346308,2.,P346308_4,re,RI,atomic,attested,,
P346308,2.,P346308_5,mu,MU,atomic,attested,,
P346308,2.,P346308_5,bi,BI,atomic,attested,,
P346308,2.,P346308_5,im,IM,atomic,attested,,
P346308,1.,P346308_6,ur,UR,atomic,attested,,
P346308,1.,P346308_6,gir15,EŠ₂,atomic,attested,,
P346308,1.,P346308_6,re,RI,atomic,attested,,
P346308,1.,P346308_7,libx(|NI+UDU|),libx(|NI+UDU|),unresolved,,,
P346308,1.,P346308_8,he2,|GAN×HI|,compound,attested,OSL,
P346308,1.,P346308_8,…,…,broken,,,
P346308,2.,P346308_9,ur,UR,atomic,attested,,
P346308,2.,P346308_9,gir15,EŠ₂,atomic,attested,,
P346308,2.,P346308_9,re,RI,atomic,attested,,
P346308,2.,P346308_10,mu,MU,atomic,attested,,
P346308,2.,P346308_10,bi,BI,atomic,attested,,
P346308,2.,P346308_10,im,IM,atomic,attested,,
P346309,1.,P346309_1,ur,UR,atomic,attested,,
P346309,1.,P346309_1,gir15,EŠ₂,atomic,attested,,
P346309,1.,P346309_2,…,…,broken,,,
P346309,2.,P346309_3,sag,SAG,atomic,attested,,uzu
P346309,2.,P346309_3,…,…,broken,,,uzu
P346309,3.,P346309_4,im,IM,atomic,attested,,
P346309,3.,P346309_4,mi,MI,atomic,attested,,
P346309,3.,P346309_4,…,…,broken,,,
P346310,1.,P346310_1,ur,UR,atomic,attested,,
P346310,1.,P346310_1,gir15,EŠ₂,atomic,attested,,
P346310,1.,P346310_1,re,RI,atomic,attested,,
P346310,1.,P346310_2,kaš,BI,atomic,attested,,
P346310,1.,P346310_2,de2,DE₂,atomic,attested,,
P346310,1.,P346310_2,a,A,atomic,attested,,
P346310,1.,P346310_2,še3,EŠ₂,atomic,attested,,
P346310,1.,P346310_3,al,AL,atomic,attested,,
P346310,1.,P346310_3,du,DU,atomic,attested,,
P346310,1.,P346310_3,un,KALAM@g,atomic,attested,,
P346310,2.,P346310_4,giri3,GIR₃,atomic,attested,,
P346310,2.,P346310_4,pad,pad,unresolved,,,
P346310,2.,P346310_4,ra2,DU,atomic,attested,,
P346310,2.,P346310_5,igi,IGI,atomic,attested,,
P346310,2.,P346310_6,mu,MU,atomic,attested,,
P346310,2.,P346310_6,ni,NI,atomic,attested,,
P346310,2.,P346310_6,in,IN,atomic,attested,,
P346310,2.,P346310_6,duh,DUH,atomic,attested,,
P346310,2.,P346310_7,ba,BA,atomic,attested,,
P346310,2.,P346310_7,gub,DU,atomic,attested,,
P346310,3.,P346310_8,ki,KI,atomic,attested,,
P346310,3.,P346310_9,al,AL,atomic,attested,,
P346310,3.,P346310_9,du,DU,atomic,attested,,
P346310,3.,P346310_9,na,NA,atomic,attested,,
P346310,3.,P346310_9,am3,|A.AN|,compound,attested,OSL,
P346310,4.,P346310_10,diri,diri,unresolved,,,
P346310,4.,P346310_11,ne,NE,atomic,attested,,
P346310,4.,P346310_11,en,EN,atomic,attested,,
P346310,4.,P346310_11,na,NA,atomic,attested,,
P346310,4.,P346310_11,am3,|A.AN|,compound,attested,OSL,
P346310,5.,P346310_12,al,AL,atomic,attested,,
P346310,5.,P346310_12,gu7,|KA×GAR|,atomic,attested,,
P346310,5.,P346310_12,…,…,broken,,,
P346310,5.,P346310_13,e,E,atomic,attested,,
P346310,5.,P346310_13,še,ŠE,atomic,attested,,
P346310,1.,P346310_14,hal,HAL,atomic,attested,,
P346310,1.,P346310_14,la,LA,atomic,attested,,
P346310,1.,P346310_15,ur,UR,atomic,attested,,
P346310,1.,P346310_15,gir15,EŠ₂,atomic,attested,,
P346310,1.,P346310_15,ra,RA,atomic,attested,,
P346310,1.,P346310_15,ka,ka,unresolved,,,
P346310,2.,P346310_16,giri3,GIR₃,atomic,attested,,
P346310,2.,P346310_16,pad,pad,unresolved,,,
P346310,2.,P346310_16,ra2,DU,atomic,attested,,
P346310,2.,P346310_17,al,AL,atomic,attested,,
P346310,2.,P346310_17,de5,RI,atomic,attested,,
P346310,2.,P346310_17,de5,RI,atomic,attested,,
P346310,2.,P346310_17,ga,GA,atomic,attested,,
P346311,1.,P346311_1,ur,UR,atomic,attested,,
P346311,1.,P346311_1,gir15,EŠ₂,atomic,attested,,
P346311,1.,P346311_1,re,RI,atomic,attested,,
P346311,1.,P346311_2,ur3,|GA₂×(NUN&NUN)|,atomic,attested,,
P346311,1.,P346311_2,…,…,broken,,,
P346311,2.,P346311_3,nu,NU,atomic,attested,,
P346311,2.,P346311_3,ub,UB,atomic,attested,,
P346311,2.,P346311_3,x,X,atomic,attested,,
P346311,2.,P346311_3,…,…,broken,,,
P346311,3.,P346311_4,ur,UR,atomic,attested,,
P346311,3.,P346311_5,…,…,broken,,,
P346340,1.,P346340_1,ur,UR,atomic,attested,,
P346340,1.,P346340_1,gir15,EŠ₂,atomic,attested,,
P346340,1.,P346340_2,ma2,MA₂,atomic,attested,,
P346340,1.,P346340_2,addir,|A.PA.BI.GIŠ.PAD.SI.A|,compound,attested,DIRI,
P346340,1.,P346340_2,še3,EŠ₂,atomic,attested,,
P346340,2.,P346340_3,nig2,GAR,atomic,attested,,
P346340,2.,P346340_3,na,NA,atomic,attested,,
P346340,2.,P346340_3,me,ME,atomic,attested,,
P346340,2.,P346340_4,nu,NU,atomic,attested,,
P346340,2.,P346340_4,mu,MU,atomic,attested,,
P346340,2.,P346340_4,un,KALAM@g,atomic,attested,,
P346340,2.,P346340_4,šum2,šum2,unresolved,,,
P346340,3.,P346340_5,u3,|IGI.DIB|,atomic,attested,,
P346340,3.,P346340_6,ma2,MA₂,atomic,attested,,geš
P346340,3.,P346340_6,addir,|A.PA.BI.GIŠ.PAD.SI.A|,compound,attested,DIRI,geš
P346340,3.,P346340_6,ra,RA,atomic,attested,,geš
P346340,4.,P346340_7,šu,ŠU,atomic,attested,,
P346340,4.,P346340_8,am3,|A.AN|,compound,attested,OSL,
P346340,4.,P346340_8,sag3,PA,atomic,attested,,
P346340,4.,P346340_8,sag3,PA,atomic,attested,,
P346340,4.,P346340_8,ge,GI,atomic,attested,,
P346900,1'.,P346900_1,…,…,broken,,,
P346900,1'.,P346900_2,x,X,atomic,attested,,
P346900,1'.,P346900_3,…,…,broken,,,
P346900,2'.,P346900_4,…,…,broken,,,
P346900,2'.,P346900_5,SAR,SAR,atomic,attested,,
P346900,2'.,P346900_6,…,…,broken,,,
P346900,3'.,P346900_7,ka5,LUL,atomic,attested,,
P346900,3'.,P346900_7,a,A,atomic,attested,,
P346900,3'.,P346900_8,hul,|IGI.UR|,compound,attested,OSL,
P346900,3'.,P346900_8,a,A,atomic,attested,,
P346900,3'.,P346900_9,x,X,atomic,attested,,
P346900,3'.,P346900_10,…,…,broken,,,
P346414,1.,P346414_1,…,…,broken,,,
P346414,1.,P346414_2,x,X,atomic,attested,,
P346414,1.,P346414_3,x,X,atomic,attested,,
P346414,1.,P346414_4,…,…,broken,,,
P346414,2.,P346414_5,u4,UD,atomic,attested,,
P346414,2.,P346414_6,na,NA,atomic,attested,,
P346414,2.,P346414_6,me,ME,atomic,attested,,
P346414,2.,P346414_7,dumu,TUR,atomic,attested,,
P346414,2.,P346414_8,nam,NAM,atomic,attested,,
P346414,2.,P346414_8,tag,TAG,atomic,attested,,
P346414,2.,P346414_8,ga,GA,atomic,attested,,
P346414,2.,P346414_9,nu,NU,atomic,attested,,
P346414,2.,P346414_9,tuku,TUK,atomic,attested,,
P346414,3.,P346414_10,ama,|GA₂×AN|,atomic,attested,,
P346414,3.,P346414_10,ni,NI,atomic,attested,,
P346414,3.,P346414_11,nu,NU,atomic,attested,,
P346414,3.,P346414_11,um,UM,atomic,attested,,
P346414,3.,P346414_11,tu,TU,atomic,attested,,
P346414,3.,P346414_11,u4,UD,atomic,attested,,
P346414,4.,P346414_12,inim,inim,unresolved,,,
P346414,4.,P346414_13,la,LA,atomic,attested,,
P346414,4.,P346414_13,ba,BA,atomic,attested,,
P346414,4.,P346414_13,si,SI,atomic,attested,,
P346414,4.,P346414_14,erin2,ERIN₂,atomic,attested,,
P346414,4.,P346414_15,nam,NAM,atomic,attested,,
P346414,4.,P346414_15,tag,TAG,atomic,attested,,
P346414,4.,P346414_15,ga,GA,atomic,attested,,
P346414,4.,P346414_16,nu,NU,atomic,attested,,
P346414,4.,P346414_16,tuku,TUK,atomic,attested,,
P346414,4.,P346414_17,la,LA,atomic,attested,,
P346414,4.,P346414_18,i,I,atomic,attested,,
P346414,4.,P346414_18,du,DU,atomic,attested,,
P346414,4.,P346414_18,u2,U₂,atomic,attested,,
P346414,4.,P346414_19,i,I,atomic,attested,,
P346414,4.,P346414_19,na,NA,atomic,attested,,
P346414,4.,P346414_20,ṣa,ṣa,unresolved,,,
P346414,4.,P346414_20,bi,BI,atomic,attested,,
P346414,4.,P346414_20,im,IM,atomic,attested,,
P346414,5.,P346414_21,ul,ul,unresolved,,,
P346414,5.,P346414_21,ta,TA,atomic,attested,,
P346414,5.,P346414_22,nu,NU,atomic,attested,,
P346414,5.,P346414_22,gal2,IG,atomic,attested,,
P346414,5.,P346414_22,la,LA,atomic,attested,,
P346414,5.,P346414_22,am3,|A.AN|,compound,attested,OSL,
P346414,6.,P346414_23,dab,DIB,atomic,attested,,
P346414,6.,P346414_23,dab,DIB,atomic,attested,,
P346414,6.,P346414_23,ba,BA,atomic,attested,,
P346414,6.,P346414_23,da,DA,atomic,attested,,
P346414,6.,P346414_24,u4,UD,atomic,attested,,
P346414,6.,P346414_25,ba,BA,atomic,attested,,
P346414,6.,P346414_25,da,DA,atomic,attested,,
P346414,6.,P346414_25,zal,NI,atomic,attested,,
P346414,6.,P346414_26,it,A₂,atomic,attested,,
P346414,6.,P346414_26,ta,TA,atomic,attested,,
P346414,6.,P346414_26,am,|GUD×KUR|,atomic,attested,,
P346414,6.,P346414_26,ra,RA,atomic,attested,,
P346414,6.,P346414_26,at,AD,atomic,attested,,
P346414,7.,P346414_27,gu4,GUD,atomic,attested,,
P346414,7.,P346414_27,gu4,GUD,atomic,attested,,
P346414,7.,P346414_27,u4,UD,atomic,attested,,
P346414,7.,P346414_27,da,DA,atomic,attested,,
P346414,7.,P346414_28,utu,UD,atomic,attested,,d
P346414,7.,P346414_29,ba,BA,atomic,attested,,
P346414,7.,P346414_29,an,AN,atomic,attested,,
P346414,7.,P346414_29,da,DA,atomic,attested,,
P346414,7.,P346414_29,šir3,EZEN,atomic,attested,,
P346414,7.,P346414_30,it,A₂,atomic,attested,,
P346414,7.,P346414_30,ta,TA,atomic,attested,,
P346414,7.,P346414_30,am,|GUD×KUR|,atomic,attested,,
P346414,7.,P346414_30,ra,RA,atomic,attested,,
P346414,7.,P346414_30,at,AD,atomic,attested,,
P346414,7.,P346414_31,x,X,atomic,attested,,
P346414,7.,P346414_31,ri,RI,atomic,attested,,
P346414,8.,P346414_32,šul,DUN,atomic,attested,,
P346414,8.,P346414_32,e,E,atomic,attested,,
P346414,8.,P346414_33,gaba,DUH,atomic,attested,,
P346414,8.,P346414_33,diri,diri,unresolved,,,
P346414,8.,P346414_33,ga,GA,atomic,attested,,
P346414,8.,P346414_34,ša,ŠA,atomic,attested,,
P346414,8.,P346414_35,lu,LU,atomic,attested,,
P346414,8.,P346414_35,še,ŠE,atomic,attested,,
P346414,8.,P346414_35,te,te,unresolved,,,
P346414,8.,P346414_35,er,IR,atomic,attested,,
P346414,8.,P346414_35,mi,MI,atomic,attested,,
P346414,9.,P346414_36,iti6,iti6,unresolved,,,
P346414,9.,P346414_37,ba,BA,atomic,attested,,
P346414,9.,P346414_37,an,AN,atomic,attested,,
P346414,9.,P346414_37,da,DA,atomic,attested,,
P346414,9.,P346414_37,an,AN,atomic,attested,,
P346414,9.,P346414_37,šum2,šum2,unresolved,,,
P346354,1.,P346354_1,KA,KA,unresolved,,,
P346354,1.,P346354_2,NIGIN2,LAGAB,atomic,attested,,
P346354,1.,P346354_3,du11,du11,unresolved,,,
P346354,1.,P346354_3,du11,du11,unresolved,,,
P346354,1.,P346354_4,lu2,LU₂,atomic,attested,,
P346354,1.,P346354_4,lul,LUL,atomic,attested,,
P346354,1.,P346354_4,la,LA,atomic,attested,,
P346354,1.,P346354_4,ra,RA,atomic,attested,,
P346354,2.,P346354_5,nin,|SAL.TUG₂|,atomic,attested,,d
P346354,2.,P346354_5,abul,|KA₂.GAL|,compound,attested,OSL,d
P346354,2.,P346354_5,la,LA,atomic,attested,,d
P346354,2.,P346354_6,sag,SAG,atomic,attested,,
P346354,2.,P346354_6,a,A,atomic,attested,,
P346354,2.,P346354_6,ni,NI,atomic,attested,,
P346354,2.,P346354_7,bi2,NE,atomic,attested,,
P346354,2.,P346354_7,in,IN,atomic,attested,,
P346354,2.,P346354_7,x,X,atomic,attested,,
P346354,3.,P346354_8,sa6,sa6,unresolved,,,
P346354,3.,P346354_8,ga,GA,atomic,attested,,
P346354,3.,P346354_8,ni,NI,atomic,attested,,
P346354,3.,P346354_9,hul,|IGI.UR|,compound,attested,OSL,
P346354,3.,P346354_9,še3,EŠ₂,atomic,attested,,
P346354,3.,P346354_10,ba,BA,atomic,attested,,
P346354,3.,P346354_10,da,DA,atomic,attested,,
P346354,3.,P346354_10,gal2,IG,atomic,attested,,
P346354,4.,P346354_11,igi,IGI,atomic,attested,,
P346354,4.,P346354_11,ni,NI,atomic,attested,,
P346354,4.,P346354_12,teš2,UR,atomic,attested,,
P346354,4.,P346354_13,la,LA,atomic,attested,,
P346354,4.,P346354_13,ba,BA,atomic,attested,,
P346354,4.,P346354_13,an,AN,atomic,attested,,
P346354,4.,P346354_13,tuku,TUK,atomic,attested,,
P346354,5.,P346354_14,šu,ŠU,atomic,attested,,
P346354,5.,P346354_14,si,SI,atomic,attested,,
P346354,5.,P346354_15,egir,EGIR,atomic,attested,,
P346354,5.,P346354_15,a,A,atomic,attested,,
P346354,5.,P346354_15,ni,NI,atomic,attested,,
P346354,5.,P346354_16,mu,MU,atomic,attested,,
P346354,5.,P346354_16,un,KALAM@g,atomic,attested,,
P346354,5.,P346354_16,da,DA,atomic,attested,,
P346354,5.,P346354_16,gal2,IG,atomic,attested,,
P346354,6.,P346354_17,utu,UD,atomic,attested,,d
P346354,6.,P346354_18,en,EN,atomic,attested,,
P346354,6.,P346354_19,nig2,GAR,atomic,attested,,
P346354,6.,P346354_19,gi,GI,atomic,attested,,
P346354,6.,P346354_19,na,NA,atomic,attested,,
P346354,6.,P346354_20,ki,KI,atomic,attested,,
P346354,6.,P346354_21,ag2,|NINDA₂×NE|,atomic,attested,,
P346354,7.,P346354_22,nig2,GAR,atomic,attested,,
P346354,7.,P346354_22,erim2,ERIM2,atomic,attested,,
P346354,7.,P346354_23,ba,BA,atomic,attested,,
P346354,7.,P346354_23,an,AN,atomic,attested,,
P346354,7.,P346354_23,da,DA,atomic,attested,,
P346354,7.,P346354_23,bur12,BU,atomic,attested,,
P346354,7.,P346354_24,nig,|SAL.UR|,compound,attested,OSL,
P346354,7.,P346354_24,gi,GI,atomic,attested,,
P346354,7.,P346354_24,na,NA,atomic,attested,,
P346354,7.,P346354_25,gid2,BU,atomic,attested,,
P346354,7.,P346354_25,da,DA,atomic,attested,,
P346354,8.,P346354_26,nam,NAM,atomic,attested,,
P346354,8.,P346354_26,tag,TAG,atomic,attested,,
P346354,8.,P346354_27,dugud,DUGUD,atomic,attested,,
P346354,8.,P346354_28,ib2,TUM,atomic,attested,,
P346354,8.,P346354_28,ta,TA,atomic,attested,,
P346354,8.,P346354_28,x,X,atomic,attested,,
P346354,9.,P346354_29,KA,KA,unresolved,,,
P346354,9.,P346354_30,šu,ŠU,atomic,attested,,
P346354,9.,P346354_31,kal,KAL,atomic,attested,,
P346354,9.,P346354_32,x,X,atomic,attested,,
P346354,10.,P346354_33,im,IM,atomic,attested,,
P346354,10.,P346354_33,da,DA,atomic,attested,,
P346354,10.,P346354_33,šub,RU,atomic,attested,,
P346354,10.,P346354_33,bu,BU,atomic,attested,,
P346354,10.,P346354_33,de3,NE,atomic,attested,,
P346359,1.,P346359_1,ma2,MA₂,atomic,attested,,geš
P346359,1.,P346359_2,nig2,GAR,atomic,attested,,
P346359,1.,P346359_2,gi,GI,atomic,attested,,
P346359,1.,P346359_2,na,NA,atomic,attested,,
P346359,1.,P346359_3,ni2,NI₂,atomic,attested,,
P346359,1.,P346359_3,ni,NI,atomic,attested,,
P346359,1.,P346359_4,ba,BA,atomic,attested,,
P346359,1.,P346359_4,ab,AB,atomic,attested,,
P346359,1.,P346359_4,diri,diri,unresolved,,,
P346359,1.,P346359_4,ga,GA,atomic,attested,,
P346359,2.,P346359_5,utu,UD,atomic,attested,,d
P346359,2.,P346359_6,kar,KAR,atomic,attested,,
P346359,2.,P346359_6,ra,RA,atomic,attested,,
P346359,2.,P346359_7,gin6,GI,atomic,attested,,
P346359,2.,P346359_7,na,NA,atomic,attested,,
P346359,3.,P346359_8,mu,MU,atomic,attested,,
P346359,3.,P346359_8,un,KALAM@g,atomic,attested,,
P346359,3.,P346359_8,na,NA,atomic,attested,,
P346359,3.,P346359_8,ši,IGI,atomic,attested,,
P346359,3.,P346359_8,kikken2,|HI×AŠ₂.HI×AŠ₂|,compound,attested,OSL,
P346333,1.,P346333_1,…,…,broken,,,
P346333,1.,P346333_2,nig2,GAR,atomic,attested,,
P346333,1.,P346333_2,gi,GI,atomic,attested,,
P346333,1.,P346333_2,na,NA,atomic,attested,,
P346333,1.,P346333_3,hul,|IGI.UR|,compound,attested,OSL,
P346333,1.,P346333_3,a,A,atomic,attested,,
P346333,2.,P346333_4,…,…,broken,,,
P346333,2.,P346333_5,zi,ZI,atomic,attested,,
P346333,2.,P346333_5,da,DA,atomic,attested,,
P346333,2.,P346333_6,bala,BAL,atomic,attested,,
P346333,2.,P346333_6,e,E,atomic,attested,,
P346333,3.,P346333_7,…,…,broken,,,
P346333,3.,P346333_8,tur,TUR,atomic,attested,,
P346333,3.,P346333_8,ra,RA,atomic,attested,,
P346333,3.,P346333_9,e2,E₂,atomic,attested,,
P346333,3.,P346333_9,ad,AD,atomic,attested,,
P346333,3.,P346333_9,da,DA,atomic,attested,,
P346333,3.,P346333_9,ta,TA,atomic,attested,,
P346333,3.,P346333_10,sar,SAR,atomic,attested,,
P346333,3.,P346333_10,ra,RA,atomic,attested,,
P346333,4.,P346333_11,…,…,broken,,,
P346333,4.,P346333_12,utu,UD,atomic,attested,,d
P346333,4.,P346333_12,kam,|HI×BAD|,atomic,attested,,d
P346334,1.,P346334_1,du,DU,atomic,attested,,
P346334,1.,P346334_1,du,DU,atomic,attested,,
P346334,1.,P346334_2,nam,NAM,atomic,attested,,
P346334,1.,P346334_2,ukur3,ukur3,unresolved,,,
P346334,1.,P346334_2,ra,RA,atomic,attested,,
P346334,2.,P346334_3,a2,A₂,atomic,attested,,
P346334,2.,P346334_4,bi2,NE,atomic,attested,,
P346334,2.,P346334_4,ib,IB,atomic,attested,,
P346334,2.,P346334_4,gar,GAR,atomic,attested,,
P346334,3.,P346334_5,lu2,LU₂,atomic,attested,,
P346334,3.,P346334_6,lul,LUL,atomic,attested,,
P346334,3.,P346334_6,la,LA,atomic,attested,,
P346334,3.,P346334_7,abul,|KA₂.GAL|,compound,attested,OSL,
P346334,3.,P346334_8,in,IN,atomic,attested,,
P346334,3.,P346334_8,ku4,KU₄,atomic,attested,,
P346334,3.,P346334_8,ku4,KU₄,atomic,attested,,
P346334,4.,P346334_9,igi,IGI,atomic,attested,,
P346334,4.,P346334_9,be2,BI,atomic,attested,,
P346334,4.,P346334_10,šu,ŠU,atomic,attested,,
P346334,4.,P346334_10,si,SI,atomic,attested,,
P346334,4.,P346334_10,am3,|A.AN|,compound,attested,OSL,
P346334,5.,P346334_11,egir,EGIR,atomic,attested,,
P346334,5.,P346334_11,be2,BI,atomic,attested,,
P346334,5.,P346334_12,šu,ŠU,atomic,attested,,
P346334,5.,P346334_12,si,SI,atomic,attested,,
P346334,5.,P346334_12,am3,|A.AN|,compound,attested,OSL,
P254880,1.,P254880_1,ha,HA,atomic,attested,,
P254880,1.,P254880_1,la,LA,atomic,attested,,
P254880,1.,P254880_2,ha,HA,atomic,attested,,
P254880,1.,P254880_2,la,LA,atomic,attested,,
P254880,1.,P254880_2,še3,EŠ₂,atomic,attested,,
P254880,1.,P254880_3,ga2,GA₂,atomic,attested,,
P254880,1.,P254880_3,ga2,GA₂,atomic,attested,,
P254880,2.,P254880_4,nig2,GAR,atomic,attested,,
P254880,2.,P254880_4,gig,GIG,atomic,attested,,
P254880,2.,P254880_5,utu,UD,atomic,attested,,d
P254880,2.,P254880_5,kam,|HI×BAD|,atomic,attested,,d
P254880,1.,P254880_6,5(diš),5(diš),numeral,,,
P254880,2.,P254880_7,2(u),2(u),numeral,,,
P254880,2.,P254880_8,5(diš),5(diš),numeral,,,
P254880,3.,P254880_9,4(diš@v),4(diš@v),numeral,,,
P254880,4.,P254880_10,1(u),1(u),numeral,,,
P254880,4.,P254880_11,6(diš),6(diš),numeral,,,
P254880,5.,P254880_12,2(diš),2(diš),numeral,,,
P254880,6.,P254880_13,3(diš),3(diš),numeral,,,
P254880,6.,P254880_14,2(u),2(u),numeral,,,
P254880,1.,P254880_15,2(diš),2(diš),numeral,,,
P254880,1.,P254880_16,5(diš),5(diš),numeral,,,
P254880,2.,P254880_17,8(diš@v),8(diš@v),numeral,,,
P254880,2.,P254880_18,2(u),2(u),numeral,,,
P254880,3.,P254880_19,5(u@v),5(u@v),numeral,,,
P254880,4.,P254880_20,1(diš),1(diš),numeral,,,
P254880,4.,P254880_21,4(u@v),4(u@v),numeral,,,
P254880,1.,P254880_22,5(diš),5(diš),numeral,,,
P254880,2.,P254880_23,3(u),3(u),numeral,,,
P254880,2.,P254880_24,3(diš),3(diš),numeral,,,
P254880,2.,P254880_25,2(u),2(u),numeral,,,
P254880,2.,P254880_26,1(diš),1(diš),numeral,,,
P254880,2.,P254880_27,2(u),2(u),numeral,,,
P254880,2.,P254880_28,8(diš@v),8(diš@v),numeral,,,
P227526,1'.,P227526_1,na,NA,atomic,attested,,d;d
P227526,1'.,P227526_1,ra,RA,atomic,attested,,d;d
P227526,1'.,P227526_1,am,|GUD×KUR|,atomic,attested,,d;d
P227526,1'.,P227526_1,suen,|EN.ZU|,compound,attested,OSL,d;d
P227526,2'.,P227526_2,da,DA,atomic,attested,,
P227526,2'.,P227526_2,num2,LUM,atomic,attested,,
P227526,3'.,P227526_3,_lugal_,_lugal_,unresolved,,,
P227526,4'.,P227526_4,ki,KI,atomic,attested,,
P227526,4'.,P227526_4,ib,IB,atomic,attested,,
P227526,4'.,P227526_4,ra,RA,atomic,attested,,
P227526,4'.,P227526_4,tim,DIM,atomic,attested,,
P227526,5'.,P227526_5,ar,|IGI.RI|,atomic,attested,,
P227526,5'.,P227526_5,ba,BA,atomic,attested,,
P227526,5'.,P227526_5,im,IM,atomic,attested,,
P227526,6'.,P227526_6,_sag,_sag,unresolved,,,
P227526,6'.,P227526_6,geš,GIŠ,atomic,attested,,
P227526,6'.,P227526_6,ra_,ra_,unresolved,,,
P227526,7'.,P227526_7,UŠ,UŠ,atomic,attested,,
P227526,7'.,P227526_7,GI,GI,atomic,attested,,
P227526,8'.,P227526_8,ša,ŠA,atomic,attested,,
P227526,8'.,P227526_8,bir5,NAM,atomic,attested,,
P227526,9'.,P227526_9,_,_,unresolved,,,geš
P227526,9'.,P227526_9,tukul_,tukul_,unresolved,,,geš
P227526,10'.,P227526_10,šubur,ŠUBUR,atomic,attested,,ki
P227526,11'.,P227526_11,ka3,GA,atomic,attested,,
P227526,11'.,P227526_11,li2,NI,atomic,attested,,
P227526,11'.,P227526_11,i3,NI,atomic,attested,,
P227526,11'.,P227526_11,su,SU,atomic,attested,,
P227526,12'.,P227526_12,mu,MU,atomic,attested,,
P227526,12'.,P227526_12,ki2,GI,atomic,attested,,
P227526,12'.,P227526_12,in,IN,atomic,attested,,
P227526,13'.,P227526_13,_suhuš,_suhuš,unresolved,,,
P227526,13'.,P227526_13,suhuš_,suhuš_,unresolved,,,
P227526,14'.,P227526_14,um,UM,atomic,attested,,ki
P227526,14'.,P227526_14,ma,MA,atomic,attested,,ki
P227526,14'.,P227526_14,nim,NIM,atomic,attested,,ki
P227526,1'.,P227526_15,x,X,atomic,attested,,
P227526,1'.,P227526_15,…,…,broken,,,
P227526,2'.,P227526_16,a,A,atomic,attested,,
P227526,2'.,P227526_16,bu,BU,atomic,attested,,
P227526,2'.,P227526_16,…,…,broken,,,
P227526,3'.,P227526_17,uš,UŠ,atomic,attested,,
P227526,3'.,P227526_17,ba,BA,atomic,attested,,
P227526,3'.,P227526_17,al,AL,atomic,attested,,
P227526,3'.,P227526_17,ki,KI,atomic,attested,,
P227526,3'.,P227526_17,it,A₂,atomic,attested,,
P227526,3'.,P227526_17,ma,MA,atomic,attested,,
P227526,4'.,P227526_18,u,U,atomic,attested,,
P227526,4'.,P227526_18,ṣa,ṣa,unresolved,,,
P227526,4'.,P227526_18,ab,AB,atomic,attested,,
P227526,4'.,P227526_18,bi,BI,atomic,attested,,
P227526,4'.,P227526_18,am3,|A.AN|,compound,attested,OSL,
P227526,5'.,P227526_19,iš,IŠ,atomic,attested,,
P227526,5'.,P227526_19,tum,TUM,atomic,attested,,
P227526,5'.,P227526_19,ma,MA,atomic,attested,,
P227526,6'.,P227526_20,tu,TU,atomic,attested,,ki
P227526,6'.,P227526_20,tu,TU,atomic,attested,,ki
P227526,6'.,P227526_20,uš,UŠ,atomic,attested,,ki
P227526,6'.,P227526_20,še3,EŠ₂,atomic,attested,,ki
P227526,7'.,P227526_21,u3,|IGI.DIB|,atomic,attested,,
P227526,8'.,P227526_22,_kalam,_kalam,unresolved,,,ki
P227526,8'.,P227526_22,_,_,unresolved,,,ki
P227526,8'.,P227526_22,su,SU,atomic,attested,,ki
P227526,9'.,P227526_23,ur,UR,atomic,attested,,
P227526,9'.,P227526_23,ki,KI,atomic,attested,,
P227526,9'.,P227526_23,…,…,broken,,,
P227526,1.,P227526_24,|LAGABxTIL|,|LAGABxTIL|,unresolved,,,ki
P227526,1.,P227526_24,še3,EŠ₂,atomic,attested,,ki
P227526,2.,P227526_25,_kalam,_kalam,unresolved,,,ki
P227526,2.,P227526_25,_,_,unresolved,,,ki
P227526,2.,P227526_25,su,SU,atomic,attested,,ki
P227526,3.,P227526_26,tu,TU,atomic,attested,,ki
P227526,3.,P227526_26,tu,TU,atomic,attested,,ki
P227526,3.,P227526_26,uš,UŠ,atomic,attested,,ki
P227526,3.,P227526_26,še3,EŠ₂,atomic,attested,,ki
P227526,4.,P227526_27,u3,|IGI.DIB|,atomic,attested,,
P227526,5.,P227526_28,_kalam,_kalam,unresolved,,,ki
P227526,5.,P227526_28,_,_,unresolved,,,ki
P227526,5.,P227526_28,su,SU,atomic,attested,,ki
P227526,6.,P227526_29,ne,NE,atomic,attested,,ki
P227526,6.,P227526_29,ri,RI,atomic,attested,,ki
P227526,6.,P227526_29,x,X,atomic,attested,,ki
P227526,7.,P227526_30,u3,|IGI.DIB|,atomic,attested,,
P227526,8.,P227526_31,_kalam,_kalam,unresolved,,,ki
P227526,8.,P227526_31,_,_,unresolved,,,ki
P227526,8.,P227526_31,su,SU,atomic,attested,,ki
P227526,9.,P227526_32,x,X,atomic,attested,,
P227526,9.,P227526_32,x,X,atomic,attested,,
P227526,9.,P227526_32,…,…,broken,,,
P499234,1'.,P499234_1,mu,MU,atomic,attested,,
P499234,1'.,P499234_2,alan,ALAN,atomic,attested,,uruda
P499234,1'.,P499234_3,gir3,GIR₃,atomic,attested,,
P499234,1'.,P499234_3,tab,TAB,atomic,attested,,
P499234,1'.,P499234_3,ba,BA,atomic,attested,,
P499234,1'.,P499234_4,x,X,atomic,attested,,d
P499234,1'.,P499234_4,ra,RA,atomic,attested,,d
P499234,1'.,P499234_5,mu,MU,atomic,attested,,
P499234,1'.,P499234_5,un,KALAM@g,atomic,attested,,
P499234,1'.,P499234_5,na,NA,atomic,attested,,
P499234,1'.,P499234_5,an,AN,atomic,attested,,
P499234,1'.,P499234_5,dim2,DIM₂,atomic,attested,,
P499234,2'.,P499234_6,mu,MU,atomic,attested,,
P499234,2'.,P499234_7,us2,UŠ,atomic,attested,,
P499234,2'.,P499234_7,sa,SA,atomic,attested,,
P499234,2'.,P499234_8,alan,ALAN,atomic,attested,,uruda
P499234,2'.,P499234_9,gir3,GIR₃,atomic,attested,,
P499234,2'.,P499234_9,tab,TAB,atomic,attested,,
P499234,2'.,P499234_9,ba,BA,atomic,attested,,
P499234,2'.,P499234_10,x,X,atomic,attested,,d
P499234,2'.,P499234_10,ra,RA,atomic,attested,,d
P499234,2'.,P499234_11,mu,MU,atomic,attested,,
P499234,2'.,P499234_11,un,KALAM@g,atomic,attested,,
P499234,2'.,P499234_11,na,NA,atomic,attested,,
P499234,2'.,P499234_11,an,AN,atomic,attested,,
P499234,2'.,P499234_11,dim2,DIM₂,atomic,attested,,
P499234,3'.,P499234_12,mu,MU,atomic,attested,,
P499234,3'.,P499234_13,en,EN,atomic,attested,,
P499234,3'.,P499234_14,nin,|SAL.TUG₂|,atomic,attested,,d
P499234,3'.,P499234_14,sun2,sun2,unresolved,,,d
P499234,3'.,P499234_14,zi,ZI,atomic,attested,,d
P499234,3'.,P499234_15,en,EN,atomic,attested,,
P499234,3'.,P499234_16,nin,|SAL.TUG₂|,atomic,attested,,d
P499234,3'.,P499234_16,x,X,atomic,attested,,d
P499234,3'.,P499234_17,ba,BA,atomic,attested,,
P499234,3'.,P499234_17,hun,EŠ₂,atomic,attested,,
P499234,3'.,P499234_17,ga2,GA₂,atomic,attested,,
P499234,4'.,P499234_18,mu,MU,atomic,attested,,
P499234,4'.,P499234_19,alan,ALAN,atomic,attested,,uruda
P499234,4'.,P499234_20,gir3,GIR₃,atomic,attested,,
P499234,4'.,P499234_20,tab,TAB,atomic,attested,,
P499234,4'.,P499234_20,ba,BA,atomic,attested,,
P499234,4'.,P499234_21,e2,E₂,atomic,attested,,
P499234,4'.,P499234_22,nanna,nanna,unresolved,,,d
P499234,4'.,P499234_22,še3,EŠ₂,atomic,attested,,d
P499234,4'.,P499234_23,i,I,atomic,attested,,
P499234,4'.,P499234_23,ni,NI,atomic,attested,,
P499234,4'.,P499234_23,in,IN,atomic,attested,,
P499234,4'.,P499234_23,ku4,KU₄,atomic,attested,,
P499234,4'.,P499234_23,ri,RI,atomic,attested,,
P499234,5'.,P499234_24,mu,MU,atomic,attested,,
P499234,5'.,P499234_25,e2,E₂,atomic,attested,,
P499234,5'.,P499234_26,i7,i7,unresolved,,,
P499234,5'.,P499234_27,an,AN,atomic,attested,,
P499234,5'.,P499234_27,ne2,NI,atomic,attested,,
P499234,5'.,P499234_27,pa3,PA3,atomic,attested,,
P499234,5'.,P499234_28,in,IN,atomic,attested,,
P499234,5'.,P499234_28,si,SI,atomic,attested,,
P499234,5'.,P499234_28,ga,GA,atomic,attested,,
P499234,6'.,P499234_29,mu,MU,atomic,attested,,
P499234,6'.,P499234_30,e2,E₂,atomic,attested,,
P499234,6'.,P499234_31,inanna,MUŠ₃,atomic,attested,,d
P499234,6'.,P499234_32,ša3,ŠA₃,atomic,attested,,
P499234,6'.,P499234_33,larsa,|UD.AB@g|,compound,attested,OSL,ki
P499234,6'.,P499234_33,ma,MA,atomic,attested,,ki
P499234,6'.,P499234_34,ba,BA,atomic,attested,,
P499234,6'.,P499234_34,du3,KAK,atomic,attested,,
P499234,7'.,P499234_35,mu,MU,atomic,attested,,
P499234,7'.,P499234_36,e2,E₂,atomic,attested,,
P499234,7'.,P499234_37,im,IM,atomic,attested,,d
P499234,7'.,P499234_37,gur,GUR,atomic,attested,,d
P499234,7'.,P499234_37,suen,|EN.ZU|,compound,attested,OSL,d
P499234,7'.,P499234_38,in,IN,atomic,attested,,
P499234,7'.,P499234_38,si,SI,atomic,attested,,
P499234,7'.,P499234_38,ga,GA,atomic,attested,,
P499234,8'.,P499234_39,mu,MU,atomic,attested,,
P499234,8'.,P499234_40,e2,E₂,atomic,attested,,
P499234,8'.,P499234_41,lugal,LUGAL,atomic,attested,,d
P499234,8'.,P499234_41,ki,KI,atomic,attested,,d
P499234,8'.,P499234_41,du9,BUR₂,atomic,attested,,d
P499234,8'.,P499234_41,na,NA,atomic,attested,,d
P499234,8'.,P499234_42,ba,BA,atomic,attested,,
P499234,8'.,P499234_42,du3,KAK,atomic,attested,,
P499234,9'.,P499234_43,mu,MU,atomic,attested,,
P499234,9'.,P499234_44,inim,inim,unresolved,,,
P499234,9'.,P499234_45,an,AN,atomic,attested,,
P499234,9'.,P499234_46,en,EN,atomic,attested,,d
P499234,9'.,P499234_46,lil2,KID,atomic,attested,,d
P499234,9'.,P499234_47,nanna,nanna,unresolved,,,d
P499234,9'.,P499234_47,ta,TA,atomic,attested,,d
P499234,9'.,P499234_48,ugnim,ugnim,unresolved,,,
P499234,9'.,P499234_49,ma2,MA₂,atomic,attested,,
P499234,9'.,P499234_49,al,AL,atomic,attested,,
P499234,9'.,P499234_49,gi4,GI₄,atomic,attested,,
P499234,9'.,P499234_49,a,A,atomic,attested,,
P499234,9'.,P499234_50,tukul,KU,atomic,attested,,geš
P499234,9'.,P499234_51,ba,BA,atomic,attested,,
P499234,9'.,P499234_51,an,AN,atomic,attested,,
P499234,9'.,P499234_51,sig3,PA,atomic,attested,,
P499234,9'.,P499234_52,e2,E₂,atomic,attested,,
P499234,9'.,P499234_53,danna,DANNA,atomic,attested,,na
P499234,9'.,P499234_54,bi2,NE,atomic,attested,,
P499234,9'.,P499234_54,in,IN,atomic,attested,,
P499234,9'.,P499234_54,gi,GI,atomic,attested,,
P499234,9'.,P499234_54,na,NA,atomic,attested,,
P499234,9'.,P499234_55,u3,|IGI.DIB|,atomic,attested,,
P499234,9'.,P499234_56,i7,i7,unresolved,,,
P499234,9'.,P499234_57,kur,KUR,atomic,attested,,
P499234,9'.,P499234_57,ra,RA,atomic,attested,,
P499234,9'.,P499234_58,ka,ka,unresolved,,,
P499234,9'.,P499234_58,bi,BI,atomic,attested,,
P499234,9'.,P499234_59,ba,BA,atomic,attested,,
P499234,9'.,P499234_59,an,AN,atomic,attested,,
P499234,9'.,P499234_59,bad,BAD,atomic,attested,,
P499234,10'.,P499234_60,mu,MU,atomic,attested,,
P499234,10'.,P499234_61,abul,|KA₂.GAL|,compound,attested,OSL,
P499234,10'.,P499234_62,mah,MAH,atomic,attested,,
P499234,10'.,P499234_63,uri2,URI2,atomic,attested,,ki
P499234,10'.,P499234_64,ba,BA,atomic,attested,,
P499234,10'.,P499234_64,du3,KAK,atomic,attested,,
P499234,11'.,P499234_65,mu,MU,atomic,attested,,
P499234,11'.,P499234_66,du,DU,atomic,attested,,
P499234,11'.,P499234_66,un,KALAM@g,atomic,attested,,
P499234,11'.,P499234_66,nu,NU,atomic,attested,,
P499234,11'.,P499234_66,um,UM,atomic,attested,,
P499234,11'.,P499234_67,i,I,atomic,attested,,
P499234,11'.,P499234_67,šar,SAR,atomic,attested,,
P499234,11'.,P499234_67,tum,TUM,atomic,attested,,
P499234,11'.,P499234_68,ba,BA,atomic,attested,,
P499234,11'.,P499234_68,du3,KAK,atomic,attested,,
P499234,12'.,P499234_69,mu,MU,atomic,attested,,
P499234,12'.,P499234_70,bad3,bad3,unresolved,,,
P499234,12'.,P499234_71,gal,GAL,atomic,attested,,
P499234,12'.,P499234_72,larsa,|UD.AB@g|,compound,attested,OSL,ki
P499234,12'.,P499234_72,ma,MA,atomic,attested,,ki
P499234,12'.,P499234_73,ba,BA,atomic,attested,,
P499234,12'.,P499234_73,du3,KAK,atomic,attested,,
P499234,13'.,P499234_74,mu,MU,atomic,attested,,
P499234,13'.,P499234_75,bad3,bad3,unresolved,,,
P499234,13'.,P499234_76,gal,GAL,atomic,attested,,
P499234,13'.,P499234_77,ka2,KA₂,atomic,attested,,
P499234,13'.,P499234_77,…,…,broken,,,
P499234,13'.,P499234_78,an-na,|AN.NA|,compound,attested,OSL,
P499234,13'.,P499234_79,ba,BA,atomic,attested,,
P499234,13'.,P499234_79,du3,KAK,atomic,attested,,
P499234,14'.,P499234_80,mu,MU,atomic,attested,,
P499234,14'.,P499234_81,e2,E₂,atomic,attested,,
P499234,14'.,P499234_82,nin,|SAL.TUG₂|,atomic,attested,,d
P499234,14'.,P499234_82,in,IN,atomic,attested,,d
P499234,14'.,P499234_82,si,SI,atomic,attested,,d
P499234,14'.,P499234_82,na,NA,atomic,attested,,d
P499234,14'.,P499234_83,ša3,ŠA₃,atomic,attested,,
P499234,14'.,P499234_84,larsa,|UD.AB@g|,compound,attested,OSL,ki
P499234,14'.,P499234_84,ma,MA,atomic,attested,,ki
P499234,14'.,P499234_85,ba,BA,atomic,attested,,
P499234,14'.,P499234_85,du3,KAK,atomic,attested,,
P499234,15'.,P499234_86,mu,MU,atomic,attested,,
P499234,15'.,P499234_87,e2,E₂,atomic,attested,,
P499234,15'.,P499234_87,gi,GI,atomic,attested,,
P499234,15'.,P499234_87,na,NA,atomic,attested,,
P499234,15'.,P499234_87,ab,AB,atomic,attested,,
P499234,15'.,P499234_87,du7,DU7,atomic,attested,,
P499234,15'.,P499234_88,ku3,KU₃,atomic,attested,,
P499234,15'.,P499234_89,nanna,nanna,unresolved,,,d
P499234,15'.,P499234_90,ša3,ŠA₃,atomic,attested,,
P499234,15'.,P499234_91,uri2,URI2,atomic,attested,,ki
P499234,15'.,P499234_91,ma,MA,atomic,attested,,ki
P499234,15'.,P499234_92,ba,BA,atomic,attested,,
P499234,15'.,P499234_92,du3,KAK,atomic,attested,,
P499234,1'.,P499234_93,…,…,broken,,,
P499234,1'.,P499234_94,x,X,atomic,attested,,
P499234,1'.,P499234_95,…,…,broken,,,
P499234,2'.,P499234_96,mu,MU,atomic,attested,,
P499234,2'.,P499234_97,x,X,atomic,attested,,
P499234,2'.,P499234_98,…,…,broken,,,
P499234,3'.,P499234_99,mu,MU,atomic,attested,,
P499234,3'.,P499234_100,…,…,broken,,,
P499234,4'.,P499234_101,mu,MU,atomic,attested,,
P499234,4'.,P499234_102,…,…,broken,,,
P499234,5'.,P499234_103,mu,MU,atomic,attested,,
P499234,5'.,P499234_104,…,…,broken,,,
P499234,6'.,P499234_105,mu,MU,atomic,attested,,
P499234,6'.,P499234_106,…,…,broken,,,
P499234,7'.,P499234_107,mu,MU,atomic,attested,,
P499234,7'.,P499234_108,…,…,broken,,,
P499234,8'.,P499234_109,mu,MU,atomic,attested,,
P499234,8'.,P499234_110,…,…,broken,,,
P499234,9'.,P499234_111,mu,MU,atomic,attested,,
P499234,9'.,P499234_112,…,…,broken,,,
P499234,10'.,P499234_113,mu,MU,atomic,attested,,
P499234,10'.,P499234_114,…,…,broken,,,
P499234,11'.,P499234_115,mu,MU,atomic,attested,,
P499234,11'.,P499234_116,…,…,broken,,,
P499234,12'.,P499234_117,mu,MU,atomic,attested,,
P499234,12'.,P499234_118,…,…,broken,,,
P499234,13'.,P499234_119,mu,MU,atomic,attested,,
P499234,13'.,P499234_120,…,…,broken,,,
P499234,14'.,P499234_121,mu,MU,atomic,attested,,
P499234,14'.,P499234_122,…,…,broken,,,
P499234,15'.,P499234_123,mu,MU,atomic,attested,,
P499234,15'.,P499234_124,…,…,broken,,,
P499234,16'.,P499234_125,mu,MU,atomic,attested,,
P499234,16'.,P499234_126,…,…,broken,,,
P499234,17'.,P499234_127,mu,MU,atomic,attested,,
P499234,17'.,P499234_128,x,X,atomic,attested,,
P499234,17'.,P499234_129,…,…,broken,,,
P499234,18'.,P499234_130,mu,MU,atomic,attested,,
P499234,18'.,P499234_131,…,…,broken,,,
P499234,19'.,P499234_132,mu,MU,atomic,attested,,
P499234,19'.,P499234_133,…,…,broken,,,
P499234,20'.,P499234_134,mu,MU,atomic,attested,,
P499234,20'.,P499234_135,…,…,broken,,,
P499234,1'.,P499234_136,mu,MU,atomic,attested,,
P499234,1'.,P499234_137,ugnim,ugnim,unresolved,,,
P499234,1'.,P499234_138,…,…,broken,,,
P499234,2'.,P499234_139,5(diš),5(diš),numeral,,,
P499234,2'.,P499234_140,mu,MU,atomic,attested,,
P499234,2'.,P499234_141,suen,|EN.ZU|,compound,attested,OSL,d
P499234,2'.,P499234_141,i,I,atomic,attested,,d
P499234,2'.,P499234_141,qi,KIN,atomic,attested,,d
P499234,2'.,P499234_141,ša,ŠA,atomic,attested,,d
P499234,2'.,P499234_141,am,|GUD×KUR|,atomic,attested,,d
P499234,3'.,P499234_142,mu,MU,atomic,attested,,
P499234,3'.,P499234_143,ṣi,ṣi,unresolved,,,d
P499234,3'.,P499234_143,li2,NI,atomic,attested,,d
P499234,3'.,P499234_143,adad,IM,atomic,attested,,d
P499234,3'.,P499234_144,…,…,broken,,,
P499234,4'.,P499234_145,1(diš),1(diš),numeral,,,
P499234,4'.,P499234_146,mu,MU,atomic,attested,,
P499234,4'.,P499234_147,ṣi,ṣi,unresolved,,,d
P499234,4'.,P499234_147,li2,NI,atomic,attested,,d
P499234,4'.,P499234_147,adad,IM,atomic,attested,,d
P499234,5'.,P499234_148,mu,MU,atomic,attested,,
P499234,5'.,P499234_149,ARAD,ARAD,atomic,attested,,d
P499234,5'.,P499234_149,suen,|EN.ZU|,compound,attested,OSL,d
P499234,5'.,P499234_150,…,…,broken,,,
P499234,6'.,P499234_151,mu,MU,atomic,attested,,
P499234,6'.,P499234_152,bad3,bad3,unresolved,,,
P499234,6'.,P499234_153,gal,GAL,atomic,attested,,
P499234,6'.,P499234_154,ka,ka,unresolved,,,ki
P499234,6'.,P499234_154,zal,NI,atomic,attested,,ki
P499234,6'.,P499234_154,lu,LU,atomic,attested,,ki
P499234,6'.,P499234_155,…,…,broken,,,
P499234,6'.,P499234_156,x,X,atomic,attested,,
P499234,6'.,P499234_156,ti,TI,atomic,attested,,
P499234,6'.,P499234_156,ba,BA,atomic,attested,,
P499234,6'.,P499234_156,al,AL,atomic,attested,,
P499234,6'.,P499234_157,…,…,broken,,,
P499234,7'.,P499234_158,mu,MU,atomic,attested,,
P499234,7'.,P499234_159,…,…,broken,,,
P499234,7'.,P499234_160,e2,E₂,atomic,attested,,
P499234,7'.,P499234_161,…,…,broken,,,
P499234,7'.,P499234_162,i,I,atomic,attested,,
P499234,7'.,P499234_162,ni,NI,atomic,attested,,
P499234,7'.,P499234_162,in,IN,atomic,attested,,
P499234,7'.,P499234_162,ku4,KU₄,atomic,attested,,
P499234,7'.,P499234_162,ri,RI,atomic,attested,,
P499234,7'.,P499234_163,…,…,broken,,,
P499234,8'.,P499234_164,mu,MU,atomic,attested,,
P499234,8'.,P499234_165,ga3,GAN₂,atomic,attested,,
P499234,8'.,P499234_165,nun,NUN,atomic,attested,,
P499234,8'.,P499234_166,…,…,broken,,,
P499234,9'.,P499234_167,mu,MU,atomic,attested,,
P499234,9'.,P499234_168,kisal,KISAL,atomic,attested,,
P499234,9'.,P499234_169,…,…,broken,,,
P499234,10'.,P499234_170,mu,MU,atomic,attested,,
P499234,10'.,P499234_171,…,…,broken,,,
P499236,1'.,P499236_1,mu,MU,atomic,attested,,
P499236,1'.,P499236_2,an,AN,atomic,attested,,ki
P499236,1'.,P499236_2,ša,ŠA,atomic,attested,,ki
P499236,1'.,P499236_2,an,AN,atomic,attested,,ki
P499236,1'.,P499236_3,ba,BA,atomic,attested,,
P499236,1'.,P499236_3,hul,|IGI.UR|,compound,attested,OSL,
P499236,2'.,P499236_4,mu,MU,atomic,attested,,
P499236,2'.,P499236_5,en,EN,atomic,attested,,
P499236,2'.,P499236_6,utu,UD,atomic,attested,,d
P499236,2'.,P499236_7,maš2,KUN,atomic,attested,,
P499236,2'.,P499236_7,e,E,atomic,attested,,
P499236,2'.,P499236_8,in,IN,atomic,attested,,
P499236,2'.,P499236_8,pa3,PA3,atomic,attested,,
P499236,3'.,P499236_9,mu,MU,atomic,attested,,
P499236,3'.,P499236_10,us2,UŠ,atomic,attested,,
P499236,3'.,P499236_10,sa,SA,atomic,attested,,
P499236,3'.,P499236_11,en,EN,atomic,attested,,
P499236,3'.,P499236_12,utu,UD,atomic,attested,,d
P499236,3'.,P499236_13,maš2,KUN,atomic,attested,,
P499236,3'.,P499236_13,e,E,atomic,attested,,
P499236,3'.,P499236_14,in,IN,atomic,attested,,
P499236,3'.,P499236_14,pa3,PA3,atomic,attested,,
P499236,4'.,P499236_15,mu,MU,atomic,attested,,
P499236,4'.,P499236_16,alan,ALAN,atomic,attested,,
P499236,4'.,P499236_17,uruda,URUDA,atomic,attested,,
P499236,4'.,P499236_18,gu,GU,atomic,attested,,
P499236,4'.,P499236_18,la,LA,atomic,attested,,
P499236,4'.,P499236_19,e2,E₂,atomic,attested,,
P499236,4'.,P499236_20,utu,UD,atomic,attested,,d
P499236,4'.,P499236_20,še3,EŠ₂,atomic,attested,,d
P499236,4'.,P499236_21,i,I,atomic,attested,,
P499236,4'.,P499236_21,ni,NI,atomic,attested,,
P499236,4'.,P499236_21,in,IN,atomic,attested,,
P499236,4'.,P499236_21,tu,TU,atomic,attested,,
P499236,4'.,P499236_21,ri,RI,atomic,attested,,
P499236,5'.,P499236_22,mu,MU,atomic,attested,,
P499236,5'.,P499236_23,šu,ŠU,atomic,attested,,geš
P499236,5'.,P499236_23,nir,nir,unresolved,,,geš
P499236,5'.,P499236_24,2(diš),2(diš),unresolved,,,
P499236,5'.,P499236_24,a,A,atomic,attested,,
P499236,5'.,P499236_24,bi,BI,atomic,attested,,
P499236,5'.,P499236_25,e,E,atomic,attested,,d
P499236,5'.,P499236_25,nanna,nanna,unresolved,,,d
P499236,5'.,P499236_25,še3,EŠ₂,atomic,attested,,d
P499236,5'.,P499236_26,i,I,atomic,attested,,
P499236,5'.,P499236_26,ni,NI,atomic,attested,,
P499236,5'.,P499236_26,in,IN,atomic,attested,,
P499236,5'.,P499236_26,tu,TU,atomic,attested,,
P499236,5'.,P499236_26,ri,RI,atomic,attested,,
P499236,6'.,P499236_27,mu,MU,atomic,attested,,
P499236,6'.,P499236_28,en,EN,atomic,attested,,
P499236,6'.,P499236_29,utu,UD,atomic,attested,,d
P499236,6'.,P499236_30,ba,BA,atomic,attested,,
P499236,6'.,P499236_30,hun,EŠ₂,atomic,attested,,
P499236,6'.,P499236_30,ga2,GA₂,atomic,attested,,
P499236,7'.,P499236_31,mu,MU,atomic,attested,,
P499236,7'.,P499236_32,alan,ALAN,atomic,attested,,
P499236,7'.,P499236_33,uruda,URUDA,atomic,attested,,
P499236,7'.,P499236_34,giri3,GIR₃,atomic,attested,,
P499236,7'.,P499236_34,tab,TAB,atomic,attested,,
P499236,7'.,P499236_34,ba,BA,atomic,attested,,
P499236,7'.,P499236_35,nanna,nanna,unresolved,,,d
P499236,7'.,P499236_35,ra,RA,atomic,attested,,d
P499236,7'.,P499236_36,mu,MU,atomic,attested,,
P499236,7'.,P499236_36,na,NA,atomic,attested,,
P499236,7'.,P499236_36,dim2,DIM₂,atomic,attested,,
P499236,8'.,P499236_37,mu,MU,atomic,attested,,
P499236,8'.,P499236_38,us2,UŠ,atomic,attested,,
P499236,8'.,P499236_38,sa,SA,atomic,attested,,
P499236,8'.,P499236_39,alan,ALAN,atomic,attested,,
P499236,8'.,P499236_40,uruda,URUDA,atomic,attested,,
P499236,8'.,P499236_41,giri3,GIR₃,atomic,attested,,
P499236,8'.,P499236_41,tab,TAB,atomic,attested,,
P499236,8'.,P499236_41,ba,BA,atomic,attested,,
P499236,8'.,P499236_42,nanna,nanna,unresolved,,,d
P499236,8'.,P499236_42,ra,RA,atomic,attested,,d
P499236,8'.,P499236_43,mu,MU,atomic,attested,,
P499236,8'.,P499236_43,na,NA,atomic,attested,,
P499236,8'.,P499236_43,dim2,DIM₂,atomic,attested,,
P499236,1'.,P499236_44,mu,MU,atomic,attested,,
P499236,1'.,P499236_45,i7,i7,unresolved,,,
P499236,1'.,P499236_46,mah,MAH,atomic,attested,,
P499236,1'.,P499236_47,ba,BA,atomic,attested,,
P499236,1'.,P499236_47,ba,BA,atomic,attested,,
P499236,1'.,P499236_47,al,AL,atomic,attested,,
P499236,2'.,P499236_48,mu,MU,atomic,attested,,
P499236,2'.,P499236_49,i7,i7,unresolved,,,
P499236,2'.,P499236_50,hi,HI,atomic,attested,,
P499236,2'.,P499236_50,ri,RI,atomic,attested,,
P499236,2'.,P499236_50,tum,TUM,atomic,attested,,
P499236,2'.,P499236_51,larsa,|UD.AB@g|,compound,attested,OSL,ki
P499236,2'.,P499236_51,ma,MA,atomic,attested,,ki
P499236,2'.,P499236_52,ba,BA,atomic,attested,,
P499236,2'.,P499236_52,ba,BA,atomic,attested,,
P499236,2'.,P499236_52,al,AL,atomic,attested,,
P499236,3'.,P499236_53,mu,MU,atomic,attested,,
P499236,3'.,P499236_54,alan,ALAN,atomic,attested,,
P499236,3'.,P499236_55,na4,DAG₃,atomic,attested,,
P499236,3'.,P499236_56,nig2,GAR,atomic,attested,,
P499236,3'.,P499236_56,gul,gul,unresolved,,,
P499236,3'.,P499236_56,da,DA,atomic,attested,,
P499236,3'.,P499236_57,za,ZA,atomic,attested,,
P499236,3'.,P499236_57,gin3,KUR,atomic,attested,,
P499236,3'.,P499236_58,…,…,broken,,,
P499236,3'.,P499236_59,i,I,atomic,attested,,
P499236,3'.,P499236_59,ni,NI,atomic,attested,,
P499236,3'.,P499236_59,in,IN,atomic,attested,,
P499236,3'.,P499236_59,tu,TU,atomic,attested,,
P499236,3'.,P499236_59,ra,RA,atomic,attested,,
P499236,4'.,P499236_60,mu,MU,atomic,attested,,
P499236,4'.,P499236_61,ugnim,ugnim,unresolved,,,
P499236,4'.,P499236_62,i3,NI,atomic,attested,,ki
P499236,4'.,P499236_62,si,SI,atomic,attested,,ki
P499236,4'.,P499236_62,in,IN,atomic,attested,,ki
P499236,4'.,P499236_62,na,NA,atomic,attested,,ki
P499236,4'.,P499236_63,…,…,broken,,,
P499236,5'.,P499236_64,mu,MU,atomic,attested,,
P499236,5'.,P499236_65,en,EN,atomic,attested,,
P499236,5'.,P499236_66,utu,UD,atomic,attested,,d
P499236,5'.,P499236_67,maš2,KUN,atomic,attested,,
P499236,5'.,P499236_67,e,E,atomic,attested,,
P499236,5'.,P499236_68,in,IN,atomic,attested,,
P499236,5'.,P499236_68,pa3,PA3,atomic,attested,,
P499236,6'.,P499236_69,mu,MU,atomic,attested,,
P499236,6'.,P499236_70,us2,UŠ,atomic,attested,,
P499236,6'.,P499236_70,sa,SA,atomic,attested,,
P499236,6'.,P499236_71,en,EN,atomic,attested,,
P499236,6'.,P499236_72,utu,UD,atomic,attested,,d
P499236,6'.,P499236_73,maš2,KUN,atomic,attested,,
P499236,6'.,P499236_73,e,E,atomic,attested,,
P499236,6'.,P499236_74,…,…,broken,,,
P499236,6'.,P499236_75,mu,MU,atomic,attested,,
P499236,6'.,P499236_76,a,A,atomic,attested,,
P499236,6'.,P499236_76,bi2,NE,atomic,attested,,
P499236,6'.,P499236_76,sa,SA,atomic,attested,,
P499236,6'.,P499236_76,ri,RI,atomic,attested,,
P499236,6'.,P499236_76,e,E,atomic,attested,,
P499236,7'.,P499236_77,mu,MU,atomic,attested,,
P499236,7'.,P499236_78,su,SU,atomic,attested,,
P499236,7'.,P499236_78,mu,MU,atomic,attested,,
P499236,7'.,P499236_78,il2,il2,unresolved,,,
P499236,7'.,P499236_79,…,…,broken,,,
P499236,8'.,P499236_80,mu,MU,atomic,attested,,
P499236,8'.,P499236_81,alan,ALAN,atomic,attested,,
P499236,8'.,P499236_82,ku3-babbar,|KU₃.UD|,compound,attested,OSL,
P499236,8'.,P499236_83,e2,E₂,atomic,attested,,
P499236,8'.,P499236_84,utu,UD,atomic,attested,,d
P499236,8'.,P499236_84,še3,EŠ₂,atomic,attested,,d
P499236,8'.,P499236_85,…,…,broken,,,
P499236,9'.,P499236_86,mu,MU,atomic,attested,,
P499236,9'.,P499236_87,ur,UR,atomic,attested,,uruda
P499236,9'.,P499236_87,mah,MAH,atomic,attested,,uruda
P499236,9'.,P499236_88,2(diš),2(diš),unresolved,,,
P499236,9'.,P499236_88,a,A,atomic,attested,,
P499236,9'.,P499236_88,bi,BI,atomic,attested,,
P499236,9'.,P499236_89,ka2,KA₂,atomic,attested,,
P499236,9'.,P499236_90,…,…,broken,,,
P499236,9'.,P499236_91,i,I,atomic,attested,,
P499236,9'.,P499236_91,ni,NI,atomic,attested,,
P499236,9'.,P499236_91,in,IN,atomic,attested,,
P499236,9'.,P499236_91,tu,TU,atomic,attested,,
P499236,9'.,P499236_91,…,…,broken,,,
P499236,10'.,P499236_92,mu,MU,atomic,attested,,
P499236,10'.,P499236_93,a,A,atomic,attested,,ki
P499236,10'.,P499236_93,ku,KU,atomic,attested,,ki
P499236,10'.,P499236_93,uṣ,|ŠE.HU|,atomic,attested,,ki
P499236,10'.,P499236_94,…,…,broken,,,
P322914,1.,P322914_1,2(aš@c),2(aš@c),numeral,,,
P322914,1.,P322914_2,kuš3,U₂,atomic,attested,,
P322914,1.,P322914_3,1(barig@c),1(barig@c),numeral,,,
P322914,1.,P322914_4,du3,KAK,atomic,attested,,
P322914,1.,P322914_5,3(diš),3(diš),numeral,,,
P322914,1.,P322914_6,šu,ŠU,atomic,attested,,
P322914,1.,P322914_6,BAD,BAD,atomic,attested,,
P322914,2.,P322914_7,3(aš@c),3(aš@c),numeral,,,
P322914,2.,P322914_8,kuš3,U₂,atomic,attested,,
P322914,2.,P322914_9,šu,ŠU,atomic,attested,,
P322914,2.,P322914_9,BAD,BAD,atomic,attested,,
P322914,2.,P322914_10,3(diš),3(diš),numeral,,,
P322914,3.,P322914_11,1(aš@c),1(aš@c),numeral,,,
P322914,3.,P322914_12,šu,ŠU,atomic,attested,,
P322914,3.,P322914_12,BAD,BAD,atomic,attested,,
P322914,3.,P322914_13,3(diš),3(diš),numeral,,,
P322914,3.,P322914_14,x,X,atomic,attested,,
P322914,3.,P322914_15,x,X,atomic,attested,,
P322678,1.,P322678_1,…,…,broken,,,
P322678,2.,P322678_2,n,n,numeral,,,
P322678,2.,P322678_3,1(diš),1(diš),numeral,,,
P322678,2.,P322678_4,1/2(diš),1/2(diš),numeral,,,
P322678,2.,P322678_5,nindax(DU),nindax(DU),unresolved,,,ninda
P322678,2.,P322678_6,2(diš),2(diš),numeral,,,
P322678,2.,P322678_7,šu,ŠU,atomic,attested,,
P322678,2.,P322678_7,du3,KAK,atomic,attested,,
P322678,2.,P322678_7,a,A,atomic,attested,,
P322678,2.,P322678_8,2(diš),2(diš),numeral,,,
P322678,2.,P322678_9,1/2(diš),1/2(diš),numeral,,,
P322678,2.,P322678_10,šu,ŠU,atomic,attested,,
P322678,2.,P322678_10,si,SI,atomic,attested,,
P322678,2.,P322678_11,x,X,atomic,attested,,
P322678,3.,P322678_12,AŠ,AŠ,atomic,attested,,
P020479,1.,P020479_1,1(geš2@c),1(geš2@c),numeral,,,
P020479,1.,P020479_2,7(aš@c),7(aš@c),numeral,,,
P020479,1.,P020479_3,1/2(aš@c),1/2(aš@c),numeral,,,
P020479,1.,P020479_4,us2,UŠ,atomic,attested,,
P020479,1.,P020479_5,nindax(DU),nindax(DU),unresolved,,,ninda
P020479,2.,P020479_6,sag,SAG,atomic,attested,,
P020479,2.,P020479_7,1(iku@c),1(iku@c),numeral,,,
P020479,2.,P020479_8,GAN2,GAN₂,atomic,attested,,
P020479,3.,P020479_9,1(aš@c),1(aš@c),numeral,,,
P020479,3.,P020479_10,nindax(DU),nindax(DU),unresolved,,,ninda
P020479,3.,P020479_11,5(diš@t),5(diš@t),numeral,,,
P020479,3.,P020479_12,kuš3,U₂,atomic,attested,,
P020479,3.,P020479_13,2(diš@t),2(diš@t),numeral,,,
P020479,3.,P020479_14,šu,ŠU,atomic,attested,,
P020479,3.,P020479_14,du3,KAK,atomic,attested,,
P020479,3.,P020479_14,a,A,atomic,attested,,
P020479,3.,P020479_15,3(diš@t),3(diš@t),numeral,,,
P020479,3.,P020479_16,šu,ŠU,atomic,attested,,
P020479,3.,P020479_16,si,SI,atomic,attested,,
P020479,3.,P020479_17,1/3(aš@c),1/3(aš@c),numeral,,,
P020479,3.,P020479_18,šu,ŠU,atomic,attested,,
P020479,3.,P020479_18,si,SI,atomic,attested,,
P020479,1.,P020479_19,il,IL,atomic,attested,,
P020479,1.,P020479_20,il,IL,atomic,attested,,
P323026,1.,P323026_1,1(bur'u@c),1(bur'u@c),numeral,,,
P323026,1.,P323026_2,3(bur3@c),3(bur3@c),numeral,,,
P323026,1.,P323026_3,1(eše3@c),1(eše3@c),numeral,,,
P323026,1.,P323026_4,6(iku@c),6(iku@c),numeral,,,
P323026,1.,P323026_5,GAN2,GAN₂,atomic,attested,,
P323026,2.,P323026_6,pa5,|PAP.E|,compound,attested,OSL,
P323026,2.,P323026_7,ur,UR,atomic,attested,,
P323026,2.,P323026_7,mu,MU,atomic,attested,,
P323026,2.,P323026_7,da,DA,atomic,attested,,
P323026,3.,P323026_8,sig,SIG,atomic,attested,,
P323026,1.,P323026_9,da,DA,atomic,attested,,
P323026,1.,P323026_9,ba,BA,atomic,attested,,
P323026,1.,P323026_10,4(bur3@c),4(bur3@c),numeral,,,
P323026,1.,P323026_11,3(eše3@c),3(eše3@c),numeral,,,
P323026,1.,P323026_12,3(iku@c),3(iku@c),numeral,,,
P323026,1.,P323026_13,dub,DUB,atomic,attested,,
P323026,1.,P323026_13,la2,LAL,atomic,attested,,
P323026,2.,P323026_14,EN,EN,atomic,attested,,
P323026,2.,P323026_14,TI,TI,atomic,attested,,
P323026,3.,P323026_15,igi,IGI,atomic,attested,,
P323026,3.,P323026_15,nim,NIM,atomic,attested,,
P323026,1.,P323026_16,n,n,numeral,,,
P323026,1.,P323026_17,8(bur3@c),8(bur3@c),numeral,,,
P323026,1.,P323026_18,…,…,broken,,,
P323026,1.,P323026_19,1(eše3@c),1(eše3@c),numeral,,,
P323026,2.,P323026_20,6(bur3@c),6(bur3@c),numeral,,,
P323026,2.,P323026_21,2(eše3@c),2(eše3@c),numeral,,,
P323026,2.,P323026_22,a,A,atomic,attested,,
P323026,2.,P323026_22,ša3,ŠA₃,atomic,attested,,
P323026,2.,P323026_23,sig,SIG,atomic,attested,,
P323026,2.,P323026_24,naga,naga,unresolved,,,
P323026,2.,P323026_25,du3,KAK,atomic,attested,,
P323026,3.,P323026_26,pa5,|PAP.E|,compound,attested,OSL,
P323026,3.,P323026_27,ur,UR,atomic,attested,,
P323026,3.,P323026_27,mu,MU,atomic,attested,,
P323026,3.,P323026_27,da,DA,atomic,attested,,
P227352,1.,P227352_1,x,X,atomic,attested,,
P227352,1.,P227352_2,x,X,atomic,attested,,
P227352,1.,P227352_3,x,X,atomic,attested,,
P227352,2.,P227352_4,mas,MAŠ,atomic,attested,,
P227352,2.,P227352_4,tur,TUR,atomic,attested,,
P227352,3.,P227352_5,i3,NI,atomic,attested,,
P227352,3.,P227352_5,li2,NI,atomic,attested,,
P227352,3.,P227352_5,iš,IŠ,atomic,attested,,
P227352,3.,P227352_5,ta2,DA,atomic,attested,,
P227352,3.,P227352_5,kal2,GAL,atomic,attested,,
P227352,1.,P227352_6,x,X,atomic,attested,,
P227352,1.,P227352_6,i3,NI,atomic,attested,,
P227352,1.,P227352_6,li2,NI,atomic,attested,,
P227352,2.,P227352_7,ur,UR,atomic,attested,,d
P227352,2.,P227352_7,ŠE3,EŠ₂,atomic,attested,,d
P227363,1'.,P227363_1,x,X,atomic,attested,,
P227363,1'.,P227363_2,x,X,atomic,attested,,
P227363,1'.,P227363_3,x,X,atomic,attested,,
P256319,1.,P256319_1,n,n,numeral,,,
P256319,1.,P256319_2,šuku,šuku,unresolved,,,
P256319,1.,P256319_3,ab,AB,atomic,attested,,
P256319,1.,P256319_3,ba,BA,atomic,attested,,
P256319,1.,P256319_4,en,EN,atomic,attested,,d
P256319,1.,P256319_4,lil2,KID,atomic,attested,,d
P256319,1.,P256319_4,kam,|HI×BAD|,atomic,attested,,d
P256319,2.,P256319_5,3(diš),3(diš),numeral,,,
P256319,2.,P256319_6,sanga,sanga,unresolved,,,
P256319,3.,P256319_7,1(diš),1(diš),numeral,,,
P256319,3.,P256319_8,šabra,šabra,unresolved,,,
P256319,4.,P256319_9,1(diš),1(diš),numeral,,,
P256319,4.,P256319_10,nin,|SAL.TUG₂|,atomic,attested,,d
P256319,4.,P256319_10,urta,IB,atomic,attested,,d
P256319,4.,P256319_10,mu,MU,atomic,attested,,d
P256319,4.,P256319_10,ša,ŠA,atomic,attested,,d
P256319,4.,P256319_10,lim,IGI,atomic,attested,,d
P256319,5.,P256319_11,1(diš),1(diš),numeral,,,
P256319,5.,P256319_12,en,EN,atomic,attested,,d
P256319,5.,P256319_12,lil2,KID,atomic,attested,,d
P256319,5.,P256319_12,dingir,AN,atomic,attested,,d
P256319,6.,P256319_13,1(diš),1(diš),numeral,,,
P256319,6.,P256319_14,a,A,atomic,attested,,
P256319,6.,P256319_14,wi,PI,atomic,attested,,
P256319,6.,P256319_14,li,LI,atomic,attested,,
P256319,6.,P256319_14,ia,|I.A|,atomic,attested,,
P256319,1.,P256319_15,4(u),4(u),numeral,,,
P256319,1.,P256319_16,8(diš),8(diš),numeral,,,
P256319,1.,P256319_17,x,X,atomic,attested,,
P256319,2.,P256319_18,7(diš),7(diš),numeral,,,
P256319,2.,P256319_19,šuku,šuku,unresolved,,,
P256319,2.,P256319_20,PI,PI,atomic,attested,,
P256319,2.,P256319_20,x,X,atomic,attested,,
P256319,2.,P256319_20,x,X,atomic,attested,,
P256319,2.,P256319_20,x,X,atomic,attested,,
P322708,1.,P322708_1,geštin,GEŠTIN,atomic,attested,,
P322708,2.,P322708_2,1(diš@t),1(diš@t),numeral,,,
P322708,2.,P322708_3,mu,MU,atomic,attested,,
P322708,3.,P322708_4,e,E,atomic,attested,,
P322708,3.,P322708_5,lugal,LUGAL,atomic,attested,,
P322708,3.,P322708_5,nu,NU,atomic,attested,,
P322708,3.,P322708_5,du11,du11,unresolved,,,
P322708,3.,P322708_5,ga,GA,atomic,attested,,
P322708,4.,P322708_6,e,E,atomic,attested,,
P322708,4.,P322708_7,dumu,TUR,atomic,attested,,
P322708,4.,P322708_8,ensi2,ENSI2,atomic,attested,,
P322708,4.,P322708_8,ke4,KID,atomic,attested,,
P322708,4.,P322708_8,ne,NE,atomic,attested,,
P322708,5.,P322708_9,ur,UR,atomic,attested,,d
P322708,5.,P322708_9,…,…,broken,,,d
P227203,1.,P227203_1,KI,KI,atomic,attested,,
P227203,1.,P227203_2,A,A,atomic,attested,,
P227203,2.,P227203_3,AN,AN,atomic,attested,,
P227203,2.,P227203_4,KU3,KU₃,atomic,attested,,
P227203,3.,P227203_5,ŠE3,EŠ₂,atomic,attested,,
P227203,3.,P227203_6,LUL,LUL,atomic,attested,,
P227203,3.,P227203_7,HI,HI,atomic,attested,,
P227203,3.,P227203_8,SU,SU,atomic,attested,,
P227241,1.,P227241_1,ki,KI,atomic,attested,,
P227241,1.,P227241_2,bar,BAR,atomic,attested,,
P227241,1.,P227241_3,AŠ,AŠ,atomic,attested,,
P227241,2.,P227241_4,ki,KI,atomic,attested,,
P227241,2.,P227241_5,bar,BAR,atomic,attested,,
P227241,2.,P227241_6,e3,e3,unresolved,,,
P227241,3.,P227241_7,ki,KI,atomic,attested,,
P227241,3.,P227241_8,bar,BAR,atomic,attested,,
P227241,3.,P227241_9,SU3@g,SU3@g,unresolved,,,
P227241,3.,P227241_10,GIN2,DUN₃@g,atomic,attested,,
P227241,1.,P227241_11,in,IN,atomic,attested,,
P227241,1.,P227241_12,x,X,atomic,attested,,
P227241,1.,P227241_13,KUŠU3,|UD.KUŠU₂|,atomic,attested,,
P227311,1.,P227311_1,en,EN,atomic,attested,,
P227311,1.,P227311_2,a,A,atomic,attested,,
P227311,1.,P227311_3,ha,HA,atomic,attested,,
P227311,2.,P227311_4,en,EN,atomic,attested,,
P227311,2.,P227311_5,ku,KU,atomic,attested,,
P227311,2.,P227311_6,da,DA,atomic,attested,,
P227311,3.,P227311_7,en,EN,atomic,attested,,
P227311,3.,P227311_8,NI,NI,atomic,attested,,
P227311,3.,P227311_9,|ŠU2,ŠU₂,atomic,attested,,
P227311,3.,P227311_9,SA|,SA,atomic,attested,,
P227323,1.,P227323_1,…,…,broken,,,
P227323,2.,P227323_2,na,NA,atomic,attested,,
P227323,2.,P227323_3,x,X,atomic,attested,,
P227323,3.,P227323_4,na,NA,atomic,attested,,
P227323,3.,P227323_5,x,X,atomic,attested,,
P274166,1.,P274166_1,_geš_,_geš_,unresolved,,,
P274166,2.,P274166_2,…,…,broken,,,
P274166,2.,P274166_3,RU,RU,atomic,attested,,
P274166,1.,P274166_4,…,…,broken,,,
P300856,1.,P300856_1,iti,UD×U+U+U,atomic,attested,,
P300856,1.,P300856_2,bara2,BARA₂,atomic,attested,,
P300856,1.,P300856_2,za3,ZAG,atomic,attested,,
P300856,1.,P300856_2,gar,GAR,atomic,attested,,
P300856,1.,P300856_2,ra,RA,atomic,attested,,
P300856,2.,P300856_3,iti,UD×U+U+U,atomic,attested,,
P300856,2.,P300856_4,gu4,GUD,atomic,attested,,
P300856,2.,P300856_4,si,SI,atomic,attested,,
P300856,2.,P300856_4,su,SU,atomic,attested,,
P300856,3.,P300856_5,iti,UD×U+U+U,atomic,attested,,
P300856,3.,P300856_6,sig4,SIG₄,atomic,attested,,
P300856,3.,P300856_6,ga,GA,atomic,attested,,
P300856,4.,P300856_7,iti,UD×U+U+U,atomic,attested,,
P300856,4.,P300856_8,šu,ŠU,atomic,attested,,
P300856,4.,P300856_8,numun,KUL,atomic,attested,,
P300856,4.,P300856_8,a,A,atomic,attested,,
P300856,5.,P300856_9,iti,UD×U+U+U,atomic,attested,,
P300856,5.,P300856_10,NE,NE,atomic,attested,,
P300856,5.,P300856_10,NE,NE,atomic,attested,,
P300856,5.,P300856_10,gar,GAR,atomic,attested,,
P300856,5.,P300856_10,ra,RA,atomic,attested,,
P300856,6.,P300856_11,iti,UD×U+U+U,atomic,attested,,
P300856,6.,P300856_12,kin,KIN,atomic,attested,,d
P300856,6.,P300856_12,inanna,MUŠ₃,atomic,attested,,d
P300856,1.,P300856_13,iti,UD×U+U+U,atomic,attested,,
P300856,1.,P300856_14,du6,LAGAR@g,atomic,attested,,
P300856,1.,P300856_14,ku3,KU₃,atomic,attested,,
P300856,2.,P300856_15,iti,UD×U+U+U,atomic,attested,,
P300856,2.,P300856_16,apin,APIN,atomic,attested,,geš
P300856,2.,P300856_16,du8,DUH,atomic,attested,,geš
P300856,2.,P300856_16,ha,HA,atomic,attested,,geš
P300856,3.,P300856_17,iti,UD×U+U+U,atomic,attested,,
P300856,3.,P300856_18,gan,gan,unresolved,,,
P300856,3.,P300856_18,gan,gan,unresolved,,,
P300856,3.,P300856_18,e3,e3,unresolved,,,
P300856,4.,P300856_19,iti,UD×U+U+U,atomic,attested,,
P300856,4.,P300856_20,ab,AB,atomic,attested,,
P300856,4.,P300856_20,pa,PA,atomic,attested,,
P300856,4.,P300856_20,e3,e3,unresolved,,,
P300856,5.,P300856_21,iti,UD×U+U+U,atomic,attested,,
P300856,5.,P300856_22,ud2-duru5,|ZIZ₂.A|,compound,attested,OSL,
P300856,6.,P300856_23,iti,UD×U+U+U,atomic,attested,,
P300856,6.,P300856_24,še,ŠE,atomic,attested,,
P300856,6.,P300856_24,sag11,KIN,atomic,attested,,
P300856,6.,P300856_24,ku5,TAR,atomic,attested,,
P215413,1.,P215413_1,7(aš@c),7(aš@c),numeral,,,
P215413,1.,P215413_2,2(barig@c),2(barig@c),numeral,,,
P215413,1.,P215413_3,_še,_še,unresolved,,,
P215413,1.,P215413_4,gur_,gur_,unresolved,,,
P215413,2.,P215413_5,il2,il2,unresolved,,,
P215413,2.,P215413_5,su3,SUD,atomic,attested,,
P215413,2.,P215413_5,a,A,atomic,attested,,
P215413,2.,P215413_5,ha,HA,atomic,attested,,
