unicode_id,allograph_sign,allograph_form,allograph_ucun,allograph_type,graphic_variant_id,compound_form,component_position,allographCompound_cun,allographCompound_useq,signList_analogue
U+12000,A,LAK797,𒀀,Type_3,A_v1,,,,,LAK795 [Uruk IV–III (~3400–3000 BCE) | Archaic / Uruk]; ASY311 [Standard Babylonian (any period) | Akkadian syllabary]; ABZL470 [Old Babylonian (~2000–1600 BCE) | School texts]; BAU416 [Early Dynastic (~2900–2340 BCE) | Lagash]; ELLES393 [Early Dynastic (~2900–2340 BCE) | Ebla]; GCSL324 [Gudea period (~2100 BCE) | Lagash / Girsu]; KWU901 [Ur III (~2112–2004 BCE) | Administrative]; MZL839 [Standard Babylonian (any period) | Akkado-Babylonian]; PTACE328 [Early Dynastic (~2900–2340 BCE) | Ebla]; RSP051 [Early Dynastic (~2900–2340 BCE) | Presargonic Lagash]; SYA274 [Standard Babylonian (any period) | Akkadian syllabary]
U+12000,|A.EDIN.LAL|,|A.EDIN|,𒀀,Type_2,compound,|A.EDIN|,1,𒀀𒂔,U+12000; U+12094,
U+12094,|A.EDIN.LAL|,|A.EDIN|,𒂔,Type_2,compound,|A.EDIN|,2,𒀀𒂔,U+12000; U+12094,
U+12000,|A.EDIN.LAL|,|A.EDIN.A.LAL|,𒀀,Type_2,compound,|A.EDIN.A.LAL|,1,𒀀𒂔𒀀𒇲,U+12000; U+12094; U+12000; U+121F2,
U+12094,|A.EDIN.LAL|,|A.EDIN.A.LAL|,𒂔,Type_2,compound,|A.EDIN.A.LAL|,2,𒀀𒂔𒀀𒇲,U+12000; U+12094; U+12000; U+121F2,
U+12000,|A.EDIN.LAL|,|A.EDIN.A.LAL|,𒀀,Type_2,compound,|A.EDIN.A.LAL|,3,𒀀𒂔𒀀𒇲,U+12000; U+12094; U+12000; U+121F2,
U+121F2,|A.EDIN.LAL|,|A.EDIN.A.LAL|,𒇲,Type_2,compound,|A.EDIN.A.LAL|,4,𒀀𒂔𒀀𒇲,U+12000; U+12094; U+12000; U+121F2,
U+12000,|A.EDIN.LAL|,|A.EDIN.NA|,𒀀,Type_2,compound,|A.EDIN.NA|,1,𒀀𒂔𒈾,U+12000; U+12094; U+1223E,
U+12094,|A.EDIN.LAL|,|A.EDIN.NA|,𒂔,Type_2,compound,|A.EDIN.NA|,2,𒀀𒂔𒈾,U+12000; U+12094; U+1223E,
U+1223E,|A.EDIN.LAL|,|A.EDIN.NA|,𒈾,Type_2,compound,|A.EDIN.NA|,3,𒀀𒂔𒈾,U+12000; U+12094; U+1223E,
U+12000,|A.EDIN.LAL|,|A.U.EDIN.LAL|,𒀀,Type_2,compound,|A.U.EDIN.LAL|,1,𒀀𒌋𒂔𒇲,U+12000; U+1230B; U+12094; U+121F2,
U+1230B,|A.EDIN.LAL|,|A.U.EDIN.LAL|,𒌋,Type_2,compound,|A.U.EDIN.LAL|,2,𒀀𒌋𒂔𒇲,U+12000; U+1230B; U+12094; U+121F2,
U+12094,|A.EDIN.LAL|,|A.U.EDIN.LAL|,𒂔,Type_2,compound,|A.U.EDIN.LAL|,3,𒀀𒌋𒂔𒇲,U+12000; U+1230B; U+12094; U+121F2,
U+121F2,|A.EDIN.LAL|,|A.U.EDIN.LAL|,𒇲,Type_2,compound,|A.U.EDIN.LAL|,4,𒀀𒌋𒂔𒇲,U+12000; U+1230B; U+12094; U+121F2,
U+12094,|A.EDIN.LAL|,|EDIN.A|,𒂔,Type_2,compound,|EDIN.A|,1,𒂔𒀀,U+12094; U+12000,
U+12000,|A.EDIN.LAL|,|EDIN.A|,𒀀,Type_2,compound,|EDIN.A|,2,𒂔𒀀,U+12094; U+12000,
U+12094,|A.EDIN.LAL|,|EDIN.A.LAL|,𒂔,Type_2,compound,|EDIN.A.LAL|,1,𒂔𒀀𒇲,U+12094; U+12000; U+121F2,
U+12000,|A.EDIN.LAL|,|EDIN.A.LAL|,𒀀,Type_2,compound,|EDIN.A.LAL|,2,𒂔𒀀𒇲,U+12094; U+12000; U+121F2,
U+121F2,|A.EDIN.LAL|,|EDIN.A.LAL|,𒇲,Type_2,compound,|EDIN.A.LAL|,3,𒂔𒀀𒇲,U+12094; U+12000; U+121F2,
U+12094,|A.EDIN.LAL|,|EDIN.LAL|,𒂔,Type_2,compound,|EDIN.LAL|,1,𒂔𒇲,U+12094; U+121F2,
U+121F2,|A.EDIN.LAL|,|EDIN.LAL|,𒇲,Type_2,compound,|EDIN.LAL|,2,𒂔𒇲,U+12094; U+121F2,
U+12094,|A.EDIN.LAL|,|EDIN.LAL.A|,𒂔,Type_2,compound,|EDIN.LAL.A|,1,𒂔𒇲𒀀,U+12094; U+121F2; U+12000,
U+121F2,|A.EDIN.LAL|,|EDIN.LAL.A|,𒇲,Type_2,compound,|EDIN.LAL.A|,2,𒂔𒇲𒀀,U+12094; U+121F2; U+12000,
U+12000,|A.EDIN.LAL|,|EDIN.LAL.A|,𒀀,Type_2,compound,|EDIN.LAL.A|,3,𒂔𒇲𒀀,U+12094; U+121F2; U+12000,
U+12094,|A.EDIN.LAL|,|EDIN.NA.A.LAL|,𒂔,Type_2,compound,|EDIN.NA.A.LAL|,1,𒂔𒈾𒀀𒇲,U+12094; U+1223E; U+12000; U+121F2,
U+1223E,|A.EDIN.LAL|,|EDIN.NA.A.LAL|,𒈾,Type_2,compound,|EDIN.NA.A.LAL|,2,𒂔𒈾𒀀𒇲,U+12094; U+1223E; U+12000; U+121F2,
U+12000,|A.EDIN.LAL|,|EDIN.NA.A.LAL|,𒀀,Type_2,compound,|EDIN.NA.A.LAL|,3,𒂔𒈾𒀀𒇲,U+12094; U+1223E; U+12000; U+121F2,
U+121F2,|A.EDIN.LAL|,|EDIN.NA.A.LAL|,𒇲,Type_2,compound,|EDIN.NA.A.LAL|,4,𒂔𒈾𒀀𒇲,U+12094; U+1223E; U+12000; U+121F2,
U+12000,|A.GISAL.GAD.GAR.A.SI|,|A.LAK648×A.GAD.GAR.A.SI|,𒀀,Type_2,compound,|A.LAK648×A.GAD.GAR.A.SI|,1,𒀀X𒃰𒃻𒀀𒋛,U+12000; X; U+120F0; U+120FB; U+12000; U+122DB,
X,|A.GISAL.GAD.GAR.A.SI|,|A.LAK648×A.GAD.GAR.A.SI|,,Type_2,compound,|A.LAK648×A.GAD.GAR.A.SI|,2,𒀀X𒃰𒃻𒀀𒋛,U+12000; X; U+120F0; U+120FB; U+12000; U+122DB,
U+120F0,|A.GISAL.GAD.GAR.A.SI|,|A.LAK648×A.GAD.GAR.A.SI|,𒃰,Type_2,compound,|A.LAK648×A.GAD.GAR.A.SI|,3,𒀀X𒃰𒃻𒀀𒋛,U+12000; X; U+120F0; U+120FB; U+12000; U+122DB,
U+120FB,|A.GISAL.GAD.GAR.A.SI|,|A.LAK648×A.GAD.GAR.A.SI|,𒃻,Type_2,compound,|A.LAK648×A.GAD.GAR.A.SI|,4,𒀀X𒃰𒃻𒀀𒋛,U+12000; X; U+120F0; U+120FB; U+12000; U+122DB,
U+12000,|A.GISAL.GAD.GAR.A.SI|,|A.LAK648×A.GAD.GAR.A.SI|,𒀀,Type_2,compound,|A.LAK648×A.GAD.GAR.A.SI|,5,𒀀X𒃰𒃻𒀀𒋛,U+12000; X; U+120F0; U+120FB; U+12000; U+122DB,
U+122DB,|A.GISAL.GAD.GAR.A.SI|,|A.LAK648×A.GAD.GAR.A.SI|,𒋛,Type_2,compound,|A.LAK648×A.GAD.GAR.A.SI|,6,𒀀X𒃰𒃻𒀀𒋛,U+12000; X; U+120F0; U+120FB; U+12000; U+122DB,
U+12000,|A.HA.TAR.DU|,|A.BU|,𒀀,Type_2,compound,|A.BU|,1,𒀀𒁍,U+12000; U+1204D,
U+1204D,|A.HA.TAR.DU|,|A.BU|,𒁍,Type_2,compound,|A.BU|,2,𒀀𒁍,U+12000; U+1204D,
U+12000,|A.HA.TAR.DU|,|A.BU.DU|,𒀀,Type_2,compound,|A.BU.DU|,1,𒀀𒁍𒁺,U+12000; U+1204D; U+1207A,
U+1204D,|A.HA.TAR.DU|,|A.BU.DU|,𒁍,Type_2,compound,|A.BU.DU|,2,𒀀𒁍𒁺,U+12000; U+1204D; U+1207A,
U+1207A,|A.HA.TAR.DU|,|A.BU.DU|,𒁺,Type_2,compound,|A.BU.DU|,3,𒀀𒁍𒁺,U+12000; U+1204D; U+1207A,
U+12000,|A.HA.TAR.DU|,|A.BU.HA|,𒀀,Type_2,compound,|A.BU.HA|,1,𒀀𒁍𒄩,U+12000; U+1204D; U+12129,
U+1204D,|A.HA.TAR.DU|,|A.BU.HA|,𒁍,Type_2,compound,|A.BU.HA|,2,𒀀𒁍𒄩,U+12000; U+1204D; U+12129,
U+12129,|A.HA.TAR.DU|,|A.BU.HA|,𒄩,Type_2,compound,|A.BU.HA|,3,𒀀𒁍𒄩,U+12000; U+1204D; U+12129,
U+12000,|A.HA.TAR.DU|,|A.BU.HA.DU|,𒀀,Type_2,compound,|A.BU.HA.DU|,1,𒀀𒁍𒄩𒁺,U+12000; U+1204D; U+12129; U+1207A,
U+1204D,|A.HA.TAR.DU|,|A.BU.HA.DU|,𒁍,Type_2,compound,|A.BU.HA.DU|,2,𒀀𒁍𒄩𒁺,U+12000; U+1204D; U+12129; U+1207A,
U+12129,|A.HA.TAR.DU|,|A.BU.HA.DU|,𒄩,Type_2,compound,|A.BU.HA.DU|,3,𒀀𒁍𒄩𒁺,U+12000; U+1204D; U+12129; U+1207A,
U+1207A,|A.HA.TAR.DU|,|A.BU.HA.DU|,𒁺,Type_2,compound,|A.BU.HA.DU|,4,𒀀𒁍𒄩𒁺,U+12000; U+1204D; U+12129; U+1207A,
U+12000,|A.HA.TAR.DU|,|A.BU.HA.NI.DU|,𒀀,Type_2,compound,|A.BU.HA.NI.DU|,1,𒀀𒁍𒄩𒉌𒁺,U+12000; U+1204D; U+12129; U+1224C; U+1207A,
U+1204D,|A.HA.TAR.DU|,|A.BU.HA.NI.DU|,𒁍,Type_2,compound,|A.BU.HA.NI.DU|,2,𒀀𒁍𒄩𒉌𒁺,U+12000; U+1204D; U+12129; U+1224C; U+1207A,
U+12129,|A.HA.TAR.DU|,|A.BU.HA.NI.DU|,𒄩,Type_2,compound,|A.BU.HA.NI.DU|,3,𒀀𒁍𒄩𒉌𒁺,U+12000; U+1204D; U+12129; U+1224C; U+1207A,
U+1224C,|A.HA.TAR.DU|,|A.BU.HA.NI.DU|,𒉌,Type_2,compound,|A.BU.HA.NI.DU|,4,𒀀𒁍𒄩𒉌𒁺,U+12000; U+1204D; U+12129; U+1224C; U+1207A,
U+1207A,|A.HA.TAR.DU|,|A.BU.HA.NI.DU|,𒁺,Type_2,compound,|A.BU.HA.NI.DU|,5,𒀀𒁍𒄩𒉌𒁺,U+12000; U+1204D; U+12129; U+1224C; U+1207A,
U+12000,|A.HA.TAR.DU|,|A.HA|,𒀀,Type_2,compound,|A.HA|,1,𒀀𒄩,U+12000; U+12129,
U+12129,|A.HA.TAR.DU|,|A.HA|,𒄩,Type_2,compound,|A.HA|,2,𒀀𒄩,U+12000; U+12129,
U+12000,|A.HA.TAR.DU|,|A.HA.A.DU|,𒀀,Type_2,compound,|A.HA.A.DU|,1,𒀀𒄩𒀀𒁺,U+12000; U+12129; U+12000; U+1207A,
U+12129,|A.HA.TAR.DU|,|A.HA.A.DU|,𒄩,Type_2,compound,|A.HA.A.DU|,2,𒀀𒄩𒀀𒁺,U+12000; U+12129; U+12000; U+1207A,
U+12000,|A.HA.TAR.DU|,|A.HA.A.DU|,𒀀,Type_2,compound,|A.HA.A.DU|,3,𒀀𒄩𒀀𒁺,U+12000; U+12129; U+12000; U+1207A,
U+1207A,|A.HA.TAR.DU|,|A.HA.A.DU|,𒁺,Type_2,compound,|A.HA.A.DU|,4,𒀀𒄩𒀀𒁺,U+12000; U+12129; U+12000; U+1207A,
U+12000,|A.HA.TAR.DU|,|A.HA.BU.DU|,𒀀,Type_2,compound,|A.HA.BU.DU|,1,𒀀𒄩𒁍𒁺,U+12000; U+12129; U+1204D; U+1207A,
U+12129,|A.HA.TAR.DU|,|A.HA.BU.DU|,𒄩,Type_2,compound,|A.HA.BU.DU|,2,𒀀𒄩𒁍𒁺,U+12000; U+12129; U+1204D; U+1207A,
U+1204D,|A.HA.TAR.DU|,|A.HA.BU.DU|,𒁍,Type_2,compound,|A.HA.BU.DU|,3,𒀀𒄩𒁍𒁺,U+12000; U+12129; U+1204D; U+1207A,
U+1207A,|A.HA.TAR.DU|,|A.HA.BU.DU|,𒁺,Type_2,compound,|A.HA.BU.DU|,4,𒀀𒄩𒁍𒁺,U+12000; U+12129; U+1204D; U+1207A,
U+12000,|A.HA.TAR.DU|,|A.HA.BU.LAGAB|,𒀀,Type_2,compound,|A.HA.BU.LAGAB|,1,𒀀𒄩𒁍𒆸,U+12000; U+12129; U+1204D; U+121B8,
U+12129,|A.HA.TAR.DU|,|A.HA.BU.LAGAB|,𒄩,Type_2,compound,|A.HA.BU.LAGAB|,2,𒀀𒄩𒁍𒆸,U+12000; U+12129; U+1204D; U+121B8,
U+1204D,|A.HA.TAR.DU|,|A.HA.BU.LAGAB|,𒁍,Type_2,compound,|A.HA.BU.LAGAB|,3,𒀀𒄩𒁍𒆸,U+12000; U+12129; U+1204D; U+121B8,
U+121B8,|A.HA.TAR.DU|,|A.HA.BU.LAGAB|,𒆸,Type_2,compound,|A.HA.BU.LAGAB|,4,𒀀𒄩𒁍𒆸,U+12000; U+12129; U+1204D; U+121B8,
U+12000,|A.HA.TAR.DU|,|A.HA.BU.TAR.DU|,𒀀,Type_2,compound,|A.HA.BU.TAR.DU|,1,𒀀𒄩𒁍𒋻𒁺,U+12000; U+12129; U+1204D; U+122FB; U+1207A,
U+12129,|A.HA.TAR.DU|,|A.HA.BU.TAR.DU|,𒄩,Type_2,compound,|A.HA.BU.TAR.DU|,2,𒀀𒄩𒁍𒋻𒁺,U+12000; U+12129; U+1204D; U+122FB; U+1207A,
U+1204D,|A.HA.TAR.DU|,|A.HA.BU.TAR.DU|,𒁍,Type_2,compound,|A.HA.BU.TAR.DU|,3,𒀀𒄩𒁍𒋻𒁺,U+12000; U+12129; U+1204D; U+122FB; U+1207A,
U+122FB,|A.HA.TAR.DU|,|A.HA.BU.TAR.DU|,𒋻,Type_2,compound,|A.HA.BU.TAR.DU|,4,𒀀𒄩𒁍𒋻𒁺,U+12000; U+12129; U+1204D; U+122FB; U+1207A,
U+1207A,|A.HA.TAR.DU|,|A.HA.BU.TAR.DU|,𒁺,Type_2,compound,|A.HA.BU.TAR.DU|,5,𒀀𒄩𒁍𒋻𒁺,U+12000; U+12129; U+1204D; U+122FB; U+1207A,
U+12000,|A.HA.TAR.DU|,|A.HA.DU|,𒀀,Type_2,compound,|A.HA.DU|,1,𒀀𒄩𒁺,U+12000; U+12129; U+1207A,
U+12129,|A.HA.TAR.DU|,|A.HA.DU|,𒄩,Type_2,compound,|A.HA.DU|,2,𒀀𒄩𒁺,U+12000; U+12129; U+1207A,
U+1207A,|A.HA.TAR.DU|,|A.HA.DU|,𒁺,Type_2,compound,|A.HA.DU|,3,𒀀𒄩𒁺,U+12000; U+12129; U+1207A,
U+12000,|A.HA.TAR.DU|,|A.HA.MUŠ.DU|,𒀀,Type_2,compound,|A.HA.MUŠ.DU|,1,𒀀𒄩𒈲𒁺,U+12000; U+12129; U+12232; U+1207A,
U+12129,|A.HA.TAR.DU|,|A.HA.MUŠ.DU|,𒄩,Type_2,compound,|A.HA.MUŠ.DU|,2,𒀀𒄩𒈲𒁺,U+12000; U+12129; U+12232; U+1207A,
U+12232,|A.HA.TAR.DU|,|A.HA.MUŠ.DU|,𒈲,Type_2,compound,|A.HA.MUŠ.DU|,3,𒀀𒄩𒈲𒁺,U+12000; U+12129; U+12232; U+1207A,
U+1207A,|A.HA.TAR.DU|,|A.HA.MUŠ.DU|,𒁺,Type_2,compound,|A.HA.MUŠ.DU|,4,𒀀𒄩𒈲𒁺,U+12000; U+12129; U+12232; U+1207A,
U+12000,|A.HA.TAR.DU|,|A.HA.TAR.A.DU|,𒀀,Type_2,compound,|A.HA.TAR.A.DU|,1,𒀀𒄩𒋻𒀀𒁺,U+12000; U+12129; U+122FB; U+12000; U+1207A,
U+12129,|A.HA.TAR.DU|,|A.HA.TAR.A.DU|,𒄩,Type_2,compound,|A.HA.TAR.A.DU|,2,𒀀𒄩𒋻𒀀𒁺,U+12000; U+12129; U+122FB; U+12000; U+1207A,
U+122FB,|A.HA.TAR.DU|,|A.HA.TAR.A.DU|,𒋻,Type_2,compound,|A.HA.TAR.A.DU|,3,𒀀𒄩𒋻𒀀𒁺,U+12000; U+12129; U+122FB; U+12000; U+1207A,
U+12000,|A.HA.TAR.DU|,|A.HA.TAR.A.DU|,𒀀,Type_2,compound,|A.HA.TAR.A.DU|,4,𒀀𒄩𒋻𒀀𒁺,U+12000; U+12129; U+122FB; U+12000; U+1207A,
U+1207A,|A.HA.TAR.DU|,|A.HA.TAR.A.DU|,𒁺,Type_2,compound,|A.HA.TAR.A.DU|,5,𒀀𒄩𒋻𒀀𒁺,U+12000; U+12129; U+122FB; U+12000; U+1207A,
U+12000,|A.HA.TAR.DU|,|A.HA.TAR.UD.DU|,𒀀,Type_2,compound,|A.HA.TAR.UD.DU|,1,𒀀𒄩𒋻𒌓𒁺,U+12000; U+12129; U+122FB; U+12313; U+1207A,
U+12129,|A.HA.TAR.DU|,|A.HA.TAR.UD.DU|,𒄩,Type_2,compound,|A.HA.TAR.UD.DU|,2,𒀀𒄩𒋻𒌓𒁺,U+12000; U+12129; U+122FB; U+12313; U+1207A,
U+122FB,|A.HA.TAR.DU|,|A.HA.TAR.UD.DU|,𒋻,Type_2,compound,|A.HA.TAR.UD.DU|,3,𒀀𒄩𒋻𒌓𒁺,U+12000; U+12129; U+122FB; U+12313; U+1207A,
U+12313,|A.HA.TAR.DU|,|A.HA.TAR.UD.DU|,𒌓,Type_2,compound,|A.HA.TAR.UD.DU|,4,𒀀𒄩𒋻𒌓𒁺,U+12000; U+12129; U+122FB; U+12313; U+1207A,
U+1207A,|A.HA.TAR.DU|,|A.HA.TAR.UD.DU|,𒁺,Type_2,compound,|A.HA.TAR.UD.DU|,5,𒀀𒄩𒋻𒌓𒁺,U+12000; U+12129; U+122FB; U+12313; U+1207A,
,|A.HA.TAR.DU|,BU,𒀀𒄩𒋻𒁺,Type_3,AHATARDU_v1,,,,,LAK232 [Uruk IV–III (~3400–3000 BCE) | Archaic / Uruk]; ASY213 [Standard Babylonian (any period) | Akkadian syllabary]; ABZL265 [Old Babylonian (~2000–1600 BCE) | School texts]; BAU148 [Early Dynastic (~2900–2340 BCE) | Lagash]; ELLES131 [Early Dynastic (~2900–2340 BCE) | Ebla]; GCSL115 [Gudea period (~2100 BCE) | Lagash / Girsu]; HZL339 [Hittite period (~1650–1180 BCE) | Hittite]; KWU385 [Ur III (~2112–2004 BCE) | Administrative]; MZL580 [Standard Babylonian (any period) | Akkado-Babylonian]; PTACE123 [Early Dynastic (~2900–2340 BCE) | Ebla]; RSP335 [Early Dynastic (~2900–2340 BCE) | Presargonic Lagash]; SLLHA371 [Standard Babylonian (any period) | Akkado-Babylonian]
U+12000,|A.HA.TAR.DU|,|A.BU.HA.DA|,𒀀,Type_2,compound,|A.BU.HA.DA|,1,𒀀𒁍𒄩𒁕,U+12000; U+1204D; U+12129; U+12055,
U+1204D,|A.HA.TAR.DU|,|A.BU.HA.DA|,𒁍,Type_2,compound,|A.BU.HA.DA|,2,𒀀𒁍𒄩𒁕,U+12000; U+1204D; U+12129; U+12055,
U+12129,|A.HA.TAR.DU|,|A.BU.HA.DA|,𒄩,Type_2,compound,|A.BU.HA.DA|,3,𒀀𒁍𒄩𒁕,U+12000; U+1204D; U+12129; U+12055,
U+12055,|A.HA.TAR.DU|,|A.BU.HA.DA|,𒁕,Type_2,compound,|A.BU.HA.DA|,4,𒀀𒁍𒄩𒁕,U+12000; U+1204D; U+12129; U+12055,
U+1204D,|A.HA.TAR.DU|,|BU.HA.DU|,𒁍,Type_2,compound,|BU.HA.DU|,1,𒁍𒄩𒁺,U+1204D; U+12129; U+1207A,
U+12129,|A.HA.TAR.DU|,|BU.HA.DU|,𒄩,Type_2,compound,|BU.HA.DU|,2,𒁍𒄩𒁺,U+1204D; U+12129; U+1207A,
U+1207A,|A.HA.TAR.DU|,|BU.HA.DU|,𒁺,Type_2,compound,|BU.HA.DU|,3,𒁍𒄩𒁺,U+1204D; U+12129; U+1207A,
U+12129,|A.HA.TAR.DU|,|HA.A.DU|,𒄩,Type_2,compound,|HA.A.DU|,1,𒄩𒀀𒁺,U+12129; U+12000; U+1207A,
U+12000,|A.HA.TAR.DU|,|HA.A.DU|,𒀀,Type_2,compound,|HA.A.DU|,2,𒄩𒀀𒁺,U+12129; U+12000; U+1207A,
U+1207A,|A.HA.TAR.DU|,|HA.A.DU|,𒁺,Type_2,compound,|HA.A.DU|,3,𒄩𒀀𒁺,U+12129; U+12000; U+1207A,
U+12129,|A.HA.TAR.DU|,|HA.A.TAR|,𒄩,Type_2,compound,|HA.A.TAR|,1,𒄩𒀀𒋻,U+12129; U+12000; U+122FB,
U+12000,|A.HA.TAR.DU|,|HA.A.TAR|,𒀀,Type_2,compound,|HA.A.TAR|,2,𒄩𒀀𒋻,U+12129; U+12000; U+122FB,
U+122FB,|A.HA.TAR.DU|,|HA.A.TAR|,𒋻,Type_2,compound,|HA.A.TAR|,3,𒄩𒀀𒋻,U+12129; U+12000; U+122FB,
U+12000,|A.HA.TAR.DU|,|A.TAR|,𒀀,Type_2,compound,|A.TAR|,1,𒀀𒋻,U+12000; U+122FB,
U+122FB,|A.HA.TAR.DU|,|A.TAR|,𒋻,Type_2,compound,|A.TAR|,2,𒀀𒋻,U+12000; U+122FB,
U+12129,|A.HA.TAR.DU|,|HA.A.TAR.DU|,𒄩,Type_2,compound,|HA.A.TAR.DU|,1,𒄩𒀀𒋻𒁺,U+12129; U+12000; U+122FB; U+1207A,
U+12000,|A.HA.TAR.DU|,|HA.A.TAR.DU|,𒀀,Type_2,compound,|HA.A.TAR.DU|,2,𒄩𒀀𒋻𒁺,U+12129; U+12000; U+122FB; U+1207A,
U+122FB,|A.HA.TAR.DU|,|HA.A.TAR.DU|,𒋻,Type_2,compound,|HA.A.TAR.DU|,3,𒄩𒀀𒋻𒁺,U+12129; U+12000; U+122FB; U+1207A,
U+1207A,|A.HA.TAR.DU|,|HA.A.TAR.DU|,𒁺,Type_2,compound,|HA.A.TAR.DU|,4,𒄩𒀀𒋻𒁺,U+12129; U+12000; U+122FB; U+1207A,
U+12129,|A.HA.TAR.DU|,|HA.DU|,𒄩,Type_2,compound,|HA.DU|,1,𒄩𒁺,U+12129; U+1207A,
U+1207A,|A.HA.TAR.DU|,|HA.DU|,𒁺,Type_2,compound,|HA.DU|,2,𒄩𒁺,U+12129; U+1207A,
U+12129,|A.HA.TAR.DU|,|HA.MUŠ.DU|,𒄩,Type_2,compound,|HA.MUŠ.DU|,1,𒄩𒈲𒁺,U+12129; U+12232; U+1207A,
U+12232,|A.HA.TAR.DU|,|HA.MUŠ.DU|,𒈲,Type_2,compound,|HA.MUŠ.DU|,2,𒄩𒈲𒁺,U+12129; U+12232; U+1207A,
U+1207A,|A.HA.TAR.DU|,|HA.MUŠ.DU|,𒁺,Type_2,compound,|HA.MUŠ.DU|,3,𒄩𒈲𒁺,U+12129; U+12232; U+1207A,
U+12129,|A.HA.TAR.DU|,|HA.MUŠ.A.DU|,𒄩,Type_2,compound,|HA.MUŠ.A.DU|,1,𒄩𒈲𒀀𒁺,U+12129; U+12232; U+12000; U+1207A,
U+12232,|A.HA.TAR.DU|,|HA.MUŠ.A.DU|,𒈲,Type_2,compound,|HA.MUŠ.A.DU|,2,𒄩𒈲𒀀𒁺,U+12129; U+12232; U+12000; U+1207A,
U+12000,|A.HA.TAR.DU|,|HA.MUŠ.A.DU|,𒀀,Type_2,compound,|HA.MUŠ.A.DU|,3,𒄩𒈲𒀀𒁺,U+12129; U+12232; U+12000; U+1207A,
U+1207A,|A.HA.TAR.DU|,|HA.MUŠ.A.DU|,𒁺,Type_2,compound,|HA.MUŠ.A.DU|,4,𒄩𒈲𒀀𒁺,U+12129; U+12232; U+12000; U+1207A,
U+12129,|A.HA.TAR.DU|,|HA.TAR.A.DU|,𒄩,Type_2,compound,|HA.TAR.A.DU|,1,𒄩𒋻𒀀𒁺,U+12129; U+122FB; U+12000; U+1207A,
U+122FB,|A.HA.TAR.DU|,|HA.TAR.A.DU|,𒋻,Type_2,compound,|HA.TAR.A.DU|,2,𒄩𒋻𒀀𒁺,U+12129; U+122FB; U+12000; U+1207A,
U+12000,|A.HA.TAR.DU|,|HA.TAR.A.DU|,𒀀,Type_2,compound,|HA.TAR.A.DU|,3,𒄩𒋻𒀀𒁺,U+12129; U+122FB; U+12000; U+1207A,
U+1207A,|A.HA.TAR.DU|,|HA.TAR.A.DU|,𒁺,Type_2,compound,|HA.TAR.A.DU|,4,𒄩𒋻𒀀𒁺,U+12129; U+122FB; U+12000; U+1207A,
U+12129,|A.HA.TAR.DU|,|HA.TAR.DU|,𒄩,Type_2,compound,|HA.TAR.DU|,1,𒄩𒋻𒁺,U+12129; U+122FB; U+1207A,
U+122FB,|A.HA.TAR.DU|,|HA.TAR.DU|,𒋻,Type_2,compound,|HA.TAR.DU|,2,𒄩𒋻𒁺,U+12129; U+122FB; U+1207A,
U+1207A,|A.HA.TAR.DU|,|HA.TAR.DU|,𒁺,Type_2,compound,|HA.TAR.DU|,3,𒄩𒋻𒁺,U+12129; U+122FB; U+1207A,
U+1212B,|A.HA.TAR.DU|,|HA@g.TAR.A.DU|,𒄫,Type_2,compound,|HA@g.TAR.A.DU|,1,𒄫𒋻𒀀𒁺,U+1212B; U+122FB; U+12000; U+1207A,
U+122FB,|A.HA.TAR.DU|,|HA@g.TAR.A.DU|,𒋻,Type_2,compound,|HA@g.TAR.A.DU|,2,𒄫𒋻𒀀𒁺,U+1212B; U+122FB; U+12000; U+1207A,
U+12000,|A.HA.TAR.DU|,|HA@g.TAR.A.DU|,𒀀,Type_2,compound,|HA@g.TAR.A.DU|,3,𒄫𒋻𒀀𒁺,U+1212B; U+122FB; U+12000; U+1207A,
U+1207A,|A.HA.TAR.DU|,|HA@g.TAR.A.DU|,𒁺,Type_2,compound,|HA@g.TAR.A.DU|,4,𒄫𒋻𒀀𒁺,U+1212B; U+122FB; U+12000; U+1207A,
U+1212B,|A.HA.TAR.DU|,|HA@g.TAR.DU|,𒄫,Type_2,compound,|HA@g.TAR.DU|,1,𒄫𒋻𒁺,U+1212B; U+122FB; U+1207A,
U+122FB,|A.HA.TAR.DU|,|HA@g.TAR.DU|,𒋻,Type_2,compound,|HA@g.TAR.DU|,2,𒄫𒋻𒁺,U+1212B; U+122FB; U+1207A,
U+1207A,|A.HA.TAR.DU|,|HA@g.TAR.DU|,𒁺,Type_2,compound,|HA@g.TAR.DU|,3,𒄫𒋻𒁺,U+1212B; U+122FB; U+1207A,
U+12232,|A.HA.TAR.DU|,|MUŠ.A.HA.DU|,𒈲,Type_2,compound,|MUŠ.A.HA.DU|,1,𒈲𒀀𒄩𒁺,U+12232; U+12000; U+12129; U+1207A,
U+12000,|A.HA.TAR.DU|,|MUŠ.A.HA.DU|,𒀀,Type_2,compound,|MUŠ.A.HA.DU|,2,𒈲𒀀𒄩𒁺,U+12232; U+12000; U+12129; U+1207A,
U+12129,|A.HA.TAR.DU|,|MUŠ.A.HA.DU|,𒄩,Type_2,compound,|MUŠ.A.HA.DU|,3,𒈲𒀀𒄩𒁺,U+12232; U+12000; U+12129; U+1207A,
U+1207A,|A.HA.TAR.DU|,|MUŠ.A.HA.DU|,𒁺,Type_2,compound,|MUŠ.A.HA.DU|,4,𒈲𒀀𒄩𒁺,U+12232; U+12000; U+12129; U+1207A,
U+12232,|A.HA.TAR.DU|,|MUŠ.HA.A.DU|,𒈲,Type_2,compound,|MUŠ.HA.A.DU|,1,𒈲𒄩𒀀𒁺,U+12232; U+12129; U+12000; U+1207A,
U+12129,|A.HA.TAR.DU|,|MUŠ.HA.A.DU|,𒄩,Type_2,compound,|MUŠ.HA.A.DU|,2,𒈲𒄩𒀀𒁺,U+12232; U+12129; U+12000; U+1207A,
U+12000,|A.HA.TAR.DU|,|MUŠ.HA.A.DU|,𒀀,Type_2,compound,|MUŠ.HA.A.DU|,3,𒈲𒄩𒀀𒁺,U+12232; U+12129; U+12000; U+1207A,
U+1207A,|A.HA.TAR.DU|,|MUŠ.HA.A.DU|,𒁺,Type_2,compound,|MUŠ.HA.A.DU|,4,𒈲𒄩𒀀𒁺,U+12232; U+12129; U+12000; U+1207A,
U+12232,|A.HA.TAR.DU|,|MUŠ.DU.HA.A|,𒈲,Type_2,compound,|MUŠ.DU.HA.A|,1,𒈲𒁺𒄩𒀀,U+12232; U+1207A; U+12129; U+12000,
U+1207A,|A.HA.TAR.DU|,|MUŠ.DU.HA.A|,𒁺,Type_2,compound,|MUŠ.DU.HA.A|,2,𒈲𒁺𒄩𒀀,U+12232; U+1207A; U+12129; U+12000,
U+12129,|A.HA.TAR.DU|,|MUŠ.DU.HA.A|,𒄩,Type_2,compound,|MUŠ.DU.HA.A|,3,𒈲𒁺𒄩𒀀,U+12232; U+1207A; U+12129; U+12000,
U+12000,|A.HA.TAR.DU|,|MUŠ.DU.HA.A|,𒀀,Type_2,compound,|MUŠ.DU.HA.A|,4,𒈲𒁺𒄩𒀀,U+12232; U+1207A; U+12129; U+12000,
U+12232,|A.HA.TAR.DU|,|MUŠ.DU.A.HA|,𒈲,Type_2,compound,|MUŠ.DU.A.HA|,1,𒈲𒁺𒀀𒄩,U+12232; U+1207A; U+12000; U+12129,
U+1207A,|A.HA.TAR.DU|,|MUŠ.DU.A.HA|,𒁺,Type_2,compound,|MUŠ.DU.A.HA|,2,𒈲𒁺𒀀𒄩,U+12232; U+1207A; U+12000; U+12129,
U+12000,|A.HA.TAR.DU|,|MUŠ.DU.A.HA|,𒀀,Type_2,compound,|MUŠ.DU.A.HA|,3,𒈲𒁺𒀀𒄩,U+12232; U+1207A; U+12000; U+12129,
U+12129,|A.HA.TAR.DU|,|MUŠ.DU.A.HA|,𒄩,Type_2,compound,|MUŠ.DU.A.HA|,4,𒈲𒁺𒀀𒄩,U+12232; U+1207A; U+12000; U+12129,
U+1207A,|A.HA.TAR.DU|,|DU.MUŠ.A.HA|,𒁺,Type_2,compound,|DU.MUŠ.A.HA|,1,𒁺𒈲𒀀𒄩,U+1207A; U+12232; U+12000; U+12129,
U+12232,|A.HA.TAR.DU|,|DU.MUŠ.A.HA|,𒈲,Type_2,compound,|DU.MUŠ.A.HA|,2,𒁺𒈲𒀀𒄩,U+1207A; U+12232; U+12000; U+12129,
U+12000,|A.HA.TAR.DU|,|DU.MUŠ.A.HA|,𒀀,Type_2,compound,|DU.MUŠ.A.HA|,3,𒁺𒈲𒀀𒄩,U+1207A; U+12232; U+12000; U+12129,
U+12129,|A.HA.TAR.DU|,|DU.MUŠ.A.HA|,𒄩,Type_2,compound,|DU.MUŠ.A.HA|,4,𒁺𒈲𒀀𒄩,U+1207A; U+12232; U+12000; U+12129,
U+122FB,|A.HA.TAR.DU|,|TAR.A.DU|,𒋻,Type_2,compound,|TAR.A.DU|,1,𒋻𒀀𒁺,U+122FB; U+12000; U+1207A,
U+12000,|A.HA.TAR.DU|,|TAR.A.DU|,𒀀,Type_2,compound,|TAR.A.DU|,2,𒋻𒀀𒁺,U+122FB; U+12000; U+1207A,
U+1207A,|A.HA.TAR.DU|,|TAR.A.DU|,𒁺,Type_2,compound,|TAR.A.DU|,3,𒋻𒀀𒁺,U+122FB; U+12000; U+1207A,
U+122FC,|A.HA.TAR.DU|,|TE.A.MUŠ|,𒋼,Type_2,compound,|TE.A.MUŠ|,1,𒋼𒀀𒈲,U+122FC; U+12000; U+12232,
U+12000,|A.HA.TAR.DU|,|TE.A.MUŠ|,𒀀,Type_2,compound,|TE.A.MUŠ|,2,𒋼𒀀𒈲,U+122FC; U+12000; U+12232,
U+12232,|A.HA.TAR.DU|,|TE.A.MUŠ|,𒈲,Type_2,compound,|TE.A.MUŠ|,3,𒋼𒀀𒈲,U+122FC; U+12000; U+12232,
,|A.IGI|,|IGI.A|,𒀀𒅆,Type_3,AIGI_v1,,,,,ASY313 [Standard Babylonian (any period) | Akkadian syllabary]; KWU903 [Ur III (~2112–2004 BCE) | Administrative]; RSP052 [Early Dynastic (~2900–2340 BCE) | Presargonic Lagash]; SYA276 [Standard Babylonian (any period) | Akkadian syllabary]
U+12000,|A.KA|,|A.KA×A|,𒀀,Type_2,compound,|A.KA×A|,1,𒀀𒅘,U+12000; U+12158,
U+12158,|A.KA|,|A.KA×A|,𒅘,Type_2,compound,|A.KA×A|,2,𒀀𒅘,U+12000; U+12158,
U+12000,|A.LAGAB×HAL|,|A.LAGAB×A|,𒀀,Type_2,compound,|A.LAGAB×A|,1,𒀀𒆹,U+12000; U+121B9,ASY314 [Standard Babylonian (any period) | Akkadian syllabary]; KWU904 [Ur III (~2112–2004 BCE) | Administrative]; RSP054 [Early Dynastic (~2900–2340 BCE) | Presargonic Lagash]
U+121B9,|A.LAGAB×HAL|,|A.LAGAB×A|,𒆹,Type_2,compound,|A.LAGAB×A|,2,𒀀𒆹,U+12000; U+121B9,ASY314 [Standard Babylonian (any period) | Akkadian syllabary]; KWU904 [Ur III (~2112–2004 BCE) | Administrative]; RSP054 [Early Dynastic (~2900–2340 BCE) | Presargonic Lagash]
,|A.LAGAB×HAL|,|GA₂×(HAL.A)|,𒀀𒇉,Type_3,ALAGABHA_v1,,,,,ASY314 [Standard Babylonian (any period) | Akkadian syllabary]; KWU904 [Ur III (~2112–2004 BCE) | Administrative]; RSP054 [Early Dynastic (~2900–2340 BCE) | Presargonic Lagash]
U+12000,|A.LAGAB×KUL|,|A.LAGAB×U|,𒀀,Type_2,compound,|A.LAGAB×U|,1,𒀀𒇥,U+12000; U+121E5,
U+121E5,|A.LAGAB×KUL|,|A.LAGAB×U|,𒇥,Type_2,compound,|A.LAGAB×U|,2,𒀀𒇥,U+12000; U+121E5,
U+12000,|A.LAGAB×KUL.MA₂.ŠU₂.A|,|A.LAGAB×HAL.ŠU₂|,𒀀,Type_2,compound,|A.LAGAB×HAL.ŠU₂|,1,𒀀𒇉𒋙,U+12000; U+121C9; U+122D9,
U+121C9,|A.LAGAB×KUL.MA₂.ŠU₂.A|,|A.LAGAB×HAL.ŠU₂|,𒇉,Type_2,compound,|A.LAGAB×HAL.ŠU₂|,2,𒀀𒇉𒋙,U+12000; U+121C9; U+122D9,
U+122D9,|A.LAGAB×KUL.MA₂.ŠU₂.A|,|A.LAGAB×HAL.ŠU₂|,𒋙,Type_2,compound,|A.LAGAB×HAL.ŠU₂|,3,𒀀𒇉𒋙,U+12000; U+121C9; U+122D9,
U+12000,|A.LAGAB×KUL.MA₂.ŠU₂.A|,|A.LAGAB×HAL.ŠU₂.A|,𒀀,Type_2,compound,|A.LAGAB×HAL.ŠU₂.A|,1,𒀀𒇉𒋙𒀀,U+12000; U+121C9; U+122D9; U+12000,
U+121C9,|A.LAGAB×KUL.MA₂.ŠU₂.A|,|A.LAGAB×HAL.ŠU₂.A|,𒇉,Type_2,compound,|A.LAGAB×HAL.ŠU₂.A|,2,𒀀𒇉𒋙𒀀,U+12000; U+121C9; U+122D9; U+12000,
U+122D9,|A.LAGAB×KUL.MA₂.ŠU₂.A|,|A.LAGAB×HAL.ŠU₂.A|,𒋙,Type_2,compound,|A.LAGAB×HAL.ŠU₂.A|,3,𒀀𒇉𒋙𒀀,U+12000; U+121C9; U+122D9; U+12000,
U+12000,|A.LAGAB×KUL.MA₂.ŠU₂.A|,|A.LAGAB×HAL.ŠU₂.A|,𒀀,Type_2,compound,|A.LAGAB×HAL.ŠU₂.A|,4,𒀀𒇉𒋙𒀀,U+12000; U+121C9; U+122D9; U+12000,
U+12000,|A.LAGAB×KUL.MA₂.ŠU₂.A|,|A.LAGAB×HAL.X|,𒀀,Type_2,compound,|A.LAGAB×HAL.X|,1,𒀀𒇉X,U+12000; U+121C9; O,
U+121C9,|A.LAGAB×KUL.MA₂.ŠU₂.A|,|A.LAGAB×HAL.X|,𒇉,Type_2,compound,|A.LAGAB×HAL.X|,2,𒀀𒇉X,U+12000; U+121C9; O,
O,|A.LAGAB×KUL.MA₂.ŠU₂.A|,|A.LAGAB×HAL.X|,,Type_2,compound,|A.LAGAB×HAL.X|,3,𒀀𒇉X,U+12000; U+121C9; O,
U+12000,|A.LAGAB×KUL.MA₂.ŠU₂.A|,|A.LAGAB×KUL.ŠU₂|,𒀀,Type_2,compound,|A.LAGAB×KUL.ŠU₂|,1,𒀀𒇒𒋙,U+12000; U+121D2; U+122D9,
U+121D2,|A.LAGAB×KUL.MA₂.ŠU₂.A|,|A.LAGAB×KUL.ŠU₂|,𒇒,Type_2,compound,|A.LAGAB×KUL.ŠU₂|,2,𒀀𒇒𒋙,U+12000; U+121D2; U+122D9,
U+122D9,|A.LAGAB×KUL.MA₂.ŠU₂.A|,|A.LAGAB×KUL.ŠU₂|,𒋙,Type_2,compound,|A.LAGAB×KUL.ŠU₂|,3,𒀀𒇒𒋙,U+12000; U+121D2; U+122D9,
U+12000,|A.LAGAB×KUL.MA₂.ŠU₂.A|,|A.LAGAB×KUL.ŠU₂.MA₂.A|,𒀀,Type_2,compound,|A.LAGAB×KUL.ŠU₂.MA₂.A|,1,𒀀𒇒𒋙𒈣𒀀,U+12000; U+121D2; U+122D9; U+12223; U+12000,
U+121D2,|A.LAGAB×KUL.MA₂.ŠU₂.A|,|A.LAGAB×KUL.ŠU₂.MA₂.A|,𒇒,Type_2,compound,|A.LAGAB×KUL.ŠU₂.MA₂.A|,2,𒀀𒇒𒋙𒈣𒀀,U+12000; U+121D2; U+122D9; U+12223; U+12000,
U+122D9,|A.LAGAB×KUL.MA₂.ŠU₂.A|,|A.LAGAB×KUL.ŠU₂.MA₂.A|,𒋙,Type_2,compound,|A.LAGAB×KUL.ŠU₂.MA₂.A|,3,𒀀𒇒𒋙𒈣𒀀,U+12000; U+121D2; U+122D9; U+12223; U+12000,
U+12223,|A.LAGAB×KUL.MA₂.ŠU₂.A|,|A.LAGAB×KUL.ŠU₂.MA₂.A|,𒈣,Type_2,compound,|A.LAGAB×KUL.ŠU₂.MA₂.A|,4,𒀀𒇒𒋙𒈣𒀀,U+12000; U+121D2; U+122D9; U+12223; U+12000,
U+12000,|A.LAGAB×KUL.MA₂.ŠU₂.A|,|A.LAGAB×KUL.ŠU₂.MA₂.A|,𒀀,Type_2,compound,|A.LAGAB×KUL.ŠU₂.MA₂.A|,5,𒀀𒇒𒋙𒈣𒀀,U+12000; U+121D2; U+122D9; U+12223; U+12000,
U+121C9,|A.LAGAB×KUL.MA₂.ŠU₂.A|,|LAGAB×HAL.ŠU₂|,𒇉,Type_2,compound,|LAGAB×HAL.ŠU₂|,1,𒇉𒋙,U+121C9; U+122D9,
U+122D9,|A.LAGAB×KUL.MA₂.ŠU₂.A|,|LAGAB×HAL.ŠU₂|,𒋙,Type_2,compound,|LAGAB×HAL.ŠU₂|,2,𒇉𒋙,U+121C9; U+122D9,
U+12000,|A.PA.GISAL.PAD.SI.A|,|A.GISAL|,𒀀,Type_2,compound,|A.GISAL|,1,𒀀𒄐,U+12000; U+12110,
U+12110,|A.PA.GISAL.PAD.SI.A|,|A.GISAL|,𒄐,Type_2,compound,|A.GISAL|,2,𒀀𒄐,U+12000; U+12110,
U+12000,|A.PA.GISAL.PAD.SI.A|,|A.GISAL.SI|,𒀀,Type_2,compound,|A.GISAL.SI|,1,𒀀𒄐𒋛,U+12000; U+12110; U+122DB,
U+12110,|A.PA.GISAL.PAD.SI.A|,|A.GISAL.SI|,𒄐,Type_2,compound,|A.GISAL.SI|,2,𒀀𒄐𒋛,U+12000; U+12110; U+122DB,
U+122DB,|A.PA.GISAL.PAD.SI.A|,|A.GISAL.SI|,𒋛,Type_2,compound,|A.GISAL.SI|,3,𒀀𒄐𒋛,U+12000; U+12110; U+122DB,
U+12000,|A.PA.GISAL.PAD.SI.A|,|A.PA.BI.GIŠ.PAD|,𒀀,Type_2,compound,|A.PA.BI.GIŠ.PAD|,1,𒀀𒉺𒁉𒄑𒉻,U+12000; U+1227A; U+12049; U+12111; U+1227B,
U+1227A,|A.PA.GISAL.PAD.SI.A|,|A.PA.BI.GIŠ.PAD|,𒉺,Type_2,compound,|A.PA.BI.GIŠ.PAD|,2,𒀀𒉺𒁉𒄑𒉻,U+12000; U+1227A; U+12049; U+12111; U+1227B,
U+12049,|A.PA.GISAL.PAD.SI.A|,|A.PA.BI.GIŠ.PAD|,𒁉,Type_2,compound,|A.PA.BI.GIŠ.PAD|,3,𒀀𒉺𒁉𒄑𒉻,U+12000; U+1227A; U+12049; U+12111; U+1227B,
U+12111,|A.PA.GISAL.PAD.SI.A|,|A.PA.BI.GIŠ.PAD|,𒄑,Type_2,compound,|A.PA.BI.GIŠ.PAD|,4,𒀀𒉺𒁉𒄑𒉻,U+12000; U+1227A; U+12049; U+12111; U+1227B,
U+1227B,|A.PA.GISAL.PAD.SI.A|,|A.PA.BI.GIŠ.PAD|,𒉻,Type_2,compound,|A.PA.BI.GIŠ.PAD|,5,𒀀𒉺𒁉𒄑𒉻,U+12000; U+1227A; U+12049; U+12111; U+1227B,
U+12000,|A.PA.GISAL.PAD.SI.A|,|A.PA.BI.GIŠ.PAD.SI.A|,𒀀,Type_2,compound,|A.PA.BI.GIŠ.PAD.SI.A|,1,𒀀𒉺𒁉𒄑𒉻𒋛𒀀,U+12000; U+1227A; U+12049; U+12111; U+1227B; U+122DB; U+12000,
U+1227A,|A.PA.GISAL.PAD.SI.A|,|A.PA.BI.GIŠ.PAD.SI.A|,𒉺,Type_2,compound,|A.PA.BI.GIŠ.PAD.SI.A|,2,𒀀𒉺𒁉𒄑𒉻𒋛𒀀,U+12000; U+1227A; U+12049; U+12111; U+1227B; U+122DB; U+12000,
U+12049,|A.PA.GISAL.PAD.SI.A|,|A.PA.BI.GIŠ.PAD.SI.A|,𒁉,Type_2,compound,|A.PA.BI.GIŠ.PAD.SI.A|,3,𒀀𒉺𒁉𒄑𒉻𒋛𒀀,U+12000; U+1227A; U+12049; U+12111; U+1227B; U+122DB; U+12000,
U+12111,|A.PA.GISAL.PAD.SI.A|,|A.PA.BI.GIŠ.PAD.SI.A|,𒄑,Type_2,compound,|A.PA.BI.GIŠ.PAD.SI.A|,4,𒀀𒉺𒁉𒄑𒉻𒋛𒀀,U+12000; U+1227A; U+12049; U+12111; U+1227B; U+122DB; U+12000,
U+1227B,|A.PA.GISAL.PAD.SI.A|,|A.PA.BI.GIŠ.PAD.SI.A|,𒉻,Type_2,compound,|A.PA.BI.GIŠ.PAD.SI.A|,5,𒀀𒉺𒁉𒄑𒉻𒋛𒀀,U+12000; U+1227A; U+12049; U+12111; U+1227B; U+122DB; U+12000,
U+122DB,|A.PA.GISAL.PAD.SI.A|,|A.PA.BI.GIŠ.PAD.SI.A|,𒋛,Type_2,compound,|A.PA.BI.GIŠ.PAD.SI.A|,6,𒀀𒉺𒁉𒄑𒉻𒋛𒀀,U+12000; U+1227A; U+12049; U+12111; U+1227B; U+122DB; U+12000,
U+12000,|A.PA.GISAL.PAD.SI.A|,|A.PA.BI.GIŠ.PAD.SI.A|,𒀀,Type_2,compound,|A.PA.BI.GIŠ.PAD.SI.A|,7,𒀀𒉺𒁉𒄑𒉻𒋛𒀀,U+12000; U+1227A; U+12049; U+12111; U+1227B; U+122DB; U+12000,
U+12000,|A.PA.GISAL.PAD.SI.A|,|A.PA.BI.GIŠ.PAD.SI.A.GA|,𒀀,Type_2,compound,|A.PA.BI.GIŠ.PAD.SI.A.GA|,1,𒀀𒉺𒁉𒄑𒉻𒋛𒀀𒂵,U+12000; U+1227A; U+12049; U+12111; U+1227B; U+122DB; U+12000; U+120B5,
U+1227A,|A.PA.GISAL.PAD.SI.A|,|A.PA.BI.GIŠ.PAD.SI.A.GA|,𒉺,Type_2,compound,|A.PA.BI.GIŠ.PAD.SI.A.GA|,2,𒀀𒉺𒁉𒄑𒉻𒋛𒀀𒂵,U+12000; U+1227A; U+12049; U+12111; U+1227B; U+122DB; U+12000; U+120B5,
U+12049,|A.PA.GISAL.PAD.SI.A|,|A.PA.BI.GIŠ.PAD.SI.A.GA|,𒁉,Type_2,compound,|A.PA.BI.GIŠ.PAD.SI.A.GA|,3,𒀀𒉺𒁉𒄑𒉻𒋛𒀀𒂵,U+12000; U+1227A; U+12049; U+12111; U+1227B; U+122DB; U+12000; U+120B5,
U+12111,|A.PA.GISAL.PAD.SI.A|,|A.PA.BI.GIŠ.PAD.SI.A.GA|,𒄑,Type_2,compound,|A.PA.BI.GIŠ.PAD.SI.A.GA|,4,𒀀𒉺𒁉𒄑𒉻𒋛𒀀𒂵,U+12000; U+1227A; U+12049; U+12111; U+1227B; U+122DB; U+12000; U+120B5,
U+1227B,|A.PA.GISAL.PAD.SI.A|,|A.PA.BI.GIŠ.PAD.SI.A.GA|,𒉻,Type_2,compound,|A.PA.BI.GIŠ.PAD.SI.A.GA|,5,𒀀𒉺𒁉𒄑𒉻𒋛𒀀𒂵,U+12000; U+1227A; U+12049; U+12111; U+1227B; U+122DB; U+12000; U+120B5,
U+122DB,|A.PA.GISAL.PAD.SI.A|,|A.PA.BI.GIŠ.PAD.SI.A.GA|,𒋛,Type_2,compound,|A.PA.BI.GIŠ.PAD.SI.A.GA|,6,𒀀𒉺𒁉𒄑𒉻𒋛𒀀𒂵,U+12000; U+1227A; U+12049; U+12111; U+1227B; U+122DB; U+12000; U+120B5,
U+12000,|A.PA.GISAL.PAD.SI.A|,|A.PA.BI.GIŠ.PAD.SI.A.GA|,𒀀,Type_2,compound,|A.PA.BI.GIŠ.PAD.SI.A.GA|,7,𒀀𒉺𒁉𒄑𒉻𒋛𒀀𒂵,U+12000; U+1227A; U+12049; U+12111; U+1227B; U+122DB; U+12000; U+120B5,
U+120B5,|A.PA.GISAL.PAD.SI.A|,|A.PA.BI.GIŠ.PAD.SI.A.GA|,𒂵,Type_2,compound,|A.PA.BI.GIŠ.PAD.SI.A.GA|,8,𒀀𒉺𒁉𒄑𒉻𒋛𒀀𒂵,U+12000; U+1227A; U+12049; U+12111; U+1227B; U+122DB; U+12000; U+120B5,
U+12000,|A.PA.GISAL.PAD.SI.A|,|A.PA.GISAL|,𒀀,Type_2,compound,|A.PA.GISAL|,1,𒀀𒉺𒄐,U+12000; U+1227A; U+12110,
U+1227A,|A.PA.GISAL.PAD.SI.A|,|A.PA.GISAL|,𒉺,Type_2,compound,|A.PA.GISAL|,2,𒀀𒉺𒄐,U+12000; U+1227A; U+12110,
U+12110,|A.PA.GISAL.PAD.SI.A|,|A.PA.GISAL|,𒄐,Type_2,compound,|A.PA.GISAL|,3,𒀀𒉺𒄐,U+12000; U+1227A; U+12110,
U+12000,|A.PA.GISAL.PAD.SI.A|,|A.PA.NE.PAD.SI.A|,𒀀,Type_2,compound,|A.PA.NE.PAD.SI.A|,1,𒀀𒉺𒉈𒉻𒋛𒀀,U+12000; U+1227A; U+12248; U+1227B; U+122DB; U+12000,
U+1227A,|A.PA.GISAL.PAD.SI.A|,|A.PA.NE.PAD.SI.A|,𒉺,Type_2,compound,|A.PA.NE.PAD.SI.A|,2,𒀀𒉺𒉈𒉻𒋛𒀀,U+12000; U+1227A; U+12248; U+1227B; U+122DB; U+12000,
U+12248,|A.PA.GISAL.PAD.SI.A|,|A.PA.NE.PAD.SI.A|,𒉈,Type_2,compound,|A.PA.NE.PAD.SI.A|,3,𒀀𒉺𒉈𒉻𒋛𒀀,U+12000; U+1227A; U+12248; U+1227B; U+122DB; U+12000,
U+1227B,|A.PA.GISAL.PAD.SI.A|,|A.PA.NE.PAD.SI.A|,𒉻,Type_2,compound,|A.PA.NE.PAD.SI.A|,4,𒀀𒉺𒉈𒉻𒋛𒀀,U+12000; U+1227A; U+12248; U+1227B; U+122DB; U+12000,
U+122DB,|A.PA.GISAL.PAD.SI.A|,|A.PA.NE.PAD.SI.A|,𒋛,Type_2,compound,|A.PA.NE.PAD.SI.A|,5,𒀀𒉺𒉈𒉻𒋛𒀀,U+12000; U+1227A; U+12248; U+1227B; U+122DB; U+12000,
U+12000,|A.PA.GISAL.PAD.SI.A|,|A.PA.NE.PAD.SI.A|,𒀀,Type_2,compound,|A.PA.NE.PAD.SI.A|,6,𒀀𒉺𒉈𒉻𒋛𒀀,U+12000; U+1227A; U+12248; U+1227B; U+122DB; U+12000,
U+12049,|A.PA.GISAL.PAD.SI.A|,|BI.GIŠ.GAD.A.A.SI|,𒁉,Type_2,compound,|BI.GIŠ.GAD.A.A.SI|,1,𒁉𒄑𒃰𒀀𒀀𒋛,U+12049; U+12111; U+120F0; U+12000; U+12000; U+122DB,
U+12111,|A.PA.GISAL.PAD.SI.A|,|BI.GIŠ.GAD.A.A.SI|,𒄑,Type_2,compound,|BI.GIŠ.GAD.A.A.SI|,2,𒁉𒄑𒃰𒀀𒀀𒋛,U+12049; U+12111; U+120F0; U+12000; U+12000; U+122DB,
U+120F0,|A.PA.GISAL.PAD.SI.A|,|BI.GIŠ.GAD.A.A.SI|,𒃰,Type_2,compound,|BI.GIŠ.GAD.A.A.SI|,3,𒁉𒄑𒃰𒀀𒀀𒋛,U+12049; U+12111; U+120F0; U+12000; U+12000; U+122DB,
U+12000,|A.PA.GISAL.PAD.SI.A|,|BI.GIŠ.GAD.A.A.SI|,𒀀,Type_2,compound,|BI.GIŠ.GAD.A.A.SI|,4,𒁉𒄑𒃰𒀀𒀀𒋛,U+12049; U+12111; U+120F0; U+12000; U+12000; U+122DB,
U+12000,|A.PA.GISAL.PAD.SI.A|,|BI.GIŠ.GAD.A.A.SI|,𒀀,Type_2,compound,|BI.GIŠ.GAD.A.A.SI|,5,𒁉𒄑𒃰𒀀𒀀𒋛,U+12049; U+12111; U+120F0; U+12000; U+12000; U+122DB,
U+122DB,|A.PA.GISAL.PAD.SI.A|,|BI.GIŠ.GAD.A.A.SI|,𒋛,Type_2,compound,|BI.GIŠ.GAD.A.A.SI|,6,𒁉𒄑𒃰𒀀𒀀𒋛,U+12049; U+12111; U+120F0; U+12000; U+12000; U+122DB,
U+12110,|A.PA.GISAL.PAD.SI.A|,|GISAL.A|,𒄐,Type_2,compound,|GISAL.A|,1,𒄐𒀀,U+12110; U+12000,PTACE252 [Early Dynastic (~2900–2340 BCE) | Ebla]
U+12000,|A.PA.GISAL.PAD.SI.A|,|GISAL.A|,𒀀,Type_2,compound,|GISAL.A|,2,𒄐𒀀,U+12110; U+12000,PTACE252 [Early Dynastic (~2900–2340 BCE) | Ebla]
U+12110,|A.PA.GISAL.PAD.SI.A|,|GISAL.A.SI|,𒄐,Type_2,compound,|GISAL.A.SI|,1,𒄐𒀀𒋛,U+12110; U+12000; U+122DB,
U+12000,|A.PA.GISAL.PAD.SI.A|,|GISAL.A.SI|,𒀀,Type_2,compound,|GISAL.A.SI|,2,𒄐𒀀𒋛,U+12110; U+12000; U+122DB,
U+122DB,|A.PA.GISAL.PAD.SI.A|,|GISAL.A.SI|,𒋛,Type_2,compound,|GISAL.A.SI|,3,𒄐𒀀𒋛,U+12110; U+12000; U+122DB,
U+12110,|A.PA.GISAL.PAD.SI.A|,|GISAL.PAD.A.SI|,𒄐,Type_2,compound,|GISAL.PAD.A.SI|,1,𒄐𒉻𒀀𒋛,U+12110; U+1227B; U+12000; U+122DB,
U+1227B,|A.PA.GISAL.PAD.SI.A|,|GISAL.PAD.A.SI|,𒉻,Type_2,compound,|GISAL.PAD.A.SI|,2,𒄐𒉻𒀀𒋛,U+12110; U+1227B; U+12000; U+122DB,
U+12000,|A.PA.GISAL.PAD.SI.A|,|GISAL.PAD.A.SI|,𒀀,Type_2,compound,|GISAL.PAD.A.SI|,3,𒄐𒉻𒀀𒋛,U+12110; U+1227B; U+12000; U+122DB,
U+122DB,|A.PA.GISAL.PAD.SI.A|,|GISAL.PAD.A.SI|,𒋛,Type_2,compound,|GISAL.PAD.A.SI|,4,𒄐𒉻𒀀𒋛,U+12110; U+1227B; U+12000; U+122DB,
U+12110,|A.PA.GISAL.PAD.SI.A|,|GISAL.PAD.SI|,𒄐,Type_2,compound,|GISAL.PAD.SI|,1,𒄐𒉻𒋛,U+12110; U+1227B; U+122DB,
U+1227B,|A.PA.GISAL.PAD.SI.A|,|GISAL.PAD.SI|,𒉻,Type_2,compound,|GISAL.PAD.SI|,2,𒄐𒉻𒋛,U+12110; U+1227B; U+122DB,
U+122DB,|A.PA.GISAL.PAD.SI.A|,|GISAL.PAD.SI|,𒋛,Type_2,compound,|GISAL.PAD.SI|,3,𒄐𒉻𒋛,U+12110; U+1227B; U+122DB,
U+12110,|A.PA.GISAL.PAD.SI.A|,|GISAL.PAD.SI.A|,𒄐,Type_2,compound,|GISAL.PAD.SI.A|,1,𒄐𒉻𒋛𒀀,U+12110; U+1227B; U+122DB; U+12000,
U+1227B,|A.PA.GISAL.PAD.SI.A|,|GISAL.PAD.SI.A|,𒉻,Type_2,compound,|GISAL.PAD.SI.A|,2,𒄐𒉻𒋛𒀀,U+12110; U+1227B; U+122DB; U+12000,
U+122DB,|A.PA.GISAL.PAD.SI.A|,|GISAL.PAD.SI.A|,𒋛,Type_2,compound,|GISAL.PAD.SI.A|,3,𒄐𒉻𒋛𒀀,U+12110; U+1227B; U+122DB; U+12000,
U+12000,|A.PA.GISAL.PAD.SI.A|,|GISAL.PAD.SI.A|,𒀀,Type_2,compound,|GISAL.PAD.SI.A|,4,𒄐𒉻𒋛𒀀,U+12110; U+1227B; U+122DB; U+12000,
U+12110,|A.PA.GISAL.PAD.SI.A|,|GISAL.SI|,𒄐,Type_2,compound,|GISAL.SI|,1,𒄐𒋛,U+12110; U+122DB,
U+122DB,|A.PA.GISAL.PAD.SI.A|,|GISAL.SI|,𒋛,Type_2,compound,|GISAL.SI|,2,𒄐𒋛,U+12110; U+122DB,
U+12110,|A.PA.GISAL.PAD.SI.A|,|GISAL.SI.A|,𒄐,Type_2,compound,|GISAL.SI.A|,1,𒄐𒋛𒀀,U+12110; U+122DB; U+12000,
U+122DB,|A.PA.GISAL.PAD.SI.A|,|GISAL.SI.A|,𒋛,Type_2,compound,|GISAL.SI.A|,2,𒄐𒋛𒀀,U+12110; U+122DB; U+12000,
U+12000,|A.PA.GISAL.PAD.SI.A|,|GISAL.SI.A|,𒀀,Type_2,compound,|GISAL.SI.A|,3,𒄐𒋛𒀀,U+12110; U+122DB; U+12000,
U+124CD,|A.PA.GISAL.PAD.SI.A|,|GUD.GIŠ×TAK₄.SI|,𒓍,Type_2,compound,|GUD.GIŠ×TAK₄.SI|,1,𒓍𒋛,U+124CD; U+122DB,
U+122DB,|A.PA.GISAL.PAD.SI.A|,|GUD.GIŠ×TAK₄.SI|,𒋛,Type_2,compound,|GUD.GIŠ×TAK₄.SI|,2,𒓍𒋛,U+124CD; U+122DB,
U+1227A,|A.PA.GISAL.PAD.SI.A|,|PA.DUG.GIŠ.PAD.SI.A|,𒉺,Type_2,compound,|PA.DUG.GIŠ.PAD.SI.A|,1,𒉺𒂁𒄑𒉻𒋛𒀀,U+1227A; U+12081; U+12111; U+1227B; U+122DB; U+12000,
U+12081,|A.PA.GISAL.PAD.SI.A|,|PA.DUG.GIŠ.PAD.SI.A|,𒂁,Type_2,compound,|PA.DUG.GIŠ.PAD.SI.A|,2,𒉺𒂁𒄑𒉻𒋛𒀀,U+1227A; U+12081; U+12111; U+1227B; U+122DB; U+12000,
U+12111,|A.PA.GISAL.PAD.SI.A|,|PA.DUG.GIŠ.PAD.SI.A|,𒄑,Type_2,compound,|PA.DUG.GIŠ.PAD.SI.A|,3,𒉺𒂁𒄑𒉻𒋛𒀀,U+1227A; U+12081; U+12111; U+1227B; U+122DB; U+12000,
U+1227B,|A.PA.GISAL.PAD.SI.A|,|PA.DUG.GIŠ.PAD.SI.A|,𒉻,Type_2,compound,|PA.DUG.GIŠ.PAD.SI.A|,4,𒉺𒂁𒄑𒉻𒋛𒀀,U+1227A; U+12081; U+12111; U+1227B; U+122DB; U+12000,
U+122DB,|A.PA.GISAL.PAD.SI.A|,|PA.DUG.GIŠ.PAD.SI.A|,𒋛,Type_2,compound,|PA.DUG.GIŠ.PAD.SI.A|,5,𒉺𒂁𒄑𒉻𒋛𒀀,U+1227A; U+12081; U+12111; U+1227B; U+122DB; U+12000,
U+12000,|A.PA.GISAL.PAD.SI.A|,|PA.DUG.GIŠ.PAD.SI.A|,𒀀,Type_2,compound,|PA.DUG.GIŠ.PAD.SI.A|,6,𒉺𒂁𒄑𒉻𒋛𒀀,U+1227A; U+12081; U+12111; U+1227B; U+122DB; U+12000,
U+1227A,|A.PA.GISAL.PAD.SI.A|,|PA.GISAL.SI|,𒉺,Type_2,compound,|PA.GISAL.SI|,1,𒉺𒄐𒋛,U+1227A; U+12110; U+122DB,
U+12110,|A.PA.GISAL.PAD.SI.A|,|PA.GISAL.SI|,𒄐,Type_2,compound,|PA.GISAL.SI|,2,𒉺𒄐𒋛,U+1227A; U+12110; U+122DB,
U+122DB,|A.PA.GISAL.PAD.SI.A|,|PA.GISAL.SI|,𒋛,Type_2,compound,|PA.GISAL.SI|,3,𒉺𒄐𒋛,U+1227A; U+12110; U+122DB,
U+1227A,|A.PA.GISAL.PAD.SI.A|,|PA.GISAL.SI.A|,𒉺,Type_2,compound,|PA.GISAL.SI.A|,1,𒉺𒄐𒋛𒀀,U+1227A; U+12110; U+122DB; U+12000,
U+12110,|A.PA.GISAL.PAD.SI.A|,|PA.GISAL.SI.A|,𒄐,Type_2,compound,|PA.GISAL.SI.A|,2,𒉺𒄐𒋛𒀀,U+1227A; U+12110; U+122DB; U+12000,
U+122DB,|A.PA.GISAL.PAD.SI.A|,|PA.GISAL.SI.A|,𒋛,Type_2,compound,|PA.GISAL.SI.A|,3,𒉺𒄐𒋛𒀀,U+1227A; U+12110; U+122DB; U+12000,
U+12000,|A.PA.GISAL.PAD.SI.A|,|PA.GISAL.SI.A|,𒀀,Type_2,compound,|PA.GISAL.SI.A|,4,𒉺𒄐𒋛𒀀,U+1227A; U+12110; U+122DB; U+12000,
U+1227A,|A.PA.GISAL.PAD.SI.A|,|PA.GISAL.SI.A.PAD|,𒉺,Type_2,compound,|PA.GISAL.SI.A.PAD|,1,𒉺𒄐𒋛𒀀𒉻,U+1227A; U+12110; U+122DB; U+12000; U+1227B,
U+12110,|A.PA.GISAL.PAD.SI.A|,|PA.GISAL.SI.A.PAD|,𒄐,Type_2,compound,|PA.GISAL.SI.A.PAD|,2,𒉺𒄐𒋛𒀀𒉻,U+1227A; U+12110; U+122DB; U+12000; U+1227B,
U+122DB,|A.PA.GISAL.PAD.SI.A|,|PA.GISAL.SI.A.PAD|,𒋛,Type_2,compound,|PA.GISAL.SI.A.PAD|,3,𒉺𒄐𒋛𒀀𒉻,U+1227A; U+12110; U+122DB; U+12000; U+1227B,
U+12000,|A.PA.GISAL.PAD.SI.A|,|PA.GISAL.SI.A.PAD|,𒀀,Type_2,compound,|PA.GISAL.SI.A.PAD|,4,𒉺𒄐𒋛𒀀𒉻,U+1227A; U+12110; U+122DB; U+12000; U+1227B,
U+1227B,|A.PA.GISAL.PAD.SI.A|,|PA.GISAL.SI.A.PAD|,𒉻,Type_2,compound,|PA.GISAL.SI.A.PAD|,5,𒉺𒄐𒋛𒀀𒉻,U+1227A; U+12110; U+122DB; U+12000; U+1227B,
U+1227B,|A.PA.GISAL.PAD.SI.A|,|PAD.DUG.GIŠ.SI|,𒉻,Type_2,compound,|PAD.DUG.GIŠ.SI|,1,𒉻𒂁𒄑𒋛,U+1227B; U+12081; U+12111; U+122DB,
U+12081,|A.PA.GISAL.PAD.SI.A|,|PAD.DUG.GIŠ.SI|,𒂁,Type_2,compound,|PAD.DUG.GIŠ.SI|,2,𒉻𒂁𒄑𒋛,U+1227B; U+12081; U+12111; U+122DB,
U+12111,|A.PA.GISAL.PAD.SI.A|,|PAD.DUG.GIŠ.SI|,𒄑,Type_2,compound,|PAD.DUG.GIŠ.SI|,3,𒉻𒂁𒄑𒋛,U+1227B; U+12081; U+12111; U+122DB,
U+122DB,|A.PA.GISAL.PAD.SI.A|,|PAD.DUG.GIŠ.SI|,𒋛,Type_2,compound,|PAD.DUG.GIŠ.SI|,4,𒉻𒂁𒄑𒋛,U+1227B; U+12081; U+12111; U+122DB,
U+1227B,|A.PA.GISAL.PAD.SI.A|,|PAD.GISAL.SI.A|,𒉻,Type_2,compound,|PAD.GISAL.SI.A|,1,𒉻𒄐𒋛𒀀,U+1227B; U+12110; U+122DB; U+12000,
U+12110,|A.PA.GISAL.PAD.SI.A|,|PAD.GISAL.SI.A|,𒄐,Type_2,compound,|PAD.GISAL.SI.A|,2,𒉻𒄐𒋛𒀀,U+1227B; U+12110; U+122DB; U+12000,
U+122DB,|A.PA.GISAL.PAD.SI.A|,|PAD.GISAL.SI.A|,𒋛,Type_2,compound,|PAD.GISAL.SI.A|,3,𒉻𒄐𒋛𒀀,U+1227B; U+12110; U+122DB; U+12000,
U+12000,|A.PA.GISAL.PAD.SI.A|,|PAD.GISAL.SI.A|,𒀀,Type_2,compound,|PAD.GISAL.SI.A|,4,𒉻𒄐𒋛𒀀,U+1227B; U+12110; U+122DB; U+12000,
U+122DB,|A.PA.GISAL.PAD.SI.A|,|SI.A.PAD.GISAL|,𒋛,Type_2,compound,|SI.A.PAD.GISAL|,1,𒋛𒀀𒉻𒄐,U+122DB; U+12000; U+1227B; U+12110,
U+12000,|A.PA.GISAL.PAD.SI.A|,|SI.A.PAD.GISAL|,𒀀,Type_2,compound,|SI.A.PAD.GISAL|,2,𒋛𒀀𒉻𒄐,U+122DB; U+12000; U+1227B; U+12110,
U+1227B,|A.PA.GISAL.PAD.SI.A|,|SI.A.PAD.GISAL|,𒉻,Type_2,compound,|SI.A.PAD.GISAL|,3,𒋛𒀀𒉻𒄐,U+122DB; U+12000; U+1227B; U+12110,
U+12110,|A.PA.GISAL.PAD.SI.A|,|SI.A.PAD.GISAL|,𒄐,Type_2,compound,|SI.A.PAD.GISAL|,4,𒋛𒀀𒉻𒄐,U+122DB; U+12000; U+1227B; U+12110,
U+122DB,|A.PA.GISAL.PAD.SI.A|,|SI.GIŠ.PAD.DUG|,𒋛,Type_2,compound,|SI.GIŠ.PAD.DUG|,1,𒋛𒄑𒉻𒂁,U+122DB; U+12111; U+1227B; U+12081,
U+12111,|A.PA.GISAL.PAD.SI.A|,|SI.GIŠ.PAD.DUG|,𒄑,Type_2,compound,|SI.GIŠ.PAD.DUG|,2,𒋛𒄑𒉻𒂁,U+122DB; U+12111; U+1227B; U+12081,
U+1227B,|A.PA.GISAL.PAD.SI.A|,|SI.GIŠ.PAD.DUG|,𒉻,Type_2,compound,|SI.GIŠ.PAD.DUG|,3,𒋛𒄑𒉻𒂁,U+122DB; U+12111; U+1227B; U+12081,
U+12081,|A.PA.GISAL.PAD.SI.A|,|SI.GIŠ.PAD.DUG|,𒂁,Type_2,compound,|SI.GIŠ.PAD.DUG|,4,𒋛𒄑𒉻𒂁,U+122DB; U+12111; U+1227B; U+12081,
,|A.SU|,SU,𒀀𒋢,Type_3,ASU_v1,,,,,LAK293 [Uruk IV–III (~3400–3000 BCE) | Archaic / Uruk]; ASY006 [Standard Babylonian (any period) | Akkadian syllabary]; BAU226 [Early Dynastic (~2900–2340 BCE) | Lagash]; ELLES172 [Early Dynastic (~2900–2340 BCE) | Ebla]; GCSL137 [Gudea period (~2100 BCE) | Lagash / Girsu]; MZL016 [Standard Babylonian (any period) | Akkado-Babylonian]; PTACE120 [Early Dynastic (~2900–2340 BCE) | Ebla]; RSP143 [Early Dynastic (~2900–2340 BCE) | Presargonic Lagash]
U+12000,|A.SUD|,|A.BU|,𒀀,Type_2,compound,|A.BU|,1,𒀀𒁍,U+12000; U+1204D,
U+1204D,|A.SUD|,|A.BU|,𒁍,Type_2,compound,|A.BU|,2,𒀀𒁍,U+12000; U+1204D,
U+12293,|A.SUD|,|SA.SUD|,𒊓,Type_2,compound,|SA.SUD|,1,𒊓𒋤,U+12293; U+122E4,
U+122E4,|A.SUD|,|SA.SUD|,𒋤,Type_2,compound,|SA.SUD|,2,𒊓𒋤,U+12293; U+122E4,
U+12000,|A.ŠU₂.NAGA|,|A.ŠU₂.U₂.NAGA|,𒀀,Type_2,compound,|A.ŠU₂.U₂.NAGA|,1,𒀀𒋙𒌑𒉀,U+12000; U+122D9; U+12311; U+12240,
U+122D9,|A.ŠU₂.NAGA|,|A.ŠU₂.U₂.NAGA|,𒋙,Type_2,compound,|A.ŠU₂.U₂.NAGA|,2,𒀀𒋙𒌑𒉀,U+12000; U+122D9; U+12311; U+12240,
U+12311,|A.ŠU₂.NAGA|,|A.ŠU₂.U₂.NAGA|,𒌑,Type_2,compound,|A.ŠU₂.U₂.NAGA|,3,𒀀𒋙𒌑𒉀,U+12000; U+122D9; U+12311; U+12240,
U+12240,|A.ŠU₂.NAGA|,|A.ŠU₂.U₂.NAGA|,𒉀,Type_2,compound,|A.ŠU₂.U₂.NAGA|,4,𒀀𒋙𒌑𒉀,U+12000; U+122D9; U+12311; U+12240,
U+12000,|A.TU.GABA.LIŠ|,|A.GABA.LIŠ.TU|,𒀀,Type_2,compound,|A.GABA.LIŠ.TU|,1,𒀀𒃮𒇺𒌅,U+12000; U+120EE; U+121FA; U+12305,ELLES123 [Early Dynastic (~2900–2340 BCE) | Ebla]; RSP055 [Early Dynastic (~2900–2340 BCE) | Presargonic Lagash]
U+120EE,|A.TU.GABA.LIŠ|,|A.GABA.LIŠ.TU|,𒃮,Type_2,compound,|A.GABA.LIŠ.TU|,2,𒀀𒃮𒇺𒌅,U+12000; U+120EE; U+121FA; U+12305,ELLES123 [Early Dynastic (~2900–2340 BCE) | Ebla]; RSP055 [Early Dynastic (~2900–2340 BCE) | Presargonic Lagash]
U+121FA,|A.TU.GABA.LIŠ|,|A.GABA.LIŠ.TU|,𒇺,Type_2,compound,|A.GABA.LIŠ.TU|,3,𒀀𒃮𒇺𒌅,U+12000; U+120EE; U+121FA; U+12305,ELLES123 [Early Dynastic (~2900–2340 BCE) | Ebla]; RSP055 [Early Dynastic (~2900–2340 BCE) | Presargonic Lagash]
U+12305,|A.TU.GABA.LIŠ|,|A.GABA.LIŠ.TU|,𒌅,Type_2,compound,|A.GABA.LIŠ.TU|,4,𒀀𒃮𒇺𒌅,U+12000; U+120EE; U+121FA; U+12305,ELLES123 [Early Dynastic (~2900–2340 BCE) | Ebla]; RSP055 [Early Dynastic (~2900–2340 BCE) | Presargonic Lagash]
U+12000,|A.TU.GABA.LIŠ|,|A.GIŠ.TU.GABA.LIŠ|,𒀀,Type_2,compound,|A.GIŠ.TU.GABA.LIŠ|,1,𒀀𒄑𒌅𒃮𒇺,U+12000; U+12111; U+12305; U+120EE; U+121FA,ELLES123 [Early Dynastic (~2900–2340 BCE) | Ebla]; RSP055 [Early Dynastic (~2900–2340 BCE) | Presargonic Lagash]
U+12111,|A.TU.GABA.LIŠ|,|A.GIŠ.TU.GABA.LIŠ|,𒄑,Type_2,compound,|A.GIŠ.TU.GABA.LIŠ|,2,𒀀𒄑𒌅𒃮𒇺,U+12000; U+12111; U+12305; U+120EE; U+121FA,ELLES123 [Early Dynastic (~2900–2340 BCE) | Ebla]; RSP055 [Early Dynastic (~2900–2340 BCE) | Presargonic Lagash]
U+12305,|A.TU.GABA.LIŠ|,|A.GIŠ.TU.GABA.LIŠ|,𒌅,Type_2,compound,|A.GIŠ.TU.GABA.LIŠ|,3,𒀀𒄑𒌅𒃮𒇺,U+12000; U+12111; U+12305; U+120EE; U+121FA,ELLES123 [Early Dynastic (~2900–2340 BCE) | Ebla]; RSP055 [Early Dynastic (~2900–2340 BCE) | Presargonic Lagash]
U+120EE,|A.TU.GABA.LIŠ|,|A.GIŠ.TU.GABA.LIŠ|,𒃮,Type_2,compound,|A.GIŠ.TU.GABA.LIŠ|,4,𒀀𒄑𒌅𒃮𒇺,U+12000; U+12111; U+12305; U+120EE; U+121FA,ELLES123 [Early Dynastic (~2900–2340 BCE) | Ebla]; RSP055 [Early Dynastic (~2900–2340 BCE) | Presargonic Lagash]
U+121FA,|A.TU.GABA.LIŠ|,|A.GIŠ.TU.GABA.LIŠ|,𒇺,Type_2,compound,|A.GIŠ.TU.GABA.LIŠ|,5,𒀀𒄑𒌅𒃮𒇺,U+12000; U+12111; U+12305; U+120EE; U+121FA,ELLES123 [Early Dynastic (~2900–2340 BCE) | Ebla]; RSP055 [Early Dynastic (~2900–2340 BCE) | Presargonic Lagash]
U+12000,|A.TU.GABA.LIŠ|,|A.TU|,𒀀,Type_2,compound,|A.TU|,1,𒀀𒌅,U+12000; U+12305,ELLES123 [Early Dynastic (~2900–2340 BCE) | Ebla]; RSP055 [Early Dynastic (~2900–2340 BCE) | Presargonic Lagash]
U+12305,|A.TU.GABA.LIŠ|,|A.TU|,𒌅,Type_2,compound,|A.TU|,2,𒀀𒌅,U+12000; U+12305,ELLES123 [Early Dynastic (~2900–2340 BCE) | Ebla]; RSP055 [Early Dynastic (~2900–2340 BCE) | Presargonic Lagash]
U+12000,|A.TU.GABA.LIŠ|,|A.TU.A.TU.GABA.LIŠ|,𒀀,Type_2,compound,|A.TU.A.TU.GABA.LIŠ|,1,𒀀𒌅𒀀𒌅𒃮𒇺,U+12000; U+12305; U+12000; U+12305; U+120EE; U+121FA,ELLES123 [Early Dynastic (~2900–2340 BCE) | Ebla]; RSP055 [Early Dynastic (~2900–2340 BCE) | Presargonic Lagash]
U+12305,|A.TU.GABA.LIŠ|,|A.TU.A.TU.GABA.LIŠ|,𒌅,Type_2,compound,|A.TU.A.TU.GABA.LIŠ|,2,𒀀𒌅𒀀𒌅𒃮𒇺,U+12000; U+12305; U+12000; U+12305; U+120EE; U+121FA,ELLES123 [Early Dynastic (~2900–2340 BCE) | Ebla]; RSP055 [Early Dynastic (~2900–2340 BCE) | Presargonic Lagash]
U+12000,|A.TU.GABA.LIŠ|,|A.TU.A.TU.GABA.LIŠ|,𒀀,Type_2,compound,|A.TU.A.TU.GABA.LIŠ|,3,𒀀𒌅𒀀𒌅𒃮𒇺,U+12000; U+12305; U+12000; U+12305; U+120EE; U+121FA,ELLES123 [Early Dynastic (~2900–2340 BCE) | Ebla]; RSP055 [Early Dynastic (~2900–2340 BCE) | Presargonic Lagash]
U+12305,|A.TU.GABA.LIŠ|,|A.TU.A.TU.GABA.LIŠ|,𒌅,Type_2,compound,|A.TU.A.TU.GABA.LIŠ|,4,𒀀𒌅𒀀𒌅𒃮𒇺,U+12000; U+12305; U+12000; U+12305; U+120EE; U+121FA,ELLES123 [Early Dynastic (~2900–2340 BCE) | Ebla]; RSP055 [Early Dynastic (~2900–2340 BCE) | Presargonic Lagash]
U+120EE,|A.TU.GABA.LIŠ|,|A.TU.A.TU.GABA.LIŠ|,𒃮,Type_2,compound,|A.TU.A.TU.GABA.LIŠ|,5,𒀀𒌅𒀀𒌅𒃮𒇺,U+12000; U+12305; U+12000; U+12305; U+120EE; U+121FA,ELLES123 [Early Dynastic (~2900–2340 BCE) | Ebla]; RSP055 [Early Dynastic (~2900–2340 BCE) | Presargonic Lagash]
U+121FA,|A.TU.GABA.LIŠ|,|A.TU.A.TU.GABA.LIŠ|,𒇺,Type_2,compound,|A.TU.A.TU.GABA.LIŠ|,6,𒀀𒌅𒀀𒌅𒃮𒇺,U+12000; U+12305; U+12000; U+12305; U+120EE; U+121FA,ELLES123 [Early Dynastic (~2900–2340 BCE) | Ebla]; RSP055 [Early Dynastic (~2900–2340 BCE) | Presargonic Lagash]
U+12000,|A.TU.GABA.LIŠ|,|A.TU.GABA|,𒀀,Type_2,compound,|A.TU.GABA|,1,𒀀𒌅𒃮,U+12000; U+12305; U+120EE,ELLES123 [Early Dynastic (~2900–2340 BCE) | Ebla]; RSP055 [Early Dynastic (~2900–2340 BCE) | Presargonic Lagash]
U+12305,|A.TU.GABA.LIŠ|,|A.TU.GABA|,𒌅,Type_2,compound,|A.TU.GABA|,2,𒀀𒌅𒃮,U+12000; U+12305; U+120EE,ELLES123 [Early Dynastic (~2900–2340 BCE) | Ebla]; RSP055 [Early Dynastic (~2900–2340 BCE) | Presargonic Lagash]
U+120EE,|A.TU.GABA.LIŠ|,|A.TU.GABA|,𒃮,Type_2,compound,|A.TU.GABA|,3,𒀀𒌅𒃮,U+12000; U+12305; U+120EE,ELLES123 [Early Dynastic (~2900–2340 BCE) | Ebla]; RSP055 [Early Dynastic (~2900–2340 BCE) | Presargonic Lagash]
U+12000,|A.TU.GABA.LIŠ|,|A.TU.GABA.LIŠ.GAR|,𒀀,Type_2,compound,|A.TU.GABA.LIŠ.GAR|,1,𒀀𒌅𒃮𒇺𒃻,U+12000; U+12305; U+120EE; U+121FA; U+120FB,ELLES123 [Early Dynastic (~2900–2340 BCE) | Ebla]; RSP055 [Early Dynastic (~2900–2340 BCE) | Presargonic Lagash]
U+12305,|A.TU.GABA.LIŠ|,|A.TU.GABA.LIŠ.GAR|,𒌅,Type_2,compound,|A.TU.GABA.LIŠ.GAR|,2,𒀀𒌅𒃮𒇺𒃻,U+12000; U+12305; U+120EE; U+121FA; U+120FB,ELLES123 [Early Dynastic (~2900–2340 BCE) | Ebla]; RSP055 [Early Dynastic (~2900–2340 BCE) | Presargonic Lagash]
U+120EE,|A.TU.GABA.LIŠ|,|A.TU.GABA.LIŠ.GAR|,𒃮,Type_2,compound,|A.TU.GABA.LIŠ.GAR|,3,𒀀𒌅𒃮𒇺𒃻,U+12000; U+12305; U+120EE; U+121FA; U+120FB,ELLES123 [Early Dynastic (~2900–2340 BCE) | Ebla]; RSP055 [Early Dynastic (~2900–2340 BCE) | Presargonic Lagash]
U+121FA,|A.TU.GABA.LIŠ|,|A.TU.GABA.LIŠ.GAR|,𒇺,Type_2,compound,|A.TU.GABA.LIŠ.GAR|,4,𒀀𒌅𒃮𒇺𒃻,U+12000; U+12305; U+120EE; U+121FA; U+120FB,ELLES123 [Early Dynastic (~2900–2340 BCE) | Ebla]; RSP055 [Early Dynastic (~2900–2340 BCE) | Presargonic Lagash]
U+120FB,|A.TU.GABA.LIŠ|,|A.TU.GABA.LIŠ.GAR|,𒃻,Type_2,compound,|A.TU.GABA.LIŠ.GAR|,5,𒀀𒌅𒃮𒇺𒃻,U+12000; U+12305; U+120EE; U+121FA; U+120FB,ELLES123 [Early Dynastic (~2900–2340 BCE) | Ebla]; RSP055 [Early Dynastic (~2900–2340 BCE) | Presargonic Lagash]
U+12000,|A.TU.GABA.LIŠ|,|A.TU.GABA.SIG.GAR|,𒀀,Type_2,compound,|A.TU.GABA.SIG.GAR|,1,𒀀𒌅𒃮𒋝𒃻,U+12000; U+12305; U+120EE; U+122DD; U+120FB,ELLES123 [Early Dynastic (~2900–2340 BCE) | Ebla]; RSP055 [Early Dynastic (~2900–2340 BCE) | Presargonic Lagash]
U+12305,|A.TU.GABA.LIŠ|,|A.TU.GABA.SIG.GAR|,𒌅,Type_2,compound,|A.TU.GABA.SIG.GAR|,2,𒀀𒌅𒃮𒋝𒃻,U+12000; U+12305; U+120EE; U+122DD; U+120FB,ELLES123 [Early Dynastic (~2900–2340 BCE) | Ebla]; RSP055 [Early Dynastic (~2900–2340 BCE) | Presargonic Lagash]
U+120EE,|A.TU.GABA.LIŠ|,|A.TU.GABA.SIG.GAR|,𒃮,Type_2,compound,|A.TU.GABA.SIG.GAR|,3,𒀀𒌅𒃮𒋝𒃻,U+12000; U+12305; U+120EE; U+122DD; U+120FB,ELLES123 [Early Dynastic (~2900–2340 BCE) | Ebla]; RSP055 [Early Dynastic (~2900–2340 BCE) | Presargonic Lagash]
U+122DD,|A.TU.GABA.LIŠ|,|A.TU.GABA.SIG.GAR|,𒋝,Type_2,compound,|A.TU.GABA.SIG.GAR|,4,𒀀𒌅𒃮𒋝𒃻,U+12000; U+12305; U+120EE; U+122DD; U+120FB,ELLES123 [Early Dynastic (~2900–2340 BCE) | Ebla]; RSP055 [Early Dynastic (~2900–2340 BCE) | Presargonic Lagash]
U+120FB,|A.TU.GABA.LIŠ|,|A.TU.GABA.SIG.GAR|,𒃻,Type_2,compound,|A.TU.GABA.SIG.GAR|,5,𒀀𒌅𒃮𒋝𒃻,U+12000; U+12305; U+120EE; U+122DD; U+120FB,ELLES123 [Early Dynastic (~2900–2340 BCE) | Ebla]; RSP055 [Early Dynastic (~2900–2340 BCE) | Presargonic Lagash]
U+12000,|A.TU.GABA.LIŠ|,|A.TU.NUN&NUN|,𒀀,Type_2,compound,|A.TU.NUN&NUN|,1,𒀀𒌅𒉪,U+12000; U+12305; U+1226A,ELLES123 [Early Dynastic (~2900–2340 BCE) | Ebla]; RSP055 [Early Dynastic (~2900–2340 BCE) | Presargonic Lagash]
U+12305,|A.TU.GABA.LIŠ|,|A.TU.NUN&NUN|,𒌅,Type_2,compound,|A.TU.NUN&NUN|,2,𒀀𒌅𒉪,U+12000; U+12305; U+1226A,ELLES123 [Early Dynastic (~2900–2340 BCE) | Ebla]; RSP055 [Early Dynastic (~2900–2340 BCE) | Presargonic Lagash]
U+1226A,|A.TU.GABA.LIŠ|,|A.TU.NUN&NUN|,𒉪,Type_2,compound,|A.TU.NUN&NUN|,3,𒀀𒌅𒉪,U+12000; U+12305; U+1226A,ELLES123 [Early Dynastic (~2900–2340 BCE) | Ebla]; RSP055 [Early Dynastic (~2900–2340 BCE) | Presargonic Lagash]
U+12000,|A.TU.GABA.LIŠ|,|A.TU.NUN&NUN.GABA.LIŠ|,𒀀,Type_2,compound,|A.TU.NUN&NUN.GABA.LIŠ|,1,𒀀𒌅𒉪𒃮𒇺,U+12000; U+12305; U+1226A; U+120EE; U+121FA,ELLES123 [Early Dynastic (~2900–2340 BCE) | Ebla]; RSP055 [Early Dynastic (~2900–2340 BCE) | Presargonic Lagash]
U+12305,|A.TU.GABA.LIŠ|,|A.TU.NUN&NUN.GABA.LIŠ|,𒌅,Type_2,compound,|A.TU.NUN&NUN.GABA.LIŠ|,2,𒀀𒌅𒉪𒃮𒇺,U+12000; U+12305; U+1226A; U+120EE; U+121FA,ELLES123 [Early Dynastic (~2900–2340 BCE) | Ebla]; RSP055 [Early Dynastic (~2900–2340 BCE) | Presargonic Lagash]
U+1226A,|A.TU.GABA.LIŠ|,|A.TU.NUN&NUN.GABA.LIŠ|,𒉪,Type_2,compound,|A.TU.NUN&NUN.GABA.LIŠ|,3,𒀀𒌅𒉪𒃮𒇺,U+12000; U+12305; U+1226A; U+120EE; U+121FA,ELLES123 [Early Dynastic (~2900–2340 BCE) | Ebla]; RSP055 [Early Dynastic (~2900–2340 BCE) | Presargonic Lagash]
U+120EE,|A.TU.GABA.LIŠ|,|A.TU.NUN&NUN.GABA.LIŠ|,𒃮,Type_2,compound,|A.TU.NUN&NUN.GABA.LIŠ|,4,𒀀𒌅𒉪𒃮𒇺,U+12000; U+12305; U+1226A; U+120EE; U+121FA,ELLES123 [Early Dynastic (~2900–2340 BCE) | Ebla]; RSP055 [Early Dynastic (~2900–2340 BCE) | Presargonic Lagash]
U+121FA,|A.TU.GABA.LIŠ|,|A.TU.NUN&NUN.GABA.LIŠ|,𒇺,Type_2,compound,|A.TU.NUN&NUN.GABA.LIŠ|,5,𒀀𒌅𒉪𒃮𒇺,U+12000; U+12305; U+1226A; U+120EE; U+121FA,ELLES123 [Early Dynastic (~2900–2340 BCE) | Ebla]; RSP055 [Early Dynastic (~2900–2340 BCE) | Presargonic Lagash]
U+12000,|A.TU.GABA.LIŠ|,|A.TU.NUN&NUN.LIŠ|,𒀀,Type_2,compound,|A.TU.NUN&NUN.LIŠ|,1,𒀀𒌅𒉪𒇺,U+12000; U+12305; U+1226A; U+121FA,ELLES123 [Early Dynastic (~2900–2340 BCE) | Ebla]; RSP055 [Early Dynastic (~2900–2340 BCE) | Presargonic Lagash]
U+12305,|A.TU.GABA.LIŠ|,|A.TU.NUN&NUN.LIŠ|,𒌅,Type_2,compound,|A.TU.NUN&NUN.LIŠ|,2,𒀀𒌅𒉪𒇺,U+12000; U+12305; U+1226A; U+121FA,ELLES123 [Early Dynastic (~2900–2340 BCE) | Ebla]; RSP055 [Early Dynastic (~2900–2340 BCE) | Presargonic Lagash]
U+1226A,|A.TU.GABA.LIŠ|,|A.TU.NUN&NUN.LIŠ|,𒉪,Type_2,compound,|A.TU.NUN&NUN.LIŠ|,3,𒀀𒌅𒉪𒇺,U+12000; U+12305; U+1226A; U+121FA,ELLES123 [Early Dynastic (~2900–2340 BCE) | Ebla]; RSP055 [Early Dynastic (~2900–2340 BCE) | Presargonic Lagash]
U+121FA,|A.TU.GABA.LIŠ|,|A.TU.NUN&NUN.LIŠ|,𒇺,Type_2,compound,|A.TU.NUN&NUN.LIŠ|,4,𒀀𒌅𒉪𒇺,U+12000; U+12305; U+1226A; U+121FA,ELLES123 [Early Dynastic (~2900–2340 BCE) | Ebla]; RSP055 [Early Dynastic (~2900–2340 BCE) | Presargonic Lagash]
,|A.TU.GABA.LIŠ|,|ASAL₂×A|,𒀀𒌅𒃮𒇺,Type_3,ATUGABAL_v1,,,,,ELLES123 [Early Dynastic (~2900–2340 BCE) | Ebla]; RSP055 [Early Dynastic (~2900–2340 BCE) | Presargonic Lagash]
U+12037,|A.TU.GABA.LIŠ|,ASAL₂~a,𒀷,Type_1,ATUGABAL_v2,,,,,LAK212 [Uruk IV–III (~3400–3000 BCE) | Archaic / Uruk]; BAU134 [Early Dynastic (~2900–2340 BCE) | Lagash]; PTACE049 [Early Dynastic (~2900–2340 BCE) | Ebla]; ELLES123 [Early Dynastic (~2900–2340 BCE) | Ebla]; RSP055 [Early Dynastic (~2900–2340 BCE) | Presargonic Lagash]
U+120EE,|A.TU.GABA.LIŠ|,|GABA.LIŠ|,𒃮,Type_2,compound,|GABA.LIŠ|,1,𒃮𒇺,U+120EE; U+121FA,ELLES123 [Early Dynastic (~2900–2340 BCE) | Ebla]; RSP055 [Early Dynastic (~2900–2340 BCE) | Presargonic Lagash]
U+121FA,|A.TU.GABA.LIŠ|,|GABA.LIŠ|,𒇺,Type_2,compound,|GABA.LIŠ|,2,𒃮𒇺,U+120EE; U+121FA,ELLES123 [Early Dynastic (~2900–2340 BCE) | Ebla]; RSP055 [Early Dynastic (~2900–2340 BCE) | Presargonic Lagash]
U+12305,|A.TU.GABA.LIŠ|,|TU.NUN&NUN.LIŠ.A|,𒌅,Type_2,compound,|TU.NUN&NUN.LIŠ.A|,1,𒌅𒉪𒇺𒀀,U+12305; U+1226A; U+121FA; U+12000,ELLES123 [Early Dynastic (~2900–2340 BCE) | Ebla]; RSP055 [Early Dynastic (~2900–2340 BCE) | Presargonic Lagash]
U+1226A,|A.TU.GABA.LIŠ|,|TU.NUN&NUN.LIŠ.A|,𒉪,Type_2,compound,|TU.NUN&NUN.LIŠ.A|,2,𒌅𒉪𒇺𒀀,U+12305; U+1226A; U+121FA; U+12000,ELLES123 [Early Dynastic (~2900–2340 BCE) | Ebla]; RSP055 [Early Dynastic (~2900–2340 BCE) | Presargonic Lagash]
U+121FA,|A.TU.GABA.LIŠ|,|TU.NUN&NUN.LIŠ.A|,𒇺,Type_2,compound,|TU.NUN&NUN.LIŠ.A|,3,𒌅𒉪𒇺𒀀,U+12305; U+1226A; U+121FA; U+12000,ELLES123 [Early Dynastic (~2900–2340 BCE) | Ebla]; RSP055 [Early Dynastic (~2900–2340 BCE) | Presargonic Lagash]
U+12000,|A.TU.GABA.LIŠ|,|TU.NUN&NUN.LIŠ.A|,𒀀,Type_2,compound,|TU.NUN&NUN.LIŠ.A|,4,𒌅𒉪𒇺𒀀,U+12305; U+1226A; U+121FA; U+12000,ELLES123 [Early Dynastic (~2900–2340 BCE) | Ebla]; RSP055 [Early Dynastic (~2900–2340 BCE) | Presargonic Lagash]
U+12000,|A.ZI&ZI|,|A.ZI&ZI.A|,𒀀,Type_2,compound,|A.ZI&ZI.A|,1,𒀀𒍤𒀀,U+12000; U+12364; U+12000,
U+12364,|A.ZI&ZI|,|A.ZI&ZI.A|,𒍤,Type_2,compound,|A.ZI&ZI.A|,2,𒀀𒍤𒀀,U+12000; U+12364; U+12000,
U+12000,|A.ZI&ZI|,|A.ZI&ZI.A|,𒀀,Type_2,compound,|A.ZI&ZI.A|,3,𒀀𒍤𒀀,U+12000; U+12364; U+12000,
U+12000,|A.ZI&ZI|,|A.ZI&ZI.EŠ₂|,𒀀,Type_2,compound,|A.ZI&ZI.EŠ₂|,1,𒀀𒍤𒂠,U+12000; U+12364; U+120A0,
U+12364,|A.ZI&ZI|,|A.ZI&ZI.EŠ₂|,𒍤,Type_2,compound,|A.ZI&ZI.EŠ₂|,2,𒀀𒍤𒂠,U+12000; U+12364; U+120A0,
U+120A0,|A.ZI&ZI|,|A.ZI&ZI.EŠ₂|,𒂠,Type_2,compound,|A.ZI&ZI.EŠ₂|,3,𒀀𒍤𒂠,U+12000; U+12364; U+120A0,
U+12364,|A.ZI&ZI|,|ZI&ZI.EŠ₂|,𒍤,Type_2,compound,|ZI&ZI.EŠ₂|,1,𒍤𒂠,U+12364; U+120A0,
U+120A0,|A.ZI&ZI|,|ZI&ZI.EŠ₂|,𒂠,Type_2,compound,|ZI&ZI.EŠ₂|,2,𒍤𒂠,U+12364; U+120A0,
U+12003,|A×BAD|,|A.BAD|,𒀀𒁁,Type_1,ABAD_v1,,,,,LAK800 [Uruk IV–III (~3400–3000 BCE) | Archaic / Uruk]; MZL840 [Standard Babylonian (any period) | Akkado-Babylonian]; SLLHA580 [Standard Babylonian (any period) | Akkado-Babylonian]
U+12000,|A×HA|,|A.GU|,𒀀,Type_2,compound,|A.GU|,1,𒀀𒄖,U+12000; U+12116,LAK796 [Uruk IV–III (~3400–3000 BCE) | Archaic / Uruk]; ABZL471 [Old Babylonian (~2000–1600 BCE) | School texts]; ELLES394 [Early Dynastic (~2900–2340 BCE) | Ebla]; KWU907 [Ur III (~2112–2004 BCE) | Administrative]; MZL846 [Standard Babylonian (any period) | Akkado-Babylonian]; PTACE329 [Early Dynastic (~2900–2340 BCE) | Ebla]; RSP183^a [Early Dynastic (~2900–2340 BCE) | Presargonic Lagash]
U+12116,|A×HA|,|A.GU|,𒄖,Type_2,compound,|A.GU|,2,𒀀𒄖,U+12000; U+12116,LAK796 [Uruk IV–III (~3400–3000 BCE) | Archaic / Uruk]; ABZL471 [Old Babylonian (~2000–1600 BCE) | School texts]; ELLES394 [Early Dynastic (~2900–2340 BCE) | Ebla]; KWU907 [Ur III (~2112–2004 BCE) | Administrative]; MZL846 [Standard Babylonian (any period) | Akkado-Babylonian]; PTACE329 [Early Dynastic (~2900–2340 BCE) | Ebla]; RSP183^a [Early Dynastic (~2900–2340 BCE) | Presargonic Lagash]
U+12000,|A×LAGAR@g|,|A.LAGAR@g|,𒀀,Type_2,compound,|A.LAGAR@g|,1,𒀀𒇯,U+12000; U+121EF,MZL843 [Standard Babylonian (any period) | Akkado-Babylonian]; SLLHA582 [Standard Babylonian (any period) | Akkado-Babylonian]
U+121EF,|A×LAGAR@g|,|A.LAGAR@g|,𒇯,Type_2,compound,|A.LAGAR@g|,2,𒀀𒇯,U+12000; U+121EF,MZL843 [Standard Babylonian (any period) | Akkado-Babylonian]; SLLHA582 [Standard Babylonian (any period) | Akkado-Babylonian]
U+12009,A₂,DA,𒀉,Type_3,A_v1,,,,,LAK143 [Uruk IV–III (~3400–3000 BCE) | Archaic / Uruk]; ASY191 [Standard Babylonian (any period) | Akkadian syllabary]; BAU097 [Early Dynastic (~2900–2340 BCE) | Lagash]; BAU101 [Early Dynastic (~2900–2340 BCE) | Lagash]; ELLES077 [Early Dynastic (~2900–2340 BCE) | Ebla]; GCSL087 [Gudea period (~2100 BCE) | Lagash / Girsu]; PTACE088 [Early Dynastic (~2900–2340 BCE) | Ebla]; RSP419 [Early Dynastic (~2900–2340 BCE) | Presargonic Lagash]; LAK144 [Uruk IV–III (~3400–3000 BCE) | Archaic / Uruk]; ASY187 [Standard Babylonian (any period) | Akkadian syllabary]; ABZL230 [Old Babylonian (~2000–1600 BCE) | School texts]; BAU102 [Early Dynastic (~2900–2340 BCE) | Lagash]; ELLES078 [Early Dynastic (~2900–2340 BCE) | Ebla]; GCSL088 [Gudea period (~2100 BCE) | Lagash / Girsu]; HZL215 [Hittite period (~1650–1180 BCE) | Hittite]; KWU326 [Ur III (~2112–2004 BCE) | Administrative]; MZL560 [Standard Babylonian (any period) | Akkado-Babylonian]; PTACE089 [Early Dynastic (~2900–2340 BCE) | Ebla]; RSP420 [Early Dynastic (~2900–2340 BCE) | Presargonic Lagash]; SLLHA334 [Standard Babylonian (any period) | Akkado-Babylonian]; SYA162 [Standard Babylonian (any period) | Akkadian syllabary]
U+12009,A₂,|A₂.HU|,𒀉,Type_2,compound,|A₂.HU|,1,𒀉𒄷,U+12009; U+12137,ASY187a [Standard Babylonian (any period) | Akkadian syllabary]; LAK144 [Uruk IV–III (~3400–3000 BCE) | Archaic / Uruk]; ASY187 [Standard Babylonian (any period) | Akkadian syllabary]; ABZL230 [Old Babylonian (~2000–1600 BCE) | School texts]; BAU102 [Early Dynastic (~2900–2340 BCE) | Lagash]; ELLES078 [Early Dynastic (~2900–2340 BCE) | Ebla]; GCSL088 [Gudea period (~2100 BCE) | Lagash / Girsu]; HZL215 [Hittite period (~1650–1180 BCE) | Hittite]; KWU326 [Ur III (~2112–2004 BCE) | Administrative]; MZL560 [Standard Babylonian (any period) | Akkado-Babylonian]; PTACE089 [Early Dynastic (~2900–2340 BCE) | Ebla]; RSP420 [Early Dynastic (~2900–2340 BCE) | Presargonic Lagash]; SLLHA334 [Standard Babylonian (any period) | Akkado-Babylonian]; SYA162 [Standard Babylonian (any period) | Akkadian syllabary]
U+12137,A₂,|A₂.HU|,𒄷,Type_2,compound,|A₂.HU|,2,𒀉𒄷,U+12009; U+12137,ASY187a [Standard Babylonian (any period) | Akkadian syllabary]; LAK144 [Uruk IV–III (~3400–3000 BCE) | Archaic / Uruk]; ASY187 [Standard Babylonian (any period) | Akkadian syllabary]; ABZL230 [Old Babylonian (~2000–1600 BCE) | School texts]; BAU102 [Early Dynastic (~2900–2340 BCE) | Lagash]; ELLES078 [Early Dynastic (~2900–2340 BCE) | Ebla]; GCSL088 [Gudea period (~2100 BCE) | Lagash / Girsu]; HZL215 [Hittite period (~1650–1180 BCE) | Hittite]; KWU326 [Ur III (~2112–2004 BCE) | Administrative]; MZL560 [Standard Babylonian (any period) | Akkado-Babylonian]; PTACE089 [Early Dynastic (~2900–2340 BCE) | Ebla]; RSP420 [Early Dynastic (~2900–2340 BCE) | Presargonic Lagash]; SLLHA334 [Standard Babylonian (any period) | Akkado-Babylonian]; SYA162 [Standard Babylonian (any period) | Akkadian syllabary]
U+12009,|A₂.ZA.MUŠ₃@g|,|A₂.ZA.MUŠ₃|,𒀉,Type_2,compound,|A₂.ZA.MUŠ₃|,1,𒀉𒍝𒈹,U+12009; U+1235D; U+12239,
U+1235D,|A₂.ZA.MUŠ₃@g|,|A₂.ZA.MUŠ₃|,𒍝,Type_2,compound,|A₂.ZA.MUŠ₃|,2,𒀉𒍝𒈹,U+12009; U+1235D; U+12239,
U+12239,|A₂.ZA.MUŠ₃@g|,|A₂.ZA.MUŠ₃|,𒈹,Type_2,compound,|A₂.ZA.MUŠ₃|,3,𒀉𒍝𒈹,U+12009; U+1235D; U+12239,
U+1200B,|AB×AŠ₂|,|AB×NUN@t|,𒀋,Type_3,ABAS_v1,,,,,LAK541 [Uruk IV–III (~3400–3000 BCE) | Archaic / Uruk]; LAK540 [Uruk IV–III (~3400–3000 BCE) | Archaic / Uruk]; ABZL127 [Old Babylonian (~2000–1600 BCE) | School texts]; MZL227 [Standard Babylonian (any period) | Akkado-Babylonian]; PTACE241 [Early Dynastic (~2900–2340 BCE) | Ebla]; RSP225 [Early Dynastic (~2900–2340 BCE) | Presargonic Lagash]; SLLHA200an [Standard Babylonian (any period) | Akkado-Babylonian]
U+1200C,|AB×DUN₃@g|,|NINDA₂×DUN₃@g|,𒀌,Type_3,ABDUNG_v1,,,,,MZL235 [Standard Babylonian (any period) | Akkado-Babylonian]; SLLHA199 [Standard Babylonian (any period) | Akkado-Babylonian]
U+1200D,|AB×GAL|,|NINDA₂×GAL|,𒀍,Type_3,ABGAL_v1,,,,,ABZL128 [Old Babylonian (~2000–1600 BCE) | School texts]; MZL228 [Standard Babylonian (any period) | Akkado-Babylonian]; SLLHA194 [Standard Babylonian (any period) | Akkado-Babylonian]
U+12010,|AB×IGI@g|,|NINDA₂×IGI@g|,𒀐,Type_3,ABIGIG_v1,,,,,MZL229 [Standard Babylonian (any period) | Akkado-Babylonian]; SLLHA196 [Standard Babylonian (any period) | Akkado-Babylonian]
U+12015,AB@g,AB,𒀕,Type_3,ABG_v1,,,,,LAK536 [Uruk IV–III (~3400–3000 BCE) | Archaic / Uruk]; ASY093 [Standard Babylonian (any period) | Akkadian syllabary]; BAU333 [Early Dynastic (~2900–2340 BCE) | Lagash]; ELLES285 [Early Dynastic (~2900–2340 BCE) | Ebla]; GCSL251 [Gudea period (~2100 BCE) | Lagash / Girsu]; PTACE240 [Early Dynastic (~2900–2340 BCE) | Ebla]; RSP223 [Early Dynastic (~2900–2340 BCE) | Presargonic Lagash]; LAK537 [Uruk IV–III (~3400–3000 BCE) | Archaic / Uruk]; ABZL129 [Old Babylonian (~2000–1600 BCE) | School texts]; BAU334 [Early Dynastic (~2900–2340 BCE) | Lagash]; BAU335 [Early Dynastic (~2900–2340 BCE) | Lagash]; ELLES286 [Early Dynastic (~2900–2340 BCE) | Ebla]; HZL111 [Hittite period (~1650–1180 BCE) | Hittite]; KWU826 [Ur III (~2112–2004 BCE) | Administrative]; MZL232 [Standard Babylonian (any period) | Akkado-Babylonian]; RSP224 [Early Dynastic (~2900–2340 BCE) | Presargonic Lagash]; SLLHA195 [Standard Babylonian (any period) | Akkado-Babylonian]
U+12015,AB@g,MURUB₄,𒀕,Type_3,ABG_v1,,,,,ASY189 [Standard Babylonian (any period) | Akkadian syllabary]; LAK537 [Uruk IV–III (~3400–3000 BCE) | Archaic / Uruk]; ABZL129 [Old Babylonian (~2000–1600 BCE) | School texts]; BAU334 [Early Dynastic (~2900–2340 BCE) | Lagash]; BAU335 [Early Dynastic (~2900–2340 BCE) | Lagash]; ELLES286 [Early Dynastic (~2900–2340 BCE) | Ebla]; HZL111 [Hittite period (~1650–1180 BCE) | Hittite]; KWU826 [Ur III (~2112–2004 BCE) | Administrative]; MZL232 [Standard Babylonian (any period) | Akkado-Babylonian]; RSP224 [Early Dynastic (~2900–2340 BCE) | Presargonic Lagash]; SLLHA195 [Standard Babylonian (any period) | Akkado-Babylonian]
U+12016,|AB₂.KU|,|AB₂.LAGAB×U|,𒀖,Type_2,compound,|AB₂.LAGAB×U|,1,𒀖𒇥,U+12016; U+121E5,RSP160 [Early Dynastic (~2900–2340 BCE) | Presargonic Lagash]
U+121E5,|AB₂.KU|,|AB₂.LAGAB×U|,𒇥,Type_2,compound,|AB₂.LAGAB×U|,2,𒀖𒇥,U+12016; U+121E5,RSP160 [Early Dynastic (~2900–2340 BCE) | Presargonic Lagash]
,|AB₂.KU|,|AB₂×KU|,𒀖𒆪,Type_3,ABKU_v1,,,,,RSP160 [Early Dynastic (~2900–2340 BCE) | Presargonic Lagash]
,|AB₂.ŠA₃|,LAK386,𒀖𒊮,Type_3,ABSA_v1,,,,,LAK386 [Uruk IV–III (~3400–3000 BCE) | Archaic / Uruk]; LAK404 [Uruk IV–III (~3400–3000 BCE) | Archaic / Uruk]; GCSL205 [Gudea period (~2100 BCE) | Lagash / Girsu]; RSP161 [Early Dynastic (~2900–2340 BCE) | Presargonic Lagash]
U+12017,|AB₂×BALAG|,|AB₂×DUB₂|,𒀗,Type_3,ABBALAG_v1,,,,,MZL676 [Standard Babylonian (any period) | Akkado-Babylonian]; SLLHA422 [Standard Babylonian (any period) | Akkado-Babylonian]
U+12018,|AB₂×GAN₂@t|,|AB₂×TAK₄|,𒀘,Type_3,ABGANT_v1,,,,,LAK406 [Uruk IV–III (~3400–3000 BCE) | Archaic / Uruk]; ASY245 [Standard Babylonian (any period) | Akkadian syllabary]; ABZL354 [Old Babylonian (~2000–1600 BCE) | School texts]; MZL674 [Standard Babylonian (any period) | Akkado-Babylonian]; SLLHA423 [Standard Babylonian (any period) | Akkado-Babylonian]
U+12016,|AB₂×TAK₄|,|AB₂.TAK₄|,𒀖,Type_2,compound,|AB₂.TAK₄|,1,𒀖𒋺,U+12016; U+122FA,RSP163 [Early Dynastic (~2900–2340 BCE) | Presargonic Lagash]; LAK406 [Uruk IV–III (~3400–3000 BCE) | Archaic / Uruk]; KWU518 [Ur III (~2112–2004 BCE) | Administrative]; MZL673 [Standard Babylonian (any period) | Akkado-Babylonian]; SLLHA420_8 [Standard Babylonian (any period) | Akkado-Babylonian]
U+122FA,|AB₂×TAK₄|,|AB₂.TAK₄|,𒋺,Type_2,compound,|AB₂.TAK₄|,2,𒀖𒋺,U+12016; U+122FA,RSP163 [Early Dynastic (~2900–2340 BCE) | Presargonic Lagash]; LAK406 [Uruk IV–III (~3400–3000 BCE) | Archaic / Uruk]; KWU518 [Ur III (~2112–2004 BCE) | Administrative]; MZL673 [Standard Babylonian (any period) | Akkado-Babylonian]; SLLHA420_8 [Standard Babylonian (any period) | Akkado-Babylonian]
U+1201C,|AD.KID|,|AD.KID.KID|,𒀜,Type_2,compound,|AD.KID.KID|,1,𒀜𒆤𒆤,U+1201C; U+121A4; U+121A4,RSP228 [Early Dynastic (~2900–2340 BCE) | Presargonic Lagash]
U+121A4,|AD.KID|,|AD.KID.KID|,𒆤,Type_2,compound,|AD.KID.KID|,2,𒀜𒆤𒆤,U+1201C; U+121A4; U+121A4,RSP228 [Early Dynastic (~2900–2340 BCE) | Presargonic Lagash]
U+121A4,|AD.KID|,|AD.KID.KID|,𒆤,Type_2,compound,|AD.KID.KID|,3,𒀜𒆤𒆤,U+1201C; U+121A4; U+121A4,RSP228 [Early Dynastic (~2900–2340 BCE) | Presargonic Lagash]
U+1201D,|AK×ERIN₂|,AK,𒀝,Type_1,AKERIN_v1,,,,,LAK087 [Uruk IV–III (~3400–3000 BCE) | Archaic / Uruk]; ASY070 [Standard Babylonian (any period) | Akkadian syllabary]; BAU062 [Early Dynastic (~2900–2340 BCE) | Lagash]; ELLES053 [Early Dynastic (~2900–2340 BCE) | Ebla]; GCSL045 [Gudea period (~2100 BCE) | Lagash / Girsu]; KWU073 [Ur III (~2112–2004 BCE) | Administrative]; MZL127 [Standard Babylonian (any period) | Akkado-Babylonian]; PTACE068 [Early Dynastic (~2900–2340 BCE) | Ebla]; RSP273 [Early Dynastic (~2900–2340 BCE) | Presargonic Lagash]; ABZL053 [Old Babylonian (~2000–1600 BCE) | School texts]; GCSL006 [Gudea period (~2100 BCE) | Lagash / Girsu]; GCSL036 [Gudea period (~2100 BCE) | Lagash / Girsu]; HZL082 [Hittite period (~1650–1180 BCE) | Hittite]; KWU072 [Ur III (~2112–2004 BCE) | Administrative]; MZL129 [Standard Babylonian (any period) | Akkado-Babylonian]; RSP383 [Early Dynastic (~2900–2340 BCE) | Presargonic Lagash]; SLLHA098 [Standard Babylonian (any period) | Akkado-Babylonian]
U+1201F,|AK×ERIN₂|,|AK×(ŠITA.GIŠ)|,𒀟,Type_1,AKERIN_v2,,,,,ABZL053 [Old Babylonian (~2000–1600 BCE) | School texts]; GCSL006 [Gudea period (~2100 BCE) | Lagash / Girsu]; GCSL036 [Gudea period (~2100 BCE) | Lagash / Girsu]; HZL082 [Hittite period (~1650–1180 BCE) | Hittite]; KWU072 [Ur III (~2112–2004 BCE) | Administrative]; MZL129 [Standard Babylonian (any period) | Akkado-Babylonian]; RSP383 [Early Dynastic (~2900–2340 BCE) | Presargonic Lagash]; SLLHA098 [Standard Babylonian (any period) | Akkado-Babylonian]
U+12160,|AK×ERIN₂|,|KA×ERIN₂|,𒅠,Type_1,AKERIN_v3,,,,,ABZL053 [Old Babylonian (~2000–1600 BCE) | School texts]; GCSL006 [Gudea period (~2100 BCE) | Lagash / Girsu]; GCSL036 [Gudea period (~2100 BCE) | Lagash / Girsu]; HZL082 [Hittite period (~1650–1180 BCE) | Hittite]; KWU072 [Ur III (~2112–2004 BCE) | Administrative]; MZL129 [Standard Babylonian (any period) | Akkado-Babylonian]; RSP383 [Early Dynastic (~2900–2340 BCE) | Presargonic Lagash]; SLLHA098 [Standard Babylonian (any period) | Akkado-Babylonian]
U+124FD,|AK×ERIN₂|,LAK493,𒓽,Type_1,AKERIN_v4,,,,,LAK493 [Uruk IV–III (~3400–3000 BCE) | Archaic / Uruk]; ELLES255 [Early Dynastic (~2900–2340 BCE) | Ebla]; PTACE144 [Early Dynastic (~2900–2340 BCE) | Ebla]; ABZL053 [Old Babylonian (~2000–1600 BCE) | School texts]; GCSL006 [Gudea period (~2100 BCE) | Lagash / Girsu]; GCSL036 [Gudea period (~2100 BCE) | Lagash / Girsu]; HZL082 [Hittite period (~1650–1180 BCE) | Hittite]; KWU072 [Ur III (~2112–2004 BCE) | Administrative]; MZL129 [Standard Babylonian (any period) | Akkado-Babylonian]; RSP383 [Early Dynastic (~2900–2340 BCE) | Presargonic Lagash]; SLLHA098 [Standard Babylonian (any period) | Akkado-Babylonian]
U+1202B,AMAR,|AMAR×PAP|,𒀫,Type_3,AMAR_v1,,,,,LAK267 [Uruk IV–III (~3400–3000 BCE) | Archaic / Uruk]; ASY255 [Standard Babylonian (any period) | Akkadian syllabary]; ABZL367 [Old Babylonian (~2000–1600 BCE) | School texts]; BAU146 [Early Dynastic (~2900–2340 BCE) | Lagash]; ELLES152 [Early Dynastic (~2900–2340 BCE) | Ebla]; GCSL120 [Gudea period (~2100 BCE) | Lagash / Girsu]; HZL155 [Hittite period (~1650–1180 BCE) | Hittite]; KWU571 [Ur III (~2112–2004 BCE) | Administrative]; MZL695 [Standard Babylonian (any period) | Akkado-Babylonian]; PTACE128 [Early Dynastic (~2900–2340 BCE) | Ebla]; RSP110 [Early Dynastic (~2900–2340 BCE) | Presargonic Lagash]; SLLHA437 [Standard Babylonian (any period) | Akkado-Babylonian]; SYA223 [Standard Babylonian (any period) | Akkadian syllabary]
,|AMAR.AMAR|,|AMAR&AMAR|,𒀫𒀫,Type_3,AMARAMAR_v1,,,,,BAU146b [Early Dynastic (~2900–2340 BCE) | Lagash]
U+12313,|AMAR.UD|,|UD.AMAR|,𒌓,Type_2,compound,|UD.AMAR|,1,𒌓𒀫,U+12313; U+1202B,
U+1202B,|AMAR.UD|,|UD.AMAR|,𒀫,Type_2,compound,|UD.AMAR|,2,𒌓𒀫,U+12313; U+1202B,
U+1202D,|3×AN|,|AN.AN.AN|,𒀭,Type_2,compound,|AN.AN.AN|,1,𒀭𒀭𒀭,U+1202D; U+1202D; U+1202D,LAK010 [Uruk IV–III (~3400–3000 BCE) | Archaic / Uruk]; ASY095 [Standard Babylonian (any period) | Akkadian syllabary]; ABZL010 [Old Babylonian (~2000–1600 BCE) | School texts]; BAU008 [Early Dynastic (~2900–2340 BCE) | Lagash]; ELLES006bis [Early Dynastic (~2900–2340 BCE) | Ebla]; GCSL051 [Gudea period (~2100 BCE) | Lagash / Girsu]; KWU025 [Ur III (~2112–2004 BCE) | Administrative]; MZL247 [Standard Babylonian (any period) | Akkado-Babylonian]; PTACE009 [Early Dynastic (~2900–2340 BCE) | Ebla]; RSP082 [Early Dynastic (~2900–2340 BCE) | Presargonic Lagash]; SYA083 [Standard Babylonian (any period) | Akkadian syllabary]
U+1202D,|3×AN|,|AN.AN.AN|,𒀭,Type_2,compound,|AN.AN.AN|,2,𒀭𒀭𒀭,U+1202D; U+1202D; U+1202D,LAK010 [Uruk IV–III (~3400–3000 BCE) | Archaic / Uruk]; ASY095 [Standard Babylonian (any period) | Akkadian syllabary]; ABZL010 [Old Babylonian (~2000–1600 BCE) | School texts]; BAU008 [Early Dynastic (~2900–2340 BCE) | Lagash]; ELLES006bis [Early Dynastic (~2900–2340 BCE) | Ebla]; GCSL051 [Gudea period (~2100 BCE) | Lagash / Girsu]; KWU025 [Ur III (~2112–2004 BCE) | Administrative]; MZL247 [Standard Babylonian (any period) | Akkado-Babylonian]; PTACE009 [Early Dynastic (~2900–2340 BCE) | Ebla]; RSP082 [Early Dynastic (~2900–2340 BCE) | Presargonic Lagash]; SYA083 [Standard Babylonian (any period) | Akkadian syllabary]
U+1202D,|3×AN|,|AN.AN.AN|,𒀭,Type_2,compound,|AN.AN.AN|,3,𒀭𒀭𒀭,U+1202D; U+1202D; U+1202D,LAK010 [Uruk IV–III (~3400–3000 BCE) | Archaic / Uruk]; ASY095 [Standard Babylonian (any period) | Akkadian syllabary]; ABZL010 [Old Babylonian (~2000–1600 BCE) | School texts]; BAU008 [Early Dynastic (~2900–2340 BCE) | Lagash]; ELLES006bis [Early Dynastic (~2900–2340 BCE) | Ebla]; GCSL051 [Gudea period (~2100 BCE) | Lagash / Girsu]; KWU025 [Ur III (~2112–2004 BCE) | Administrative]; MZL247 [Standard Babylonian (any period) | Akkado-Babylonian]; PTACE009 [Early Dynastic (~2900–2340 BCE) | Ebla]; RSP082 [Early Dynastic (~2900–2340 BCE) | Presargonic Lagash]; SYA083 [Standard Babylonian (any period) | Akkadian syllabary]
,|AN.AŠ.AN|,|AN.AN|,𒀭𒀸𒀭,Type_3,ANASAN_v1,,,,,
U+1202D,|AN.AŠ.AN|,|AN.AN.AŠ|,𒀭,Type_2,compound,|AN.AN.AŠ|,1,𒀭𒀭𒀸,U+1202D; U+1202D; U+12038,
U+1202D,|AN.AŠ.AN|,|AN.AN.AŠ|,𒀭,Type_2,compound,|AN.AN.AŠ|,2,𒀭𒀭𒀸,U+1202D; U+1202D; U+12038,
U+12038,|AN.AŠ.AN|,|AN.AN.AŠ|,𒀸,Type_2,compound,|AN.AN.AŠ|,3,𒀭𒀭𒀸,U+1202D; U+1202D; U+12038,
U+12038,|AN.AŠ.AN|,|AŠ.A.AN|,𒀸,Type_2,compound,|AŠ.A.AN|,1,𒀸𒀀𒀭,U+12038; U+12000; U+1202D,
U+12000,|AN.AŠ.AN|,|AŠ.A.AN|,𒀀,Type_2,compound,|AŠ.A.AN|,2,𒀸𒀀𒀭,U+12038; U+12000; U+1202D,
U+1202D,|AN.AŠ.AN|,|AŠ.A.AN|,𒀭,Type_2,compound,|AŠ.A.AN|,3,𒀸𒀀𒀭,U+12038; U+12000; U+1202D,
U+12038,|AN.AŠ.AN|,|AŠ.AN.AŠ|,𒀸,Type_2,compound,|AŠ.AN.AŠ|,1,𒀸𒀭𒀸,U+12038; U+1202D; U+12038,
U+1202D,|AN.AŠ.AN|,|AŠ.AN.AŠ|,𒀭,Type_2,compound,|AŠ.AN.AŠ|,2,𒀸𒀭𒀸,U+12038; U+1202D; U+12038,
U+12038,|AN.AŠ.AN|,|AŠ.AN.AŠ|,𒀸,Type_2,compound,|AŠ.AN.AŠ|,3,𒀸𒀭𒀸,U+12038; U+1202D; U+12038,
U+12038,|AN.AŠ.AN|,|AŠ.AŠ|,𒀸,Type_2,compound,|AŠ.AŠ|,1,𒀸𒀸,U+12038; U+12038,RSP002 [Early Dynastic (~2900–2340 BCE) | Presargonic Lagash]
U+12038,|AN.AŠ.AN|,|AŠ.AŠ|,𒀸,Type_2,compound,|AŠ.AŠ|,2,𒀸𒀸,U+12038; U+12038,RSP002 [Early Dynastic (~2900–2340 BCE) | Presargonic Lagash]
,|AN.AŠ.AN|,|AN&AŠ&AN|,𒀭𒀸𒀭,Type_3,ANASAN_v1,,,,,LAK009^a [Uruk IV–III (~3400–3000 BCE) | Archaic / Uruk]
U+1202D,|AN.HU.MI.IM|,|AN.MI.HU|,𒀭,Type_2,compound,|AN.MI.HU|,1,𒀭𒈪𒄷,U+1202D; U+1222A; U+12137,
U+1222A,|AN.HU.MI.IM|,|AN.MI.HU|,𒈪,Type_2,compound,|AN.MI.HU|,2,𒀭𒈪𒄷,U+1202D; U+1222A; U+12137,
U+12137,|AN.HU.MI.IM|,|AN.MI.HU|,𒄷,Type_2,compound,|AN.MI.HU|,3,𒀭𒈪𒄷,U+1202D; U+1222A; U+12137,
U+1202D,|AN.IM.DUGUD|,|AN.DUGUD|,𒀭,Type_2,compound,|AN.DUGUD|,1,𒀭𒂂,U+1202D; U+12082,
U+12082,|AN.IM.DUGUD|,|AN.DUGUD|,𒂂,Type_2,compound,|AN.DUGUD|,2,𒀭𒂂,U+1202D; U+12082,
U+1202D,|AN.IM.MI|,|AN.MI|,𒀭,Type_2,compound,|AN.MI|,1,𒀭𒈪,U+1202D; U+1222A,
U+1222A,|AN.IM.MI|,|AN.MI|,𒈪,Type_2,compound,|AN.MI|,2,𒀭𒈪,U+1202D; U+1222A,
U+1202D,|AN.IM.MI|,|AN.NI₂.MI|,𒀭,Type_2,compound,|AN.NI₂.MI|,1,𒀭𒉎𒈪,U+1202D; U+1224E; U+1222A,
U+1224E,|AN.IM.MI|,|AN.NI₂.MI|,𒉎,Type_2,compound,|AN.NI₂.MI|,2,𒀭𒉎𒈪,U+1202D; U+1224E; U+1222A,
U+1222A,|AN.IM.MI|,|AN.NI₂.MI|,𒈪,Type_2,compound,|AN.NI₂.MI|,3,𒀭𒉎𒈪,U+1202D; U+1224E; U+1222A,
U+1214E,|AN.IM.MI|,|IM.MI|,𒅎,Type_2,compound,|IM.MI|,1,𒅎𒈪,U+1214E; U+1222A,
U+1222A,|AN.IM.MI|,|IM.MI|,𒈪,Type_2,compound,|IM.MI|,2,𒅎𒈪,U+1214E; U+1222A,
U+1202D,|AN.MUŠ₃.AB|,|AN.MUŠ₃.AB@g|,𒀭,Type_2,compound,|AN.MUŠ₃.AB@g|,1,𒀭𒈹𒀕,U+1202D; U+12239; U+12015,
U+12239,|AN.MUŠ₃.AB|,|AN.MUŠ₃.AB@g|,𒈹,Type_2,compound,|AN.MUŠ₃.AB@g|,2,𒀭𒈹𒀕,U+1202D; U+12239; U+12015,
U+12015,|AN.MUŠ₃.AB|,|AN.MUŠ₃.AB@g|,𒀕,Type_2,compound,|AN.MUŠ₃.AB@g|,3,𒀭𒈹𒀕,U+1202D; U+12239; U+12015,
U+12239,|AN.MUŠ₃.AB|,|MUŠ₃.TE.AB@g|,𒈹,Type_2,compound,|MUŠ₃.TE.AB@g|,1,𒈹𒋼𒀕,U+12239; U+122FC; U+12015,
U+122FC,|AN.MUŠ₃.AB|,|MUŠ₃.TE.AB@g|,𒋼,Type_2,compound,|MUŠ₃.TE.AB@g|,2,𒈹𒋼𒀕,U+12239; U+122FC; U+12015,
U+12015,|AN.MUŠ₃.AB|,|MUŠ₃.TE.AB@g|,𒀕,Type_2,compound,|MUŠ₃.TE.AB@g|,3,𒈹𒋼𒀕,U+12239; U+122FC; U+12015,
U+12239,|AN.MUŠ₃.AB|,|MUŠ₃.ZA|,𒈹,Type_2,compound,|MUŠ₃.ZA|,1,𒈹𒍝,U+12239; U+1235D,RSP099 [Early Dynastic (~2900–2340 BCE) | Presargonic Lagash]
U+1235D,|AN.MUŠ₃.AB|,|MUŠ₃.ZA|,𒍝,Type_2,compound,|MUŠ₃.ZA|,2,𒈹𒍝,U+12239; U+1235D,RSP099 [Early Dynastic (~2900–2340 BCE) | Presargonic Lagash]
U+1202D,|AN.NAGA|,|AN.ŠE.NAGA.GAL|,𒀭,Type_2,compound,|AN.ŠE.NAGA.GAL|,1,𒀭𒊺𒉀𒃲,U+1202D; U+122BA; U+12240; U+120F2,
U+122BA,|AN.NAGA|,|AN.ŠE.NAGA.GAL|,𒊺,Type_2,compound,|AN.ŠE.NAGA.GAL|,2,𒀭𒊺𒉀𒃲,U+1202D; U+122BA; U+12240; U+120F2,
U+12240,|AN.NAGA|,|AN.ŠE.NAGA.GAL|,𒉀,Type_2,compound,|AN.ŠE.NAGA.GAL|,3,𒀭𒊺𒉀𒃲,U+1202D; U+122BA; U+12240; U+120F2,
U+120F2,|AN.NAGA|,|AN.ŠE.NAGA.GAL|,𒃲,Type_2,compound,|AN.ŠE.NAGA.GAL|,4,𒀭𒊺𒉀𒃲,U+1202D; U+122BA; U+12240; U+120F2,
U+12030,|(AN.NAGA)@(AN.NAGA)|,|(SUM.IR)@(SUM.IR)|,𒀰,Type_3,ANNAGAAN_v1,,,,,SLLHA165v [Standard Babylonian (any period) | Akkado-Babylonian]
U+122BA,|AN.ŠE.NAGA|,|ŠE.NAGA|,𒊺,Type_2,compound,|ŠE.NAGA|,1,𒊺𒉀,U+122BA; U+12240,GCSL106 [Gudea period (~2100 BCE) | Lagash / Girsu]
U+12240,|AN.ŠE.NAGA|,|ŠE.NAGA|,𒉀,Type_2,compound,|ŠE.NAGA|,2,𒊺𒉀,U+122BA; U+12240,GCSL106 [Gudea period (~2100 BCE) | Lagash / Girsu]
U+12032,ANŠE,KIŠ,𒀲,Type_3,ANSE_v1,,,,,LAK240 [Uruk IV–III (~3400–3000 BCE) | Archaic / Uruk]; ASY247 [Standard Babylonian (any period) | Akkadian syllabary]; LAK253 [Uruk IV–III (~3400–3000 BCE) | Archaic / Uruk]; ABZL292 [Old Babylonian (~2000–1600 BCE) | School texts]; BAU161a [Early Dynastic (~2900–2340 BCE) | Lagash]; BAU161c [Early Dynastic (~2900–2340 BCE) | Lagash]; ELLES140 [Early Dynastic (~2900–2340 BCE) | Ebla]; GCSL167 [Gudea period (~2100 BCE) | Lagash / Girsu]; HZL302 [Hittite period (~1650–1180 BCE) | Hittite]; KWU460 [Ur III (~2112–2004 BCE) | Administrative]; MZL353 [Standard Babylonian (any period) | Akkado-Babylonian]; PTACE134 [Early Dynastic (~2900–2340 BCE) | Ebla]; RSP466 [Early Dynastic (~2900–2340 BCE) | Presargonic Lagash]; SLLHA208 [Standard Babylonian (any period) | Akkado-Babylonian]
U+12032,ANŠE,LAK239,𒀲,Type_3,ANSE_v1,,,,,LAK239 [Uruk IV–III (~3400–3000 BCE) | Archaic / Uruk]; LAK253 [Uruk IV–III (~3400–3000 BCE) | Archaic / Uruk]; ABZL292 [Old Babylonian (~2000–1600 BCE) | School texts]; BAU161a [Early Dynastic (~2900–2340 BCE) | Lagash]; BAU161c [Early Dynastic (~2900–2340 BCE) | Lagash]; ELLES140 [Early Dynastic (~2900–2340 BCE) | Ebla]; GCSL167 [Gudea period (~2100 BCE) | Lagash / Girsu]; HZL302 [Hittite period (~1650–1180 BCE) | Hittite]; KWU460 [Ur III (~2112–2004 BCE) | Administrative]; MZL353 [Standard Babylonian (any period) | Akkado-Babylonian]; PTACE134 [Early Dynastic (~2900–2340 BCE) | Ebla]; RSP466 [Early Dynastic (~2900–2340 BCE) | Presargonic Lagash]; SLLHA208 [Standard Babylonian (any period) | Akkado-Babylonian]
U+12032,ANŠE,LAK240,𒀲,Type_3,ANSE_v1,,,,,GCSL119 [Gudea period (~2100 BCE) | Lagash / Girsu]; LAK253 [Uruk IV–III (~3400–3000 BCE) | Archaic / Uruk]; ABZL292 [Old Babylonian (~2000–1600 BCE) | School texts]; BAU161a [Early Dynastic (~2900–2340 BCE) | Lagash]; BAU161c [Early Dynastic (~2900–2340 BCE) | Lagash]; ELLES140 [Early Dynastic (~2900–2340 BCE) | Ebla]; GCSL167 [Gudea period (~2100 BCE) | Lagash / Girsu]; HZL302 [Hittite period (~1650–1180 BCE) | Hittite]; KWU460 [Ur III (~2112–2004 BCE) | Administrative]; MZL353 [Standard Babylonian (any period) | Akkado-Babylonian]; PTACE134 [Early Dynastic (~2900–2340 BCE) | Ebla]; RSP466 [Early Dynastic (~2900–2340 BCE) | Presargonic Lagash]; SLLHA208 [Standard Babylonian (any period) | Akkado-Babylonian]
U+12032,ANŠE,LAK248@g,𒀲,Type_3,ANSE_v1,,,,,LAK253 [Uruk IV–III (~3400–3000 BCE) | Archaic / Uruk]; ABZL292 [Old Babylonian (~2000–1600 BCE) | School texts]; BAU161a [Early Dynastic (~2900–2340 BCE) | Lagash]; BAU161c [Early Dynastic (~2900–2340 BCE) | Lagash]; ELLES140 [Early Dynastic (~2900–2340 BCE) | Ebla]; GCSL167 [Gudea period (~2100 BCE) | Lagash / Girsu]; HZL302 [Hittite period (~1650–1180 BCE) | Hittite]; KWU460 [Ur III (~2112–2004 BCE) | Administrative]; MZL353 [Standard Babylonian (any period) | Akkado-Babylonian]; PTACE134 [Early Dynastic (~2900–2340 BCE) | Ebla]; RSP466 [Early Dynastic (~2900–2340 BCE) | Presargonic Lagash]; SLLHA208 [Standard Babylonian (any period) | Akkado-Babylonian]
U+12032,ANŠE,LAK248b,𒀲,Type_3,ANSE_v1,,,,,LAK248^a [Uruk IV–III (~3400–3000 BCE) | Archaic / Uruk]; LAK253 [Uruk IV–III (~3400–3000 BCE) | Archaic / Uruk]; ABZL292 [Old Babylonian (~2000–1600 BCE) | School texts]; BAU161a [Early Dynastic (~2900–2340 BCE) | Lagash]; BAU161c [Early Dynastic (~2900–2340 BCE) | Lagash]; ELLES140 [Early Dynastic (~2900–2340 BCE) | Ebla]; GCSL167 [Gudea period (~2100 BCE) | Lagash / Girsu]; HZL302 [Hittite period (~1650–1180 BCE) | Hittite]; KWU460 [Ur III (~2112–2004 BCE) | Administrative]; MZL353 [Standard Babylonian (any period) | Akkado-Babylonian]; PTACE134 [Early Dynastic (~2900–2340 BCE) | Ebla]; RSP466 [Early Dynastic (~2900–2340 BCE) | Presargonic Lagash]; SLLHA208 [Standard Babylonian (any period) | Akkado-Babylonian]
U+1210F,ANŠE,|GIR₃×PA|,𒄏,Type_1,ANSE_v2,,,,,LAK255 [Uruk IV–III (~3400–3000 BCE) | Archaic / Uruk]; ABZL292 [Old Babylonian (~2000–1600 BCE) | School texts]; LAK253 [Uruk IV–III (~3400–3000 BCE) | Archaic / Uruk]; BAU161a [Early Dynastic (~2900–2340 BCE) | Lagash]; BAU161c [Early Dynastic (~2900–2340 BCE) | Lagash]; ELLES140 [Early Dynastic (~2900–2340 BCE) | Ebla]; GCSL167 [Gudea period (~2100 BCE) | Lagash / Girsu]; HZL302 [Hittite period (~1650–1180 BCE) | Hittite]; KWU460 [Ur III (~2112–2004 BCE) | Administrative]; MZL353 [Standard Babylonian (any period) | Akkado-Babylonian]; PTACE134 [Early Dynastic (~2900–2340 BCE) | Ebla]; RSP466 [Early Dynastic (~2900–2340 BCE) | Presargonic Lagash]; SLLHA208 [Standard Babylonian (any period) | Akkado-Babylonian]
U+12034,|ANŠE.ARAD|,|ARAD.ANŠE|,𒀴,Type_2,compound,|ARAD.ANŠE|,1,𒀴𒀲,U+12034; U+12032,
U+12032,|ANŠE.ARAD|,|ARAD.ANŠE|,𒀲,Type_2,compound,|ARAD.ANŠE|,2,𒀴𒀲,U+12034; U+12032,
X,|ANŠE.ARAD|,|LAK248@g.ARAD|,,Type_2,compound,|LAK248@g.ARAD|,1,X𒀴,X; U+12034,
U+12034,|ANŠE.ARAD|,|LAK248@g.ARAD|,𒀴,Type_2,compound,|LAK248@g.ARAD|,2,X𒀴,X; U+12034,
U+12032,|ANŠE.ARAD|,|ANŠE.ARAD×KUR|,𒀲,Type_2,compound,|ANŠE.ARAD×KUR|,1,𒀲𒀵,U+12032; U+12035,
U+12035,|ANŠE.ARAD|,|ANŠE.ARAD×KUR|,𒀵,Type_2,compound,|ANŠE.ARAD×KUR|,2,𒀲𒀵,U+12032; U+12035,
U+12032,|ANŠE.IGI.EŠ₂|,|ANŠE.IGI|,𒀲,Type_2,compound,|ANŠE.IGI|,1,𒀲𒅆,U+12032; U+12146,
U+12146,|ANŠE.IGI.EŠ₂|,|ANŠE.IGI|,𒅆,Type_2,compound,|ANŠE.IGI|,2,𒀲𒅆,U+12032; U+12146,
U+12032,|ANŠE.IGI.EŠ₂|,|ANŠE.IGI.DIB|,𒀲,Type_2,compound,|ANŠE.IGI.DIB|,1,𒀲𒅇,U+12032; U+12147,
U+12147,|ANŠE.IGI.EŠ₂|,|ANŠE.IGI.DIB|,𒅇,Type_2,compound,|ANŠE.IGI.DIB|,2,𒀲𒅇,U+12032; U+12147,
,|ANŠE.IGI.EŠ₂|,|IGI.EŠ₂|,𒀲𒅆𒂠,Type_3,ANSEIGIE_v1,,,,,LAK434 [Uruk IV–III (~3400–3000 BCE) | Archaic / Uruk]; BAU244 [Early Dynastic (~2900–2340 BCE) | Lagash]; PTACE204 [Early Dynastic (~2900–2340 BCE) | Ebla]
U+12032,|ANŠE.KUR.RA|,|ANŠE.KUR|,𒀲,Type_2,compound,|ANŠE.KUR|,1,𒀲𒆳,U+12032; U+121B3,
U+121B3,|ANŠE.KUR.RA|,|ANŠE.KUR|,𒆳,Type_2,compound,|ANŠE.KUR|,2,𒀲𒆳,U+12032; U+121B3,
U+12032,|ANŠE.SAL|,|ANŠE×SAL|,𒀲,Type_2,compound,|ANŠE×SAL|,1,𒀲𒍑,U+12032; U+12351,LAK254 [Uruk IV–III (~3400–3000 BCE) | Archaic / Uruk]
U+12351,|ANŠE.SAL|,|ANŠE×SAL|,𒍑,Type_2,compound,|ANŠE×SAL|,2,𒀲𒍑,U+12032; U+12351,LAK254 [Uruk IV–III (~3400–3000 BCE) | Archaic / Uruk]
U+121AA,|ARAD.KU|,|KU.ARAD|,𒆪,Type_2,compound,|KU.ARAD|,1,𒆪𒀴,U+121AA; U+12034,
U+12034,|ARAD.KU|,|KU.ARAD|,𒀴,Type_2,compound,|KU.ARAD|,2,𒆪𒀴,U+121AA; U+12034,
U+12038,AŠ,AŠ@c@90,𒀸,Type_3,AS_v1,,,,,LAK001 [Uruk IV–III (~3400–3000 BCE) | Archaic / Uruk]; LAK820^b [Uruk IV–III (~3400–3000 BCE) | Archaic / Uruk]; LAK839^b [Uruk IV–III (~3400–3000 BCE) | Archaic / Uruk]; LAK855^b [Uruk IV–III (~3400–3000 BCE) | Archaic / Uruk]; ASY001 [Standard Babylonian (any period) | Akkadian syllabary]; ABZL001 [Old Babylonian (~2000–1600 BCE) | School texts]; BAU001 [Early Dynastic (~2900–2340 BCE) | Lagash]; ELLES001 [Early Dynastic (~2900–2340 BCE) | Ebla]; GCSL001 [Gudea period (~2100 BCE) | Lagash / Girsu]; HZL001 [Hittite period (~1650–1180 BCE) | Hittite]; MZL001 [Standard Babylonian (any period) | Akkado-Babylonian]; PTACE001 [Early Dynastic (~2900–2340 BCE) | Ebla]; RSP001 [Early Dynastic (~2900–2340 BCE) | Presargonic Lagash]; SLLHA001 [Standard Babylonian (any period) | Akkado-Babylonian]; SYA001 [Standard Babylonian (any period) | Akkadian syllabary]; RSP024 [Early Dynastic (~2900–2340 BCE) | Presargonic Lagash]
U+12038,AŠ,AŠ@c@v,𒀸,Type_3,AS_v1,,,,,LAK001 [Uruk IV–III (~3400–3000 BCE) | Archaic / Uruk]; LAK820^b [Uruk IV–III (~3400–3000 BCE) | Archaic / Uruk]; LAK839^b [Uruk IV–III (~3400–3000 BCE) | Archaic / Uruk]; LAK855^b [Uruk IV–III (~3400–3000 BCE) | Archaic / Uruk]; ASY001 [Standard Babylonian (any period) | Akkadian syllabary]; ABZL001 [Old Babylonian (~2000–1600 BCE) | School texts]; BAU001 [Early Dynastic (~2900–2340 BCE) | Lagash]; ELLES001 [Early Dynastic (~2900–2340 BCE) | Ebla]; GCSL001 [Gudea period (~2100 BCE) | Lagash / Girsu]; HZL001 [Hittite period (~1650–1180 BCE) | Hittite]; MZL001 [Standard Babylonian (any period) | Akkado-Babylonian]; PTACE001 [Early Dynastic (~2900–2340 BCE) | Ebla]; RSP001 [Early Dynastic (~2900–2340 BCE) | Presargonic Lagash]; SLLHA001 [Standard Babylonian (any period) | Akkado-Babylonian]; SYA001 [Standard Babylonian (any period) | Akkadian syllabary]; RSP024 [Early Dynastic (~2900–2340 BCE) | Presargonic Lagash]
U+12038,AŠ,AŠ@v,𒀸,Type_3,AS_v1,,,,,LAK001 [Uruk IV–III (~3400–3000 BCE) | Archaic / Uruk]; LAK820^b [Uruk IV–III (~3400–3000 BCE) | Archaic / Uruk]; LAK839^b [Uruk IV–III (~3400–3000 BCE) | Archaic / Uruk]; LAK855^b [Uruk IV–III (~3400–3000 BCE) | Archaic / Uruk]; ASY001 [Standard Babylonian (any period) | Akkadian syllabary]; ABZL001 [Old Babylonian (~2000–1600 BCE) | School texts]; BAU001 [Early Dynastic (~2900–2340 BCE) | Lagash]; ELLES001 [Early Dynastic (~2900–2340 BCE) | Ebla]; GCSL001 [Gudea period (~2100 BCE) | Lagash / Girsu]; HZL001 [Hittite period (~1650–1180 BCE) | Hittite]; MZL001 [Standard Babylonian (any period) | Akkado-Babylonian]; PTACE001 [Early Dynastic (~2900–2340 BCE) | Ebla]; RSP001 [Early Dynastic (~2900–2340 BCE) | Presargonic Lagash]; SLLHA001 [Standard Babylonian (any period) | Akkado-Babylonian]; SYA001 [Standard Babylonian (any period) | Akkadian syllabary]; RSP024 [Early Dynastic (~2900–2340 BCE) | Presargonic Lagash]
U+1203C,|AŠ&AŠ&AŠ|,|AŠ@z&AŠ@z&AŠ@z|,𒀼,Type_2,compound,|AŠ@z&AŠ@z&AŠ@z|,1,𒀼𒀸,U+1203C; U+12038,LAK133 [Uruk IV–III (~3400–3000 BCE) | Archaic / Uruk]; BAU084 [Early Dynastic (~2900–2340 BCE) | Lagash]; MZL505 [Standard Babylonian (any period) | Akkado-Babylonian]; SLLHA325a [Standard Babylonian (any period) | Akkado-Babylonian]
U+12038,|AŠ&AŠ&AŠ|,|AŠ@z&AŠ@z&AŠ@z|,𒀸,Type_2,compound,|AŠ@z&AŠ@z&AŠ@z|,2,𒀼𒀸,U+1203C; U+12038,LAK133 [Uruk IV–III (~3400–3000 BCE) | Archaic / Uruk]; BAU084 [Early Dynastic (~2900–2340 BCE) | Lagash]; MZL505 [Standard Babylonian (any period) | Akkado-Babylonian]; SLLHA325a [Standard Babylonian (any period) | Akkado-Babylonian]
U+12313,|BAD.UD|,|UD.BAD|,𒌓,Type_2,compound,|UD.BAD|,1,𒌓𒁁,U+12313; U+12041,
U+12041,|BAD.UD|,|UD.BAD|,𒁁,Type_2,compound,|UD.BAD|,2,𒌓𒁁,U+12313; U+12041,
U+F0085,|BAD.X|,|BAD&BAD.X|,,Type_2,compound,|BAD&BAD.X|,1,󰂅x,U+F0085; O,
O,|BAD.X|,|BAD&BAD.X|,,Type_2,compound,|BAD&BAD.X|,2,󰂅x,U+F0085; O,
U+12081,BAHAR₂,|DUG.LIŠ.BUR|,𒂁,Type_2,compound,|DUG.LIŠ.BUR|,1,𒂁𒇺𒁓,U+12081; U+121FA; U+12053,LAK742 [Uruk IV–III (~3400–3000 BCE) | Archaic / Uruk]; ABZL086 [Old Babylonian (~2000–1600 BCE) | School texts]; BAU370 [Early Dynastic (~2900–2340 BCE) | Lagash]; ELLES364 [Early Dynastic (~2900–2340 BCE) | Ebla]; RSP433 [Early Dynastic (~2900–2340 BCE) | Presargonic Lagash]; PTACE292 [Early Dynastic (~2900–2340 BCE) | Ebla]
U+121FA,BAHAR₂,|DUG.LIŠ.BUR|,𒇺,Type_2,compound,|DUG.LIŠ.BUR|,2,𒂁𒇺𒁓,U+12081; U+121FA; U+12053,LAK742 [Uruk IV–III (~3400–3000 BCE) | Archaic / Uruk]; ABZL086 [Old Babylonian (~2000–1600 BCE) | School texts]; BAU370 [Early Dynastic (~2900–2340 BCE) | Lagash]; ELLES364 [Early Dynastic (~2900–2340 BCE) | Ebla]; RSP433 [Early Dynastic (~2900–2340 BCE) | Presargonic Lagash]; PTACE292 [Early Dynastic (~2900–2340 BCE) | Ebla]
U+12053,BAHAR₂,|DUG.LIŠ.BUR|,𒁓,Type_2,compound,|DUG.LIŠ.BUR|,3,𒂁𒇺𒁓,U+12081; U+121FA; U+12053,LAK742 [Uruk IV–III (~3400–3000 BCE) | Archaic / Uruk]; ABZL086 [Old Babylonian (~2000–1600 BCE) | School texts]; BAU370 [Early Dynastic (~2900–2340 BCE) | Lagash]; ELLES364 [Early Dynastic (~2900–2340 BCE) | Ebla]; RSP433 [Early Dynastic (~2900–2340 BCE) | Presargonic Lagash]; PTACE292 [Early Dynastic (~2900–2340 BCE) | Ebla]
U+12081,BAHAR₂,|DUG.SILA₃.BUR|,𒂁,Type_2,compound,|DUG.SILA₃.BUR|,1,𒂁𒋡𒁓,U+12081; U+122E1; U+12053,LAK742 [Uruk IV–III (~3400–3000 BCE) | Archaic / Uruk]; ABZL086 [Old Babylonian (~2000–1600 BCE) | School texts]; BAU370 [Early Dynastic (~2900–2340 BCE) | Lagash]; ELLES364 [Early Dynastic (~2900–2340 BCE) | Ebla]; RSP433 [Early Dynastic (~2900–2340 BCE) | Presargonic Lagash]; PTACE292 [Early Dynastic (~2900–2340 BCE) | Ebla]
U+122E1,BAHAR₂,|DUG.SILA₃.BUR|,𒋡,Type_2,compound,|DUG.SILA₃.BUR|,2,𒂁𒋡𒁓,U+12081; U+122E1; U+12053,LAK742 [Uruk IV–III (~3400–3000 BCE) | Archaic / Uruk]; ABZL086 [Old Babylonian (~2000–1600 BCE) | School texts]; BAU370 [Early Dynastic (~2900–2340 BCE) | Lagash]; ELLES364 [Early Dynastic (~2900–2340 BCE) | Ebla]; RSP433 [Early Dynastic (~2900–2340 BCE) | Presargonic Lagash]; PTACE292 [Early Dynastic (~2900–2340 BCE) | Ebla]
U+12053,BAHAR₂,|DUG.SILA₃.BUR|,𒁓,Type_2,compound,|DUG.SILA₃.BUR|,3,𒂁𒋡𒁓,U+12081; U+122E1; U+12053,LAK742 [Uruk IV–III (~3400–3000 BCE) | Archaic / Uruk]; ABZL086 [Old Babylonian (~2000–1600 BCE) | School texts]; BAU370 [Early Dynastic (~2900–2340 BCE) | Lagash]; ELLES364 [Early Dynastic (~2900–2340 BCE) | Ebla]; RSP433 [Early Dynastic (~2900–2340 BCE) | Presargonic Lagash]; PTACE292 [Early Dynastic (~2900–2340 BCE) | Ebla]
U+12043,BAHAR₂,EDIN,𒁃,Type_3,BAHAR_v1,,,,,LAK747 [Uruk IV–III (~3400–3000 BCE) | Archaic / Uruk]; ASY118 [Standard Babylonian (any period) | Akkadian syllabary]; ELLES365 [Early Dynastic (~2900–2340 BCE) | Ebla]; GCSL306 [Gudea period (~2100 BCE) | Lagash / Girsu]; PTACE293 [Early Dynastic (~2900–2340 BCE) | Ebla]; RSP433 [Early Dynastic (~2900–2340 BCE) | Presargonic Lagash]; RSP435 [Early Dynastic (~2900–2340 BCE) | Presargonic Lagash]; LAK742 [Uruk IV–III (~3400–3000 BCE) | Archaic / Uruk]; ABZL086 [Old Babylonian (~2000–1600 BCE) | School texts]; BAU370 [Early Dynastic (~2900–2340 BCE) | Lagash]; ELLES364 [Early Dynastic (~2900–2340 BCE) | Ebla]; PTACE292 [Early Dynastic (~2900–2340 BCE) | Ebla]
U+12047,BAR,AŠ,𒁇,Type_3,BAR_v1,,,,,LAK001 [Uruk IV–III (~3400–3000 BCE) | Archaic / Uruk]; LAK820^b [Uruk IV–III (~3400–3000 BCE) | Archaic / Uruk]; LAK839^b [Uruk IV–III (~3400–3000 BCE) | Archaic / Uruk]; LAK855^b [Uruk IV–III (~3400–3000 BCE) | Archaic / Uruk]; ASY001 [Standard Babylonian (any period) | Akkadian syllabary]; ABZL001 [Old Babylonian (~2000–1600 BCE) | School texts]; BAU001 [Early Dynastic (~2900–2340 BCE) | Lagash]; ELLES001 [Early Dynastic (~2900–2340 BCE) | Ebla]; GCSL001 [Gudea period (~2100 BCE) | Lagash / Girsu]; HZL001 [Hittite period (~1650–1180 BCE) | Hittite]; MZL001 [Standard Babylonian (any period) | Akkado-Babylonian]; PTACE001 [Early Dynastic (~2900–2340 BCE) | Ebla]; RSP001 [Early Dynastic (~2900–2340 BCE) | Presargonic Lagash]; SLLHA001 [Standard Babylonian (any period) | Akkado-Babylonian]; LAK752 [Uruk IV–III (~3400–3000 BCE) | Archaic / Uruk]; ASY048 [Standard Babylonian (any period) | Akkadian syllabary]; ABZL057 [Old Babylonian (~2000–1600 BCE) | School texts]; BAU252 [Early Dynastic (~2900–2340 BCE) | Lagash]; ELLES367 [Early Dynastic (~2900–2340 BCE) | Ebla]; GCSL308 [Gudea period (~2100 BCE) | Lagash / Girsu]; HZL020 [Hittite period (~1650–1180 BCE) | Hittite]; KWU671 [Ur III (~2112–2004 BCE) | Administrative]; MZL121 [Standard Babylonian (any period) | Akkado-Babylonian]; PTACE306 [Early Dynastic (~2900–2340 BCE) | Ebla]; RSP044 [Early Dynastic (~2900–2340 BCE) | Presargonic Lagash]; SLLHA074 [Standard Babylonian (any period) | Akkado-Babylonian]; SYA041 [Standard Babylonian (any period) | Akkadian syllabary]
U+1202F,|BAR.AN|,|3×AN|,𒀯,Type_1,BARAN_v1,,,,,LAK010 [Uruk IV–III (~3400–3000 BCE) | Archaic / Uruk]; ASY095 [Standard Babylonian (any period) | Akkadian syllabary]; BAU008 [Early Dynastic (~2900–2340 BCE) | Lagash]; ELLES006bis [Early Dynastic (~2900–2340 BCE) | Ebla]; GCSL051 [Gudea period (~2100 BCE) | Lagash / Girsu]; KWU025 [Ur III (~2112–2004 BCE) | Administrative]; MZL247 [Standard Babylonian (any period) | Akkado-Babylonian]; PTACE009 [Early Dynastic (~2900–2340 BCE) | Ebla]; RSP082 [Early Dynastic (~2900–2340 BCE) | Presargonic Lagash]; MZL123 [Standard Babylonian (any period) | Akkado-Babylonian]; SLLHA074_182 [Standard Babylonian (any period) | Akkado-Babylonian]
,|BAR.AN|,|BAR×AN|,𒁇𒀭,Type_3,BARAN_v1,,,,,LAK753 [Uruk IV–III (~3400–3000 BCE) | Archaic / Uruk]; KWU674 [Ur III (~2112–2004 BCE) | Administrative]; PTACE307 [Early Dynastic (~2900–2340 BCE) | Ebla]; MZL123 [Standard Babylonian (any period) | Akkado-Babylonian]; SLLHA074_182 [Standard Babylonian (any period) | Akkado-Babylonian]
U+122D9,|BAR.AN|,|ŠU₂.AN|,𒋙,Type_2,compound,|ŠU₂.AN|,1,𒋙𒀭,U+122D9; U+1202D,LAK356 [Uruk IV–III (~3400–3000 BCE) | Archaic / Uruk]; MZL870 [Standard Babylonian (any period) | Akkado-Babylonian]; SLLHA546 [Standard Babylonian (any period) | Akkado-Babylonian]; MZL123 [Standard Babylonian (any period) | Akkado-Babylonian]; SLLHA074_182 [Standard Babylonian (any period) | Akkado-Babylonian]
U+1202D,|BAR.AN|,|ŠU₂.AN|,𒀭,Type_2,compound,|ŠU₂.AN|,2,𒋙𒀭,U+122D9; U+1202D,LAK356 [Uruk IV–III (~3400–3000 BCE) | Archaic / Uruk]; MZL870 [Standard Babylonian (any period) | Akkado-Babylonian]; SLLHA546 [Standard Babylonian (any period) | Akkado-Babylonian]; MZL123 [Standard Babylonian (any period) | Akkado-Babylonian]; SLLHA074_182 [Standard Babylonian (any period) | Akkado-Babylonian]
U+12047,|BAR.EDIN|,|BAR.BAHAR₂|,𒁇,Type_2,compound,|BAR.BAHAR₂|,1,𒁇𒁃,U+12047; U+12043,
U+12043,|BAR.EDIN|,|BAR.BAHAR₂|,𒁃,Type_2,compound,|BAR.BAHAR₂|,2,𒁇𒁃,U+12047; U+12043,
U+12047,|BAR.EDIN|,|BAR.GUD|,𒁇,Type_2,compound,|BAR.GUD|,1,𒁇𒄞,U+12047; U+1211E,
U+1211E,|BAR.EDIN|,|BAR.GUD|,𒄞,Type_2,compound,|BAR.GUD|,2,𒁇𒄞,U+12047; U+1211E,
U+1211E,|BAR.EDIN|,|GUD.BAR|,𒄞,Type_2,compound,|GUD.BAR|,1,𒄞𒁇,U+1211E; U+12047,
U+12047,|BAR.EDIN|,|GUD.BAR|,𒁇,Type_2,compound,|GUD.BAR|,2,𒄞𒁇,U+1211E; U+12047,
,|BAR×TAB|,BAR@g,,Type_3,BARTAB_v1,,,,,LAK131 [Uruk IV–III (~3400–3000 BCE) | Archaic / Uruk]
U+12049,|BI.A.SUD|,|BI.SUD.A|,𒁉,Type_2,compound,|BI.SUD.A|,1,𒁉𒋤𒀀,U+12049; U+122E4; U+12000,
U+122E4,|BI.A.SUD|,|BI.SUD.A|,𒋤,Type_2,compound,|BI.SUD.A|,2,𒁉𒋤𒀀,U+12049; U+122E4; U+12000,
U+12000,|BI.A.SUD|,|BI.SUD.A|,𒀀,Type_2,compound,|BI.SUD.A|,3,𒁉𒋤𒀀,U+12049; U+122E4; U+12000,
U+12049,|BI.A.SUD|,|BI.UD.SUD|,𒁉,Type_2,compound,|BI.UD.SUD|,1,𒁉𒌓𒋤,U+12049; U+12313; U+122E4,
U+12313,|BI.A.SUD|,|BI.UD.SUD|,𒌓,Type_2,compound,|BI.UD.SUD|,2,𒁉𒌓𒋤,U+12049; U+12313; U+122E4,
U+122E4,|BI.A.SUD|,|BI.UD.SUD|,𒋤,Type_2,compound,|BI.UD.SUD|,3,𒁉𒌓𒋤,U+12049; U+12313; U+122E4,
U+12050,|BU&BU.AB|,|BU%BU.AB|,𒁐,Type_2,compound,|BU%BU.AB|,1,𒁐𒀊,U+12050; U+1200A,ABZL275 [Old Babylonian (~2000–1600 BCE) | School texts]; MZL582 [Standard Babylonian (any period) | Akkado-Babylonian]; SLLHA371a [Standard Babylonian (any period) | Akkado-Babylonian]
U+1200A,|BU&BU.AB|,|BU%BU.AB|,𒀊,Type_2,compound,|BU%BU.AB|,2,𒁐𒀊,U+12050; U+1200A,ABZL275 [Old Babylonian (~2000–1600 BCE) | School texts]; MZL582 [Standard Babylonian (any period) | Akkado-Babylonian]; SLLHA371a [Standard Babylonian (any period) | Akkado-Babylonian]
U+1204E,|BU&BU.AB|,|(BU%BU)×AB|,𒁎,Type_3,BUBUAB_v1,,,,,ABZL275 [Old Babylonian (~2000–1600 BCE) | School texts]; MZL582 [Standard Babylonian (any period) | Akkado-Babylonian]; SLLHA371a [Standard Babylonian (any period) | Akkado-Babylonian]
U+12238,|BU&BU.AB|,|MUŠ%MUŠ.AB|,𒈸,Type_2,compound,|MUŠ%MUŠ.AB|,1,𒈸𒀊,U+12238; U+1200A,ABZL275 [Old Babylonian (~2000–1600 BCE) | School texts]; MZL582 [Standard Babylonian (any period) | Akkado-Babylonian]; SLLHA371a [Standard Babylonian (any period) | Akkado-Babylonian]
U+1200A,|BU&BU.AB|,|MUŠ%MUŠ.AB|,𒀊,Type_2,compound,|MUŠ%MUŠ.AB|,2,𒈸𒀊,U+12238; U+1200A,ABZL275 [Old Babylonian (~2000–1600 BCE) | School texts]; MZL582 [Standard Babylonian (any period) | Akkado-Babylonian]; SLLHA371a [Standard Babylonian (any period) | Akkado-Babylonian]
U+1204E,|BU&BU.AB|,|(MUŠ%MUŠ)×AB|,𒁎,Type_3,BUBUAB_v1,,,,,ABZL275 [Old Babylonian (~2000–1600 BCE) | School texts]; MZL582 [Standard Babylonian (any period) | Akkado-Babylonian]; SLLHA371a [Standard Babylonian (any period) | Akkado-Babylonian]
X,|BU&BU.AB|,|SUD&SUD.AB|,,Type_2,compound,|SUD&SUD.AB|,1,X𒀊,X; U+1200A,ABZL275 [Old Babylonian (~2000–1600 BCE) | School texts]; MZL582 [Standard Babylonian (any period) | Akkado-Babylonian]; SLLHA371a [Standard Babylonian (any period) | Akkado-Babylonian]
U+1200A,|BU&BU.AB|,|SUD&SUD.AB|,𒀊,Type_2,compound,|SUD&SUD.AB|,2,X𒀊,X; U+1200A,ABZL275 [Old Babylonian (~2000–1600 BCE) | School texts]; MZL582 [Standard Babylonian (any period) | Akkado-Babylonian]; SLLHA371a [Standard Babylonian (any period) | Akkado-Babylonian]
X,|BU&BU.KALAM@g|,|BU@90.BU.KALAM@g|,,Type_2,compound,|BU@90.BU.KALAM@g|,1,X𒁍𒌦,X; U+1204D; U+12326,
U+1204D,|BU&BU.KALAM@g|,|BU@90.BU.KALAM@g|,𒁍,Type_2,compound,|BU@90.BU.KALAM@g|,2,X𒁍𒌦,X; U+1204D; U+12326,
U+12326,|BU&BU.KALAM@g|,|BU@90.BU.KALAM@g|,𒌦,Type_2,compound,|BU@90.BU.KALAM@g|,3,X𒁍𒌦,X; U+1204D; U+12326,
U+12487,|(BU&BU)×NA₂|,|(BU&BU)×NA₂.A|,𒒇,Type_2,compound,|(BU&BU)×NA₂.A|,1,𒒇𒀀,U+12487; U+12000,ZATU058 [Uruk IV–III (~3400–3000 BCE) | Archaic / Uruk]
U+12000,|(BU&BU)×NA₂|,|(BU&BU)×NA₂.A|,𒀀,Type_2,compound,|(BU&BU)×NA₂.A|,2,𒒇𒀀,U+12487; U+12000,ZATU058 [Uruk IV–III (~3400–3000 BCE) | Archaic / Uruk]
X,|(BU&BU)×NA₂|,|BU@90.BU.NA₂|,,Type_2,compound,|BU@90.BU.NA₂|,1,X𒁍𒈿,X; U+1204D; U+1223F,ZATU058 [Uruk IV–III (~3400–3000 BCE) | Archaic / Uruk]
U+1204D,|(BU&BU)×NA₂|,|BU@90.BU.NA₂|,𒁍,Type_2,compound,|BU@90.BU.NA₂|,2,X𒁍𒈿,X; U+1204D; U+1223F,ZATU058 [Uruk IV–III (~3400–3000 BCE) | Archaic / Uruk]
U+1223F,|(BU&BU)×NA₂|,|BU@90.BU.NA₂|,𒈿,Type_2,compound,|BU@90.BU.NA₂|,3,X𒁍𒈿,X; U+1204D; U+1223F,ZATU058 [Uruk IV–III (~3400–3000 BCE) | Archaic / Uruk]
U+12050,|BU%BU|,|BU&BU|,𒁐,Type_3,BUBU_v1,,,,,MZL581 [Standard Babylonian (any period) | Akkado-Babylonian]; SLLHA371n3 [Standard Babylonian (any period) | Akkado-Babylonian]
U+12054,BUR₂,BUR₂@v,𒁔,Type_3,BUR_v1,,,,,LAK052 [Uruk IV–III (~3400–3000 BCE) | Archaic / Uruk]; ASY010 [Standard Babylonian (any period) | Akkadian syllabary]; ABZL013 [Old Babylonian (~2000–1600 BCE) | School texts]; BAU054 [Early Dynastic (~2900–2340 BCE) | Lagash]; BAU056 [Early Dynastic (~2900–2340 BCE) | Lagash]; ELLES030 [Early Dynastic (~2900–2340 BCE) | Ebla]; GCSL022 [Gudea period (~2100 BCE) | Lagash / Girsu]; KWU088 [Ur III (~2112–2004 BCE) | Administrative]; MZL008 [Standard Babylonian (any period) | Akkado-Babylonian]; PTACE061 [Early Dynastic (~2900–2340 BCE) | Ebla]; RSP088 [Early Dynastic (~2900–2340 BCE) | Presargonic Lagash]; SLLHA011 [Standard Babylonian (any period) | Akkado-Babylonian]; SYA010 [Standard Babylonian (any period) | Akkadian syllabary]
U+1222E,BUR₂,|MUG.MUG|,𒈮,Type_2,compound,|MUG.MUG|,1,𒈮𒈮,U+1222E; U+1222E,LAK052 [Uruk IV–III (~3400–3000 BCE) | Archaic / Uruk]; ASY010 [Standard Babylonian (any period) | Akkadian syllabary]; ABZL013 [Old Babylonian (~2000–1600 BCE) | School texts]; BAU054 [Early Dynastic (~2900–2340 BCE) | Lagash]; BAU056 [Early Dynastic (~2900–2340 BCE) | Lagash]; ELLES030 [Early Dynastic (~2900–2340 BCE) | Ebla]; GCSL022 [Gudea period (~2100 BCE) | Lagash / Girsu]; KWU088 [Ur III (~2112–2004 BCE) | Administrative]; MZL008 [Standard Babylonian (any period) | Akkado-Babylonian]; PTACE061 [Early Dynastic (~2900–2340 BCE) | Ebla]; RSP088 [Early Dynastic (~2900–2340 BCE) | Presargonic Lagash]; SLLHA011 [Standard Babylonian (any period) | Akkado-Babylonian]; SYA010 [Standard Babylonian (any period) | Akkadian syllabary]
U+1222E,BUR₂,|MUG.MUG|,𒈮,Type_2,compound,|MUG.MUG|,2,𒈮𒈮,U+1222E; U+1222E,LAK052 [Uruk IV–III (~3400–3000 BCE) | Archaic / Uruk]; ASY010 [Standard Babylonian (any period) | Akkadian syllabary]; ABZL013 [Old Babylonian (~2000–1600 BCE) | School texts]; BAU054 [Early Dynastic (~2900–2340 BCE) | Lagash]; BAU056 [Early Dynastic (~2900–2340 BCE) | Lagash]; ELLES030 [Early Dynastic (~2900–2340 BCE) | Ebla]; GCSL022 [Gudea period (~2100 BCE) | Lagash / Girsu]; KWU088 [Ur III (~2112–2004 BCE) | Administrative]; MZL008 [Standard Babylonian (any period) | Akkado-Babylonian]; PTACE061 [Early Dynastic (~2900–2340 BCE) | Ebla]; RSP088 [Early Dynastic (~2900–2340 BCE) | Presargonic Lagash]; SLLHA011 [Standard Babylonian (any period) | Akkado-Babylonian]; SYA010 [Standard Babylonian (any period) | Akkadian syllabary]
U+12137,BURU₅,|HU.ERIN₂|,𒄷,Type_2,compound,|HU.ERIN₂|,1,𒄷𒂟,U+12137; U+1209F,LAK072^b [Uruk IV–III (~3400–3000 BCE) | Archaic / Uruk]; ASY054a [Standard Babylonian (any period) | Akkadian syllabary]; ABZL043 [Old Babylonian (~2000–1600 BCE) | School texts]; ELLES044 [Early Dynastic (~2900–2340 BCE) | Ebla]; GCSL039 [Gudea period (~2100 BCE) | Lagash / Girsu]; MZL135 [Standard Babylonian (any period) | Akkado-Babylonian]; RSP414 [Early Dynastic (~2900–2340 BCE) | Presargonic Lagash]
U+1209F,BURU₅,|HU.ERIN₂|,𒂟,Type_2,compound,|HU.ERIN₂|,2,𒄷𒂟,U+12137; U+1209F,LAK072^b [Uruk IV–III (~3400–3000 BCE) | Archaic / Uruk]; ASY054a [Standard Babylonian (any period) | Akkadian syllabary]; ABZL043 [Old Babylonian (~2000–1600 BCE) | School texts]; ELLES044 [Early Dynastic (~2900–2340 BCE) | Ebla]; GCSL039 [Gudea period (~2100 BCE) | Lagash / Girsu]; MZL135 [Standard Babylonian (any period) | Akkado-Babylonian]; RSP414 [Early Dynastic (~2900–2340 BCE) | Presargonic Lagash]
U+12137,BURU₅,|HU.ŠE.ERIN₂|,𒄷,Type_2,compound,|HU.ŠE.ERIN₂|,1,𒄷𒊺𒂟,U+12137; U+122BA; U+1209F,LAK072^b [Uruk IV–III (~3400–3000 BCE) | Archaic / Uruk]; ASY054a [Standard Babylonian (any period) | Akkadian syllabary]; ABZL043 [Old Babylonian (~2000–1600 BCE) | School texts]; ELLES044 [Early Dynastic (~2900–2340 BCE) | Ebla]; GCSL039 [Gudea period (~2100 BCE) | Lagash / Girsu]; MZL135 [Standard Babylonian (any period) | Akkado-Babylonian]; RSP414 [Early Dynastic (~2900–2340 BCE) | Presargonic Lagash]
U+122BA,BURU₅,|HU.ŠE.ERIN₂|,𒊺,Type_2,compound,|HU.ŠE.ERIN₂|,2,𒄷𒊺𒂟,U+12137; U+122BA; U+1209F,LAK072^b [Uruk IV–III (~3400–3000 BCE) | Archaic / Uruk]; ASY054a [Standard Babylonian (any period) | Akkadian syllabary]; ABZL043 [Old Babylonian (~2000–1600 BCE) | School texts]; ELLES044 [Early Dynastic (~2900–2340 BCE) | Ebla]; GCSL039 [Gudea period (~2100 BCE) | Lagash / Girsu]; MZL135 [Standard Babylonian (any period) | Akkado-Babylonian]; RSP414 [Early Dynastic (~2900–2340 BCE) | Presargonic Lagash]
U+1209F,BURU₅,|HU.ŠE.ERIN₂|,𒂟,Type_2,compound,|HU.ŠE.ERIN₂|,3,𒄷𒊺𒂟,U+12137; U+122BA; U+1209F,LAK072^b [Uruk IV–III (~3400–3000 BCE) | Archaic / Uruk]; ASY054a [Standard Babylonian (any period) | Akkadian syllabary]; ABZL043 [Old Babylonian (~2000–1600 BCE) | School texts]; ELLES044 [Early Dynastic (~2900–2340 BCE) | Ebla]; GCSL039 [Gudea period (~2100 BCE) | Lagash / Girsu]; MZL135 [Standard Babylonian (any period) | Akkado-Babylonian]; RSP414 [Early Dynastic (~2900–2340 BCE) | Presargonic Lagash]
U+12245,BURU₅,NAM,𒉅,Type_3,BURU_v1,,,,,LAK071 [Uruk IV–III (~3400–3000 BCE) | Archaic / Uruk]; ASY054 [Standard Babylonian (any period) | Akkadian syllabary]; BAU038 [Early Dynastic (~2900–2340 BCE) | Lagash]; ELLES043 [Early Dynastic (~2900–2340 BCE) | Ebla]; GCSL040 [Gudea period (~2100 BCE) | Lagash / Girsu]; PTACE065 [Early Dynastic (~2900–2340 BCE) | Ebla]; RSP413 [Early Dynastic (~2900–2340 BCE) | Presargonic Lagash]; LAK072^b [Uruk IV–III (~3400–3000 BCE) | Archaic / Uruk]; ASY054a [Standard Babylonian (any period) | Akkadian syllabary]; ABZL043 [Old Babylonian (~2000–1600 BCE) | School texts]; ELLES044 [Early Dynastic (~2900–2340 BCE) | Ebla]; GCSL039 [Gudea period (~2100 BCE) | Lagash / Girsu]; MZL135 [Standard Babylonian (any period) | Akkado-Babylonian]; RSP414 [Early Dynastic (~2900–2340 BCE) | Presargonic Lagash]
U+12056,DAG,LAK457,𒁖,Type_3,DAG_v1,,,,,LAK457 [Uruk IV–III (~3400–3000 BCE) | Archaic / Uruk]; LAK740 [Uruk IV–III (~3400–3000 BCE) | Archaic / Uruk]; ASY151 [Standard Babylonian (any period) | Akkadian syllabary]; ASY152 [Standard Babylonian (any period) | Akkadian syllabary]; ABZL168 [Old Babylonian (~2000–1600 BCE) | School texts]; BAU362 [Early Dynastic (~2900–2340 BCE) | Lagash]; ELLES363 [Early Dynastic (~2900–2340 BCE) | Ebla]; GCSL304 [Gudea period (~2100 BCE) | Lagash / Girsu]; KWU848 [Ur III (~2112–2004 BCE) | Administrative]; PTACE299 [Early Dynastic (~2900–2340 BCE) | Ebla]; RSP134 [Early Dynastic (~2900–2340 BCE) | Presargonic Lagash]; SYA132 [Standard Babylonian (any period) | Akkadian syllabary]; SYA133 [Standard Babylonian (any period) | Akkadian syllabary]
U+1208A,|DAG.KISIM₅×(A.MAŠ)|,|E.KISIM₅×(A.MAŠ)|,𒂊,Type_2,compound,|E.KISIM₅×(A.MAŠ)|,1,𒂊X,U+1208A; X,MZL461 [Standard Babylonian (any period) | Akkado-Babylonian]; SLLHA294b [Standard Babylonian (any period) | Akkado-Babylonian]
X,|DAG.KISIM₅×(A.MAŠ)|,|E.KISIM₅×(A.MAŠ)|,,Type_2,compound,|E.KISIM₅×(A.MAŠ)|,2,𒂊X,U+1208A; X,MZL461 [Standard Babylonian (any period) | Akkado-Babylonian]; SLLHA294b [Standard Babylonian (any period) | Akkado-Babylonian]
U+1208A,|DAG.KISIM₅×BALAG|,|E.KISIM₅×BALAG|,𒂊,Type_2,compound,|E.KISIM₅×BALAG|,1,𒂊X,U+1208A; X,MZL457 [Standard Babylonian (any period) | Akkado-Babylonian]; SLLHA292 [Standard Babylonian (any period) | Akkado-Babylonian]
X,|DAG.KISIM₅×BALAG|,|E.KISIM₅×BALAG|,,Type_2,compound,|E.KISIM₅×BALAG|,2,𒂊X,U+1208A; X,MZL457 [Standard Babylonian (any period) | Akkado-Babylonian]; SLLHA292 [Standard Babylonian (any period) | Akkado-Babylonian]
U+12056,|DAG.KISIM₅×GA|,|DAG.DAG.KISIM₅×(U₂.GIR₂)|,𒁖,Type_2,compound,|DAG.DAG.KISIM₅×(U₂.GIR₂)|,1,𒁖𒁬,U+12056; U+1206C,LAK744 [Uruk IV–III (~3400–3000 BCE) | Archaic / Uruk]; ABZL171 [Old Babylonian (~2000–1600 BCE) | School texts]
U+1206C,|DAG.KISIM₅×GA|,|DAG.DAG.KISIM₅×(U₂.GIR₂)|,𒁬,Type_2,compound,|DAG.DAG.KISIM₅×(U₂.GIR₂)|,2,𒁖𒁬,U+12056; U+1206C,LAK744 [Uruk IV–III (~3400–3000 BCE) | Archaic / Uruk]; ABZL171 [Old Babylonian (~2000–1600 BCE) | School texts]
U+1208A,|DAG.KISIM₅×GA|,|E.KISIM₅×GA|,𒂊,Type_2,compound,|E.KISIM₅×GA|,1,𒂊X,U+1208A; X,LAK744 [Uruk IV–III (~3400–3000 BCE) | Archaic / Uruk]; ABZL171 [Old Babylonian (~2000–1600 BCE) | School texts]
X,|DAG.KISIM₅×GA|,|E.KISIM₅×GA|,,Type_2,compound,|E.KISIM₅×GA|,2,𒂊X,U+1208A; X,LAK744 [Uruk IV–III (~3400–3000 BCE) | Archaic / Uruk]; ABZL171 [Old Babylonian (~2000–1600 BCE) | School texts]
U+1208A,|DAG.KISIM₅×GIR₂|,|E.KISIM₅×GIR₂|,𒂊,Type_2,compound,|E.KISIM₅×GIR₂|,1,𒂊X,U+1208A; X,ABZL172 [Old Babylonian (~2000–1600 BCE) | School texts]; MZL440 [Standard Babylonian (any period) | Akkado-Babylonian]
X,|DAG.KISIM₅×GIR₂|,|E.KISIM₅×GIR₂|,,Type_2,compound,|E.KISIM₅×GIR₂|,2,𒂊X,U+1208A; X,ABZL172 [Old Babylonian (~2000–1600 BCE) | School texts]; MZL440 [Standard Babylonian (any period) | Akkado-Babylonian]
U+1226D,|DAG.KISIM₅×KAK|,|NUNUZ.KISIM₅×KAK|,𒉭,Type_2,compound,|NUNUZ.KISIM₅×KAK|,1,𒉭X,U+1226D; X,MZL448 [Standard Babylonian (any period) | Akkado-Babylonian]
X,|DAG.KISIM₅×KAK|,|NUNUZ.KISIM₅×KAK|,,Type_2,compound,|NUNUZ.KISIM₅×KAK|,2,𒉭X,U+1226D; X,MZL448 [Standard Babylonian (any period) | Akkado-Babylonian]
U+1208A,|DAG.KISIM₅×LA|,|E.KISIM₅×LA|,𒂊,Type_2,compound,|E.KISIM₅×LA|,1,𒂊X,U+1208A; X,MZL441 [Standard Babylonian (any period) | Akkado-Babylonian]; SLLHA282 [Standard Babylonian (any period) | Akkado-Babylonian]
X,|DAG.KISIM₅×LA|,|E.KISIM₅×LA|,,Type_2,compound,|E.KISIM₅×LA|,2,𒂊X,U+1208A; X,MZL441 [Standard Babylonian (any period) | Akkado-Babylonian]; SLLHA282 [Standard Babylonian (any period) | Akkado-Babylonian]
U+12066,|DAG.KISIM₅×(LU.MAŠ₂)|,LAK388,𒁦,Type_3,DAGKISIM_v1,,,,,LAK388 [Uruk IV–III (~3400–3000 BCE) | Archaic / Uruk]; ABZL174 [Old Babylonian (~2000–1600 BCE) | School texts]; KWU893 [Ur III (~2112–2004 BCE) | Administrative]; MZL460 [Standard Babylonian (any period) | Akkado-Babylonian]; SLLHA293 [Standard Babylonian (any period) | Akkado-Babylonian]
U+12066,|DAG.KISIM₅×(LU.MAŠ₂)|,|DAG.KISIM₅×LU|,𒁦,Type_3,DAGKISIM_v1,,,,,LAK721 [Uruk IV–III (~3400–3000 BCE) | Archaic / Uruk]; RSP358 [Early Dynastic (~2900–2340 BCE) | Presargonic Lagash]; ABZL174 [Old Babylonian (~2000–1600 BCE) | School texts]; KWU893 [Ur III (~2112–2004 BCE) | Administrative]; MZL460 [Standard Babylonian (any period) | Akkado-Babylonian]; SLLHA293 [Standard Babylonian (any period) | Akkado-Babylonian]
U+1208A,|DAG.KISIM₅×TAK₄|,|E.KISIM₅×TAK₄|,𒂊,Type_2,compound,|E.KISIM₅×TAK₄|,1,𒂊X,U+1208A; X,MZL443 [Standard Babylonian (any period) | Akkado-Babylonian]; SLLHA283 [Standard Babylonian (any period) | Akkado-Babylonian]
X,|DAG.KISIM₅×TAK₄|,|E.KISIM₅×TAK₄|,,Type_2,compound,|E.KISIM₅×TAK₄|,2,𒂊X,U+1208A; X,MZL443 [Standard Babylonian (any period) | Akkado-Babylonian]; SLLHA283 [Standard Babylonian (any period) | Akkado-Babylonian]
U+1208A,|DAG.KISIM₅×(U₂.GIR₂)|,|E.KISIM₅×(U₂.GIR₂)|,𒂊,Type_2,compound,|E.KISIM₅×(U₂.GIR₂)|,1,𒂊X,U+1208A; X,ABZL170 [Old Babylonian (~2000–1600 BCE) | School texts]; MZL453 [Standard Babylonian (any period) | Akkado-Babylonian]; SLLHA290 [Standard Babylonian (any period) | Akkado-Babylonian]
X,|DAG.KISIM₅×(U₂.GIR₂)|,|E.KISIM₅×(U₂.GIR₂)|,,Type_2,compound,|E.KISIM₅×(U₂.GIR₂)|,2,𒂊X,U+1208A; X,ABZL170 [Old Babylonian (~2000–1600 BCE) | School texts]; MZL453 [Standard Babylonian (any period) | Akkado-Babylonian]; SLLHA290 [Standard Babylonian (any period) | Akkado-Babylonian]
U+1206D,|DAG.KISIM₅×UŠ|,LAK777@s,𒁭,Type_3,DAGKISIM_v1,,,,,LAK777 [Uruk IV–III (~3400–3000 BCE) | Archaic / Uruk]; ELLES380 [Early Dynastic (~2900–2340 BCE) | Ebla]; MZL449 [Standard Babylonian (any period) | Akkado-Babylonian]; SLLHA287 [Standard Babylonian (any period) | Akkado-Babylonian]
U+12071,DARA₄,DARA₄~b,𒁱,Type_3,DARA_v1,,,,,LAK670 [Uruk IV–III (~3400–3000 BCE) | Archaic / Uruk]; ABZL421 [Old Babylonian (~2000–1600 BCE) | School texts]; BAU372 [Early Dynastic (~2900–2340 BCE) | Lagash]; MZL817 [Standard Babylonian (any period) | Akkado-Babylonian]; SLLHA540 [Standard Babylonian (any period) | Akkado-Babylonian]
U+12324,DE₂,UMUM,𒌤,Type_3,DE_v1,,,,,LAK155 [Uruk IV–III (~3400–3000 BCE) | Archaic / Uruk]; BAU093 [Early Dynastic (~2900–2340 BCE) | Lagash]; BAU094 [Early Dynastic (~2900–2340 BCE) | Lagash]; ELLES085 [Early Dynastic (~2900–2340 BCE) | Ebla]; RSP361 [Early Dynastic (~2900–2340 BCE) | Presargonic Lagash]; LAK156^a [Uruk IV–III (~3400–3000 BCE) | Archaic / Uruk]; ASY190 [Standard Babylonian (any period) | Akkadian syllabary]; ABZL215 [Old Babylonian (~2000–1600 BCE) | School texts]; KWU309b [Ur III (~2112–2004 BCE) | Administrative]; PTACE099 [Early Dynastic (~2900–2340 BCE) | Ebla]; RSP361bis [Early Dynastic (~2900–2340 BCE) | Presargonic Lagash]; SYA165 [Standard Babylonian (any period) | Akkadian syllabary]; ELLES179 [Early Dynastic (~2900–2340 BCE) | Ebla]; GCSL071 [Gudea period (~2100 BCE) | Lagash / Girsu]; KWU309 [Ur III (~2112–2004 BCE) | Administrative]; SLLHA338n1 [Standard Babylonian (any period) | Akkado-Babylonian]
U+12074,DIM,LAK061,𒁴,Type_3,DIM_v1,,,,,LAK061 [Uruk IV–III (~3400–3000 BCE) | Archaic / Uruk]; LAK053 [Uruk IV–III (~3400–3000 BCE) | Archaic / Uruk]; ASY068 [Standard Babylonian (any period) | Akkadian syllabary]; ABZL014 [Old Babylonian (~2000–1600 BCE) | School texts]; ELLES031 [Early Dynastic (~2900–2340 BCE) | Ebla]; GCSL018 [Gudea period (~2100 BCE) | Lagash / Girsu]; HZL014 [Hittite period (~1650–1180 BCE) | Hittite]; KWU085 [Ur III (~2112–2004 BCE) | Administrative]; MZL167 [Standard Babylonian (any period) | Akkado-Babylonian]; PTACE062 [Early Dynastic (~2900–2340 BCE) | Ebla]; SLLHA094 [Standard Babylonian (any period) | Akkado-Babylonian]; SYA059 [Standard Babylonian (any period) | Akkadian syllabary]
U+12075,|DIM×ŠE|,DIM@g,𒁵,Type_3,DIMSE_v1,,,,,LAK056 [Uruk IV–III (~3400–3000 BCE) | Archaic / Uruk]; ELLES033b [Early Dynastic (~2900–2340 BCE) | Ebla]; ELLES307b [Early Dynastic (~2900–2340 BCE) | Ebla]; GCSL019 [Gudea period (~2100 BCE) | Lagash / Girsu]; PTACE063 [Early Dynastic (~2900–2340 BCE) | Ebla]; RSP426 [Early Dynastic (~2900–2340 BCE) | Presargonic Lagash]; LAK055 [Uruk IV–III (~3400–3000 BCE) | Archaic / Uruk]; ASY069 [Standard Babylonian (any period) | Akkadian syllabary]; ABZL015 [Old Babylonian (~2000–1600 BCE) | School texts]; BAU410 [Early Dynastic (~2900–2340 BCE) | Lagash]; ELLES033a [Early Dynastic (~2900–2340 BCE) | Ebla]; HZL018 [Hittite period (~1650–1180 BCE) | Hittite]; KWU086 [Ur III (~2112–2004 BCE) | Administrative]; MZL168 [Standard Babylonian (any period) | Akkado-Babylonian]; RSP426bis [Early Dynastic (~2900–2340 BCE) | Presargonic Lagash]; SYA060 [Standard Babylonian (any period) | Akkadian syllabary]
U+12550 [unverified],DIŠ,AŠ@c,𒕐,Type_1,DIS_v3,,,,,LAK002 [Uruk IV–III (~3400–3000 BCE) | Archaic / Uruk]; LAK820^a [Uruk IV–III (~3400–3000 BCE) | Archaic / Uruk]; LAK839^a [Uruk IV–III (~3400–3000 BCE) | Archaic / Uruk]; LAK855^a [Uruk IV–III (~3400–3000 BCE) | Archaic / Uruk]; LAK820^d [Uruk IV–III (~3400–3000 BCE) | Archaic / Uruk]; LAK834^a [Uruk IV–III (~3400–3000 BCE) | Archaic / Uruk]; LAK854^b [Uruk IV–III (~3400–3000 BCE) | Archaic / Uruk]; ASY276 [Standard Babylonian (any period) | Akkadian syllabary]; ABZL390 [Old Babylonian (~2000–1600 BCE) | School texts]; HZL356 [Hittite period (~1650–1180 BCE) | Hittite]; MZL748 [Standard Babylonian (any period) | Akkado-Babylonian]; RSP005 [Early Dynastic (~2900–2340 BCE) | Presargonic Lagash]; SLLHA480 [Standard Babylonian (any period) | Akkado-Babylonian]; SYA242 [Standard Babylonian (any period) | Akkadian syllabary]
U+12079,DIŠ,AŠ@t,𒁹,Type_3,DIS_v1,,,,,LAK178 [Uruk IV–III (~3400–3000 BCE) | Archaic / Uruk]; LAK820^c [Uruk IV–III (~3400–3000 BCE) | Archaic / Uruk]; ASY209 [Standard Babylonian (any period) | Akkadian syllabary]; LAK820^d [Uruk IV–III (~3400–3000 BCE) | Archaic / Uruk]; LAK834^a [Uruk IV–III (~3400–3000 BCE) | Archaic / Uruk]; LAK854^b [Uruk IV–III (~3400–3000 BCE) | Archaic / Uruk]; ASY276 [Standard Babylonian (any period) | Akkadian syllabary]; ABZL390 [Old Babylonian (~2000–1600 BCE) | School texts]; HZL356 [Hittite period (~1650–1180 BCE) | Hittite]; MZL748 [Standard Babylonian (any period) | Akkado-Babylonian]; RSP005 [Early Dynastic (~2900–2340 BCE) | Presargonic Lagash]; SLLHA480 [Standard Babylonian (any period) | Akkado-Babylonian]; SYA242 [Standard Babylonian (any period) | Akkadian syllabary]
U+12079,DIŠ,|DIŠ.DIŠ.DIŠ|,𒁹,Type_2,compound,|DIŠ.DIŠ.DIŠ|,1,,U+12079; U+12079; U+12079,LAK820^d [Uruk IV–III (~3400–3000 BCE) | Archaic / Uruk]; LAK834^a [Uruk IV–III (~3400–3000 BCE) | Archaic / Uruk]; LAK854^b [Uruk IV–III (~3400–3000 BCE) | Archaic / Uruk]; ASY276 [Standard Babylonian (any period) | Akkadian syllabary]; ABZL390 [Old Babylonian (~2000–1600 BCE) | School texts]; HZL356 [Hittite period (~1650–1180 BCE) | Hittite]; MZL748 [Standard Babylonian (any period) | Akkado-Babylonian]; RSP005 [Early Dynastic (~2900–2340 BCE) | Presargonic Lagash]; SLLHA480 [Standard Babylonian (any period) | Akkado-Babylonian]; SYA242 [Standard Babylonian (any period) | Akkadian syllabary]
U+12079,DIŠ,|DIŠ.DIŠ.DIŠ|,𒁹,Type_2,compound,|DIŠ.DIŠ.DIŠ|,2,,U+12079; U+12079; U+12079,LAK820^d [Uruk IV–III (~3400–3000 BCE) | Archaic / Uruk]; LAK834^a [Uruk IV–III (~3400–3000 BCE) | Archaic / Uruk]; LAK854^b [Uruk IV–III (~3400–3000 BCE) | Archaic / Uruk]; ASY276 [Standard Babylonian (any period) | Akkadian syllabary]; ABZL390 [Old Babylonian (~2000–1600 BCE) | School texts]; HZL356 [Hittite period (~1650–1180 BCE) | Hittite]; MZL748 [Standard Babylonian (any period) | Akkado-Babylonian]; RSP005 [Early Dynastic (~2900–2340 BCE) | Presargonic Lagash]; SLLHA480 [Standard Babylonian (any period) | Akkado-Babylonian]; SYA242 [Standard Babylonian (any period) | Akkadian syllabary]
U+12079,DIŠ,|DIŠ.DIŠ.DIŠ|,𒁹,Type_2,compound,|DIŠ.DIŠ.DIŠ|,3,,U+12079; U+12079; U+12079,LAK820^d [Uruk IV–III (~3400–3000 BCE) | Archaic / Uruk]; LAK834^a [Uruk IV–III (~3400–3000 BCE) | Archaic / Uruk]; LAK854^b [Uruk IV–III (~3400–3000 BCE) | Archaic / Uruk]; ASY276 [Standard Babylonian (any period) | Akkadian syllabary]; ABZL390 [Old Babylonian (~2000–1600 BCE) | School texts]; HZL356 [Hittite period (~1650–1180 BCE) | Hittite]; MZL748 [Standard Babylonian (any period) | Akkado-Babylonian]; RSP005 [Early Dynastic (~2900–2340 BCE) | Presargonic Lagash]; SLLHA480 [Standard Babylonian (any period) | Akkado-Babylonian]; SYA242 [Standard Babylonian (any period) | Akkadian syllabary]
U+12559 [unverified],DIŠ,DIŠ@c,𒕙,Type_1,DIS_v4,,,,,LAK834^b [Uruk IV–III (~3400–3000 BCE) | Archaic / Uruk]; LAK854^a [Uruk IV–III (~3400–3000 BCE) | Archaic / Uruk]; RSP035 [Early Dynastic (~2900–2340 BCE) | Presargonic Lagash]; LAK820^d [Uruk IV–III (~3400–3000 BCE) | Archaic / Uruk]; LAK834^a [Uruk IV–III (~3400–3000 BCE) | Archaic / Uruk]; LAK854^b [Uruk IV–III (~3400–3000 BCE) | Archaic / Uruk]; ASY276 [Standard Babylonian (any period) | Akkadian syllabary]; ABZL390 [Old Babylonian (~2000–1600 BCE) | School texts]; HZL356 [Hittite period (~1650–1180 BCE) | Hittite]; MZL748 [Standard Babylonian (any period) | Akkado-Babylonian]; RSP005 [Early Dynastic (~2900–2340 BCE) | Presargonic Lagash]; SLLHA480 [Standard Babylonian (any period) | Akkado-Babylonian]; SYA242 [Standard Babylonian (any period) | Akkadian syllabary]
U+12079,DIŠ,DIŠ@f,𒁹,Type_3,DIS_v1,,,,,LAK820^d [Uruk IV–III (~3400–3000 BCE) | Archaic / Uruk]; LAK834^a [Uruk IV–III (~3400–3000 BCE) | Archaic / Uruk]; LAK854^b [Uruk IV–III (~3400–3000 BCE) | Archaic / Uruk]; ASY276 [Standard Babylonian (any period) | Akkadian syllabary]; ABZL390 [Old Babylonian (~2000–1600 BCE) | School texts]; HZL356 [Hittite period (~1650–1180 BCE) | Hittite]; MZL748 [Standard Babylonian (any period) | Akkado-Babylonian]; RSP005 [Early Dynastic (~2900–2340 BCE) | Presargonic Lagash]; SLLHA480 [Standard Babylonian (any period) | Akkado-Babylonian]; SYA242 [Standard Babylonian (any period) | Akkadian syllabary]
U+12079,DIŠ,GAM,𒁹,Type_3,DIS_v1,,,,,LAK180 [Uruk IV–III (~3400–3000 BCE) | Archaic / Uruk]; ASY210 [Standard Babylonian (any period) | Akkadian syllabary]; GCSL091 [Gudea period (~2100 BCE) | Lagash / Girsu]; LAK820^d [Uruk IV–III (~3400–3000 BCE) | Archaic / Uruk]; LAK834^a [Uruk IV–III (~3400–3000 BCE) | Archaic / Uruk]; LAK854^b [Uruk IV–III (~3400–3000 BCE) | Archaic / Uruk]; ASY276 [Standard Babylonian (any period) | Akkadian syllabary]; ABZL390 [Old Babylonian (~2000–1600 BCE) | School texts]; HZL356 [Hittite period (~1650–1180 BCE) | Hittite]; MZL748 [Standard Babylonian (any period) | Akkado-Babylonian]; RSP005 [Early Dynastic (~2900–2340 BCE) | Presargonic Lagash]; SLLHA480 [Standard Babylonian (any period) | Akkado-Babylonian]; SYA242 [Standard Babylonian (any period) | Akkadian syllabary]
U+12079,DIŠ,MIN,𒁹,Type_3,DIS_v1,,,,,LAK417 [Uruk IV–III (~3400–3000 BCE) | Archaic / Uruk]; ASY308a [Standard Babylonian (any period) | Akkadian syllabary]; LAK820^d [Uruk IV–III (~3400–3000 BCE) | Archaic / Uruk]; LAK834^a [Uruk IV–III (~3400–3000 BCE) | Archaic / Uruk]; LAK854^b [Uruk IV–III (~3400–3000 BCE) | Archaic / Uruk]; ASY276 [Standard Babylonian (any period) | Akkadian syllabary]; ABZL390 [Old Babylonian (~2000–1600 BCE) | School texts]; HZL356 [Hittite period (~1650–1180 BCE) | Hittite]; MZL748 [Standard Babylonian (any period) | Akkado-Babylonian]; RSP005 [Early Dynastic (~2900–2340 BCE) | Presargonic Lagash]; SLLHA480 [Standard Babylonian (any period) | Akkado-Babylonian]; SYA242 [Standard Babylonian (any period) | Akkadian syllabary]
U+12079,DIŠ,PAP,𒁹,Type_3,DIS_v1,,,,,LAK229 [Uruk IV–III (~3400–3000 BCE) | Archaic / Uruk]; ASY032 [Standard Babylonian (any period) | Akkadian syllabary]; GCSL113 [Gudea period (~2100 BCE) | Lagash / Girsu]; LAK820^d [Uruk IV–III (~3400–3000 BCE) | Archaic / Uruk]; LAK834^a [Uruk IV–III (~3400–3000 BCE) | Archaic / Uruk]; LAK854^b [Uruk IV–III (~3400–3000 BCE) | Archaic / Uruk]; ASY276 [Standard Babylonian (any period) | Akkadian syllabary]; ABZL390 [Old Babylonian (~2000–1600 BCE) | School texts]; HZL356 [Hittite period (~1650–1180 BCE) | Hittite]; MZL748 [Standard Babylonian (any period) | Akkado-Babylonian]; RSP005 [Early Dynastic (~2900–2340 BCE) | Presargonic Lagash]; SLLHA480 [Standard Babylonian (any period) | Akkado-Babylonian]; SYA242 [Standard Babylonian (any period) | Akkadian syllabary]
U+12079,DIŠ,U,𒁹,Type_3,DIS_v1,,,,,LAK821^b [Uruk IV–III (~3400–3000 BCE) | Archaic / Uruk]; LAK840^b [Uruk IV–III (~3400–3000 BCE) | Archaic / Uruk]; LAK857^b [Uruk IV–III (~3400–3000 BCE) | Archaic / Uruk]; LAK859^b [Uruk IV–III (~3400–3000 BCE) | Archaic / Uruk]; ASY242 [Standard Babylonian (any period) | Akkadian syllabary]; GCSL176 [Gudea period (~2100 BCE) | Lagash / Girsu]; LAK820^d [Uruk IV–III (~3400–3000 BCE) | Archaic / Uruk]; LAK834^a [Uruk IV–III (~3400–3000 BCE) | Archaic / Uruk]; LAK854^b [Uruk IV–III (~3400–3000 BCE) | Archaic / Uruk]; ASY276 [Standard Babylonian (any period) | Akkadian syllabary]; ABZL390 [Old Babylonian (~2000–1600 BCE) | School texts]; HZL356 [Hittite period (~1650–1180 BCE) | Hittite]; MZL748 [Standard Babylonian (any period) | Akkado-Babylonian]; RSP005 [Early Dynastic (~2900–2340 BCE) | Presargonic Lagash]; SLLHA480 [Standard Babylonian (any period) | Akkado-Babylonian]; SYA242 [Standard Babylonian (any period) | Akkadian syllabary]
U+12079,DIŠ,U@c,𒁹,Type_3,DIS_v1,,,,,LAK807^a [Uruk IV–III (~3400–3000 BCE) | Archaic / Uruk]; LAK821^a [Uruk IV–III (~3400–3000 BCE) | Archaic / Uruk]; LAK840^a [Uruk IV–III (~3400–3000 BCE) | Archaic / Uruk]; LAK857^a [Uruk IV–III (~3400–3000 BCE) | Archaic / Uruk]; LAK859^a [Uruk IV–III (~3400–3000 BCE) | Archaic / Uruk]; LAK820^d [Uruk IV–III (~3400–3000 BCE) | Archaic / Uruk]; LAK834^a [Uruk IV–III (~3400–3000 BCE) | Archaic / Uruk]; LAK854^b [Uruk IV–III (~3400–3000 BCE) | Archaic / Uruk]; ASY276 [Standard Babylonian (any period) | Akkadian syllabary]; ABZL390 [Old Babylonian (~2000–1600 BCE) | School texts]; HZL356 [Hittite period (~1650–1180 BCE) | Hittite]; MZL748 [Standard Babylonian (any period) | Akkado-Babylonian]; RSP005 [Early Dynastic (~2900–2340 BCE) | Presargonic Lagash]; SLLHA480 [Standard Babylonian (any period) | Akkado-Babylonian]; SYA242 [Standard Babylonian (any period) | Akkadian syllabary]
U+12079,DIŠ,|U.U|,𒁹,Type_3,DIS_v1,,,,,ASY274 [Standard Babylonian (any period) | Akkadian syllabary]; LAK820^d [Uruk IV–III (~3400–3000 BCE) | Archaic / Uruk]; LAK834^a [Uruk IV–III (~3400–3000 BCE) | Archaic / Uruk]; LAK854^b [Uruk IV–III (~3400–3000 BCE) | Archaic / Uruk]; ASY276 [Standard Babylonian (any period) | Akkadian syllabary]; ABZL390 [Old Babylonian (~2000–1600 BCE) | School texts]; HZL356 [Hittite period (~1650–1180 BCE) | Hittite]; MZL748 [Standard Babylonian (any period) | Akkado-Babylonian]; RSP005 [Early Dynastic (~2900–2340 BCE) | Presargonic Lagash]; SLLHA480 [Standard Babylonian (any period) | Akkado-Babylonian]; SYA242 [Standard Babylonian (any period) | Akkadian syllabary]
U+12444,DIŠ,USSU,𒑄,Type_1,DIS_v2,,,,,LAK820^d [Uruk IV–III (~3400–3000 BCE) | Archaic / Uruk]; LAK834^a [Uruk IV–III (~3400–3000 BCE) | Archaic / Uruk]; LAK854^b [Uruk IV–III (~3400–3000 BCE) | Archaic / Uruk]; ASY276 [Standard Babylonian (any period) | Akkadian syllabary]; ABZL390 [Old Babylonian (~2000–1600 BCE) | School texts]; HZL356 [Hittite period (~1650–1180 BCE) | Hittite]; MZL748 [Standard Babylonian (any period) | Akkado-Babylonian]; RSP005 [Early Dynastic (~2900–2340 BCE) | Presargonic Lagash]; SLLHA480 [Standard Babylonian (any period) | Akkado-Babylonian]; SYA242 [Standard Babylonian (any period) | Akkadian syllabary]
U+12079,DIŠ,P₂,𒁹,Type_3,DIS_v1,,,,,LAK820^d [Uruk IV–III (~3400–3000 BCE) | Archaic / Uruk]; LAK834^a [Uruk IV–III (~3400–3000 BCE) | Archaic / Uruk]; LAK854^b [Uruk IV–III (~3400–3000 BCE) | Archaic / Uruk]; ASY276 [Standard Babylonian (any period) | Akkadian syllabary]; ABZL390 [Old Babylonian (~2000–1600 BCE) | School texts]; HZL356 [Hittite period (~1650–1180 BCE) | Hittite]; MZL748 [Standard Babylonian (any period) | Akkado-Babylonian]; RSP005 [Early Dynastic (~2900–2340 BCE) | Presargonic Lagash]; SLLHA480 [Standard Babylonian (any period) | Akkado-Babylonian]; SYA242 [Standard Babylonian (any period) | Akkadian syllabary]
U+12079,DIŠ,4(DIŠ),𒁹,Type_3,DIS_v1,,,,,LAK837^b [Uruk IV–III (~3400–3000 BCE) | Archaic / Uruk]; LAK820^d [Uruk IV–III (~3400–3000 BCE) | Archaic / Uruk]; LAK834^a [Uruk IV–III (~3400–3000 BCE) | Archaic / Uruk]; LAK854^b [Uruk IV–III (~3400–3000 BCE) | Archaic / Uruk]; ASY276 [Standard Babylonian (any period) | Akkadian syllabary]; ABZL390 [Old Babylonian (~2000–1600 BCE) | School texts]; HZL356 [Hittite period (~1650–1180 BCE) | Hittite]; MZL748 [Standard Babylonian (any period) | Akkado-Babylonian]; RSP005 [Early Dynastic (~2900–2340 BCE) | Presargonic Lagash]; SLLHA480 [Standard Babylonian (any period) | Akkado-Babylonian]; SYA242 [Standard Babylonian (any period) | Akkadian syllabary]
U+12079,DIŠ,5(DIŠ),𒁹,Type_3,DIS_v1,,,,,ASY324 [Standard Babylonian (any period) | Akkadian syllabary]; LAK820^d [Uruk IV–III (~3400–3000 BCE) | Archaic / Uruk]; LAK834^a [Uruk IV–III (~3400–3000 BCE) | Archaic / Uruk]; LAK854^b [Uruk IV–III (~3400–3000 BCE) | Archaic / Uruk]; ASY276 [Standard Babylonian (any period) | Akkadian syllabary]; ABZL390 [Old Babylonian (~2000–1600 BCE) | School texts]; HZL356 [Hittite period (~1650–1180 BCE) | Hittite]; MZL748 [Standard Babylonian (any period) | Akkado-Babylonian]; RSP005 [Early Dynastic (~2900–2340 BCE) | Presargonic Lagash]; SLLHA480 [Standard Babylonian (any period) | Akkado-Babylonian]; SYA242 [Standard Babylonian (any period) | Akkadian syllabary]
,|DIŠ.DIŠ.DIŠ|,3(DIŠ)~a,𒁹𒁹𒁹,Type_3,DISDISDI_v1,,,,,
U+1207B,|DU&DU|,|DU%DU|,𒁻,Type_3,DUDU_v1,,,,,ASY136 [Standard Babylonian (any period) | Akkadian syllabary]; ABZL197 [Old Babylonian (~2000–1600 BCE) | School texts]; KWU706 [Ur III (~2112–2004 BCE) | Administrative]; RSP370^a [Early Dynastic (~2900–2340 BCE) | Presargonic Lagash]; SLLHA206a [Standard Babylonian (any period) | Akkado-Babylonian]
U+1207C,DU@g,DU,𒁼,Type_3,DUG_v1,,,,,LAK484 [Uruk IV–III (~3400–3000 BCE) | Archaic / Uruk]; ASY135 [Standard Babylonian (any period) | Akkadian syllabary]; BAU374 [Early Dynastic (~2900–2340 BCE) | Lagash]; ELLES252 [Early Dynastic (~2900–2340 BCE) | Ebla]; GCSL224 [Gudea period (~2100 BCE) | Lagash / Girsu]; PTACE236 [Early Dynastic (~2900–2340 BCE) | Ebla]; RSP369 [Early Dynastic (~2900–2340 BCE) | Presargonic Lagash]; LAK486 [Uruk IV–III (~3400–3000 BCE) | Archaic / Uruk]; ASY132 [Standard Babylonian (any period) | Akkadian syllabary]; ABZL065 [Old Babylonian (~2000–1600 BCE) | School texts]; KWU708 [Ur III (~2112–2004 BCE) | Administrative]; MZL351 [Standard Babylonian (any period) | Akkado-Babylonian]; PTACE238 [Early Dynastic (~2900–2340 BCE) | Ebla]; RSP372 [Early Dynastic (~2900–2340 BCE) | Presargonic Lagash]; SLLHA201 [Standard Babylonian (any period) | Akkado-Babylonian]; SYA115 [Standard Babylonian (any period) | Akkadian syllabary]
U+1207C,DU@g,DU@s@g,𒁼,Type_3,DUG_v1,,,,,RSP373 [Early Dynastic (~2900–2340 BCE) | Presargonic Lagash]; LAK486 [Uruk IV–III (~3400–3000 BCE) | Archaic / Uruk]; ASY132 [Standard Babylonian (any period) | Akkadian syllabary]; ABZL065 [Old Babylonian (~2000–1600 BCE) | School texts]; KWU708 [Ur III (~2112–2004 BCE) | Administrative]; MZL351 [Standard Babylonian (any period) | Akkado-Babylonian]; PTACE238 [Early Dynastic (~2900–2340 BCE) | Ebla]; RSP372 [Early Dynastic (~2900–2340 BCE) | Presargonic Lagash]; SLLHA201 [Standard Babylonian (any period) | Akkado-Babylonian]; SYA115 [Standard Babylonian (any period) | Akkadian syllabary]
U+1207D,DU@s,DU,𒁽,Type_3,DUS_v1,,,,,LAK484 [Uruk IV–III (~3400–3000 BCE) | Archaic / Uruk]; ASY135 [Standard Babylonian (any period) | Akkadian syllabary]; BAU374 [Early Dynastic (~2900–2340 BCE) | Lagash]; ELLES252 [Early Dynastic (~2900–2340 BCE) | Ebla]; GCSL224 [Gudea period (~2100 BCE) | Lagash / Girsu]; PTACE236 [Early Dynastic (~2900–2340 BCE) | Ebla]; RSP369 [Early Dynastic (~2900–2340 BCE) | Presargonic Lagash]; ASY133 [Standard Babylonian (any period) | Akkadian syllabary]; ABZL066 [Old Babylonian (~2000–1600 BCE) | School texts]; BAU376 [Early Dynastic (~2900–2340 BCE) | Lagash]; GCSL225 [Gudea period (~2100 BCE) | Lagash / Girsu]; HZL129 [Hittite period (~1650–1180 BCE) | Hittite]; KWU707 [Ur III (~2112–2004 BCE) | Administrative]; MZL352 [Standard Babylonian (any period) | Akkado-Babylonian]; RSP371 [Early Dynastic (~2900–2340 BCE) | Presargonic Lagash]; SLLHA202 [Standard Babylonian (any period) | Akkado-Babylonian]; SYA116 [Standard Babylonian (any period) | Akkadian syllabary]
U+1207D,DU@s,|DU×KASKAL|,𒁽,Type_3,DUS_v1,,,,,LAK485 [Uruk IV–III (~3400–3000 BCE) | Archaic / Uruk]; ELLES253 [Early Dynastic (~2900–2340 BCE) | Ebla]; PTACE237 [Early Dynastic (~2900–2340 BCE) | Ebla]; ASY133 [Standard Babylonian (any period) | Akkadian syllabary]; ABZL066 [Old Babylonian (~2000–1600 BCE) | School texts]; BAU376 [Early Dynastic (~2900–2340 BCE) | Lagash]; GCSL225 [Gudea period (~2100 BCE) | Lagash / Girsu]; HZL129 [Hittite period (~1650–1180 BCE) | Hittite]; KWU707 [Ur III (~2112–2004 BCE) | Administrative]; MZL352 [Standard Babylonian (any period) | Akkado-Babylonian]; RSP371 [Early Dynastic (~2900–2340 BCE) | Presargonic Lagash]; SLLHA202 [Standard Babylonian (any period) | Akkado-Babylonian]; SYA116 [Standard Babylonian (any period) | Akkadian syllabary]
,|DU@s.DU@s|,|DU@s&DU@s|,𒁽𒁽,Type_3,DUSDUS_v1,,,,,
U+12244,|DUB.NAGAR|,|NAGAR.DUB|,𒉄,Type_2,compound,|NAGAR.DUB|,1,𒉄𒁾,U+12244; U+1207E,
U+1207E,|DUB.NAGAR|,|NAGAR.DUB|,𒁾,Type_2,compound,|NAGAR.DUB|,2,𒉄𒁾,U+12244; U+1207E,
X,|DUB.NAGAR|,|UM×KUL.NAGAR|,,Type_2,compound,|UM×KUL.NAGAR|,1,X𒉄,X; U+12244,
U+12244,|DUB.NAGAR|,|UM×KUL.NAGAR|,𒉄,Type_2,compound,|UM×KUL.NAGAR|,2,X𒉄,X; U+12244,
U+1234F,|DUB.NAGAR|,|URUDA.NAGAR|,𒍏,Type_2,compound,|URUDA.NAGAR|,1,𒍏𒉄,U+1234F; U+12244,
U+12244,|DUB.NAGAR|,|URUDA.NAGAR|,𒉄,Type_2,compound,|URUDA.NAGAR|,2,𒍏𒉄,U+1234F; U+12244,
U+12376,|DUB×LAGAB|,|DUB.LAGAB|,𒁾𒆸,Type_1,DUBLAGAB_v1,,,,,MZL243 [Standard Babylonian (any period) | Akkado-Babylonian]
U+12085,DUN₃,DUN₃@g,𒂅,Type_3,DUN_v1,,,,,LAK667 [Uruk IV–III (~3400–3000 BCE) | Archaic / Uruk]; BAU339 [Early Dynastic (~2900–2340 BCE) | Lagash]; ELLES325 [Early Dynastic (~2900–2340 BCE) | Ebla]; GCSL314 [Gudea period (~2100 BCE) | Lagash / Girsu]; PTACE269 [Early Dynastic (~2900–2340 BCE) | Ebla]; RSP305 [Early Dynastic (~2900–2340 BCE) | Presargonic Lagash]; LAK666 [Uruk IV–III (~3400–3000 BCE) | Archaic / Uruk]; ASY322 [Standard Babylonian (any period) | Akkadian syllabary]; ABZL401a [Old Babylonian (~2000–1600 BCE) | School texts]; BAU280 [Early Dynastic (~2900–2340 BCE) | Lagash]; BAU340 [Early Dynastic (~2900–2340 BCE) | Lagash]; GCSL400 [Gudea period (~2100 BCE) | Lagash / Girsu]; HZL223 [Hittite period (~1650–1180 BCE) | Hittite]; KWU858 [Ur III (~2112–2004 BCE) | Administrative]; MZL836 [Standard Babylonian (any period) | Akkado-Babylonian]; RSP306 [Early Dynastic (~2900–2340 BCE) | Presargonic Lagash]; SLLHA595 [Standard Babylonian (any period) | Akkado-Babylonian]; SYA282 [Standard Babylonian (any period) | Akkadian syllabary]
U+12085,DUN₃,LAK786,𒂅,Type_3,DUN_v1,,,,,LAK786 [Uruk IV–III (~3400–3000 BCE) | Archaic / Uruk]; ELLES385 [Early Dynastic (~2900–2340 BCE) | Ebla]; LAK666 [Uruk IV–III (~3400–3000 BCE) | Archaic / Uruk]; ASY322 [Standard Babylonian (any period) | Akkadian syllabary]; ABZL401a [Old Babylonian (~2000–1600 BCE) | School texts]; BAU280 [Early Dynastic (~2900–2340 BCE) | Lagash]; BAU340 [Early Dynastic (~2900–2340 BCE) | Lagash]; GCSL400 [Gudea period (~2100 BCE) | Lagash / Girsu]; HZL223 [Hittite period (~1650–1180 BCE) | Hittite]; KWU858 [Ur III (~2112–2004 BCE) | Administrative]; MZL836 [Standard Babylonian (any period) | Akkado-Babylonian]; RSP306 [Early Dynastic (~2900–2340 BCE) | Presargonic Lagash]; SLLHA595 [Standard Babylonian (any period) | Akkado-Babylonian]; SYA282 [Standard Babylonian (any period) | Akkadian syllabary]
U+12087,DUN₃@g@g,AGA~a,𒂇,Type_3,DUNGG_v1,,,,,ABZL219a [Old Babylonian (~2000–1600 BCE) | School texts]; LAK154 [Uruk IV–III (~3400–3000 BCE) | Archaic / Uruk]; ASY198 [Standard Babylonian (any period) | Akkadian syllabary]; ABZL219b [Old Babylonian (~2000–1600 BCE) | School texts]; ELLES084 [Early Dynastic (~2900–2340 BCE) | Ebla]; GCSL072 [Gudea period (~2100 BCE) | Lagash / Girsu]; HZL096 [Hittite period (~1650–1180 BCE) | Hittite]; KWU311 [Ur III (~2112–2004 BCE) | Administrative]; MZL556 [Standard Babylonian (any period) | Akkado-Babylonian]; RSP275 [Early Dynastic (~2900–2340 BCE) | Presargonic Lagash]; SLLHA347 [Standard Babylonian (any period) | Akkado-Babylonian]; SYA173 [Standard Babylonian (any period) | Akkadian syllabary]
U+12088,DUN₄,|DUN₃@g×(MU.KAK)|,𒂈,Type_3,DUN_v1,,,,,ABZL220 [Old Babylonian (~2000–1600 BCE) | School texts]; BAU156 [Early Dynastic (~2900–2340 BCE) | Lagash]; GCSL312 [Gudea period (~2100 BCE) | Lagash / Girsu]; HZL088 [Hittite period (~1650–1180 BCE) | Hittite]; KWU185 [Ur III (~2112–2004 BCE) | Administrative]; MZL557 [Standard Babylonian (any period) | Akkado-Babylonian]; SLLHA348 [Standard Babylonian (any period) | Akkado-Babylonian]
U+12089,DUR₂,|LAGAB×AŠ@c|,𒂉,Type_3,DUR_v1,,,,,LAK772 [Uruk IV–III (~3400–3000 BCE) | Archaic / Uruk]; BAU268 [Early Dynastic (~2900–2340 BCE) | Lagash]; LAK791^a [Uruk IV–III (~3400–3000 BCE) | Archaic / Uruk]; ABZL415 [Old Babylonian (~2000–1600 BCE) | School texts]; ELLES388 [Early Dynastic (~2900–2340 BCE) | Ebla]; RSP253 [Early Dynastic (~2900–2340 BCE) | Presargonic Lagash]; SYA254 [Standard Babylonian (any period) | Akkadian syllabary]
,|DUR₂.DUR₂|,|DUR₂&DUR₂|,𒂉𒂉,Type_3,DURDUR_v1,,,,,
U+121B3,|E₂.KUR.BAD|,|KUR.BAD|,𒆳,Type_2,compound,|KUR.BAD|,1,𒆳𒁁,U+121B3; U+12041,
U+12041,|E₂.KUR.BAD|,|KUR.BAD|,𒁁,Type_2,compound,|KUR.BAD|,2,𒆳𒁁,U+121B3; U+12041,
U+121A4,|E₂.NUN|,|KID.NUN|,𒆤,Type_2,compound,|KID.NUN|,1,𒆤𒉣,U+121A4; U+12263,
U+12263,|E₂.NUN|,|KID.NUN|,𒉣,Type_2,compound,|KID.NUN|,2,𒆤𒉣,U+121A4; U+12263,
U+1208D,EDIN,|E₂.PAP.GAŠAN.DIŠ|,𒂍,Type_2,compound,|E₂.PAP.GAŠAN.DIŠ|,1,𒂍𒉽𒃽𒁹,U+1208D; U+1227D; U+120FD; U+12079,LAK747 [Uruk IV–III (~3400–3000 BCE) | Archaic / Uruk]; ASY118 [Standard Babylonian (any period) | Akkadian syllabary]; ABZL115 [Old Babylonian (~2000–1600 BCE) | School texts]; ELLES365 [Early Dynastic (~2900–2340 BCE) | Ebla]; GCSL306 [Gudea period (~2100 BCE) | Lagash / Girsu]; KWU753 [Ur III (~2112–2004 BCE) | Administrative]; MZL300 [Standard Babylonian (any period) | Akkado-Babylonian]; PTACE293 [Early Dynastic (~2900–2340 BCE) | Ebla]; RSP435 [Early Dynastic (~2900–2340 BCE) | Presargonic Lagash]; SLLHA168 [Standard Babylonian (any period) | Akkado-Babylonian]
U+1227D,EDIN,|E₂.PAP.GAŠAN.DIŠ|,𒉽,Type_2,compound,|E₂.PAP.GAŠAN.DIŠ|,2,𒂍𒉽𒃽𒁹,U+1208D; U+1227D; U+120FD; U+12079,LAK747 [Uruk IV–III (~3400–3000 BCE) | Archaic / Uruk]; ASY118 [Standard Babylonian (any period) | Akkadian syllabary]; ABZL115 [Old Babylonian (~2000–1600 BCE) | School texts]; ELLES365 [Early Dynastic (~2900–2340 BCE) | Ebla]; GCSL306 [Gudea period (~2100 BCE) | Lagash / Girsu]; KWU753 [Ur III (~2112–2004 BCE) | Administrative]; MZL300 [Standard Babylonian (any period) | Akkado-Babylonian]; PTACE293 [Early Dynastic (~2900–2340 BCE) | Ebla]; RSP435 [Early Dynastic (~2900–2340 BCE) | Presargonic Lagash]; SLLHA168 [Standard Babylonian (any period) | Akkado-Babylonian]
U+120FD,EDIN,|E₂.PAP.GAŠAN.DIŠ|,𒃽,Type_2,compound,|E₂.PAP.GAŠAN.DIŠ|,3,𒂍𒉽𒃽𒁹,U+1208D; U+1227D; U+120FD; U+12079,LAK747 [Uruk IV–III (~3400–3000 BCE) | Archaic / Uruk]; ASY118 [Standard Babylonian (any period) | Akkadian syllabary]; ABZL115 [Old Babylonian (~2000–1600 BCE) | School texts]; ELLES365 [Early Dynastic (~2900–2340 BCE) | Ebla]; GCSL306 [Gudea period (~2100 BCE) | Lagash / Girsu]; KWU753 [Ur III (~2112–2004 BCE) | Administrative]; MZL300 [Standard Babylonian (any period) | Akkado-Babylonian]; PTACE293 [Early Dynastic (~2900–2340 BCE) | Ebla]; RSP435 [Early Dynastic (~2900–2340 BCE) | Presargonic Lagash]; SLLHA168 [Standard Babylonian (any period) | Akkado-Babylonian]
U+12079,EDIN,|E₂.PAP.GAŠAN.DIŠ|,𒁹,Type_2,compound,|E₂.PAP.GAŠAN.DIŠ|,4,𒂍𒉽𒃽𒁹,U+1208D; U+1227D; U+120FD; U+12079,LAK747 [Uruk IV–III (~3400–3000 BCE) | Archaic / Uruk]; ASY118 [Standard Babylonian (any period) | Akkadian syllabary]; ABZL115 [Old Babylonian (~2000–1600 BCE) | School texts]; ELLES365 [Early Dynastic (~2900–2340 BCE) | Ebla]; GCSL306 [Gudea period (~2100 BCE) | Lagash / Girsu]; KWU753 [Ur III (~2112–2004 BCE) | Administrative]; MZL300 [Standard Babylonian (any period) | Akkado-Babylonian]; PTACE293 [Early Dynastic (~2900–2340 BCE) | Ebla]; RSP435 [Early Dynastic (~2900–2340 BCE) | Presargonic Lagash]; SLLHA168 [Standard Babylonian (any period) | Akkado-Babylonian]
U+120B5,EDIN,|GA.HI×AŠ₂.BUR|,𒂵,Type_2,compound,|GA.HI×AŠ₂.BUR|,1,𒂵𒄯𒁓,U+120B5; U+1212F; U+12053,LAK747 [Uruk IV–III (~3400–3000 BCE) | Archaic / Uruk]; ASY118 [Standard Babylonian (any period) | Akkadian syllabary]; ABZL115 [Old Babylonian (~2000–1600 BCE) | School texts]; ELLES365 [Early Dynastic (~2900–2340 BCE) | Ebla]; GCSL306 [Gudea period (~2100 BCE) | Lagash / Girsu]; KWU753 [Ur III (~2112–2004 BCE) | Administrative]; MZL300 [Standard Babylonian (any period) | Akkado-Babylonian]; PTACE293 [Early Dynastic (~2900–2340 BCE) | Ebla]; RSP435 [Early Dynastic (~2900–2340 BCE) | Presargonic Lagash]; SLLHA168 [Standard Babylonian (any period) | Akkado-Babylonian]
U+1212F,EDIN,|GA.HI×AŠ₂.BUR|,𒄯,Type_2,compound,|GA.HI×AŠ₂.BUR|,2,𒂵𒄯𒁓,U+120B5; U+1212F; U+12053,LAK747 [Uruk IV–III (~3400–3000 BCE) | Archaic / Uruk]; ASY118 [Standard Babylonian (any period) | Akkadian syllabary]; ABZL115 [Old Babylonian (~2000–1600 BCE) | School texts]; ELLES365 [Early Dynastic (~2900–2340 BCE) | Ebla]; GCSL306 [Gudea period (~2100 BCE) | Lagash / Girsu]; KWU753 [Ur III (~2112–2004 BCE) | Administrative]; MZL300 [Standard Babylonian (any period) | Akkado-Babylonian]; PTACE293 [Early Dynastic (~2900–2340 BCE) | Ebla]; RSP435 [Early Dynastic (~2900–2340 BCE) | Presargonic Lagash]; SLLHA168 [Standard Babylonian (any period) | Akkado-Babylonian]
U+12053,EDIN,|GA.HI×AŠ₂.BUR|,𒁓,Type_2,compound,|GA.HI×AŠ₂.BUR|,3,𒂵𒄯𒁓,U+120B5; U+1212F; U+12053,LAK747 [Uruk IV–III (~3400–3000 BCE) | Archaic / Uruk]; ASY118 [Standard Babylonian (any period) | Akkadian syllabary]; ABZL115 [Old Babylonian (~2000–1600 BCE) | School texts]; ELLES365 [Early Dynastic (~2900–2340 BCE) | Ebla]; GCSL306 [Gudea period (~2100 BCE) | Lagash / Girsu]; KWU753 [Ur III (~2112–2004 BCE) | Administrative]; MZL300 [Standard Babylonian (any period) | Akkado-Babylonian]; PTACE293 [Early Dynastic (~2900–2340 BCE) | Ebla]; RSP435 [Early Dynastic (~2900–2340 BCE) | Presargonic Lagash]; SLLHA168 [Standard Babylonian (any period) | Akkado-Babylonian]
U+120B5,EDIN,|GA.HI×AŠ₂.GAŠAN.DIŠ|,𒂵,Type_2,compound,|GA.HI×AŠ₂.GAŠAN.DIŠ|,1,𒂵𒄯𒃽𒁹,U+120B5; U+1212F; U+120FD; U+12079,LAK747 [Uruk IV–III (~3400–3000 BCE) | Archaic / Uruk]; ASY118 [Standard Babylonian (any period) | Akkadian syllabary]; ABZL115 [Old Babylonian (~2000–1600 BCE) | School texts]; ELLES365 [Early Dynastic (~2900–2340 BCE) | Ebla]; GCSL306 [Gudea period (~2100 BCE) | Lagash / Girsu]; KWU753 [Ur III (~2112–2004 BCE) | Administrative]; MZL300 [Standard Babylonian (any period) | Akkado-Babylonian]; PTACE293 [Early Dynastic (~2900–2340 BCE) | Ebla]; RSP435 [Early Dynastic (~2900–2340 BCE) | Presargonic Lagash]; SLLHA168 [Standard Babylonian (any period) | Akkado-Babylonian]
U+1212F,EDIN,|GA.HI×AŠ₂.GAŠAN.DIŠ|,𒄯,Type_2,compound,|GA.HI×AŠ₂.GAŠAN.DIŠ|,2,𒂵𒄯𒃽𒁹,U+120B5; U+1212F; U+120FD; U+12079,LAK747 [Uruk IV–III (~3400–3000 BCE) | Archaic / Uruk]; ASY118 [Standard Babylonian (any period) | Akkadian syllabary]; ABZL115 [Old Babylonian (~2000–1600 BCE) | School texts]; ELLES365 [Early Dynastic (~2900–2340 BCE) | Ebla]; GCSL306 [Gudea period (~2100 BCE) | Lagash / Girsu]; KWU753 [Ur III (~2112–2004 BCE) | Administrative]; MZL300 [Standard Babylonian (any period) | Akkado-Babylonian]; PTACE293 [Early Dynastic (~2900–2340 BCE) | Ebla]; RSP435 [Early Dynastic (~2900–2340 BCE) | Presargonic Lagash]; SLLHA168 [Standard Babylonian (any period) | Akkado-Babylonian]
U+120FD,EDIN,|GA.HI×AŠ₂.GAŠAN.DIŠ|,𒃽,Type_2,compound,|GA.HI×AŠ₂.GAŠAN.DIŠ|,3,𒂵𒄯𒃽𒁹,U+120B5; U+1212F; U+120FD; U+12079,LAK747 [Uruk IV–III (~3400–3000 BCE) | Archaic / Uruk]; ASY118 [Standard Babylonian (any period) | Akkadian syllabary]; ABZL115 [Old Babylonian (~2000–1600 BCE) | School texts]; ELLES365 [Early Dynastic (~2900–2340 BCE) | Ebla]; GCSL306 [Gudea period (~2100 BCE) | Lagash / Girsu]; KWU753 [Ur III (~2112–2004 BCE) | Administrative]; MZL300 [Standard Babylonian (any period) | Akkado-Babylonian]; PTACE293 [Early Dynastic (~2900–2340 BCE) | Ebla]; RSP435 [Early Dynastic (~2900–2340 BCE) | Presargonic Lagash]; SLLHA168 [Standard Babylonian (any period) | Akkado-Babylonian]
U+12079,EDIN,|GA.HI×AŠ₂.GAŠAN.DIŠ|,𒁹,Type_2,compound,|GA.HI×AŠ₂.GAŠAN.DIŠ|,4,𒂵𒄯𒃽𒁹,U+120B5; U+1212F; U+120FD; U+12079,LAK747 [Uruk IV–III (~3400–3000 BCE) | Archaic / Uruk]; ASY118 [Standard Babylonian (any period) | Akkadian syllabary]; ABZL115 [Old Babylonian (~2000–1600 BCE) | School texts]; ELLES365 [Early Dynastic (~2900–2340 BCE) | Ebla]; GCSL306 [Gudea period (~2100 BCE) | Lagash / Girsu]; KWU753 [Ur III (~2112–2004 BCE) | Administrative]; MZL300 [Standard Babylonian (any period) | Akkado-Babylonian]; PTACE293 [Early Dynastic (~2900–2340 BCE) | Ebla]; RSP435 [Early Dynastic (~2900–2340 BCE) | Presargonic Lagash]; SLLHA168 [Standard Babylonian (any period) | Akkado-Babylonian]
U+120B5,EDIN,|GA.PAP.U@g.DIŠ|,𒂵,Type_2,compound,|GA.PAP.U@g.DIŠ|,1,𒂵𒉽𒐴𒁹,U+120B5; U+1227D; U+12434; U+12079,LAK747 [Uruk IV–III (~3400–3000 BCE) | Archaic / Uruk]; ASY118 [Standard Babylonian (any period) | Akkadian syllabary]; ABZL115 [Old Babylonian (~2000–1600 BCE) | School texts]; ELLES365 [Early Dynastic (~2900–2340 BCE) | Ebla]; GCSL306 [Gudea period (~2100 BCE) | Lagash / Girsu]; KWU753 [Ur III (~2112–2004 BCE) | Administrative]; MZL300 [Standard Babylonian (any period) | Akkado-Babylonian]; PTACE293 [Early Dynastic (~2900–2340 BCE) | Ebla]; RSP435 [Early Dynastic (~2900–2340 BCE) | Presargonic Lagash]; SLLHA168 [Standard Babylonian (any period) | Akkado-Babylonian]
U+1227D,EDIN,|GA.PAP.U@g.DIŠ|,𒉽,Type_2,compound,|GA.PAP.U@g.DIŠ|,2,𒂵𒉽𒐴𒁹,U+120B5; U+1227D; U+12434; U+12079,LAK747 [Uruk IV–III (~3400–3000 BCE) | Archaic / Uruk]; ASY118 [Standard Babylonian (any period) | Akkadian syllabary]; ABZL115 [Old Babylonian (~2000–1600 BCE) | School texts]; ELLES365 [Early Dynastic (~2900–2340 BCE) | Ebla]; GCSL306 [Gudea period (~2100 BCE) | Lagash / Girsu]; KWU753 [Ur III (~2112–2004 BCE) | Administrative]; MZL300 [Standard Babylonian (any period) | Akkado-Babylonian]; PTACE293 [Early Dynastic (~2900–2340 BCE) | Ebla]; RSP435 [Early Dynastic (~2900–2340 BCE) | Presargonic Lagash]; SLLHA168 [Standard Babylonian (any period) | Akkado-Babylonian]
U+12434,EDIN,|GA.PAP.U@g.DIŠ|,𒐴,Type_2,compound,|GA.PAP.U@g.DIŠ|,3,𒂵𒉽𒐴𒁹,U+120B5; U+1227D; U+12434; U+12079,LAK747 [Uruk IV–III (~3400–3000 BCE) | Archaic / Uruk]; ASY118 [Standard Babylonian (any period) | Akkadian syllabary]; ABZL115 [Old Babylonian (~2000–1600 BCE) | School texts]; ELLES365 [Early Dynastic (~2900–2340 BCE) | Ebla]; GCSL306 [Gudea period (~2100 BCE) | Lagash / Girsu]; KWU753 [Ur III (~2112–2004 BCE) | Administrative]; MZL300 [Standard Babylonian (any period) | Akkado-Babylonian]; PTACE293 [Early Dynastic (~2900–2340 BCE) | Ebla]; RSP435 [Early Dynastic (~2900–2340 BCE) | Presargonic Lagash]; SLLHA168 [Standard Babylonian (any period) | Akkado-Babylonian]
U+12079,EDIN,|GA.PAP.U@g.DIŠ|,𒁹,Type_2,compound,|GA.PAP.U@g.DIŠ|,4,𒂵𒉽𒐴𒁹,U+120B5; U+1227D; U+12434; U+12079,LAK747 [Uruk IV–III (~3400–3000 BCE) | Archaic / Uruk]; ASY118 [Standard Babylonian (any period) | Akkadian syllabary]; ABZL115 [Old Babylonian (~2000–1600 BCE) | School texts]; ELLES365 [Early Dynastic (~2900–2340 BCE) | Ebla]; GCSL306 [Gudea period (~2100 BCE) | Lagash / Girsu]; KWU753 [Ur III (~2112–2004 BCE) | Administrative]; MZL300 [Standard Babylonian (any period) | Akkado-Babylonian]; PTACE293 [Early Dynastic (~2900–2340 BCE) | Ebla]; RSP435 [Early Dynastic (~2900–2340 BCE) | Presargonic Lagash]; SLLHA168 [Standard Babylonian (any period) | Akkado-Babylonian]
U+12095,EGIR,KWU732,𒂕,Type_3,EGIR_v1,,,,,LAK499 [Uruk IV–III (~3400–3000 BCE) | Archaic / Uruk]; ABZL076 [Old Babylonian (~2000–1600 BCE) | School texts]; GCSL230 [Gudea period (~2100 BCE) | Lagash / Girsu]; HZL126 [Hittite period (~1650–1180 BCE) | Hittite]; KWU731 [Ur III (~2112–2004 BCE) | Administrative]; MZL356 [Standard Babylonian (any period) | Akkado-Babylonian]; RSP403 [Early Dynastic (~2900–2340 BCE) | Presargonic Lagash]; SLLHA209 [Standard Babylonian (any period) | Akkado-Babylonian]
U+12308,EGIR,|TUM.ŠU₂|,𒌈,Type_2,compound,|TUM.ŠU₂|,1,𒌈𒋙,U+12308; U+122D9,LAK499 [Uruk IV–III (~3400–3000 BCE) | Archaic / Uruk]; ABZL076 [Old Babylonian (~2000–1600 BCE) | School texts]; GCSL230 [Gudea period (~2100 BCE) | Lagash / Girsu]; HZL126 [Hittite period (~1650–1180 BCE) | Hittite]; KWU731 [Ur III (~2112–2004 BCE) | Administrative]; MZL356 [Standard Babylonian (any period) | Akkado-Babylonian]; RSP403 [Early Dynastic (~2900–2340 BCE) | Presargonic Lagash]; SLLHA209 [Standard Babylonian (any period) | Akkado-Babylonian]
U+122D9,EGIR,|TUM.ŠU₂|,𒋙,Type_2,compound,|TUM.ŠU₂|,2,𒌈𒋙,U+12308; U+122D9,LAK499 [Uruk IV–III (~3400–3000 BCE) | Archaic / Uruk]; ABZL076 [Old Babylonian (~2000–1600 BCE) | School texts]; GCSL230 [Gudea period (~2100 BCE) | Lagash / Girsu]; HZL126 [Hittite period (~1650–1180 BCE) | Hittite]; KWU731 [Ur III (~2112–2004 BCE) | Administrative]; MZL356 [Standard Babylonian (any period) | Akkado-Babylonian]; RSP403 [Early Dynastic (~2900–2340 BCE) | Presargonic Lagash]; SLLHA209 [Standard Babylonian (any period) | Akkado-Babylonian]
U+12308,EGIR,|TUM.UD|,𒌈,Type_2,compound,|TUM.UD|,1,𒌈𒌓,U+12308; U+12313,LAK499 [Uruk IV–III (~3400–3000 BCE) | Archaic / Uruk]; ABZL076 [Old Babylonian (~2000–1600 BCE) | School texts]; GCSL230 [Gudea period (~2100 BCE) | Lagash / Girsu]; HZL126 [Hittite period (~1650–1180 BCE) | Hittite]; KWU731 [Ur III (~2112–2004 BCE) | Administrative]; MZL356 [Standard Babylonian (any period) | Akkado-Babylonian]; RSP403 [Early Dynastic (~2900–2340 BCE) | Presargonic Lagash]; SLLHA209 [Standard Babylonian (any period) | Akkado-Babylonian]
U+12313,EGIR,|TUM.UD|,𒌓,Type_2,compound,|TUM.UD|,2,𒌈𒌓,U+12308; U+12313,LAK499 [Uruk IV–III (~3400–3000 BCE) | Archaic / Uruk]; ABZL076 [Old Babylonian (~2000–1600 BCE) | School texts]; GCSL230 [Gudea period (~2100 BCE) | Lagash / Girsu]; HZL126 [Hittite period (~1650–1180 BCE) | Hittite]; KWU731 [Ur III (~2112–2004 BCE) | Administrative]; MZL356 [Standard Babylonian (any period) | Akkado-Babylonian]; RSP403 [Early Dynastic (~2900–2340 BCE) | Presargonic Lagash]; SLLHA209 [Standard Babylonian (any period) | Akkado-Babylonian]
U+12097,EN,LAK530,𒂗,Type_3,EN_v1,,,,,LAK530 [Uruk IV–III (~3400–3000 BCE) | Archaic / Uruk]; ELLES283 [Early Dynastic (~2900–2340 BCE) | Ebla]; PTACE256 [Early Dynastic (~2900–2340 BCE) | Ebla]; LAK532 [Uruk IV–III (~3400–3000 BCE) | Archaic / Uruk]; ASY071 [Standard Babylonian (any period) | Akkadian syllabary]; ABZL062 [Old Babylonian (~2000–1600 BCE) | School texts]; BAU296 [Early Dynastic (~2900–2340 BCE) | Lagash]; GCSL248 [Gudea period (~2100 BCE) | Lagash / Girsu]; HZL040 [Hittite period (~1650–1180 BCE) | Hittite]; KWU075 [Ur III (~2112–2004 BCE) | Administrative]; MZL164 [Standard Babylonian (any period) | Akkado-Babylonian]; RSP271 [Early Dynastic (~2900–2340 BCE) | Presargonic Lagash]; SLLHA099 [Standard Babylonian (any period) | Akkado-Babylonian]; SYA062 [Standard Babylonian (any period) | Akkadian syllabary]
U+12097,|EN.KID|,|EN.E₂|,𒂗,Type_2,compound,|EN.E₂|,1,𒂗𒂍,U+12097; U+1208D,
U+1208D,|EN.KID|,|EN.E₂|,𒂍,Type_2,compound,|EN.E₂|,2,𒂗𒂍,U+12097; U+1208D,
U+12097,|EN.ME.AN.MUŠ₃|,|EN.ME.AN×MUŠ₃|,𒂗,Type_2,compound,|EN.ME.AN×MUŠ₃|,1,𒂗𒈨X,U+12097; U+12228; X,
U+12228,|EN.ME.AN.MUŠ₃|,|EN.ME.AN×MUŠ₃|,𒈨,Type_2,compound,|EN.ME.AN×MUŠ₃|,2,𒂗𒈨X,U+12097; U+12228; X,
X,|EN.ME.AN.MUŠ₃|,|EN.ME.AN×MUŠ₃|,,Type_2,compound,|EN.ME.AN×MUŠ₃|,3,𒂗𒈨X,U+12097; U+12228; X,
U+12097,|EN.ME.GI|,|EN.ME.GI₄|,𒂗,Type_2,compound,|EN.ME.GI₄|,1,𒂗𒈨𒄄,U+12097; U+12228; U+12104,
U+12228,|EN.ME.GI|,|EN.ME.GI₄|,𒈨,Type_2,compound,|EN.ME.GI₄|,2,𒂗𒈨𒄄,U+12097; U+12228; U+12104,
U+12104,|EN.ME.GI|,|EN.ME.GI₄|,𒄄,Type_2,compound,|EN.ME.GI₄|,3,𒂗𒈨𒄄,U+12097; U+12228; U+12104,
U+1209A,|EN.ME.GI|,|EN×ME.GI|,𒂚,Type_2,compound,|EN×ME.GI|,1,𒂚𒄀,U+1209A; U+12100,
U+12100,|EN.ME.GI|,|EN×ME.GI|,𒄀,Type_2,compound,|EN×ME.GI|,2,𒂚𒄀,U+1209A; U+12100,
U+1209A,|EN.ME.GI|,|EN×ME.GI₄|,𒂚,Type_2,compound,|EN×ME.GI₄|,1,𒂚𒄄,U+1209A; U+12104,
U+12104,|EN.ME.GI|,|EN×ME.GI₄|,𒄄,Type_2,compound,|EN×ME.GI₄|,2,𒂚𒄄,U+1209A; U+12104,
U+12228,|EN.ME.GI|,|ME.EN.GI|,𒈨,Type_2,compound,|ME.EN.GI|,1,𒈨𒂗𒄀,U+12228; U+12097; U+12100,
U+12097,|EN.ME.GI|,|ME.EN.GI|,𒂗,Type_2,compound,|ME.EN.GI|,2,𒈨𒂗𒄀,U+12228; U+12097; U+12100,
U+12100,|EN.ME.GI|,|ME.EN.GI|,𒄀,Type_2,compound,|ME.EN.GI|,3,𒈨𒂗𒄀,U+12228; U+12097; U+12100,
U+1209A,|EN.ME.LI|,|EN×ME.LI|,𒂚,Type_2,compound,|EN×ME.LI|,1,𒂚𒇷,U+1209A; U+121F7,LAK534 [Uruk IV–III (~3400–3000 BCE) | Archaic / Uruk]; GCSL249 [Gudea period (~2100 BCE) | Lagash / Girsu]
U+121F7,|EN.ME.LI|,|EN×ME.LI|,𒇷,Type_2,compound,|EN×ME.LI|,2,𒂚𒇷,U+1209A; U+121F7,LAK534 [Uruk IV–III (~3400–3000 BCE) | Archaic / Uruk]; GCSL249 [Gudea period (~2100 BCE) | Lagash / Girsu]
U+1209A,|EN.ME.MU|,|EN×ME.MU|,𒂚,Type_2,compound,|EN×ME.MU|,1,𒂚𒈬,U+1209A; U+1222C,
U+1222C,|EN.ME.MU|,|EN×ME.MU|,𒈬,Type_2,compound,|EN×ME.MU|,2,𒂚𒈬,U+1209A; U+1222C,
U+12228,|EN.ME.MU|,|ME.EN.MU|,𒈨,Type_2,compound,|ME.EN.MU|,1,𒈨𒂗𒈬,U+12228; U+12097; U+1222C,
U+12097,|EN.ME.MU|,|ME.EN.MU|,𒂗,Type_2,compound,|ME.EN.MU|,2,𒈨𒂗𒈬,U+12228; U+12097; U+1222C,
U+1222C,|EN.ME.MU|,|ME.EN.MU|,𒈬,Type_2,compound,|ME.EN.MU|,3,𒈨𒂗𒈬,U+12228; U+12097; U+1222C,
U+12228,|EN.ME.MU|,|ME.MU|,𒈨,Type_2,compound,|ME.MU|,1,𒈨𒈬,U+12228; U+1222C,
U+1222C,|EN.ME.MU|,|ME.MU|,𒈬,Type_2,compound,|ME.MU|,2,𒈨𒈬,U+12228; U+1222C,
U+12097,|EN.NUNUZ.DIM₂|,|EN.NUNUZ.MA|,𒂗,Type_2,compound,|EN.NUNUZ.MA|,1,𒂗𒉭𒈠,U+12097; U+1226D; U+12220,
U+1226D,|EN.NUNUZ.DIM₂|,|EN.NUNUZ.MA|,𒉭,Type_2,compound,|EN.NUNUZ.MA|,2,𒂗𒉭𒈠,U+12097; U+1226D; U+12220,
U+12220,|EN.NUNUZ.DIM₂|,|EN.NUNUZ.MA|,𒈠,Type_2,compound,|EN.NUNUZ.MA|,3,𒂗𒉭𒈠,U+12097; U+1226D; U+12220,
U+12097,|EN.NUNUZ.ZI.AN.ŠEŠ.KI|,|EN.NU.NUNUZ.ZI.AN.ŠEŠ.KI|,𒂗,Type_2,compound,|EN.NU.NUNUZ.ZI.AN.ŠEŠ.KI|,1,𒂗𒉡𒉭𒍣𒀭𒋀𒆠,U+12097; U+12261; U+1226D; U+12363; U+1202D; U+122C0; U+121A0,
U+12261,|EN.NUNUZ.ZI.AN.ŠEŠ.KI|,|EN.NU.NUNUZ.ZI.AN.ŠEŠ.KI|,𒉡,Type_2,compound,|EN.NU.NUNUZ.ZI.AN.ŠEŠ.KI|,2,𒂗𒉡𒉭𒍣𒀭𒋀𒆠,U+12097; U+12261; U+1226D; U+12363; U+1202D; U+122C0; U+121A0,
U+1226D,|EN.NUNUZ.ZI.AN.ŠEŠ.KI|,|EN.NU.NUNUZ.ZI.AN.ŠEŠ.KI|,𒉭,Type_2,compound,|EN.NU.NUNUZ.ZI.AN.ŠEŠ.KI|,3,𒂗𒉡𒉭𒍣𒀭𒋀𒆠,U+12097; U+12261; U+1226D; U+12363; U+1202D; U+122C0; U+121A0,
U+12363,|EN.NUNUZ.ZI.AN.ŠEŠ.KI|,|EN.NU.NUNUZ.ZI.AN.ŠEŠ.KI|,𒍣,Type_2,compound,|EN.NU.NUNUZ.ZI.AN.ŠEŠ.KI|,4,𒂗𒉡𒉭𒍣𒀭𒋀𒆠,U+12097; U+12261; U+1226D; U+12363; U+1202D; U+122C0; U+121A0,
U+1202D,|EN.NUNUZ.ZI.AN.ŠEŠ.KI|,|EN.NU.NUNUZ.ZI.AN.ŠEŠ.KI|,𒀭,Type_2,compound,|EN.NU.NUNUZ.ZI.AN.ŠEŠ.KI|,5,𒂗𒉡𒉭𒍣𒀭𒋀𒆠,U+12097; U+12261; U+1226D; U+12363; U+1202D; U+122C0; U+121A0,
U+122C0,|EN.NUNUZ.ZI.AN.ŠEŠ.KI|,|EN.NU.NUNUZ.ZI.AN.ŠEŠ.KI|,𒋀,Type_2,compound,|EN.NU.NUNUZ.ZI.AN.ŠEŠ.KI|,6,𒂗𒉡𒉭𒍣𒀭𒋀𒆠,U+12097; U+12261; U+1226D; U+12363; U+1202D; U+122C0; U+121A0,
U+121A0,|EN.NUNUZ.ZI.AN.ŠEŠ.KI|,|EN.NU.NUNUZ.ZI.AN.ŠEŠ.KI|,𒆠,Type_2,compound,|EN.NU.NUNUZ.ZI.AN.ŠEŠ.KI|,7,𒂗𒉡𒉭𒍣𒀭𒋀𒆠,U+12097; U+12261; U+1226D; U+12363; U+1202D; U+122C0; U+121A0,
U+12097,|EN.NUNUZ.ZI.AN.UD|,|EN.NU.NUNUZ.ZI.AN.UD|,𒂗,Type_2,compound,|EN.NU.NUNUZ.ZI.AN.UD|,1,𒂗𒉡𒉭𒍣𒀭𒌓,U+12097; U+12261; U+1226D; U+12363; U+1202D; U+12313,
U+12261,|EN.NUNUZ.ZI.AN.UD|,|EN.NU.NUNUZ.ZI.AN.UD|,𒉡,Type_2,compound,|EN.NU.NUNUZ.ZI.AN.UD|,2,𒂗𒉡𒉭𒍣𒀭𒌓,U+12097; U+12261; U+1226D; U+12363; U+1202D; U+12313,
U+1226D,|EN.NUNUZ.ZI.AN.UD|,|EN.NU.NUNUZ.ZI.AN.UD|,𒉭,Type_2,compound,|EN.NU.NUNUZ.ZI.AN.UD|,3,𒂗𒉡𒉭𒍣𒀭𒌓,U+12097; U+12261; U+1226D; U+12363; U+1202D; U+12313,
U+12363,|EN.NUNUZ.ZI.AN.UD|,|EN.NU.NUNUZ.ZI.AN.UD|,𒍣,Type_2,compound,|EN.NU.NUNUZ.ZI.AN.UD|,4,𒂗𒉡𒉭𒍣𒀭𒌓,U+12097; U+12261; U+1226D; U+12363; U+1202D; U+12313,
U+1202D,|EN.NUNUZ.ZI.AN.UD|,|EN.NU.NUNUZ.ZI.AN.UD|,𒀭,Type_2,compound,|EN.NU.NUNUZ.ZI.AN.UD|,5,𒂗𒉡𒉭𒍣𒀭𒌓,U+12097; U+12261; U+1226D; U+12363; U+1202D; U+12313,
U+12313,|EN.NUNUZ.ZI.AN.UD|,|EN.NU.NUNUZ.ZI.AN.UD|,𒌓,Type_2,compound,|EN.NU.NUNUZ.ZI.AN.UD|,6,𒂗𒉡𒉭𒍣𒀭𒌓,U+12097; U+12261; U+1226D; U+12363; U+1202D; U+12313,
U+12097,|EN.PAP.IGI@g.NUN.ME.EZEN×KASKAL|,|EN.PAP.IGI@g.NUN.EZEN×KASKAL|,𒂗,Type_2,compound,|EN.PAP.IGI@g.NUN.EZEN×KASKAL|,1,𒂗𒉽𒅊𒉣𒂬,U+12097; U+1227D; U+1214A; U+12263; U+120AC,
U+1227D,|EN.PAP.IGI@g.NUN.ME.EZEN×KASKAL|,|EN.PAP.IGI@g.NUN.EZEN×KASKAL|,𒉽,Type_2,compound,|EN.PAP.IGI@g.NUN.EZEN×KASKAL|,2,𒂗𒉽𒅊𒉣𒂬,U+12097; U+1227D; U+1214A; U+12263; U+120AC,
U+1214A,|EN.PAP.IGI@g.NUN.ME.EZEN×KASKAL|,|EN.PAP.IGI@g.NUN.EZEN×KASKAL|,𒅊,Type_2,compound,|EN.PAP.IGI@g.NUN.EZEN×KASKAL|,3,𒂗𒉽𒅊𒉣𒂬,U+12097; U+1227D; U+1214A; U+12263; U+120AC,
U+12263,|EN.PAP.IGI@g.NUN.ME.EZEN×KASKAL|,|EN.PAP.IGI@g.NUN.EZEN×KASKAL|,𒉣,Type_2,compound,|EN.PAP.IGI@g.NUN.EZEN×KASKAL|,4,𒂗𒉽𒅊𒉣𒂬,U+12097; U+1227D; U+1214A; U+12263; U+120AC,
U+120AC,|EN.PAP.IGI@g.NUN.ME.EZEN×KASKAL|,|EN.PAP.IGI@g.NUN.EZEN×KASKAL|,𒂬,Type_2,compound,|EN.PAP.IGI@g.NUN.EZEN×KASKAL|,5,𒂗𒉽𒅊𒉣𒂬,U+12097; U+1227D; U+1214A; U+12263; U+120AC,
X,|EN.PAP.IGI@g.NUN.ME.EZEN×KASKAL|,|EN×IGI@g.NUN.EZEN×KASKAL|,,Type_2,compound,|EN×IGI@g.NUN.EZEN×KASKAL|,1,X𒉣𒂬,X; U+12263; U+120AC,
U+12263,|EN.PAP.IGI@g.NUN.ME.EZEN×KASKAL|,|EN×IGI@g.NUN.EZEN×KASKAL|,𒉣,Type_2,compound,|EN×IGI@g.NUN.EZEN×KASKAL|,2,X𒉣𒂬,X; U+12263; U+120AC,
U+120AC,|EN.PAP.IGI@g.NUN.ME.EZEN×KASKAL|,|EN×IGI@g.NUN.EZEN×KASKAL|,𒂬,Type_2,compound,|EN×IGI@g.NUN.EZEN×KASKAL|,3,X𒉣𒂬,X; U+12263; U+120AC,
X,|EN.PAP.IGI@g.NUN.ME.EZEN×KASKAL|,|EN×IGI@g.NUN.ME.EZEN×KASKAL|,,Type_2,compound,|EN×IGI@g.NUN.ME.EZEN×KASKAL|,1,X𒉣𒈨𒂬,X; U+12263; U+12228; U+120AC,
U+12263,|EN.PAP.IGI@g.NUN.ME.EZEN×KASKAL|,|EN×IGI@g.NUN.ME.EZEN×KASKAL|,𒉣,Type_2,compound,|EN×IGI@g.NUN.ME.EZEN×KASKAL|,2,X𒉣𒈨𒂬,X; U+12263; U+12228; U+120AC,
U+12228,|EN.PAP.IGI@g.NUN.ME.EZEN×KASKAL|,|EN×IGI@g.NUN.ME.EZEN×KASKAL|,𒈨,Type_2,compound,|EN×IGI@g.NUN.ME.EZEN×KASKAL|,3,X𒉣𒈨𒂬,X; U+12263; U+12228; U+120AC,
U+120AC,|EN.PAP.IGI@g.NUN.ME.EZEN×KASKAL|,|EN×IGI@g.NUN.ME.EZEN×KASKAL|,𒂬,Type_2,compound,|EN×IGI@g.NUN.ME.EZEN×KASKAL|,4,X𒉣𒈨𒂬,X; U+12263; U+12228; U+120AC,
U+1214A,|EN.PAP.IGI@g.NUN.ME.EZEN×KASKAL|,|IGI@g.EN.NUN.ME.EZEN×KASKAL|,𒅊,Type_2,compound,|IGI@g.EN.NUN.ME.EZEN×KASKAL|,1,𒅊𒂗𒉣𒈨𒂬,U+1214A; U+12097; U+12263; U+12228; U+120AC,
U+12097,|EN.PAP.IGI@g.NUN.ME.EZEN×KASKAL|,|IGI@g.EN.NUN.ME.EZEN×KASKAL|,𒂗,Type_2,compound,|IGI@g.EN.NUN.ME.EZEN×KASKAL|,2,𒅊𒂗𒉣𒈨𒂬,U+1214A; U+12097; U+12263; U+12228; U+120AC,
U+12263,|EN.PAP.IGI@g.NUN.ME.EZEN×KASKAL|,|IGI@g.EN.NUN.ME.EZEN×KASKAL|,𒉣,Type_2,compound,|IGI@g.EN.NUN.ME.EZEN×KASKAL|,3,𒅊𒂗𒉣𒈨𒂬,U+1214A; U+12097; U+12263; U+12228; U+120AC,
U+12228,|EN.PAP.IGI@g.NUN.ME.EZEN×KASKAL|,|IGI@g.EN.NUN.ME.EZEN×KASKAL|,𒈨,Type_2,compound,|IGI@g.EN.NUN.ME.EZEN×KASKAL|,4,𒅊𒂗𒉣𒈨𒂬,U+1214A; U+12097; U+12263; U+12228; U+120AC,
U+120AC,|EN.PAP.IGI@g.NUN.ME.EZEN×KASKAL|,|IGI@g.EN.NUN.ME.EZEN×KASKAL|,𒂬,Type_2,compound,|IGI@g.EN.NUN.ME.EZEN×KASKAL|,5,𒅊𒂗𒉣𒈨𒂬,U+1214A; U+12097; U+12263; U+12228; U+120AC,
U+1202D,|EN.SAL.ME.NUNUZ.ZI.AN.ŠEŠ.KI|,|AN.EN.NU.NUNUZ.ZI.AN.ŠEŠ.KI|,𒀭,Type_2,compound,|AN.EN.NU.NUNUZ.ZI.AN.ŠEŠ.KI|,1,𒀭𒂗𒉡𒉭𒍣𒀭𒋀𒆠,U+1202D; U+12097; U+12261; U+1226D; U+12363; U+1202D; U+122C0; U+121A0,
U+12097,|EN.SAL.ME.NUNUZ.ZI.AN.ŠEŠ.KI|,|AN.EN.NU.NUNUZ.ZI.AN.ŠEŠ.KI|,𒂗,Type_2,compound,|AN.EN.NU.NUNUZ.ZI.AN.ŠEŠ.KI|,2,𒀭𒂗𒉡𒉭𒍣𒀭𒋀𒆠,U+1202D; U+12097; U+12261; U+1226D; U+12363; U+1202D; U+122C0; U+121A0,
U+12261,|EN.SAL.ME.NUNUZ.ZI.AN.ŠEŠ.KI|,|AN.EN.NU.NUNUZ.ZI.AN.ŠEŠ.KI|,𒉡,Type_2,compound,|AN.EN.NU.NUNUZ.ZI.AN.ŠEŠ.KI|,3,𒀭𒂗𒉡𒉭𒍣𒀭𒋀𒆠,U+1202D; U+12097; U+12261; U+1226D; U+12363; U+1202D; U+122C0; U+121A0,
U+1226D,|EN.SAL.ME.NUNUZ.ZI.AN.ŠEŠ.KI|,|AN.EN.NU.NUNUZ.ZI.AN.ŠEŠ.KI|,𒉭,Type_2,compound,|AN.EN.NU.NUNUZ.ZI.AN.ŠEŠ.KI|,4,𒀭𒂗𒉡𒉭𒍣𒀭𒋀𒆠,U+1202D; U+12097; U+12261; U+1226D; U+12363; U+1202D; U+122C0; U+121A0,
U+12363,|EN.SAL.ME.NUNUZ.ZI.AN.ŠEŠ.KI|,|AN.EN.NU.NUNUZ.ZI.AN.ŠEŠ.KI|,𒍣,Type_2,compound,|AN.EN.NU.NUNUZ.ZI.AN.ŠEŠ.KI|,5,𒀭𒂗𒉡𒉭𒍣𒀭𒋀𒆠,U+1202D; U+12097; U+12261; U+1226D; U+12363; U+1202D; U+122C0; U+121A0,
U+1202D,|EN.SAL.ME.NUNUZ.ZI.AN.ŠEŠ.KI|,|AN.EN.NU.NUNUZ.ZI.AN.ŠEŠ.KI|,𒀭,Type_2,compound,|AN.EN.NU.NUNUZ.ZI.AN.ŠEŠ.KI|,6,𒀭𒂗𒉡𒉭𒍣𒀭𒋀𒆠,U+1202D; U+12097; U+12261; U+1226D; U+12363; U+1202D; U+122C0; U+121A0,
U+122C0,|EN.SAL.ME.NUNUZ.ZI.AN.ŠEŠ.KI|,|AN.EN.NU.NUNUZ.ZI.AN.ŠEŠ.KI|,𒋀,Type_2,compound,|AN.EN.NU.NUNUZ.ZI.AN.ŠEŠ.KI|,7,𒀭𒂗𒉡𒉭𒍣𒀭𒋀𒆠,U+1202D; U+12097; U+12261; U+1226D; U+12363; U+1202D; U+122C0; U+121A0,
U+121A0,|EN.SAL.ME.NUNUZ.ZI.AN.ŠEŠ.KI|,|AN.EN.NU.NUNUZ.ZI.AN.ŠEŠ.KI|,𒆠,Type_2,compound,|AN.EN.NU.NUNUZ.ZI.AN.ŠEŠ.KI|,8,𒀭𒂗𒉡𒉭𒍣𒀭𒋀𒆠,U+1202D; U+12097; U+12261; U+1226D; U+12363; U+1202D; U+122C0; U+121A0,
U+122A9,|EN.SAL.ME.NUNUZ.ZI.AN.ŠEŠ.KI|,|SAL.NUNUZ.ZI.AN.ŠEŠ.KI|,𒊩,Type_2,compound,|SAL.NUNUZ.ZI.AN.ŠEŠ.KI|,1,𒊩𒉭𒍣𒀭𒋀𒆠,U+122A9; U+1226D; U+12363; U+1202D; U+122C0; U+121A0,
U+1226D,|EN.SAL.ME.NUNUZ.ZI.AN.ŠEŠ.KI|,|SAL.NUNUZ.ZI.AN.ŠEŠ.KI|,𒉭,Type_2,compound,|SAL.NUNUZ.ZI.AN.ŠEŠ.KI|,2,𒊩𒉭𒍣𒀭𒋀𒆠,U+122A9; U+1226D; U+12363; U+1202D; U+122C0; U+121A0,
U+12363,|EN.SAL.ME.NUNUZ.ZI.AN.ŠEŠ.KI|,|SAL.NUNUZ.ZI.AN.ŠEŠ.KI|,𒍣,Type_2,compound,|SAL.NUNUZ.ZI.AN.ŠEŠ.KI|,3,𒊩𒉭𒍣𒀭𒋀𒆠,U+122A9; U+1226D; U+12363; U+1202D; U+122C0; U+121A0,
U+1202D,|EN.SAL.ME.NUNUZ.ZI.AN.ŠEŠ.KI|,|SAL.NUNUZ.ZI.AN.ŠEŠ.KI|,𒀭,Type_2,compound,|SAL.NUNUZ.ZI.AN.ŠEŠ.KI|,4,𒊩𒉭𒍣𒀭𒋀𒆠,U+122A9; U+1226D; U+12363; U+1202D; U+122C0; U+121A0,
U+122C0,|EN.SAL.ME.NUNUZ.ZI.AN.ŠEŠ.KI|,|SAL.NUNUZ.ZI.AN.ŠEŠ.KI|,𒋀,Type_2,compound,|SAL.NUNUZ.ZI.AN.ŠEŠ.KI|,5,𒊩𒉭𒍣𒀭𒋀𒆠,U+122A9; U+1226D; U+12363; U+1202D; U+122C0; U+121A0,
U+121A0,|EN.SAL.ME.NUNUZ.ZI.AN.ŠEŠ.KI|,|SAL.NUNUZ.ZI.AN.ŠEŠ.KI|,𒆠,Type_2,compound,|SAL.NUNUZ.ZI.AN.ŠEŠ.KI|,6,𒊩𒉭𒍣𒀭𒋀𒆠,U+122A9; U+1226D; U+12363; U+1202D; U+122C0; U+121A0,
U+122E0,EREN,|SIK₂.NUN|,𒋠,Type_2,compound,|SIK₂.NUN|,1,𒋠𒉣,U+122E0; U+12263,LAK665 [Uruk IV–III (~3400–3000 BCE) | Archaic / Uruk]; LAK671 [Uruk IV–III (~3400–3000 BCE) | Archaic / Uruk]; ABZL398 [Old Babylonian (~2000–1600 BCE) | School texts]; BAU373 [Early Dynastic (~2900–2340 BCE) | Lagash]; ELLES327 [Early Dynastic (~2900–2340 BCE) | Ebla]; GCSL300 [Gudea period (~2100 BCE) | Lagash / Girsu]; HZL062 [Hittite period (~1650–1180 BCE) | Hittite]; KWU895 [Ur III (~2112–2004 BCE) | Administrative]; MZL818 [Standard Babylonian (any period) | Akkado-Babylonian]; PTACE274 [Early Dynastic (~2900–2340 BCE) | Ebla]; RSP304 [Early Dynastic (~2900–2340 BCE) | Presargonic Lagash]; SLLHA541 [Standard Babylonian (any period) | Akkado-Babylonian]
U+12263,EREN,|SIK₂.NUN|,𒉣,Type_2,compound,|SIK₂.NUN|,2,𒋠𒉣,U+122E0; U+12263,LAK665 [Uruk IV–III (~3400–3000 BCE) | Archaic / Uruk]; LAK671 [Uruk IV–III (~3400–3000 BCE) | Archaic / Uruk]; ABZL398 [Old Babylonian (~2000–1600 BCE) | School texts]; BAU373 [Early Dynastic (~2900–2340 BCE) | Lagash]; ELLES327 [Early Dynastic (~2900–2340 BCE) | Ebla]; GCSL300 [Gudea period (~2100 BCE) | Lagash / Girsu]; HZL062 [Hittite period (~1650–1180 BCE) | Hittite]; KWU895 [Ur III (~2112–2004 BCE) | Administrative]; MZL818 [Standard Babylonian (any period) | Akkado-Babylonian]; PTACE274 [Early Dynastic (~2900–2340 BCE) | Ebla]; RSP304 [Early Dynastic (~2900–2340 BCE) | Presargonic Lagash]; SLLHA541 [Standard Babylonian (any period) | Akkado-Babylonian]
U+120A0,EŠ₂,EŠ₂@90,𒂠,Type_3,ES_v1,,,,,LAK794 [Uruk IV–III (~3400–3000 BCE) | Archaic / Uruk]; ASY291 [Standard Babylonian (any period) | Akkadian syllabary]; ABZL420 [Old Babylonian (~2000–1600 BCE) | School texts]; BAU386a [Early Dynastic (~2900–2340 BCE) | Lagash]; ELLES392 [Early Dynastic (~2900–2340 BCE) | Ebla]; GCSL323 [Gudea period (~2100 BCE) | Lagash / Girsu]; PTACE325 [Early Dynastic (~2900–2340 BCE) | Ebla]; RSP256 [Early Dynastic (~2900–2340 BCE) | Presargonic Lagash]; SYA256 [Standard Babylonian (any period) | Akkadian syllabary]
U+1204D,|EŠ₂.SUD.NUN.EŠ₂.TU|,|BU.EŠ₂.ŠE.NUN|,𒁍,Type_2,compound,|BU.EŠ₂.ŠE.NUN|,1,𒁍𒂠𒊺𒉣,U+1204D; U+120A0; U+122BA; U+12263,
U+120A0,|EŠ₂.SUD.NUN.EŠ₂.TU|,|BU.EŠ₂.ŠE.NUN|,𒂠,Type_2,compound,|BU.EŠ₂.ŠE.NUN|,2,𒁍𒂠𒊺𒉣,U+1204D; U+120A0; U+122BA; U+12263,
U+122BA,|EŠ₂.SUD.NUN.EŠ₂.TU|,|BU.EŠ₂.ŠE.NUN|,𒊺,Type_2,compound,|BU.EŠ₂.ŠE.NUN|,3,𒁍𒂠𒊺𒉣,U+1204D; U+120A0; U+122BA; U+12263,
U+12263,|EŠ₂.SUD.NUN.EŠ₂.TU|,|BU.EŠ₂.ŠE.NUN|,𒉣,Type_2,compound,|BU.EŠ₂.ŠE.NUN|,4,𒁍𒂠𒊺𒉣,U+1204D; U+120A0; U+122BA; U+12263,
U+1204D,|EŠ₂.SUD.NUN.EŠ₂.TU|,|BU.NU.NUN.LUH.EŠ₂|,𒁍,Type_2,compound,|BU.NU.NUN.LUH.EŠ₂|,1,𒁍𒉡𒉣𒈛𒂠,U+1204D; U+12261; U+12263; U+1221B; U+120A0,
U+12261,|EŠ₂.SUD.NUN.EŠ₂.TU|,|BU.NU.NUN.LUH.EŠ₂|,𒉡,Type_2,compound,|BU.NU.NUN.LUH.EŠ₂|,2,𒁍𒉡𒉣𒈛𒂠,U+1204D; U+12261; U+12263; U+1221B; U+120A0,
U+12263,|EŠ₂.SUD.NUN.EŠ₂.TU|,|BU.NU.NUN.LUH.EŠ₂|,𒉣,Type_2,compound,|BU.NU.NUN.LUH.EŠ₂|,3,𒁍𒉡𒉣𒈛𒂠,U+1204D; U+12261; U+12263; U+1221B; U+120A0,
U+1221B,|EŠ₂.SUD.NUN.EŠ₂.TU|,|BU.NU.NUN.LUH.EŠ₂|,𒈛,Type_2,compound,|BU.NU.NUN.LUH.EŠ₂|,4,𒁍𒉡𒉣𒈛𒂠,U+1204D; U+12261; U+12263; U+1221B; U+120A0,
U+120A0,|EŠ₂.SUD.NUN.EŠ₂.TU|,|BU.NU.NUN.LUH.EŠ₂|,𒂠,Type_2,compound,|BU.NU.NUN.LUH.EŠ₂|,5,𒁍𒉡𒉣𒈛𒂠,U+1204D; U+12261; U+12263; U+1221B; U+120A0,
U+1204D,|EŠ₂.SUD.NUN.EŠ₂.TU|,|BU.NUN.ŠE.EŠ₂|,𒁍,Type_2,compound,|BU.NUN.ŠE.EŠ₂|,1,𒁍𒉣𒊺𒂠,U+1204D; U+12263; U+122BA; U+120A0,
U+12263,|EŠ₂.SUD.NUN.EŠ₂.TU|,|BU.NUN.ŠE.EŠ₂|,𒉣,Type_2,compound,|BU.NUN.ŠE.EŠ₂|,2,𒁍𒉣𒊺𒂠,U+1204D; U+12263; U+122BA; U+120A0,
U+122BA,|EŠ₂.SUD.NUN.EŠ₂.TU|,|BU.NUN.ŠE.EŠ₂|,𒊺,Type_2,compound,|BU.NUN.ŠE.EŠ₂|,3,𒁍𒉣𒊺𒂠,U+1204D; U+12263; U+122BA; U+120A0,
U+120A0,|EŠ₂.SUD.NUN.EŠ₂.TU|,|BU.NUN.ŠE.EŠ₂|,𒂠,Type_2,compound,|BU.NUN.ŠE.EŠ₂|,4,𒁍𒉣𒊺𒂠,U+1204D; U+12263; U+122BA; U+120A0,
U+1204D,|EŠ₂.SUD.NUN.EŠ₂.TU|,|BU.ŠE.EŠ₂.NUN|,𒁍,Type_2,compound,|BU.ŠE.EŠ₂.NUN|,1,𒁍𒊺𒂠𒉣,U+1204D; U+122BA; U+120A0; U+12263,
U+122BA,|EŠ₂.SUD.NUN.EŠ₂.TU|,|BU.ŠE.EŠ₂.NUN|,𒊺,Type_2,compound,|BU.ŠE.EŠ₂.NUN|,2,𒁍𒊺𒂠𒉣,U+1204D; U+122BA; U+120A0; U+12263,
U+120A0,|EŠ₂.SUD.NUN.EŠ₂.TU|,|BU.ŠE.EŠ₂.NUN|,𒂠,Type_2,compound,|BU.ŠE.EŠ₂.NUN|,3,𒁍𒊺𒂠𒉣,U+1204D; U+122BA; U+120A0; U+12263,
U+12263,|EŠ₂.SUD.NUN.EŠ₂.TU|,|BU.ŠE.EŠ₂.NUN|,𒉣,Type_2,compound,|BU.ŠE.EŠ₂.NUN|,4,𒁍𒊺𒂠𒉣,U+1204D; U+122BA; U+120A0; U+12263,
U+120A0,|EŠ₂.SUD.NUN.EŠ₂.TU|,EŠ₂,𒂠,Type_1,ESSUDNUN_v1,,,,,LAK794 [Uruk IV–III (~3400–3000 BCE) | Archaic / Uruk]; ASY291 [Standard Babylonian (any period) | Akkadian syllabary]; BAU386a [Early Dynastic (~2900–2340 BCE) | Lagash]; ELLES392 [Early Dynastic (~2900–2340 BCE) | Ebla]; GCSL323 [Gudea period (~2100 BCE) | Lagash / Girsu]; PTACE325 [Early Dynastic (~2900–2340 BCE) | Ebla]; RSP256 [Early Dynastic (~2900–2340 BCE) | Presargonic Lagash]
U+120A0,|EŠ₂.SUD.NUN.EŠ₂.TU|,|EŠ₂.BU.EŠ₂.NUN.EŠ₂.TU|,𒂠,Type_2,compound,|EŠ₂.BU.EŠ₂.NUN.EŠ₂.TU|,1,𒂠𒁍𒂠𒉣𒂠𒌅,U+120A0; U+1204D; U+120A0; U+12263; U+120A0; U+12305,
U+1204D,|EŠ₂.SUD.NUN.EŠ₂.TU|,|EŠ₂.BU.EŠ₂.NUN.EŠ₂.TU|,𒁍,Type_2,compound,|EŠ₂.BU.EŠ₂.NUN.EŠ₂.TU|,2,𒂠𒁍𒂠𒉣𒂠𒌅,U+120A0; U+1204D; U+120A0; U+12263; U+120A0; U+12305,
U+120A0,|EŠ₂.SUD.NUN.EŠ₂.TU|,|EŠ₂.BU.EŠ₂.NUN.EŠ₂.TU|,𒂠,Type_2,compound,|EŠ₂.BU.EŠ₂.NUN.EŠ₂.TU|,3,𒂠𒁍𒂠𒉣𒂠𒌅,U+120A0; U+1204D; U+120A0; U+12263; U+120A0; U+12305,
U+12263,|EŠ₂.SUD.NUN.EŠ₂.TU|,|EŠ₂.BU.EŠ₂.NUN.EŠ₂.TU|,𒉣,Type_2,compound,|EŠ₂.BU.EŠ₂.NUN.EŠ₂.TU|,4,𒂠𒁍𒂠𒉣𒂠𒌅,U+120A0; U+1204D; U+120A0; U+12263; U+120A0; U+12305,
U+120A0,|EŠ₂.SUD.NUN.EŠ₂.TU|,|EŠ₂.BU.EŠ₂.NUN.EŠ₂.TU|,𒂠,Type_2,compound,|EŠ₂.BU.EŠ₂.NUN.EŠ₂.TU|,5,𒂠𒁍𒂠𒉣𒂠𒌅,U+120A0; U+1204D; U+120A0; U+12263; U+120A0; U+12305,
U+12305,|EŠ₂.SUD.NUN.EŠ₂.TU|,|EŠ₂.BU.EŠ₂.NUN.EŠ₂.TU|,𒌅,Type_2,compound,|EŠ₂.BU.EŠ₂.NUN.EŠ₂.TU|,6,𒂠𒁍𒂠𒉣𒂠𒌅,U+120A0; U+1204D; U+120A0; U+12263; U+120A0; U+12305,
U+120A0,|EŠ₂.SUD.NUN.EŠ₂.TU|,|EŠ₂.BU.NUN.EŠ₂.TU|,𒂠,Type_2,compound,|EŠ₂.BU.NUN.EŠ₂.TU|,1,𒂠𒁍𒉣𒂠𒌅,U+120A0; U+1204D; U+12263; U+120A0; U+12305,
U+1204D,|EŠ₂.SUD.NUN.EŠ₂.TU|,|EŠ₂.BU.NUN.EŠ₂.TU|,𒁍,Type_2,compound,|EŠ₂.BU.NUN.EŠ₂.TU|,2,𒂠𒁍𒉣𒂠𒌅,U+120A0; U+1204D; U+12263; U+120A0; U+12305,
U+12263,|EŠ₂.SUD.NUN.EŠ₂.TU|,|EŠ₂.BU.NUN.EŠ₂.TU|,𒉣,Type_2,compound,|EŠ₂.BU.NUN.EŠ₂.TU|,3,𒂠𒁍𒉣𒂠𒌅,U+120A0; U+1204D; U+12263; U+120A0; U+12305,
U+120A0,|EŠ₂.SUD.NUN.EŠ₂.TU|,|EŠ₂.BU.NUN.EŠ₂.TU|,𒂠,Type_2,compound,|EŠ₂.BU.NUN.EŠ₂.TU|,4,𒂠𒁍𒉣𒂠𒌅,U+120A0; U+1204D; U+12263; U+120A0; U+12305,
U+12305,|EŠ₂.SUD.NUN.EŠ₂.TU|,|EŠ₂.BU.NUN.EŠ₂.TU|,𒌅,Type_2,compound,|EŠ₂.BU.NUN.EŠ₂.TU|,5,𒂠𒁍𒉣𒂠𒌅,U+120A0; U+1204D; U+12263; U+120A0; U+12305,
U+120A0,|EŠ₂.SUD.NUN.EŠ₂.TU|,|EŠ₂.SUD.EŠ₂.TU|,𒂠,Type_2,compound,|EŠ₂.SUD.EŠ₂.TU|,1,𒂠𒋤𒂠𒌅,U+120A0; U+122E4; U+120A0; U+12305,
U+122E4,|EŠ₂.SUD.NUN.EŠ₂.TU|,|EŠ₂.SUD.EŠ₂.TU|,𒋤,Type_2,compound,|EŠ₂.SUD.EŠ₂.TU|,2,𒂠𒋤𒂠𒌅,U+120A0; U+122E4; U+120A0; U+12305,
U+120A0,|EŠ₂.SUD.NUN.EŠ₂.TU|,|EŠ₂.SUD.EŠ₂.TU|,𒂠,Type_2,compound,|EŠ₂.SUD.EŠ₂.TU|,3,𒂠𒋤𒂠𒌅,U+120A0; U+122E4; U+120A0; U+12305,
U+12305,|EŠ₂.SUD.NUN.EŠ₂.TU|,|EŠ₂.SUD.EŠ₂.TU|,𒌅,Type_2,compound,|EŠ₂.SUD.EŠ₂.TU|,4,𒂠𒋤𒂠𒌅,U+120A0; U+122E4; U+120A0; U+12305,
U+120A0,|EŠ₂.SUD.NUN.EŠ₂.TU|,|EŠ₂.SUD.NUN|,𒂠,Type_2,compound,|EŠ₂.SUD.NUN|,1,𒂠𒋤𒉣,U+120A0; U+122E4; U+12263,
U+122E4,|EŠ₂.SUD.NUN.EŠ₂.TU|,|EŠ₂.SUD.NUN|,𒋤,Type_2,compound,|EŠ₂.SUD.NUN|,2,𒂠𒋤𒉣,U+120A0; U+122E4; U+12263,
U+12263,|EŠ₂.SUD.NUN.EŠ₂.TU|,|EŠ₂.SUD.NUN|,𒉣,Type_2,compound,|EŠ₂.SUD.NUN|,3,𒂠𒋤𒉣,U+120A0; U+122E4; U+12263,
U+120A0,|EŠ₂.SUD.NUN.EŠ₂.TU|,|EŠ₂.SUD.NUN.TU.EŠ₂|,𒂠,Type_2,compound,|EŠ₂.SUD.NUN.TU.EŠ₂|,1,𒂠𒋤𒉣𒌅𒂠,U+120A0; U+122E4; U+12263; U+12305; U+120A0,
U+122E4,|EŠ₂.SUD.NUN.EŠ₂.TU|,|EŠ₂.SUD.NUN.TU.EŠ₂|,𒋤,Type_2,compound,|EŠ₂.SUD.NUN.TU.EŠ₂|,2,𒂠𒋤𒉣𒌅𒂠,U+120A0; U+122E4; U+12263; U+12305; U+120A0,
U+12263,|EŠ₂.SUD.NUN.EŠ₂.TU|,|EŠ₂.SUD.NUN.TU.EŠ₂|,𒉣,Type_2,compound,|EŠ₂.SUD.NUN.TU.EŠ₂|,3,𒂠𒋤𒉣𒌅𒂠,U+120A0; U+122E4; U+12263; U+12305; U+120A0,
U+12305,|EŠ₂.SUD.NUN.EŠ₂.TU|,|EŠ₂.SUD.NUN.TU.EŠ₂|,𒌅,Type_2,compound,|EŠ₂.SUD.NUN.TU.EŠ₂|,4,𒂠𒋤𒉣𒌅𒂠,U+120A0; U+122E4; U+12263; U+12305; U+120A0,
U+120A0,|EŠ₂.SUD.NUN.EŠ₂.TU|,|EŠ₂.SUD.NUN.TU.EŠ₂|,𒂠,Type_2,compound,|EŠ₂.SUD.NUN.TU.EŠ₂|,5,𒂠𒋤𒉣𒌅𒂠,U+120A0; U+122E4; U+12263; U+12305; U+120A0,
U+120A0,|EŠ₂.SUD.NUN.EŠ₂.TU|,|EŠ₂.SUD.UD.NUN.EŠ₂.TU|,𒂠,Type_2,compound,|EŠ₂.SUD.UD.NUN.EŠ₂.TU|,1,𒂠𒋤𒌓𒉣𒂠𒌅,U+120A0; U+122E4; U+12313; U+12263; U+120A0; U+12305,
U+122E4,|EŠ₂.SUD.NUN.EŠ₂.TU|,|EŠ₂.SUD.UD.NUN.EŠ₂.TU|,𒋤,Type_2,compound,|EŠ₂.SUD.UD.NUN.EŠ₂.TU|,2,𒂠𒋤𒌓𒉣𒂠𒌅,U+120A0; U+122E4; U+12313; U+12263; U+120A0; U+12305,
U+12313,|EŠ₂.SUD.NUN.EŠ₂.TU|,|EŠ₂.SUD.UD.NUN.EŠ₂.TU|,𒌓,Type_2,compound,|EŠ₂.SUD.UD.NUN.EŠ₂.TU|,3,𒂠𒋤𒌓𒉣𒂠𒌅,U+120A0; U+122E4; U+12313; U+12263; U+120A0; U+12305,
U+12263,|EŠ₂.SUD.NUN.EŠ₂.TU|,|EŠ₂.SUD.UD.NUN.EŠ₂.TU|,𒉣,Type_2,compound,|EŠ₂.SUD.UD.NUN.EŠ₂.TU|,4,𒂠𒋤𒌓𒉣𒂠𒌅,U+120A0; U+122E4; U+12313; U+12263; U+120A0; U+12305,
U+120A0,|EŠ₂.SUD.NUN.EŠ₂.TU|,|EŠ₂.SUD.UD.NUN.EŠ₂.TU|,𒂠,Type_2,compound,|EŠ₂.SUD.UD.NUN.EŠ₂.TU|,5,𒂠𒋤𒌓𒉣𒂠𒌅,U+120A0; U+122E4; U+12313; U+12263; U+120A0; U+12305,
U+12305,|EŠ₂.SUD.NUN.EŠ₂.TU|,|EŠ₂.SUD.UD.NUN.EŠ₂.TU|,𒌅,Type_2,compound,|EŠ₂.SUD.UD.NUN.EŠ₂.TU|,6,𒂠𒋤𒌓𒉣𒂠𒌅,U+120A0; U+122E4; U+12313; U+12263; U+120A0; U+12305,
U+120A0,|EŠ₂.SUD.NUN.EŠ₂.TU|,|EŠ₂.TU.BU|,𒂠,Type_2,compound,|EŠ₂.TU.BU|,1,𒂠𒌅𒁍,U+120A0; U+12305; U+1204D,
U+12305,|EŠ₂.SUD.NUN.EŠ₂.TU|,|EŠ₂.TU.BU|,𒌅,Type_2,compound,|EŠ₂.TU.BU|,2,𒂠𒌅𒁍,U+120A0; U+12305; U+1204D,
U+1204D,|EŠ₂.SUD.NUN.EŠ₂.TU|,|EŠ₂.TU.BU|,𒁍,Type_2,compound,|EŠ₂.TU.BU|,3,𒂠𒌅𒁍,U+120A0; U+12305; U+1204D,
U+121AA,|EŠ₂.SUD.NUN.EŠ₂.TU|,|KU.BU.NUN.TU.KU|,𒆪,Type_2,compound,|KU.BU.NUN.TU.KU|,1,𒆪𒁍𒉣𒌅𒆪,U+121AA; U+1204D; U+12263; U+12305; U+121AA,
U+1204D,|EŠ₂.SUD.NUN.EŠ₂.TU|,|KU.BU.NUN.TU.KU|,𒁍,Type_2,compound,|KU.BU.NUN.TU.KU|,2,𒆪𒁍𒉣𒌅𒆪,U+121AA; U+1204D; U+12263; U+12305; U+121AA,
U+12263,|EŠ₂.SUD.NUN.EŠ₂.TU|,|KU.BU.NUN.TU.KU|,𒉣,Type_2,compound,|KU.BU.NUN.TU.KU|,3,𒆪𒁍𒉣𒌅𒆪,U+121AA; U+1204D; U+12263; U+12305; U+121AA,
U+12305,|EŠ₂.SUD.NUN.EŠ₂.TU|,|KU.BU.NUN.TU.KU|,𒌅,Type_2,compound,|KU.BU.NUN.TU.KU|,4,𒆪𒁍𒉣𒌅𒆪,U+121AA; U+1204D; U+12263; U+12305; U+121AA,
U+121AA,|EŠ₂.SUD.NUN.EŠ₂.TU|,|KU.BU.NUN.TU.KU|,𒆪,Type_2,compound,|KU.BU.NUN.TU.KU|,5,𒆪𒁍𒉣𒌅𒆪,U+121AA; U+1204D; U+12263; U+12305; U+121AA,
U+12263,|EŠ₂.SUD.NUN.EŠ₂.TU|,|NUN.EŠ₂.BU|,𒉣,Type_2,compound,|NUN.EŠ₂.BU|,1,𒉣𒂠𒁍,U+12263; U+120A0; U+1204D,
U+120A0,|EŠ₂.SUD.NUN.EŠ₂.TU|,|NUN.EŠ₂.BU|,𒂠,Type_2,compound,|NUN.EŠ₂.BU|,2,𒉣𒂠𒁍,U+12263; U+120A0; U+1204D,
U+1204D,|EŠ₂.SUD.NUN.EŠ₂.TU|,|NUN.EŠ₂.BU|,𒁍,Type_2,compound,|NUN.EŠ₂.BU|,3,𒉣𒂠𒁍,U+12263; U+120A0; U+1204D,
U+12263,|EŠ₂.SUD.NUN.EŠ₂.TU|,|NUN.ŠE.LAL|,𒉣,Type_2,compound,|NUN.ŠE.LAL|,1,𒉣𒊺𒇲,U+12263; U+122BA; U+121F2,
U+122BA,|EŠ₂.SUD.NUN.EŠ₂.TU|,|NUN.ŠE.LAL|,𒊺,Type_2,compound,|NUN.ŠE.LAL|,2,𒉣𒊺𒇲,U+12263; U+122BA; U+121F2,
U+121F2,|EŠ₂.SUD.NUN.EŠ₂.TU|,|NUN.ŠE.LAL|,𒇲,Type_2,compound,|NUN.ŠE.LAL|,3,𒉣𒊺𒇲,U+12263; U+122BA; U+121F2,
U+122E4,|EŠ₂.SUD.NUN.EŠ₂.TU|,|SUD.NU.NUN.EŠ₂|,𒋤,Type_2,compound,|SUD.NU.NUN.EŠ₂|,1,𒋤𒉡𒉣𒂠,U+122E4; U+12261; U+12263; U+120A0,
U+12261,|EŠ₂.SUD.NUN.EŠ₂.TU|,|SUD.NU.NUN.EŠ₂|,𒉡,Type_2,compound,|SUD.NU.NUN.EŠ₂|,2,𒋤𒉡𒉣𒂠,U+122E4; U+12261; U+12263; U+120A0,
U+12263,|EŠ₂.SUD.NUN.EŠ₂.TU|,|SUD.NU.NUN.EŠ₂|,𒉣,Type_2,compound,|SUD.NU.NUN.EŠ₂|,3,𒋤𒉡𒉣𒂠,U+122E4; U+12261; U+12263; U+120A0,
U+120A0,|EŠ₂.SUD.NUN.EŠ₂.TU|,|SUD.NU.NUN.EŠ₂|,𒂠,Type_2,compound,|SUD.NU.NUN.EŠ₂|,4,𒋤𒉡𒉣𒂠,U+122E4; U+12261; U+12263; U+120A0,
U+122E4,|EŠ₂.SUD.NUN.EŠ₂.TU|,|SUD.NUN.EŠ₂.TU|,𒋤,Type_2,compound,|SUD.NUN.EŠ₂.TU|,1,𒋤𒉣𒂠𒌅,U+122E4; U+12263; U+120A0; U+12305,
U+12263,|EŠ₂.SUD.NUN.EŠ₂.TU|,|SUD.NUN.EŠ₂.TU|,𒉣,Type_2,compound,|SUD.NUN.EŠ₂.TU|,2,𒋤𒉣𒂠𒌅,U+122E4; U+12263; U+120A0; U+12305,
U+120A0,|EŠ₂.SUD.NUN.EŠ₂.TU|,|SUD.NUN.EŠ₂.TU|,𒂠,Type_2,compound,|SUD.NUN.EŠ₂.TU|,3,𒋤𒉣𒂠𒌅,U+122E4; U+12263; U+120A0; U+12305,
U+12305,|EŠ₂.SUD.NUN.EŠ₂.TU|,|SUD.NUN.EŠ₂.TU|,𒌅,Type_2,compound,|SUD.NUN.EŠ₂.TU|,4,𒋤𒉣𒂠𒌅,U+122E4; U+12263; U+120A0; U+12305,
U+122E4,|EŠ₂.SUD.NUN.EŠ₂.TU|,|SUD.NUN.ŠE.EŠ₂|,𒋤,Type_2,compound,|SUD.NUN.ŠE.EŠ₂|,1,𒋤𒉣𒊺𒂠,U+122E4; U+12263; U+122BA; U+120A0,
U+12263,|EŠ₂.SUD.NUN.EŠ₂.TU|,|SUD.NUN.ŠE.EŠ₂|,𒉣,Type_2,compound,|SUD.NUN.ŠE.EŠ₂|,2,𒋤𒉣𒊺𒂠,U+122E4; U+12263; U+122BA; U+120A0,
U+122BA,|EŠ₂.SUD.NUN.EŠ₂.TU|,|SUD.NUN.ŠE.EŠ₂|,𒊺,Type_2,compound,|SUD.NUN.ŠE.EŠ₂|,3,𒋤𒉣𒊺𒂠,U+122E4; U+12263; U+122BA; U+120A0,
U+120A0,|EŠ₂.SUD.NUN.EŠ₂.TU|,|SUD.NUN.ŠE.EŠ₂|,𒂠,Type_2,compound,|SUD.NUN.ŠE.EŠ₂|,4,𒋤𒉣𒊺𒂠,U+122E4; U+12263; U+122BA; U+120A0,
U+122BA,|EŠ₂.SUD.NUN.EŠ₂.TU|,|ŠE.BU.NUN|,𒊺,Type_2,compound,|ŠE.BU.NUN|,1,𒊺𒁍𒉣,U+122BA; U+1204D; U+12263,
U+1204D,|EŠ₂.SUD.NUN.EŠ₂.TU|,|ŠE.BU.NUN|,𒁍,Type_2,compound,|ŠE.BU.NUN|,2,𒊺𒁍𒉣,U+122BA; U+1204D; U+12263,
U+12263,|EŠ₂.SUD.NUN.EŠ₂.TU|,|ŠE.BU.NUN|,𒉣,Type_2,compound,|ŠE.BU.NUN|,3,𒊺𒁍𒉣,U+122BA; U+1204D; U+12263,
U+122BA,|EŠ₂.SUD.NUN.EŠ₂.TU|,|ŠE.EŠ₂.NUN.BU|,𒊺,Type_2,compound,|ŠE.EŠ₂.NUN.BU|,1,𒊺𒂠𒉣𒁍,U+122BA; U+120A0; U+12263; U+1204D,
U+120A0,|EŠ₂.SUD.NUN.EŠ₂.TU|,|ŠE.EŠ₂.NUN.BU|,𒂠,Type_2,compound,|ŠE.EŠ₂.NUN.BU|,2,𒊺𒂠𒉣𒁍,U+122BA; U+120A0; U+12263; U+1204D,
U+12263,|EŠ₂.SUD.NUN.EŠ₂.TU|,|ŠE.EŠ₂.NUN.BU|,𒉣,Type_2,compound,|ŠE.EŠ₂.NUN.BU|,3,𒊺𒂠𒉣𒁍,U+122BA; U+120A0; U+12263; U+1204D,
U+1204D,|EŠ₂.SUD.NUN.EŠ₂.TU|,|ŠE.EŠ₂.NUN.BU|,𒁍,Type_2,compound,|ŠE.EŠ₂.NUN.BU|,4,𒊺𒂠𒉣𒁍,U+122BA; U+120A0; U+12263; U+1204D,
U+122BA,|EŠ₂.SUD.NUN.EŠ₂.TU|,|ŠE.EŠ₂.NUN.BU.LUH|,𒊺,Type_2,compound,|ŠE.EŠ₂.NUN.BU.LUH|,1,𒊺𒂠𒉣𒁍𒈛,U+122BA; U+120A0; U+12263; U+1204D; U+1221B,
U+120A0,|EŠ₂.SUD.NUN.EŠ₂.TU|,|ŠE.EŠ₂.NUN.BU.LUH|,𒂠,Type_2,compound,|ŠE.EŠ₂.NUN.BU.LUH|,2,𒊺𒂠𒉣𒁍𒈛,U+122BA; U+120A0; U+12263; U+1204D; U+1221B,
U+12263,|EŠ₂.SUD.NUN.EŠ₂.TU|,|ŠE.EŠ₂.NUN.BU.LUH|,𒉣,Type_2,compound,|ŠE.EŠ₂.NUN.BU.LUH|,3,𒊺𒂠𒉣𒁍𒈛,U+122BA; U+120A0; U+12263; U+1204D; U+1221B,
U+1204D,|EŠ₂.SUD.NUN.EŠ₂.TU|,|ŠE.EŠ₂.NUN.BU.LUH|,𒁍,Type_2,compound,|ŠE.EŠ₂.NUN.BU.LUH|,4,𒊺𒂠𒉣𒁍𒈛,U+122BA; U+120A0; U+12263; U+1204D; U+1221B,
U+1221B,|EŠ₂.SUD.NUN.EŠ₂.TU|,|ŠE.EŠ₂.NUN.BU.LUH|,𒈛,Type_2,compound,|ŠE.EŠ₂.NUN.BU.LUH|,5,𒊺𒂠𒉣𒁍𒈛,U+122BA; U+120A0; U+12263; U+1204D; U+1221B,
U+122BA,|EŠ₂.SUD.NUN.EŠ₂.TU|,|ŠE.EŠ₂.NUN&NUN|,𒊺,Type_2,compound,|ŠE.EŠ₂.NUN&NUN|,1,𒊺𒂠𒉪,U+122BA; U+120A0; U+1226A,
U+120A0,|EŠ₂.SUD.NUN.EŠ₂.TU|,|ŠE.EŠ₂.NUN&NUN|,𒂠,Type_2,compound,|ŠE.EŠ₂.NUN&NUN|,2,𒊺𒂠𒉪,U+122BA; U+120A0; U+1226A,
U+1226A,|EŠ₂.SUD.NUN.EŠ₂.TU|,|ŠE.EŠ₂.NUN&NUN|,𒉪,Type_2,compound,|ŠE.EŠ₂.NUN&NUN|,3,𒊺𒂠𒉪,U+122BA; U+120A0; U+1226A,
U+122BA,|EŠ₂.SUD.NUN.EŠ₂.TU|,|ŠE.NUN|,𒊺,Type_2,compound,|ŠE.NUN|,1,𒊺𒉣,U+122BA; U+12263,
U+12263,|EŠ₂.SUD.NUN.EŠ₂.TU|,|ŠE.NUN|,𒉣,Type_2,compound,|ŠE.NUN|,2,𒊺𒉣,U+122BA; U+12263,
U+122BA,|EŠ₂.SUD.NUN.EŠ₂.TU|,|ŠE.NUN.BU.E|,𒊺,Type_2,compound,|ŠE.NUN.BU.E|,1,𒊺𒉣𒁍𒂊,U+122BA; U+12263; U+1204D; U+1208A,
U+12263,|EŠ₂.SUD.NUN.EŠ₂.TU|,|ŠE.NUN.BU.E|,𒉣,Type_2,compound,|ŠE.NUN.BU.E|,2,𒊺𒉣𒁍𒂊,U+122BA; U+12263; U+1204D; U+1208A,
U+1204D,|EŠ₂.SUD.NUN.EŠ₂.TU|,|ŠE.NUN.BU.E|,𒁍,Type_2,compound,|ŠE.NUN.BU.E|,3,𒊺𒉣𒁍𒂊,U+122BA; U+12263; U+1204D; U+1208A,
U+1208A,|EŠ₂.SUD.NUN.EŠ₂.TU|,|ŠE.NUN.BU.E|,𒂊,Type_2,compound,|ŠE.NUN.BU.E|,4,𒊺𒉣𒁍𒂊,U+122BA; U+12263; U+1204D; U+1208A,
U+122BA,|EŠ₂.SUD.NUN.EŠ₂.TU|,|ŠE.NUN.BU.LUH|,𒊺,Type_2,compound,|ŠE.NUN.BU.LUH|,1,𒊺𒉣𒁍𒈛,U+122BA; U+12263; U+1204D; U+1221B,
U+12263,|EŠ₂.SUD.NUN.EŠ₂.TU|,|ŠE.NUN.BU.LUH|,𒉣,Type_2,compound,|ŠE.NUN.BU.LUH|,2,𒊺𒉣𒁍𒈛,U+122BA; U+12263; U+1204D; U+1221B,
U+1204D,|EŠ₂.SUD.NUN.EŠ₂.TU|,|ŠE.NUN.BU.LUH|,𒁍,Type_2,compound,|ŠE.NUN.BU.LUH|,3,𒊺𒉣𒁍𒈛,U+122BA; U+12263; U+1204D; U+1221B,
U+1221B,|EŠ₂.SUD.NUN.EŠ₂.TU|,|ŠE.NUN.BU.LUH|,𒈛,Type_2,compound,|ŠE.NUN.BU.LUH|,4,𒊺𒉣𒁍𒈛,U+122BA; U+12263; U+1204D; U+1221B,
U+122BA,|EŠ₂.SUD.NUN.EŠ₂.TU|,|ŠE.NUN.EŠ₂.BU|,𒊺,Type_2,compound,|ŠE.NUN.EŠ₂.BU|,1,𒊺𒉣𒂠𒁍,U+122BA; U+12263; U+120A0; U+1204D,
U+12263,|EŠ₂.SUD.NUN.EŠ₂.TU|,|ŠE.NUN.EŠ₂.BU|,𒉣,Type_2,compound,|ŠE.NUN.EŠ₂.BU|,2,𒊺𒉣𒂠𒁍,U+122BA; U+12263; U+120A0; U+1204D,
U+120A0,|EŠ₂.SUD.NUN.EŠ₂.TU|,|ŠE.NUN.EŠ₂.BU|,𒂠,Type_2,compound,|ŠE.NUN.EŠ₂.BU|,3,𒊺𒉣𒂠𒁍,U+122BA; U+12263; U+120A0; U+1204D,
U+1204D,|EŠ₂.SUD.NUN.EŠ₂.TU|,|ŠE.NUN.EŠ₂.BU|,𒁍,Type_2,compound,|ŠE.NUN.EŠ₂.BU|,4,𒊺𒉣𒂠𒁍,U+122BA; U+12263; U+120A0; U+1204D,
U+122D7,|EŠ₂.SUD.NUN.EŠ₂.TU|,|ŠU.SUD.NUN.TU.EŠ₂|,𒋗,Type_2,compound,|ŠU.SUD.NUN.TU.EŠ₂|,1,𒋗𒋤𒉣𒌅𒂠,U+122D7; U+122E4; U+12263; U+12305; U+120A0,
U+122E4,|EŠ₂.SUD.NUN.EŠ₂.TU|,|ŠU.SUD.NUN.TU.EŠ₂|,𒋤,Type_2,compound,|ŠU.SUD.NUN.TU.EŠ₂|,2,𒋗𒋤𒉣𒌅𒂠,U+122D7; U+122E4; U+12263; U+12305; U+120A0,
U+12263,|EŠ₂.SUD.NUN.EŠ₂.TU|,|ŠU.SUD.NUN.TU.EŠ₂|,𒉣,Type_2,compound,|ŠU.SUD.NUN.TU.EŠ₂|,3,𒋗𒋤𒉣𒌅𒂠,U+122D7; U+122E4; U+12263; U+12305; U+120A0,
U+12305,|EŠ₂.SUD.NUN.EŠ₂.TU|,|ŠU.SUD.NUN.TU.EŠ₂|,𒌅,Type_2,compound,|ŠU.SUD.NUN.TU.EŠ₂|,4,𒋗𒋤𒉣𒌅𒂠,U+122D7; U+122E4; U+12263; U+12305; U+120A0,
U+120A0,|EŠ₂.SUD.NUN.EŠ₂.TU|,|ŠU.SUD.NUN.TU.EŠ₂|,𒂠,Type_2,compound,|ŠU.SUD.NUN.TU.EŠ₂|,5,𒋗𒋤𒉣𒌅𒂠,U+122D7; U+122E4; U+12263; U+12305; U+120A0,
U+12306,|EŠ₂.SUD.NUN.EŠ₂.TU|,|TUG₂.BU.TUG₂.TU|,𒌆,Type_2,compound,|TUG₂.BU.TUG₂.TU|,1,𒌆𒁍𒌆𒌅,U+12306; U+1204D; U+12306; U+12305,
U+1204D,|EŠ₂.SUD.NUN.EŠ₂.TU|,|TUG₂.BU.TUG₂.TU|,𒁍,Type_2,compound,|TUG₂.BU.TUG₂.TU|,2,𒌆𒁍𒌆𒌅,U+12306; U+1204D; U+12306; U+12305,
U+12306,|EŠ₂.SUD.NUN.EŠ₂.TU|,|TUG₂.BU.TUG₂.TU|,𒌆,Type_2,compound,|TUG₂.BU.TUG₂.TU|,3,𒌆𒁍𒌆𒌅,U+12306; U+1204D; U+12306; U+12305,
U+12305,|EŠ₂.SUD.NUN.EŠ₂.TU|,|TUG₂.BU.TUG₂.TU|,𒌅,Type_2,compound,|TUG₂.BU.TUG₂.TU|,4,𒌆𒁍𒌆𒌅,U+12306; U+1204D; U+12306; U+12305,
U+124AC,|EŠ₂%EŠ₂.NUN|,|EŠ₂%EŠ₂.NUN.A|,𒒬,Type_2,compound,|EŠ₂%EŠ₂.NUN.A|,1,𒒬𒉣𒀀,U+124AC; U+12263; U+12000,
U+12263,|EŠ₂%EŠ₂.NUN|,|EŠ₂%EŠ₂.NUN.A|,𒉣,Type_2,compound,|EŠ₂%EŠ₂.NUN.A|,2,𒒬𒉣𒀀,U+124AC; U+12263; U+12000,
U+12000,|EŠ₂%EŠ₂.NUN|,|EŠ₂%EŠ₂.NUN.A|,𒀀,Type_2,compound,|EŠ₂%EŠ₂.NUN.A|,3,𒒬𒉣𒀀,U+124AC; U+12263; U+12000,
U+120A1,EZEN,KEŠ₂,𒂡,Type_3,EZEN_v1,,,,,LAK612 [Uruk IV–III (~3400–3000 BCE) | Archaic / Uruk]; BAU307 [Early Dynastic (~2900–2340 BCE) | Lagash]; ELLES300 [Early Dynastic (~2900–2340 BCE) | Ebla]; GCSL264 [Gudea period (~2100 BCE) | Lagash / Girsu]; PTACE265 [Early Dynastic (~2900–2340 BCE) | Ebla]; RSP285 [Early Dynastic (~2900–2340 BCE) | Presargonic Lagash]; LAK611 [Uruk IV–III (~3400–3000 BCE) | Archaic / Uruk]; ASY113 [Standard Babylonian (any period) | Akkadian syllabary]; ABZL152a [Old Babylonian (~2000–1600 BCE) | School texts]; BAU298 [Early Dynastic (~2900–2340 BCE) | Lagash]; ELLES303 [Early Dynastic (~2900–2340 BCE) | Ebla]; GCSL261 [Gudea period (~2100 BCE) | Lagash / Girsu]; KWU835 [Ur III (~2112–2004 BCE) | Administrative]; MZL272 [Standard Babylonian (any period) | Akkado-Babylonian]; PTACE262 [Early Dynastic (~2900–2340 BCE) | Ebla]; RSP284 [Early Dynastic (~2900–2340 BCE) | Presargonic Lagash]; SLLHA152_8b [Standard Babylonian (any period) | Akkado-Babylonian]; SYA099 [Standard Babylonian (any period) | Akkadian syllabary]
U+120A1,EZEN,ŠIR₃~a,𒂡,Type_3,EZEN_v1,,,,,ABZL152b [Old Babylonian (~2000–1600 BCE) | School texts]; LAK611 [Uruk IV–III (~3400–3000 BCE) | Archaic / Uruk]; ASY113 [Standard Babylonian (any period) | Akkadian syllabary]; ABZL152a [Old Babylonian (~2000–1600 BCE) | School texts]; BAU298 [Early Dynastic (~2900–2340 BCE) | Lagash]; ELLES303 [Early Dynastic (~2900–2340 BCE) | Ebla]; GCSL261 [Gudea period (~2100 BCE) | Lagash / Girsu]; KWU835 [Ur III (~2112–2004 BCE) | Administrative]; MZL272 [Standard Babylonian (any period) | Akkado-Babylonian]; PTACE262 [Early Dynastic (~2900–2340 BCE) | Ebla]; RSP284 [Early Dynastic (~2900–2340 BCE) | Presargonic Lagash]; SLLHA152_8b [Standard Babylonian (any period) | Akkado-Babylonian]; SYA099 [Standard Babylonian (any period) | Akkadian syllabary]
U+120A1,|EZEN×BAD|,|EZEN.AN|,𒂡,Type_2,compound,|EZEN.AN|,1,𒂡𒀭,U+120A1; U+1202D,ASY114 [Standard Babylonian (any period) | Akkadian syllabary]; ABZL153 [Old Babylonian (~2000–1600 BCE) | School texts]; GCSL262 [Gudea period (~2100 BCE) | Lagash / Girsu]; HZL114 [Hittite period (~1650–1180 BCE) | Hittite]; KWU837 [Ur III (~2112–2004 BCE) | Administrative]; MZL275 [Standard Babylonian (any period) | Akkado-Babylonian]; PTACE263 [Early Dynastic (~2900–2340 BCE) | Ebla]; RSP286 [Early Dynastic (~2900–2340 BCE) | Presargonic Lagash]; SLLHA152_8 [Standard Babylonian (any period) | Akkado-Babylonian]
U+1202D,|EZEN×BAD|,|EZEN.AN|,𒀭,Type_2,compound,|EZEN.AN|,2,𒂡𒀭,U+120A1; U+1202D,ASY114 [Standard Babylonian (any period) | Akkadian syllabary]; ABZL153 [Old Babylonian (~2000–1600 BCE) | School texts]; GCSL262 [Gudea period (~2100 BCE) | Lagash / Girsu]; HZL114 [Hittite period (~1650–1180 BCE) | Hittite]; KWU837 [Ur III (~2112–2004 BCE) | Administrative]; MZL275 [Standard Babylonian (any period) | Akkado-Babylonian]; PTACE263 [Early Dynastic (~2900–2340 BCE) | Ebla]; RSP286 [Early Dynastic (~2900–2340 BCE) | Presargonic Lagash]; SLLHA152_8 [Standard Babylonian (any period) | Akkado-Babylonian]
U+120A5,|EZEN×BAD|,|EZEN×AN|,𒂥,Type_1,EZENBAD_v1,,,,,LAK613 [Uruk IV–III (~3400–3000 BCE) | Archaic / Uruk]; ELLES304 [Early Dynastic (~2900–2340 BCE) | Ebla]; PTACE264 [Early Dynastic (~2900–2340 BCE) | Ebla]; ASY114 [Standard Babylonian (any period) | Akkadian syllabary]; ABZL153 [Old Babylonian (~2000–1600 BCE) | School texts]; GCSL262 [Gudea period (~2100 BCE) | Lagash / Girsu]; HZL114 [Hittite period (~1650–1180 BCE) | Hittite]; KWU837 [Ur III (~2112–2004 BCE) | Administrative]; MZL275 [Standard Babylonian (any period) | Akkado-Babylonian]; PTACE263 [Early Dynastic (~2900–2340 BCE) | Ebla]; RSP286 [Early Dynastic (~2900–2340 BCE) | Presargonic Lagash]; SLLHA152_8 [Standard Babylonian (any period) | Akkado-Babylonian]
U+120A6,|EZEN×BAD|,|EZEN×AŠ|,𒂦,Type_3,EZENBAD_v2,,,,,ASY114 [Standard Babylonian (any period) | Akkadian syllabary]; ABZL153 [Old Babylonian (~2000–1600 BCE) | School texts]; GCSL262 [Gudea period (~2100 BCE) | Lagash / Girsu]; HZL114 [Hittite period (~1650–1180 BCE) | Hittite]; KWU837 [Ur III (~2112–2004 BCE) | Administrative]; MZL275 [Standard Babylonian (any period) | Akkado-Babylonian]; PTACE263 [Early Dynastic (~2900–2340 BCE) | Ebla]; RSP286 [Early Dynastic (~2900–2340 BCE) | Presargonic Lagash]; SLLHA152_8 [Standard Babylonian (any period) | Akkado-Babylonian]
U+120A6,|EZEN×BAD|,|EZEN×BAD.AN|,𒂦,Type_2,compound,|EZEN×BAD.AN|,1,𒂦𒀭,U+120A6; U+1202D,RSP287 [Early Dynastic (~2900–2340 BCE) | Presargonic Lagash]; ASY114 [Standard Babylonian (any period) | Akkadian syllabary]; ABZL153 [Old Babylonian (~2000–1600 BCE) | School texts]; GCSL262 [Gudea period (~2100 BCE) | Lagash / Girsu]; HZL114 [Hittite period (~1650–1180 BCE) | Hittite]; KWU837 [Ur III (~2112–2004 BCE) | Administrative]; MZL275 [Standard Babylonian (any period) | Akkado-Babylonian]; PTACE263 [Early Dynastic (~2900–2340 BCE) | Ebla]; RSP286 [Early Dynastic (~2900–2340 BCE) | Presargonic Lagash]; SLLHA152_8 [Standard Babylonian (any period) | Akkado-Babylonian]
U+1202D,|EZEN×BAD|,|EZEN×BAD.AN|,𒀭,Type_2,compound,|EZEN×BAD.AN|,2,𒂦𒀭,U+120A6; U+1202D,RSP287 [Early Dynastic (~2900–2340 BCE) | Presargonic Lagash]; ASY114 [Standard Babylonian (any period) | Akkadian syllabary]; ABZL153 [Old Babylonian (~2000–1600 BCE) | School texts]; GCSL262 [Gudea period (~2100 BCE) | Lagash / Girsu]; HZL114 [Hittite period (~1650–1180 BCE) | Hittite]; KWU837 [Ur III (~2112–2004 BCE) | Administrative]; MZL275 [Standard Babylonian (any period) | Akkado-Babylonian]; PTACE263 [Early Dynastic (~2900–2340 BCE) | Ebla]; RSP286 [Early Dynastic (~2900–2340 BCE) | Presargonic Lagash]; SLLHA152_8 [Standard Babylonian (any period) | Akkado-Babylonian]
U+120A6,|EZEN×BAD|,|EZEN×BAD.GAL.AN|,𒂦,Type_2,compound,|EZEN×BAD.GAL.AN|,1,𒂦𒃲𒀭,U+120A6; U+120F2; U+1202D,ASY114 [Standard Babylonian (any period) | Akkadian syllabary]; ABZL153 [Old Babylonian (~2000–1600 BCE) | School texts]; GCSL262 [Gudea period (~2100 BCE) | Lagash / Girsu]; HZL114 [Hittite period (~1650–1180 BCE) | Hittite]; KWU837 [Ur III (~2112–2004 BCE) | Administrative]; MZL275 [Standard Babylonian (any period) | Akkado-Babylonian]; PTACE263 [Early Dynastic (~2900–2340 BCE) | Ebla]; RSP286 [Early Dynastic (~2900–2340 BCE) | Presargonic Lagash]; SLLHA152_8 [Standard Babylonian (any period) | Akkado-Babylonian]
U+120F2,|EZEN×BAD|,|EZEN×BAD.GAL.AN|,𒃲,Type_2,compound,|EZEN×BAD.GAL.AN|,2,𒂦𒃲𒀭,U+120A6; U+120F2; U+1202D,ASY114 [Standard Babylonian (any period) | Akkadian syllabary]; ABZL153 [Old Babylonian (~2000–1600 BCE) | School texts]; GCSL262 [Gudea period (~2100 BCE) | Lagash / Girsu]; HZL114 [Hittite period (~1650–1180 BCE) | Hittite]; KWU837 [Ur III (~2112–2004 BCE) | Administrative]; MZL275 [Standard Babylonian (any period) | Akkado-Babylonian]; PTACE263 [Early Dynastic (~2900–2340 BCE) | Ebla]; RSP286 [Early Dynastic (~2900–2340 BCE) | Presargonic Lagash]; SLLHA152_8 [Standard Babylonian (any period) | Akkado-Babylonian]
U+1202D,|EZEN×BAD|,|EZEN×BAD.GAL.AN|,𒀭,Type_2,compound,|EZEN×BAD.GAL.AN|,3,𒂦𒃲𒀭,U+120A6; U+120F2; U+1202D,ASY114 [Standard Babylonian (any period) | Akkadian syllabary]; ABZL153 [Old Babylonian (~2000–1600 BCE) | School texts]; GCSL262 [Gudea period (~2100 BCE) | Lagash / Girsu]; HZL114 [Hittite period (~1650–1180 BCE) | Hittite]; KWU837 [Ur III (~2112–2004 BCE) | Administrative]; MZL275 [Standard Babylonian (any period) | Akkado-Babylonian]; PTACE263 [Early Dynastic (~2900–2340 BCE) | Ebla]; RSP286 [Early Dynastic (~2900–2340 BCE) | Presargonic Lagash]; SLLHA152_8 [Standard Babylonian (any period) | Akkado-Babylonian]
U+120A7,|EZEN×DUN₃@g|,|EZEN×GAN₂@t|,𒂧,Type_3,EZENDUNG_v1,,,,,
U+12504,|EZEN×DUN₃@g@g|,|LAK617×DUN₃@g@g|,𒔄,Type_1,EZENDUNG_v1,,,,,LAK622 [Uruk IV–III (~3400–3000 BCE) | Archaic / Uruk]; BAU303 [Early Dynastic (~2900–2340 BCE) | Lagash]
U+120AF,|EZEN×LA|,EZEN,𒂯,Type_3,EZENLA_v1,,,,,LAK611 [Uruk IV–III (~3400–3000 BCE) | Archaic / Uruk]; ASY113 [Standard Babylonian (any period) | Akkadian syllabary]; BAU298 [Early Dynastic (~2900–2340 BCE) | Lagash]; ELLES303 [Early Dynastic (~2900–2340 BCE) | Ebla]; GCSL261 [Gudea period (~2100 BCE) | Lagash / Girsu]; PTACE262 [Early Dynastic (~2900–2340 BCE) | Ebla]; RSP284 [Early Dynastic (~2900–2340 BCE) | Presargonic Lagash]; LAK615 [Uruk IV–III (~3400–3000 BCE) | Archaic / Uruk]; ABZL154 [Old Babylonian (~2000–1600 BCE) | School texts]; KWU839 [Ur III (~2112–2004 BCE) | Administrative]; MZL274 [Standard Babylonian (any period) | Akkado-Babylonian]; RSP288 [Early Dynastic (~2900–2340 BCE) | Presargonic Lagash]; SLLHA152_9 [Standard Babylonian (any period) | Akkado-Babylonian]
U+12377,|EZEN×LA|,|EZEN×GUD|,𒍷,Type_1,EZENLA_v2,,,,,ABZL155 [Old Babylonian (~2000–1600 BCE) | School texts]; MZL278 [Standard Babylonian (any period) | Akkado-Babylonian]; LAK615 [Uruk IV–III (~3400–3000 BCE) | Archaic / Uruk]; ABZL154 [Old Babylonian (~2000–1600 BCE) | School texts]; KWU839 [Ur III (~2112–2004 BCE) | Administrative]; MZL274 [Standard Babylonian (any period) | Akkado-Babylonian]; RSP288 [Early Dynastic (~2900–2340 BCE) | Presargonic Lagash]; SLLHA152_9 [Standard Babylonian (any period) | Akkado-Babylonian]
U+12506,|EZEN×LA|,|LAK617×LA|,𒔆,Type_1,EZENLA_v3,,,,,LAK621 [Uruk IV–III (~3400–3000 BCE) | Archaic / Uruk]; BAU305 [Early Dynastic (~2900–2340 BCE) | Lagash]; RSP288^a [Early Dynastic (~2900–2340 BCE) | Presargonic Lagash]; LAK615 [Uruk IV–III (~3400–3000 BCE) | Archaic / Uruk]; ABZL154 [Old Babylonian (~2000–1600 BCE) | School texts]; KWU839 [Ur III (~2112–2004 BCE) | Administrative]; MZL274 [Standard Babylonian (any period) | Akkado-Babylonian]; RSP288 [Early Dynastic (~2900–2340 BCE) | Presargonic Lagash]; SLLHA152_9 [Standard Babylonian (any period) | Akkado-Babylonian]
U+120B0,|EZEN×LAL₂|,EZEN,𒂰,Type_3,EZENLAL_v1,,,,,LAK611 [Uruk IV–III (~3400–3000 BCE) | Archaic / Uruk]; ASY113 [Standard Babylonian (any period) | Akkadian syllabary]; BAU298 [Early Dynastic (~2900–2340 BCE) | Lagash]; ELLES303 [Early Dynastic (~2900–2340 BCE) | Ebla]; GCSL261 [Gudea period (~2100 BCE) | Lagash / Girsu]; PTACE262 [Early Dynastic (~2900–2340 BCE) | Ebla]; RSP284 [Early Dynastic (~2900–2340 BCE) | Presargonic Lagash]; ABZL158 [Old Babylonian (~2000–1600 BCE) | School texts]; MZL285 [Standard Babylonian (any period) | Akkado-Babylonian]; SLLHA156 [Standard Babylonian (any period) | Akkado-Babylonian]
U+1245E,F₂,NIGIDAMIN@c,𒑞,Type_3,F_v1,,,,,LAK835^a [Uruk IV–III (~3400–3000 BCE) | Archaic / Uruk]; LAK818 [Uruk IV–III (~3400–3000 BCE) | Archaic / Uruk]; RSP010 [Early Dynastic (~2900–2340 BCE) | Presargonic Lagash]
U+1245E,F₂,2(DIŠ@c)~a,𒑞,Type_3,F_v1,,,,,LAK818 [Uruk IV–III (~3400–3000 BCE) | Archaic / Uruk]; RSP010 [Early Dynastic (~2900–2340 BCE) | Presargonic Lagash]
U+12587 [unverified],F₃,F₃@c,𒖇,Type_1,F_v1,,,,,LAK852^a [Uruk IV–III (~3400–3000 BCE) | Archaic / Uruk]; RSP033 [Early Dynastic (~2900–2340 BCE) | Presargonic Lagash]; LAK852^b [Uruk IV–III (~3400–3000 BCE) | Archaic / Uruk]; RSP020 [Early Dynastic (~2900–2340 BCE) | Presargonic Lagash]; SLLHA545a [Standard Babylonian (any period) | Akkado-Babylonian]
U+12588 [unverified],F₃,F₃@c@v,𒖈,Type_1,F_v2,,,,,LAK852^b [Uruk IV–III (~3400–3000 BCE) | Archaic / Uruk]; RSP020 [Early Dynastic (~2900–2340 BCE) | Presargonic Lagash]; SLLHA545a [Standard Babylonian (any period) | Akkado-Babylonian]
U+12589 [unverified],F₄,F₄@c,𒖉,Type_1,F_v1,,,,,LAK853^a [Uruk IV–III (~3400–3000 BCE) | Archaic / Uruk]; RSP026 [Early Dynastic (~2900–2340 BCE) | Presargonic Lagash]; LAK853^b [Uruk IV–III (~3400–3000 BCE) | Archaic / Uruk]; RSP004 [Early Dynastic (~2900–2340 BCE) | Presargonic Lagash]
U+1258A [unverified],F₄,F₄@c@v,𒖊,Type_1,F_v2,,,,,LAK853^b [Uruk IV–III (~3400–3000 BCE) | Archaic / Uruk]; RSP004 [Early Dynastic (~2900–2340 BCE) | Presargonic Lagash]
U+12293,GA@g,|SA.NI|,𒊓,Type_2,compound,|SA.NI|,1,𒊓𒉌,U+12293; U+1224C,LAK727 [Uruk IV–III (~3400–3000 BCE) | Archaic / Uruk]; ABZL202 [Old Babylonian (~2000–1600 BCE) | School texts]; BAU369 [Early Dynastic (~2900–2340 BCE) | Lagash]; ELLES355 [Early Dynastic (~2900–2340 BCE) | Ebla]; GCSL296 [Gudea period (~2100 BCE) | Lagash / Girsu]; KWU762 [Ur III (~2112–2004 BCE) | Administrative]; MZL492 [Standard Babylonian (any period) | Akkado-Babylonian]; PTACE291 [Early Dynastic (~2900–2340 BCE) | Ebla]; RSP221 [Early Dynastic (~2900–2340 BCE) | Presargonic Lagash]; SLLHA319n [Standard Babylonian (any period) | Akkado-Babylonian]
U+1224C,GA@g,|SA.NI|,𒉌,Type_2,compound,|SA.NI|,2,𒊓𒉌,U+12293; U+1224C,LAK727 [Uruk IV–III (~3400–3000 BCE) | Archaic / Uruk]; ABZL202 [Old Babylonian (~2000–1600 BCE) | School texts]; BAU369 [Early Dynastic (~2900–2340 BCE) | Lagash]; ELLES355 [Early Dynastic (~2900–2340 BCE) | Ebla]; GCSL296 [Gudea period (~2100 BCE) | Lagash / Girsu]; KWU762 [Ur III (~2112–2004 BCE) | Administrative]; MZL492 [Standard Babylonian (any period) | Akkado-Babylonian]; PTACE291 [Early Dynastic (~2900–2340 BCE) | Ebla]; RSP221 [Early Dynastic (~2900–2340 BCE) | Presargonic Lagash]; SLLHA319n [Standard Babylonian (any period) | Akkado-Babylonian]
U+12262,|GA₂.NU₁₁|,|NU₁₁.GA₂|,𒉢,Type_2,compound,|NU₁₁.GA₂|,1,𒉢𒂷,U+12262; U+120B7,
U+120B7,|GA₂.NU₁₁|,|NU₁₁.GA₂|,𒂷,Type_2,compound,|NU₁₁.GA₂|,2,𒉢𒂷,U+12262; U+120B7,
U+120B9,|GA₂×(A.DA.HA)|,|GA₂×(A.HA)|,𒂹,Type_1,GAADAHA_v2,,,,,
U+120B8,|GA₂×(A.DA.HA)|,|GA₂×HA|,𒂸,Type_3,GAADAHA_v1,,,,,LAK694 [Uruk IV–III (~3400–3000 BCE) | Archaic / Uruk]; ELLES336 [Early Dynastic (~2900–2340 BCE) | Ebla]; ZATU173 [Uruk IV–III (~3400–3000 BCE) | Archaic / Uruk]; ZATU180 [Uruk IV–III (~3400–3000 BCE) | Archaic / Uruk]
U+124BE,|GA₂×(A.DA.HA)|,|GA₂×(HA.A)|,𒒾,Type_1,GAADAHA_v3,,,,,
X,|GA₂×(A.DA.HA)|,|GA₂×HA.A|,,Type_2,compound,|GA₂×HA.A|,1,X𒀀,X; U+12000,
U+12000,|GA₂×(A.DA.HA)|,|GA₂×HA.A|,𒀀,Type_2,compound,|GA₂×HA.A|,2,X𒀀,X; U+12000,
U+120B8,|GA₂×(A.DA.HA)|,|GA₂×(HA.HA)|,𒂸,Type_3,GAADAHA_v1,,,,,LAK695 [Uruk IV–III (~3400–3000 BCE) | Archaic / Uruk]; ELLES347 [Early Dynastic (~2900–2340 BCE) | Ebla]; ZATU174 [Uruk IV–III (~3400–3000 BCE) | Archaic / Uruk]
U+120B8,|GA₂×(A.DA.HA)|,|LAGAB×HA|,𒂸,Type_3,GAADAHA_v1,,,,,LAK784^a [Uruk IV–III (~3400–3000 BCE) | Archaic / Uruk]
U+120B8,|GA₂×(A.DA.HA)|,|LAGAB×(HA.A)|,𒂸,Type_3,GAADAHA_v1,,,,,LAK784 [Uruk IV–III (~3400–3000 BCE) | Archaic / Uruk]
U+121C8,|GA₂×(A.DA.HA)|,|LAGAB×HA.A|,𒇈,Type_2,compound,|LAGAB×HA.A|,1,𒇈𒀀,U+121C8; U+12000,
U+12000,|GA₂×(A.DA.HA)|,|LAGAB×HA.A|,𒀀,Type_2,compound,|LAGAB×HA.A|,2,𒇈𒀀,U+121C8; U+12000,
U+120BB,|GA₂×(AB₂@t.TAB)|,|GA₂×(AB₂×GAN₂@t.TAB)|,𒂻,Type_3,GAABTTAB_v1,,,,,
U+120BB,|GA₂×(AB₂@t.TAB)|,|GA₂×(AB₂×ŠA₃.TAB)|,𒂻,Type_3,GAABTTAB_v1,,,,,
U+120BC,|GA₂×AN.DUN₃@g|,|GA₂×AN.DUN₃|,𒂼,Type_2,compound,|GA₂×AN.DUN₃|,1,𒂼𒂅,U+120BC; U+12085,
U+12085,|GA₂×AN.DUN₃@g|,|GA₂×AN.DUN₃|,𒂅,Type_2,compound,|GA₂×AN.DUN₃|,2,𒂼𒂅,U+120BC; U+12085,
U+120C1,|GA₂×(BUR.RA)|,|GA₂×BUR.ME|,𒃁,Type_2,compound,|GA₂×BUR.ME|,1,𒃁𒈨,U+120C1; U+12228,MZL415 [Standard Babylonian (any period) | Akkado-Babylonian]; SLLHA259 [Standard Babylonian (any period) | Akkado-Babylonian]
U+12228,|GA₂×(BUR.RA)|,|GA₂×BUR.ME|,𒈨,Type_2,compound,|GA₂×BUR.ME|,2,𒃁𒈨,U+120C1; U+12228,MZL415 [Standard Babylonian (any period) | Akkado-Babylonian]; SLLHA259 [Standard Babylonian (any period) | Akkado-Babylonian]
U+120D1,|GA₂×(HA.LU.EŠ₂)|,|GA₂×(HA.LU.UB)|,𒃑,Type_3,GAHALUES_v1,,,,,MZL430 [Standard Babylonian (any period) | Akkado-Babylonian]; SLLHA277 [Standard Babylonian (any period) | Akkado-Babylonian]
,|GA₂×(IGI@g.ME)|,|GA₂×IGI@g|,,Type_3,GAIGIGME_v1,,,,,
U+120DE,|GA₂×(ME.EN)|,|GA₂×(EN.ME)|,𒃞,Type_3,GAMEEN_v1,,,,,LAK683 [Uruk IV–III (~3400–3000 BCE) | Archaic / Uruk]; ABZL102 [Old Babylonian (~2000–1600 BCE) | School texts]; GCSL292 [Gudea period (~2100 BCE) | Lagash / Girsu]; MZL427 [Standard Babylonian (any period) | Akkado-Babylonian]; SLLHA270 [Standard Babylonian (any period) | Akkado-Babylonian]
U+124C5,|GA₂×(NE.E₂)|,|GA₂×(E₂.NE)|,𒓅,Type_3,GANEE_v1,,,,,LAK692 [Uruk IV–III (~3400–3000 BCE) | Archaic / Uruk]; ELLES374 [Early Dynastic (~2900–2340 BCE) | Ebla]; ZATU251 [Uruk IV–III (~3400–3000 BCE) | Archaic / Uruk]
U+120E0,|GA₂×NUN|,|LAGAB×NUN|,𒃠,Type_3,GANUN_v1,,,,,LAK678 [Uruk IV–III (~3400–3000 BCE) | Archaic / Uruk]; ABZL096 [Old Babylonian (~2000–1600 BCE) | School texts]; BAU318 [Early Dynastic (~2900–2340 BCE) | Lagash]; KWU813 [Ur III (~2112–2004 BCE) | Administrative]; MZL397 [Standard Babylonian (any period) | Akkado-Babylonian]; RSP241 [Early Dynastic (~2900–2340 BCE) | Presargonic Lagash]; SLLHA244v [Standard Babylonian (any period) | Akkado-Babylonian]
,|GA₂×(SILA₃.ME)|,|GA×SILA₃|,,Type_3,GASILAME_v1,,,,,
U+120EB,|GA₂×UD|,|GA₂×ERIN₂|,𒃫,Type_3,GAUD_v1,,,,,LAK697 [Uruk IV–III (~3400–3000 BCE) | Archaic / Uruk]; ELLES343 [Early Dynastic (~2900–2340 BCE) | Ebla]; MZL420 [Standard Babylonian (any period) | Akkado-Babylonian]; SLLHA262 [Standard Babylonian (any period) | Akkado-Babylonian]
U+120E2,|GA₂×ZIZ₂|,|GA₂×PA|,𒃢,Type_1,GAZIZ_v1,,,,,LAK676 [Uruk IV–III (~3400–3000 BCE) | Archaic / Uruk]; ABZL097 [Old Babylonian (~2000–1600 BCE) | School texts]; BAU278 [Early Dynastic (~2900–2340 BCE) | Lagash]; ELLES335 [Early Dynastic (~2900–2340 BCE) | Ebla]; GCSL290 [Gudea period (~2100 BCE) | Lagash / Girsu]; HZL054 [Hittite period (~1650–1180 BCE) | Hittite]; KWU816 [Ur III (~2112–2004 BCE) | Administrative]; MZL408 [Standard Babylonian (any period) | Akkado-Babylonian]; PTACE283 [Early Dynastic (~2900–2340 BCE) | Ebla]; RSP243 [Early Dynastic (~2900–2340 BCE) | Presargonic Lagash]; SLLHA252 [Standard Babylonian (any period) | Akkado-Babylonian]; LAK677 [Uruk IV–III (~3400–3000 BCE) | Archaic / Uruk]
U+120F0,|GAD&GAD.GAR&GAR|,|GAD.GAR|,𒃰,Type_2,compound,|GAD.GAR|,1,𒃰𒃻,U+120F0; U+120FB,ABZL336 [Old Babylonian (~2000–1600 BCE) | School texts]; MZL163 [Standard Babylonian (any period) | Akkado-Babylonian]; SLLHA091 [Standard Babylonian (any period) | Akkado-Babylonian]
U+120FB,|GAD&GAD.GAR&GAR|,|GAD.GAR|,𒃻,Type_2,compound,|GAD.GAR|,2,𒃰𒃻,U+120F0; U+120FB,ABZL336 [Old Babylonian (~2000–1600 BCE) | School texts]; MZL163 [Standard Babylonian (any period) | Akkado-Babylonian]; SLLHA091 [Standard Babylonian (any period) | Akkado-Babylonian]
U+120F2,|GAL.GAD&GAD.GAR&GAR|,|GAL.GAD.GAR|,𒃲,Type_2,compound,|GAL.GAD.GAR|,1,𒃲𒃰𒃻,U+120F2; U+120F0; U+120FB,SLLHA343+091 [Standard Babylonian (any period) | Akkado-Babylonian]
U+120F0,|GAL.GAD&GAD.GAR&GAR|,|GAL.GAD.GAR|,𒃰,Type_2,compound,|GAL.GAD.GAR|,2,𒃲𒃰𒃻,U+120F2; U+120F0; U+120FB,SLLHA343+091 [Standard Babylonian (any period) | Akkado-Babylonian]
U+120FB,|GAL.GAD&GAD.GAR&GAR|,|GAL.GAD.GAR|,𒃻,Type_2,compound,|GAL.GAD.GAR|,3,𒃲𒃰𒃻,U+120F2; U+120F0; U+120FB,SLLHA343+091 [Standard Babylonian (any period) | Akkado-Babylonian]
U+120F2,|GAL.ŠUBUR|,|GAL.DUN|,𒃲,Type_2,compound,|GAL.DUN|,1,𒃲𒂄,U+120F2; U+12084,
U+12084,|GAL.ŠUBUR|,|GAL.DUN|,𒂄,Type_2,compound,|GAL.DUN|,2,𒃲𒂄,U+120F2; U+12084,
,SUKUD,|TA×ŠE|,,Type_3,SUKUD_v1,,,,,RSP211 [Early Dynastic (~2900–2340 BCE) | Presargonic Lagash]; ABZL133 [Old Babylonian (~2000–1600 BCE) | School texts]; MZL338 [Standard Babylonian (any period) | Akkado-Babylonian]
U+120F6,GAN,|GAN×HI|,𒃶,Type_3,GAN_v1,,,,,BAU048 [Early Dynastic (~2900–2340 BCE) | Lagash]; LAK644 [Uruk IV–III (~3400–3000 BCE) | Archaic / Uruk]; ASY105 [Standard Babylonian (any period) | Akkadian syllabary]; ABZL120 [Old Babylonian (~2000–1600 BCE) | School texts]; BAU047 [Early Dynastic (~2900–2340 BCE) | Lagash]; GCSL273 [Gudea period (~2100 BCE) | Lagash / Girsu]; HZL113 [Hittite period (~1650–1180 BCE) | Hittite]; KWU747 [Ur III (~2112–2004 BCE) | Administrative]; MZL253 [Standard Babylonian (any period) | Akkado-Babylonian]; PTACE058 [Early Dynastic (~2900–2340 BCE) | Ebla]; RSP428 [Early Dynastic (~2900–2340 BCE) | Presargonic Lagash]; SLLHA143 [Standard Babylonian (any period) | Akkado-Babylonian]; SYA092 [Standard Babylonian (any period) | Akkadian syllabary]
,GAN@s,|GAN×KASKAL|,,Type_3,GANS_v1,,,,,LAK645 [Uruk IV–III (~3400–3000 BCE) | Archaic / Uruk]
U+120F7,GAN₂,GAN₂@c@v,𒃷,Type_3,GAN_v1,,,,,LAK089 [Uruk IV–III (~3400–3000 BCE) | Archaic / Uruk]; ASY077 [Standard Babylonian (any period) | Akkadian syllabary]; ABZL106 [Old Babylonian (~2000–1600 BCE) | School texts]; BAU061 [Early Dynastic (~2900–2340 BCE) | Lagash]; ELLES055 [Early Dynastic (~2900–2340 BCE) | Ebla]; ELLES322 [Early Dynastic (~2900–2340 BCE) | Ebla]; GCSL026 [Gudea period (~2100 BCE) | Lagash / Girsu]; HZL061 [Hittite period (~1650–1180 BCE) | Hittite]; KWU100 [Ur III (~2112–2004 BCE) | Administrative]; MZL174 [Standard Babylonian (any period) | Akkado-Babylonian]; PTACE056 [Early Dynastic (~2900–2340 BCE) | Ebla]; RSP247 [Early Dynastic (~2900–2340 BCE) | Presargonic Lagash]; SLLHA105 [Standard Babylonian (any period) | Akkado-Babylonian]; SYA067 [Standard Babylonian (any period) | Akkadian syllabary]
U+120F7,GAN₂,GAN₂@t,𒃷,Type_3,GAN_v1,,,,,LAK186 [Uruk IV–III (~3400–3000 BCE) | Archaic / Uruk]; ASY078 [Standard Babylonian (any period) | Akkadian syllabary]; GCSL095 [Gudea period (~2100 BCE) | Lagash / Girsu]; LAK089 [Uruk IV–III (~3400–3000 BCE) | Archaic / Uruk]; ASY077 [Standard Babylonian (any period) | Akkadian syllabary]; ABZL106 [Old Babylonian (~2000–1600 BCE) | School texts]; BAU061 [Early Dynastic (~2900–2340 BCE) | Lagash]; ELLES055 [Early Dynastic (~2900–2340 BCE) | Ebla]; ELLES322 [Early Dynastic (~2900–2340 BCE) | Ebla]; GCSL026 [Gudea period (~2100 BCE) | Lagash / Girsu]; HZL061 [Hittite period (~1650–1180 BCE) | Hittite]; KWU100 [Ur III (~2112–2004 BCE) | Administrative]; MZL174 [Standard Babylonian (any period) | Akkado-Babylonian]; PTACE056 [Early Dynastic (~2900–2340 BCE) | Ebla]; RSP247 [Early Dynastic (~2900–2340 BCE) | Presargonic Lagash]; SLLHA105 [Standard Babylonian (any period) | Akkado-Babylonian]; SYA067 [Standard Babylonian (any period) | Akkadian syllabary]
U+120F8,GAN₂@t,GAN₂,𒃸,Type_3,GANT_v1,,,,,LAK089 [Uruk IV–III (~3400–3000 BCE) | Archaic / Uruk]; LAK186 [Uruk IV–III (~3400–3000 BCE) | Archaic / Uruk]; ASY078 [Standard Babylonian (any period) | Akkadian syllabary]; ABZL246 [Old Babylonian (~2000–1600 BCE) | School texts]; ELLES110 [Early Dynastic (~2900–2340 BCE) | Ebla]; GCSL095 [Gudea period (~2100 BCE) | Lagash / Girsu]; KWU349 [Ur III (~2112–2004 BCE) | Administrative]; MZL175 [Standard Babylonian (any period) | Akkado-Babylonian]; PTACE326 [Early Dynastic (~2900–2340 BCE) | Ebla]; SLLHA105 [Standard Babylonian (any period) | Akkado-Babylonian]; SYA068 [Standard Babylonian (any period) | Akkadian syllabary]
U+121A4,|GI.KID.MAH|,|KID.MA₂.MAH|,𒆤,Type_2,compound,|KID.MA₂.MAH|,1,𒆤𒈣𒈤,U+121A4; U+12223; U+12224,
U+12223,|GI.KID.MAH|,|KID.MA₂.MAH|,𒈣,Type_2,compound,|KID.MA₂.MAH|,2,𒆤𒈣𒈤,U+121A4; U+12223; U+12224,
U+12224,|GI.KID.MAH|,|KID.MA₂.MAH|,𒈤,Type_2,compound,|KID.MA₂.MAH|,3,𒆤𒈣𒈤,U+121A4; U+12223; U+12224,
U+1208D,|GI.NA.AB.U.GUD|,|E₂.GI.NA.AB.HI|,𒂍,Type_2,compound,|E₂.GI.NA.AB.HI|,1,𒂍𒄀𒈾𒀊𒄭,U+1208D; U+12100; U+1223E; U+1200A; U+1212D,
U+12100,|GI.NA.AB.U.GUD|,|E₂.GI.NA.AB.HI|,𒄀,Type_2,compound,|E₂.GI.NA.AB.HI|,2,𒂍𒄀𒈾𒀊𒄭,U+1208D; U+12100; U+1223E; U+1200A; U+1212D,
U+1223E,|GI.NA.AB.U.GUD|,|E₂.GI.NA.AB.HI|,𒈾,Type_2,compound,|E₂.GI.NA.AB.HI|,3,𒂍𒄀𒈾𒀊𒄭,U+1208D; U+12100; U+1223E; U+1200A; U+1212D,
U+1200A,|GI.NA.AB.U.GUD|,|E₂.GI.NA.AB.HI|,𒀊,Type_2,compound,|E₂.GI.NA.AB.HI|,4,𒂍𒄀𒈾𒀊𒄭,U+1208D; U+12100; U+1223E; U+1200A; U+1212D,
U+1212D,|GI.NA.AB.U.GUD|,|E₂.GI.NA.AB.HI|,𒄭,Type_2,compound,|E₂.GI.NA.AB.HI|,5,𒂍𒄀𒈾𒀊𒄭,U+1208D; U+12100; U+1223E; U+1200A; U+1212D,
U+1208D,|GI.NA.AB.U.GUD|,|E₂.GI.NA.AB.TUM|,𒂍,Type_2,compound,|E₂.GI.NA.AB.TUM|,1,𒂍𒄀𒈾𒀊𒌈,U+1208D; U+12100; U+1223E; U+1200A; U+12308,
U+12100,|GI.NA.AB.U.GUD|,|E₂.GI.NA.AB.TUM|,𒄀,Type_2,compound,|E₂.GI.NA.AB.TUM|,2,𒂍𒄀𒈾𒀊𒌈,U+1208D; U+12100; U+1223E; U+1200A; U+12308,
U+1223E,|GI.NA.AB.U.GUD|,|E₂.GI.NA.AB.TUM|,𒈾,Type_2,compound,|E₂.GI.NA.AB.TUM|,3,𒂍𒄀𒈾𒀊𒌈,U+1208D; U+12100; U+1223E; U+1200A; U+12308,
U+1200A,|GI.NA.AB.U.GUD|,|E₂.GI.NA.AB.TUM|,𒀊,Type_2,compound,|E₂.GI.NA.AB.TUM|,4,𒂍𒄀𒈾𒀊𒌈,U+1208D; U+12100; U+1223E; U+1200A; U+12308,
U+12308,|GI.NA.AB.U.GUD|,|E₂.GI.NA.AB.TUM|,𒌈,Type_2,compound,|E₂.GI.NA.AB.TUM|,5,𒂍𒄀𒈾𒀊𒌈,U+1208D; U+12100; U+1223E; U+1200A; U+12308,
U+1208D,|GI.NA.AB.U.GUD|,|E₂.GI.NA.AB.U.GUD|,𒂍,Type_2,compound,|E₂.GI.NA.AB.U.GUD|,1,𒂍𒄀𒈾𒀊𒌌,U+1208D; U+12100; U+1223E; U+1200A; U+1230C,
U+12100,|GI.NA.AB.U.GUD|,|E₂.GI.NA.AB.U.GUD|,𒄀,Type_2,compound,|E₂.GI.NA.AB.U.GUD|,2,𒂍𒄀𒈾𒀊𒌌,U+1208D; U+12100; U+1223E; U+1200A; U+1230C,
U+1223E,|GI.NA.AB.U.GUD|,|E₂.GI.NA.AB.U.GUD|,𒈾,Type_2,compound,|E₂.GI.NA.AB.U.GUD|,3,𒂍𒄀𒈾𒀊𒌌,U+1208D; U+12100; U+1223E; U+1200A; U+1230C,
U+1200A,|GI.NA.AB.U.GUD|,|E₂.GI.NA.AB.U.GUD|,𒀊,Type_2,compound,|E₂.GI.NA.AB.U.GUD|,4,𒂍𒄀𒈾𒀊𒌌,U+1208D; U+12100; U+1223E; U+1200A; U+1230C,
U+1230C,|GI.NA.AB.U.GUD|,|E₂.GI.NA.AB.U.GUD|,𒌌,Type_2,compound,|E₂.GI.NA.AB.U.GUD|,5,𒂍𒄀𒈾𒀊𒌌,U+1208D; U+12100; U+1223E; U+1200A; U+1230C,
U+1208D,|GI.NA.AB.U.GUD|,|E₂.GI.NA.TUM|,𒂍,Type_2,compound,|E₂.GI.NA.TUM|,1,𒂍𒄀𒈾𒌈,U+1208D; U+12100; U+1223E; U+12308,
U+12100,|GI.NA.AB.U.GUD|,|E₂.GI.NA.TUM|,𒄀,Type_2,compound,|E₂.GI.NA.TUM|,2,𒂍𒄀𒈾𒌈,U+1208D; U+12100; U+1223E; U+12308,
U+1223E,|GI.NA.AB.U.GUD|,|E₂.GI.NA.TUM|,𒈾,Type_2,compound,|E₂.GI.NA.TUM|,3,𒂍𒄀𒈾𒌈,U+1208D; U+12100; U+1223E; U+12308,
U+12308,|GI.NA.AB.U.GUD|,|E₂.GI.NA.TUM|,𒌈,Type_2,compound,|E₂.GI.NA.TUM|,4,𒂍𒄀𒈾𒌈,U+1208D; U+12100; U+1223E; U+12308,
U+12100,|GI.NA.AB.U.GUD|,|GI.NA.AB.TUM|,𒄀,Type_2,compound,|GI.NA.AB.TUM|,1,𒄀𒈾𒀊𒌈,U+12100; U+1223E; U+1200A; U+12308,
U+1223E,|GI.NA.AB.U.GUD|,|GI.NA.AB.TUM|,𒈾,Type_2,compound,|GI.NA.AB.TUM|,2,𒄀𒈾𒀊𒌈,U+12100; U+1223E; U+1200A; U+12308,
U+1200A,|GI.NA.AB.U.GUD|,|GI.NA.AB.TUM|,𒀊,Type_2,compound,|GI.NA.AB.TUM|,3,𒄀𒈾𒀊𒌈,U+12100; U+1223E; U+1200A; U+12308,
U+12308,|GI.NA.AB.U.GUD|,|GI.NA.AB.TUM|,𒌈,Type_2,compound,|GI.NA.AB.TUM|,4,𒄀𒈾𒀊𒌈,U+12100; U+1223E; U+1200A; U+12308,
U+12103,|GI%GI|,|GI₄%GI₄|,𒄃,Type_3,GIGI_v1,,,,,ASY177 [Standard Babylonian (any period) | Akkadian syllabary]; LAK465 [Uruk IV–III (~3400–3000 BCE) | Archaic / Uruk]; ASY039 [Standard Babylonian (any period) | Akkadian syllabary]; ABZL250 [Old Babylonian (~2000–1600 BCE) | School texts]; ELLES244 [Early Dynastic (~2900–2340 BCE) | Ebla]; HZL258 [Hittite period (~1650–1180 BCE) | Hittite]; KWU124 [Ur III (~2112–2004 BCE) | Administrative]; MZL105 [Standard Babylonian (any period) | Akkado-Babylonian]; PTACE126 [Early Dynastic (~2900–2340 BCE) | Ebla]; RSP452 [Early Dynastic (~2900–2340 BCE) | Presargonic Lagash]; SLLHA067 [Standard Babylonian (any period) | Akkado-Babylonian]; SYA032 [Standard Babylonian (any period) | Akkadian syllabary]
U+122A1,GIDIM,|SAG×TAB|,𒊡,Type_1,GIDIM_v1,,,,,ABZL426 [Old Babylonian (~2000–1600 BCE) | School texts]; ELLES191 [Early Dynastic (~2900–2340 BCE) | Ebla]; HZL052 [Hittite period (~1650–1180 BCE) | Hittite]; MZL830 [Standard Babylonian (any period) | Akkado-Babylonian]; SLLHA576 [Standard Babylonian (any period) | Akkado-Babylonian]
U+12108,GIR₂,GIR₂@g,𒄈,Type_3,GIR_v1,,,,,LAK007 [Uruk IV–III (~3400–3000 BCE) | Archaic / Uruk]; LAK006 [Uruk IV–III (~3400–3000 BCE) | Archaic / Uruk]; ASY009 [Standard Babylonian (any period) | Akkadian syllabary]; ABZL008 [Old Babylonian (~2000–1600 BCE) | School texts]; BAU003 [Early Dynastic (~2900–2340 BCE) | Lagash]; ELLES003 [Early Dynastic (~2900–2340 BCE) | Ebla]; GCSL002 [Gudea period (~2100 BCE) | Lagash / Girsu]; HZL006 [Hittite period (~1650–1180 BCE) | Hittite]; KWU020 [Ur III (~2112–2004 BCE) | Administrative]; MZL006 [Standard Babylonian (any period) | Akkado-Babylonian]; PTACE005 [Early Dynastic (~2900–2340 BCE) | Ebla]; RSP339 [Early Dynastic (~2900–2340 BCE) | Presargonic Lagash]; SLLHA010 [Standard Babylonian (any period) | Akkado-Babylonian]; SYA009 [Standard Babylonian (any period) | Akkadian syllabary]
U+12109,GIR₂@g,GIR₂,𒄉,Type_3,GIRG_v1,,,,,LAK006 [Uruk IV–III (~3400–3000 BCE) | Archaic / Uruk]; ASY009 [Standard Babylonian (any period) | Akkadian syllabary]; LAK007 [Uruk IV–III (~3400–3000 BCE) | Archaic / Uruk]; ABZL008 [Old Babylonian (~2000–1600 BCE) | School texts]; BAU004 [Early Dynastic (~2900–2340 BCE) | Lagash]; BAU005 [Early Dynastic (~2900–2340 BCE) | Lagash]; ELLES004 [Early Dynastic (~2900–2340 BCE) | Ebla]; GCSL003 [Gudea period (~2100 BCE) | Lagash / Girsu]; HZL006 [Hittite period (~1650–1180 BCE) | Hittite]; KWU021 [Ur III (~2112–2004 BCE) | Administrative]; MZL007 [Standard Babylonian (any period) | Akkado-Babylonian]; PTACE006 [Early Dynastic (~2900–2340 BCE) | Ebla]; RSP339bis [Early Dynastic (~2900–2340 BCE) | Presargonic Lagash]; SLLHA010 [Standard Babylonian (any period) | Akkado-Babylonian]; SYA009 [Standard Babylonian (any period) | Akkadian syllabary]
U+120BC,GIR₃,|GA₂×AN.GAN.KAK|,𒂼,Type_2,compound,|GA₂×AN.GAN.KAK|,1,𒂼𒃶𒆕,U+120BC; U+120F6; U+12195,LAK248 [Uruk IV–III (~3400–3000 BCE) | Archaic / Uruk]; ASY259 [Standard Babylonian (any period) | Akkadian syllabary]; ABZL291b [Old Babylonian (~2000–1600 BCE) | School texts]; BAU161a [Early Dynastic (~2900–2340 BCE) | Lagash]; BAU161c [Early Dynastic (~2900–2340 BCE) | Lagash]; ELLES137 [Early Dynastic (~2900–2340 BCE) | Ebla]; GCSL165 [Gudea period (~2100 BCE) | Lagash / Girsu]; HZL301 [Hittite period (~1650–1180 BCE) | Hittite]; KWU457 [Ur III (~2112–2004 BCE) | Administrative]; MZL701 [Standard Babylonian (any period) | Akkado-Babylonian]; PTACE133 [Early Dynastic (~2900–2340 BCE) | Ebla]; RSP463 [Early Dynastic (~2900–2340 BCE) | Presargonic Lagash]; SLLHA444 [Standard Babylonian (any period) | Akkado-Babylonian]
U+120F6,GIR₃,|GA₂×AN.GAN.KAK|,𒃶,Type_2,compound,|GA₂×AN.GAN.KAK|,2,𒂼𒃶𒆕,U+120BC; U+120F6; U+12195,LAK248 [Uruk IV–III (~3400–3000 BCE) | Archaic / Uruk]; ASY259 [Standard Babylonian (any period) | Akkadian syllabary]; ABZL291b [Old Babylonian (~2000–1600 BCE) | School texts]; BAU161a [Early Dynastic (~2900–2340 BCE) | Lagash]; BAU161c [Early Dynastic (~2900–2340 BCE) | Lagash]; ELLES137 [Early Dynastic (~2900–2340 BCE) | Ebla]; GCSL165 [Gudea period (~2100 BCE) | Lagash / Girsu]; HZL301 [Hittite period (~1650–1180 BCE) | Hittite]; KWU457 [Ur III (~2112–2004 BCE) | Administrative]; MZL701 [Standard Babylonian (any period) | Akkado-Babylonian]; PTACE133 [Early Dynastic (~2900–2340 BCE) | Ebla]; RSP463 [Early Dynastic (~2900–2340 BCE) | Presargonic Lagash]; SLLHA444 [Standard Babylonian (any period) | Akkado-Babylonian]
U+12195,GIR₃,|GA₂×AN.GAN.KAK|,𒆕,Type_2,compound,|GA₂×AN.GAN.KAK|,3,𒂼𒃶𒆕,U+120BC; U+120F6; U+12195,LAK248 [Uruk IV–III (~3400–3000 BCE) | Archaic / Uruk]; ASY259 [Standard Babylonian (any period) | Akkadian syllabary]; ABZL291b [Old Babylonian (~2000–1600 BCE) | School texts]; BAU161a [Early Dynastic (~2900–2340 BCE) | Lagash]; BAU161c [Early Dynastic (~2900–2340 BCE) | Lagash]; ELLES137 [Early Dynastic (~2900–2340 BCE) | Ebla]; GCSL165 [Gudea period (~2100 BCE) | Lagash / Girsu]; HZL301 [Hittite period (~1650–1180 BCE) | Hittite]; KWU457 [Ur III (~2112–2004 BCE) | Administrative]; MZL701 [Standard Babylonian (any period) | Akkado-Babylonian]; PTACE133 [Early Dynastic (~2900–2340 BCE) | Ebla]; RSP463 [Early Dynastic (~2900–2340 BCE) | Presargonic Lagash]; SLLHA444 [Standard Babylonian (any period) | Akkado-Babylonian]
U+1210A,GIR₃,KIŠ,𒄊,Type_3,GIR_v1,,,,,LAK240 [Uruk IV–III (~3400–3000 BCE) | Archaic / Uruk]; ASY247 [Standard Babylonian (any period) | Akkadian syllabary]; LAK248 [Uruk IV–III (~3400–3000 BCE) | Archaic / Uruk]; ASY259 [Standard Babylonian (any period) | Akkadian syllabary]; ABZL291b [Old Babylonian (~2000–1600 BCE) | School texts]; BAU161a [Early Dynastic (~2900–2340 BCE) | Lagash]; BAU161c [Early Dynastic (~2900–2340 BCE) | Lagash]; ELLES137 [Early Dynastic (~2900–2340 BCE) | Ebla]; GCSL165 [Gudea period (~2100 BCE) | Lagash / Girsu]; HZL301 [Hittite period (~1650–1180 BCE) | Hittite]; KWU457 [Ur III (~2112–2004 BCE) | Administrative]; MZL701 [Standard Babylonian (any period) | Akkado-Babylonian]; PTACE133 [Early Dynastic (~2900–2340 BCE) | Ebla]; RSP463 [Early Dynastic (~2900–2340 BCE) | Presargonic Lagash]; SLLHA444 [Standard Babylonian (any period) | Akkado-Babylonian]
U+12032,|GIR₃.ARAD|,|ANŠE.ARAD|,𒀲,Type_2,compound,|ANŠE.ARAD|,1,,U+12032; U+12034,
U+12034,|GIR₃.ARAD|,|ANŠE.ARAD|,𒀴,Type_2,compound,|ANŠE.ARAD|,2,,U+12032; U+12034,
U+121A7,|GIR₃.ARAD|,|KIŠ.ARAD|,𒆧,Type_2,compound,|KIŠ.ARAD|,1,𒆧𒀴,U+121A7; U+12034,
U+12034,|GIR₃.ARAD|,|KIŠ.ARAD|,𒀴,Type_2,compound,|KIŠ.ARAD|,2,𒆧𒀴,U+121A7; U+12034,
X,|GIR₃.ARAD|,|KIŠ@g.ARAD|,,Type_2,compound,|KIŠ@g.ARAD|,1,X𒀴,X; U+12034,
U+12034,|GIR₃.ARAD|,|KIŠ@g.ARAD|,𒀴,Type_2,compound,|KIŠ@g.ARAD|,2,X𒀴,X; U+12034,
U+12157,|GIR₃.ŠU.IG|,|KA.ŠU.IG|,𒅗,Type_2,compound,|KA.ŠU.IG|,1,𒅗𒋗𒅅,U+12157; U+122D7; U+12145,
U+122D7,|GIR₃.ŠU.IG|,|KA.ŠU.IG|,𒋗,Type_2,compound,|KA.ŠU.IG|,2,𒅗𒋗𒅅,U+12157; U+122D7; U+12145,
U+12145,|GIR₃.ŠU.IG|,|KA.ŠU.IG|,𒅅,Type_2,compound,|KA.ŠU.IG|,3,𒅗𒋗𒅅,U+12157; U+122D7; U+12145,
U+12000,|GIR₃×(A.IGI)|,|A.IGI.GIR₃|,𒀀,Type_2,compound,|A.IGI.GIR₃|,1,𒀀𒅆𒄊,U+12000; U+12146; U+1210A,ABZL295 [Old Babylonian (~2000–1600 BCE) | School texts]; HZL303 [Hittite period (~1650–1180 BCE) | Hittite]; KWU464 [Ur III (~2112–2004 BCE) | Administrative]; MZL703 [Standard Babylonian (any period) | Akkado-Babylonian]; SLLHA421 [Standard Babylonian (any period) | Akkado-Babylonian]
U+12146,|GIR₃×(A.IGI)|,|A.IGI.GIR₃|,𒅆,Type_2,compound,|A.IGI.GIR₃|,2,𒀀𒅆𒄊,U+12000; U+12146; U+1210A,ABZL295 [Old Babylonian (~2000–1600 BCE) | School texts]; HZL303 [Hittite period (~1650–1180 BCE) | Hittite]; KWU464 [Ur III (~2112–2004 BCE) | Administrative]; MZL703 [Standard Babylonian (any period) | Akkado-Babylonian]; SLLHA421 [Standard Babylonian (any period) | Akkado-Babylonian]
U+1210A,|GIR₃×(A.IGI)|,|A.IGI.GIR₃|,𒄊,Type_2,compound,|A.IGI.GIR₃|,3,𒀀𒅆𒄊,U+12000; U+12146; U+1210A,ABZL295 [Old Babylonian (~2000–1600 BCE) | School texts]; HZL303 [Hittite period (~1650–1180 BCE) | Hittite]; KWU464 [Ur III (~2112–2004 BCE) | Administrative]; MZL703 [Standard Babylonian (any period) | Akkado-Babylonian]; SLLHA421 [Standard Babylonian (any period) | Akkado-Babylonian]
U+1210D,|GIR₃×(A.IGI)|,|GIR₃×IGI|,𒄍,Type_1,GIRAIGI_v1,,,,,LAK249 [Uruk IV–III (~3400–3000 BCE) | Archaic / Uruk]; ABZL295 [Old Babylonian (~2000–1600 BCE) | School texts]; ELLES141 [Early Dynastic (~2900–2340 BCE) | Ebla]; HZL303 [Hittite period (~1650–1180 BCE) | Hittite]; RSP465 [Early Dynastic (~2900–2340 BCE) | Presargonic Lagash]; SLLHA421n2 [Standard Babylonian (any period) | Akkado-Babylonian]; KWU464 [Ur III (~2112–2004 BCE) | Administrative]; MZL703 [Standard Babylonian (any period) | Akkado-Babylonian]; SLLHA421 [Standard Babylonian (any period) | Akkado-Babylonian]
U+1210B,|GIR₃×(A.IGI)|,KIŠ,𒄋,Type_3,GIRAIGI_v2,,,,,LAK240 [Uruk IV–III (~3400–3000 BCE) | Archaic / Uruk]; ASY247 [Standard Babylonian (any period) | Akkadian syllabary]; ABZL295 [Old Babylonian (~2000–1600 BCE) | School texts]; HZL303 [Hittite period (~1650–1180 BCE) | Hittite]; KWU464 [Ur III (~2112–2004 BCE) | Administrative]; MZL703 [Standard Babylonian (any period) | Akkado-Babylonian]; SLLHA421 [Standard Babylonian (any period) | Akkado-Babylonian]
U+1210C,|GIR₃×GAN₂@t|,KIŠ,𒄌,Type_3,GIRGANT_v1,,,,,LAK240 [Uruk IV–III (~3400–3000 BCE) | Archaic / Uruk]; ASY247 [Standard Babylonian (any period) | Akkadian syllabary]; LAK251 [Uruk IV–III (~3400–3000 BCE) | Archaic / Uruk]; ABZL293 [Old Babylonian (~2000–1600 BCE) | School texts]; BAU165 [Early Dynastic (~2900–2340 BCE) | Lagash]; KWU462 [Ur III (~2112–2004 BCE) | Administrative]; MZL675 [Standard Babylonian (any period) | Akkado-Babylonian]; RSP464 [Early Dynastic (~2900–2340 BCE) | Presargonic Lagash]; SLLHA423 [Standard Babylonian (any period) | Akkado-Babylonian]
U+1210E,|GIR₃×(LU.IGI)|,|GIR₃×(IGI.LU)|,𒄎,Type_3,GIRLUIGI_v1,,,,,GCSL168 [Gudea period (~2100 BCE) | Lagash / Girsu]; LAK250 [Uruk IV–III (~3400–3000 BCE) | Archaic / Uruk]; ELLES142 [Early Dynastic (~2900–2340 BCE) | Ebla]; GCSL169 [Gudea period (~2100 BCE) | Lagash / Girsu]; KWU467 [Ur III (~2112–2004 BCE) | Administrative]; MZL702 [Standard Babylonian (any period) | Akkado-Babylonian]; PTACE138 [Early Dynastic (~2900–2340 BCE) | Ebla]; SLLHA421a [Standard Babylonian (any period) | Akkado-Babylonian]
U+12146,|GIR₃×(LU.IGI)|,|IGI.LU.GIR₃|,𒅆,Type_2,compound,|IGI.LU.GIR₃|,1,𒅆𒇻𒄊,U+12146; U+121FB; U+1210A,LAK250 [Uruk IV–III (~3400–3000 BCE) | Archaic / Uruk]; ELLES142 [Early Dynastic (~2900–2340 BCE) | Ebla]; GCSL169 [Gudea period (~2100 BCE) | Lagash / Girsu]; KWU467 [Ur III (~2112–2004 BCE) | Administrative]; MZL702 [Standard Babylonian (any period) | Akkado-Babylonian]; PTACE138 [Early Dynastic (~2900–2340 BCE) | Ebla]; SLLHA421a [Standard Babylonian (any period) | Akkado-Babylonian]
U+121FB,|GIR₃×(LU.IGI)|,|IGI.LU.GIR₃|,𒇻,Type_2,compound,|IGI.LU.GIR₃|,2,𒅆𒇻𒄊,U+12146; U+121FB; U+1210A,LAK250 [Uruk IV–III (~3400–3000 BCE) | Archaic / Uruk]; ELLES142 [Early Dynastic (~2900–2340 BCE) | Ebla]; GCSL169 [Gudea period (~2100 BCE) | Lagash / Girsu]; KWU467 [Ur III (~2112–2004 BCE) | Administrative]; MZL702 [Standard Babylonian (any period) | Akkado-Babylonian]; PTACE138 [Early Dynastic (~2900–2340 BCE) | Ebla]; SLLHA421a [Standard Babylonian (any period) | Akkado-Babylonian]
U+1210A,|GIR₃×(LU.IGI)|,|IGI.LU.GIR₃|,𒄊,Type_2,compound,|IGI.LU.GIR₃|,3,𒅆𒇻𒄊,U+12146; U+121FB; U+1210A,LAK250 [Uruk IV–III (~3400–3000 BCE) | Archaic / Uruk]; ELLES142 [Early Dynastic (~2900–2340 BCE) | Ebla]; GCSL169 [Gudea period (~2100 BCE) | Lagash / Girsu]; KWU467 [Ur III (~2112–2004 BCE) | Administrative]; MZL702 [Standard Babylonian (any period) | Akkado-Babylonian]; PTACE138 [Early Dynastic (~2900–2340 BCE) | Ebla]; SLLHA421a [Standard Babylonian (any period) | Akkado-Babylonian]
U+121FB,|GIR₃×(LU.IGI)|,|LU.GIR₃×IGI|,𒇻,Type_2,compound,|LU.GIR₃×IGI|,1,𒇻𒄍,U+121FB; U+1210D,LAK250 [Uruk IV–III (~3400–3000 BCE) | Archaic / Uruk]; ELLES142 [Early Dynastic (~2900–2340 BCE) | Ebla]; GCSL169 [Gudea period (~2100 BCE) | Lagash / Girsu]; KWU467 [Ur III (~2112–2004 BCE) | Administrative]; MZL702 [Standard Babylonian (any period) | Akkado-Babylonian]; PTACE138 [Early Dynastic (~2900–2340 BCE) | Ebla]; SLLHA421a [Standard Babylonian (any period) | Akkado-Babylonian]
U+1210D,|GIR₃×(LU.IGI)|,|LU.GIR₃×IGI|,𒄍,Type_2,compound,|LU.GIR₃×IGI|,2,𒇻𒄍,U+121FB; U+1210D,LAK250 [Uruk IV–III (~3400–3000 BCE) | Archaic / Uruk]; ELLES142 [Early Dynastic (~2900–2340 BCE) | Ebla]; GCSL169 [Gudea period (~2100 BCE) | Lagash / Girsu]; KWU467 [Ur III (~2112–2004 BCE) | Administrative]; MZL702 [Standard Babylonian (any period) | Akkado-Babylonian]; PTACE138 [Early Dynastic (~2900–2340 BCE) | Ebla]; SLLHA421a [Standard Babylonian (any period) | Akkado-Babylonian]
U+121FB,|GIR₃×(LU.IGI)|,|LU.IGI.ANŠE|,𒇻,Type_2,compound,|LU.IGI.ANŠE|,1,𒇻𒅆𒀲,U+121FB; U+12146; U+12032,LAK250 [Uruk IV–III (~3400–3000 BCE) | Archaic / Uruk]; ELLES142 [Early Dynastic (~2900–2340 BCE) | Ebla]; GCSL169 [Gudea period (~2100 BCE) | Lagash / Girsu]; KWU467 [Ur III (~2112–2004 BCE) | Administrative]; MZL702 [Standard Babylonian (any period) | Akkado-Babylonian]; PTACE138 [Early Dynastic (~2900–2340 BCE) | Ebla]; SLLHA421a [Standard Babylonian (any period) | Akkado-Babylonian]
U+12146,|GIR₃×(LU.IGI)|,|LU.IGI.ANŠE|,𒅆,Type_2,compound,|LU.IGI.ANŠE|,2,𒇻𒅆𒀲,U+121FB; U+12146; U+12032,LAK250 [Uruk IV–III (~3400–3000 BCE) | Archaic / Uruk]; ELLES142 [Early Dynastic (~2900–2340 BCE) | Ebla]; GCSL169 [Gudea period (~2100 BCE) | Lagash / Girsu]; KWU467 [Ur III (~2112–2004 BCE) | Administrative]; MZL702 [Standard Babylonian (any period) | Akkado-Babylonian]; PTACE138 [Early Dynastic (~2900–2340 BCE) | Ebla]; SLLHA421a [Standard Babylonian (any period) | Akkado-Babylonian]
U+12032,|GIR₃×(LU.IGI)|,|LU.IGI.ANŠE|,𒀲,Type_2,compound,|LU.IGI.ANŠE|,3,𒇻𒅆𒀲,U+121FB; U+12146; U+12032,LAK250 [Uruk IV–III (~3400–3000 BCE) | Archaic / Uruk]; ELLES142 [Early Dynastic (~2900–2340 BCE) | Ebla]; GCSL169 [Gudea period (~2100 BCE) | Lagash / Girsu]; KWU467 [Ur III (~2112–2004 BCE) | Administrative]; MZL702 [Standard Babylonian (any period) | Akkado-Babylonian]; PTACE138 [Early Dynastic (~2900–2340 BCE) | Ebla]; SLLHA421a [Standard Babylonian (any period) | Akkado-Babylonian]
U+12049,GISAL,|BI.GIŠ|,𒁉,Type_2,compound,|BI.GIŠ|,1,𒁉𒄑,U+12049; U+12111,LAK589 [Uruk IV–III (~3400–3000 BCE) | Archaic / Uruk]; ABZL081 [Old Babylonian (~2000–1600 BCE) | School texts]; ELLES294 [Early Dynastic (~2900–2340 BCE) | Ebla]; MZL376 [Standard Babylonian (any period) | Akkado-Babylonian]; RSP217 [Early Dynastic (~2900–2340 BCE) | Presargonic Lagash]; SLLHA226 [Standard Babylonian (any period) | Akkado-Babylonian]
U+12111,GISAL,|BI.GIŠ|,𒄑,Type_2,compound,|BI.GIŠ|,2,𒁉𒄑,U+12049; U+12111,LAK589 [Uruk IV–III (~3400–3000 BCE) | Archaic / Uruk]; ABZL081 [Old Babylonian (~2000–1600 BCE) | School texts]; ELLES294 [Early Dynastic (~2900–2340 BCE) | Ebla]; MZL376 [Standard Babylonian (any period) | Akkado-Babylonian]; RSP217 [Early Dynastic (~2900–2340 BCE) | Presargonic Lagash]; SLLHA226 [Standard Babylonian (any period) | Akkado-Babylonian]
U+12110,GISAL,GISAL,𒄐,Type_3,GISAL_v1,,,,,LAK589 [Uruk IV–III (~3400–3000 BCE) | Archaic / Uruk]; ABZL081 [Old Babylonian (~2000–1600 BCE) | School texts]; ELLES294 [Early Dynastic (~2900–2340 BCE) | Ebla]; MZL376 [Standard Babylonian (any period) | Akkado-Babylonian]; RSP217 [Early Dynastic (~2900–2340 BCE) | Presargonic Lagash]; RSP367 [Early Dynastic (~2900–2340 BCE) | Presargonic Lagash]; SLLHA226 [Standard Babylonian (any period) | Akkado-Babylonian]
U+1211E,GISAL,|GUD.GIŠ|,𒄞,Type_2,compound,|GUD.GIŠ|,1,𒄞𒄑,U+1211E; U+12111,LAK589 [Uruk IV–III (~3400–3000 BCE) | Archaic / Uruk]; ABZL081 [Old Babylonian (~2000–1600 BCE) | School texts]; ELLES294 [Early Dynastic (~2900–2340 BCE) | Ebla]; MZL376 [Standard Babylonian (any period) | Akkado-Babylonian]; RSP217 [Early Dynastic (~2900–2340 BCE) | Presargonic Lagash]; SLLHA226 [Standard Babylonian (any period) | Akkado-Babylonian]
U+12111,GISAL,|GUD.GIŠ|,𒄑,Type_2,compound,|GUD.GIŠ|,2,𒄞𒄑,U+1211E; U+12111,LAK589 [Uruk IV–III (~3400–3000 BCE) | Archaic / Uruk]; ABZL081 [Old Babylonian (~2000–1600 BCE) | School texts]; ELLES294 [Early Dynastic (~2900–2340 BCE) | Ebla]; MZL376 [Standard Babylonian (any period) | Akkado-Babylonian]; RSP217 [Early Dynastic (~2900–2340 BCE) | Presargonic Lagash]; SLLHA226 [Standard Babylonian (any period) | Akkado-Babylonian]
U+12110,GISAL,|GUD.GIŠ×TAK₄|,𒄐,Type_3,GISAL_v1,,,,,LAK590 [Uruk IV–III (~3400–3000 BCE) | Archaic / Uruk]; LAK589 [Uruk IV–III (~3400–3000 BCE) | Archaic / Uruk]; ABZL081 [Old Babylonian (~2000–1600 BCE) | School texts]; ELLES294 [Early Dynastic (~2900–2340 BCE) | Ebla]; MZL376 [Standard Babylonian (any period) | Akkado-Babylonian]; RSP217 [Early Dynastic (~2900–2340 BCE) | Presargonic Lagash]; SLLHA226 [Standard Babylonian (any period) | Akkado-Babylonian]
U+12111,GIŠ,GIŠ~v,𒄑,Type_3,GIS_v1,,,,,BAU377 [Early Dynastic (~2900–2340 BCE) | Lagash]; LAK673 [Uruk IV–III (~3400–3000 BCE) | Archaic / Uruk]; ASY156 [Standard Babylonian (any period) | Akkadian syllabary]; ABZL160 [Old Babylonian (~2000–1600 BCE) | School texts]; BAU312 [Early Dynastic (~2900–2340 BCE) | Lagash]; ELLES331 [Early Dynastic (~2900–2340 BCE) | Ebla]; GCSL286 [Gudea period (~2100 BCE) | Lagash / Girsu]; HZL178 [Hittite period (~1650–1180 BCE) | Hittite]; KWU802 [Ur III (~2112–2004 BCE) | Administrative]; MZL469 [Standard Babylonian (any period) | Akkado-Babylonian]; PTACE279 [Early Dynastic (~2900–2340 BCE) | Ebla]; RSP231 [Early Dynastic (~2900–2340 BCE) | Presargonic Lagash]; SLLHA296 [Standard Babylonian (any period) | Akkado-Babylonian]; SYA137 [Standard Babylonian (any period) | Akkadian syllabary]
U+12111,|GIŠ.KUŠU₂|,|GIŠ.KI.KUŠU₂|,𒄑,Type_2,compound,|GIŠ.KI.KUŠU₂|,1,𒄑𒆠𒆵,U+12111; U+121A0; U+121B5,RSP234 [Early Dynastic (~2900–2340 BCE) | Presargonic Lagash]
U+121A0,|GIŠ.KUŠU₂|,|GIŠ.KI.KUŠU₂|,𒆠,Type_2,compound,|GIŠ.KI.KUŠU₂|,2,𒄑𒆠𒆵,U+12111; U+121A0; U+121B5,RSP234 [Early Dynastic (~2900–2340 BCE) | Presargonic Lagash]
U+121B5,|GIŠ.KUŠU₂|,|GIŠ.KI.KUŠU₂|,𒆵,Type_2,compound,|GIŠ.KI.KUŠU₂|,3,𒄑𒆠𒆵,U+12111; U+121A0; U+121B5,RSP234 [Early Dynastic (~2900–2340 BCE) | Presargonic Lagash]
U+12111,|GIŠ.KUŠU₂|,|GIŠ.KUŠU₂×KASKAL|,𒄑,Type_2,compound,|GIŠ.KUŠU₂×KASKAL|,1,𒄑X,U+12111; X,RSP234 [Early Dynastic (~2900–2340 BCE) | Presargonic Lagash]
X,|GIŠ.KUŠU₂|,|GIŠ.KUŠU₂×KASKAL|,,Type_2,compound,|GIŠ.KUŠU₂×KASKAL|,2,𒄑X,U+12111; X,RSP234 [Early Dynastic (~2900–2340 BCE) | Presargonic Lagash]
U+12111,|GIŠ.NE.GA.MES|,|GIŠ.GIŠ.NE@s.MES.GA|,𒄑,Type_2,compound,|GIŠ.GIŠ.NE@s.MES.GA|,1,𒄑𒄑𒉋𒈩𒂵,U+12111; U+12111; U+1224B; U+12229; U+120B5,
U+12111,|GIŠ.NE.GA.MES|,|GIŠ.GIŠ.NE@s.MES.GA|,𒄑,Type_2,compound,|GIŠ.GIŠ.NE@s.MES.GA|,2,𒄑𒄑𒉋𒈩𒂵,U+12111; U+12111; U+1224B; U+12229; U+120B5,
U+1224B,|GIŠ.NE.GA.MES|,|GIŠ.GIŠ.NE@s.MES.GA|,𒉋,Type_2,compound,|GIŠ.GIŠ.NE@s.MES.GA|,3,𒄑𒄑𒉋𒈩𒂵,U+12111; U+12111; U+1224B; U+12229; U+120B5,
U+12229,|GIŠ.NE.GA.MES|,|GIŠ.GIŠ.NE@s.MES.GA|,𒈩,Type_2,compound,|GIŠ.GIŠ.NE@s.MES.GA|,4,𒄑𒄑𒉋𒈩𒂵,U+12111; U+12111; U+1224B; U+12229; U+120B5,
U+120B5,|GIŠ.NE.GA.MES|,|GIŠ.GIŠ.NE@s.MES.GA|,𒂵,Type_2,compound,|GIŠ.GIŠ.NE@s.MES.GA|,5,𒄑𒄑𒉋𒈩𒂵,U+12111; U+12111; U+1224B; U+12229; U+120B5,
U+12111,|GIŠ.NE.GA.MES|,|GIŠ.NE.X.GA.MES|,𒄑,Type_2,compound,|GIŠ.NE.X.GA.MES|,1,𒄑𒉈O𒂵𒈩,U+12111; U+12248; O; U+120B5; U+12229,
U+12248,|GIŠ.NE.GA.MES|,|GIŠ.NE.X.GA.MES|,𒉈,Type_2,compound,|GIŠ.NE.X.GA.MES|,2,𒄑𒉈O𒂵𒈩,U+12111; U+12248; O; U+120B5; U+12229,
O,|GIŠ.NE.GA.MES|,|GIŠ.NE.X.GA.MES|,,Type_2,compound,|GIŠ.NE.X.GA.MES|,3,𒄑𒉈O𒂵𒈩,U+12111; U+12248; O; U+120B5; U+12229,
U+120B5,|GIŠ.NE.GA.MES|,|GIŠ.NE.X.GA.MES|,𒂵,Type_2,compound,|GIŠ.NE.X.GA.MES|,4,𒄑𒉈O𒂵𒈩,U+12111; U+12248; O; U+120B5; U+12229,
U+12229,|GIŠ.NE.GA.MES|,|GIŠ.NE.X.GA.MES|,𒈩,Type_2,compound,|GIŠ.NE.X.GA.MES|,5,𒄑𒉈O𒂵𒈩,U+12111; U+12248; O; U+120B5; U+12229,
U+12111,|GIŠ.NE.GA.MES|,|GIŠ.NE@s.GA|,𒄑,Type_2,compound,|GIŠ.NE@s.GA|,1,𒄑𒉋𒂵,U+12111; U+1224B; U+120B5,
U+1224B,|GIŠ.NE.GA.MES|,|GIŠ.NE@s.GA|,𒉋,Type_2,compound,|GIŠ.NE@s.GA|,2,𒄑𒉋𒂵,U+12111; U+1224B; U+120B5,
U+120B5,|GIŠ.NE.GA.MES|,|GIŠ.NE@s.GA|,𒂵,Type_2,compound,|GIŠ.NE@s.GA|,3,𒄑𒉋𒂵,U+12111; U+1224B; U+120B5,
U+12111,|GIŠ.NE.GA.MES|,|GIŠ.NE@s.GA.MES|,𒄑,Type_2,compound,|GIŠ.NE@s.GA.MES|,1,𒄑𒉋𒂵𒈩,U+12111; U+1224B; U+120B5; U+12229,
U+1224B,|GIŠ.NE.GA.MES|,|GIŠ.NE@s.GA.MES|,𒉋,Type_2,compound,|GIŠ.NE@s.GA.MES|,2,𒄑𒉋𒂵𒈩,U+12111; U+1224B; U+120B5; U+12229,
U+120B5,|GIŠ.NE.GA.MES|,|GIŠ.NE@s.GA.MES|,𒂵,Type_2,compound,|GIŠ.NE@s.GA.MES|,3,𒄑𒉋𒂵𒈩,U+12111; U+1224B; U+120B5; U+12229,
U+12229,|GIŠ.NE.GA.MES|,|GIŠ.NE@s.GA.MES|,𒈩,Type_2,compound,|GIŠ.NE@s.GA.MES|,4,𒄑𒉋𒂵𒈩,U+12111; U+1224B; U+120B5; U+12229,
U+12111,|GIŠ.NE.GA.MES|,|GIŠ.NE@s.MES.GA|,𒄑,Type_2,compound,|GIŠ.NE@s.MES.GA|,1,𒄑𒉋𒈩𒂵,U+12111; U+1224B; U+12229; U+120B5,
U+1224B,|GIŠ.NE.GA.MES|,|GIŠ.NE@s.MES.GA|,𒉋,Type_2,compound,|GIŠ.NE@s.MES.GA|,2,𒄑𒉋𒈩𒂵,U+12111; U+1224B; U+12229; U+120B5,
U+12229,|GIŠ.NE.GA.MES|,|GIŠ.NE@s.MES.GA|,𒈩,Type_2,compound,|GIŠ.NE@s.MES.GA|,3,𒄑𒉋𒈩𒂵,U+12111; U+1224B; U+12229; U+120B5,
U+120B5,|GIŠ.NE.GA.MES|,|GIŠ.NE@s.MES.GA|,𒂵,Type_2,compound,|GIŠ.NE@s.MES.GA|,4,𒄑𒉋𒈩𒂵,U+12111; U+1224B; U+12229; U+120B5,
U+1224B,|GIŠ.NE.GA.MES|,|NE@s.GA.MES|,𒉋,Type_2,compound,|NE@s.GA.MES|,1,𒉋𒂵𒈩,U+1224B; U+120B5; U+12229,
U+120B5,|GIŠ.NE.GA.MES|,|NE@s.GA.MES|,𒂵,Type_2,compound,|NE@s.GA.MES|,2,𒉋𒂵𒈩,U+1224B; U+120B5; U+12229,
U+12229,|GIŠ.NE.GA.MES|,|NE@s.GA.MES|,𒈩,Type_2,compound,|NE@s.GA.MES|,3,𒉋𒂵𒈩,U+1224B; U+120B5; U+12229,
U+12100,|GIŠ.NE@s|,|GI.NE|,𒄀,Type_2,compound,|GI.NE|,1,𒄀𒉈,U+12100; U+12248,ASY158 [Standard Babylonian (any period) | Akkadian syllabary]; RSP233 [Early Dynastic (~2900–2340 BCE) | Presargonic Lagash]
U+12248,|GIŠ.NE@s|,|GI.NE|,𒉈,Type_2,compound,|GI.NE|,2,𒄀𒉈,U+12100; U+12248,ASY158 [Standard Babylonian (any period) | Akkadian syllabary]; RSP233 [Early Dynastic (~2900–2340 BCE) | Presargonic Lagash]
U+12111,|GIŠ.PI.TUG₂|,|GIŠ.PI|,𒄑,Type_2,compound,|GIŠ.PI|,1,𒄑𒉿,U+12111; U+1227F,
U+1227F,|GIŠ.PI.TUG₂|,|GIŠ.PI|,𒉿,Type_2,compound,|GIŠ.PI|,2,𒄑𒉿,U+12111; U+1227F,
U+12111,|GIŠ.TUG₂.PI.NU₁₁@90.SILA₃|,|GIŠ.PI.TUG₂.NU₁₁@90|,𒄑,Type_2,compound,|GIŠ.PI.TUG₂.NU₁₁@90|,1,𒄑𒉿𒌆𒎓,U+12111; U+1227F; U+12306; U+12393,
U+1227F,|GIŠ.TUG₂.PI.NU₁₁@90.SILA₃|,|GIŠ.PI.TUG₂.NU₁₁@90|,𒉿,Type_2,compound,|GIŠ.PI.TUG₂.NU₁₁@90|,2,𒄑𒉿𒌆𒎓,U+12111; U+1227F; U+12306; U+12393,
U+12306,|GIŠ.TUG₂.PI.NU₁₁@90.SILA₃|,|GIŠ.PI.TUG₂.NU₁₁@90|,𒌆,Type_2,compound,|GIŠ.PI.TUG₂.NU₁₁@90|,3,𒄑𒉿𒌆𒎓,U+12111; U+1227F; U+12306; U+12393,
U+12393,|GIŠ.TUG₂.PI.NU₁₁@90.SILA₃|,|GIŠ.PI.TUG₂.NU₁₁@90|,𒎓,Type_2,compound,|GIŠ.PI.TUG₂.NU₁₁@90|,4,𒄑𒉿𒌆𒎓,U+12111; U+1227F; U+12306; U+12393,
U+12111,|GIŠ.TUG₂.PI.NU₁₁@90.SILA₃|,|GIŠ.TUG₂.PI.A.SILA₃|,𒄑,Type_2,compound,|GIŠ.TUG₂.PI.A.SILA₃|,1,𒄑𒌆𒉿𒀀𒋡,U+12111; U+12306; U+1227F; U+12000; U+122E1,
U+12306,|GIŠ.TUG₂.PI.NU₁₁@90.SILA₃|,|GIŠ.TUG₂.PI.A.SILA₃|,𒌆,Type_2,compound,|GIŠ.TUG₂.PI.A.SILA₃|,2,𒄑𒌆𒉿𒀀𒋡,U+12111; U+12306; U+1227F; U+12000; U+122E1,
U+1227F,|GIŠ.TUG₂.PI.NU₁₁@90.SILA₃|,|GIŠ.TUG₂.PI.A.SILA₃|,𒉿,Type_2,compound,|GIŠ.TUG₂.PI.A.SILA₃|,3,𒄑𒌆𒉿𒀀𒋡,U+12111; U+12306; U+1227F; U+12000; U+122E1,
U+12000,|GIŠ.TUG₂.PI.NU₁₁@90.SILA₃|,|GIŠ.TUG₂.PI.A.SILA₃|,𒀀,Type_2,compound,|GIŠ.TUG₂.PI.A.SILA₃|,4,𒄑𒌆𒉿𒀀𒋡,U+12111; U+12306; U+1227F; U+12000; U+122E1,
U+122E1,|GIŠ.TUG₂.PI.NU₁₁@90.SILA₃|,|GIŠ.TUG₂.PI.A.SILA₃|,𒋡,Type_2,compound,|GIŠ.TUG₂.PI.A.SILA₃|,5,𒄑𒌆𒉿𒀀𒋡,U+12111; U+12306; U+1227F; U+12000; U+122E1,
U+12111,|GIŠ.TUG₂.PI.NU₁₁@90.SILA₃|,|GIŠ.TUG₂.PI.NU₁₁.SILA₃|,𒄑,Type_2,compound,|GIŠ.TUG₂.PI.NU₁₁.SILA₃|,1,𒄑𒌆𒉿𒉢𒋡,U+12111; U+12306; U+1227F; U+12262; U+122E1,
U+12306,|GIŠ.TUG₂.PI.NU₁₁@90.SILA₃|,|GIŠ.TUG₂.PI.NU₁₁.SILA₃|,𒌆,Type_2,compound,|GIŠ.TUG₂.PI.NU₁₁.SILA₃|,2,𒄑𒌆𒉿𒉢𒋡,U+12111; U+12306; U+1227F; U+12262; U+122E1,
U+1227F,|GIŠ.TUG₂.PI.NU₁₁@90.SILA₃|,|GIŠ.TUG₂.PI.NU₁₁.SILA₃|,𒉿,Type_2,compound,|GIŠ.TUG₂.PI.NU₁₁.SILA₃|,3,𒄑𒌆𒉿𒉢𒋡,U+12111; U+12306; U+1227F; U+12262; U+122E1,
U+12262,|GIŠ.TUG₂.PI.NU₁₁@90.SILA₃|,|GIŠ.TUG₂.PI.NU₁₁.SILA₃|,𒉢,Type_2,compound,|GIŠ.TUG₂.PI.NU₁₁.SILA₃|,4,𒄑𒌆𒉿𒉢𒋡,U+12111; U+12306; U+1227F; U+12262; U+122E1,
U+122E1,|GIŠ.TUG₂.PI.NU₁₁@90.SILA₃|,|GIŠ.TUG₂.PI.NU₁₁.SILA₃|,𒋡,Type_2,compound,|GIŠ.TUG₂.PI.NU₁₁.SILA₃|,5,𒄑𒌆𒉿𒉢𒋡,U+12111; U+12306; U+1227F; U+12262; U+122E1,
U+12111,|GIŠ.TUG₂.PI.NU₁₁@90.SILA₃|,|GIŠ.TUG₂.PI.NU₁₁@90|,𒄑,Type_2,compound,|GIŠ.TUG₂.PI.NU₁₁@90|,1,𒄑𒌆𒉿𒎓,U+12111; U+12306; U+1227F; U+12393,
U+12306,|GIŠ.TUG₂.PI.NU₁₁@90.SILA₃|,|GIŠ.TUG₂.PI.NU₁₁@90|,𒌆,Type_2,compound,|GIŠ.TUG₂.PI.NU₁₁@90|,2,𒄑𒌆𒉿𒎓,U+12111; U+12306; U+1227F; U+12393,
U+1227F,|GIŠ.TUG₂.PI.NU₁₁@90.SILA₃|,|GIŠ.TUG₂.PI.NU₁₁@90|,𒉿,Type_2,compound,|GIŠ.TUG₂.PI.NU₁₁@90|,3,𒄑𒌆𒉿𒎓,U+12111; U+12306; U+1227F; U+12393,
U+12393,|GIŠ.TUG₂.PI.NU₁₁@90.SILA₃|,|GIŠ.TUG₂.PI.NU₁₁@90|,𒎓,Type_2,compound,|GIŠ.TUG₂.PI.NU₁₁@90|,4,𒄑𒌆𒉿𒎓,U+12111; U+12306; U+1227F; U+12393,
U+12111,|GIŠ.TUG₂.PI.NU₁₁@90.SILA₃|,|GIŠ.TUG₂.PI.SILA₃.A|,𒄑,Type_2,compound,|GIŠ.TUG₂.PI.SILA₃.A|,1,𒄑𒌆𒉿𒋡𒀀,U+12111; U+12306; U+1227F; U+122E1; U+12000,
U+12306,|GIŠ.TUG₂.PI.NU₁₁@90.SILA₃|,|GIŠ.TUG₂.PI.SILA₃.A|,𒌆,Type_2,compound,|GIŠ.TUG₂.PI.SILA₃.A|,2,𒄑𒌆𒉿𒋡𒀀,U+12111; U+12306; U+1227F; U+122E1; U+12000,
U+1227F,|GIŠ.TUG₂.PI.NU₁₁@90.SILA₃|,|GIŠ.TUG₂.PI.SILA₃.A|,𒉿,Type_2,compound,|GIŠ.TUG₂.PI.SILA₃.A|,3,𒄑𒌆𒉿𒋡𒀀,U+12111; U+12306; U+1227F; U+122E1; U+12000,
U+122E1,|GIŠ.TUG₂.PI.NU₁₁@90.SILA₃|,|GIŠ.TUG₂.PI.SILA₃.A|,𒋡,Type_2,compound,|GIŠ.TUG₂.PI.SILA₃.A|,4,𒄑𒌆𒉿𒋡𒀀,U+12111; U+12306; U+1227F; U+122E1; U+12000,
U+12000,|GIŠ.TUG₂.PI.NU₁₁@90.SILA₃|,|GIŠ.TUG₂.PI.SILA₃.A|,𒀀,Type_2,compound,|GIŠ.TUG₂.PI.SILA₃.A|,5,𒄑𒌆𒉿𒋡𒀀,U+12111; U+12306; U+1227F; U+122E1; U+12000,
U+12393,|GIŠ.TUG₂.PI.NU₁₁@90.SILA₃|,|NU₁₁@90.PI|,𒎓,Type_2,compound,|NU₁₁@90.PI|,1,𒎓𒉿,U+12393; U+1227F,
U+1227F,|GIŠ.TUG₂.PI.NU₁₁@90.SILA₃|,|NU₁₁@90.PI|,𒉿,Type_2,compound,|NU₁₁@90.PI|,2,𒎓𒉿,U+12393; U+1227F,
U+12393,|GIŠ.TUG₂.PI.NU₁₁@90.SILA₃|,|NU₁₁@90.SILA₃|,𒎓,Type_2,compound,|NU₁₁@90.SILA₃|,1,𒎓𒋡,U+12393; U+122E1,
U+122E1,|GIŠ.TUG₂.PI.NU₁₁@90.SILA₃|,|NU₁₁@90.SILA₃|,𒋡,Type_2,compound,|NU₁₁@90.SILA₃|,2,𒎓𒋡,U+12393; U+122E1,
U+12111,|GIŠ.TUG₂.PI.TE.A.DU|,|GIŠ.DU.TE.A.TUG₂|,𒄑,Type_2,compound,|GIŠ.DU.TE.A.TUG₂|,1,𒄑𒁺𒋼𒀀𒌆,U+12111; U+1207A; U+122FC; U+12000; U+12306,RSP235 [Early Dynastic (~2900–2340 BCE) | Presargonic Lagash]
U+1207A,|GIŠ.TUG₂.PI.TE.A.DU|,|GIŠ.DU.TE.A.TUG₂|,𒁺,Type_2,compound,|GIŠ.DU.TE.A.TUG₂|,2,𒄑𒁺𒋼𒀀𒌆,U+12111; U+1207A; U+122FC; U+12000; U+12306,RSP235 [Early Dynastic (~2900–2340 BCE) | Presargonic Lagash]
U+122FC,|GIŠ.TUG₂.PI.TE.A.DU|,|GIŠ.DU.TE.A.TUG₂|,𒋼,Type_2,compound,|GIŠ.DU.TE.A.TUG₂|,3,𒄑𒁺𒋼𒀀𒌆,U+12111; U+1207A; U+122FC; U+12000; U+12306,RSP235 [Early Dynastic (~2900–2340 BCE) | Presargonic Lagash]
U+12000,|GIŠ.TUG₂.PI.TE.A.DU|,|GIŠ.DU.TE.A.TUG₂|,𒀀,Type_2,compound,|GIŠ.DU.TE.A.TUG₂|,4,𒄑𒁺𒋼𒀀𒌆,U+12111; U+1207A; U+122FC; U+12000; U+12306,RSP235 [Early Dynastic (~2900–2340 BCE) | Presargonic Lagash]
U+12306,|GIŠ.TUG₂.PI.TE.A.DU|,|GIŠ.DU.TE.A.TUG₂|,𒌆,Type_2,compound,|GIŠ.DU.TE.A.TUG₂|,5,𒄑𒁺𒋼𒀀𒌆,U+12111; U+1207A; U+122FC; U+12000; U+12306,RSP235 [Early Dynastic (~2900–2340 BCE) | Presargonic Lagash]
U+12111,|GIŠ.TUG₂.PI.TE.A.DU|,|GIŠ.TE.A.DU.TUG₂|,𒄑,Type_2,compound,|GIŠ.TE.A.DU.TUG₂|,1,𒄑𒋼𒀀𒁺𒌆,U+12111; U+122FC; U+12000; U+1207A; U+12306,RSP235 [Early Dynastic (~2900–2340 BCE) | Presargonic Lagash]
U+122FC,|GIŠ.TUG₂.PI.TE.A.DU|,|GIŠ.TE.A.DU.TUG₂|,𒋼,Type_2,compound,|GIŠ.TE.A.DU.TUG₂|,2,𒄑𒋼𒀀𒁺𒌆,U+12111; U+122FC; U+12000; U+1207A; U+12306,RSP235 [Early Dynastic (~2900–2340 BCE) | Presargonic Lagash]
U+12000,|GIŠ.TUG₂.PI.TE.A.DU|,|GIŠ.TE.A.DU.TUG₂|,𒀀,Type_2,compound,|GIŠ.TE.A.DU.TUG₂|,3,𒄑𒋼𒀀𒁺𒌆,U+12111; U+122FC; U+12000; U+1207A; U+12306,RSP235 [Early Dynastic (~2900–2340 BCE) | Presargonic Lagash]
U+1207A,|GIŠ.TUG₂.PI.TE.A.DU|,|GIŠ.TE.A.DU.TUG₂|,𒁺,Type_2,compound,|GIŠ.TE.A.DU.TUG₂|,4,𒄑𒋼𒀀𒁺𒌆,U+12111; U+122FC; U+12000; U+1207A; U+12306,RSP235 [Early Dynastic (~2900–2340 BCE) | Presargonic Lagash]
U+12306,|GIŠ.TUG₂.PI.TE.A.DU|,|GIŠ.TE.A.DU.TUG₂|,𒌆,Type_2,compound,|GIŠ.TE.A.DU.TUG₂|,5,𒄑𒋼𒀀𒁺𒌆,U+12111; U+122FC; U+12000; U+1207A; U+12306,RSP235 [Early Dynastic (~2900–2340 BCE) | Presargonic Lagash]
U+12111,|GIŠ.TUG₂.PI.TE.A.DU|,|GIŠ.TE.A.TUG₂.DU|,𒄑,Type_2,compound,|GIŠ.TE.A.TUG₂.DU|,1,𒄑𒋼𒀀𒌆𒁺,U+12111; U+122FC; U+12000; U+12306; U+1207A,RSP235 [Early Dynastic (~2900–2340 BCE) | Presargonic Lagash]
U+122FC,|GIŠ.TUG₂.PI.TE.A.DU|,|GIŠ.TE.A.TUG₂.DU|,𒋼,Type_2,compound,|GIŠ.TE.A.TUG₂.DU|,2,𒄑𒋼𒀀𒌆𒁺,U+12111; U+122FC; U+12000; U+12306; U+1207A,RSP235 [Early Dynastic (~2900–2340 BCE) | Presargonic Lagash]
U+12000,|GIŠ.TUG₂.PI.TE.A.DU|,|GIŠ.TE.A.TUG₂.DU|,𒀀,Type_2,compound,|GIŠ.TE.A.TUG₂.DU|,3,𒄑𒋼𒀀𒌆𒁺,U+12111; U+122FC; U+12000; U+12306; U+1207A,RSP235 [Early Dynastic (~2900–2340 BCE) | Presargonic Lagash]
U+12306,|GIŠ.TUG₂.PI.TE.A.DU|,|GIŠ.TE.A.TUG₂.DU|,𒌆,Type_2,compound,|GIŠ.TE.A.TUG₂.DU|,4,𒄑𒋼𒀀𒌆𒁺,U+12111; U+122FC; U+12000; U+12306; U+1207A,RSP235 [Early Dynastic (~2900–2340 BCE) | Presargonic Lagash]
U+1207A,|GIŠ.TUG₂.PI.TE.A.DU|,|GIŠ.TE.A.TUG₂.DU|,𒁺,Type_2,compound,|GIŠ.TE.A.TUG₂.DU|,5,𒄑𒋼𒀀𒌆𒁺,U+12111; U+122FC; U+12000; U+12306; U+1207A,RSP235 [Early Dynastic (~2900–2340 BCE) | Presargonic Lagash]
U+12306,|GIŠ.TUG₂.TE.A.DU|,|TUG₂.TE.A.DU|,𒌆,Type_2,compound,|TUG₂.TE.A.DU|,1,𒌆𒋼𒀀𒁺,U+12306; U+122FC; U+12000; U+1207A,
U+122FC,|GIŠ.TUG₂.TE.A.DU|,|TUG₂.TE.A.DU|,𒋼,Type_2,compound,|TUG₂.TE.A.DU|,2,𒌆𒋼𒀀𒁺,U+12306; U+122FC; U+12000; U+1207A,
U+12000,|GIŠ.TUG₂.TE.A.DU|,|TUG₂.TE.A.DU|,𒀀,Type_2,compound,|TUG₂.TE.A.DU|,3,𒌆𒋼𒀀𒁺,U+12306; U+122FC; U+12000; U+1207A,
U+1207A,|GIŠ.TUG₂.TE.A.DU|,|TUG₂.TE.A.DU|,𒁺,Type_2,compound,|TUG₂.TE.A.DU|,4,𒌆𒋼𒀀𒁺,U+12306; U+122FC; U+12000; U+1207A,
U+12117,|GU%GU|,|GU&GU|,𒄗,Type_3,GUGU_v1,,,,,LAK510 [Uruk IV–III (~3400–3000 BCE) | Archaic / Uruk]; ASY308 [Standard Babylonian (any period) | Akkadian syllabary]; ABZL251 [Old Babylonian (~2000–1600 BCE) | School texts]; MZL892 [Standard Babylonian (any period) | Akkado-Babylonian]; SLLHA569 [Standard Babylonian (any period) | Akkado-Babylonian]
U+12226,|GU₂.GAR₃|,|MAŠ.NA₂|,𒈦,Type_2,compound,|MAŠ.NA₂|,1,𒈦𒈿,U+12226; U+1223F,LAK063 [Uruk IV–III (~3400–3000 BCE) | Archaic / Uruk]; ABZL087 [Old Babylonian (~2000–1600 BCE) | School texts]; BAU050 [Early Dynastic (~2900–2340 BCE) | Lagash]; ELLES039 [Early Dynastic (~2900–2340 BCE) | Ebla]; GCSL025 [Gudea period (~2100 BCE) | Lagash / Girsu]; KWU689 [Ur III (~2112–2004 BCE) | Administrative]
U+1223F,|GU₂.GAR₃|,|MAŠ.NA₂|,𒈿,Type_2,compound,|MAŠ.NA₂|,2,𒈦𒈿,U+12226; U+1223F,LAK063 [Uruk IV–III (~3400–3000 BCE) | Archaic / Uruk]; ABZL087 [Old Babylonian (~2000–1600 BCE) | School texts]; BAU050 [Early Dynastic (~2900–2340 BCE) | Lagash]; ELLES039 [Early Dynastic (~2900–2340 BCE) | Ebla]; GCSL025 [Gudea period (~2100 BCE) | Lagash / Girsu]; KWU689 [Ur III (~2112–2004 BCE) | Administrative]
,|GU₂.GAR₃|,|TUM×PAP|,𒄘𒃼,Type_3,GUGAR_v1,,,,,LAK063 [Uruk IV–III (~3400–3000 BCE) | Archaic / Uruk]; ABZL087 [Old Babylonian (~2000–1600 BCE) | School texts]; BAU050 [Early Dynastic (~2900–2340 BCE) | Lagash]; ELLES039 [Early Dynastic (~2900–2340 BCE) | Ebla]; GCSL025 [Gudea period (~2100 BCE) | Lagash / Girsu]; KWU689 [Ur III (~2112–2004 BCE) | Administrative]
,|GU₂.GAR₃|,IDIGNA,𒄘𒃼,Type_3,GUGAR_v1,,,,,LAK063 [Uruk IV–III (~3400–3000 BCE) | Archaic / Uruk]; ABZL087 [Old Babylonian (~2000–1600 BCE) | School texts]; BAU050 [Early Dynastic (~2900–2340 BCE) | Lagash]; ELLES039 [Early Dynastic (~2900–2340 BCE) | Ebla]; GCSL025 [Gudea period (~2100 BCE) | Lagash / Girsu]; KWU689 [Ur III (~2112–2004 BCE) | Administrative]
U+12118,|GU₂×KAK|,|GU₂.KAK|,𒄘,Type_2,compound,|GU₂.KAK|,1,𒄘𒆕,U+12118; U+12195,ASY080 [Standard Babylonian (any period) | Akkadian syllabary]; LAK545 [Uruk IV–III (~3400–3000 BCE) | Archaic / Uruk]; LAK549 [Uruk IV–III (~3400–3000 BCE) | Archaic / Uruk]; ABZL088 [Old Babylonian (~2000–1600 BCE) | School texts]; BAU332 [Early Dynastic (~2900–2340 BCE) | Lagash]; ELLES289 [Early Dynastic (~2900–2340 BCE) | Ebla]; HZL202 [Hittite period (~1650–1180 BCE) | Hittite]; KWU153 [Ur III (~2112–2004 BCE) | Administrative]; KWU691 [Ur III (~2112–2004 BCE) | Administrative]; MZL178 [Standard Babylonian (any period) | Akkado-Babylonian]; PTACE243 [Early Dynastic (~2900–2340 BCE) | Ebla]; RSP356 [Early Dynastic (~2900–2340 BCE) | Presargonic Lagash]; SLLHA108 [Standard Babylonian (any period) | Akkado-Babylonian]; SYA070 [Standard Babylonian (any period) | Akkadian syllabary]
U+12195,|GU₂×KAK|,|GU₂.KAK|,𒆕,Type_2,compound,|GU₂.KAK|,2,𒄘𒆕,U+12118; U+12195,ASY080 [Standard Babylonian (any period) | Akkadian syllabary]; LAK545 [Uruk IV–III (~3400–3000 BCE) | Archaic / Uruk]; LAK549 [Uruk IV–III (~3400–3000 BCE) | Archaic / Uruk]; ABZL088 [Old Babylonian (~2000–1600 BCE) | School texts]; BAU332 [Early Dynastic (~2900–2340 BCE) | Lagash]; ELLES289 [Early Dynastic (~2900–2340 BCE) | Ebla]; HZL202 [Hittite period (~1650–1180 BCE) | Hittite]; KWU153 [Ur III (~2112–2004 BCE) | Administrative]; KWU691 [Ur III (~2112–2004 BCE) | Administrative]; MZL178 [Standard Babylonian (any period) | Akkado-Babylonian]; PTACE243 [Early Dynastic (~2900–2340 BCE) | Ebla]; RSP356 [Early Dynastic (~2900–2340 BCE) | Presargonic Lagash]; SLLHA108 [Standard Babylonian (any period) | Akkado-Babylonian]; SYA070 [Standard Babylonian (any period) | Akkadian syllabary]
U+12119,|GU₂×KAK|,LAK545,𒄙,Type_3,GUKAK_v1,,,,,LAK545 [Uruk IV–III (~3400–3000 BCE) | Archaic / Uruk]; LAK549 [Uruk IV–III (~3400–3000 BCE) | Archaic / Uruk]; ABZL088 [Old Babylonian (~2000–1600 BCE) | School texts]; BAU332 [Early Dynastic (~2900–2340 BCE) | Lagash]; ELLES289 [Early Dynastic (~2900–2340 BCE) | Ebla]; HZL202 [Hittite period (~1650–1180 BCE) | Hittite]; KWU153 [Ur III (~2112–2004 BCE) | Administrative]; KWU691 [Ur III (~2112–2004 BCE) | Administrative]; MZL178 [Standard Babylonian (any period) | Akkado-Babylonian]; PTACE243 [Early Dynastic (~2900–2340 BCE) | Ebla]; RSP356 [Early Dynastic (~2900–2340 BCE) | Presargonic Lagash]; SLLHA108 [Standard Babylonian (any period) | Akkado-Babylonian]; SYA070 [Standard Babylonian (any period) | Akkadian syllabary]
U+12119,|GU₂×KAK×IGI|,|GU₂×KAK.IGI|,𒄙,Type_2,compound,|GU₂×KAK.IGI|,1,𒄙𒅆,U+12119; U+12146,
U+12146,|GU₂×KAK×IGI|,|GU₂×KAK.IGI|,𒅆,Type_2,compound,|GU₂×KAK.IGI|,2,𒄙𒅆,U+12119; U+12146,
U+12118,|GU₂×NUN|,|GU₂.NUN|,𒄘,Type_2,compound,|GU₂.NUN|,1,𒄘𒉣,U+12118; U+12263,ABZL090 [Old Babylonian (~2000–1600 BCE) | School texts]; MZL177 [Standard Babylonian (any period) | Akkado-Babylonian]; RSP357 [Early Dynastic (~2900–2340 BCE) | Presargonic Lagash]; SLLHA107n [Standard Babylonian (any period) | Akkado-Babylonian]
U+12263,|GU₂×NUN|,|GU₂.NUN|,𒉣,Type_2,compound,|GU₂.NUN|,2,𒄘𒉣,U+12118; U+12263,ABZL090 [Old Babylonian (~2000–1600 BCE) | School texts]; MZL177 [Standard Babylonian (any period) | Akkado-Babylonian]; RSP357 [Early Dynastic (~2900–2340 BCE) | Presargonic Lagash]; SLLHA107n [Standard Babylonian (any period) | Akkado-Babylonian]
U+12000,|GUD×(A.KUR)|,|A.GUD×KUR|,𒀀,Type_2,compound,|A.GUD×KUR|,1,𒀀𒄠,U+12000; U+12120,HZL203 [Hittite period (~1650–1180 BCE) | Hittite]; MZL310 [Standard Babylonian (any period) | Akkado-Babylonian]; SLLHA170an [Standard Babylonian (any period) | Akkado-Babylonian]
U+12120,|GUD×(A.KUR)|,|A.GUD×KUR|,𒄠,Type_2,compound,|A.GUD×KUR|,2,𒀀𒄠,U+12000; U+12120,HZL203 [Hittite period (~1650–1180 BCE) | Hittite]; MZL310 [Standard Babylonian (any period) | Akkado-Babylonian]; SLLHA170an [Standard Babylonian (any period) | Akkado-Babylonian]
U+12122,GUL,|GUL.ZA|,𒄢,Type_2,compound,|GUL.ZA|,1,𒄢𒍝,U+12122; U+1235D,LAK389 [Uruk IV–III (~3400–3000 BCE) | Archaic / Uruk]; ASY249 [Standard Babylonian (any period) | Akkadian syllabary]; ABZL343 [Old Babylonian (~2000–1600 BCE) | School texts]; BAU172 [Early Dynastic (~2900–2340 BCE) | Lagash]; ELLES211 [Early Dynastic (~2900–2340 BCE) | Ebla]; ELLES301 [Early Dynastic (~2900–2340 BCE) | Ebla]; GCSL207 [Gudea period (~2100 BCE) | Lagash / Girsu]; HZL271 [Hittite period (~1650–1180 BCE) | Hittite]; KWU546 [Ur III (~2112–2004 BCE) | Administrative]; MZL682 [Standard Babylonian (any period) | Akkado-Babylonian]; PTACE260 [Early Dynastic (~2900–2340 BCE) | Ebla]; RSP279 [Early Dynastic (~2900–2340 BCE) | Presargonic Lagash]; SLLHA429 [Standard Babylonian (any period) | Akkado-Babylonian]; SYA219 [Standard Babylonian (any period) | Akkadian syllabary]
U+1235D,GUL,|GUL.ZA|,𒍝,Type_2,compound,|GUL.ZA|,2,𒄢𒍝,U+12122; U+1235D,LAK389 [Uruk IV–III (~3400–3000 BCE) | Archaic / Uruk]; ASY249 [Standard Babylonian (any period) | Akkadian syllabary]; ABZL343 [Old Babylonian (~2000–1600 BCE) | School texts]; BAU172 [Early Dynastic (~2900–2340 BCE) | Lagash]; ELLES211 [Early Dynastic (~2900–2340 BCE) | Ebla]; ELLES301 [Early Dynastic (~2900–2340 BCE) | Ebla]; GCSL207 [Gudea period (~2100 BCE) | Lagash / Girsu]; HZL271 [Hittite period (~1650–1180 BCE) | Hittite]; KWU546 [Ur III (~2112–2004 BCE) | Administrative]; MZL682 [Standard Babylonian (any period) | Akkado-Babylonian]; PTACE260 [Early Dynastic (~2900–2340 BCE) | Ebla]; RSP279 [Early Dynastic (~2900–2340 BCE) | Presargonic Lagash]; SLLHA429 [Standard Babylonian (any period) | Akkado-Babylonian]; SYA219 [Standard Babylonian (any period) | Akkadian syllabary]
U+122E0,GUR₇,|SIK₂.LAM.HI×NUN.ME.GAM|,𒋠,Type_2,compound,|SIK₂.LAM.HI×NUN.ME.GAM|,1,𒋠𒇴𒄴𒈨𒃵,U+122E0; U+121F4; U+12134; U+12228; U+120F5,LAK843 [Uruk IV–III (~3400–3000 BCE) | Archaic / Uruk]; ABZL396 [Old Babylonian (~2000–1600 BCE) | School texts]; GCSL070 [Gudea period (~2100 BCE) | Lagash / Girsu]; KWU926 [Ur III (~2112–2004 BCE) | Administrative]; MZL819 [Standard Babylonian (any period) | Akkado-Babylonian]; RSP437 [Early Dynastic (~2900–2340 BCE) | Presargonic Lagash]; SLLHA542 [Standard Babylonian (any period) | Akkado-Babylonian]
U+121F4,GUR₇,|SIK₂.LAM.HI×NUN.ME.GAM|,𒇴,Type_2,compound,|SIK₂.LAM.HI×NUN.ME.GAM|,2,𒋠𒇴𒄴𒈨𒃵,U+122E0; U+121F4; U+12134; U+12228; U+120F5,LAK843 [Uruk IV–III (~3400–3000 BCE) | Archaic / Uruk]; ABZL396 [Old Babylonian (~2000–1600 BCE) | School texts]; GCSL070 [Gudea period (~2100 BCE) | Lagash / Girsu]; KWU926 [Ur III (~2112–2004 BCE) | Administrative]; MZL819 [Standard Babylonian (any period) | Akkado-Babylonian]; RSP437 [Early Dynastic (~2900–2340 BCE) | Presargonic Lagash]; SLLHA542 [Standard Babylonian (any period) | Akkado-Babylonian]
U+12134,GUR₇,|SIK₂.LAM.HI×NUN.ME.GAM|,𒄴,Type_2,compound,|SIK₂.LAM.HI×NUN.ME.GAM|,3,𒋠𒇴𒄴𒈨𒃵,U+122E0; U+121F4; U+12134; U+12228; U+120F5,LAK843 [Uruk IV–III (~3400–3000 BCE) | Archaic / Uruk]; ABZL396 [Old Babylonian (~2000–1600 BCE) | School texts]; GCSL070 [Gudea period (~2100 BCE) | Lagash / Girsu]; KWU926 [Ur III (~2112–2004 BCE) | Administrative]; MZL819 [Standard Babylonian (any period) | Akkado-Babylonian]; RSP437 [Early Dynastic (~2900–2340 BCE) | Presargonic Lagash]; SLLHA542 [Standard Babylonian (any period) | Akkado-Babylonian]
U+12228,GUR₇,|SIK₂.LAM.HI×NUN.ME.GAM|,𒈨,Type_2,compound,|SIK₂.LAM.HI×NUN.ME.GAM|,4,𒋠𒇴𒄴𒈨𒃵,U+122E0; U+121F4; U+12134; U+12228; U+120F5,LAK843 [Uruk IV–III (~3400–3000 BCE) | Archaic / Uruk]; ABZL396 [Old Babylonian (~2000–1600 BCE) | School texts]; GCSL070 [Gudea period (~2100 BCE) | Lagash / Girsu]; KWU926 [Ur III (~2112–2004 BCE) | Administrative]; MZL819 [Standard Babylonian (any period) | Akkado-Babylonian]; RSP437 [Early Dynastic (~2900–2340 BCE) | Presargonic Lagash]; SLLHA542 [Standard Babylonian (any period) | Akkado-Babylonian]
U+120F5,GUR₇,|SIK₂.LAM.HI×NUN.ME.GAM|,𒃵,Type_2,compound,|SIK₂.LAM.HI×NUN.ME.GAM|,5,𒋠𒇴𒄴𒈨𒃵,U+122E0; U+121F4; U+12134; U+12228; U+120F5,LAK843 [Uruk IV–III (~3400–3000 BCE) | Archaic / Uruk]; ABZL396 [Old Babylonian (~2000–1600 BCE) | School texts]; GCSL070 [Gudea period (~2100 BCE) | Lagash / Girsu]; KWU926 [Ur III (~2112–2004 BCE) | Administrative]; MZL819 [Standard Babylonian (any period) | Akkado-Babylonian]; RSP437 [Early Dynastic (~2900–2340 BCE) | Presargonic Lagash]; SLLHA542 [Standard Babylonian (any period) | Akkado-Babylonian]
U+122E0,GUR₇,|SIK₂.LAM.HI×NUN.ME.U|,𒋠,Type_2,compound,|SIK₂.LAM.HI×NUN.ME.U|,1,𒋠𒇴𒄴𒈨𒌋,U+122E0; U+121F4; U+12134; U+12228; U+1230B,LAK843 [Uruk IV–III (~3400–3000 BCE) | Archaic / Uruk]; ABZL396 [Old Babylonian (~2000–1600 BCE) | School texts]; GCSL070 [Gudea period (~2100 BCE) | Lagash / Girsu]; KWU926 [Ur III (~2112–2004 BCE) | Administrative]; MZL819 [Standard Babylonian (any period) | Akkado-Babylonian]; RSP437 [Early Dynastic (~2900–2340 BCE) | Presargonic Lagash]; SLLHA542 [Standard Babylonian (any period) | Akkado-Babylonian]
U+121F4,GUR₇,|SIK₂.LAM.HI×NUN.ME.U|,𒇴,Type_2,compound,|SIK₂.LAM.HI×NUN.ME.U|,2,𒋠𒇴𒄴𒈨𒌋,U+122E0; U+121F4; U+12134; U+12228; U+1230B,LAK843 [Uruk IV–III (~3400–3000 BCE) | Archaic / Uruk]; ABZL396 [Old Babylonian (~2000–1600 BCE) | School texts]; GCSL070 [Gudea period (~2100 BCE) | Lagash / Girsu]; KWU926 [Ur III (~2112–2004 BCE) | Administrative]; MZL819 [Standard Babylonian (any period) | Akkado-Babylonian]; RSP437 [Early Dynastic (~2900–2340 BCE) | Presargonic Lagash]; SLLHA542 [Standard Babylonian (any period) | Akkado-Babylonian]
U+12134,GUR₇,|SIK₂.LAM.HI×NUN.ME.U|,𒄴,Type_2,compound,|SIK₂.LAM.HI×NUN.ME.U|,3,𒋠𒇴𒄴𒈨𒌋,U+122E0; U+121F4; U+12134; U+12228; U+1230B,LAK843 [Uruk IV–III (~3400–3000 BCE) | Archaic / Uruk]; ABZL396 [Old Babylonian (~2000–1600 BCE) | School texts]; GCSL070 [Gudea period (~2100 BCE) | Lagash / Girsu]; KWU926 [Ur III (~2112–2004 BCE) | Administrative]; MZL819 [Standard Babylonian (any period) | Akkado-Babylonian]; RSP437 [Early Dynastic (~2900–2340 BCE) | Presargonic Lagash]; SLLHA542 [Standard Babylonian (any period) | Akkado-Babylonian]
U+12228,GUR₇,|SIK₂.LAM.HI×NUN.ME.U|,𒈨,Type_2,compound,|SIK₂.LAM.HI×NUN.ME.U|,4,𒋠𒇴𒄴𒈨𒌋,U+122E0; U+121F4; U+12134; U+12228; U+1230B,LAK843 [Uruk IV–III (~3400–3000 BCE) | Archaic / Uruk]; ABZL396 [Old Babylonian (~2000–1600 BCE) | School texts]; GCSL070 [Gudea period (~2100 BCE) | Lagash / Girsu]; KWU926 [Ur III (~2112–2004 BCE) | Administrative]; MZL819 [Standard Babylonian (any period) | Akkado-Babylonian]; RSP437 [Early Dynastic (~2900–2340 BCE) | Presargonic Lagash]; SLLHA542 [Standard Babylonian (any period) | Akkado-Babylonian]
U+1230B,GUR₇,|SIK₂.LAM.HI×NUN.ME.U|,𒌋,Type_2,compound,|SIK₂.LAM.HI×NUN.ME.U|,5,𒋠𒇴𒄴𒈨𒌋,U+122E0; U+121F4; U+12134; U+12228; U+1230B,LAK843 [Uruk IV–III (~3400–3000 BCE) | Archaic / Uruk]; ABZL396 [Old Babylonian (~2000–1600 BCE) | School texts]; GCSL070 [Gudea period (~2100 BCE) | Lagash / Girsu]; KWU926 [Ur III (~2112–2004 BCE) | Administrative]; MZL819 [Standard Babylonian (any period) | Akkado-Babylonian]; RSP437 [Early Dynastic (~2900–2340 BCE) | Presargonic Lagash]; SLLHA542 [Standard Babylonian (any period) | Akkado-Babylonian]
U+122E0,GUR₇,|SIK₂.NUN.ME.U|,𒋠,Type_2,compound,|SIK₂.NUN.ME.U|,1,𒋠𒉣𒈨𒌋,U+122E0; U+12263; U+12228; U+1230B,LAK843 [Uruk IV–III (~3400–3000 BCE) | Archaic / Uruk]; ABZL396 [Old Babylonian (~2000–1600 BCE) | School texts]; GCSL070 [Gudea period (~2100 BCE) | Lagash / Girsu]; KWU926 [Ur III (~2112–2004 BCE) | Administrative]; MZL819 [Standard Babylonian (any period) | Akkado-Babylonian]; RSP437 [Early Dynastic (~2900–2340 BCE) | Presargonic Lagash]; SLLHA542 [Standard Babylonian (any period) | Akkado-Babylonian]
U+12263,GUR₇,|SIK₂.NUN.ME.U|,𒉣,Type_2,compound,|SIK₂.NUN.ME.U|,2,𒋠𒉣𒈨𒌋,U+122E0; U+12263; U+12228; U+1230B,LAK843 [Uruk IV–III (~3400–3000 BCE) | Archaic / Uruk]; ABZL396 [Old Babylonian (~2000–1600 BCE) | School texts]; GCSL070 [Gudea period (~2100 BCE) | Lagash / Girsu]; KWU926 [Ur III (~2112–2004 BCE) | Administrative]; MZL819 [Standard Babylonian (any period) | Akkado-Babylonian]; RSP437 [Early Dynastic (~2900–2340 BCE) | Presargonic Lagash]; SLLHA542 [Standard Babylonian (any period) | Akkado-Babylonian]
U+12228,GUR₇,|SIK₂.NUN.ME.U|,𒈨,Type_2,compound,|SIK₂.NUN.ME.U|,3,𒋠𒉣𒈨𒌋,U+122E0; U+12263; U+12228; U+1230B,LAK843 [Uruk IV–III (~3400–3000 BCE) | Archaic / Uruk]; ABZL396 [Old Babylonian (~2000–1600 BCE) | School texts]; GCSL070 [Gudea period (~2100 BCE) | Lagash / Girsu]; KWU926 [Ur III (~2112–2004 BCE) | Administrative]; MZL819 [Standard Babylonian (any period) | Akkado-Babylonian]; RSP437 [Early Dynastic (~2900–2340 BCE) | Presargonic Lagash]; SLLHA542 [Standard Babylonian (any period) | Akkado-Babylonian]
U+1230B,GUR₇,|SIK₂.NUN.ME.U|,𒌋,Type_2,compound,|SIK₂.NUN.ME.U|,4,𒋠𒉣𒈨𒌋,U+122E0; U+12263; U+12228; U+1230B,LAK843 [Uruk IV–III (~3400–3000 BCE) | Archaic / Uruk]; ABZL396 [Old Babylonian (~2000–1600 BCE) | School texts]; GCSL070 [Gudea period (~2100 BCE) | Lagash / Girsu]; KWU926 [Ur III (~2112–2004 BCE) | Administrative]; MZL819 [Standard Babylonian (any period) | Akkado-Babylonian]; RSP437 [Early Dynastic (~2900–2340 BCE) | Presargonic Lagash]; SLLHA542 [Standard Babylonian (any period) | Akkado-Babylonian]
U+12128,GURUŠ,KAL,𒄨,Type_3,GURUS_v1,,,,,LAK709^b [Uruk IV–III (~3400–3000 BCE) | Archaic / Uruk]; ASY173 [Standard Babylonian (any period) | Akkadian syllabary]; GCSL293 [Gudea period (~2100 BCE) | Lagash / Girsu]; LAK709^a [Uruk IV–III (~3400–3000 BCE) | Archaic / Uruk]; ABZL176 [Old Babylonian (~2000–1600 BCE) | School texts]; BAU308 [Early Dynastic (~2900–2340 BCE) | Lagash]; ELLES348 [Early Dynastic (~2900–2340 BCE) | Ebla]; KWU803 [Ur III (~2112–2004 BCE) | Administrative]; PTACE287 [Early Dynastic (~2900–2340 BCE) | Ebla]
U+12129,HA,HA@g,𒄩,Type_3,HA_v1,,,,,LAK353 [Uruk IV–III (~3400–3000 BCE) | Archaic / Uruk]; ASY197 [Standard Babylonian (any period) | Akkadian syllabary]; BAU210 [Early Dynastic (~2900–2340 BCE) | Lagash]; ELLES196 [Early Dynastic (~2900–2340 BCE) | Ebla]; GCSL191 [Gudea period (~2100 BCE) | Lagash / Girsu]; PTACE188 [Early Dynastic (~2900–2340 BCE) | Ebla]; RSP182 [Early Dynastic (~2900–2340 BCE) | Presargonic Lagash]; LAK351 [Uruk IV–III (~3400–3000 BCE) | Archaic / Uruk]; ASY317 [Standard Babylonian (any period) | Akkadian syllabary]; ABZL475 [Old Babylonian (~2000–1600 BCE) | School texts]; BAU207 [Early Dynastic (~2900–2340 BCE) | Lagash]; ELLES194 [Early Dynastic (~2900–2340 BCE) | Ebla]; GCSL190 [Gudea period (~2100 BCE) | Lagash / Girsu]; HZL367 [Hittite period (~1650–1180 BCE) | Hittite]; KWU916 [Ur III (~2112–2004 BCE) | Administrative]; MZL856 [Standard Babylonian (any period) | Akkado-Babylonian]; PTACE187 [Early Dynastic (~2900–2340 BCE) | Ebla]; RSP181 [Early Dynastic (~2900–2340 BCE) | Presargonic Lagash]; SLLHA589 [Standard Babylonian (any period) | Akkado-Babylonian]; SYA279 [Standard Babylonian (any period) | Akkadian syllabary]
U+1212B,HA@g,HA,𒄫,Type_3,HAG_v1,,,,,LAK351 [Uruk IV–III (~3400–3000 BCE) | Archaic / Uruk]; ASY317 [Standard Babylonian (any period) | Akkadian syllabary]; BAU207 [Early Dynastic (~2900–2340 BCE) | Lagash]; ELLES194 [Early Dynastic (~2900–2340 BCE) | Ebla]; GCSL190 [Gudea period (~2100 BCE) | Lagash / Girsu]; PTACE187 [Early Dynastic (~2900–2340 BCE) | Ebla]; RSP181 [Early Dynastic (~2900–2340 BCE) | Presargonic Lagash]; LAK353 [Uruk IV–III (~3400–3000 BCE) | Archaic / Uruk]; ASY197 [Standard Babylonian (any period) | Akkadian syllabary]; ABZL222 [Old Babylonian (~2000–1600 BCE) | School texts]; BAU210 [Early Dynastic (~2900–2340 BCE) | Lagash]; ELLES196 [Early Dynastic (~2900–2340 BCE) | Ebla]; GCSL191 [Gudea period (~2100 BCE) | Lagash / Girsu]; HZL244A [Hittite period (~1650–1180 BCE) | Hittite]; KWU330 [Ur III (~2112–2004 BCE) | Administrative]; MZL558 [Standard Babylonian (any period) | Akkado-Babylonian]; PTACE188 [Early Dynastic (~2900–2340 BCE) | Ebla]; RSP182 [Early Dynastic (~2900–2340 BCE) | Presargonic Lagash]; SLLHA346 [Standard Babylonian (any period) | Akkado-Babylonian]; SYA172 [Standard Babylonian (any period) | Akkadian syllabary]
U+1227C,HA@t,|PAN.GAM|,𒉼,Type_2,compound,|PAN.GAM|,1,𒉼𒃵,U+1227C; U+120F5,LAK352 [Uruk IV–III (~3400–3000 BCE) | Archaic / Uruk]; BAU211 [Early Dynastic (~2900–2340 BCE) | Lagash]; ELLES195 [Early Dynastic (~2900–2340 BCE) | Ebla]; MZL857 [Standard Babylonian (any period) | Akkado-Babylonian]; RSP180 [Early Dynastic (~2900–2340 BCE) | Presargonic Lagash]; SLLHA590 [Standard Babylonian (any period) | Akkado-Babylonian]
U+120F5,HA@t,|PAN.GAM|,𒃵,Type_2,compound,|PAN.GAM|,2,𒉼𒃵,U+1227C; U+120F5,LAK352 [Uruk IV–III (~3400–3000 BCE) | Archaic / Uruk]; BAU211 [Early Dynastic (~2900–2340 BCE) | Lagash]; ELLES195 [Early Dynastic (~2900–2340 BCE) | Ebla]; MZL857 [Standard Babylonian (any period) | Akkado-Babylonian]; RSP180 [Early Dynastic (~2900–2340 BCE) | Presargonic Lagash]; SLLHA590 [Standard Babylonian (any period) | Akkado-Babylonian]
U+1212D,HI,DIN,𒄭,Type_3,HI_v1,,,,,LAK237 [Uruk IV–III (~3400–3000 BCE) | Archaic / Uruk]; ASY270 [Standard Babylonian (any period) | Akkadian syllabary]; GCSL118 [Gudea period (~2100 BCE) | Lagash / Girsu]; PTACE127 [Early Dynastic (~2900–2340 BCE) | Ebla]; LAK359 [Uruk IV–III (~3400–3000 BCE) | Archaic / Uruk]; ASY229 [Standard Babylonian (any period) | Akkadian syllabary]; ABZL277 [Old Babylonian (~2000–1600 BCE) | School texts]; BAU184 [Early Dynastic (~2900–2340 BCE) | Lagash]; ELLES197 [Early Dynastic (~2900–2340 BCE) | Ebla]; GCSL149 [Gudea period (~2100 BCE) | Lagash / Girsu]; HZL335 [Hittite period (~1650–1180 BCE) | Hittite]; KWU446 [Ur III (~2112–2004 BCE) | Administrative]; MZL631 [Standard Babylonian (any period) | Akkado-Babylonian]; PTACE173 [Early Dynastic (~2900–2340 BCE) | Ebla]; RSP309 [Early Dynastic (~2900–2340 BCE) | Presargonic Lagash]; SLLHA396 [Standard Babylonian (any period) | Akkado-Babylonian]; SYA201 [Standard Babylonian (any period) | Akkadian syllabary]
U+1237D,|HI.GIR₃|,|GIR₃×HI|,𒍽,Type_3,HIGIR_v1,,,,,KWU474 [Ur III (~2112–2004 BCE) | Administrative]; ASY239 [Standard Babylonian (any period) | Akkadian syllabary]; ABZL294 [Old Babylonian (~2000–1600 BCE) | School texts]; MZL645 [Standard Babylonian (any period) | Akkado-Babylonian]; RSP467 [Early Dynastic (~2900–2340 BCE) | Presargonic Lagash]; SLLHA402 [Standard Babylonian (any period) | Akkado-Babylonian]; SYA210 [Standard Babylonian (any period) | Akkadian syllabary]
U+12146,|HI.GIR₃|,|IGI.KIŠ|,𒅆,Type_2,compound,|IGI.KIŠ|,1,𒅆𒆧,U+12146; U+121A7,ASY239 [Standard Babylonian (any period) | Akkadian syllabary]; ABZL294 [Old Babylonian (~2000–1600 BCE) | School texts]; MZL645 [Standard Babylonian (any period) | Akkado-Babylonian]; RSP467 [Early Dynastic (~2900–2340 BCE) | Presargonic Lagash]; SLLHA402 [Standard Babylonian (any period) | Akkado-Babylonian]; SYA210 [Standard Babylonian (any period) | Akkadian syllabary]
U+121A7,|HI.GIR₃|,|IGI.KIŠ|,𒆧,Type_2,compound,|IGI.KIŠ|,2,𒅆𒆧,U+12146; U+121A7,ASY239 [Standard Babylonian (any period) | Akkadian syllabary]; ABZL294 [Old Babylonian (~2000–1600 BCE) | School texts]; MZL645 [Standard Babylonian (any period) | Akkado-Babylonian]; RSP467 [Early Dynastic (~2900–2340 BCE) | Presargonic Lagash]; SLLHA402 [Standard Babylonian (any period) | Akkado-Babylonian]; SYA210 [Standard Babylonian (any period) | Akkadian syllabary]
U+1237D,|HI.GIR₃|,KIŠ,𒍽,Type_3,HIGIR_v1,,,,,LAK240 [Uruk IV–III (~3400–3000 BCE) | Archaic / Uruk]; ASY247 [Standard Babylonian (any period) | Akkadian syllabary]; ASY239 [Standard Babylonian (any period) | Akkadian syllabary]; ABZL294 [Old Babylonian (~2000–1600 BCE) | School texts]; MZL645 [Standard Babylonian (any period) | Akkado-Babylonian]; RSP467 [Early Dynastic (~2900–2340 BCE) | Presargonic Lagash]; SLLHA402 [Standard Babylonian (any period) | Akkado-Babylonian]; SYA210 [Standard Babylonian (any period) | Akkadian syllabary]
U+1237D,|HI.GIR₃|,LAK240,𒍽,Type_3,HIGIR_v1,,,,,GCSL119 [Gudea period (~2100 BCE) | Lagash / Girsu]; ASY239 [Standard Babylonian (any period) | Akkadian syllabary]; ABZL294 [Old Babylonian (~2000–1600 BCE) | School texts]; MZL645 [Standard Babylonian (any period) | Akkado-Babylonian]; RSP467 [Early Dynastic (~2900–2340 BCE) | Presargonic Lagash]; SLLHA402 [Standard Babylonian (any period) | Akkado-Babylonian]; SYA210 [Standard Babylonian (any period) | Akkadian syllabary]
U+1212E,|HI×AŠ|,|HI×BAD|,𒄮,Type_3,HIAS_v1,,,,,LAK366 [Uruk IV–III (~3400–3000 BCE) | Archaic / Uruk]; LAK361 [Uruk IV–III (~3400–3000 BCE) | Archaic / Uruk]; ABZL278 [Old Babylonian (~2000–1600 BCE) | School texts]; MZL634 [Standard Babylonian (any period) | Akkado-Babylonian]; PTACE174 [Early Dynastic (~2900–2340 BCE) | Ebla]; SLLHA405v2 [Standard Babylonian (any period) | Akkado-Babylonian]
U+1212E,|HI×AŠ|,|HI×MAŠ|,𒄮,Type_3,HIAS_v1,,,,,ELLES199 [Early Dynastic (~2900–2340 BCE) | Ebla]; RSP312^a [Early Dynastic (~2900–2340 BCE) | Presargonic Lagash]; LAK361 [Uruk IV–III (~3400–3000 BCE) | Archaic / Uruk]; ABZL278 [Old Babylonian (~2000–1600 BCE) | School texts]; MZL634 [Standard Babylonian (any period) | Akkado-Babylonian]; PTACE174 [Early Dynastic (~2900–2340 BCE) | Ebla]; SLLHA405v2 [Standard Babylonian (any period) | Akkado-Babylonian]
U+1212D,|HI×AŠ₂|,|HI.AŠ₂|,𒄭,Type_2,compound,|HI.AŠ₂|,1,𒄭𒀾,U+1212D; U+1203E,LAK370 [Uruk IV–III (~3400–3000 BCE) | Archaic / Uruk]; ASY238 [Standard Babylonian (any period) | Akkadian syllabary]; ABZL281 [Old Babylonian (~2000–1600 BCE) | School texts]; BAU189 [Early Dynastic (~2900–2340 BCE) | Lagash]; BAU192 [Early Dynastic (~2900–2340 BCE) | Lagash]; ELLES202 [Early Dynastic (~2900–2340 BCE) | Ebla]; GCSL155 [Gudea period (~2100 BCE) | Lagash / Girsu]; HZL333 [Hittite period (~1650–1180 BCE) | Hittite]; KWU483 [Ur III (~2112–2004 BCE) | Administrative]; MZL644 [Standard Babylonian (any period) | Akkado-Babylonian]; PTACE177 [Early Dynastic (~2900–2340 BCE) | Ebla]; RSP315 [Early Dynastic (~2900–2340 BCE) | Presargonic Lagash]; SLLHA401 [Standard Babylonian (any period) | Akkado-Babylonian]; SYA209 [Standard Babylonian (any period) | Akkadian syllabary]
U+1203E,|HI×AŠ₂|,|HI.AŠ₂|,𒀾,Type_2,compound,|HI.AŠ₂|,2,𒄭𒀾,U+1212D; U+1203E,LAK370 [Uruk IV–III (~3400–3000 BCE) | Archaic / Uruk]; ASY238 [Standard Babylonian (any period) | Akkadian syllabary]; ABZL281 [Old Babylonian (~2000–1600 BCE) | School texts]; BAU189 [Early Dynastic (~2900–2340 BCE) | Lagash]; BAU192 [Early Dynastic (~2900–2340 BCE) | Lagash]; ELLES202 [Early Dynastic (~2900–2340 BCE) | Ebla]; GCSL155 [Gudea period (~2100 BCE) | Lagash / Girsu]; HZL333 [Hittite period (~1650–1180 BCE) | Hittite]; KWU483 [Ur III (~2112–2004 BCE) | Administrative]; MZL644 [Standard Babylonian (any period) | Akkado-Babylonian]; PTACE177 [Early Dynastic (~2900–2340 BCE) | Ebla]; RSP315 [Early Dynastic (~2900–2340 BCE) | Presargonic Lagash]; SLLHA401 [Standard Babylonian (any period) | Akkado-Babylonian]; SYA209 [Standard Babylonian (any period) | Akkadian syllabary]
U+1212D,|HI×AŠ₂.SAG|,|HI+AŠ₂.SAG|,𒄭,Type_2,compound,|HI+AŠ₂.SAG|,1,𒄭𒀾𒊕,U+1212D; U+1203E; U+12295,
U+1203E,|HI×AŠ₂.SAG|,|HI+AŠ₂.SAG|,𒀾,Type_2,compound,|HI+AŠ₂.SAG|,2,𒄭𒀾𒊕,U+1212D; U+1203E; U+12295,
U+12295,|HI×AŠ₂.SAG|,|HI+AŠ₂.SAG|,𒊕,Type_2,compound,|HI+AŠ₂.SAG|,3,𒄭𒀾𒊕,U+1212D; U+1203E; U+12295,
U+1212D,|HI×BAD|,|HI.AŠ|,𒄭,Type_2,compound,|HI.AŠ|,1,𒄭𒀸,U+1212D; U+12038,LAK366 [Uruk IV–III (~3400–3000 BCE) | Archaic / Uruk]; ASY235 [Standard Babylonian (any period) | Akkadian syllabary]; ABZL279 [Old Babylonian (~2000–1600 BCE) | School texts]; GCSL152 [Gudea period (~2100 BCE) | Lagash / Girsu]; KWU452 [Ur III (~2112–2004 BCE) | Administrative]; RSP312 [Early Dynastic (~2900–2340 BCE) | Presargonic Lagash]; SYA206 [Standard Babylonian (any period) | Akkadian syllabary]
U+12038,|HI×BAD|,|HI.AŠ|,𒀸,Type_2,compound,|HI.AŠ|,2,𒄭𒀸,U+1212D; U+12038,LAK366 [Uruk IV–III (~3400–3000 BCE) | Archaic / Uruk]; ASY235 [Standard Babylonian (any period) | Akkadian syllabary]; ABZL279 [Old Babylonian (~2000–1600 BCE) | School texts]; GCSL152 [Gudea period (~2100 BCE) | Lagash / Girsu]; KWU452 [Ur III (~2112–2004 BCE) | Administrative]; RSP312 [Early Dynastic (~2900–2340 BCE) | Presargonic Lagash]; SYA206 [Standard Babylonian (any period) | Akkadian syllabary]
U+1212D,|HI×BAD|,|HI.BAD|,𒄭,Type_2,compound,|HI.BAD|,1,𒄭𒁁,U+1212D; U+12041,LAK366 [Uruk IV–III (~3400–3000 BCE) | Archaic / Uruk]; ASY235 [Standard Babylonian (any period) | Akkadian syllabary]; ABZL279 [Old Babylonian (~2000–1600 BCE) | School texts]; GCSL152 [Gudea period (~2100 BCE) | Lagash / Girsu]; KWU452 [Ur III (~2112–2004 BCE) | Administrative]; RSP312 [Early Dynastic (~2900–2340 BCE) | Presargonic Lagash]; SYA206 [Standard Babylonian (any period) | Akkadian syllabary]
U+12041,|HI×BAD|,|HI.BAD|,𒁁,Type_2,compound,|HI.BAD|,2,𒄭𒁁,U+1212D; U+12041,LAK366 [Uruk IV–III (~3400–3000 BCE) | Archaic / Uruk]; ASY235 [Standard Babylonian (any period) | Akkadian syllabary]; ABZL279 [Old Babylonian (~2000–1600 BCE) | School texts]; GCSL152 [Gudea period (~2100 BCE) | Lagash / Girsu]; KWU452 [Ur III (~2112–2004 BCE) | Administrative]; RSP312 [Early Dynastic (~2900–2340 BCE) | Presargonic Lagash]; SYA206 [Standard Babylonian (any period) | Akkadian syllabary]
U+12130,|HI×BAD|,|HI×AŠ|,𒄰,Type_3,HIBAD_v1,,,,,LAK361 [Uruk IV–III (~3400–3000 BCE) | Archaic / Uruk]; PTACE174 [Early Dynastic (~2900–2340 BCE) | Ebla]; LAK366 [Uruk IV–III (~3400–3000 BCE) | Archaic / Uruk]; ASY235 [Standard Babylonian (any period) | Akkadian syllabary]; ABZL279 [Old Babylonian (~2000–1600 BCE) | School texts]; GCSL152 [Gudea period (~2100 BCE) | Lagash / Girsu]; KWU452 [Ur III (~2112–2004 BCE) | Administrative]; RSP312 [Early Dynastic (~2900–2340 BCE) | Presargonic Lagash]; SYA206 [Standard Babylonian (any period) | Akkadian syllabary]
U+12130,|HI×BAD|,|HI×AŠ@c|,𒄰,Type_3,HIBAD_v1,,,,,LAK366 [Uruk IV–III (~3400–3000 BCE) | Archaic / Uruk]; ASY235 [Standard Babylonian (any period) | Akkadian syllabary]; ABZL279 [Old Babylonian (~2000–1600 BCE) | School texts]; GCSL152 [Gudea period (~2100 BCE) | Lagash / Girsu]; KWU452 [Ur III (~2112–2004 BCE) | Administrative]; RSP312 [Early Dynastic (~2900–2340 BCE) | Presargonic Lagash]; SYA206 [Standard Babylonian (any period) | Akkadian syllabary]
U+12130,|HI×BAD|,|HI×AŠ@t|,𒄰,Type_3,HIBAD_v1,,,,,GCSL162 [Gudea period (~2100 BCE) | Lagash / Girsu]; LAK366 [Uruk IV–III (~3400–3000 BCE) | Archaic / Uruk]; ASY235 [Standard Babylonian (any period) | Akkadian syllabary]; ABZL279 [Old Babylonian (~2000–1600 BCE) | School texts]; GCSL152 [Gudea period (~2100 BCE) | Lagash / Girsu]; KWU452 [Ur III (~2112–2004 BCE) | Administrative]; RSP312 [Early Dynastic (~2900–2340 BCE) | Presargonic Lagash]; SYA206 [Standard Babylonian (any period) | Akkadian syllabary]
U+12130,|HI×BAD|,|HI×DIŠ|,𒄰,Type_3,HIBAD_v1,,,,,LAK366 [Uruk IV–III (~3400–3000 BCE) | Archaic / Uruk]; ASY235 [Standard Babylonian (any period) | Akkadian syllabary]; ABZL279 [Old Babylonian (~2000–1600 BCE) | School texts]; GCSL152 [Gudea period (~2100 BCE) | Lagash / Girsu]; KWU452 [Ur III (~2112–2004 BCE) | Administrative]; RSP312 [Early Dynastic (~2900–2340 BCE) | Presargonic Lagash]; SYA206 [Standard Babylonian (any period) | Akkadian syllabary]
U+12130,|HI×BAD|,|HI×MAŠ|,𒄰,Type_3,HIBAD_v1,,,,,ELLES199 [Early Dynastic (~2900–2340 BCE) | Ebla]; RSP312^a [Early Dynastic (~2900–2340 BCE) | Presargonic Lagash]; LAK366 [Uruk IV–III (~3400–3000 BCE) | Archaic / Uruk]; ASY235 [Standard Babylonian (any period) | Akkadian syllabary]; ABZL279 [Old Babylonian (~2000–1600 BCE) | School texts]; GCSL152 [Gudea period (~2100 BCE) | Lagash / Girsu]; KWU452 [Ur III (~2112–2004 BCE) | Administrative]; RSP312 [Early Dynastic (~2900–2340 BCE) | Presargonic Lagash]; SYA206 [Standard Babylonian (any period) | Akkadian syllabary]
U+12130,|HI×BAD|,|HI×U|,𒄰,Type_3,HIBAD_v1,,,,,LAK366 [Uruk IV–III (~3400–3000 BCE) | Archaic / Uruk]; ASY235 [Standard Babylonian (any period) | Akkadian syllabary]; ABZL279 [Old Babylonian (~2000–1600 BCE) | School texts]; GCSL152 [Gudea period (~2100 BCE) | Lagash / Girsu]; KWU452 [Ur III (~2112–2004 BCE) | Administrative]; RSP312 [Early Dynastic (~2900–2340 BCE) | Presargonic Lagash]; SYA206 [Standard Babylonian (any period) | Akkadian syllabary]
U+12130,|HI×BAD|,KAM@v,𒄰,Type_3,HIBAD_v1,,,,,LAK366 [Uruk IV–III (~3400–3000 BCE) | Archaic / Uruk]; ASY235 [Standard Babylonian (any period) | Akkadian syllabary]; ABZL279 [Old Babylonian (~2000–1600 BCE) | School texts]; GCSL152 [Gudea period (~2100 BCE) | Lagash / Girsu]; KWU452 [Ur III (~2112–2004 BCE) | Administrative]; RSP312 [Early Dynastic (~2900–2340 BCE) | Presargonic Lagash]; SYA206 [Standard Babylonian (any period) | Akkadian syllabary]
U+1212D,|HI×NUN|,|HI.AŠ.RI|,𒄭,Type_2,compound,|HI.AŠ.RI|,1,𒄭𒀸𒊑,U+1212D; U+12038; U+12291,LAK367 [Uruk IV–III (~3400–3000 BCE) | Archaic / Uruk]; ASY234 [Standard Babylonian (any period) | Akkadian syllabary]; ABZL280 [Old Babylonian (~2000–1600 BCE) | School texts]; ELLES201 [Early Dynastic (~2900–2340 BCE) | Ebla]; GCSL153 [Gudea period (~2100 BCE) | Lagash / Girsu]; HZL332 [Hittite period (~1650–1180 BCE) | Hittite]; KWU485 [Ur III (~2112–2004 BCE) | Administrative]; MZL636 [Standard Babylonian (any period) | Akkado-Babylonian]; PTACE175 [Early Dynastic (~2900–2340 BCE) | Ebla]; SLLHA398 [Standard Babylonian (any period) | Akkado-Babylonian]; SYA205 [Standard Babylonian (any period) | Akkadian syllabary]
U+12038,|HI×NUN|,|HI.AŠ.RI|,𒀸,Type_2,compound,|HI.AŠ.RI|,2,𒄭𒀸𒊑,U+1212D; U+12038; U+12291,LAK367 [Uruk IV–III (~3400–3000 BCE) | Archaic / Uruk]; ASY234 [Standard Babylonian (any period) | Akkadian syllabary]; ABZL280 [Old Babylonian (~2000–1600 BCE) | School texts]; ELLES201 [Early Dynastic (~2900–2340 BCE) | Ebla]; GCSL153 [Gudea period (~2100 BCE) | Lagash / Girsu]; HZL332 [Hittite period (~1650–1180 BCE) | Hittite]; KWU485 [Ur III (~2112–2004 BCE) | Administrative]; MZL636 [Standard Babylonian (any period) | Akkado-Babylonian]; PTACE175 [Early Dynastic (~2900–2340 BCE) | Ebla]; SLLHA398 [Standard Babylonian (any period) | Akkado-Babylonian]; SYA205 [Standard Babylonian (any period) | Akkadian syllabary]
U+12291,|HI×NUN|,|HI.AŠ.RI|,𒊑,Type_2,compound,|HI.AŠ.RI|,3,𒄭𒀸𒊑,U+1212D; U+12038; U+12291,LAK367 [Uruk IV–III (~3400–3000 BCE) | Archaic / Uruk]; ASY234 [Standard Babylonian (any period) | Akkadian syllabary]; ABZL280 [Old Babylonian (~2000–1600 BCE) | School texts]; ELLES201 [Early Dynastic (~2900–2340 BCE) | Ebla]; GCSL153 [Gudea period (~2100 BCE) | Lagash / Girsu]; HZL332 [Hittite period (~1650–1180 BCE) | Hittite]; KWU485 [Ur III (~2112–2004 BCE) | Administrative]; MZL636 [Standard Babylonian (any period) | Akkado-Babylonian]; PTACE175 [Early Dynastic (~2900–2340 BCE) | Ebla]; SLLHA398 [Standard Babylonian (any period) | Akkado-Babylonian]; SYA205 [Standard Babylonian (any period) | Akkadian syllabary]
U+1212D,|HI×NUN|,|HI+NUN|,𒄭,Type_2,compound,|HI+NUN|,1,𒄭𒉣,U+1212D; U+12263,LAK367 [Uruk IV–III (~3400–3000 BCE) | Archaic / Uruk]; ASY234 [Standard Babylonian (any period) | Akkadian syllabary]; ABZL280 [Old Babylonian (~2000–1600 BCE) | School texts]; ELLES201 [Early Dynastic (~2900–2340 BCE) | Ebla]; GCSL153 [Gudea period (~2100 BCE) | Lagash / Girsu]; HZL332 [Hittite period (~1650–1180 BCE) | Hittite]; KWU485 [Ur III (~2112–2004 BCE) | Administrative]; MZL636 [Standard Babylonian (any period) | Akkado-Babylonian]; PTACE175 [Early Dynastic (~2900–2340 BCE) | Ebla]; SLLHA398 [Standard Babylonian (any period) | Akkado-Babylonian]; SYA205 [Standard Babylonian (any period) | Akkadian syllabary]
U+12263,|HI×NUN|,|HI+NUN|,𒉣,Type_2,compound,|HI+NUN|,2,𒄭𒉣,U+1212D; U+12263,LAK367 [Uruk IV–III (~3400–3000 BCE) | Archaic / Uruk]; ASY234 [Standard Babylonian (any period) | Akkadian syllabary]; ABZL280 [Old Babylonian (~2000–1600 BCE) | School texts]; ELLES201 [Early Dynastic (~2900–2340 BCE) | Ebla]; GCSL153 [Gudea period (~2100 BCE) | Lagash / Girsu]; HZL332 [Hittite period (~1650–1180 BCE) | Hittite]; KWU485 [Ur III (~2112–2004 BCE) | Administrative]; MZL636 [Standard Babylonian (any period) | Akkado-Babylonian]; PTACE175 [Early Dynastic (~2900–2340 BCE) | Ebla]; SLLHA398 [Standard Babylonian (any period) | Akkado-Babylonian]; SYA205 [Standard Babylonian (any period) | Akkadian syllabary]
U+12134,|HI×NUN|,|HI×(U.U.U)|,𒄴,Type_3,HINUN_v1,,,,,LAK367 [Uruk IV–III (~3400–3000 BCE) | Archaic / Uruk]; ASY234 [Standard Babylonian (any period) | Akkadian syllabary]; ABZL280 [Old Babylonian (~2000–1600 BCE) | School texts]; ELLES201 [Early Dynastic (~2900–2340 BCE) | Ebla]; GCSL153 [Gudea period (~2100 BCE) | Lagash / Girsu]; HZL332 [Hittite period (~1650–1180 BCE) | Hittite]; KWU485 [Ur III (~2112–2004 BCE) | Administrative]; MZL636 [Standard Babylonian (any period) | Akkado-Babylonian]; PTACE175 [Early Dynastic (~2900–2340 BCE) | Ebla]; SLLHA398 [Standard Babylonian (any period) | Akkado-Babylonian]; SYA205 [Standard Babylonian (any period) | Akkadian syllabary]
U+1212D,|HI×NUN.KASKAL|,|HI.KASKAL|,𒄭,Type_2,compound,|HI.KASKAL|,1,𒄭𒆜,U+1212D; U+1219C,MZL637 [Standard Babylonian (any period) | Akkado-Babylonian]; SLLHA398+166 [Standard Babylonian (any period) | Akkado-Babylonian]
U+1219C,|HI×NUN.KASKAL|,|HI.KASKAL|,𒆜,Type_2,compound,|HI.KASKAL|,2,𒄭𒆜,U+1212D; U+1219C,MZL637 [Standard Babylonian (any period) | Akkado-Babylonian]; SLLHA398+166 [Standard Babylonian (any period) | Akkado-Babylonian]
U+1212D,|HI×NUN.ME|,|HI.AŠ.RI.ME|,𒄭,Type_2,compound,|HI.AŠ.RI.ME|,1,𒄭𒀸𒊑𒈨,U+1212D; U+12038; U+12291; U+12228,LAK368 [Uruk IV–III (~3400–3000 BCE) | Archaic / Uruk]; ABZL282 [Old Babylonian (~2000–1600 BCE) | School texts]; GCSL154 [Gudea period (~2100 BCE) | Lagash / Girsu]; MZL638 [Standard Babylonian (any period) | Akkado-Babylonian]; PTACE176 [Early Dynastic (~2900–2340 BCE) | Ebla]; RSP316 [Early Dynastic (~2900–2340 BCE) | Presargonic Lagash]; SLLHA398_64 [Standard Babylonian (any period) | Akkado-Babylonian]
U+12038,|HI×NUN.ME|,|HI.AŠ.RI.ME|,𒀸,Type_2,compound,|HI.AŠ.RI.ME|,2,𒄭𒀸𒊑𒈨,U+1212D; U+12038; U+12291; U+12228,LAK368 [Uruk IV–III (~3400–3000 BCE) | Archaic / Uruk]; ABZL282 [Old Babylonian (~2000–1600 BCE) | School texts]; GCSL154 [Gudea period (~2100 BCE) | Lagash / Girsu]; MZL638 [Standard Babylonian (any period) | Akkado-Babylonian]; PTACE176 [Early Dynastic (~2900–2340 BCE) | Ebla]; RSP316 [Early Dynastic (~2900–2340 BCE) | Presargonic Lagash]; SLLHA398_64 [Standard Babylonian (any period) | Akkado-Babylonian]
U+12291,|HI×NUN.ME|,|HI.AŠ.RI.ME|,𒊑,Type_2,compound,|HI.AŠ.RI.ME|,3,𒄭𒀸𒊑𒈨,U+1212D; U+12038; U+12291; U+12228,LAK368 [Uruk IV–III (~3400–3000 BCE) | Archaic / Uruk]; ABZL282 [Old Babylonian (~2000–1600 BCE) | School texts]; GCSL154 [Gudea period (~2100 BCE) | Lagash / Girsu]; MZL638 [Standard Babylonian (any period) | Akkado-Babylonian]; PTACE176 [Early Dynastic (~2900–2340 BCE) | Ebla]; RSP316 [Early Dynastic (~2900–2340 BCE) | Presargonic Lagash]; SLLHA398_64 [Standard Babylonian (any period) | Akkado-Babylonian]
U+12228,|HI×NUN.ME|,|HI.AŠ.RI.ME|,𒈨,Type_2,compound,|HI.AŠ.RI.ME|,4,𒄭𒀸𒊑𒈨,U+1212D; U+12038; U+12291; U+12228,LAK368 [Uruk IV–III (~3400–3000 BCE) | Archaic / Uruk]; ABZL282 [Old Babylonian (~2000–1600 BCE) | School texts]; GCSL154 [Gudea period (~2100 BCE) | Lagash / Girsu]; MZL638 [Standard Babylonian (any period) | Akkado-Babylonian]; PTACE176 [Early Dynastic (~2900–2340 BCE) | Ebla]; RSP316 [Early Dynastic (~2900–2340 BCE) | Presargonic Lagash]; SLLHA398_64 [Standard Babylonian (any period) | Akkado-Babylonian]
U+1212D,|HI×NUN.ME|,|HI+AŠ.NUN.ME|,𒄭,Type_2,compound,|HI+AŠ.NUN.ME|,1,𒄭𒀸𒉣𒈨,U+1212D; U+12038; U+12263; U+12228,LAK368 [Uruk IV–III (~3400–3000 BCE) | Archaic / Uruk]; ABZL282 [Old Babylonian (~2000–1600 BCE) | School texts]; GCSL154 [Gudea period (~2100 BCE) | Lagash / Girsu]; MZL638 [Standard Babylonian (any period) | Akkado-Babylonian]; PTACE176 [Early Dynastic (~2900–2340 BCE) | Ebla]; RSP316 [Early Dynastic (~2900–2340 BCE) | Presargonic Lagash]; SLLHA398_64 [Standard Babylonian (any period) | Akkado-Babylonian]
U+12038,|HI×NUN.ME|,|HI+AŠ.NUN.ME|,𒀸,Type_2,compound,|HI+AŠ.NUN.ME|,2,𒄭𒀸𒉣𒈨,U+1212D; U+12038; U+12263; U+12228,LAK368 [Uruk IV–III (~3400–3000 BCE) | Archaic / Uruk]; ABZL282 [Old Babylonian (~2000–1600 BCE) | School texts]; GCSL154 [Gudea period (~2100 BCE) | Lagash / Girsu]; MZL638 [Standard Babylonian (any period) | Akkado-Babylonian]; PTACE176 [Early Dynastic (~2900–2340 BCE) | Ebla]; RSP316 [Early Dynastic (~2900–2340 BCE) | Presargonic Lagash]; SLLHA398_64 [Standard Babylonian (any period) | Akkado-Babylonian]
U+12263,|HI×NUN.ME|,|HI+AŠ.NUN.ME|,𒉣,Type_2,compound,|HI+AŠ.NUN.ME|,3,𒄭𒀸𒉣𒈨,U+1212D; U+12038; U+12263; U+12228,LAK368 [Uruk IV–III (~3400–3000 BCE) | Archaic / Uruk]; ABZL282 [Old Babylonian (~2000–1600 BCE) | School texts]; GCSL154 [Gudea period (~2100 BCE) | Lagash / Girsu]; MZL638 [Standard Babylonian (any period) | Akkado-Babylonian]; PTACE176 [Early Dynastic (~2900–2340 BCE) | Ebla]; RSP316 [Early Dynastic (~2900–2340 BCE) | Presargonic Lagash]; SLLHA398_64 [Standard Babylonian (any period) | Akkado-Babylonian]
U+12228,|HI×NUN.ME|,|HI+AŠ.NUN.ME|,𒈨,Type_2,compound,|HI+AŠ.NUN.ME|,4,𒄭𒀸𒉣𒈨,U+1212D; U+12038; U+12263; U+12228,LAK368 [Uruk IV–III (~3400–3000 BCE) | Archaic / Uruk]; ABZL282 [Old Babylonian (~2000–1600 BCE) | School texts]; GCSL154 [Gudea period (~2100 BCE) | Lagash / Girsu]; MZL638 [Standard Babylonian (any period) | Akkado-Babylonian]; PTACE176 [Early Dynastic (~2900–2340 BCE) | Ebla]; RSP316 [Early Dynastic (~2900–2340 BCE) | Presargonic Lagash]; SLLHA398_64 [Standard Babylonian (any period) | Akkado-Babylonian]
U+1212D,|HI×NUN.ME|,|HI+NUN.ME|,𒄭,Type_2,compound,|HI+NUN.ME|,1,𒄭𒉣𒈨,U+1212D; U+12263; U+12228,LAK368 [Uruk IV–III (~3400–3000 BCE) | Archaic / Uruk]; ABZL282 [Old Babylonian (~2000–1600 BCE) | School texts]; GCSL154 [Gudea period (~2100 BCE) | Lagash / Girsu]; MZL638 [Standard Babylonian (any period) | Akkado-Babylonian]; PTACE176 [Early Dynastic (~2900–2340 BCE) | Ebla]; RSP316 [Early Dynastic (~2900–2340 BCE) | Presargonic Lagash]; SLLHA398_64 [Standard Babylonian (any period) | Akkado-Babylonian]
U+12263,|HI×NUN.ME|,|HI+NUN.ME|,𒉣,Type_2,compound,|HI+NUN.ME|,2,𒄭𒉣𒈨,U+1212D; U+12263; U+12228,LAK368 [Uruk IV–III (~3400–3000 BCE) | Archaic / Uruk]; ABZL282 [Old Babylonian (~2000–1600 BCE) | School texts]; GCSL154 [Gudea period (~2100 BCE) | Lagash / Girsu]; MZL638 [Standard Babylonian (any period) | Akkado-Babylonian]; PTACE176 [Early Dynastic (~2900–2340 BCE) | Ebla]; RSP316 [Early Dynastic (~2900–2340 BCE) | Presargonic Lagash]; SLLHA398_64 [Standard Babylonian (any period) | Akkado-Babylonian]
U+12228,|HI×NUN.ME|,|HI+NUN.ME|,𒈨,Type_2,compound,|HI+NUN.ME|,3,𒄭𒉣𒈨,U+1212D; U+12263; U+12228,LAK368 [Uruk IV–III (~3400–3000 BCE) | Archaic / Uruk]; ABZL282 [Old Babylonian (~2000–1600 BCE) | School texts]; GCSL154 [Gudea period (~2100 BCE) | Lagash / Girsu]; MZL638 [Standard Babylonian (any period) | Akkado-Babylonian]; PTACE176 [Early Dynastic (~2900–2340 BCE) | Ebla]; RSP316 [Early Dynastic (~2900–2340 BCE) | Presargonic Lagash]; SLLHA398_64 [Standard Babylonian (any period) | Akkado-Babylonian]
U+12135,|HI×ŠE|,|HI×KUR|,𒄵,Type_3,HISE_v1,,,,,LAK372 [Uruk IV–III (~3400–3000 BCE) | Archaic / Uruk]; ASY237 [Standard Babylonian (any period) | Akkadian syllabary]; ABZL287 [Old Babylonian (~2000–1600 BCE) | School texts]; BAU188 [Early Dynastic (~2900–2340 BCE) | Lagash]; HZL334 [Hittite period (~1650–1180 BCE) | Hittite]; MZL643 [Standard Babylonian (any period) | Akkado-Babylonian]; SLLHA400 [Standard Babylonian (any period) | Akkado-Babylonian]; SYA208 [Standard Babylonian (any period) | Akkadian syllabary]
U+12137,HU,RI,𒄷,Type_3,HU_v1,,,,,LAK075 [Uruk IV–III (~3400–3000 BCE) | Archaic / Uruk]; ASY061 [Standard Babylonian (any period) | Akkadian syllabary]; GCSL178a [Gudea period (~2100 BCE) | Lagash / Girsu]; PTACE064 [Early Dynastic (~2900–2340 BCE) | Ebla]; LAK064 [Uruk IV–III (~3400–3000 BCE) | Archaic / Uruk]; ASY052 [Standard Babylonian (any period) | Akkadian syllabary]; ABZL034 [Old Babylonian (~2000–1600 BCE) | School texts]; BAU034 [Early Dynastic (~2900–2340 BCE) | Lagash]; ELLES040 [Early Dynastic (~2900–2340 BCE) | Ebla]; GCSL031 [Gudea period (~2100 BCE) | Lagash / Girsu]; HZL024 [Hittite period (~1650–1180 BCE) | Hittite]; KWU111 [Ur III (~2112–2004 BCE) | Administrative]; MZL132 [Standard Babylonian (any period) | Akkado-Babylonian]; PTACE040 [Early Dynastic (~2900–2340 BCE) | Ebla]; RSP406 [Early Dynastic (~2900–2340 BCE) | Presargonic Lagash]; SLLHA078 [Standard Babylonian (any period) | Akkado-Babylonian]; SYA045 [Standard Babylonian (any period) | Akkadian syllabary]
U+1212D,|HU.HI|,|HI.HU|,𒄭,Type_2,compound,|HI.HU|,1,𒄭𒄷,U+1212D; U+12137,LAK065 [Uruk IV–III (~3400–3000 BCE) | Archaic / Uruk]; ASY056 [Standard Babylonian (any period) | Akkadian syllabary]; ABZL035 [Old Babylonian (~2000–1600 BCE) | School texts]; BAU037 [Early Dynastic (~2900–2340 BCE) | Lagash]; HZL026 [Hittite period (~1650–1180 BCE) | Hittite]; KWU112 [Ur III (~2112–2004 BCE) | Administrative]; MZL137 [Standard Babylonian (any period) | Akkado-Babylonian]; RSP407 [Early Dynastic (~2900–2340 BCE) | Presargonic Lagash]; SLLHA081 [Standard Babylonian (any period) | Akkado-Babylonian]; SYA049 [Standard Babylonian (any period) | Akkadian syllabary]
U+12137,|HU.HI|,|HI.HU|,𒄷,Type_2,compound,|HI.HU|,2,𒄭𒄷,U+1212D; U+12137,LAK065 [Uruk IV–III (~3400–3000 BCE) | Archaic / Uruk]; ASY056 [Standard Babylonian (any period) | Akkadian syllabary]; ABZL035 [Old Babylonian (~2000–1600 BCE) | School texts]; BAU037 [Early Dynastic (~2900–2340 BCE) | Lagash]; HZL026 [Hittite period (~1650–1180 BCE) | Hittite]; KWU112 [Ur III (~2112–2004 BCE) | Administrative]; MZL137 [Standard Babylonian (any period) | Akkado-Babylonian]; RSP407 [Early Dynastic (~2900–2340 BCE) | Presargonic Lagash]; SLLHA081 [Standard Babylonian (any period) | Akkado-Babylonian]; SYA049 [Standard Babylonian (any period) | Akkadian syllabary]
U+1223F,|HU.NA₂|,|NA₂.HU|,𒈿,Type_2,compound,|NA₂.HU|,1,𒈿𒄷,U+1223F; U+12137,GCSL109 [Gudea period (~2100 BCE) | Lagash / Girsu]; LAK068 [Uruk IV–III (~3400–3000 BCE) | Archaic / Uruk]; ASY057 [Standard Babylonian (any period) | Akkadian syllabary]; ABZL036 [Old Babylonian (~2000–1600 BCE) | School texts]; KWU113 [Ur III (~2112–2004 BCE) | Administrative]; MZL138 [Standard Babylonian (any period) | Akkado-Babylonian]; RSP410 [Early Dynastic (~2900–2340 BCE) | Presargonic Lagash]; SLLHA082 [Standard Babylonian (any period) | Akkado-Babylonian]
U+12137,|HU.NA₂|,|NA₂.HU|,𒄷,Type_2,compound,|NA₂.HU|,2,𒈿𒄷,U+1223F; U+12137,GCSL109 [Gudea period (~2100 BCE) | Lagash / Girsu]; LAK068 [Uruk IV–III (~3400–3000 BCE) | Archaic / Uruk]; ASY057 [Standard Babylonian (any period) | Akkadian syllabary]; ABZL036 [Old Babylonian (~2000–1600 BCE) | School texts]; KWU113 [Ur III (~2112–2004 BCE) | Administrative]; MZL138 [Standard Babylonian (any period) | Akkado-Babylonian]; RSP410 [Early Dynastic (~2900–2340 BCE) | Presargonic Lagash]; SLLHA082 [Standard Babylonian (any period) | Akkado-Babylonian]
U+12190,|HU.SI|,|KAD₂.U.SI|,𒆐,Type_2,compound,|KAD₂.U.SI|,1,𒆐𒌋𒋛,U+12190; U+1230B; U+122DB,LAK066 [Uruk IV–III (~3400–3000 BCE) | Archaic / Uruk]; ASY053 [Standard Babylonian (any period) | Akkadian syllabary]; ABZL033 [Old Babylonian (~2000–1600 BCE) | School texts]; ELLES041 [Early Dynastic (~2900–2340 BCE) | Ebla]; GCSL035 [Gudea period (~2100 BCE) | Lagash / Girsu]; KWU114 [Ur III (~2112–2004 BCE) | Administrative]; MZL133 [Standard Babylonian (any period) | Akkado-Babylonian]; PTACE034 [Early Dynastic (~2900–2340 BCE) | Ebla]; RSP409 [Early Dynastic (~2900–2340 BCE) | Presargonic Lagash]; SYA046 [Standard Babylonian (any period) | Akkadian syllabary]
U+1230B,|HU.SI|,|KAD₂.U.SI|,𒌋,Type_2,compound,|KAD₂.U.SI|,2,𒆐𒌋𒋛,U+12190; U+1230B; U+122DB,LAK066 [Uruk IV–III (~3400–3000 BCE) | Archaic / Uruk]; ASY053 [Standard Babylonian (any period) | Akkadian syllabary]; ABZL033 [Old Babylonian (~2000–1600 BCE) | School texts]; ELLES041 [Early Dynastic (~2900–2340 BCE) | Ebla]; GCSL035 [Gudea period (~2100 BCE) | Lagash / Girsu]; KWU114 [Ur III (~2112–2004 BCE) | Administrative]; MZL133 [Standard Babylonian (any period) | Akkado-Babylonian]; PTACE034 [Early Dynastic (~2900–2340 BCE) | Ebla]; RSP409 [Early Dynastic (~2900–2340 BCE) | Presargonic Lagash]; SYA046 [Standard Babylonian (any period) | Akkadian syllabary]
U+122DB,|HU.SI|,|KAD₂.U.SI|,𒋛,Type_2,compound,|KAD₂.U.SI|,3,𒆐𒌋𒋛,U+12190; U+1230B; U+122DB,LAK066 [Uruk IV–III (~3400–3000 BCE) | Archaic / Uruk]; ASY053 [Standard Babylonian (any period) | Akkadian syllabary]; ABZL033 [Old Babylonian (~2000–1600 BCE) | School texts]; ELLES041 [Early Dynastic (~2900–2340 BCE) | Ebla]; GCSL035 [Gudea period (~2100 BCE) | Lagash / Girsu]; KWU114 [Ur III (~2112–2004 BCE) | Administrative]; MZL133 [Standard Babylonian (any period) | Akkado-Babylonian]; PTACE034 [Early Dynastic (~2900–2340 BCE) | Ebla]; RSP409 [Early Dynastic (~2900–2340 BCE) | Presargonic Lagash]; SYA046 [Standard Babylonian (any period) | Akkadian syllabary]
U+12223,|HU.SI|,|MA₂.HU|,𒈣,Type_2,compound,|MA₂.HU|,1,𒈣𒄷,U+12223; U+12137,LAK066 [Uruk IV–III (~3400–3000 BCE) | Archaic / Uruk]; ASY053 [Standard Babylonian (any period) | Akkadian syllabary]; ABZL033 [Old Babylonian (~2000–1600 BCE) | School texts]; ELLES041 [Early Dynastic (~2900–2340 BCE) | Ebla]; GCSL035 [Gudea period (~2100 BCE) | Lagash / Girsu]; KWU114 [Ur III (~2112–2004 BCE) | Administrative]; MZL133 [Standard Babylonian (any period) | Akkado-Babylonian]; PTACE034 [Early Dynastic (~2900–2340 BCE) | Ebla]; RSP409 [Early Dynastic (~2900–2340 BCE) | Presargonic Lagash]; SYA046 [Standard Babylonian (any period) | Akkadian syllabary]
U+12137,|HU.SI|,|MA₂.HU|,𒄷,Type_2,compound,|MA₂.HU|,2,𒈣𒄷,U+12223; U+12137,LAK066 [Uruk IV–III (~3400–3000 BCE) | Archaic / Uruk]; ASY053 [Standard Babylonian (any period) | Akkadian syllabary]; ABZL033 [Old Babylonian (~2000–1600 BCE) | School texts]; ELLES041 [Early Dynastic (~2900–2340 BCE) | Ebla]; GCSL035 [Gudea period (~2100 BCE) | Lagash / Girsu]; KWU114 [Ur III (~2112–2004 BCE) | Administrative]; MZL133 [Standard Babylonian (any period) | Akkado-Babylonian]; PTACE034 [Early Dynastic (~2900–2340 BCE) | Ebla]; RSP409 [Early Dynastic (~2900–2340 BCE) | Presargonic Lagash]; SYA046 [Standard Babylonian (any period) | Akkadian syllabary]
U+1213D,HUB₂,|HUB₂×UD|,𒄽,Type_1,HUB_v1,,,,,LAK476 [Uruk IV–III (~3400–3000 BCE) | Archaic / Uruk]; ASY066 [Standard Babylonian (any period) | Akkadian syllabary]; RSP425 [Early Dynastic (~2900–2340 BCE) | Presargonic Lagash]; LAK474 [Uruk IV–III (~3400–3000 BCE) | Archaic / Uruk]; ASY065 [Standard Babylonian (any period) | Akkadian syllabary]; ABZL445 [Old Babylonian (~2000–1600 BCE) | School texts]; BAU281 [Early Dynastic (~2900–2340 BCE) | Lagash]; ELLES249 [Early Dynastic (~2900–2340 BCE) | Ebla]; GCSL222 [Gudea period (~2100 BCE) | Lagash / Girsu]; HZL049 [Hittite period (~1650–1180 BCE) | Hittite]; MZL149 [Standard Babylonian (any period) | Akkado-Babylonian]; PTACE273 [Early Dynastic (~2900–2340 BCE) | Ebla]; SLLHA088 [Standard Babylonian (any period) | Akkado-Babylonian]; SYA056 [Standard Babylonian (any period) | Akkadian syllabary]
U+1202D,HUL₂,|AN.HUL₂|,𒀭,Type_2,compound,|AN.HUL₂|,1,𒀭𒄾,U+1202D; U+1213E,LAK183 [Uruk IV–III (~3400–3000 BCE) | Archaic / Uruk]; ASY297 [Standard Babylonian (any period) | Akkadian syllabary]; ABZL425 [Old Babylonian (~2000–1600 BCE) | School texts]; ELLES108 [Early Dynastic (~2900–2340 BCE) | Ebla]; GCSL197 [Gudea period (~2100 BCE) | Lagash / Girsu]; HZL254 [Hittite period (~1650–1180 BCE) | Hittite]; KWU900 [Ur III (~2112–2004 BCE) | Administrative]; MZL877 [Standard Babylonian (any period) | Akkado-Babylonian]; PTACE029 [Early Dynastic (~2900–2340 BCE) | Ebla]; RSP122 [Early Dynastic (~2900–2340 BCE) | Presargonic Lagash]; SLLHA550 [Standard Babylonian (any period) | Akkado-Babylonian]
U+1213E,HUL₂,|AN.HUL₂|,𒄾,Type_2,compound,|AN.HUL₂|,2,𒀭𒄾,U+1202D; U+1213E,LAK183 [Uruk IV–III (~3400–3000 BCE) | Archaic / Uruk]; ASY297 [Standard Babylonian (any period) | Akkadian syllabary]; ABZL425 [Old Babylonian (~2000–1600 BCE) | School texts]; ELLES108 [Early Dynastic (~2900–2340 BCE) | Ebla]; GCSL197 [Gudea period (~2100 BCE) | Lagash / Girsu]; HZL254 [Hittite period (~1650–1180 BCE) | Hittite]; KWU900 [Ur III (~2112–2004 BCE) | Administrative]; MZL877 [Standard Babylonian (any period) | Akkado-Babylonian]; PTACE029 [Early Dynastic (~2900–2340 BCE) | Ebla]; RSP122 [Early Dynastic (~2900–2340 BCE) | Presargonic Lagash]; SLLHA550 [Standard Babylonian (any period) | Akkado-Babylonian]
U+122D9,HUL₂,|ŠU₂.IŠ|,𒋙,Type_2,compound,|ŠU₂.IŠ|,1,𒋙𒅖,U+122D9; U+12156,LAK183 [Uruk IV–III (~3400–3000 BCE) | Archaic / Uruk]; ASY297 [Standard Babylonian (any period) | Akkadian syllabary]; ABZL425 [Old Babylonian (~2000–1600 BCE) | School texts]; ELLES108 [Early Dynastic (~2900–2340 BCE) | Ebla]; GCSL197 [Gudea period (~2100 BCE) | Lagash / Girsu]; HZL254 [Hittite period (~1650–1180 BCE) | Hittite]; KWU900 [Ur III (~2112–2004 BCE) | Administrative]; MZL877 [Standard Babylonian (any period) | Akkado-Babylonian]; PTACE029 [Early Dynastic (~2900–2340 BCE) | Ebla]; RSP122 [Early Dynastic (~2900–2340 BCE) | Presargonic Lagash]; SLLHA550 [Standard Babylonian (any period) | Akkado-Babylonian]
U+12156,HUL₂,|ŠU₂.IŠ|,𒅖,Type_2,compound,|ŠU₂.IŠ|,2,𒋙𒅖,U+122D9; U+12156,LAK183 [Uruk IV–III (~3400–3000 BCE) | Archaic / Uruk]; ASY297 [Standard Babylonian (any period) | Akkadian syllabary]; ABZL425 [Old Babylonian (~2000–1600 BCE) | School texts]; ELLES108 [Early Dynastic (~2900–2340 BCE) | Ebla]; GCSL197 [Gudea period (~2100 BCE) | Lagash / Girsu]; HZL254 [Hittite period (~1650–1180 BCE) | Hittite]; KWU900 [Ur III (~2112–2004 BCE) | Administrative]; MZL877 [Standard Babylonian (any period) | Akkado-Babylonian]; PTACE029 [Early Dynastic (~2900–2340 BCE) | Ebla]; RSP122 [Early Dynastic (~2900–2340 BCE) | Presargonic Lagash]; SLLHA550 [Standard Babylonian (any period) | Akkado-Babylonian]
U+122D9,HUL₂,|ŠU₂.NISAG|,𒋙,Type_2,compound,|ŠU₂.NISAG|,1,𒋙𒉠,U+122D9; U+12260,LAK183 [Uruk IV–III (~3400–3000 BCE) | Archaic / Uruk]; ASY297 [Standard Babylonian (any period) | Akkadian syllabary]; ABZL425 [Old Babylonian (~2000–1600 BCE) | School texts]; ELLES108 [Early Dynastic (~2900–2340 BCE) | Ebla]; GCSL197 [Gudea period (~2100 BCE) | Lagash / Girsu]; HZL254 [Hittite period (~1650–1180 BCE) | Hittite]; KWU900 [Ur III (~2112–2004 BCE) | Administrative]; MZL877 [Standard Babylonian (any period) | Akkado-Babylonian]; PTACE029 [Early Dynastic (~2900–2340 BCE) | Ebla]; RSP122 [Early Dynastic (~2900–2340 BCE) | Presargonic Lagash]; SLLHA550 [Standard Babylonian (any period) | Akkado-Babylonian]
U+12260,HUL₂,|ŠU₂.NISAG|,𒉠,Type_2,compound,|ŠU₂.NISAG|,2,𒋙𒉠,U+122D9; U+12260,LAK183 [Uruk IV–III (~3400–3000 BCE) | Archaic / Uruk]; ASY297 [Standard Babylonian (any period) | Akkadian syllabary]; ABZL425 [Old Babylonian (~2000–1600 BCE) | School texts]; ELLES108 [Early Dynastic (~2900–2340 BCE) | Ebla]; GCSL197 [Gudea period (~2100 BCE) | Lagash / Girsu]; HZL254 [Hittite period (~1650–1180 BCE) | Hittite]; KWU900 [Ur III (~2112–2004 BCE) | Administrative]; MZL877 [Standard Babylonian (any period) | Akkado-Babylonian]; PTACE029 [Early Dynastic (~2900–2340 BCE) | Ebla]; RSP122 [Early Dynastic (~2900–2340 BCE) | Presargonic Lagash]; SLLHA550 [Standard Babylonian (any period) | Akkado-Babylonian]
U+122D9,HUL₂,|ŠU₂.RA|,𒋙,Type_2,compound,|ŠU₂.RA|,1,𒋙𒊏,U+122D9; U+1228F,LAK183 [Uruk IV–III (~3400–3000 BCE) | Archaic / Uruk]; ASY297 [Standard Babylonian (any period) | Akkadian syllabary]; ABZL425 [Old Babylonian (~2000–1600 BCE) | School texts]; ELLES108 [Early Dynastic (~2900–2340 BCE) | Ebla]; GCSL197 [Gudea period (~2100 BCE) | Lagash / Girsu]; HZL254 [Hittite period (~1650–1180 BCE) | Hittite]; KWU900 [Ur III (~2112–2004 BCE) | Administrative]; MZL877 [Standard Babylonian (any period) | Akkado-Babylonian]; PTACE029 [Early Dynastic (~2900–2340 BCE) | Ebla]; RSP122 [Early Dynastic (~2900–2340 BCE) | Presargonic Lagash]; SLLHA550 [Standard Babylonian (any period) | Akkado-Babylonian]
U+1228F,HUL₂,|ŠU₂.RA|,𒊏,Type_2,compound,|ŠU₂.RA|,2,𒋙𒊏,U+122D9; U+1228F,LAK183 [Uruk IV–III (~3400–3000 BCE) | Archaic / Uruk]; ASY297 [Standard Babylonian (any period) | Akkadian syllabary]; ABZL425 [Old Babylonian (~2000–1600 BCE) | School texts]; ELLES108 [Early Dynastic (~2900–2340 BCE) | Ebla]; GCSL197 [Gudea period (~2100 BCE) | Lagash / Girsu]; HZL254 [Hittite period (~1650–1180 BCE) | Hittite]; KWU900 [Ur III (~2112–2004 BCE) | Administrative]; MZL877 [Standard Babylonian (any period) | Akkado-Babylonian]; PTACE029 [Early Dynastic (~2900–2340 BCE) | Ebla]; RSP122 [Early Dynastic (~2900–2340 BCE) | Presargonic Lagash]; SLLHA550 [Standard Babylonian (any period) | Akkado-Babylonian]
U+1213F,I,I@t,𒄿,Type_3,I_v1,,,,,LAK135 [Uruk IV–III (~3400–3000 BCE) | Archaic / Uruk]; ASY103 [Standard Babylonian (any period) | Akkadian syllabary]; ABZL192 [Old Babylonian (~2000–1600 BCE) | School texts]; BAU085 [Early Dynastic (~2900–2340 BCE) | Lagash]; ELLES073 [Early Dynastic (~2900–2340 BCE) | Ebla]; HZL217 [Hittite period (~1650–1180 BCE) | Hittite]; KWU230 [Ur III (~2112–2004 BCE) | Administrative]; MZL252 [Standard Babylonian (any period) | Akkado-Babylonian]; PTACE091 [Early Dynastic (~2900–2340 BCE) | Ebla]; SLLHA142 [Standard Babylonian (any period) | Akkado-Babylonian]; SYA090 [Standard Babylonian (any period) | Akkadian syllabary]
U+12142,IDIM,BAD,𒅂,Type_3,IDIM_v1,,,,,LAK016 [Uruk IV–III (~3400–3000 BCE) | Archaic / Uruk]; ASY042 [Standard Babylonian (any period) | Akkadian syllabary]; BAU009 [Early Dynastic (~2900–2340 BCE) | Lagash]; ELLES009 [Early Dynastic (~2900–2340 BCE) | Ebla]; GCSL010 [Gudea period (~2100 BCE) | Lagash / Girsu]; GCSL209 [Gudea period (~2100 BCE) | Lagash / Girsu]; PTACE010 [Early Dynastic (~2900–2340 BCE) | Ebla]; RSP048bis [Early Dynastic (~2900–2340 BCE) | Presargonic Lagash]; LAK004 [Uruk IV–III (~3400–3000 BCE) | Archaic / Uruk]; ABZL025 [Old Babylonian (~2000–1600 BCE) | School texts]; MZL113b [Standard Babylonian (any period) | Akkado-Babylonian]; RSP048 [Early Dynastic (~2900–2340 BCE) | Presargonic Lagash]; SYA035 [Standard Babylonian (any period) | Akkadian syllabary]
U+12147,|IGI.DIB|,LAK433,𒅇,Type_3,IGIDIB_v1,,,,,LAK433 [Uruk IV–III (~3400–3000 BCE) | Archaic / Uruk]; LAK432 [Uruk IV–III (~3400–3000 BCE) | Archaic / Uruk]; ASY264 [Standard Babylonian (any period) | Akkadian syllabary]; ABZL239b [Old Babylonian (~2000–1600 BCE) | School texts]; ELLES225 [Early Dynastic (~2900–2340 BCE) | Ebla]; GCSL186 [Gudea period (~2100 BCE) | Lagash / Girsu]; HZL265 [Hittite period (~1650–1180 BCE) | Hittite]; MZL731 [Standard Babylonian (any period) | Akkado-Babylonian]; PTACE203 [Early Dynastic (~2900–2340 BCE) | Ebla]; RSP070 [Early Dynastic (~2900–2340 BCE) | Presargonic Lagash]; SLLHA455 [Standard Babylonian (any period) | Akkado-Babylonian]; SYA231 [Standard Babylonian (any period) | Akkadian syllabary]
U+12146,|IGI.E₂|,|IGI.KID|,𒅆,Type_2,compound,|IGI.KID|,1,𒅆𒆤,U+12146; U+121A4,LAK429 [Uruk IV–III (~3400–3000 BCE) | Archaic / Uruk]; ABZL236 [Old Babylonian (~2000–1600 BCE) | School texts]; GCSL184 [Gudea period (~2100 BCE) | Lagash / Girsu]; MZL728 [Standard Babylonian (any period) | Akkado-Babylonian]; SLLHA449_145 [Standard Babylonian (any period) | Akkado-Babylonian]
U+121A4,|IGI.E₂|,|IGI.KID|,𒆤,Type_2,compound,|IGI.KID|,2,𒅆𒆤,U+12146; U+121A4,LAK429 [Uruk IV–III (~3400–3000 BCE) | Archaic / Uruk]; ABZL236 [Old Babylonian (~2000–1600 BCE) | School texts]; GCSL184 [Gudea period (~2100 BCE) | Lagash / Girsu]; MZL728 [Standard Babylonian (any period) | Akkado-Babylonian]; SLLHA449_145 [Standard Babylonian (any period) | Akkado-Babylonian]
U+12146,|IGI.E₂|,|IGI.KISAL|,𒅆,Type_2,compound,|IGI.KISAL|,1,𒅆𒆦,U+12146; U+121A6,ABZL236 [Old Babylonian (~2000–1600 BCE) | School texts]; GCSL184 [Gudea period (~2100 BCE) | Lagash / Girsu]; MZL728 [Standard Babylonian (any period) | Akkado-Babylonian]; SLLHA449_145 [Standard Babylonian (any period) | Akkado-Babylonian]
U+121A6,|IGI.E₂|,|IGI.KISAL|,𒆦,Type_2,compound,|IGI.KISAL|,2,𒅆𒆦,U+12146; U+121A6,ABZL236 [Old Babylonian (~2000–1600 BCE) | School texts]; GCSL184 [Gudea period (~2100 BCE) | Lagash / Girsu]; MZL728 [Standard Babylonian (any period) | Akkado-Babylonian]; SLLHA449_145 [Standard Babylonian (any period) | Akkado-Babylonian]
U+12146,|IGI.EŠ₂|,|IGI.LU|,𒅆,Type_2,compound,|IGI.LU|,1,𒅆𒇻,U+12146; U+121FB,KWU568 [Ur III (~2112–2004 BCE) | Administrative]; LAK434 [Uruk IV–III (~3400–3000 BCE) | Archaic / Uruk]; ABZL239a [Old Babylonian (~2000–1600 BCE) | School texts]; BAU244 [Early Dynastic (~2900–2340 BCE) | Lagash]; HZL265 [Hittite period (~1650–1180 BCE) | Hittite]; MZL732 [Standard Babylonian (any period) | Akkado-Babylonian]; PTACE204 [Early Dynastic (~2900–2340 BCE) | Ebla]; SLLHA455 [Standard Babylonian (any period) | Akkado-Babylonian]
U+121FB,|IGI.EŠ₂|,|IGI.LU|,𒇻,Type_2,compound,|IGI.LU|,2,𒅆𒇻,U+12146; U+121FB,KWU568 [Ur III (~2112–2004 BCE) | Administrative]; LAK434 [Uruk IV–III (~3400–3000 BCE) | Archaic / Uruk]; ABZL239a [Old Babylonian (~2000–1600 BCE) | School texts]; BAU244 [Early Dynastic (~2900–2340 BCE) | Lagash]; HZL265 [Hittite period (~1650–1180 BCE) | Hittite]; MZL732 [Standard Babylonian (any period) | Akkado-Babylonian]; PTACE204 [Early Dynastic (~2900–2340 BCE) | Ebla]; SLLHA455 [Standard Babylonian (any period) | Akkado-Babylonian]
U+12146,|IGI.KAK|,|IGI.NI|,𒅆,Type_2,compound,|IGI.NI|,1,𒅆𒉌,U+12146; U+1224C,
U+1224C,|IGI.KAK|,|IGI.NI|,𒉌,Type_2,compound,|IGI.NI|,2,𒅆𒉌,U+12146; U+1224C,
,|IGI.NAGAR|,NAGAR,𒅆𒉄,Type_3,IGINAGAR_v1,,,,,LAK512 [Uruk IV–III (~3400–3000 BCE) | Archaic / Uruk]; ASY303a [Standard Babylonian (any period) | Akkadian syllabary]; BAU408 [Early Dynastic (~2900–2340 BCE) | Lagash]; ELLES267 [Early Dynastic (~2900–2340 BCE) | Ebla]; PTACE222 [Early Dynastic (~2900–2340 BCE) | Ebla]; RSP177 [Early Dynastic (~2900–2340 BCE) | Presargonic Lagash]
U+12146,|IGI.TUR.TUR|,|IGI.TUR|,𒅆,Type_2,compound,|IGI.TUR|,1,𒅆𒌉,U+12146; U+12309,
U+12309,|IGI.TUR.TUR|,|IGI.TUR|,𒌉,Type_2,compound,|IGI.TUR|,2,𒅆𒌉,U+12146; U+12309,
U+12192,IL₂,|KAD₄.SAG|,𒆒,Type_2,compound,|KAD₄.SAG|,1,𒆒𒊕,U+12192; U+12295,LAK172 [Uruk IV–III (~3400–3000 BCE) | Archaic / Uruk]; ASY171 [Standard Babylonian (any period) | Akkadian syllabary]; ABZL204 [Old Babylonian (~2000–1600 BCE) | School texts]; BAU412 [Early Dynastic (~2900–2340 BCE) | Lagash]; GCSL082 [Gudea period (~2100 BCE) | Lagash / Girsu]; HZL161 [Hittite period (~1650–1180 BCE) | Hittite]; KWU319 [Ur III (~2112–2004 BCE) | Administrative]; MZL493 [Standard Babylonian (any period) | Akkado-Babylonian]; PTACE113 [Early Dynastic (~2900–2340 BCE) | Ebla]; RSP432 [Early Dynastic (~2900–2340 BCE) | Presargonic Lagash]; SLLHA320 [Standard Babylonian (any period) | Akkado-Babylonian]; SYA149 [Standard Babylonian (any period) | Akkadian syllabary]
U+12295,IL₂,|KAD₄.SAG|,𒊕,Type_2,compound,|KAD₄.SAG|,2,𒆒𒊕,U+12192; U+12295,LAK172 [Uruk IV–III (~3400–3000 BCE) | Archaic / Uruk]; ASY171 [Standard Babylonian (any period) | Akkadian syllabary]; ABZL204 [Old Babylonian (~2000–1600 BCE) | School texts]; BAU412 [Early Dynastic (~2900–2340 BCE) | Lagash]; GCSL082 [Gudea period (~2100 BCE) | Lagash / Girsu]; HZL161 [Hittite period (~1650–1180 BCE) | Hittite]; KWU319 [Ur III (~2112–2004 BCE) | Administrative]; MZL493 [Standard Babylonian (any period) | Akkado-Babylonian]; PTACE113 [Early Dynastic (~2900–2340 BCE) | Ebla]; RSP432 [Early Dynastic (~2900–2340 BCE) | Presargonic Lagash]; SLLHA320 [Standard Babylonian (any period) | Akkado-Babylonian]; SYA149 [Standard Babylonian (any period) | Akkadian syllabary]
U+12561 [unverified],ILIMMU,9(DIŠ@c),𒕡,Type_1,ILIMMU_v1,,,,,ABZL480 [Old Babylonian (~2000–1600 BCE) | School texts]; HZL375 [Hittite period (~1650–1180 BCE) | Hittite]; MZL868 [Standard Babylonian (any period) | Akkado-Babylonian]; SLLHA598e [Standard Babylonian (any period) | Akkado-Babylonian]
U+1214E,IM,NI₂,𒅎,Type_3,IM_v1,,,,,LAK377 [Uruk IV–III (~3400–3000 BCE) | Archaic / Uruk]; BAU389 [Early Dynastic (~2900–2340 BCE) | Lagash]; GCSL163 [Gudea period (~2100 BCE) | Lagash / Girsu]; LAK376 [Uruk IV–III (~3400–3000 BCE) | Archaic / Uruk]; ASY236 [Standard Babylonian (any period) | Akkadian syllabary]; ABZL297 [Old Babylonian (~2000–1600 BCE) | School texts]; BAU388 [Early Dynastic (~2900–2340 BCE) | Lagash]; ELLES205 [Early Dynastic (~2900–2340 BCE) | Ebla]; HZL337 [Hittite period (~1650–1180 BCE) | Hittite]; KWU476 [Ur III (~2112–2004 BCE) | Administrative]; MZL641 [Standard Babylonian (any period) | Akkado-Babylonian]; PTACE184 [Early Dynastic (~2900–2340 BCE) | Ebla]; RSP331 [Early Dynastic (~2900–2340 BCE) | Presargonic Lagash]; SLLHA399 [Standard Babylonian (any period) | Akkado-Babylonian]; SYA207 [Standard Babylonian (any period) | Akkadian syllabary]
U+1214E,|IM×TAK₄|,|IM.TAK₄|,𒅎,Type_2,compound,|IM.TAK₄|,1,𒅎𒋺,U+1214E; U+122FA,LAK378 [Uruk IV–III (~3400–3000 BCE) | Archaic / Uruk]; KWU477 [Ur III (~2112–2004 BCE) | Administrative]; MZL642 [Standard Babylonian (any period) | Akkado-Babylonian]; RSP332 [Early Dynastic (~2900–2340 BCE) | Presargonic Lagash]; SLLHA399_51 [Standard Babylonian (any period) | Akkado-Babylonian]
U+122FA,|IM×TAK₄|,|IM.TAK₄|,𒋺,Type_2,compound,|IM.TAK₄|,2,𒅎𒋺,U+1214E; U+122FA,LAK378 [Uruk IV–III (~3400–3000 BCE) | Archaic / Uruk]; KWU477 [Ur III (~2112–2004 BCE) | Administrative]; MZL642 [Standard Babylonian (any period) | Akkado-Babylonian]; RSP332 [Early Dynastic (~2900–2340 BCE) | Presargonic Lagash]; SLLHA399_51 [Standard Babylonian (any period) | Akkado-Babylonian]
U+12150,|IM%IM|,|IM&IM|,𒅐,Type_3,IMIM_v1,,,,,SLLHA399xn [Standard Babylonian (any period) | Akkado-Babylonian]
U+1234F,|IŠ.UD.KA.BAR|,|URUDA.IŠ|,𒍏,Type_2,compound,|URUDA.IŠ|,1,𒍏𒅖,U+1234F; U+12156,
U+12156,|IŠ.UD.KA.BAR|,|URUDA.IŠ|,𒅖,Type_2,compound,|URUDA.IŠ|,2,𒍏𒅖,U+1234F; U+12156,
U+12187,KA,|KA×U|,𒆇,Type_1,KA_v1,,,,,LAK319 [Uruk IV–III (~3400–3000 BCE) | Archaic / Uruk]; HZL141 [Hittite period (~1650–1180 BCE) | Hittite]; MZL056 [Standard Babylonian (any period) | Akkado-Babylonian]; SLLHA031n1 [Standard Babylonian (any period) | Akkado-Babylonian]; LAK318 [Uruk IV–III (~3400–3000 BCE) | Archaic / Uruk]; ASY015 [Standard Babylonian (any period) | Akkadian syllabary]; ABZL312 [Old Babylonian (~2000–1600 BCE) | School texts]; BAU233 [Early Dynastic (~2900–2340 BCE) | Lagash]; ELLES182 [Early Dynastic (~2900–2340 BCE) | Ebla]; GCSL141 [Gudea period (~2100 BCE) | Lagash / Girsu]; HZL133 [Hittite period (~1650–1180 BCE) | Hittite]; KWU414 [Ur III (~2112–2004 BCE) | Administrative]; MZL024 [Standard Babylonian (any period) | Akkado-Babylonian]; PTACE167 [Early Dynastic (~2900–2340 BCE) | Ebla]; RSP197 [Early Dynastic (~2900–2340 BCE) | Presargonic Lagash]; SLLHA015 [Standard Babylonian (any period) | Akkado-Babylonian]; SYA013 [Standard Babylonian (any period) | Akkadian syllabary]
U+12189,KA,|KA×UD|,𒆉,Type_1,KA_v2,,,,,HZL143 [Hittite period (~1650–1180 BCE) | Hittite]; MZL051 [Standard Babylonian (any period) | Akkado-Babylonian]; SLLHA028 [Standard Babylonian (any period) | Akkado-Babylonian]; LAK318 [Uruk IV–III (~3400–3000 BCE) | Archaic / Uruk]; ASY015 [Standard Babylonian (any period) | Akkadian syllabary]; ABZL312 [Old Babylonian (~2000–1600 BCE) | School texts]; BAU233 [Early Dynastic (~2900–2340 BCE) | Lagash]; ELLES182 [Early Dynastic (~2900–2340 BCE) | Ebla]; GCSL141 [Gudea period (~2100 BCE) | Lagash / Girsu]; HZL133 [Hittite period (~1650–1180 BCE) | Hittite]; KWU414 [Ur III (~2112–2004 BCE) | Administrative]; MZL024 [Standard Babylonian (any period) | Akkado-Babylonian]; PTACE167 [Early Dynastic (~2900–2340 BCE) | Ebla]; RSP197 [Early Dynastic (~2900–2340 BCE) | Presargonic Lagash]; SLLHA015 [Standard Babylonian (any period) | Akkado-Babylonian]; SYA013 [Standard Babylonian (any period) | Akkadian syllabary]
U+12157,|KA.NU|,|KA.NUN|,𒅗,Type_2,compound,|KA.NUN|,1,𒅗𒉣,U+12157; U+12263,
U+12263,|KA.NU|,|KA.NUN|,𒉣,Type_2,compound,|KA.NUN|,2,𒅗𒉣,U+12157; U+12263,
U+12157,|KA×(AD.KU₃)|,|KA.AD.KU₃|,𒅗,Type_2,compound,|KA.AD.KU₃|,1,𒅗𒀜𒆬,U+12157; U+1201C; U+121AC,MZL034 [Standard Babylonian (any period) | Akkado-Babylonian]; SLLHA020 [Standard Babylonian (any period) | Akkado-Babylonian]
U+1201C,|KA×(AD.KU₃)|,|KA.AD.KU₃|,𒀜,Type_2,compound,|KA.AD.KU₃|,2,𒅗𒀜𒆬,U+12157; U+1201C; U+121AC,MZL034 [Standard Babylonian (any period) | Akkado-Babylonian]; SLLHA020 [Standard Babylonian (any period) | Akkado-Babylonian]
U+121AC,|KA×(AD.KU₃)|,|KA.AD.KU₃|,𒆬,Type_2,compound,|KA.AD.KU₃|,3,𒅗𒀜𒆬,U+12157; U+1201C; U+121AC,MZL034 [Standard Babylonian (any period) | Akkado-Babylonian]; SLLHA020 [Standard Babylonian (any period) | Akkado-Babylonian]
U+1215D,|KA×BALAG|,KA,𒅝,Type_3,KABALAG_v1,,,,,LAK318 [Uruk IV–III (~3400–3000 BCE) | Archaic / Uruk]; ASY015 [Standard Babylonian (any period) | Akkadian syllabary]; BAU233 [Early Dynastic (~2900–2340 BCE) | Lagash]; ELLES182 [Early Dynastic (~2900–2340 BCE) | Ebla]; GCSL141 [Gudea period (~2100 BCE) | Lagash / Girsu]; PTACE167 [Early Dynastic (~2900–2340 BCE) | Ebla]; RSP197 [Early Dynastic (~2900–2340 BCE) | Presargonic Lagash]; ABZL317 [Old Babylonian (~2000–1600 BCE) | School texts]; MZL047 [Standard Babylonian (any period) | Akkado-Babylonian]; SLLHA025b [Standard Babylonian (any period) | Akkado-Babylonian]
U+12163,|KA×GAL|,|KA×(A.GAL)|,𒅣,Type_3,KAGAL_v1,,,,,
U+12164,|KA×GAN₂@t|,|KA×GAN₂|,𒅤,Type_3,KAGANT_v1,,,,,RSP206 [Early Dynastic (~2900–2340 BCE) | Presargonic Lagash]; LAK324 [Uruk IV–III (~3400–3000 BCE) | Archaic / Uruk]; ASY017^b [Standard Babylonian (any period) | Akkadian syllabary]; ABZL321 [Old Babylonian (~2000–1600 BCE) | School texts]; BAU234 [Early Dynastic (~2900–2340 BCE) | Lagash]; ELLES186 [Early Dynastic (~2900–2340 BCE) | Ebla]; GCSL144 [Gudea period (~2100 BCE) | Lagash / Girsu]; GCSL145 [Gudea period (~2100 BCE) | Lagash / Girsu]; KWU428 [Ur III (~2112–2004 BCE) | Administrative]; MZL033 [Standard Babylonian (any period) | Akkado-Babylonian]; PTACE168 [Early Dynastic (~2900–2340 BCE) | Ebla]; SLLHA019 [Standard Babylonian (any period) | Akkado-Babylonian]; SYA014 [Standard Babylonian (any period) | Akkadian syllabary]
U+12164,|KA×GAN₂@t|,|KA×ŠU|,𒅤,Type_3,KAGANT_v1,,,,,LAK323 [Uruk IV–III (~3400–3000 BCE) | Archaic / Uruk]; ASY017 [Standard Babylonian (any period) | Akkadian syllabary]; ELLES183 [Early Dynastic (~2900–2340 BCE) | Ebla]; GCSL143 [Gudea period (~2100 BCE) | Lagash / Girsu]; RSP201 [Early Dynastic (~2900–2340 BCE) | Presargonic Lagash]; LAK324 [Uruk IV–III (~3400–3000 BCE) | Archaic / Uruk]; ASY017^b [Standard Babylonian (any period) | Akkadian syllabary]; ABZL321 [Old Babylonian (~2000–1600 BCE) | School texts]; BAU234 [Early Dynastic (~2900–2340 BCE) | Lagash]; ELLES186 [Early Dynastic (~2900–2340 BCE) | Ebla]; GCSL144 [Gudea period (~2100 BCE) | Lagash / Girsu]; GCSL145 [Gudea period (~2100 BCE) | Lagash / Girsu]; KWU428 [Ur III (~2112–2004 BCE) | Administrative]; MZL033 [Standard Babylonian (any period) | Akkado-Babylonian]; PTACE168 [Early Dynastic (~2900–2340 BCE) | Ebla]; SLLHA019 [Standard Babylonian (any period) | Akkado-Babylonian]; SYA014 [Standard Babylonian (any period) | Akkadian syllabary]
U+12164,|KA×GAN₂@t|,|SAG×GAN₂@t|,𒅤,Type_3,KAGANT_v1,,,,,LAK324 [Uruk IV–III (~3400–3000 BCE) | Archaic / Uruk]; ASY017^b [Standard Babylonian (any period) | Akkadian syllabary]; ABZL321 [Old Babylonian (~2000–1600 BCE) | School texts]; BAU234 [Early Dynastic (~2900–2340 BCE) | Lagash]; ELLES186 [Early Dynastic (~2900–2340 BCE) | Ebla]; GCSL144 [Gudea period (~2100 BCE) | Lagash / Girsu]; GCSL145 [Gudea period (~2100 BCE) | Lagash / Girsu]; KWU428 [Ur III (~2112–2004 BCE) | Administrative]; MZL033 [Standard Babylonian (any period) | Akkado-Babylonian]; PTACE168 [Early Dynastic (~2900–2340 BCE) | Ebla]; SLLHA019 [Standard Babylonian (any period) | Akkado-Babylonian]; SYA014 [Standard Babylonian (any period) | Akkadian syllabary]
,|KA×GAN₂@t.ŠA|,|KA×(GAN₂@t.ŠA)|,𒅤𒊭,Type_3,KAGANTSA_v1,,,,,RSP202 [Early Dynastic (~2900–2340 BCE) | Presargonic Lagash]; RSP202^a [Early Dynastic (~2900–2340 BCE) | Presargonic Lagash]
U+12183,|KA×GAN₂@t.ŠA|,|KA×ŠU.ŠA|,𒆃,Type_2,compound,|KA×ŠU.ŠA|,1,𒆃𒊭,U+12183; U+122AD,RSP202^a [Early Dynastic (~2900–2340 BCE) | Presargonic Lagash]
U+122AD,|KA×GAN₂@t.ŠA|,|KA×ŠU.ŠA|,𒊭,Type_2,compound,|KA×ŠU.ŠA|,2,𒆃𒊭,U+12183; U+122AD,RSP202^a [Early Dynastic (~2900–2340 BCE) | Presargonic Lagash]
U+12165,|KA×GAR|,KA,𒅥,Type_3,KAGAR_v1,,,,,LAK318 [Uruk IV–III (~3400–3000 BCE) | Archaic / Uruk]; ASY015 [Standard Babylonian (any period) | Akkadian syllabary]; BAU233 [Early Dynastic (~2900–2340 BCE) | Lagash]; ELLES182 [Early Dynastic (~2900–2340 BCE) | Ebla]; GCSL141 [Gudea period (~2100 BCE) | Lagash / Girsu]; PTACE167 [Early Dynastic (~2900–2340 BCE) | Ebla]; RSP197 [Early Dynastic (~2900–2340 BCE) | Presargonic Lagash]; LAK330 [Uruk IV–III (~3400–3000 BCE) | Archaic / Uruk]; ABZL329 [Old Babylonian (~2000–1600 BCE) | School texts]; BAU231 [Early Dynastic (~2900–2340 BCE) | Lagash]; GCSL146 [Gudea period (~2100 BCE) | Lagash / Girsu]; HZL149 [Hittite period (~1650–1180 BCE) | Hittite]; KWU425 [Ur III (~2112–2004 BCE) | Administrative]; MZL065 [Standard Babylonian (any period) | Akkado-Babylonian]; PTACE170 [Early Dynastic (~2900–2340 BCE) | Ebla]; RSP200 [Early Dynastic (~2900–2340 BCE) | Presargonic Lagash]; SLLHA036 [Standard Babylonian (any period) | Akkado-Babylonian]
U+12157,|KA×GAR|,|KA.GAR|,𒅗,Type_2,compound,|KA.GAR|,1,𒅗𒃻,U+12157; U+120FB,LAK330 [Uruk IV–III (~3400–3000 BCE) | Archaic / Uruk]; ABZL329 [Old Babylonian (~2000–1600 BCE) | School texts]; BAU231 [Early Dynastic (~2900–2340 BCE) | Lagash]; GCSL146 [Gudea period (~2100 BCE) | Lagash / Girsu]; HZL149 [Hittite period (~1650–1180 BCE) | Hittite]; KWU425 [Ur III (~2112–2004 BCE) | Administrative]; MZL065 [Standard Babylonian (any period) | Akkado-Babylonian]; PTACE170 [Early Dynastic (~2900–2340 BCE) | Ebla]; RSP200 [Early Dynastic (~2900–2340 BCE) | Presargonic Lagash]; SLLHA036 [Standard Babylonian (any period) | Akkado-Babylonian]
U+120FB,|KA×GAR|,|KA.GAR|,𒃻,Type_2,compound,|KA.GAR|,2,𒅗𒃻,U+12157; U+120FB,LAK330 [Uruk IV–III (~3400–3000 BCE) | Archaic / Uruk]; ABZL329 [Old Babylonian (~2000–1600 BCE) | School texts]; BAU231 [Early Dynastic (~2900–2340 BCE) | Lagash]; GCSL146 [Gudea period (~2100 BCE) | Lagash / Girsu]; HZL149 [Hittite period (~1650–1180 BCE) | Hittite]; KWU425 [Ur III (~2112–2004 BCE) | Administrative]; MZL065 [Standard Babylonian (any period) | Akkado-Babylonian]; PTACE170 [Early Dynastic (~2900–2340 BCE) | Ebla]; RSP200 [Early Dynastic (~2900–2340 BCE) | Presargonic Lagash]; SLLHA036 [Standard Babylonian (any period) | Akkado-Babylonian]
U+12165,|KA×GAR|,|KA×(GI%GI)|,𒅥,Type_3,KAGAR_v1,,,,,LAK330 [Uruk IV–III (~3400–3000 BCE) | Archaic / Uruk]; ABZL329 [Old Babylonian (~2000–1600 BCE) | School texts]; BAU231 [Early Dynastic (~2900–2340 BCE) | Lagash]; GCSL146 [Gudea period (~2100 BCE) | Lagash / Girsu]; HZL149 [Hittite period (~1650–1180 BCE) | Hittite]; KWU425 [Ur III (~2112–2004 BCE) | Administrative]; MZL065 [Standard Babylonian (any period) | Akkado-Babylonian]; PTACE170 [Early Dynastic (~2900–2340 BCE) | Ebla]; RSP200 [Early Dynastic (~2900–2340 BCE) | Presargonic Lagash]; SLLHA036 [Standard Babylonian (any period) | Akkado-Babylonian]
U+12157,|KA×(GIŠ%GIŠ)|,|KA.GIŠ%GIŠ|,𒅗,Type_2,compound,|KA.GIŠ%GIŠ|,1,𒅗𒄒,U+12157; U+12112,MZL037 [Standard Babylonian (any period) | Akkado-Babylonian]; SLLHA023 [Standard Babylonian (any period) | Akkado-Babylonian]
U+12112,|KA×(GIŠ%GIŠ)|,|KA.GIŠ%GIŠ|,𒄒,Type_2,compound,|KA.GIŠ%GIŠ|,2,𒅗𒄒,U+12157; U+12112,MZL037 [Standard Babylonian (any period) | Akkado-Babylonian]; SLLHA023 [Standard Babylonian (any period) | Akkado-Babylonian]
U+12157,|KA×IM|,|KA.IM|,𒅗,Type_2,compound,|KA.IM|,1,𒅗𒅎,U+12157; U+1214E,LAK326 [Uruk IV–III (~3400–3000 BCE) | Archaic / Uruk]; ABZL322 [Old Babylonian (~2000–1600 BCE) | School texts]; HZL144 [Hittite period (~1650–1180 BCE) | Hittite]; KWU421 [Ur III (~2112–2004 BCE) | Administrative]; MZL054 [Standard Babylonian (any period) | Akkado-Babylonian]; RSP203 [Early Dynastic (~2900–2340 BCE) | Presargonic Lagash]; SLLHA030 [Standard Babylonian (any period) | Akkado-Babylonian]
U+1214E,|KA×IM|,|KA.IM|,𒅎,Type_2,compound,|KA.IM|,2,𒅗𒅎,U+12157; U+1214E,LAK326 [Uruk IV–III (~3400–3000 BCE) | Archaic / Uruk]; ABZL322 [Old Babylonian (~2000–1600 BCE) | School texts]; HZL144 [Hittite period (~1650–1180 BCE) | Hittite]; KWU421 [Ur III (~2112–2004 BCE) | Administrative]; MZL054 [Standard Babylonian (any period) | Akkado-Babylonian]; RSP203 [Early Dynastic (~2900–2340 BCE) | Presargonic Lagash]; SLLHA030 [Standard Babylonian (any period) | Akkado-Babylonian]
U+1216E,|KA×IM|,|LAK648×IM|,𒅮,Type_3,KAIM_v1,,,,,LAK326 [Uruk IV–III (~3400–3000 BCE) | Archaic / Uruk]; ABZL322 [Old Babylonian (~2000–1600 BCE) | School texts]; HZL144 [Hittite period (~1650–1180 BCE) | Hittite]; KWU421 [Ur III (~2112–2004 BCE) | Administrative]; MZL054 [Standard Babylonian (any period) | Akkado-Babylonian]; RSP203 [Early Dynastic (~2900–2340 BCE) | Presargonic Lagash]; SLLHA030 [Standard Babylonian (any period) | Akkado-Babylonian]
U+12157,|KA×LI|,|KA.LI|,𒅗,Type_2,compound,|KA.LI|,1,𒅗𒇷,U+12157; U+121F7,ABZL325 [Old Babylonian (~2000–1600 BCE) | School texts]; HZL146 [Hittite period (~1650–1180 BCE) | Hittite]; MZL026 [Standard Babylonian (any period) | Akkado-Babylonian]; SLLHA016 [Standard Babylonian (any period) | Akkado-Babylonian]
U+121F7,|KA×LI|,|KA.LI|,𒇷,Type_2,compound,|KA.LI|,2,𒅗𒇷,U+12157; U+121F7,ABZL325 [Old Babylonian (~2000–1600 BCE) | School texts]; HZL146 [Hittite period (~1650–1180 BCE) | Hittite]; MZL026 [Standard Babylonian (any period) | Akkado-Babylonian]; SLLHA016 [Standard Babylonian (any period) | Akkado-Babylonian]
U+12180,|KA×LI|,|KA×ŠA|,𒆀,Type_1,KALI_v1,,,,,KWU419 [Ur III (~2112–2004 BCE) | Administrative]; ABZL325 [Old Babylonian (~2000–1600 BCE) | School texts]; HZL146 [Hittite period (~1650–1180 BCE) | Hittite]; MZL026 [Standard Babylonian (any period) | Akkado-Babylonian]; SLLHA016 [Standard Babylonian (any period) | Akkado-Babylonian]
U+12157,|KA×LUM|,|KA.LUM|,𒅗,Type_2,compound,|KA.LUM|,1,𒅗𒈝,U+12157; U+1221D,HZL142 [Hittite period (~1650–1180 BCE) | Hittite]; MZL070 [Standard Babylonian (any period) | Akkado-Babylonian]
U+1221D,|KA×LUM|,|KA.LUM|,𒈝,Type_2,compound,|KA.LUM|,2,𒅗𒈝,U+12157; U+1221D,HZL142 [Hittite period (~1650–1180 BCE) | Hittite]; MZL070 [Standard Babylonian (any period) | Akkado-Babylonian]
U+12157,|KA×ME|,|KA.ME|,𒅗,Type_2,compound,|KA.ME|,1,𒅗𒈨,U+12157; U+12228,LAK334 [Uruk IV–III (~3400–3000 BCE) | Archaic / Uruk]; ASY019 [Standard Babylonian (any period) | Akkadian syllabary]; ABZL326 [Old Babylonian (~2000–1600 BCE) | School texts]; ELLES187 [Early Dynastic (~2900–2340 BCE) | Ebla]; GCSL147 [Gudea period (~2100 BCE) | Lagash / Girsu]; HZL147 [Hittite period (~1650–1180 BCE) | Hittite]; KWU426 [Ur III (~2112–2004 BCE) | Administrative]; MZL061 [Standard Babylonian (any period) | Akkado-Babylonian]; PTACE171 [Early Dynastic (~2900–2340 BCE) | Ebla]; RSP198 [Early Dynastic (~2900–2340 BCE) | Presargonic Lagash]; SLLHA032 [Standard Babylonian (any period) | Akkado-Babylonian]
U+12228,|KA×ME|,|KA.ME|,𒈨,Type_2,compound,|KA.ME|,2,𒅗𒈨,U+12157; U+12228,LAK334 [Uruk IV–III (~3400–3000 BCE) | Archaic / Uruk]; ASY019 [Standard Babylonian (any period) | Akkadian syllabary]; ABZL326 [Old Babylonian (~2000–1600 BCE) | School texts]; ELLES187 [Early Dynastic (~2900–2340 BCE) | Ebla]; GCSL147 [Gudea period (~2100 BCE) | Lagash / Girsu]; HZL147 [Hittite period (~1650–1180 BCE) | Hittite]; KWU426 [Ur III (~2112–2004 BCE) | Administrative]; MZL061 [Standard Babylonian (any period) | Akkado-Babylonian]; PTACE171 [Early Dynastic (~2900–2340 BCE) | Ebla]; RSP198 [Early Dynastic (~2900–2340 BCE) | Presargonic Lagash]; SLLHA032 [Standard Babylonian (any period) | Akkado-Babylonian]
U+12157,|KA×NE|,|KA.NE|,𒅗,Type_2,compound,|KA.NE|,1,𒅗𒉈,U+12157; U+12248,ABZL313 [Old Babylonian (~2000–1600 BCE) | School texts]; MZL035 [Standard Babylonian (any period) | Akkado-Babylonian]; SLLHA022x [Standard Babylonian (any period) | Akkado-Babylonian]
U+12248,|KA×NE|,|KA.NE|,𒉈,Type_2,compound,|KA.NE|,2,𒅗𒉈,U+12157; U+12248,ABZL313 [Old Babylonian (~2000–1600 BCE) | School texts]; MZL035 [Standard Babylonian (any period) | Akkado-Babylonian]; SLLHA022x [Standard Babylonian (any period) | Akkado-Babylonian]
U+12164,|KA×SA|,|KA×GAN₂@t|,𒅤,Type_1,KASA_v2,,,,,LAK324 [Uruk IV–III (~3400–3000 BCE) | Archaic / Uruk]; ASY017^b [Standard Babylonian (any period) | Akkadian syllabary]; ABZL321 [Old Babylonian (~2000–1600 BCE) | School texts]; BAU234 [Early Dynastic (~2900–2340 BCE) | Lagash]; ELLES186 [Early Dynastic (~2900–2340 BCE) | Ebla]; GCSL144 [Gudea period (~2100 BCE) | Lagash / Girsu]; GCSL145 [Gudea period (~2100 BCE) | Lagash / Girsu]; KWU428 [Ur III (~2112–2004 BCE) | Administrative]; MZL033 [Standard Babylonian (any period) | Akkado-Babylonian]; SLLHA019 [Standard Babylonian (any period) | Akkado-Babylonian]; LAK333 [Uruk IV–III (~3400–3000 BCE) | Archaic / Uruk]; ABZL316 [Old Babylonian (~2000–1600 BCE) | School texts]; ELLES185 [Early Dynastic (~2900–2340 BCE) | Ebla]; HZL136 [Hittite period (~1650–1180 BCE) | Hittite]; KWU429 [Ur III (~2112–2004 BCE) | Administrative]; MZL032 [Standard Babylonian (any period) | Akkado-Babylonian]; PTACE169 [Early Dynastic (~2900–2340 BCE) | Ebla]; SLLHA018x [Standard Babylonian (any period) | Akkado-Babylonian]
U+1217E,|KA×SA|,|KA×(U.U.U)|,𒅾,Type_3,KASA_v1,,,,,LAK328 [Uruk IV–III (~3400–3000 BCE) | Archaic / Uruk]; LAK333 [Uruk IV–III (~3400–3000 BCE) | Archaic / Uruk]; ABZL316 [Old Babylonian (~2000–1600 BCE) | School texts]; ELLES185 [Early Dynastic (~2900–2340 BCE) | Ebla]; HZL136 [Hittite period (~1650–1180 BCE) | Hittite]; KWU429 [Ur III (~2112–2004 BCE) | Administrative]; MZL032 [Standard Babylonian (any period) | Akkado-Babylonian]; PTACE169 [Early Dynastic (~2900–2340 BCE) | Ebla]; SLLHA018x [Standard Babylonian (any period) | Akkado-Babylonian]
U+1217E,|KA×SA|,LAK328,𒅾,Type_3,KASA_v1,,,,,LAK333 [Uruk IV–III (~3400–3000 BCE) | Archaic / Uruk]; ABZL316 [Old Babylonian (~2000–1600 BCE) | School texts]; ELLES185 [Early Dynastic (~2900–2340 BCE) | Ebla]; HZL136 [Hittite period (~1650–1180 BCE) | Hittite]; KWU429 [Ur III (~2112–2004 BCE) | Administrative]; MZL032 [Standard Babylonian (any period) | Akkado-Babylonian]; PTACE169 [Early Dynastic (~2900–2340 BCE) | Ebla]; SLLHA018x [Standard Babylonian (any period) | Akkado-Babylonian]
U+1217E,|KA×SA|,LAK332,𒅾,Type_3,KASA_v1,,,,,LAK332 [Uruk IV–III (~3400–3000 BCE) | Archaic / Uruk]; LAK333 [Uruk IV–III (~3400–3000 BCE) | Archaic / Uruk]; ABZL316 [Old Babylonian (~2000–1600 BCE) | School texts]; ELLES185 [Early Dynastic (~2900–2340 BCE) | Ebla]; HZL136 [Hittite period (~1650–1180 BCE) | Hittite]; KWU429 [Ur III (~2112–2004 BCE) | Administrative]; MZL032 [Standard Babylonian (any period) | Akkado-Babylonian]; PTACE169 [Early Dynastic (~2900–2340 BCE) | Ebla]; SLLHA018x [Standard Babylonian (any period) | Akkado-Babylonian]
U+12157,|KA×SAR|,|KA.SAR|,𒅗,Type_2,compound,|KA.SAR|,1,𒅗𒊬,U+12157; U+122AC,LAK325 [Uruk IV–III (~3400–3000 BCE) | Archaic / Uruk]; ABZL324 [Old Babylonian (~2000–1600 BCE) | School texts]; BAU235 [Early Dynastic (~2900–2340 BCE) | Lagash]; KWU424 [Ur III (~2112–2004 BCE) | Administrative]; MZL045 [Standard Babylonian (any period) | Akkado-Babylonian]; RSP207 [Early Dynastic (~2900–2340 BCE) | Presargonic Lagash]; SLLHA021 [Standard Babylonian (any period) | Akkado-Babylonian]
U+122AC,|KA×SAR|,|KA.SAR|,𒊬,Type_2,compound,|KA.SAR|,2,𒅗𒊬,U+12157; U+122AC,LAK325 [Uruk IV–III (~3400–3000 BCE) | Archaic / Uruk]; ABZL324 [Old Babylonian (~2000–1600 BCE) | School texts]; BAU235 [Early Dynastic (~2900–2340 BCE) | Lagash]; KWU424 [Ur III (~2112–2004 BCE) | Administrative]; MZL045 [Standard Babylonian (any period) | Akkado-Babylonian]; RSP207 [Early Dynastic (~2900–2340 BCE) | Presargonic Lagash]; SLLHA021 [Standard Babylonian (any period) | Akkado-Babylonian]
U+122BA,|KA×ŠE|,|ŠE.KA|,𒊺,Type_2,compound,|ŠE.KA|,1,𒊺𒅗,U+122BA; U+12157,LAK322 [Uruk IV–III (~3400–3000 BCE) | Archaic / Uruk]; ABZL323 [Old Babylonian (~2000–1600 BCE) | School texts]; HZL145 [Hittite period (~1650–1180 BCE) | Hittite]; KWU423 [Ur III (~2112–2004 BCE) | Administrative]; MZL050 [Standard Babylonian (any period) | Akkado-Babylonian]; RSP205 [Early Dynastic (~2900–2340 BCE) | Presargonic Lagash]; SLLHA027 [Standard Babylonian (any period) | Akkado-Babylonian]
U+12157,|KA×ŠE|,|ŠE.KA|,𒅗,Type_2,compound,|ŠE.KA|,2,𒊺𒅗,U+122BA; U+12157,LAK322 [Uruk IV–III (~3400–3000 BCE) | Archaic / Uruk]; ABZL323 [Old Babylonian (~2000–1600 BCE) | School texts]; HZL145 [Hittite period (~1650–1180 BCE) | Hittite]; KWU423 [Ur III (~2112–2004 BCE) | Administrative]; MZL050 [Standard Babylonian (any period) | Akkado-Babylonian]; RSP205 [Early Dynastic (~2900–2340 BCE) | Presargonic Lagash]; SLLHA027 [Standard Babylonian (any period) | Akkado-Babylonian]
U+12164,|KA×ŠU|,|KA×GAN₂@t|,𒅤,Type_1,KASU_v1,,,,,LAK324 [Uruk IV–III (~3400–3000 BCE) | Archaic / Uruk]; ASY017^b [Standard Babylonian (any period) | Akkadian syllabary]; BAU234 [Early Dynastic (~2900–2340 BCE) | Lagash]; ELLES186 [Early Dynastic (~2900–2340 BCE) | Ebla]; GCSL144 [Gudea period (~2100 BCE) | Lagash / Girsu]; GCSL145 [Gudea period (~2100 BCE) | Lagash / Girsu]; LAK323 [Uruk IV–III (~3400–3000 BCE) | Archaic / Uruk]; ASY017 [Standard Babylonian (any period) | Akkadian syllabary]; ABZL320 [Old Babylonian (~2000–1600 BCE) | School texts]; ELLES183 [Early Dynastic (~2900–2340 BCE) | Ebla]; GCSL143 [Gudea period (~2100 BCE) | Lagash / Girsu]; KWU418 [Ur III (~2112–2004 BCE) | Administrative]; MZL049 [Standard Babylonian (any period) | Akkado-Babylonian]; RSP201 [Early Dynastic (~2900–2340 BCE) | Presargonic Lagash]; SLLHA026 [Standard Babylonian (any period) | Akkado-Babylonian]
U+12183,|KA×ŠU|,|SAG×ŠU|,𒆃,Type_3,KASU_v2,,,,,LAK323 [Uruk IV–III (~3400–3000 BCE) | Archaic / Uruk]; ASY017 [Standard Babylonian (any period) | Akkadian syllabary]; ABZL320 [Old Babylonian (~2000–1600 BCE) | School texts]; ELLES183 [Early Dynastic (~2900–2340 BCE) | Ebla]; GCSL143 [Gudea period (~2100 BCE) | Lagash / Girsu]; KWU418 [Ur III (~2112–2004 BCE) | Administrative]; MZL049 [Standard Babylonian (any period) | Akkado-Babylonian]; RSP201 [Early Dynastic (~2900–2340 BCE) | Presargonic Lagash]; SLLHA026 [Standard Babylonian (any period) | Akkado-Babylonian]
U+12157,|KA×TAR|,|KA.TAR|,𒅗,Type_2,compound,|KA.TAR|,1,𒅗𒋻,U+12157; U+122FB,
U+122FB,|KA×TAR|,|KA.TAR|,𒋻,Type_2,compound,|KA.TAR|,2,𒅗𒋻,U+12157; U+122FB,
U+12157,|KA×X|,|KA.X|,𒅗,Type_2,compound,|KA.X|,1,𒅗X,U+12157; O,
O,|KA×X|,|KA.X|,,Type_2,compound,|KA.X|,2,𒅗X,U+12157; O,
U+1218F,KAB,KAB@s,𒆏,Type_3,KAB_v1,,,,,LAK147 [Uruk IV–III (~3400–3000 BCE) | Archaic / Uruk]; ASY064 [Standard Babylonian (any period) | Akkadian syllabary]; ABZL226 [Old Babylonian (~2000–1600 BCE) | School texts]; BAU099 [Early Dynastic (~2900–2340 BCE) | Lagash]; BAU100 [Early Dynastic (~2900–2340 BCE) | Lagash]; ELLES079 [Early Dynastic (~2900–2340 BCE) | Ebla]; GCSL089 [Gudea period (~2100 BCE) | Lagash / Girsu]; HZL049 [Hittite period (~1650–1180 BCE) | Hittite]; MZL148 [Standard Babylonian (any period) | Akkado-Babylonian]; PTACE090 [Early Dynastic (~2900–2340 BCE) | Ebla]; RSP421 [Early Dynastic (~2900–2340 BCE) | Presargonic Lagash]; SLLHA088 [Standard Babylonian (any period) | Akkado-Babylonian]; SYA055 [Standard Babylonian (any period) | Akkadian syllabary]
U+12195,|KAK.GIŠ|,|KAK+DIŠ|,𒆕,Type_2,compound,|KAK+DIŠ|,1,𒆕𒁹,U+12195; U+12079,LAK505 [Uruk IV–III (~3400–3000 BCE) | Archaic / Uruk]; ELLES260 [Early Dynastic (~2900–2340 BCE) | Ebla]; PTACE217 [Early Dynastic (~2900–2340 BCE) | Ebla]
U+12079,|KAK.GIŠ|,|KAK+DIŠ|,𒁹,Type_2,compound,|KAK+DIŠ|,2,𒆕𒁹,U+12195; U+12079,LAK505 [Uruk IV–III (~3400–3000 BCE) | Archaic / Uruk]; ELLES260 [Early Dynastic (~2900–2340 BCE) | Ebla]; PTACE217 [Early Dynastic (~2900–2340 BCE) | Ebla]
U+12197,KAL,GURUŠ,𒆗,Type_3,KAL_v1,,,,,LAK709^a [Uruk IV–III (~3400–3000 BCE) | Archaic / Uruk]; BAU308 [Early Dynastic (~2900–2340 BCE) | Lagash]; ELLES348 [Early Dynastic (~2900–2340 BCE) | Ebla]; LAK709^b [Uruk IV–III (~3400–3000 BCE) | Archaic / Uruk]; ASY173 [Standard Babylonian (any period) | Akkadian syllabary]; ABZL176 [Old Babylonian (~2000–1600 BCE) | School texts]; BAU326 [Early Dynastic (~2900–2340 BCE) | Lagash]; ELLES349 [Early Dynastic (~2900–2340 BCE) | Ebla]; GCSL293 [Gudea period (~2100 BCE) | Lagash / Girsu]; HZL196 [Hittite period (~1650–1180 BCE) | Hittite]; MZL496 [Standard Babylonian (any period) | Akkado-Babylonian]; PTACE288 [Early Dynastic (~2900–2340 BCE) | Ebla]; RSP237 [Early Dynastic (~2900–2340 BCE) | Presargonic Lagash]; SLLHA322 [Standard Babylonian (any period) | Akkado-Babylonian]; SYA151 [Standard Babylonian (any period) | Akkadian syllabary]
U+12197,KAL,KAL@v,𒆗,Type_3,KAL_v1,,,,,LAK709^b [Uruk IV–III (~3400–3000 BCE) | Archaic / Uruk]; ASY173 [Standard Babylonian (any period) | Akkadian syllabary]; ABZL176 [Old Babylonian (~2000–1600 BCE) | School texts]; BAU326 [Early Dynastic (~2900–2340 BCE) | Lagash]; ELLES349 [Early Dynastic (~2900–2340 BCE) | Ebla]; GCSL293 [Gudea period (~2100 BCE) | Lagash / Girsu]; HZL196 [Hittite period (~1650–1180 BCE) | Hittite]; MZL496 [Standard Babylonian (any period) | Akkado-Babylonian]; PTACE288 [Early Dynastic (~2900–2340 BCE) | Ebla]; RSP237 [Early Dynastic (~2900–2340 BCE) | Presargonic Lagash]; SLLHA322 [Standard Babylonian (any period) | Akkado-Babylonian]; SYA151 [Standard Babylonian (any period) | Akkadian syllabary]
U+1219C,|KASKAL.HI×NUN|,|KASKAL.HI|,𒆜,Type_2,compound,|KASKAL.HI|,1,𒆜𒄭,U+1219C; U+1212D,MZL306 [Standard Babylonian (any period) | Akkado-Babylonian]; SLLHA166+398 [Standard Babylonian (any period) | Akkado-Babylonian]
U+1212D,|KASKAL.HI×NUN|,|KASKAL.HI|,𒄭,Type_2,compound,|KASKAL.HI|,2,𒆜𒄭,U+1219C; U+1212D,MZL306 [Standard Babylonian (any period) | Akkado-Babylonian]; SLLHA166+398 [Standard Babylonian (any period) | Akkado-Babylonian]
X,|KASKAL&KASKAL.LAGAB&LAGAB|,|KASKAL&KASKAL.DU&DU.BAD&BAD|,,Type_2,compound,|KASKAL&KASKAL.DU&DU.BAD&BAD|,1,X𒁻󰂅,X; U+1207B; U+F0085,
U+1207B,|KASKAL&KASKAL.LAGAB&LAGAB|,|KASKAL&KASKAL.DU&DU.BAD&BAD|,𒁻,Type_2,compound,|KASKAL&KASKAL.DU&DU.BAD&BAD|,2,X𒁻󰂅,X; U+1207B; U+F0085,
U+F0085,|KASKAL&KASKAL.LAGAB&LAGAB|,|KASKAL&KASKAL.DU&DU.BAD&BAD|,,Type_2,compound,|KASKAL&KASKAL.DU&DU.BAD&BAD|,3,X𒁻󰂅,X; U+1207B; U+F0085,
U+1219F,KEŠ₂,EZEN,𒆟,Type_3,KES_v1,,,,,LAK611 [Uruk IV–III (~3400–3000 BCE) | Archaic / Uruk]; ASY113 [Standard Babylonian (any period) | Akkadian syllabary]; BAU298 [Early Dynastic (~2900–2340 BCE) | Lagash]; ELLES303 [Early Dynastic (~2900–2340 BCE) | Ebla]; GCSL261 [Gudea period (~2100 BCE) | Lagash / Girsu]; PTACE262 [Early Dynastic (~2900–2340 BCE) | Ebla]; RSP284 [Early Dynastic (~2900–2340 BCE) | Presargonic Lagash]; LAK612 [Uruk IV–III (~3400–3000 BCE) | Archaic / Uruk]; ABZL152c [Old Babylonian (~2000–1600 BCE) | School texts]; BAU307 [Early Dynastic (~2900–2340 BCE) | Lagash]; ELLES300 [Early Dynastic (~2900–2340 BCE) | Ebla]; GCSL264 [Gudea period (~2100 BCE) | Lagash / Girsu]; KWU841 [Ur III (~2112–2004 BCE) | Administrative]; PTACE265 [Early Dynastic (~2900–2340 BCE) | Ebla]; RSP285 [Early Dynastic (~2900–2340 BCE) | Presargonic Lagash]; SYA099 [Standard Babylonian (any period) | Akkadian syllabary]
U+12049,|KI.BI|,|BI.KI|,𒁉,Type_2,compound,|BI.KI|,1,𒁉𒆠,U+12049; U+121A0,
U+121A0,|KI.BI|,|BI.KI|,𒆠,Type_2,compound,|BI.KI|,2,𒁉𒆠,U+12049; U+121A0,
U+12049,|KI.BI.GAR|,|BI.KI.GAR|,𒁉,Type_2,compound,|BI.KI.GAR|,1,𒁉𒆠𒃻,U+12049; U+121A0; U+120FB,
U+121A0,|KI.BI.GAR|,|BI.KI.GAR|,𒆠,Type_2,compound,|BI.KI.GAR|,2,𒁉𒆠𒃻,U+12049; U+121A0; U+120FB,
U+120FB,|KI.BI.GAR|,|BI.KI.GAR|,𒃻,Type_2,compound,|BI.KI.GAR|,3,𒁉𒆠𒃻,U+12049; U+121A0; U+120FB,
U+121A0,|KI.BI.GAR|,|KI.GAR.BI|,𒆠,Type_2,compound,|KI.GAR.BI|,1,𒆠𒃻𒁉,U+121A0; U+120FB; U+12049,
U+120FB,|KI.BI.GAR|,|KI.GAR.BI|,𒃻,Type_2,compound,|KI.GAR.BI|,2,𒆠𒃻𒁉,U+121A0; U+120FB; U+12049,
U+12049,|KI.BI.GAR|,|KI.GAR.BI|,𒁉,Type_2,compound,|KI.GAR.BI|,3,𒆠𒃻𒁉,U+121A0; U+120FB; U+12049,
U+121A0,|KI.KAL×BAD|,|KI.KAL.BAD|,𒆠,Type_2,compound,|KI.KAL.BAD|,1,𒆠𒆗𒁁,U+121A0; U+12197; U+12041,
U+12197,|KI.KAL×BAD|,|KI.KAL.BAD|,𒆗,Type_2,compound,|KI.KAL.BAD|,2,𒆠𒆗𒁁,U+121A0; U+12197; U+12041,
U+12041,|KI.KAL×BAD|,|KI.KAL.BAD|,𒁁,Type_2,compound,|KI.KAL.BAD|,3,𒆠𒆗𒁁,U+121A0; U+12197; U+12041,
U+121A0,|KI.KAL×BAD|,|KI.KAL.IDIM|,𒆠,Type_2,compound,|KI.KAL.IDIM|,1,𒆠𒆗𒅂,U+121A0; U+12197; U+12142,
U+12197,|KI.KAL×BAD|,|KI.KAL.IDIM|,𒆗,Type_2,compound,|KI.KAL.IDIM|,2,𒆠𒆗𒅂,U+121A0; U+12197; U+12142,
U+12142,|KI.KAL×BAD|,|KI.KAL.IDIM|,𒅂,Type_2,compound,|KI.KAL.IDIM|,3,𒆠𒆗𒅂,U+121A0; U+12197; U+12142,
U+12217,|KI.LUGAL.DU|,|LUGAL.KI.DU|,𒈗,Type_2,compound,|LUGAL.KI.DU|,1,𒈗𒆠𒁺,U+12217; U+121A0; U+1207A,
U+121A0,|KI.LUGAL.DU|,|LUGAL.KI.DU|,𒆠,Type_2,compound,|LUGAL.KI.DU|,2,𒈗𒆠𒁺,U+12217; U+121A0; U+1207A,
U+1207A,|KI.LUGAL.DU|,|LUGAL.KI.DU|,𒁺,Type_2,compound,|LUGAL.KI.DU|,3,𒈗𒆠𒁺,U+12217; U+121A0; U+1207A,
U+121A0,|KI.NE|,|KI.NE@s|,𒆠,Type_2,compound,|KI.NE@s|,1,𒆠𒉋,U+121A0; U+1224B,
U+1224B,|KI.NE|,|KI.NE@s|,𒉋,Type_2,compound,|KI.NE@s|,2,𒆠𒉋,U+121A0; U+1224B,
U+121A0,|KI.SAG.SAL|,|KI.KA.SAL|,𒆠,Type_2,compound,|KI.KA.SAL|,1,𒆠𒅗𒊩,U+121A0; U+12157; U+122A9,
U+12157,|KI.SAG.SAL|,|KI.KA.SAL|,𒅗,Type_2,compound,|KI.KA.SAL|,2,𒆠𒅗𒊩,U+121A0; U+12157; U+122A9,
U+122A9,|KI.SAG.SAL|,|KI.KA.SAL|,𒊩,Type_2,compound,|KI.KA.SAL|,3,𒆠𒅗𒊩,U+121A0; U+12157; U+122A9,
U+121A0,|KI.SU.LU.EŠ₂.GAR|,|KI.LU.EŠ₂|,𒆠,Type_2,compound,|KI.LU.EŠ₂|,1,𒆠𒇻𒂠,U+121A0; U+121FB; U+120A0,
U+121FB,|KI.SU.LU.EŠ₂.GAR|,|KI.LU.EŠ₂|,𒇻,Type_2,compound,|KI.LU.EŠ₂|,2,𒆠𒇻𒂠,U+121A0; U+121FB; U+120A0,
U+120A0,|KI.SU.LU.EŠ₂.GAR|,|KI.LU.EŠ₂|,𒂠,Type_2,compound,|KI.LU.EŠ₂|,3,𒆠𒇻𒂠,U+121A0; U+121FB; U+120A0,
U+121A0,|KI.SU.LU.EŠ₂.GAR|,|KI.LU.EŠ₂.GAR|,𒆠,Type_2,compound,|KI.LU.EŠ₂.GAR|,1,𒆠𒇻𒂠𒃻,U+121A0; U+121FB; U+120A0; U+120FB,
U+121FB,|KI.SU.LU.EŠ₂.GAR|,|KI.LU.EŠ₂.GAR|,𒇻,Type_2,compound,|KI.LU.EŠ₂.GAR|,2,𒆠𒇻𒂠𒃻,U+121A0; U+121FB; U+120A0; U+120FB,
U+120A0,|KI.SU.LU.EŠ₂.GAR|,|KI.LU.EŠ₂.GAR|,𒂠,Type_2,compound,|KI.LU.EŠ₂.GAR|,3,𒆠𒇻𒂠𒃻,U+121A0; U+121FB; U+120A0; U+120FB,
U+120FB,|KI.SU.LU.EŠ₂.GAR|,|KI.LU.EŠ₂.GAR|,𒃻,Type_2,compound,|KI.LU.EŠ₂.GAR|,4,𒆠𒇻𒂠𒃻,U+121A0; U+121FB; U+120A0; U+120FB,
U+121A0,|KI.SU.LU.EŠ₂.GAR|,|KI.LU.EŠ₂.GAR.SU.GAR.RA|,𒆠,Type_2,compound,|KI.LU.EŠ₂.GAR.SU.GAR.RA|,1,𒆠𒇻𒂠𒃻𒋢𒃻𒊏,U+121A0; U+121FB; U+120A0; U+120FB; U+122E2; U+120FB; U+1228F,
U+121FB,|KI.SU.LU.EŠ₂.GAR|,|KI.LU.EŠ₂.GAR.SU.GAR.RA|,𒇻,Type_2,compound,|KI.LU.EŠ₂.GAR.SU.GAR.RA|,2,𒆠𒇻𒂠𒃻𒋢𒃻𒊏,U+121A0; U+121FB; U+120A0; U+120FB; U+122E2; U+120FB; U+1228F,
U+120A0,|KI.SU.LU.EŠ₂.GAR|,|KI.LU.EŠ₂.GAR.SU.GAR.RA|,𒂠,Type_2,compound,|KI.LU.EŠ₂.GAR.SU.GAR.RA|,3,𒆠𒇻𒂠𒃻𒋢𒃻𒊏,U+121A0; U+121FB; U+120A0; U+120FB; U+122E2; U+120FB; U+1228F,
U+120FB,|KI.SU.LU.EŠ₂.GAR|,|KI.LU.EŠ₂.GAR.SU.GAR.RA|,𒃻,Type_2,compound,|KI.LU.EŠ₂.GAR.SU.GAR.RA|,4,𒆠𒇻𒂠𒃻𒋢𒃻𒊏,U+121A0; U+121FB; U+120A0; U+120FB; U+122E2; U+120FB; U+1228F,
U+122E2,|KI.SU.LU.EŠ₂.GAR|,|KI.LU.EŠ₂.GAR.SU.GAR.RA|,𒋢,Type_2,compound,|KI.LU.EŠ₂.GAR.SU.GAR.RA|,5,𒆠𒇻𒂠𒃻𒋢𒃻𒊏,U+121A0; U+121FB; U+120A0; U+120FB; U+122E2; U+120FB; U+1228F,
U+120FB,|KI.SU.LU.EŠ₂.GAR|,|KI.LU.EŠ₂.GAR.SU.GAR.RA|,𒃻,Type_2,compound,|KI.LU.EŠ₂.GAR.SU.GAR.RA|,6,𒆠𒇻𒂠𒃻𒋢𒃻𒊏,U+121A0; U+121FB; U+120A0; U+120FB; U+122E2; U+120FB; U+1228F,
U+1228F,|KI.SU.LU.EŠ₂.GAR|,|KI.LU.EŠ₂.GAR.SU.GAR.RA|,𒊏,Type_2,compound,|KI.LU.EŠ₂.GAR.SU.GAR.RA|,7,𒆠𒇻𒂠𒃻𒋢𒃻𒊏,U+121A0; U+121FB; U+120A0; U+120FB; U+122E2; U+120FB; U+1228F,
U+121A0,|KI.SU.LU.EŠ₂.GAR|,|KI.SU.GAR.RA|,𒆠,Type_2,compound,|KI.SU.GAR.RA|,1,𒆠𒋢𒃻𒊏,U+121A0; U+122E2; U+120FB; U+1228F,
U+122E2,|KI.SU.LU.EŠ₂.GAR|,|KI.SU.GAR.RA|,𒋢,Type_2,compound,|KI.SU.GAR.RA|,2,𒆠𒋢𒃻𒊏,U+121A0; U+122E2; U+120FB; U+1228F,
U+120FB,|KI.SU.LU.EŠ₂.GAR|,|KI.SU.GAR.RA|,𒃻,Type_2,compound,|KI.SU.GAR.RA|,3,𒆠𒋢𒃻𒊏,U+121A0; U+122E2; U+120FB; U+1228F,
U+1228F,|KI.SU.LU.EŠ₂.GAR|,|KI.SU.GAR.RA|,𒊏,Type_2,compound,|KI.SU.GAR.RA|,4,𒆠𒋢𒃻𒊏,U+121A0; U+122E2; U+120FB; U+1228F,
U+121A0,|KI.SU.LU.EŠ₂.GAR|,|KI.SU.LU.EŠ₂|,𒆠,Type_2,compound,|KI.SU.LU.EŠ₂|,1,𒆠𒋢𒇻𒂠,U+121A0; U+122E2; U+121FB; U+120A0,
U+122E2,|KI.SU.LU.EŠ₂.GAR|,|KI.SU.LU.EŠ₂|,𒋢,Type_2,compound,|KI.SU.LU.EŠ₂|,2,𒆠𒋢𒇻𒂠,U+121A0; U+122E2; U+121FB; U+120A0,
U+121FB,|KI.SU.LU.EŠ₂.GAR|,|KI.SU.LU.EŠ₂|,𒇻,Type_2,compound,|KI.SU.LU.EŠ₂|,3,𒆠𒋢𒇻𒂠,U+121A0; U+122E2; U+121FB; U+120A0,
U+120A0,|KI.SU.LU.EŠ₂.GAR|,|KI.SU.LU.EŠ₂|,𒂠,Type_2,compound,|KI.SU.LU.EŠ₂|,4,𒆠𒋢𒇻𒂠,U+121A0; U+122E2; U+121FB; U+120A0,
U+121A0,|KI.SU.LU.EŠ₂.GAR|,|KI.SU.LU.EŠ₂.GAR.KI|,𒆠,Type_2,compound,|KI.SU.LU.EŠ₂.GAR.KI|,1,𒆠𒋢𒇻𒂠𒃻𒆠,U+121A0; U+122E2; U+121FB; U+120A0; U+120FB; U+121A0,
U+122E2,|KI.SU.LU.EŠ₂.GAR|,|KI.SU.LU.EŠ₂.GAR.KI|,𒋢,Type_2,compound,|KI.SU.LU.EŠ₂.GAR.KI|,2,𒆠𒋢𒇻𒂠𒃻𒆠,U+121A0; U+122E2; U+121FB; U+120A0; U+120FB; U+121A0,
U+121FB,|KI.SU.LU.EŠ₂.GAR|,|KI.SU.LU.EŠ₂.GAR.KI|,𒇻,Type_2,compound,|KI.SU.LU.EŠ₂.GAR.KI|,3,𒆠𒋢𒇻𒂠𒃻𒆠,U+121A0; U+122E2; U+121FB; U+120A0; U+120FB; U+121A0,
U+120A0,|KI.SU.LU.EŠ₂.GAR|,|KI.SU.LU.EŠ₂.GAR.KI|,𒂠,Type_2,compound,|KI.SU.LU.EŠ₂.GAR.KI|,4,𒆠𒋢𒇻𒂠𒃻𒆠,U+121A0; U+122E2; U+121FB; U+120A0; U+120FB; U+121A0,
U+120FB,|KI.SU.LU.EŠ₂.GAR|,|KI.SU.LU.EŠ₂.GAR.KI|,𒃻,Type_2,compound,|KI.SU.LU.EŠ₂.GAR.KI|,5,𒆠𒋢𒇻𒂠𒃻𒆠,U+121A0; U+122E2; U+121FB; U+120A0; U+120FB; U+121A0,
U+121A0,|KI.SU.LU.EŠ₂.GAR|,|KI.SU.LU.EŠ₂.GAR.KI|,𒆠,Type_2,compound,|KI.SU.LU.EŠ₂.GAR.KI|,6,𒆠𒋢𒇻𒂠𒃻𒆠,U+121A0; U+122E2; U+121FB; U+120A0; U+120FB; U+121A0,
U+121A0,|KI.SU.LU.EŠ₂.GAR|,|KI.SU.LU.EŠ₂.GAR.RA|,𒆠,Type_2,compound,|KI.SU.LU.EŠ₂.GAR.RA|,1,𒆠𒋢𒇻𒂠𒃻𒊏,U+121A0; U+122E2; U+121FB; U+120A0; U+120FB; U+1228F,
U+122E2,|KI.SU.LU.EŠ₂.GAR|,|KI.SU.LU.EŠ₂.GAR.RA|,𒋢,Type_2,compound,|KI.SU.LU.EŠ₂.GAR.RA|,2,𒆠𒋢𒇻𒂠𒃻𒊏,U+121A0; U+122E2; U+121FB; U+120A0; U+120FB; U+1228F,
U+121FB,|KI.SU.LU.EŠ₂.GAR|,|KI.SU.LU.EŠ₂.GAR.RA|,𒇻,Type_2,compound,|KI.SU.LU.EŠ₂.GAR.RA|,3,𒆠𒋢𒇻𒂠𒃻𒊏,U+121A0; U+122E2; U+121FB; U+120A0; U+120FB; U+1228F,
U+120A0,|KI.SU.LU.EŠ₂.GAR|,|KI.SU.LU.EŠ₂.GAR.RA|,𒂠,Type_2,compound,|KI.SU.LU.EŠ₂.GAR.RA|,4,𒆠𒋢𒇻𒂠𒃻𒊏,U+121A0; U+122E2; U+121FB; U+120A0; U+120FB; U+1228F,
U+120FB,|KI.SU.LU.EŠ₂.GAR|,|KI.SU.LU.EŠ₂.GAR.RA|,𒃻,Type_2,compound,|KI.SU.LU.EŠ₂.GAR.RA|,5,𒆠𒋢𒇻𒂠𒃻𒊏,U+121A0; U+122E2; U+121FB; U+120A0; U+120FB; U+1228F,
U+1228F,|KI.SU.LU.EŠ₂.GAR|,|KI.SU.LU.EŠ₂.GAR.RA|,𒊏,Type_2,compound,|KI.SU.LU.EŠ₂.GAR.RA|,6,𒆠𒋢𒇻𒂠𒃻𒊏,U+121A0; U+122E2; U+121FB; U+120A0; U+120FB; U+1228F,
U+121A0,|KI.SU.LU.EŠ₂.GAR|,|KI.SU.LU.EŠ₂.KI.GAR|,𒆠,Type_2,compound,|KI.SU.LU.EŠ₂.KI.GAR|,1,𒆠𒋢𒇻𒂠𒆠𒃻,U+121A0; U+122E2; U+121FB; U+120A0; U+121A0; U+120FB,
U+122E2,|KI.SU.LU.EŠ₂.GAR|,|KI.SU.LU.EŠ₂.KI.GAR|,𒋢,Type_2,compound,|KI.SU.LU.EŠ₂.KI.GAR|,2,𒆠𒋢𒇻𒂠𒆠𒃻,U+121A0; U+122E2; U+121FB; U+120A0; U+121A0; U+120FB,
U+121FB,|KI.SU.LU.EŠ₂.GAR|,|KI.SU.LU.EŠ₂.KI.GAR|,𒇻,Type_2,compound,|KI.SU.LU.EŠ₂.KI.GAR|,3,𒆠𒋢𒇻𒂠𒆠𒃻,U+121A0; U+122E2; U+121FB; U+120A0; U+121A0; U+120FB,
U+120A0,|KI.SU.LU.EŠ₂.GAR|,|KI.SU.LU.EŠ₂.KI.GAR|,𒂠,Type_2,compound,|KI.SU.LU.EŠ₂.KI.GAR|,4,𒆠𒋢𒇻𒂠𒆠𒃻,U+121A0; U+122E2; U+121FB; U+120A0; U+121A0; U+120FB,
U+121A0,|KI.SU.LU.EŠ₂.GAR|,|KI.SU.LU.EŠ₂.KI.GAR|,𒆠,Type_2,compound,|KI.SU.LU.EŠ₂.KI.GAR|,5,𒆠𒋢𒇻𒂠𒆠𒃻,U+121A0; U+122E2; U+121FB; U+120A0; U+121A0; U+120FB,
U+120FB,|KI.SU.LU.EŠ₂.GAR|,|KI.SU.LU.EŠ₂.KI.GAR|,𒃻,Type_2,compound,|KI.SU.LU.EŠ₂.KI.GAR|,6,𒆠𒋢𒇻𒂠𒆠𒃻,U+121A0; U+122E2; U+121FB; U+120A0; U+121A0; U+120FB,
U+121A0,|KI.SU.LU.EŠ₂.GAR|,|KI.SU.LU.GAR|,𒆠,Type_2,compound,|KI.SU.LU.GAR|,1,𒆠𒋢𒇻𒃻,U+121A0; U+122E2; U+121FB; U+120FB,
U+122E2,|KI.SU.LU.EŠ₂.GAR|,|KI.SU.LU.GAR|,𒋢,Type_2,compound,|KI.SU.LU.GAR|,2,𒆠𒋢𒇻𒃻,U+121A0; U+122E2; U+121FB; U+120FB,
U+121FB,|KI.SU.LU.EŠ₂.GAR|,|KI.SU.LU.GAR|,𒇻,Type_2,compound,|KI.SU.LU.GAR|,3,𒆠𒋢𒇻𒃻,U+121A0; U+122E2; U+121FB; U+120FB,
U+120FB,|KI.SU.LU.EŠ₂.GAR|,|KI.SU.LU.GAR|,𒃻,Type_2,compound,|KI.SU.LU.GAR|,4,𒆠𒋢𒇻𒃻,U+121A0; U+122E2; U+121FB; U+120FB,
U+121A0,|KI.SU.LU.EŠ₂.GAR|,|KI.SU.LU.GAR.EŠ₂|,𒆠,Type_2,compound,|KI.SU.LU.GAR.EŠ₂|,1,𒆠𒋢𒇻𒃻𒂠,U+121A0; U+122E2; U+121FB; U+120FB; U+120A0,
U+122E2,|KI.SU.LU.EŠ₂.GAR|,|KI.SU.LU.GAR.EŠ₂|,𒋢,Type_2,compound,|KI.SU.LU.GAR.EŠ₂|,2,𒆠𒋢𒇻𒃻𒂠,U+121A0; U+122E2; U+121FB; U+120FB; U+120A0,
U+121FB,|KI.SU.LU.EŠ₂.GAR|,|KI.SU.LU.GAR.EŠ₂|,𒇻,Type_2,compound,|KI.SU.LU.GAR.EŠ₂|,3,𒆠𒋢𒇻𒃻𒂠,U+121A0; U+122E2; U+121FB; U+120FB; U+120A0,
U+120FB,|KI.SU.LU.EŠ₂.GAR|,|KI.SU.LU.GAR.EŠ₂|,𒃻,Type_2,compound,|KI.SU.LU.GAR.EŠ₂|,4,𒆠𒋢𒇻𒃻𒂠,U+121A0; U+122E2; U+121FB; U+120FB; U+120A0,
U+120A0,|KI.SU.LU.EŠ₂.GAR|,|KI.SU.LU.GAR.EŠ₂|,𒂠,Type_2,compound,|KI.SU.LU.GAR.EŠ₂|,5,𒆠𒋢𒇻𒃻𒂠,U+121A0; U+122E2; U+121FB; U+120FB; U+120A0,
U+121A0,|KI.SU.LU.EŠ₂.GAR|,|KI.SU.LU.GAR.KI|,𒆠,Type_2,compound,|KI.SU.LU.GAR.KI|,1,𒆠𒋢𒇻𒃻𒆠,U+121A0; U+122E2; U+121FB; U+120FB; U+121A0,
U+122E2,|KI.SU.LU.EŠ₂.GAR|,|KI.SU.LU.GAR.KI|,𒋢,Type_2,compound,|KI.SU.LU.GAR.KI|,2,𒆠𒋢𒇻𒃻𒆠,U+121A0; U+122E2; U+121FB; U+120FB; U+121A0,
U+121FB,|KI.SU.LU.EŠ₂.GAR|,|KI.SU.LU.GAR.KI|,𒇻,Type_2,compound,|KI.SU.LU.GAR.KI|,3,𒆠𒋢𒇻𒃻𒆠,U+121A0; U+122E2; U+121FB; U+120FB; U+121A0,
U+120FB,|KI.SU.LU.EŠ₂.GAR|,|KI.SU.LU.GAR.KI|,𒃻,Type_2,compound,|KI.SU.LU.GAR.KI|,4,𒆠𒋢𒇻𒃻𒆠,U+121A0; U+122E2; U+121FB; U+120FB; U+121A0,
U+121A0,|KI.SU.LU.EŠ₂.GAR|,|KI.SU.LU.GAR.KI|,𒆠,Type_2,compound,|KI.SU.LU.GAR.KI|,5,𒆠𒋢𒇻𒃻𒆠,U+121A0; U+122E2; U+121FB; U+120FB; U+121A0,
U+121A0,|KI.SU.LU.EŠ₂.GAR|,|KI.SU.LU.KI.GAR|,𒆠,Type_2,compound,|KI.SU.LU.KI.GAR|,1,𒆠𒋢𒇻𒆠𒃻,U+121A0; U+122E2; U+121FB; U+121A0; U+120FB,
U+122E2,|KI.SU.LU.EŠ₂.GAR|,|KI.SU.LU.KI.GAR|,𒋢,Type_2,compound,|KI.SU.LU.KI.GAR|,2,𒆠𒋢𒇻𒆠𒃻,U+121A0; U+122E2; U+121FB; U+121A0; U+120FB,
U+121FB,|KI.SU.LU.EŠ₂.GAR|,|KI.SU.LU.KI.GAR|,𒇻,Type_2,compound,|KI.SU.LU.KI.GAR|,3,𒆠𒋢𒇻𒆠𒃻,U+121A0; U+122E2; U+121FB; U+121A0; U+120FB,
U+121A0,|KI.SU.LU.EŠ₂.GAR|,|KI.SU.LU.KI.GAR|,𒆠,Type_2,compound,|KI.SU.LU.KI.GAR|,4,𒆠𒋢𒇻𒆠𒃻,U+121A0; U+122E2; U+121FB; U+121A0; U+120FB,
U+120FB,|KI.SU.LU.EŠ₂.GAR|,|KI.SU.LU.KI.GAR|,𒃻,Type_2,compound,|KI.SU.LU.KI.GAR|,5,𒆠𒋢𒇻𒆠𒃻,U+121A0; U+122E2; U+121FB; U+121A0; U+120FB,
U+121A0,|KI.SU.LU.EŠ₂.GAR|,|KI.SU.LU.LAGAB×U.GAR|,𒆠,Type_2,compound,|KI.SU.LU.LAGAB×U.GAR|,1,𒆠𒋢𒇻𒇥𒃻,U+121A0; U+122E2; U+121FB; U+121E5; U+120FB,
U+122E2,|KI.SU.LU.EŠ₂.GAR|,|KI.SU.LU.LAGAB×U.GAR|,𒋢,Type_2,compound,|KI.SU.LU.LAGAB×U.GAR|,2,𒆠𒋢𒇻𒇥𒃻,U+121A0; U+122E2; U+121FB; U+121E5; U+120FB,
U+121FB,|KI.SU.LU.EŠ₂.GAR|,|KI.SU.LU.LAGAB×U.GAR|,𒇻,Type_2,compound,|KI.SU.LU.LAGAB×U.GAR|,3,𒆠𒋢𒇻𒇥𒃻,U+121A0; U+122E2; U+121FB; U+121E5; U+120FB,
U+121E5,|KI.SU.LU.EŠ₂.GAR|,|KI.SU.LU.LAGAB×U.GAR|,𒇥,Type_2,compound,|KI.SU.LU.LAGAB×U.GAR|,4,𒆠𒋢𒇻𒇥𒃻,U+121A0; U+122E2; U+121FB; U+121E5; U+120FB,
U+120FB,|KI.SU.LU.EŠ₂.GAR|,|KI.SU.LU.LAGAB×U.GAR|,𒃻,Type_2,compound,|KI.SU.LU.LAGAB×U.GAR|,5,𒆠𒋢𒇻𒇥𒃻,U+121A0; U+122E2; U+121FB; U+121E5; U+120FB,
U+121A0,|KI.SU.LU.EŠ₂.GAR|,|KI.SU.LU.ŠU.GAR|,𒆠,Type_2,compound,|KI.SU.LU.ŠU.GAR|,1,𒆠𒋢𒇻𒋗𒃻,U+121A0; U+122E2; U+121FB; U+122D7; U+120FB,
U+122E2,|KI.SU.LU.EŠ₂.GAR|,|KI.SU.LU.ŠU.GAR|,𒋢,Type_2,compound,|KI.SU.LU.ŠU.GAR|,2,𒆠𒋢𒇻𒋗𒃻,U+121A0; U+122E2; U+121FB; U+122D7; U+120FB,
U+121FB,|KI.SU.LU.EŠ₂.GAR|,|KI.SU.LU.ŠU.GAR|,𒇻,Type_2,compound,|KI.SU.LU.ŠU.GAR|,3,𒆠𒋢𒇻𒋗𒃻,U+121A0; U+122E2; U+121FB; U+122D7; U+120FB,
U+122D7,|KI.SU.LU.EŠ₂.GAR|,|KI.SU.LU.ŠU.GAR|,𒋗,Type_2,compound,|KI.SU.LU.ŠU.GAR|,4,𒆠𒋢𒇻𒋗𒃻,U+121A0; U+122E2; U+121FB; U+122D7; U+120FB,
U+120FB,|KI.SU.LU.EŠ₂.GAR|,|KI.SU.LU.ŠU.GAR|,𒃻,Type_2,compound,|KI.SU.LU.ŠU.GAR|,5,𒆠𒋢𒇻𒋗𒃻,U+121A0; U+122E2; U+121FB; U+122D7; U+120FB,
U+121A0,|KI.SU.LU.EŠ₂.GAR|,|KI.SU.ZA.LU.EŠ₂|,𒆠,Type_2,compound,|KI.SU.ZA.LU.EŠ₂|,1,𒆠𒋢𒍝𒇻𒂠,U+121A0; U+122E2; U+1235D; U+121FB; U+120A0,
U+122E2,|KI.SU.LU.EŠ₂.GAR|,|KI.SU.ZA.LU.EŠ₂|,𒋢,Type_2,compound,|KI.SU.ZA.LU.EŠ₂|,2,𒆠𒋢𒍝𒇻𒂠,U+121A0; U+122E2; U+1235D; U+121FB; U+120A0,
U+1235D,|KI.SU.LU.EŠ₂.GAR|,|KI.SU.ZA.LU.EŠ₂|,𒍝,Type_2,compound,|KI.SU.ZA.LU.EŠ₂|,3,𒆠𒋢𒍝𒇻𒂠,U+121A0; U+122E2; U+1235D; U+121FB; U+120A0,
U+121FB,|KI.SU.LU.EŠ₂.GAR|,|KI.SU.ZA.LU.EŠ₂|,𒇻,Type_2,compound,|KI.SU.ZA.LU.EŠ₂|,4,𒆠𒋢𒍝𒇻𒂠,U+121A0; U+122E2; U+1235D; U+121FB; U+120A0,
U+120A0,|KI.SU.LU.EŠ₂.GAR|,|KI.SU.ZA.LU.EŠ₂|,𒂠,Type_2,compound,|KI.SU.ZA.LU.EŠ₂|,5,𒆠𒋢𒍝𒇻𒂠,U+121A0; U+122E2; U+1235D; U+121FB; U+120A0,
U+121FB,|KI.SU.LU.EŠ₂.GAR|,|LU.EŠ₂.GAR.KI|,𒇻,Type_2,compound,|LU.EŠ₂.GAR.KI|,1,𒇻𒂠𒃻𒆠,U+121FB; U+120A0; U+120FB; U+121A0,
U+120A0,|KI.SU.LU.EŠ₂.GAR|,|LU.EŠ₂.GAR.KI|,𒂠,Type_2,compound,|LU.EŠ₂.GAR.KI|,2,𒇻𒂠𒃻𒆠,U+121FB; U+120A0; U+120FB; U+121A0,
U+120FB,|KI.SU.LU.EŠ₂.GAR|,|LU.EŠ₂.GAR.KI|,𒃻,Type_2,compound,|LU.EŠ₂.GAR.KI|,3,𒇻𒂠𒃻𒆠,U+121FB; U+120A0; U+120FB; U+121A0,
U+121A0,|KI.SU.LU.EŠ₂.GAR|,|LU.EŠ₂.GAR.KI|,𒆠,Type_2,compound,|LU.EŠ₂.GAR.KI|,4,𒇻𒂠𒃻𒆠,U+121FB; U+120A0; U+120FB; U+121A0,
U+122E2,|KI.SU.LU.EŠ₂.GAR|,|SU.KI.LU.EŠ₂.KI|,𒋢,Type_2,compound,|SU.KI.LU.EŠ₂.KI|,1,𒋢𒆠𒇻𒂠𒆠,U+122E2; U+121A0; U+121FB; U+120A0; U+121A0,
U+121A0,|KI.SU.LU.EŠ₂.GAR|,|SU.KI.LU.EŠ₂.KI|,𒆠,Type_2,compound,|SU.KI.LU.EŠ₂.KI|,2,𒋢𒆠𒇻𒂠𒆠,U+122E2; U+121A0; U+121FB; U+120A0; U+121A0,
U+121FB,|KI.SU.LU.EŠ₂.GAR|,|SU.KI.LU.EŠ₂.KI|,𒇻,Type_2,compound,|SU.KI.LU.EŠ₂.KI|,3,𒋢𒆠𒇻𒂠𒆠,U+122E2; U+121A0; U+121FB; U+120A0; U+121A0,
U+120A0,|KI.SU.LU.EŠ₂.GAR|,|SU.KI.LU.EŠ₂.KI|,𒂠,Type_2,compound,|SU.KI.LU.EŠ₂.KI|,4,𒋢𒆠𒇻𒂠𒆠,U+122E2; U+121A0; U+121FB; U+120A0; U+121A0,
U+121A0,|KI.SU.LU.EŠ₂.GAR|,|SU.KI.LU.EŠ₂.KI|,𒆠,Type_2,compound,|SU.KI.LU.EŠ₂.KI|,5,𒋢𒆠𒇻𒂠𒆠,U+122E2; U+121A0; U+121FB; U+120A0; U+121A0,
U+122E2,|KI.SU.LU.EŠ₂.GAR|,|SU.LU.EŠ₂.KI.GAR|,𒋢,Type_2,compound,|SU.LU.EŠ₂.KI.GAR|,1,𒋢𒇻𒂠𒆠𒃻,U+122E2; U+121FB; U+120A0; U+121A0; U+120FB,
U+121FB,|KI.SU.LU.EŠ₂.GAR|,|SU.LU.EŠ₂.KI.GAR|,𒇻,Type_2,compound,|SU.LU.EŠ₂.KI.GAR|,2,𒋢𒇻𒂠𒆠𒃻,U+122E2; U+121FB; U+120A0; U+121A0; U+120FB,
U+120A0,|KI.SU.LU.EŠ₂.GAR|,|SU.LU.EŠ₂.KI.GAR|,𒂠,Type_2,compound,|SU.LU.EŠ₂.KI.GAR|,3,𒋢𒇻𒂠𒆠𒃻,U+122E2; U+121FB; U+120A0; U+121A0; U+120FB,
U+121A0,|KI.SU.LU.EŠ₂.GAR|,|SU.LU.EŠ₂.KI.GAR|,𒆠,Type_2,compound,|SU.LU.EŠ₂.KI.GAR|,4,𒋢𒇻𒂠𒆠𒃻,U+122E2; U+121FB; U+120A0; U+121A0; U+120FB,
U+120FB,|KI.SU.LU.EŠ₂.GAR|,|SU.LU.EŠ₂.KI.GAR|,𒃻,Type_2,compound,|SU.LU.EŠ₂.KI.GAR|,5,𒋢𒇻𒂠𒆠𒃻,U+122E2; U+121FB; U+120A0; U+121A0; U+120FB,
U+122E2,|KI.SU.LU.EŠ₂.GAR|,|SU.LU.EŠ₂.KI.GAR.RA|,𒋢,Type_2,compound,|SU.LU.EŠ₂.KI.GAR.RA|,1,𒋢𒇻𒂠𒆠𒃻𒊏,U+122E2; U+121FB; U+120A0; U+121A0; U+120FB; U+1228F,
U+121FB,|KI.SU.LU.EŠ₂.GAR|,|SU.LU.EŠ₂.KI.GAR.RA|,𒇻,Type_2,compound,|SU.LU.EŠ₂.KI.GAR.RA|,2,𒋢𒇻𒂠𒆠𒃻𒊏,U+122E2; U+121FB; U+120A0; U+121A0; U+120FB; U+1228F,
U+120A0,|KI.SU.LU.EŠ₂.GAR|,|SU.LU.EŠ₂.KI.GAR.RA|,𒂠,Type_2,compound,|SU.LU.EŠ₂.KI.GAR.RA|,3,𒋢𒇻𒂠𒆠𒃻𒊏,U+122E2; U+121FB; U+120A0; U+121A0; U+120FB; U+1228F,
U+121A0,|KI.SU.LU.EŠ₂.GAR|,|SU.LU.EŠ₂.KI.GAR.RA|,𒆠,Type_2,compound,|SU.LU.EŠ₂.KI.GAR.RA|,4,𒋢𒇻𒂠𒆠𒃻𒊏,U+122E2; U+121FB; U+120A0; U+121A0; U+120FB; U+1228F,
U+120FB,|KI.SU.LU.EŠ₂.GAR|,|SU.LU.EŠ₂.KI.GAR.RA|,𒃻,Type_2,compound,|SU.LU.EŠ₂.KI.GAR.RA|,5,𒋢𒇻𒂠𒆠𒃻𒊏,U+122E2; U+121FB; U+120A0; U+121A0; U+120FB; U+1228F,
U+1228F,|KI.SU.LU.EŠ₂.GAR|,|SU.LU.EŠ₂.KI.GAR.RA|,𒊏,Type_2,compound,|SU.LU.EŠ₂.KI.GAR.RA|,6,𒋢𒇻𒂠𒆠𒃻𒊏,U+122E2; U+121FB; U+120A0; U+121A0; U+120FB; U+1228F,
U+122E2,|KI.SU.LU.EŠ₂.GAR|,|SU.LU.ŠU.KI.GAR|,𒋢,Type_2,compound,|SU.LU.ŠU.KI.GAR|,1,𒋢𒇻𒋗𒆠𒃻,U+122E2; U+121FB; U+122D7; U+121A0; U+120FB,
U+121FB,|KI.SU.LU.EŠ₂.GAR|,|SU.LU.ŠU.KI.GAR|,𒇻,Type_2,compound,|SU.LU.ŠU.KI.GAR|,2,𒋢𒇻𒋗𒆠𒃻,U+122E2; U+121FB; U+122D7; U+121A0; U+120FB,
U+122D7,|KI.SU.LU.EŠ₂.GAR|,|SU.LU.ŠU.KI.GAR|,𒋗,Type_2,compound,|SU.LU.ŠU.KI.GAR|,3,𒋢𒇻𒋗𒆠𒃻,U+122E2; U+121FB; U+122D7; U+121A0; U+120FB,
U+121A0,|KI.SU.LU.EŠ₂.GAR|,|SU.LU.ŠU.KI.GAR|,𒆠,Type_2,compound,|SU.LU.ŠU.KI.GAR|,4,𒋢𒇻𒋗𒆠𒃻,U+122E2; U+121FB; U+122D7; U+121A0; U+120FB,
U+120FB,|KI.SU.LU.EŠ₂.GAR|,|SU.LU.ŠU.KI.GAR|,𒃻,Type_2,compound,|SU.LU.ŠU.KI.GAR|,5,𒋢𒇻𒋗𒆠𒃻,U+122E2; U+121FB; U+122D7; U+121A0; U+120FB,
U+121A0,|KI.ŠEŠ.KAK|,|KI.ŠEŠ.KAK.A|,𒆠,Type_2,compound,|KI.ŠEŠ.KAK.A|,1,𒆠𒋀𒆕𒀀,U+121A0; U+122C0; U+12195; U+12000,
U+122C0,|KI.ŠEŠ.KAK|,|KI.ŠEŠ.KAK.A|,𒋀,Type_2,compound,|KI.ŠEŠ.KAK.A|,2,𒆠𒋀𒆕𒀀,U+121A0; U+122C0; U+12195; U+12000,
U+12195,|KI.ŠEŠ.KAK|,|KI.ŠEŠ.KAK.A|,𒆕,Type_2,compound,|KI.ŠEŠ.KAK.A|,3,𒆠𒋀𒆕𒀀,U+121A0; U+122C0; U+12195; U+12000,
U+12000,|KI.ŠEŠ.KAK|,|KI.ŠEŠ.KAK.A|,𒀀,Type_2,compound,|KI.ŠEŠ.KAK.A|,4,𒆠𒋀𒆕𒀀,U+121A0; U+122C0; U+12195; U+12000,
U+121A4,KID,E₂,𒆤,Type_3,KID_v1,,,,,LAK732 [Uruk IV–III (~3400–3000 BCE) | Archaic / Uruk]; ASY174 [Standard Babylonian (any period) | Akkadian syllabary]; BAU365 [Early Dynastic (~2900–2340 BCE) | Lagash]; ELLES359 [Early Dynastic (~2900–2340 BCE) | Ebla]; GCSL299 [Gudea period (~2100 BCE) | Lagash / Girsu]; PTACE295 [Early Dynastic (~2900–2340 BCE) | Ebla]; RSP250 [Early Dynastic (~2900–2340 BCE) | Presargonic Lagash]; LAK733 [Uruk IV–III (~3400–3000 BCE) | Archaic / Uruk]; ASY166 [Standard Babylonian (any period) | Akkadian syllabary]; ABZL163 [Old Babylonian (~2000–1600 BCE) | School texts]; BAU366 [Early Dynastic (~2900–2340 BCE) | Lagash]; ELLES361 [Early Dynastic (~2900–2340 BCE) | Ebla]; HZL194 [Hittite period (~1650–1180 BCE) | Hittite]; MZL484 [Standard Babylonian (any period) | Akkado-Babylonian]; PTACE298 [Early Dynastic (~2900–2340 BCE) | Ebla]; RSP252 [Early Dynastic (~2900–2340 BCE) | Presargonic Lagash]; SLLHA313 [Standard Babylonian (any period) | Akkado-Babylonian]; SYA144 [Standard Babylonian (any period) | Akkadian syllabary]
U+12046,|KID.BALAG|,|BALAG.KID|,𒁆,Type_2,compound,|BALAG.KID|,1,𒁆𒆤,U+12046; U+121A4,
U+121A4,|KID.BALAG|,|BALAG.KID|,𒆤,Type_2,compound,|BALAG.KID|,2,𒁆𒆤,U+12046; U+121A4,
U+1208D,|KID.BALAG|,|E₂.BALAG|,𒂍,Type_2,compound,|E₂.BALAG|,1,𒂍𒁆,U+1208D; U+12046,
U+12046,|KID.BALAG|,|E₂.BALAG|,𒁆,Type_2,compound,|E₂.BALAG|,2,𒂍𒁆,U+1208D; U+12046,
U+121A4,|KID.ŠU₂.MA₂|,|KID.MA₂.ŠU₂|,𒆤,Type_2,compound,|KID.MA₂.ŠU₂|,1,𒆤𒈣𒋙,U+121A4; U+12223; U+122D9,
U+12223,|KID.ŠU₂.MA₂|,|KID.MA₂.ŠU₂|,𒈣,Type_2,compound,|KID.MA₂.ŠU₂|,2,𒆤𒈣𒋙,U+121A4; U+12223; U+122D9,
U+122D9,|KID.ŠU₂.MA₂|,|KID.MA₂.ŠU₂|,𒋙,Type_2,compound,|KID.MA₂.ŠU₂|,3,𒆤𒈣𒋙,U+121A4; U+12223; U+122D9,
U+121A4,|KID.ŠU₂.MA₂|,|KID.MA₂.ŠU₂.A|,𒆤,Type_2,compound,|KID.MA₂.ŠU₂.A|,1,𒆤𒈣𒋙𒀀,U+121A4; U+12223; U+122D9; U+12000,
U+12223,|KID.ŠU₂.MA₂|,|KID.MA₂.ŠU₂.A|,𒈣,Type_2,compound,|KID.MA₂.ŠU₂.A|,2,𒆤𒈣𒋙𒀀,U+121A4; U+12223; U+122D9; U+12000,
U+122D9,|KID.ŠU₂.MA₂|,|KID.MA₂.ŠU₂.A|,𒋙,Type_2,compound,|KID.MA₂.ŠU₂.A|,3,𒆤𒈣𒋙𒀀,U+121A4; U+12223; U+122D9; U+12000,
U+12000,|KID.ŠU₂.MA₂|,|KID.MA₂.ŠU₂.A|,𒀀,Type_2,compound,|KID.MA₂.ŠU₂.A|,4,𒆤𒈣𒋙𒀀,U+121A4; U+12223; U+122D9; U+12000,
U+121AD,KU₄,LIL,𒆭,Type_3,KU_v1,,,,,LAK094 [Uruk IV–III (~3400–3000 BCE) | Archaic / Uruk]; ASY188 [Standard Babylonian (any period) | Akkadian syllabary]; GCSL054 [Gudea period (~2100 BCE) | Lagash / Girsu]; KWU147 [Ur III (~2112–2004 BCE) | Administrative]; REC056 [Uruk IV–III (~3400–3000 BCE) | Archaic / Uruk]; ABZL375 [Old Babylonian (~2000–1600 BCE) | School texts]; GCSL105 [Gudea period (~2100 BCE) | Lagash / Girsu]; KWU636 [Ur III (~2112–2004 BCE) | Administrative]; LAK141^a [Uruk IV–III (~3400–3000 BCE) | Archaic / Uruk]; MZL087 [Standard Babylonian (any period) | Akkado-Babylonian]; REC144 [Uruk IV–III (~3400–3000 BCE) | Archaic / Uruk]; SLLHA058 [Standard Babylonian (any period) | Akkado-Babylonian]
U+121AD,KU₄,REC145,𒆭,Type_3,KU_v1,,,,,LAK208 [Uruk IV–III (~3400–3000 BCE) | Archaic / Uruk]; KWU634 [Ur III (~2112–2004 BCE) | Administrative]; REC145 [Uruk IV–III (~3400–3000 BCE) | Archaic / Uruk]; RSP444 [Early Dynastic (~2900–2340 BCE) | Presargonic Lagash]; ABZL375 [Old Babylonian (~2000–1600 BCE) | School texts]; GCSL105 [Gudea period (~2100 BCE) | Lagash / Girsu]; KWU636 [Ur III (~2112–2004 BCE) | Administrative]; LAK141^a [Uruk IV–III (~3400–3000 BCE) | Archaic / Uruk]; MZL087 [Standard Babylonian (any period) | Akkado-Babylonian]; REC144 [Uruk IV–III (~3400–3000 BCE) | Archaic / Uruk]; SLLHA058 [Standard Babylonian (any period) | Akkado-Babylonian]
U+121B0,KUL,KUL@d,𒆰,Type_3,KUL_v1,,,,,LAK012 [Uruk IV–III (~3400–3000 BCE) | Archaic / Uruk]; ASY045 [Standard Babylonian (any period) | Akkadian syllabary]; ABZL026 [Old Babylonian (~2000–1600 BCE) | School texts]; BAU041 [Early Dynastic (~2900–2340 BCE) | Lagash]; ELLES007 [Early Dynastic (~2900–2340 BCE) | Ebla]; GCSL011 [Gudea period (~2100 BCE) | Lagash / Girsu]; HZL012 [Hittite period (~1650–1180 BCE) | Hittite]; KWU007 [Ur III (~2112–2004 BCE) | Administrative]; MZL117 [Standard Babylonian (any period) | Akkado-Babylonian]; PTACE003 [Early Dynastic (~2900–2340 BCE) | Ebla]; RSP085 [Early Dynastic (~2900–2340 BCE) | Presargonic Lagash]; SLLHA072 [Standard Babylonian (any period) | Akkado-Babylonian]; SLLHA072a [Standard Babylonian (any period) | Akkado-Babylonian]; SYA038 [Standard Babylonian (any period) | Akkadian syllabary]
U+121B2,KUN,MAŠ₂@g,𒆲,Type_3,KUN_v1,,,,,KWU108 [Ur III (~2112–2004 BCE) | Administrative]; LAK044 [Uruk IV–III (~3400–3000 BCE) | Archaic / Uruk]; LAK026 [Uruk IV–III (~3400–3000 BCE) | Archaic / Uruk]; LAK754 [Uruk IV–III (~3400–3000 BCE) | Archaic / Uruk]; ASY051 [Standard Babylonian (any period) | Akkadian syllabary]; ABZL032 [Old Babylonian (~2000–1600 BCE) | School texts]; ELLES368 [Early Dynastic (~2900–2340 BCE) | Ebla]; GCSL309 [Gudea period (~2100 BCE) | Lagash / Girsu]; HZL035 [Hittite period (~1650–1180 BCE) | Hittite]; KWU109 [Ur III (~2112–2004 BCE) | Administrative]; MZL131 [Standard Babylonian (any period) | Akkado-Babylonian]; PTACE308 [Early Dynastic (~2900–2340 BCE) | Ebla]; RSP343 [Early Dynastic (~2900–2340 BCE) | Presargonic Lagash]; SLLHA077 [Standard Babylonian (any period) | Akkado-Babylonian]; SYA044 [Standard Babylonian (any period) | Akkadian syllabary]
U+12227,KUN,MAŠ₂,𒈧,Type_1,KUN_v2,,,,,LAK043 [Uruk IV–III (~3400–3000 BCE) | Archaic / Uruk]; ASY050 [Standard Babylonian (any period) | Akkadian syllabary]; ABZL031 [Old Babylonian (~2000–1600 BCE) | School texts]; BAU046 [Early Dynastic (~2900–2340 BCE) | Lagash]; ELLES028 [Early Dynastic (~2900–2340 BCE) | Ebla]; GCSL030 [Gudea period (~2100 BCE) | Lagash / Girsu]; HZL038 [Hittite period (~1650–1180 BCE) | Hittite]; MZL130 [Standard Babylonian (any period) | Akkado-Babylonian]; PTACE037 [Early Dynastic (~2900–2340 BCE) | Ebla]; SLLHA076 [Standard Babylonian (any period) | Akkado-Babylonian]; SYA043 [Standard Babylonian (any period) | Akkadian syllabary]; LAK026 [Uruk IV–III (~3400–3000 BCE) | Archaic / Uruk]; LAK754 [Uruk IV–III (~3400–3000 BCE) | Archaic / Uruk]; ASY051 [Standard Babylonian (any period) | Akkadian syllabary]; ABZL032 [Old Babylonian (~2000–1600 BCE) | School texts]; ELLES368 [Early Dynastic (~2900–2340 BCE) | Ebla]; GCSL309 [Gudea period (~2100 BCE) | Lagash / Girsu]; HZL035 [Hittite period (~1650–1180 BCE) | Hittite]; KWU109 [Ur III (~2112–2004 BCE) | Administrative]; MZL131 [Standard Babylonian (any period) | Akkado-Babylonian]; PTACE308 [Early Dynastic (~2900–2340 BCE) | Ebla]; RSP343 [Early Dynastic (~2900–2340 BCE) | Presargonic Lagash]; SLLHA077 [Standard Babylonian (any period) | Akkado-Babylonian]; SYA044 [Standard Babylonian (any period) | Akkadian syllabary]
U+121B3,KUR,LAK461a,𒆳,Type_3,KUR_v1,,,,,ELLES241^a [Early Dynastic (~2900–2340 BCE) | Ebla]; LAK461 [Uruk IV–III (~3400–3000 BCE) | Archaic / Uruk]; ASY211 [Standard Babylonian (any period) | Akkadian syllabary]; ABZL369 [Old Babylonian (~2000–1600 BCE) | School texts]; BAU418 [Early Dynastic (~2900–2340 BCE) | Lagash]; ELLES241 [Early Dynastic (~2900–2340 BCE) | Ebla]; GCSL215 [Gudea period (~2100 BCE) | Lagash / Girsu]; HZL329 [Hittite period (~1650–1180 BCE) | Hittite]; KWU341 [Ur III (~2112–2004 BCE) | Administrative]; MZL578 [Standard Babylonian (any period) | Akkado-Babylonian]; PTACE215 [Early Dynastic (~2900–2340 BCE) | Ebla]; RSP065 [Early Dynastic (~2900–2340 BCE) | Presargonic Lagash]; SLLHA366 [Standard Babylonian (any period) | Akkado-Babylonian]; SYA183 [Standard Babylonian (any period) | Akkadian syllabary]
U+121B3,KUR,LAK814,𒆳,Type_3,KUR_v1,,,,,LAK814 [Uruk IV–III (~3400–3000 BCE) | Archaic / Uruk]; LAK461 [Uruk IV–III (~3400–3000 BCE) | Archaic / Uruk]; ASY211 [Standard Babylonian (any period) | Akkadian syllabary]; ABZL369 [Old Babylonian (~2000–1600 BCE) | School texts]; BAU418 [Early Dynastic (~2900–2340 BCE) | Lagash]; ELLES241 [Early Dynastic (~2900–2340 BCE) | Ebla]; GCSL215 [Gudea period (~2100 BCE) | Lagash / Girsu]; HZL329 [Hittite period (~1650–1180 BCE) | Hittite]; KWU341 [Ur III (~2112–2004 BCE) | Administrative]; MZL578 [Standard Babylonian (any period) | Akkado-Babylonian]; PTACE215 [Early Dynastic (~2900–2340 BCE) | Ebla]; RSP065 [Early Dynastic (~2900–2340 BCE) | Presargonic Lagash]; SLLHA366 [Standard Babylonian (any period) | Akkado-Babylonian]; SYA183 [Standard Babylonian (any period) | Akkadian syllabary]
U+121B5,KUŠU₂,LAK304@270,𒆵,Type_3,KUSU_v1,,,,,LAK304 [Uruk IV–III (~3400–3000 BCE) | Archaic / Uruk]; ASY304 [Standard Babylonian (any period) | Akkadian syllabary]; ABZL457 [Old Babylonian (~2000–1600 BCE) | School texts]; ELLES175 [Early Dynastic (~2900–2340 BCE) | Ebla]; KWU794 [Ur III (~2112–2004 BCE) | Administrative]; MZL896 [Standard Babylonian (any period) | Akkado-Babylonian]; SLLHA562 [Standard Babylonian (any period) | Akkado-Babylonian]; SYA268 [Standard Babylonian (any period) | Akkadian syllabary]
U+121B5,|KUŠU₂.AN.MUŠ₃|,|KUŠU₂.AN.MUŠ₃@g|,𒆵,Type_2,compound,|KUŠU₂.AN.MUŠ₃@g|,1,𒆵𒀭𒈽,U+121B5; U+1202D; U+1223D,
U+1202D,|KUŠU₂.AN.MUŠ₃|,|KUŠU₂.AN.MUŠ₃@g|,𒀭,Type_2,compound,|KUŠU₂.AN.MUŠ₃@g|,2,𒆵𒀭𒈽,U+121B5; U+1202D; U+1223D,
U+1223D,|KUŠU₂.AN.MUŠ₃|,|KUŠU₂.AN.MUŠ₃@g|,𒈽,Type_2,compound,|KUŠU₂.AN.MUŠ₃@g|,3,𒆵𒀭𒈽,U+121B5; U+1202D; U+1223D,
U+121B5,|KUŠU₂.AN.MUŠ₃|,|KUŠU₂.MUŠ₃|,𒆵,Type_2,compound,|KUŠU₂.MUŠ₃|,1,𒆵𒈹,U+121B5; U+12239,
U+12239,|KUŠU₂.AN.MUŠ₃|,|KUŠU₂.MUŠ₃|,𒈹,Type_2,compound,|KUŠU₂.MUŠ₃|,2,𒆵𒈹,U+121B5; U+12239,
U+12239,|KUŠU₂.AN.MUŠ₃|,|MUŠ₃.KUŠU₂|,𒈹,Type_2,compound,|MUŠ₃.KUŠU₂|,1,𒈹𒆵,U+12239; U+121B5,
U+121B5,|KUŠU₂.AN.MUŠ₃|,|MUŠ₃.KUŠU₂|,𒆵,Type_2,compound,|MUŠ₃.KUŠU₂|,2,𒈹𒆵,U+12239; U+121B5,
U+F0073,|KUŠU₂.AN.MUŠ₃|,|LAK526.MUŠ₃|,,Type_2,compound,|LAK526.MUŠ₃|,1,󰁳𒈹,U+F0073; U+12239,ELLES175a [Early Dynastic (~2900–2340 BCE) | Ebla]
U+12239,|KUŠU₂.AN.MUŠ₃|,|LAK526.MUŠ₃|,𒈹,Type_2,compound,|LAK526.MUŠ₃|,2,󰁳𒈹,U+F0073; U+12239,ELLES175a [Early Dynastic (~2900–2340 BCE) | Ebla]
,KWU733,KWU734,,Type_3,KWU733_v1,,,,,KWU733 [Ur III (~2112–2004 BCE) | Administrative]
U+12000,|LAGAB×A|,A,𒀀,Type_1,LAGABA_v1,,,,,LAK795 [Uruk IV–III (~3400–3000 BCE) | Archaic / Uruk]; ASY311 [Standard Babylonian (any period) | Akkadian syllabary]; BAU416 [Early Dynastic (~2900–2340 BCE) | Lagash]; ELLES393 [Early Dynastic (~2900–2340 BCE) | Ebla]; GCSL324 [Gudea period (~2100 BCE) | Lagash / Girsu]; KWU901 [Ur III (~2112–2004 BCE) | Administrative]; MZL839 [Standard Babylonian (any period) | Akkado-Babylonian]; PTACE328 [Early Dynastic (~2900–2340 BCE) | Ebla]; RSP051 [Early Dynastic (~2900–2340 BCE) | Presargonic Lagash]; LAK785 [Uruk IV–III (~3400–3000 BCE) | Archaic / Uruk]; ASY285 [Standard Babylonian (any period) | Akkadian syllabary]; ABZL414 [Old Babylonian (~2000–1600 BCE) | School texts]; BAU271 [Early Dynastic (~2900–2340 BCE) | Lagash]; ELLES375 [Early Dynastic (~2900–2340 BCE) | Ebla]; ELLES384 [Early Dynastic (~2900–2340 BCE) | Ebla]; GCSL321 [Gudea period (~2100 BCE) | Lagash / Girsu]; HZL182 [Hittite period (~1650–1180 BCE) | Hittite]; KWU890 [Ur III (~2112–2004 BCE) | Administrative]; MZL795 [Standard Babylonian (any period) | Akkado-Babylonian]; PTACE322 [Early Dynastic (~2900–2340 BCE) | Ebla]; RSP263 [Early Dynastic (~2900–2340 BCE) | Presargonic Lagash]; SLLHA522 [Standard Babylonian (any period) | Akkado-Babylonian]; SYA250 [Standard Babylonian (any period) | Akkadian syllabary]
U+12000,|LAGAB×A|,|A.LAGAB×A|,𒀀,Type_2,compound,|A.LAGAB×A|,1,𒀀𒆹,U+12000; U+121B9,LAK785 [Uruk IV–III (~3400–3000 BCE) | Archaic / Uruk]; ASY285 [Standard Babylonian (any period) | Akkadian syllabary]; ABZL414 [Old Babylonian (~2000–1600 BCE) | School texts]; BAU271 [Early Dynastic (~2900–2340 BCE) | Lagash]; ELLES375 [Early Dynastic (~2900–2340 BCE) | Ebla]; ELLES384 [Early Dynastic (~2900–2340 BCE) | Ebla]; GCSL321 [Gudea period (~2100 BCE) | Lagash / Girsu]; HZL182 [Hittite period (~1650–1180 BCE) | Hittite]; KWU890 [Ur III (~2112–2004 BCE) | Administrative]; MZL795 [Standard Babylonian (any period) | Akkado-Babylonian]; PTACE322 [Early Dynastic (~2900–2340 BCE) | Ebla]; RSP263 [Early Dynastic (~2900–2340 BCE) | Presargonic Lagash]; SLLHA522 [Standard Babylonian (any period) | Akkado-Babylonian]; SYA250 [Standard Babylonian (any period) | Akkadian syllabary]
U+121B9,|LAGAB×A|,|A.LAGAB×A|,𒆹,Type_2,compound,|A.LAGAB×A|,2,𒀀𒆹,U+12000; U+121B9,LAK785 [Uruk IV–III (~3400–3000 BCE) | Archaic / Uruk]; ASY285 [Standard Babylonian (any period) | Akkadian syllabary]; ABZL414 [Old Babylonian (~2000–1600 BCE) | School texts]; BAU271 [Early Dynastic (~2900–2340 BCE) | Lagash]; ELLES375 [Early Dynastic (~2900–2340 BCE) | Ebla]; ELLES384 [Early Dynastic (~2900–2340 BCE) | Ebla]; GCSL321 [Gudea period (~2100 BCE) | Lagash / Girsu]; HZL182 [Hittite period (~1650–1180 BCE) | Hittite]; KWU890 [Ur III (~2112–2004 BCE) | Administrative]; MZL795 [Standard Babylonian (any period) | Akkado-Babylonian]; PTACE322 [Early Dynastic (~2900–2340 BCE) | Ebla]; RSP263 [Early Dynastic (~2900–2340 BCE) | Presargonic Lagash]; SLLHA522 [Standard Babylonian (any period) | Akkado-Babylonian]; SYA250 [Standard Babylonian (any period) | Akkadian syllabary]
U+121C5,|LAGAB×A|,|LAGAB×GAR|,𒇅,Type_1,LAGABA_v2,,,,,ABZL408 [Old Babylonian (~2000–1600 BCE) | School texts]; HZL055 [Hittite period (~1650–1180 BCE) | Hittite]; MZL801 [Standard Babylonian (any period) | Akkado-Babylonian]; SLLHA528 [Standard Babylonian (any period) | Akkado-Babylonian]; LAK785 [Uruk IV–III (~3400–3000 BCE) | Archaic / Uruk]; ASY285 [Standard Babylonian (any period) | Akkadian syllabary]; ABZL414 [Old Babylonian (~2000–1600 BCE) | School texts]; BAU271 [Early Dynastic (~2900–2340 BCE) | Lagash]; ELLES375 [Early Dynastic (~2900–2340 BCE) | Ebla]; ELLES384 [Early Dynastic (~2900–2340 BCE) | Ebla]; GCSL321 [Gudea period (~2100 BCE) | Lagash / Girsu]; HZL182 [Hittite period (~1650–1180 BCE) | Hittite]; KWU890 [Ur III (~2112–2004 BCE) | Administrative]; MZL795 [Standard Babylonian (any period) | Akkado-Babylonian]; PTACE322 [Early Dynastic (~2900–2340 BCE) | Ebla]; RSP263 [Early Dynastic (~2900–2340 BCE) | Presargonic Lagash]; SLLHA522 [Standard Babylonian (any period) | Akkado-Babylonian]; SYA250 [Standard Babylonian (any period) | Akkadian syllabary]
U+121C9,|LAGAB×A|,|LAGAB×HAL|,𒇉,Type_1,LAGABA_v3,,,,,LAK768 [Uruk IV–III (~3400–3000 BCE) | Archaic / Uruk]; ABZL404 [Old Babylonian (~2000–1600 BCE) | School texts]; BAU263 [Early Dynastic (~2900–2340 BCE) | Lagash]; BAU319 [Early Dynastic (~2900–2340 BCE) | Lagash]; GCSL315 [Gudea period (~2100 BCE) | Lagash / Girsu]; HZL216 [Hittite period (~1650–1180 BCE) | Hittite]; KWU872 [Ur III (~2112–2004 BCE) | Administrative]; MZL756 [Standard Babylonian (any period) | Akkado-Babylonian]; RSP264 [Early Dynastic (~2900–2340 BCE) | Presargonic Lagash]; SLLHA484 [Standard Babylonian (any period) | Akkado-Babylonian]; LAK785 [Uruk IV–III (~3400–3000 BCE) | Archaic / Uruk]; ASY285 [Standard Babylonian (any period) | Akkadian syllabary]; ABZL414 [Old Babylonian (~2000–1600 BCE) | School texts]; BAU271 [Early Dynastic (~2900–2340 BCE) | Lagash]; ELLES375 [Early Dynastic (~2900–2340 BCE) | Ebla]; ELLES384 [Early Dynastic (~2900–2340 BCE) | Ebla]; GCSL321 [Gudea period (~2100 BCE) | Lagash / Girsu]; HZL182 [Hittite period (~1650–1180 BCE) | Hittite]; KWU890 [Ur III (~2112–2004 BCE) | Administrative]; MZL795 [Standard Babylonian (any period) | Akkado-Babylonian]; PTACE322 [Early Dynastic (~2900–2340 BCE) | Ebla]; RSP263 [Early Dynastic (~2900–2340 BCE) | Presargonic Lagash]; SLLHA522 [Standard Babylonian (any period) | Akkado-Babylonian]; SYA250 [Standard Babylonian (any period) | Akkadian syllabary]
U+121D2,|LAGAB×A|,|LAGAB×KUL|,𒇒,Type_1,LAGABA_v4,,,,,ABZL406 [Old Babylonian (~2000–1600 BCE) | School texts]; MZL761 [Standard Babylonian (any period) | Akkado-Babylonian]; SLLHA487 [Standard Babylonian (any period) | Akkado-Babylonian]; LAK785 [Uruk IV–III (~3400–3000 BCE) | Archaic / Uruk]; ASY285 [Standard Babylonian (any period) | Akkadian syllabary]; ABZL414 [Old Babylonian (~2000–1600 BCE) | School texts]; BAU271 [Early Dynastic (~2900–2340 BCE) | Lagash]; ELLES375 [Early Dynastic (~2900–2340 BCE) | Ebla]; ELLES384 [Early Dynastic (~2900–2340 BCE) | Ebla]; GCSL321 [Gudea period (~2100 BCE) | Lagash / Girsu]; HZL182 [Hittite period (~1650–1180 BCE) | Hittite]; KWU890 [Ur III (~2112–2004 BCE) | Administrative]; MZL795 [Standard Babylonian (any period) | Akkado-Babylonian]; PTACE322 [Early Dynastic (~2900–2340 BCE) | Ebla]; RSP263 [Early Dynastic (~2900–2340 BCE) | Presargonic Lagash]; SLLHA522 [Standard Babylonian (any period) | Akkado-Babylonian]; SYA250 [Standard Babylonian (any period) | Akkadian syllabary]
U+121D8,|LAGAB×A|,|LAGAB×ME|,𒇘,Type_1,LAGABA_v5,,,,,LAK785 [Uruk IV–III (~3400–3000 BCE) | Archaic / Uruk]; ASY285 [Standard Babylonian (any period) | Akkadian syllabary]; ABZL414 [Old Babylonian (~2000–1600 BCE) | School texts]; BAU271 [Early Dynastic (~2900–2340 BCE) | Lagash]; ELLES375 [Early Dynastic (~2900–2340 BCE) | Ebla]; ELLES384 [Early Dynastic (~2900–2340 BCE) | Ebla]; GCSL321 [Gudea period (~2100 BCE) | Lagash / Girsu]; HZL182 [Hittite period (~1650–1180 BCE) | Hittite]; KWU890 [Ur III (~2112–2004 BCE) | Administrative]; MZL795 [Standard Babylonian (any period) | Akkado-Babylonian]; PTACE322 [Early Dynastic (~2900–2340 BCE) | Ebla]; RSP263 [Early Dynastic (~2900–2340 BCE) | Presargonic Lagash]; SLLHA522 [Standard Babylonian (any period) | Akkado-Babylonian]; SYA250 [Standard Babylonian (any period) | Akkadian syllabary]
U+121E6,|LAGAB×A|,|LAGAB×(U.A)|,𒇦,Type_1,LAGABA_v6,,,,,ABZL412 [Old Babylonian (~2000–1600 BCE) | School texts]; MZL787 [Standard Babylonian (any period) | Akkado-Babylonian]; SLLHA512 [Standard Babylonian (any period) | Akkado-Babylonian]; LAK785 [Uruk IV–III (~3400–3000 BCE) | Archaic / Uruk]; ASY285 [Standard Babylonian (any period) | Akkadian syllabary]; ABZL414 [Old Babylonian (~2000–1600 BCE) | School texts]; BAU271 [Early Dynastic (~2900–2340 BCE) | Lagash]; ELLES375 [Early Dynastic (~2900–2340 BCE) | Ebla]; ELLES384 [Early Dynastic (~2900–2340 BCE) | Ebla]; GCSL321 [Gudea period (~2100 BCE) | Lagash / Girsu]; HZL182 [Hittite period (~1650–1180 BCE) | Hittite]; KWU890 [Ur III (~2112–2004 BCE) | Administrative]; MZL795 [Standard Babylonian (any period) | Akkado-Babylonian]; PTACE322 [Early Dynastic (~2900–2340 BCE) | Ebla]; RSP263 [Early Dynastic (~2900–2340 BCE) | Presargonic Lagash]; SLLHA522 [Standard Babylonian (any period) | Akkado-Babylonian]; SYA250 [Standard Babylonian (any period) | Akkadian syllabary]
U+121D5,|LAGAB×AŠ@t|,|LAGAB×LIŠ|,𒇕,Type_3,LAGABAST_v1,,,,,MZL782 [Standard Babylonian (any period) | Akkado-Babylonian]; SLLHA503 [Standard Babylonian (any period) | Akkado-Babylonian]
U+121C0,|LAGAB×BAD|,|LAGAB×UŠ₂|,𒇀,Type_3,LAGABBAD_v1,,,,,ABZL405 [Old Babylonian (~2000–1600 BCE) | School texts]; GCSL316 [Gudea period (~2100 BCE) | Lagash / Girsu]; HZL224 [Hittite period (~1650–1180 BCE) | Hittite]; KWU870 [Ur III (~2112–2004 BCE) | Administrative]; MZL760 [Standard Babylonian (any period) | Akkado-Babylonian]; RSP259 [Early Dynastic (~2900–2340 BCE) | Presargonic Lagash]; SLLHA486 [Standard Babylonian (any period) | Akkado-Babylonian]
U+121B8,|LAGAB×DAR|,|LAGAB.DAR|,𒆸,Type_2,compound,|LAGAB.DAR|,1,𒆸𒁯,U+121B8; U+1206F,MZL765 [Standard Babylonian (any period) | Akkado-Babylonian]; SLLHA489 [Standard Babylonian (any period) | Akkado-Babylonian]
U+1206F,|LAGAB×DAR|,|LAGAB.DAR|,𒁯,Type_2,compound,|LAGAB.DAR|,2,𒆸𒁯,U+121B8; U+1206F,MZL765 [Standard Babylonian (any period) | Akkado-Babylonian]; SLLHA489 [Standard Babylonian (any period) | Akkado-Babylonian]
U+121CB,|LAGAB×IGI@g|,|LAGAB×IGI@g.ME|,𒇋,Type_2,compound,|LAGAB×IGI@g.ME|,1,𒇋𒈨,U+121CB; U+12228,LAK782 [Uruk IV–III (~3400–3000 BCE) | Archaic / Uruk]; ABZL409 [Old Babylonian (~2000–1600 BCE) | School texts]; MZL776 [Standard Babylonian (any period) | Akkado-Babylonian]; PTACE318 [Early Dynastic (~2900–2340 BCE) | Ebla]; RSP265 [Early Dynastic (~2900–2340 BCE) | Presargonic Lagash]
U+12228,|LAGAB×IGI@g|,|LAGAB×IGI@g.ME|,𒈨,Type_2,compound,|LAGAB×IGI@g.ME|,2,𒇋𒈨,U+121CB; U+12228,LAK782 [Uruk IV–III (~3400–3000 BCE) | Archaic / Uruk]; ABZL409 [Old Babylonian (~2000–1600 BCE) | School texts]; MZL776 [Standard Babylonian (any period) | Akkado-Babylonian]; PTACE318 [Early Dynastic (~2900–2340 BCE) | Ebla]; RSP265 [Early Dynastic (~2900–2340 BCE) | Presargonic Lagash]
U+121D2,|LAGAB×KUL|,|LAGAB×ERIN₂|,𒇒,Type_3,LAGABKUL_v1,,,,,ABZL406 [Old Babylonian (~2000–1600 BCE) | School texts]; MZL761 [Standard Babylonian (any period) | Akkado-Babylonian]; SLLHA487 [Standard Babylonian (any period) | Akkado-Babylonian]
U+121C9,|LAGAB×KUL|,|LAGAB×HAL|,𒇉,Type_1,LAGABKUL_v2,,,,,LAK768 [Uruk IV–III (~3400–3000 BCE) | Archaic / Uruk]; ABZL406 [Old Babylonian (~2000–1600 BCE) | School texts]; MZL761 [Standard Babylonian (any period) | Akkado-Babylonian]; SLLHA487 [Standard Babylonian (any period) | Akkado-Babylonian]
U+121D6,|LAGAB×LU|,|LAGAB×(IM.LU)|,𒇖,Type_3,LAGABLU_v1,,,,,MZL793 [Standard Babylonian (any period) | Akkado-Babylonian]; SLLHA518 [Standard Babylonian (any period) | Akkado-Babylonian]
U+121DE,|LAGAB×(ŠITA@t.GIŠ)|,|LAGAB×(ŠITA.GIŠ)|,𒇞,Type_3,LAGABSIT_v1,,,,,MZL771 [Standard Babylonian (any period) | Akkado-Babylonian]; SLLHA497 [Standard Babylonian (any period) | Akkado-Babylonian]
U+121DD,|LAGAB×(ŠITA@t.GIŠ)|,|LAGAB×(ŠITA.GIŠ.ERIN₂)|,𒇝,Type_1,LAGABSIT_v2,,,,,MZL771 [Standard Babylonian (any period) | Akkado-Babylonian]; SLLHA497 [Standard Babylonian (any period) | Akkado-Babylonian]
U+121DE,|LAGAB×(ŠITA@t.GIŠ)|,|LAGAB×(ŠITA@t.GIŠ.ERIN₂)|,𒇞,Type_3,LAGABSIT_v1,,,,,MZL771 [Standard Babylonian (any period) | Akkado-Babylonian]; SLLHA497 [Standard Babylonian (any period) | Akkado-Babylonian]
U+121E5,|LAGAB×U|,|LAGAB×TIL|,𒇥,Type_3,LAGABU_v1,,,,,LAK770 [Uruk IV–III (~3400–3000 BCE) | Archaic / Uruk]; ELLES377 [Early Dynastic (~2900–2340 BCE) | Ebla]; PTACE312 [Early Dynastic (~2900–2340 BCE) | Ebla]; LAK771 [Uruk IV–III (~3400–3000 BCE) | Archaic / Uruk]; ASY283 [Standard Babylonian (any period) | Akkadian syllabary]; ABZL410 [Old Babylonian (~2000–1600 BCE) | School texts]; BAU267 [Early Dynastic (~2900–2340 BCE) | Lagash]; GCSL320 [Gudea period (~2100 BCE) | Lagash / Girsu]; HZL180 [Hittite period (~1650–1180 BCE) | Hittite]; KWU887 [Ur III (~2112–2004 BCE) | Administrative]; MZL786 [Standard Babylonian (any period) | Akkado-Babylonian]; PTACE321 [Early Dynastic (~2900–2340 BCE) | Ebla]; RSP259^a [Early Dynastic (~2900–2340 BCE) | Presargonic Lagash]; SLLHA511 [Standard Babylonian (any period) | Akkado-Babylonian]; SYA248 [Standard Babylonian (any period) | Akkadian syllabary]
U+121E5,|LAGAB×U|,|LAGAB×AŠ@c|,𒇥,Type_3,LAGABU_v1,,,,,LAK772 [Uruk IV–III (~3400–3000 BCE) | Archaic / Uruk]; LAK771 [Uruk IV–III (~3400–3000 BCE) | Archaic / Uruk]; ASY283 [Standard Babylonian (any period) | Akkadian syllabary]; ABZL410 [Old Babylonian (~2000–1600 BCE) | School texts]; BAU267 [Early Dynastic (~2900–2340 BCE) | Lagash]; GCSL320 [Gudea period (~2100 BCE) | Lagash / Girsu]; HZL180 [Hittite period (~1650–1180 BCE) | Hittite]; KWU887 [Ur III (~2112–2004 BCE) | Administrative]; MZL786 [Standard Babylonian (any period) | Akkado-Babylonian]; PTACE321 [Early Dynastic (~2900–2340 BCE) | Ebla]; RSP259^a [Early Dynastic (~2900–2340 BCE) | Presargonic Lagash]; SLLHA511 [Standard Babylonian (any period) | Akkado-Babylonian]; SYA248 [Standard Babylonian (any period) | Akkadian syllabary]
U+121E6,|LAGAB×(U.A)|,|LAGAB×(A.U)|,𒇦,Type_3,LAGABUA_v1,,,,,ABZL412 [Old Babylonian (~2000–1600 BCE) | School texts]; MZL787 [Standard Babylonian (any period) | Akkado-Babylonian]; SLLHA512 [Standard Babylonian (any period) | Akkado-Babylonian]
U+121F0,|LAGAR@g&LAGAR@g.ŠE|,|LAGAR@g&LAGAR@g|,𒇰,Type_3,LAGARGLA_v1,,,,,ABZL335 [Old Babylonian (~2000–1600 BCE) | School texts]; SLLHA459an2 [Standard Babylonian (any period) | Akkado-Babylonian]
X,|LAGAR@g&LAGAR@g.ŠE|,|LAGAR@g&LAGAR@g.LAGAR@g&LAGAR@g.LAGAR@g&LAGAR@g|,,Type_2,compound,|LAGAR@g&LAGAR@g.LAGAR@g&LAGAR@g.LAGAR@g&LAGAR@g|,1,XXX,X; X; X,ABZL335 [Old Babylonian (~2000–1600 BCE) | School texts]; SLLHA459an2 [Standard Babylonian (any period) | Akkado-Babylonian]
X,|LAGAR@g&LAGAR@g.ŠE|,|LAGAR@g&LAGAR@g.LAGAR@g&LAGAR@g.LAGAR@g&LAGAR@g|,,Type_2,compound,|LAGAR@g&LAGAR@g.LAGAR@g&LAGAR@g.LAGAR@g&LAGAR@g|,2,XXX,X; X; X,ABZL335 [Old Babylonian (~2000–1600 BCE) | School texts]; SLLHA459an2 [Standard Babylonian (any period) | Akkado-Babylonian]
X,|LAGAR@g&LAGAR@g.ŠE|,|LAGAR@g&LAGAR@g.LAGAR@g&LAGAR@g.LAGAR@g&LAGAR@g|,,Type_2,compound,|LAGAR@g&LAGAR@g.LAGAR@g&LAGAR@g.LAGAR@g&LAGAR@g|,3,XXX,X; X; X,ABZL335 [Old Babylonian (~2000–1600 BCE) | School texts]; SLLHA459an2 [Standard Babylonian (any period) | Akkado-Babylonian]
X,|LAGAR@g&LAGAR@g.ŠE|,|LAGAR@g&LAGAR@g.SAR|,,Type_2,compound,|LAGAR@g&LAGAR@g.SAR|,1,X𒊬,X; U+122AC,ABZL335 [Old Babylonian (~2000–1600 BCE) | School texts]; SLLHA459an2 [Standard Babylonian (any period) | Akkado-Babylonian]
U+122AC,|LAGAR@g&LAGAR@g.ŠE|,|LAGAR@g&LAGAR@g.SAR|,𒊬,Type_2,compound,|LAGAR@g&LAGAR@g.SAR|,2,X𒊬,X; U+122AC,ABZL335 [Old Babylonian (~2000–1600 BCE) | School texts]; SLLHA459an2 [Standard Babylonian (any period) | Akkado-Babylonian]
U+122BA,|LAGAR@g&LAGAR@g.ŠE|,|ŠE+SAR.ZU&ZU|,𒊺,Type_2,compound,|ŠE+SAR.ZU&ZU|,1,𒊺𒊬X,U+122BA; U+122AC; X,ABZL335 [Old Babylonian (~2000–1600 BCE) | School texts]; SLLHA459an2 [Standard Babylonian (any period) | Akkado-Babylonian]
U+122AC,|LAGAR@g&LAGAR@g.ŠE|,|ŠE+SAR.ZU&ZU|,𒊬,Type_2,compound,|ŠE+SAR.ZU&ZU|,2,𒊺𒊬X,U+122BA; U+122AC; X,ABZL335 [Old Babylonian (~2000–1600 BCE) | School texts]; SLLHA459an2 [Standard Babylonian (any period) | Akkado-Babylonian]
X,|LAGAR@g&LAGAR@g.ŠE|,|ŠE+SAR.ZU&ZU|,,Type_2,compound,|ŠE+SAR.ZU&ZU|,3,𒊺𒊬X,U+122BA; U+122AC; X,ABZL335 [Old Babylonian (~2000–1600 BCE) | School texts]; SLLHA459an2 [Standard Babylonian (any period) | Akkado-Babylonian]
U+12134,LAHŠU,|HI×NUN.ME.BAD|,𒄴,Type_2,compound,|HI×NUN.ME.BAD|,1,𒄴𒈨𒁁,U+12134; U+12228; U+12041,LAK442 [Uruk IV–III (~3400–3000 BCE) | Archaic / Uruk]; ELLES229 [Early Dynastic (~2900–2340 BCE) | Ebla]; KWU482a [Ur III (~2112–2004 BCE) | Administrative]; RSP333 [Early Dynastic (~2900–2340 BCE) | Presargonic Lagash]
U+12228,LAHŠU,|HI×NUN.ME.BAD|,𒈨,Type_2,compound,|HI×NUN.ME.BAD|,2,𒄴𒈨𒁁,U+12134; U+12228; U+12041,LAK442 [Uruk IV–III (~3400–3000 BCE) | Archaic / Uruk]; ELLES229 [Early Dynastic (~2900–2340 BCE) | Ebla]; KWU482a [Ur III (~2112–2004 BCE) | Administrative]; RSP333 [Early Dynastic (~2900–2340 BCE) | Presargonic Lagash]
U+12041,LAHŠU,|HI×NUN.ME.BAD|,𒁁,Type_2,compound,|HI×NUN.ME.BAD|,3,𒄴𒈨𒁁,U+12134; U+12228; U+12041,LAK442 [Uruk IV–III (~3400–3000 BCE) | Archaic / Uruk]; ELLES229 [Early Dynastic (~2900–2340 BCE) | Ebla]; KWU482a [Ur III (~2112–2004 BCE) | Administrative]; RSP333 [Early Dynastic (~2900–2340 BCE) | Presargonic Lagash]
U+12134,LAHŠU,|HI×NUN.ME.U|,𒄴,Type_2,compound,|HI×NUN.ME.U|,1,𒄴𒈨𒌋,U+12134; U+12228; U+1230B,MZL639 [Standard Babylonian (any period) | Akkado-Babylonian]; SLLHA398_72 [Standard Babylonian (any period) | Akkado-Babylonian]; LAK442 [Uruk IV–III (~3400–3000 BCE) | Archaic / Uruk]; ELLES229 [Early Dynastic (~2900–2340 BCE) | Ebla]; KWU482a [Ur III (~2112–2004 BCE) | Administrative]; RSP333 [Early Dynastic (~2900–2340 BCE) | Presargonic Lagash]
U+12228,LAHŠU,|HI×NUN.ME.U|,𒈨,Type_2,compound,|HI×NUN.ME.U|,2,𒄴𒈨𒌋,U+12134; U+12228; U+1230B,MZL639 [Standard Babylonian (any period) | Akkado-Babylonian]; SLLHA398_72 [Standard Babylonian (any period) | Akkado-Babylonian]; LAK442 [Uruk IV–III (~3400–3000 BCE) | Archaic / Uruk]; ELLES229 [Early Dynastic (~2900–2340 BCE) | Ebla]; KWU482a [Ur III (~2112–2004 BCE) | Administrative]; RSP333 [Early Dynastic (~2900–2340 BCE) | Presargonic Lagash]
U+1230B,LAHŠU,|HI×NUN.ME.U|,𒌋,Type_2,compound,|HI×NUN.ME.U|,3,𒄴𒈨𒌋,U+12134; U+12228; U+1230B,MZL639 [Standard Babylonian (any period) | Akkado-Babylonian]; SLLHA398_72 [Standard Babylonian (any period) | Akkado-Babylonian]; LAK442 [Uruk IV–III (~3400–3000 BCE) | Archaic / Uruk]; ELLES229 [Early Dynastic (~2900–2340 BCE) | Ebla]; KWU482a [Ur III (~2112–2004 BCE) | Administrative]; RSP333 [Early Dynastic (~2900–2340 BCE) | Presargonic Lagash]
U+121F2,LAL,LAL@r,𒇲,Type_3,LAL_v1,,,,,LAK756 [Uruk IV–III (~3400–3000 BCE) | Archaic / Uruk]; LAK867 [Uruk IV–III (~3400–3000 BCE) | Archaic / Uruk]; ASY277 [Standard Babylonian (any period) | Akkadian syllabary]; ABZL391 [Old Babylonian (~2000–1600 BCE) | School texts]; BAU292 [Early Dynastic (~2900–2340 BCE) | Lagash]; ELLES370 [Early Dynastic (~2900–2340 BCE) | Ebla]; GCSL313 [Gudea period (~2100 BCE) | Lagash / Girsu]; HZL358 [Hittite period (~1650–1180 BCE) | Hittite]; KWU654 [Ur III (~2112–2004 BCE) | Administrative]; MZL750 [Standard Babylonian (any period) | Akkado-Babylonian]; PTACE304 [Early Dynastic (~2900–2340 BCE) | Ebla]; RSP040 [Early Dynastic (~2900–2340 BCE) | Presargonic Lagash]; SLLHA481 [Standard Babylonian (any period) | Akkado-Babylonian]; SYA243 [Standard Babylonian (any period) | Akkadian syllabary]
U+121F3,LAL₂,|LAL%LAL|,𒇳,Type_3,LAL_v1,,,,,LAK760 [Uruk IV–III (~3400–3000 BCE) | Archaic / Uruk]; ASY278 [Standard Babylonian (any period) | Akkadian syllabary]; ABZL902 [Old Babylonian (~2000–1600 BCE) | School texts]; ELLES371 [Early Dynastic (~2900–2340 BCE) | Ebla]; HZL362 [Hittite period (~1650–1180 BCE) | Hittite]; KWU662 [Ur III (~2112–2004 BCE) | Administrative]; KWU866 [Ur III (~2112–2004 BCE) | Administrative]; MZL751 [Standard Babylonian (any period) | Akkado-Babylonian]; PTACE305 [Early Dynastic (~2900–2340 BCE) | Ebla]; SLLHA482 [Standard Babylonian (any period) | Akkado-Babylonian]; SYA244 [Standard Babylonian (any period) | Akkadian syllabary]
U+121F3,|LAL₂.DU|,|LAL₂.DU.DU|,𒇳,Type_2,compound,|LAL₂.DU.DU|,1,𒇳𒁺𒁺,U+121F3; U+1207A; U+1207A,LAK763 [Uruk IV–III (~3400–3000 BCE) | Archaic / Uruk]; ABZL466 [Old Babylonian (~2000–1600 BCE) | School texts]
U+1207A,|LAL₂.DU|,|LAL₂.DU.DU|,𒁺,Type_2,compound,|LAL₂.DU.DU|,2,𒇳𒁺𒁺,U+121F3; U+1207A; U+1207A,LAK763 [Uruk IV–III (~3400–3000 BCE) | Archaic / Uruk]; ABZL466 [Old Babylonian (~2000–1600 BCE) | School texts]
U+1207A,|LAL₂.DU|,|LAL₂.DU.DU|,𒁺,Type_2,compound,|LAL₂.DU.DU|,3,𒇳𒁺𒁺,U+121F3; U+1207A; U+1207A,LAK763 [Uruk IV–III (~3400–3000 BCE) | Archaic / Uruk]; ABZL466 [Old Babylonian (~2000–1600 BCE) | School texts]
,|LAL₂.HAL|,|LAL₂×HAL|,𒇳𒄬,Type_3,LALHAL_v1,,,,,
U+121F2,|LAL₂.TUG₂|,|LAL.TUG₂|,𒇲,Type_2,compound,|LAL.TUG₂|,1,𒇲𒌆,U+121F2; U+12306,
U+12306,|LAL₂.TUG₂|,|LAL.TUG₂|,𒌆,Type_2,compound,|LAL.TUG₂|,2,𒇲𒌆,U+121F2; U+12306,
,|LAL₂.TUG₂|,|LAL×KU|,𒇳𒌆,Type_3,LALTUG_v1,,,,,
,|LAL₂.TUG₂|,|LAL₂×DUR₂|,𒇳𒌆,Type_3,LALTUG_v1,,,,,
,|LAL₂.TUG₂|,|LAL₂×TUG₂|,𒇳𒌆,Type_3,LALTUG_v1,,,,,
U+121F3,|LAL₂.URU×MIN|,|LAL₂.URU|,𒇳,Type_2,compound,|LAL₂.URU|,1,𒇳𒌷,U+121F3; U+12337,
U+12337,|LAL₂.URU×MIN|,|LAL₂.URU|,𒌷,Type_2,compound,|LAL₂.URU|,2,𒇳𒌷,U+121F3; U+12337,
U+121F4,|LAM×(KUR.RU)|,|LAM.KUR.RU|,𒇴,Type_2,compound,|LAM.KUR.RU|,1,𒇴𒆳𒊒,U+121F4; U+121B3; U+12292,
U+121B3,|LAM×(KUR.RU)|,|LAM.KUR.RU|,𒆳,Type_2,compound,|LAM.KUR.RU|,2,𒇴𒆳𒊒,U+121F4; U+121B3; U+12292,
U+12292,|LAM×(KUR.RU)|,|LAM.KUR.RU|,𒊒,Type_2,compound,|LAM.KUR.RU|,3,𒇴𒆳𒊒,U+121F4; U+121B3; U+12292,
U+121F4,|LAM×(KUR.RU)|,|LAM.RU|,𒇴,Type_2,compound,|LAM.RU|,1,𒇴𒊒,U+121F4; U+12292,
U+12292,|LAM×(KUR.RU)|,|LAM.RU|,𒊒,Type_2,compound,|LAM.RU|,2,𒇴𒊒,U+121F4; U+12292,
U+121F5,|LAM×(KUR.RU)|,|LAM×KUR.RU|,𒇵,Type_2,compound,|LAM×KUR.RU|,1,𒇵𒊒,U+121F5; U+12292,
U+12292,|LAM×(KUR.RU)|,|LAM×KUR.RU|,𒊒,Type_2,compound,|LAM×KUR.RU|,2,𒇵𒊒,U+121F5; U+12292,
U+1226D,|LAK449×(PAP.PAP.LU₃)|,|NUNUZ.AB₂×LU₃|,𒉭,Type_2,compound,|NUNUZ.AB₂×LU₃|,1,𒉭X,U+1226D; X,LAK453 [Uruk IV–III (~3400–3000 BCE) | Archaic / Uruk]; ELLES237 [Early Dynastic (~2900–2340 BCE) | Ebla]; RSP353 [Early Dynastic (~2900–2340 BCE) | Presargonic Lagash]
X,|LAK449×(PAP.PAP.LU₃)|,|NUNUZ.AB₂×LU₃|,,Type_2,compound,|NUNUZ.AB₂×LU₃|,2,𒉭X,U+1226D; X,LAK453 [Uruk IV–III (~3400–3000 BCE) | Archaic / Uruk]; ELLES237 [Early Dynastic (~2900–2340 BCE) | Ebla]; RSP353 [Early Dynastic (~2900–2340 BCE) | Presargonic Lagash]
U+1226D,|LAK449×(PAP.PAP.LU₃)|,|NUNUZ.KISIM₅×(LU₃.PAP.PAP)|,𒉭,Type_2,compound,|NUNUZ.KISIM₅×(LU₃.PAP.PAP)|,1,𒉭X,U+1226D; X,LAK453 [Uruk IV–III (~3400–3000 BCE) | Archaic / Uruk]; ELLES237 [Early Dynastic (~2900–2340 BCE) | Ebla]; RSP353 [Early Dynastic (~2900–2340 BCE) | Presargonic Lagash]
X,|LAK449×(PAP.PAP.LU₃)|,|NUNUZ.KISIM₅×(LU₃.PAP.PAP)|,,Type_2,compound,|NUNUZ.KISIM₅×(LU₃.PAP.PAP)|,2,𒉭X,U+1226D; X,LAK453 [Uruk IV–III (~3400–3000 BCE) | Archaic / Uruk]; ELLES237 [Early Dynastic (~2900–2340 BCE) | Ebla]; RSP353 [Early Dynastic (~2900–2340 BCE) | Presargonic Lagash]
U+121F8,LIL,REC145,𒇸,Type_3,LIL_v1,,,,,LAK208 [Uruk IV–III (~3400–3000 BCE) | Archaic / Uruk]; KWU634 [Ur III (~2112–2004 BCE) | Administrative]; REC145 [Uruk IV–III (~3400–3000 BCE) | Archaic / Uruk]; LAK094 [Uruk IV–III (~3400–3000 BCE) | Archaic / Uruk]; ASY188 [Standard Babylonian (any period) | Akkadian syllabary]; ABZL091 [Old Babylonian (~2000–1600 BCE) | School texts]; GCSL054 [Gudea period (~2100 BCE) | Lagash / Girsu]; HZL127 [Hittite period (~1650–1180 BCE) | Hittite]; KWU147 [Ur III (~2112–2004 BCE) | Administrative]; MZL544 [Standard Babylonian (any period) | Akkado-Babylonian]; REC056 [Uruk IV–III (~3400–3000 BCE) | Archaic / Uruk]; RSP127 [Early Dynastic (~2900–2340 BCE) | Presargonic Lagash]; SLLHA336 [Standard Babylonian (any period) | Akkado-Babylonian]; SYA163 [Standard Babylonian (any period) | Akkadian syllabary]
U+121FB,LU,DIB,𒇻,Type_3,LU_v1,,,,,LAK780 [Uruk IV–III (~3400–3000 BCE) | Archaic / Uruk]; ASY293 [Standard Babylonian (any period) | Akkadian syllabary]; LAK775 [Uruk IV–III (~3400–3000 BCE) | Archaic / Uruk]; ASY292 [Standard Babylonian (any period) | Akkadian syllabary]; ABZL416 [Old Babylonian (~2000–1600 BCE) | School texts]; BAU272 [Early Dynastic (~2900–2340 BCE) | Lagash]; ELLES378 [Early Dynastic (~2900–2340 BCE) | Ebla]; GCSL317 [Gudea period (~2100 BCE) | Lagash / Girsu]; HZL210 [Hittite period (~1650–1180 BCE) | Hittite]; KWU891 [Ur III (~2112–2004 BCE) | Administrative]; MZL812 [Standard Babylonian (any period) | Akkado-Babylonian]; PTACE314 [Early Dynastic (~2900–2340 BCE) | Ebla]; RSP260 [Early Dynastic (~2900–2340 BCE) | Presargonic Lagash]; SLLHA537 [Standard Babylonian (any period) | Akkado-Babylonian]; SYA257 [Standard Babylonian (any period) | Akkadian syllabary]
,|(LU.EŠ₂)&(LU.EŠ₂)|,|(LAGAR@g.SU.LU.EŠ₂)&(LAGAR@g.SU.LU.EŠ₂)|,,Type_3,LUESLUES_v1,,,,,
U+122E2,|(LU.EŠ₂)&(LU.EŠ₂)|,|SU.LU.EŠ₂|,𒋢,Type_2,compound,|SU.LU.EŠ₂|,1,𒋢𒇻𒂠,U+122E2; U+121FB; U+120A0,
U+121FB,|(LU.EŠ₂)&(LU.EŠ₂)|,|SU.LU.EŠ₂|,𒇻,Type_2,compound,|SU.LU.EŠ₂|,2,𒋢𒇻𒂠,U+122E2; U+121FB; U+120A0,
U+120A0,|(LU.EŠ₂)&(LU.EŠ₂)|,|SU.LU.EŠ₂|,𒂠,Type_2,compound,|SU.LU.EŠ₂|,3,𒋢𒇻𒂠,U+122E2; U+121FB; U+120A0,
,|(LU.EŠ₂)&(LU.EŠ₂)|,|(SU.LU.EŠ₂.LAGAR@g)&(SU.LU.EŠ₂.LAGAR@g)|,,Type_3,LUESLUES_v1,,,,,
,|(LU.EŠ₂)&(LU.EŠ₂)|,|(SU.LU.EŠ₂)&(SU.LU.EŠ₂)|,,Type_3,LUESLUES_v1,,,,,
U+122E2,|(LU.EŠ₂)&(LU.EŠ₂)|,|SU.SU.LU.LU.EŠ₂.EŠ₂|,𒋢,Type_2,compound,|SU.SU.LU.LU.EŠ₂.EŠ₂|,1,𒋢𒋢𒇻𒇻𒂠𒂠,U+122E2; U+122E2; U+121FB; U+121FB; U+120A0; U+120A0,
U+122E2,|(LU.EŠ₂)&(LU.EŠ₂)|,|SU.SU.LU.LU.EŠ₂.EŠ₂|,𒋢,Type_2,compound,|SU.SU.LU.LU.EŠ₂.EŠ₂|,2,𒋢𒋢𒇻𒇻𒂠𒂠,U+122E2; U+122E2; U+121FB; U+121FB; U+120A0; U+120A0,
U+121FB,|(LU.EŠ₂)&(LU.EŠ₂)|,|SU.SU.LU.LU.EŠ₂.EŠ₂|,𒇻,Type_2,compound,|SU.SU.LU.LU.EŠ₂.EŠ₂|,3,𒋢𒋢𒇻𒇻𒂠𒂠,U+122E2; U+122E2; U+121FB; U+121FB; U+120A0; U+120A0,
U+121FB,|(LU.EŠ₂)&(LU.EŠ₂)|,|SU.SU.LU.LU.EŠ₂.EŠ₂|,𒇻,Type_2,compound,|SU.SU.LU.LU.EŠ₂.EŠ₂|,4,𒋢𒋢𒇻𒇻𒂠𒂠,U+122E2; U+122E2; U+121FB; U+121FB; U+120A0; U+120A0,
U+120A0,|(LU.EŠ₂)&(LU.EŠ₂)|,|SU.SU.LU.LU.EŠ₂.EŠ₂|,𒂠,Type_2,compound,|SU.SU.LU.LU.EŠ₂.EŠ₂|,5,𒋢𒋢𒇻𒇻𒂠𒂠,U+122E2; U+122E2; U+121FB; U+121FB; U+120A0; U+120A0,
U+120A0,|(LU.EŠ₂)&(LU.EŠ₂)|,|SU.SU.LU.LU.EŠ₂.EŠ₂|,𒂠,Type_2,compound,|SU.SU.LU.LU.EŠ₂.EŠ₂|,6,𒋢𒋢𒇻𒇻𒂠𒂠,U+122E2; U+122E2; U+121FB; U+121FB; U+120A0; U+120A0,
U+121FB,|LU×BAD|,|LU.BAD|,𒇻,Type_2,compound,|LU.BAD|,1,𒇻𒁁,U+121FB; U+12041,KWU871 [Ur III (~2112–2004 BCE) | Administrative]; MZL814 [Standard Babylonian (any period) | Akkado-Babylonian]
U+12041,|LU×BAD|,|LU.BAD|,𒁁,Type_2,compound,|LU.BAD|,2,𒇻𒁁,U+121FB; U+12041,KWU871 [Ur III (~2112–2004 BCE) | Administrative]; MZL814 [Standard Babylonian (any period) | Akkado-Babylonian]
U+121FD,LU₂,LU₂~v,𒇽,Type_3,LU_v1,,,,,LAK337 [Uruk IV–III (~3400–3000 BCE) | Archaic / Uruk]; ASY180 [Standard Babylonian (any period) | Akkadian syllabary]; ABZL253 [Old Babylonian (~2000–1600 BCE) | School texts]; BAU236 [Early Dynastic (~2900–2340 BCE) | Lagash]; ELLES188 [Early Dynastic (~2900–2340 BCE) | Ebla]; GCSL218 [Gudea period (~2100 BCE) | Lagash / Girsu]; HZL078 [Hittite period (~1650–1180 BCE) | Hittite]; KWU080 [Ur III (~2112–2004 BCE) | Administrative]; MZL514 [Standard Babylonian (any period) | Akkado-Babylonian]; PTACE017 [Early Dynastic (~2900–2340 BCE) | Ebla]; RSP396 [Early Dynastic (~2900–2340 BCE) | Presargonic Lagash]; SLLHA330 [Standard Babylonian (any period) | Akkado-Babylonian]; SYA157 [Standard Babylonian (any period) | Akkadian syllabary]
U+121FD,|LU₂@LU₂|,|LU₂.LU₂|,𒇽,Type_2,compound,|LU₂.LU₂|,1,𒇽𒇽,U+121FD; U+121FD,ABZL255 [Old Babylonian (~2000–1600 BCE) | School texts]; SLLHA330_60 [Standard Babylonian (any period) | Akkado-Babylonian]
U+121FD,|LU₂@LU₂|,|LU₂.LU₂|,𒇽,Type_2,compound,|LU₂.LU₂|,2,𒇽𒇽,U+121FD; U+121FD,ABZL255 [Old Babylonian (~2000–1600 BCE) | School texts]; SLLHA330_60 [Standard Babylonian (any period) | Akkado-Babylonian]
U+12213,|LU₂@LU₂|,|LU₂&LU₂|,𒈓,Type_3,LULU_v1,,,,,ABZL255 [Old Babylonian (~2000–1600 BCE) | School texts]; SLLHA330_60 [Standard Babylonian (any period) | Akkado-Babylonian]
U+12212,|LU₂@LU₂|,|LU₂%LU₂|,𒈒,Type_1,LULU_v2,,,,,SLLHA330_60v [Standard Babylonian (any period) | Akkado-Babylonian]; ABZL255 [Old Babylonian (~2000–1600 BCE) | School texts]; SLLHA330_60 [Standard Babylonian (any period) | Akkado-Babylonian]
U+12214,|4×LU₂|,|3×LU₂|,𒈔,Type_3,4LU_v1,,,,,SLLHA330_60n2 [Standard Babylonian (any period) | Akkado-Babylonian]
U+121FD,|4×LU₂|,|LU₂.LU₂.LU₂.LU₂|,𒇽,Type_2,compound,|LU₂.LU₂.LU₂.LU₂|,1,𒇽𒇽𒇽𒇽,U+121FD; U+121FD; U+121FD; U+121FD,SLLHA330_60n2 [Standard Babylonian (any period) | Akkado-Babylonian]
U+121FD,|4×LU₂|,|LU₂.LU₂.LU₂.LU₂|,𒇽,Type_2,compound,|LU₂.LU₂.LU₂.LU₂|,2,𒇽𒇽𒇽𒇽,U+121FD; U+121FD; U+121FD; U+121FD,SLLHA330_60n2 [Standard Babylonian (any period) | Akkado-Babylonian]
U+121FD,|4×LU₂|,|LU₂.LU₂.LU₂.LU₂|,𒇽,Type_2,compound,|LU₂.LU₂.LU₂.LU₂|,3,𒇽𒇽𒇽𒇽,U+121FD; U+121FD; U+121FD; U+121FD,SLLHA330_60n2 [Standard Babylonian (any period) | Akkado-Babylonian]
U+121FD,|4×LU₂|,|LU₂.LU₂.LU₂.LU₂|,𒇽,Type_2,compound,|LU₂.LU₂.LU₂.LU₂|,4,𒇽𒇽𒇽𒇽,U+121FD; U+121FD; U+121FD; U+121FD,SLLHA330_60n2 [Standard Babylonian (any period) | Akkado-Babylonian]
U+121FD,|LU₂×AL|,|LU₂.AL|,𒇽,Type_2,compound,|LU₂.AL|,1,𒇽𒀠,U+121FD; U+12020,MZL523 [Standard Babylonian (any period) | Akkado-Babylonian]; SLLHA330_7an1 [Standard Babylonian (any period) | Akkado-Babylonian]
U+12020,|LU₂×AL|,|LU₂.AL|,𒀠,Type_2,compound,|LU₂.AL|,2,𒇽𒀠,U+121FD; U+12020,MZL523 [Standard Babylonian (any period) | Akkado-Babylonian]; SLLHA330_7an1 [Standard Babylonian (any period) | Akkado-Babylonian]
U+121FD,|LU₂×BAD|,|LU₂.BAD|,𒇽,Type_2,compound,|LU₂.BAD|,1,𒇽𒁁,U+121FD; U+12041,LAK344 [Uruk IV–III (~3400–3000 BCE) | Archaic / Uruk]; ASY181 [Standard Babylonian (any period) | Akkadian syllabary]; ABZL256 [Old Babylonian (~2000–1600 BCE) | School texts]; BAU237 [Early Dynastic (~2900–2340 BCE) | Lagash]; KWU082 [Ur III (~2112–2004 BCE) | Administrative]; MZL517 [Standard Babylonian (any period) | Akkado-Babylonian]; PTACE018 [Early Dynastic (~2900–2340 BCE) | Ebla]; RSP397 [Early Dynastic (~2900–2340 BCE) | Presargonic Lagash]; SLLHA330_6 [Standard Babylonian (any period) | Akkado-Babylonian]
U+12041,|LU₂×BAD|,|LU₂.BAD|,𒁁,Type_2,compound,|LU₂.BAD|,2,𒇽𒁁,U+121FD; U+12041,LAK344 [Uruk IV–III (~3400–3000 BCE) | Archaic / Uruk]; ASY181 [Standard Babylonian (any period) | Akkadian syllabary]; ABZL256 [Old Babylonian (~2000–1600 BCE) | School texts]; BAU237 [Early Dynastic (~2900–2340 BCE) | Lagash]; KWU082 [Ur III (~2112–2004 BCE) | Administrative]; MZL517 [Standard Babylonian (any period) | Akkado-Babylonian]; PTACE018 [Early Dynastic (~2900–2340 BCE) | Ebla]; RSP397 [Early Dynastic (~2900–2340 BCE) | Presargonic Lagash]; SLLHA330_6 [Standard Babylonian (any period) | Akkado-Babylonian]
U+121FD,|LU₂×BAD|,|LU₂.LAGAB×U|,𒇽,Type_2,compound,|LU₂.LAGAB×U|,1,𒇽𒇥,U+121FD; U+121E5,LAK344 [Uruk IV–III (~3400–3000 BCE) | Archaic / Uruk]; ASY181 [Standard Babylonian (any period) | Akkadian syllabary]; ABZL256 [Old Babylonian (~2000–1600 BCE) | School texts]; BAU237 [Early Dynastic (~2900–2340 BCE) | Lagash]; KWU082 [Ur III (~2112–2004 BCE) | Administrative]; MZL517 [Standard Babylonian (any period) | Akkado-Babylonian]; PTACE018 [Early Dynastic (~2900–2340 BCE) | Ebla]; RSP397 [Early Dynastic (~2900–2340 BCE) | Presargonic Lagash]; SLLHA330_6 [Standard Babylonian (any period) | Akkado-Babylonian]
U+121E5,|LU₂×BAD|,|LU₂.LAGAB×U|,𒇥,Type_2,compound,|LU₂.LAGAB×U|,2,𒇽𒇥,U+121FD; U+121E5,LAK344 [Uruk IV–III (~3400–3000 BCE) | Archaic / Uruk]; ASY181 [Standard Babylonian (any period) | Akkadian syllabary]; ABZL256 [Old Babylonian (~2000–1600 BCE) | School texts]; BAU237 [Early Dynastic (~2900–2340 BCE) | Lagash]; KWU082 [Ur III (~2112–2004 BCE) | Administrative]; MZL517 [Standard Babylonian (any period) | Akkado-Babylonian]; PTACE018 [Early Dynastic (~2900–2340 BCE) | Ebla]; RSP397 [Early Dynastic (~2900–2340 BCE) | Presargonic Lagash]; SLLHA330_6 [Standard Babylonian (any period) | Akkado-Babylonian]
U+121FF,|LU₂×BAD|,|LU₂×UŠ₂|,𒇿,Type_3,LUBAD_v1,,,,,ZATU020 [Uruk IV–III (~3400–3000 BCE) | Archaic / Uruk]; LAK344 [Uruk IV–III (~3400–3000 BCE) | Archaic / Uruk]; ASY181 [Standard Babylonian (any period) | Akkadian syllabary]; ABZL256 [Old Babylonian (~2000–1600 BCE) | School texts]; BAU237 [Early Dynastic (~2900–2340 BCE) | Lagash]; KWU082 [Ur III (~2112–2004 BCE) | Administrative]; MZL517 [Standard Babylonian (any period) | Akkado-Babylonian]; PTACE018 [Early Dynastic (~2900–2340 BCE) | Ebla]; RSP397 [Early Dynastic (~2900–2340 BCE) | Presargonic Lagash]; SLLHA330_6 [Standard Babylonian (any period) | Akkado-Babylonian]
U+121FD,|LU₂×(EŠ₂.LAL)|,|LU₂.EŠ₂.LAL|,𒇽,Type_2,compound,|LU₂.EŠ₂.LAL|,1,𒇽𒂠𒇲,U+121FD; U+120A0; U+121F2,
U+120A0,|LU₂×(EŠ₂.LAL)|,|LU₂.EŠ₂.LAL|,𒂠,Type_2,compound,|LU₂.EŠ₂.LAL|,2,𒇽𒂠𒇲,U+121FD; U+120A0; U+121F2,
U+121F2,|LU₂×(EŠ₂.LAL)|,|LU₂.EŠ₂.LAL|,𒇲,Type_2,compound,|LU₂.EŠ₂.LAL|,3,𒇽𒂠𒇲,U+121FD; U+120A0; U+121F2,
U+121FD,|LU₂×EŠ₂@t|,|LU₂.EŠ₂|,𒇽,Type_2,compound,|LU₂.EŠ₂|,1,𒇽𒂠,U+121FD; U+120A0,MZL531 [Standard Babylonian (any period) | Akkado-Babylonian]; SLLHA330_7cn [Standard Babylonian (any period) | Akkado-Babylonian]
U+120A0,|LU₂×EŠ₂@t|,|LU₂.EŠ₂|,𒂠,Type_2,compound,|LU₂.EŠ₂|,2,𒇽𒂠,U+121FD; U+120A0,MZL531 [Standard Babylonian (any period) | Akkado-Babylonian]; SLLHA330_7cn [Standard Babylonian (any period) | Akkado-Babylonian]
U+121FD,|LU₂×EŠ₂@t|,|LU₂.EŠ₂@t|,𒇽,Type_2,compound,|LU₂.EŠ₂@t|,1,𒇽󰁤,U+121FD; U+F0064,MZL531 [Standard Babylonian (any period) | Akkado-Babylonian]; SLLHA330_7cn [Standard Babylonian (any period) | Akkado-Babylonian]
U+F0064,|LU₂×EŠ₂@t|,|LU₂.EŠ₂@t|,,Type_2,compound,|LU₂.EŠ₂@t|,2,𒇽󰁤,U+121FD; U+F0064,MZL531 [Standard Babylonian (any period) | Akkado-Babylonian]; SLLHA330_7cn [Standard Babylonian (any period) | Akkado-Babylonian]
U+121FD,|LU₂×EŠ₂@t|,|LU₂.ŠU|,𒇽,Type_2,compound,|LU₂.ŠU|,1,𒇽𒋗,U+121FD; U+122D7,MZL531 [Standard Babylonian (any period) | Akkado-Babylonian]; SLLHA330_7cn [Standard Babylonian (any period) | Akkado-Babylonian]
U+122D7,|LU₂×EŠ₂@t|,|LU₂.ŠU|,𒋗,Type_2,compound,|LU₂.ŠU|,2,𒇽𒋗,U+121FD; U+122D7,MZL531 [Standard Babylonian (any period) | Akkado-Babylonian]; SLLHA330_7cn [Standard Babylonian (any period) | Akkado-Babylonian]
U+12201,|LU₂×EŠ₂@t|,|LU₂×ŠU|,𒈁,Type_3,LUEST_v1,,,,,MZL531 [Standard Babylonian (any period) | Akkado-Babylonian]; SLLHA330_7cn [Standard Babylonian (any period) | Akkado-Babylonian]
U+121FD,|LU₂×GAN₂@t|,|LU₂.GAN₂@t|,𒇽,Type_2,compound,|LU₂.GAN₂@t|,1,𒇽𒃸,U+121FD; U+120F8,ABZL258 [Old Babylonian (~2000–1600 BCE) | School texts]; ELLES189 [Early Dynastic (~2900–2340 BCE) | Ebla]; MZL521 [Standard Babylonian (any period) | Akkado-Babylonian]; PTACE019 [Early Dynastic (~2900–2340 BCE) | Ebla]; SLLHA330_7 [Standard Babylonian (any period) | Akkado-Babylonian]
U+120F8,|LU₂×GAN₂@t|,|LU₂.GAN₂@t|,𒃸,Type_2,compound,|LU₂.GAN₂@t|,2,𒇽𒃸,U+121FD; U+120F8,ABZL258 [Old Babylonian (~2000–1600 BCE) | School texts]; ELLES189 [Early Dynastic (~2900–2340 BCE) | Ebla]; MZL521 [Standard Babylonian (any period) | Akkado-Babylonian]; PTACE019 [Early Dynastic (~2900–2340 BCE) | Ebla]; SLLHA330_7 [Standard Babylonian (any period) | Akkado-Babylonian]
U+121FD,|LU₂×GAN₂@t|,|LU₂.ŠA₃|,𒇽,Type_2,compound,|LU₂.ŠA₃|,1,𒇽𒊮,U+121FD; U+122AE,ABZL258 [Old Babylonian (~2000–1600 BCE) | School texts]; ELLES189 [Early Dynastic (~2900–2340 BCE) | Ebla]; MZL521 [Standard Babylonian (any period) | Akkado-Babylonian]; PTACE019 [Early Dynastic (~2900–2340 BCE) | Ebla]; SLLHA330_7 [Standard Babylonian (any period) | Akkado-Babylonian]
U+122AE,|LU₂×GAN₂@t|,|LU₂.ŠA₃|,𒊮,Type_2,compound,|LU₂.ŠA₃|,2,𒇽𒊮,U+121FD; U+122AE,ABZL258 [Old Babylonian (~2000–1600 BCE) | School texts]; ELLES189 [Early Dynastic (~2900–2340 BCE) | Ebla]; MZL521 [Standard Babylonian (any period) | Akkado-Babylonian]; PTACE019 [Early Dynastic (~2900–2340 BCE) | Ebla]; SLLHA330_7 [Standard Babylonian (any period) | Akkado-Babylonian]
U+12202,|LU₂×GAN₂@t|,|LU₂×AŠ₂|,𒈂,Type_3,LUGANT_v1,,,,,ABZL258 [Old Babylonian (~2000–1600 BCE) | School texts]; ELLES189 [Early Dynastic (~2900–2340 BCE) | Ebla]; MZL521 [Standard Babylonian (any period) | Akkado-Babylonian]; PTACE019 [Early Dynastic (~2900–2340 BCE) | Ebla]; SLLHA330_7 [Standard Babylonian (any period) | Akkado-Babylonian]
U+12202,|LU₂×GAN₂@t|,|LU₂×EŠ₂|,𒈂,Type_3,LUGANT_v1,,,,,ABZL258 [Old Babylonian (~2000–1600 BCE) | School texts]; ELLES189 [Early Dynastic (~2900–2340 BCE) | Ebla]; MZL521 [Standard Babylonian (any period) | Akkado-Babylonian]; PTACE019 [Early Dynastic (~2900–2340 BCE) | Ebla]; SLLHA330_7 [Standard Babylonian (any period) | Akkado-Babylonian]
U+1251B,|LU₂×HAL|,LAK340,𒔛,Type_3,LUHAL_v1,,,,,LAK340 [Uruk IV–III (~3400–3000 BCE) | Archaic / Uruk]
U+121FD,|LU₂×HI×BAD|,|LU₂.HI.BAD|,𒇽,Type_2,compound,|LU₂.HI.BAD|,1,𒇽𒄭𒁁,U+121FD; U+1212D; U+12041,MZL525 [Standard Babylonian (any period) | Akkado-Babylonian]; SLLHA330_7an3v [Standard Babylonian (any period) | Akkado-Babylonian]
U+1212D,|LU₂×HI×BAD|,|LU₂.HI.BAD|,𒄭,Type_2,compound,|LU₂.HI.BAD|,2,𒇽𒄭𒁁,U+121FD; U+1212D; U+12041,MZL525 [Standard Babylonian (any period) | Akkado-Babylonian]; SLLHA330_7an3v [Standard Babylonian (any period) | Akkado-Babylonian]
U+12041,|LU₂×HI×BAD|,|LU₂.HI.BAD|,𒁁,Type_2,compound,|LU₂.HI.BAD|,3,𒇽𒄭𒁁,U+121FD; U+1212D; U+12041,MZL525 [Standard Babylonian (any period) | Akkado-Babylonian]; SLLHA330_7an3v [Standard Babylonian (any period) | Akkado-Babylonian]
U+12206,|LU₂×KAD₂|,|LU₂×KAD₃|,𒈆,Type_1,LUKAD_v1,,,,,MZL519 [Standard Babylonian (any period) | Akkado-Babylonian]; SLLHA330_0n [Standard Babylonian (any period) | Akkado-Babylonian]
U+1220A,|LU₂×LAGAB|,|LU₂.LAGAB|,𒈊,Type_3,LULAGAB_v1,,,,,MZL528 [Standard Babylonian (any period) | Akkado-Babylonian]; SLLHA330_7b [Standard Babylonian (any period) | Akkado-Babylonian]
U+1220B,|LU₂×(ME.EN)|,|LU₂.ME.EN|,𒈋,Type_3,LUMEEN_v1,,,,,MZL527' [Standard Babylonian (any period) | Akkado-Babylonian]; SLLHA330_7bn [Standard Babylonian (any period) | Akkado-Babylonian]
U+121FD,|LU₂×NE|,|LU₂.NE|,𒇽,Type_2,compound,|LU₂.NE|,1,𒇽𒉈,U+121FD; U+12248,ABZL257 [Old Babylonian (~2000–1600 BCE) | School texts]; MZL522 [Standard Babylonian (any period) | Akkado-Babylonian]; SLLHA330_7a [Standard Babylonian (any period) | Akkado-Babylonian]
U+12248,|LU₂×NE|,|LU₂.NE|,𒉈,Type_2,compound,|LU₂.NE|,2,𒇽𒉈,U+121FD; U+12248,ABZL257 [Old Babylonian (~2000–1600 BCE) | School texts]; MZL522 [Standard Babylonian (any period) | Akkado-Babylonian]; SLLHA330_7a [Standard Babylonian (any period) | Akkado-Babylonian]
U+121FD,|LU₂×NU|,|LU₂.NU|,𒇽,Type_2,compound,|LU₂.NU|,1,𒇽𒉡,U+121FD; U+12261,
U+12261,|LU₂×NU|,|LU₂.NU|,𒉡,Type_2,compound,|LU₂.NU|,2,𒇽𒉡,U+121FD; U+12261,
U+1220F,|LU₂×(SIK₂.BU)|,|LU₂×(SIK₂.SUD)|,𒈏,Type_3,LUSIKBU_v1,,,,,MZL533 [Standard Babylonian (any period) | Akkado-Babylonian]; SLLHA330_7dn [Standard Babylonian (any period) | Akkado-Babylonian]
U+12210,|LU₂×TUG₂|,|AL×TUG₂|,𒈐,Type_3,LUTUG_v1,,,,,MZL530 [Standard Babylonian (any period) | Akkado-Babylonian]; SLLHA330_7c [Standard Babylonian (any period) | Akkado-Babylonian]
U+12215,LU₂@s,LAK349,𒈕,Type_3,LUS_v1,,,,,LAK349 [Uruk IV–III (~3400–3000 BCE) | Archaic / Uruk]; ABZL254 [Old Babylonian (~2000–1600 BCE) | School texts]; BAU277 [Early Dynastic (~2900–2340 BCE) | Lagash]; KWU081 [Ur III (~2112–2004 BCE) | Administrative]; MZL516 [Standard Babylonian (any period) | Akkado-Babylonian]; REC290 [Uruk IV–III (~3400–3000 BCE) | Archaic / Uruk]; RSP398 [Early Dynastic (~2900–2340 BCE) | Presargonic Lagash]; SLLHA330_8n [Standard Babylonian (any period) | Akkado-Babylonian]
U+121FD,LU₂@s,|LU₂.GAM|,𒇽,Type_2,compound,|LU₂.GAM|,1,𒇽𒃵,U+121FD; U+120F5,ABZL254 [Old Babylonian (~2000–1600 BCE) | School texts]; BAU277 [Early Dynastic (~2900–2340 BCE) | Lagash]; KWU081 [Ur III (~2112–2004 BCE) | Administrative]; MZL516 [Standard Babylonian (any period) | Akkado-Babylonian]; REC290 [Uruk IV–III (~3400–3000 BCE) | Archaic / Uruk]; RSP398 [Early Dynastic (~2900–2340 BCE) | Presargonic Lagash]; SLLHA330_8n [Standard Babylonian (any period) | Akkado-Babylonian]
U+120F5,LU₂@s,|LU₂.GAM|,𒃵,Type_2,compound,|LU₂.GAM|,2,𒇽𒃵,U+121FD; U+120F5,ABZL254 [Old Babylonian (~2000–1600 BCE) | School texts]; BAU277 [Early Dynastic (~2900–2340 BCE) | Lagash]; KWU081 [Ur III (~2112–2004 BCE) | Administrative]; MZL516 [Standard Babylonian (any period) | Akkado-Babylonian]; REC290 [Uruk IV–III (~3400–3000 BCE) | Archaic / Uruk]; RSP398 [Early Dynastic (~2900–2340 BCE) | Presargonic Lagash]; SLLHA330_8n [Standard Babylonian (any period) | Akkado-Babylonian]
U+121FD,LU₂@s,|LU₂.GAN|,𒇽,Type_2,compound,|LU₂.GAN|,1,𒇽𒃶,U+121FD; U+120F6,ABZL254 [Old Babylonian (~2000–1600 BCE) | School texts]; BAU277 [Early Dynastic (~2900–2340 BCE) | Lagash]; KWU081 [Ur III (~2112–2004 BCE) | Administrative]; MZL516 [Standard Babylonian (any period) | Akkado-Babylonian]; REC290 [Uruk IV–III (~3400–3000 BCE) | Archaic / Uruk]; RSP398 [Early Dynastic (~2900–2340 BCE) | Presargonic Lagash]; SLLHA330_8n [Standard Babylonian (any period) | Akkado-Babylonian]
U+120F6,LU₂@s,|LU₂.GAN|,𒃶,Type_2,compound,|LU₂.GAN|,2,𒇽𒃶,U+121FD; U+120F6,ABZL254 [Old Babylonian (~2000–1600 BCE) | School texts]; BAU277 [Early Dynastic (~2900–2340 BCE) | Lagash]; KWU081 [Ur III (~2112–2004 BCE) | Administrative]; MZL516 [Standard Babylonian (any period) | Akkado-Babylonian]; REC290 [Uruk IV–III (~3400–3000 BCE) | Archaic / Uruk]; RSP398 [Early Dynastic (~2900–2340 BCE) | Presargonic Lagash]; SLLHA330_8n [Standard Babylonian (any period) | Akkado-Babylonian]
U+12215,LU₂@s,|LU₂×GAM|,𒈕,Type_3,LUS_v1,,,,,ABZL254 [Old Babylonian (~2000–1600 BCE) | School texts]; BAU277 [Early Dynastic (~2900–2340 BCE) | Lagash]; KWU081 [Ur III (~2112–2004 BCE) | Administrative]; MZL516 [Standard Babylonian (any period) | Akkado-Babylonian]; REC290 [Uruk IV–III (~3400–3000 BCE) | Archaic / Uruk]; RSP398 [Early Dynastic (~2900–2340 BCE) | Presargonic Lagash]; SLLHA330_8n [Standard Babylonian (any period) | Akkado-Babylonian]
U+12048,|LU₃.PAP.PAP|,|BARA₂.PAP.PAP|,𒁈,Type_2,compound,|BARA₂.PAP.PAP|,1,𒁈𒉽𒉽,U+12048; U+1227D; U+1227D,
U+1227D,|LU₃.PAP.PAP|,|BARA₂.PAP.PAP|,𒉽,Type_2,compound,|BARA₂.PAP.PAP|,2,𒁈𒉽𒉽,U+12048; U+1227D; U+1227D,
U+1227D,|LU₃.PAP.PAP|,|BARA₂.PAP.PAP|,𒉽,Type_2,compound,|BARA₂.PAP.PAP|,3,𒁈𒉽𒉽,U+12048; U+1227D; U+1227D,
U+12048,|LU₃.PAP.PAP|,|BARA₂.PAP.ŠE.PAP|,𒁈,Type_2,compound,|BARA₂.PAP.ŠE.PAP|,1,𒁈𒉽𒊺𒉽,U+12048; U+1227D; U+122BA; U+1227D,
U+1227D,|LU₃.PAP.PAP|,|BARA₂.PAP.ŠE.PAP|,𒉽,Type_2,compound,|BARA₂.PAP.ŠE.PAP|,2,𒁈𒉽𒊺𒉽,U+12048; U+1227D; U+122BA; U+1227D,
U+122BA,|LU₃.PAP.PAP|,|BARA₂.PAP.ŠE.PAP|,𒊺,Type_2,compound,|BARA₂.PAP.ŠE.PAP|,3,𒁈𒉽𒊺𒉽,U+12048; U+1227D; U+122BA; U+1227D,
U+1227D,|LU₃.PAP.PAP|,|BARA₂.PAP.ŠE.PAP|,𒉽,Type_2,compound,|BARA₂.PAP.ŠE.PAP|,4,𒁈𒉽𒊺𒉽,U+12048; U+1227D; U+122BA; U+1227D,
U+1227D,|LU₃.PAP.PAP|,|PAP.PAP.LU₃|,𒉽,Type_2,compound,|PAP.PAP.LU₃|,1,𒉽𒉽𒈖,U+1227D; U+1227D; U+12216,
U+1227D,|LU₃.PAP.PAP|,|PAP.PAP.LU₃|,𒉽,Type_2,compound,|PAP.PAP.LU₃|,2,𒉽𒉽𒈖,U+1227D; U+1227D; U+12216,
U+12216,|LU₃.PAP.PAP|,|PAP.PAP.LU₃|,𒈖,Type_2,compound,|PAP.PAP.LU₃|,3,𒉽𒉽𒈖,U+1227D; U+1227D; U+12216,
U+12219,|LUGAL&LUGAL|,|LUGAL@LUGAL|,𒈙,Type_1,LUGALLUG_v1,,,,,MZL268 [Standard Babylonian (any period) | Akkado-Babylonian]; SLLHA151v [Standard Babylonian (any period) | Akkado-Babylonian]; SLLHA151vn [Standard Babylonian (any period) | Akkado-Babylonian]
U+12218,|LUGAL&LUGAL|,|LUGAL%LUGAL|,𒈘,Type_3,LUGALLUG_v2,,,,,SLLHA151vn [Standard Babylonian (any period) | Akkado-Babylonian]
U+1221C,LUL,LAK244,𒈜,Type_3,LUL_v1,,,,,LAK244 [Uruk IV–III (~3400–3000 BCE) | Archaic / Uruk]; ELLES138 [Early Dynastic (~2900–2340 BCE) | Ebla]; RSP468ter [Early Dynastic (~2900–2340 BCE) | Presargonic Lagash]; LAK242 [Uruk IV–III (~3400–3000 BCE) | Archaic / Uruk]; LAK243 [Uruk IV–III (~3400–3000 BCE) | Archaic / Uruk]; ASY207 [Standard Babylonian (any period) | Akkadian syllabary]; ABZL296 [Old Babylonian (~2000–1600 BCE) | School texts]; BAU103a [Early Dynastic (~2900–2340 BCE) | Lagash]; BAU160 [Early Dynastic (~2900–2340 BCE) | Lagash]; ELLES136 [Early Dynastic (~2900–2340 BCE) | Ebla]; GCSL164 [Gudea period (~2100 BCE) | Lagash / Girsu]; KWU455 [Ur III (~2112–2004 BCE) | Administrative]; MZL570 [Standard Babylonian (any period) | Akkado-Babylonian]; PTACE131 [Early Dynastic (~2900–2340 BCE) | Ebla]; RSP468 [Early Dynastic (~2900–2340 BCE) | Presargonic Lagash]; SLLHA355 [Standard Babylonian (any period) | Akkado-Babylonian]; SYA181 [Standard Babylonian (any period) | Akkadian syllabary]
U+1221C,LUL,RSP468bis,𒈜,Type_3,LUL_v1,,,,,RSP468bis [Early Dynastic (~2900–2340 BCE) | Presargonic Lagash]; LAK242 [Uruk IV–III (~3400–3000 BCE) | Archaic / Uruk]; LAK243 [Uruk IV–III (~3400–3000 BCE) | Archaic / Uruk]; ASY207 [Standard Babylonian (any period) | Akkadian syllabary]; ABZL296 [Old Babylonian (~2000–1600 BCE) | School texts]; BAU103a [Early Dynastic (~2900–2340 BCE) | Lagash]; BAU160 [Early Dynastic (~2900–2340 BCE) | Lagash]; ELLES136 [Early Dynastic (~2900–2340 BCE) | Ebla]; GCSL164 [Gudea period (~2100 BCE) | Lagash / Girsu]; KWU455 [Ur III (~2112–2004 BCE) | Administrative]; MZL570 [Standard Babylonian (any period) | Akkado-Babylonian]; PTACE131 [Early Dynastic (~2900–2340 BCE) | Ebla]; RSP468 [Early Dynastic (~2900–2340 BCE) | Presargonic Lagash]; SLLHA355 [Standard Babylonian (any period) | Akkado-Babylonian]; SYA181 [Standard Babylonian (any period) | Akkadian syllabary]
U+1221E,|LUM&LUM|,|LUM%LUM|,𒈞,Type_3,LUMLUM_v1,,,,,MZL902 [Standard Babylonian (any period) | Akkado-Babylonian]
U+12222,MA@g,|MA×GAN₂@t|,𒈢,Type_3,MAG_v1,,,,,LAK035 [Uruk IV–III (~3400–3000 BCE) | Archaic / Uruk]; ABZL218 [Old Babylonian (~2000–1600 BCE) | School texts]; ELLES020 [Early Dynastic (~2900–2340 BCE) | Ebla]; HZL219 [Hittite period (~1650–1180 BCE) | Hittite]; KWU292 [Ur III (~2112–2004 BCE) | Administrative]; MZL270 [Standard Babylonian (any period) | Akkado-Babylonian]; PTACE027 [Early Dynastic (~2900–2340 BCE) | Ebla]; RSP290 [Early Dynastic (~2900–2340 BCE) | Presargonic Lagash]; SLLHA146 [Standard Babylonian (any period) | Akkado-Babylonian]
U+12137,|MA₂.HU|,|HU.MA₂|,𒄷,Type_2,compound,|HU.MA₂|,1,𒄷𒈣,U+12137; U+12223,
U+12223,|MA₂.HU|,|HU.MA₂|,𒈣,Type_2,compound,|HU.MA₂|,2,𒄷𒈣,U+12137; U+12223,
U+12223,|MA₂.IGI@g|,|MA₂.IGI|,𒈣,Type_2,compound,|MA₂.IGI|,1,𒈣𒅆,U+12223; U+12146,
U+12146,|MA₂.IGI@g|,|MA₂.IGI|,𒅆,Type_2,compound,|MA₂.IGI|,2,𒈣𒅆,U+12223; U+12146,
U+12223,|MA₂.LIŠ|,|MA₂.HI.DIŠ|,𒈣,Type_2,compound,|MA₂.HI.DIŠ|,1,𒈣𒄭𒁹,U+12223; U+1212D; U+12079,
U+1212D,|MA₂.LIŠ|,|MA₂.HI.DIŠ|,𒄭,Type_2,compound,|MA₂.HI.DIŠ|,2,𒈣𒄭𒁹,U+12223; U+1212D; U+12079,
U+12079,|MA₂.LIŠ|,|MA₂.HI.DIŠ|,𒁹,Type_2,compound,|MA₂.HI.DIŠ|,3,𒈣𒄭𒁹,U+12223; U+1212D; U+12079,
U+12223,|MA₂.MUG|,|MA₂.KAK|,𒈣,Type_2,compound,|MA₂.KAK|,1,𒈣𒆕,U+12223; U+12195,ABZL051 [Old Babylonian (~2000–1600 BCE) | School texts]; MZL202 [Standard Babylonian (any period) | Akkado-Babylonian]; SLLHA122a [Standard Babylonian (any period) | Akkado-Babylonian]
U+12195,|MA₂.MUG|,|MA₂.KAK|,𒆕,Type_2,compound,|MA₂.KAK|,2,𒈣𒆕,U+12223; U+12195,ABZL051 [Old Babylonian (~2000–1600 BCE) | School texts]; MZL202 [Standard Babylonian (any period) | Akkado-Babylonian]; SLLHA122a [Standard Babylonian (any period) | Akkado-Babylonian]
U+12224,MAH,MAH@v,𒈤,Type_3,MAH_v1,,,,,LAK057 [Uruk IV–III (~3400–3000 BCE) | Archaic / Uruk]; ASY029 [Standard Babylonian (any period) | Akkadian syllabary]; ABZL006 [Old Babylonian (~2000–1600 BCE) | School texts]; GCSL023 [Gudea period (~2100 BCE) | Lagash / Girsu]; HZL010 [Hittite period (~1650–1180 BCE) | Hittite]; KWU091 [Ur III (~2112–2004 BCE) | Administrative]; MZL091 [Standard Babylonian (any period) | Akkado-Babylonian]; PTACE242 [Early Dynastic (~2900–2340 BCE) | Ebla]; RSP368 [Early Dynastic (~2900–2340 BCE) | Presargonic Lagash]; SLLHA057 [Standard Babylonian (any period) | Akkado-Babylonian]; SYA024 [Standard Babylonian (any period) | Akkadian syllabary]
U+12226,MAŠ,MAŠ@t,𒈦,Type_3,MAS_v1,,,,,LAK042 [Uruk IV–III (~3400–3000 BCE) | Archaic / Uruk]; ASY047 [Standard Babylonian (any period) | Akkadian syllabary]; ABZL029 [Old Babylonian (~2000–1600 BCE) | School texts]; BAU045 [Early Dynastic (~2900–2340 BCE) | Lagash]; ELLES027 [Early Dynastic (~2900–2340 BCE) | Ebla]; GCSL027 [Gudea period (~2100 BCE) | Lagash / Girsu]; HZL020 [Hittite period (~1650–1180 BCE) | Hittite]; KWU107 [Ur III (~2112–2004 BCE) | Administrative]; MZL120 [Standard Babylonian (any period) | Akkado-Babylonian]; PTACE036 [Early Dynastic (~2900–2340 BCE) | Ebla]; RSP019 [Early Dynastic (~2900–2340 BCE) | Presargonic Lagash]; RSP047 [Early Dynastic (~2900–2340 BCE) | Presargonic Lagash]; SLLHA074 [Standard Babylonian (any period) | Akkado-Babylonian]; SYA040 [Standard Babylonian (any period) | Akkadian syllabary]
U+12226,MAŠ,F₇,𒈦,Type_3,MAS_v1,,,,,LAK042 [Uruk IV–III (~3400–3000 BCE) | Archaic / Uruk]; ASY047 [Standard Babylonian (any period) | Akkadian syllabary]; ABZL029 [Old Babylonian (~2000–1600 BCE) | School texts]; BAU045 [Early Dynastic (~2900–2340 BCE) | Lagash]; ELLES027 [Early Dynastic (~2900–2340 BCE) | Ebla]; GCSL027 [Gudea period (~2100 BCE) | Lagash / Girsu]; HZL020 [Hittite period (~1650–1180 BCE) | Hittite]; KWU107 [Ur III (~2112–2004 BCE) | Administrative]; MZL120 [Standard Babylonian (any period) | Akkado-Babylonian]; PTACE036 [Early Dynastic (~2900–2340 BCE) | Ebla]; RSP019 [Early Dynastic (~2900–2340 BCE) | Presargonic Lagash]; RSP047 [Early Dynastic (~2900–2340 BCE) | Presargonic Lagash]; SLLHA074 [Standard Babylonian (any period) | Akkado-Babylonian]; SYA040 [Standard Babylonian (any period) | Akkadian syllabary]
U+1227D,|MAŠ.GU₂.GAR₃|,|PAP.GU₂.GAR₃|,𒉽,Type_2,compound,|PAP.GU₂.GAR₃|,1,𒉽𒄘𒃼,U+1227D; U+12118; U+120FC,LAK063^a [Uruk IV–III (~3400–3000 BCE) | Archaic / Uruk]; ABZL030 [Old Babylonian (~2000–1600 BCE) | School texts]; GCSL028 [Gudea period (~2100 BCE) | Lagash / Girsu]; HZL253 [Hittite period (~1650–1180 BCE) | Hittite]; KWU104 [Ur III (~2112–2004 BCE) | Administrative]; KWU105 [Ur III (~2112–2004 BCE) | Administrative]; MZL124 [Standard Babylonian (any period) | Akkado-Babylonian]; RSP347 [Early Dynastic (~2900–2340 BCE) | Presargonic Lagash]; SLLHA074_238 [Standard Babylonian (any period) | Akkado-Babylonian]
U+12118,|MAŠ.GU₂.GAR₃|,|PAP.GU₂.GAR₃|,𒄘,Type_2,compound,|PAP.GU₂.GAR₃|,2,𒉽𒄘𒃼,U+1227D; U+12118; U+120FC,LAK063^a [Uruk IV–III (~3400–3000 BCE) | Archaic / Uruk]; ABZL030 [Old Babylonian (~2000–1600 BCE) | School texts]; GCSL028 [Gudea period (~2100 BCE) | Lagash / Girsu]; HZL253 [Hittite period (~1650–1180 BCE) | Hittite]; KWU104 [Ur III (~2112–2004 BCE) | Administrative]; KWU105 [Ur III (~2112–2004 BCE) | Administrative]; MZL124 [Standard Babylonian (any period) | Akkado-Babylonian]; RSP347 [Early Dynastic (~2900–2340 BCE) | Presargonic Lagash]; SLLHA074_238 [Standard Babylonian (any period) | Akkado-Babylonian]
U+120FC,|MAŠ.GU₂.GAR₃|,|PAP.GU₂.GAR₃|,𒃼,Type_2,compound,|PAP.GU₂.GAR₃|,3,𒉽𒄘𒃼,U+1227D; U+12118; U+120FC,LAK063^a [Uruk IV–III (~3400–3000 BCE) | Archaic / Uruk]; ABZL030 [Old Babylonian (~2000–1600 BCE) | School texts]; GCSL028 [Gudea period (~2100 BCE) | Lagash / Girsu]; HZL253 [Hittite period (~1650–1180 BCE) | Hittite]; KWU104 [Ur III (~2112–2004 BCE) | Administrative]; KWU105 [Ur III (~2112–2004 BCE) | Administrative]; MZL124 [Standard Babylonian (any period) | Akkado-Babylonian]; RSP347 [Early Dynastic (~2900–2340 BCE) | Presargonic Lagash]; SLLHA074_238 [Standard Babylonian (any period) | Akkado-Babylonian]
,|ME.NUN.TAG|,|TAG.NUN|,𒈨𒉣𒋳,Type_3,MENUNTAG_v1,,,,,
U+1222C,|MU&MU|,|MU.MU|,𒈬,Type_2,compound,|MU.MU|,1,𒈬𒈬,U+1222C; U+1222C,LAK015 [Uruk IV–III (~3400–3000 BCE) | Archaic / Uruk]; ASY119 [Standard Babylonian (any period) | Akkadian syllabary]; ABZL142 [Old Babylonian (~2000–1600 BCE) | School texts]; GCSL052 [Gudea period (~2100 BCE) | Lagash / Girsu]; HZL171 [Hittite period (~1650–1180 BCE) | Hittite]; KWU049 [Ur III (~2112–2004 BCE) | Administrative]; MZL301 [Standard Babylonian (any period) | Akkado-Babylonian]; PTACE025 [Early Dynastic (~2900–2340 BCE) | Ebla]; RSP439 [Early Dynastic (~2900–2340 BCE) | Presargonic Lagash]; SLLHA169 [Standard Babylonian (any period) | Akkado-Babylonian]; SYA103 [Standard Babylonian (any period) | Akkadian syllabary]
U+1222C,|MU&MU|,|MU.MU|,𒈬,Type_2,compound,|MU.MU|,2,𒈬𒈬,U+1222C; U+1222C,LAK015 [Uruk IV–III (~3400–3000 BCE) | Archaic / Uruk]; ASY119 [Standard Babylonian (any period) | Akkadian syllabary]; ABZL142 [Old Babylonian (~2000–1600 BCE) | School texts]; GCSL052 [Gudea period (~2100 BCE) | Lagash / Girsu]; HZL171 [Hittite period (~1650–1180 BCE) | Hittite]; KWU049 [Ur III (~2112–2004 BCE) | Administrative]; MZL301 [Standard Babylonian (any period) | Akkado-Babylonian]; PTACE025 [Early Dynastic (~2900–2340 BCE) | Ebla]; RSP439 [Early Dynastic (~2900–2340 BCE) | Presargonic Lagash]; SLLHA169 [Standard Babylonian (any period) | Akkado-Babylonian]; SYA103 [Standard Babylonian (any period) | Akkadian syllabary]
U+12532,|MU&MU|,|ŠE&ŠE|,𒔲,Type_1,MUMU_v1,,,,,LAK200 [Uruk IV–III (~3400–3000 BCE) | Archaic / Uruk]; LAK015 [Uruk IV–III (~3400–3000 BCE) | Archaic / Uruk]; ASY119 [Standard Babylonian (any period) | Akkadian syllabary]; ABZL142 [Old Babylonian (~2000–1600 BCE) | School texts]; GCSL052 [Gudea period (~2100 BCE) | Lagash / Girsu]; HZL171 [Hittite period (~1650–1180 BCE) | Hittite]; KWU049 [Ur III (~2112–2004 BCE) | Administrative]; MZL301 [Standard Babylonian (any period) | Akkado-Babylonian]; PTACE025 [Early Dynastic (~2900–2340 BCE) | Ebla]; RSP439 [Early Dynastic (~2900–2340 BCE) | Presargonic Lagash]; SLLHA169 [Standard Babylonian (any period) | Akkado-Babylonian]; SYA103 [Standard Babylonian (any period) | Akkadian syllabary]
U+1222E,MUG,|MUG.DIŠ|,𒈮,Type_2,compound,|MUG.DIŠ|,1,𒈮𒁹,U+1222E; U+12079,LAK048 [Uruk IV–III (~3400–3000 BCE) | Archaic / Uruk]; ASY003 [Standard Babylonian (any period) | Akkadian syllabary]; ABZL012 [Old Babylonian (~2000–1600 BCE) | School texts]; ELLES029 [Early Dynastic (~2900–2340 BCE) | Ebla]; HZL022 [Hittite period (~1650–1180 BCE) | Hittite]; KWU084 [Ur III (~2112–2004 BCE) | Administrative]; MZL012 [Standard Babylonian (any period) | Akkado-Babylonian]; PTACE060 [Early Dynastic (~2900–2340 BCE) | Ebla]; RSP168 [Early Dynastic (~2900–2340 BCE) | Presargonic Lagash]; SLLHA003 [Standard Babylonian (any period) | Akkado-Babylonian]; SYA003 [Standard Babylonian (any period) | Akkadian syllabary]
U+12079,MUG,|MUG.DIŠ|,𒁹,Type_2,compound,|MUG.DIŠ|,2,𒈮𒁹,U+1222E; U+12079,LAK048 [Uruk IV–III (~3400–3000 BCE) | Archaic / Uruk]; ASY003 [Standard Babylonian (any period) | Akkadian syllabary]; ABZL012 [Old Babylonian (~2000–1600 BCE) | School texts]; ELLES029 [Early Dynastic (~2900–2340 BCE) | Ebla]; HZL022 [Hittite period (~1650–1180 BCE) | Hittite]; KWU084 [Ur III (~2112–2004 BCE) | Administrative]; MZL012 [Standard Babylonian (any period) | Akkado-Babylonian]; PTACE060 [Early Dynastic (~2900–2340 BCE) | Ebla]; RSP168 [Early Dynastic (~2900–2340 BCE) | Presargonic Lagash]; SLLHA003 [Standard Babylonian (any period) | Akkado-Babylonian]; SYA003 [Standard Babylonian (any period) | Akkadian syllabary]
U+1227A,MUNSUB,|PA.MUNSUB|,𒉺,Type_2,compound,|PA.MUNSUB|,1,𒉺𒈰,U+1227A; U+12230,LAK672^b [Uruk IV–III (~3400–3000 BCE) | Archaic / Uruk]; ABZL397 [Old Babylonian (~2000–1600 BCE) | School texts]; ELLES329 [Early Dynastic (~2900–2340 BCE) | Ebla]; PTACE275 [Early Dynastic (~2900–2340 BCE) | Ebla]; MZL820 [Standard Babylonian (any period) | Akkado-Babylonian]; SLLHA543 [Standard Babylonian (any period) | Akkado-Babylonian]
U+12230,MUNSUB,|PA.MUNSUB|,𒈰,Type_2,compound,|PA.MUNSUB|,2,𒉺𒈰,U+1227A; U+12230,LAK672^b [Uruk IV–III (~3400–3000 BCE) | Archaic / Uruk]; ABZL397 [Old Babylonian (~2000–1600 BCE) | School texts]; ELLES329 [Early Dynastic (~2900–2340 BCE) | Ebla]; PTACE275 [Early Dynastic (~2900–2340 BCE) | Ebla]; MZL820 [Standard Babylonian (any period) | Akkado-Babylonian]; SLLHA543 [Standard Babylonian (any period) | Akkado-Babylonian]
U+122E0,MUNSUB,|SIK₂.SUHUR|,𒋠,Type_2,compound,|SIK₂.SUHUR|,1,𒋠𒋦,U+122E0; U+122E6,LAK672^b [Uruk IV–III (~3400–3000 BCE) | Archaic / Uruk]; ABZL397 [Old Babylonian (~2000–1600 BCE) | School texts]; ELLES329 [Early Dynastic (~2900–2340 BCE) | Ebla]; PTACE275 [Early Dynastic (~2900–2340 BCE) | Ebla]; MZL820 [Standard Babylonian (any period) | Akkado-Babylonian]; SLLHA543 [Standard Babylonian (any period) | Akkado-Babylonian]
U+122E6,MUNSUB,|SIK₂.SUHUR|,𒋦,Type_2,compound,|SIK₂.SUHUR|,2,𒋠𒋦,U+122E0; U+122E6,LAK672^b [Uruk IV–III (~3400–3000 BCE) | Archaic / Uruk]; ABZL397 [Old Babylonian (~2000–1600 BCE) | School texts]; ELLES329 [Early Dynastic (~2900–2340 BCE) | Ebla]; PTACE275 [Early Dynastic (~2900–2340 BCE) | Ebla]; MZL820 [Standard Babylonian (any period) | Akkado-Babylonian]; SLLHA543 [Standard Babylonian (any period) | Akkado-Babylonian]
U+12230,MUNSUB,UŠX,𒈰,Type_3,MUNSUB_v1,,,,,LAK672^a [Uruk IV–III (~3400–3000 BCE) | Archaic / Uruk]; LAK672^b [Uruk IV–III (~3400–3000 BCE) | Archaic / Uruk]; ABZL397 [Old Babylonian (~2000–1600 BCE) | School texts]; ELLES329 [Early Dynastic (~2900–2340 BCE) | Ebla]; PTACE275 [Early Dynastic (~2900–2340 BCE) | Ebla]; MZL820 [Standard Babylonian (any period) | Akkado-Babylonian]; SLLHA543 [Standard Babylonian (any period) | Akkado-Babylonian]
U+12231,MURGU₂,SIG₄,𒈱,Type_3,MURGU_v1,,,,,LAK188 [Uruk IV–III (~3400–3000 BCE) | Archaic / Uruk]; BAU206 [Early Dynastic (~2900–2340 BCE) | Lagash]; ELLES111 [Early Dynastic (~2900–2340 BCE) | Ebla]; GCSL096 [Gudea period (~2100 BCE) | Lagash / Girsu]; PTACE214 [Early Dynastic (~2900–2340 BCE) | Ebla]; RSP114 [Early Dynastic (~2900–2340 BCE) | Presargonic Lagash]; ABZL242 [Old Babylonian (~2000–1600 BCE) | School texts]; HZL311 [Hittite period (~1650–1180 BCE) | Hittite]; KWU354 [Ur III (~2112–2004 BCE) | Administrative]; LAK193 [Uruk IV–III (~3400–3000 BCE) | Archaic / Uruk]; MZL901 [Standard Babylonian (any period) | Akkado-Babylonian]; RSP113 [Early Dynastic (~2900–2340 BCE) | Presargonic Lagash]; SLLHA565 [Standard Babylonian (any period) | Akkado-Babylonian]
U+12232,MUŠ,BAU153,𒈲,Type_3,MUS_v1,,,,,BAU153 [Early Dynastic (~2900–2340 BCE) | Lagash]; ZATU059 [Uruk IV–III (~3400–3000 BCE) | Archaic / Uruk]; LAK235 [Uruk IV–III (~3400–3000 BCE) | Archaic / Uruk]; ASY216 [Standard Babylonian (any period) | Akkadian syllabary]; ABZL267 [Old Babylonian (~2000–1600 BCE) | School texts]; BAU152 [Early Dynastic (~2900–2340 BCE) | Lagash]; ELLES133 [Early Dynastic (~2900–2340 BCE) | Ebla]; GCSL117 [Gudea period (~2100 BCE) | Lagash / Girsu]; HZL342 [Hittite period (~1650–1180 BCE) | Hittite]; KWU388 [Ur III (~2112–2004 BCE) | Administrative]; MZL585 [Standard Babylonian (any period) | Akkado-Babylonian]; RSP337 [Early Dynastic (~2900–2340 BCE) | Presargonic Lagash]; SLLHA374 [Standard Babylonian (any period) | Akkado-Babylonian]; SYA188 [Standard Babylonian (any period) | Akkadian syllabary]
U+12046,|MUŠ.DIN.ŠE.NUN&NUN.BALAG|,|BALAG.DIN.AN.MUŠ|,𒁆,Type_2,compound,|BALAG.DIN.AN.MUŠ|,1,𒁆𒁷𒀭𒈲,U+12046; U+12077; U+1202D; U+12232,
U+12077,|MUŠ.DIN.ŠE.NUN&NUN.BALAG|,|BALAG.DIN.AN.MUŠ|,𒁷,Type_2,compound,|BALAG.DIN.AN.MUŠ|,2,𒁆𒁷𒀭𒈲,U+12046; U+12077; U+1202D; U+12232,
U+1202D,|MUŠ.DIN.ŠE.NUN&NUN.BALAG|,|BALAG.DIN.AN.MUŠ|,𒀭,Type_2,compound,|BALAG.DIN.AN.MUŠ|,3,𒁆𒁷𒀭𒈲,U+12046; U+12077; U+1202D; U+12232,
U+12232,|MUŠ.DIN.ŠE.NUN&NUN.BALAG|,|BALAG.DIN.AN.MUŠ|,𒈲,Type_2,compound,|BALAG.DIN.AN.MUŠ|,4,𒁆𒁷𒀭𒈲,U+12046; U+12077; U+1202D; U+12232,
U+1204D,|MUŠ.DIN.ŠE.NUN&NUN.BALAG|,|BU.DIN.BALAG.DAR|,𒁍,Type_2,compound,|BU.DIN.BALAG.DAR|,1,𒁍𒁷𒁆𒁯,U+1204D; U+12077; U+12046; U+1206F,
U+12077,|MUŠ.DIN.ŠE.NUN&NUN.BALAG|,|BU.DIN.BALAG.DAR|,𒁷,Type_2,compound,|BU.DIN.BALAG.DAR|,2,𒁍𒁷𒁆𒁯,U+1204D; U+12077; U+12046; U+1206F,
U+12046,|MUŠ.DIN.ŠE.NUN&NUN.BALAG|,|BU.DIN.BALAG.DAR|,𒁆,Type_2,compound,|BU.DIN.BALAG.DAR|,3,𒁍𒁷𒁆𒁯,U+1204D; U+12077; U+12046; U+1206F,
U+1206F,|MUŠ.DIN.ŠE.NUN&NUN.BALAG|,|BU.DIN.BALAG.DAR|,𒁯,Type_2,compound,|BU.DIN.BALAG.DAR|,4,𒁍𒁷𒁆𒁯,U+1204D; U+12077; U+12046; U+1206F,
U+1204D,|MUŠ.DIN.ŠE.NUN&NUN.BALAG|,|BU.DIN.BALAG.NUN|,𒁍,Type_2,compound,|BU.DIN.BALAG.NUN|,1,𒁍𒁷𒁆𒉣,U+1204D; U+12077; U+12046; U+12263,
U+12077,|MUŠ.DIN.ŠE.NUN&NUN.BALAG|,|BU.DIN.BALAG.NUN|,𒁷,Type_2,compound,|BU.DIN.BALAG.NUN|,2,𒁍𒁷𒁆𒉣,U+1204D; U+12077; U+12046; U+12263,
U+12046,|MUŠ.DIN.ŠE.NUN&NUN.BALAG|,|BU.DIN.BALAG.NUN|,𒁆,Type_2,compound,|BU.DIN.BALAG.NUN|,3,𒁍𒁷𒁆𒉣,U+1204D; U+12077; U+12046; U+12263,
U+12263,|MUŠ.DIN.ŠE.NUN&NUN.BALAG|,|BU.DIN.BALAG.NUN|,𒉣,Type_2,compound,|BU.DIN.BALAG.NUN|,4,𒁍𒁷𒁆𒉣,U+1204D; U+12077; U+12046; U+12263,
U+12155,|MUŠ.DIN.ŠE.NUN&NUN.BALAG|,|IR.MUŠ.HA.DIN.BALAG|,𒅕,Type_2,compound,|IR.MUŠ.HA.DIN.BALAG|,1,𒅕𒈲𒄩𒁷𒁆,U+12155; U+12232; U+12129; U+12077; U+12046,
U+12232,|MUŠ.DIN.ŠE.NUN&NUN.BALAG|,|IR.MUŠ.HA.DIN.BALAG|,𒈲,Type_2,compound,|IR.MUŠ.HA.DIN.BALAG|,2,𒅕𒈲𒄩𒁷𒁆,U+12155; U+12232; U+12129; U+12077; U+12046,
U+12129,|MUŠ.DIN.ŠE.NUN&NUN.BALAG|,|IR.MUŠ.HA.DIN.BALAG|,𒄩,Type_2,compound,|IR.MUŠ.HA.DIN.BALAG|,3,𒅕𒈲𒄩𒁷𒁆,U+12155; U+12232; U+12129; U+12077; U+12046,
U+12077,|MUŠ.DIN.ŠE.NUN&NUN.BALAG|,|IR.MUŠ.HA.DIN.BALAG|,𒁷,Type_2,compound,|IR.MUŠ.HA.DIN.BALAG|,4,𒅕𒈲𒄩𒁷𒁆,U+12155; U+12232; U+12129; U+12077; U+12046,
U+12046,|MUŠ.DIN.ŠE.NUN&NUN.BALAG|,|IR.MUŠ.HA.DIN.BALAG|,𒁆,Type_2,compound,|IR.MUŠ.HA.DIN.BALAG|,5,𒅕𒈲𒄩𒁷𒁆,U+12155; U+12232; U+12129; U+12077; U+12046,
U+12232,|MUŠ.DIN.ŠE.NUN&NUN.BALAG|,|MUŠ.DIN.BALAG|,𒈲,Type_2,compound,|MUŠ.DIN.BALAG|,1,𒈲𒁷𒁆,U+12232; U+12077; U+12046,
U+12077,|MUŠ.DIN.ŠE.NUN&NUN.BALAG|,|MUŠ.DIN.BALAG|,𒁷,Type_2,compound,|MUŠ.DIN.BALAG|,2,𒈲𒁷𒁆,U+12232; U+12077; U+12046,
U+12046,|MUŠ.DIN.ŠE.NUN&NUN.BALAG|,|MUŠ.DIN.BALAG|,𒁆,Type_2,compound,|MUŠ.DIN.BALAG|,3,𒈲𒁷𒁆,U+12232; U+12077; U+12046,
U+12232,|MUŠ.DIN.ŠE.NUN&NUN.BALAG|,|MUŠ.DIN.BALAG.DAR|,𒈲,Type_2,compound,|MUŠ.DIN.BALAG.DAR|,1,𒈲𒁷𒁆𒁯,U+12232; U+12077; U+12046; U+1206F,
U+12077,|MUŠ.DIN.ŠE.NUN&NUN.BALAG|,|MUŠ.DIN.BALAG.DAR|,𒁷,Type_2,compound,|MUŠ.DIN.BALAG.DAR|,2,𒈲𒁷𒁆𒁯,U+12232; U+12077; U+12046; U+1206F,
U+12046,|MUŠ.DIN.ŠE.NUN&NUN.BALAG|,|MUŠ.DIN.BALAG.DAR|,𒁆,Type_2,compound,|MUŠ.DIN.BALAG.DAR|,3,𒈲𒁷𒁆𒁯,U+12232; U+12077; U+12046; U+1206F,
U+1206F,|MUŠ.DIN.ŠE.NUN&NUN.BALAG|,|MUŠ.DIN.BALAG.DAR|,𒁯,Type_2,compound,|MUŠ.DIN.BALAG.DAR|,4,𒈲𒁷𒁆𒁯,U+12232; U+12077; U+12046; U+1206F,
U+12232,|MUŠ.DIN.ŠE.NUN&NUN.BALAG|,|MUŠ.IR.HA.DIN.BALAG|,𒈲,Type_2,compound,|MUŠ.IR.HA.DIN.BALAG|,1,𒈲𒅕𒄩𒁷𒁆,U+12232; U+12155; U+12129; U+12077; U+12046,
U+12155,|MUŠ.DIN.ŠE.NUN&NUN.BALAG|,|MUŠ.IR.HA.DIN.BALAG|,𒅕,Type_2,compound,|MUŠ.IR.HA.DIN.BALAG|,2,𒈲𒅕𒄩𒁷𒁆,U+12232; U+12155; U+12129; U+12077; U+12046,
U+12129,|MUŠ.DIN.ŠE.NUN&NUN.BALAG|,|MUŠ.IR.HA.DIN.BALAG|,𒄩,Type_2,compound,|MUŠ.IR.HA.DIN.BALAG|,3,𒈲𒅕𒄩𒁷𒁆,U+12232; U+12155; U+12129; U+12077; U+12046,
U+12077,|MUŠ.DIN.ŠE.NUN&NUN.BALAG|,|MUŠ.IR.HA.DIN.BALAG|,𒁷,Type_2,compound,|MUŠ.IR.HA.DIN.BALAG|,4,𒈲𒅕𒄩𒁷𒁆,U+12232; U+12155; U+12129; U+12077; U+12046,
U+12046,|MUŠ.DIN.ŠE.NUN&NUN.BALAG|,|MUŠ.IR.HA.DIN.BALAG|,𒁆,Type_2,compound,|MUŠ.IR.HA.DIN.BALAG|,5,𒈲𒅕𒄩𒁷𒁆,U+12232; U+12155; U+12129; U+12077; U+12046,
X,|MUŠ.DIN.ŠE.NUN&NUN.BALAG|,|MUŠ@90.MUŠ@90|,,Type_2,compound,|MUŠ@90.MUŠ@90|,1,XX,X; X,
X,|MUŠ.DIN.ŠE.NUN&NUN.BALAG|,|MUŠ@90.MUŠ@90|,,Type_2,compound,|MUŠ@90.MUŠ@90|,2,XX,X; X,
U+12238,|(MUŠ&MUŠ)×KAK|,|MUŠ%MUŠ.HI|,𒈸,Type_2,compound,|MUŠ%MUŠ.HI|,1,𒈸𒄭,U+12238; U+1212D,
U+1212D,|(MUŠ&MUŠ)×KAK|,|MUŠ%MUŠ.HI|,𒄭,Type_2,compound,|MUŠ%MUŠ.HI|,2,𒈸𒄭,U+12238; U+1212D,
U+12238,|(MUŠ&MUŠ)×KAK|,|MUŠ%MUŠ.KAK|,𒈸,Type_2,compound,|MUŠ%MUŠ.KAK|,1,𒈸𒆕,U+12238; U+12195,
U+12195,|(MUŠ&MUŠ)×KAK|,|MUŠ%MUŠ.KAK|,𒆕,Type_2,compound,|MUŠ%MUŠ.KAK|,2,𒈸𒆕,U+12238; U+12195,
U+1204D,|MUŠ%MUŠ|,|BU.BU|,𒁍,Type_2,compound,|BU.BU|,1,𒁍𒁍,U+1204D; U+1204D,LAK236 [Uruk IV–III (~3400–3000 BCE) | Archaic / Uruk]; RSP338 [Early Dynastic (~2900–2340 BCE) | Presargonic Lagash]
U+1204D,|MUŠ%MUŠ|,|BU.BU|,𒁍,Type_2,compound,|BU.BU|,2,𒁍𒁍,U+1204D; U+1204D,LAK236 [Uruk IV–III (~3400–3000 BCE) | Archaic / Uruk]; RSP338 [Early Dynastic (~2900–2340 BCE) | Presargonic Lagash]
U+12232,|MUŠ%MUŠ|,|MUŠ.MUŠ|,𒈲,Type_2,compound,|MUŠ.MUŠ|,1,𒈲𒈲,U+12232; U+12232,LAK236 [Uruk IV–III (~3400–3000 BCE) | Archaic / Uruk]; RSP338 [Early Dynastic (~2900–2340 BCE) | Presargonic Lagash]
U+12232,|MUŠ%MUŠ|,|MUŠ.MUŠ|,𒈲,Type_2,compound,|MUŠ.MUŠ|,2,𒈲𒈲,U+12232; U+12232,LAK236 [Uruk IV–III (~3400–3000 BCE) | Archaic / Uruk]; RSP338 [Early Dynastic (~2900–2340 BCE) | Presargonic Lagash]
U+12238,|MUŠ%MUŠ|,|MUŠ&MUŠ|,𒈸,Type_3,MUSMUS_v1,,,,,LAK236 [Uruk IV–III (~3400–3000 BCE) | Archaic / Uruk]; RSP338 [Early Dynastic (~2900–2340 BCE) | Presargonic Lagash]
U+12238,|MUŠ%MUŠ|,|(PAP.PAP)&(PAP.PAP)|,𒈸,Type_3,MUSMUS_v1,,,,,LAK236 [Uruk IV–III (~3400–3000 BCE) | Archaic / Uruk]; RSP338 [Early Dynastic (~2900–2340 BCE) | Presargonic Lagash]
,|MUŠ%MUŠ.A.NA|,|(MUŠ%MUŠ)×(A.NA)|,𒈸𒀀𒈾,Type_3,MUSMUSAN_v1,,,,,
U+12239,MUŠ₃,MUŠ₃@g,𒈹,Type_3,MUS_v1,,,,,LAK463 [Uruk IV–III (~3400–3000 BCE) | Archaic / Uruk]; ASY074 [Standard Babylonian (any period) | Akkadian syllabary]; LAK462 [Uruk IV–III (~3400–3000 BCE) | Archaic / Uruk]; ASY062 [Standard Babylonian (any period) | Akkadian syllabary]; ASY075 [Standard Babylonian (any period) | Akkadian syllabary]; ABZL044 [Old Babylonian (~2000–1600 BCE) | School texts]; BAU249 [Early Dynastic (~2900–2340 BCE) | Lagash]; ELLES242 [Early Dynastic (~2900–2340 BCE) | Ebla]; HZL041 [Hittite period (~1650–1180 BCE) | Hittite]; KWU117 [Ur III (~2112–2004 BCE) | Administrative]; MZL153 [Standard Babylonian (any period) | Akkado-Babylonian]; RSP098 [Early Dynastic (~2900–2340 BCE) | Presargonic Lagash]; SLLHA103v [Standard Babylonian (any period) | Akkado-Babylonian]
U+12000,|MUŠ₃.DI|,|A.MUŠ₃|,𒀀,Type_2,compound,|A.MUŠ₃|,1,𒀀𒈹,U+12000; U+12239,
U+12239,|MUŠ₃.DI|,|A.MUŠ₃|,𒈹,Type_2,compound,|A.MUŠ₃|,2,𒀀𒈹,U+12000; U+12239,
U+12000,|MUŠ₃.DI|,|A.MUŠ₃.A.DI|,𒀀,Type_2,compound,|A.MUŠ₃.A.DI|,1,𒀀𒈹𒀀𒁲,U+12000; U+12239; U+12000; U+12072,
U+12239,|MUŠ₃.DI|,|A.MUŠ₃.A.DI|,𒈹,Type_2,compound,|A.MUŠ₃.A.DI|,2,𒀀𒈹𒀀𒁲,U+12000; U+12239; U+12000; U+12072,
U+12000,|MUŠ₃.DI|,|A.MUŠ₃.A.DI|,𒀀,Type_2,compound,|A.MUŠ₃.A.DI|,3,𒀀𒈹𒀀𒁲,U+12000; U+12239; U+12000; U+12072,
U+12072,|MUŠ₃.DI|,|A.MUŠ₃.A.DI|,𒁲,Type_2,compound,|A.MUŠ₃.A.DI|,4,𒀀𒈹𒀀𒁲,U+12000; U+12239; U+12000; U+12072,
U+12000,|MUŠ₃.DI|,|A.MUŠ₃.DI|,𒀀,Type_2,compound,|A.MUŠ₃.DI|,1,𒀀𒈹𒁲,U+12000; U+12239; U+12072,
U+12239,|MUŠ₃.DI|,|A.MUŠ₃.DI|,𒈹,Type_2,compound,|A.MUŠ₃.DI|,2,𒀀𒈹𒁲,U+12000; U+12239; U+12072,
U+12072,|MUŠ₃.DI|,|A.MUŠ₃.DI|,𒁲,Type_2,compound,|A.MUŠ₃.DI|,3,𒀀𒈹𒁲,U+12000; U+12239; U+12072,
U+12000,|MUŠ₃.DI|,|A.MUŠ₃×A.DI|,𒀀,Type_2,compound,|A.MUŠ₃×A.DI|,1,𒀀𒈺𒁲,U+12000; U+1223A; U+12072,
U+1223A,|MUŠ₃.DI|,|A.MUŠ₃×A.DI|,𒈺,Type_2,compound,|A.MUŠ₃×A.DI|,2,𒀀𒈺𒁲,U+12000; U+1223A; U+12072,
U+12072,|MUŠ₃.DI|,|A.MUŠ₃×A.DI|,𒁲,Type_2,compound,|A.MUŠ₃×A.DI|,3,𒀀𒈺𒁲,U+12000; U+1223A; U+12072,
U+12000,|MUŠ₃.DI|,|A.MUŠ₃@g|,𒀀,Type_2,compound,|A.MUŠ₃@g|,1,𒀀𒈽,U+12000; U+1223D,
U+1223D,|MUŠ₃.DI|,|A.MUŠ₃@g|,𒈽,Type_2,compound,|A.MUŠ₃@g|,2,𒀀𒈽,U+12000; U+1223D,
U+12000,|MUŠ₃.DI|,|A.MUŠ₃@g.DI|,𒀀,Type_2,compound,|A.MUŠ₃@g.DI|,1,𒀀𒈽𒁲,U+12000; U+1223D; U+12072,
U+1223D,|MUŠ₃.DI|,|A.MUŠ₃@g.DI|,𒈽,Type_2,compound,|A.MUŠ₃@g.DI|,2,𒀀𒈽𒁲,U+12000; U+1223D; U+12072,
U+12072,|MUŠ₃.DI|,|A.MUŠ₃@g.DI|,𒁲,Type_2,compound,|A.MUŠ₃@g.DI|,3,𒀀𒈽𒁲,U+12000; U+1223D; U+12072,
U+1223A,|MUŠ₃.DI|,|MUŠ₃×A|,𒈺,Type_1,MUSDI_v1,,,,,ABZL046 [Old Babylonian (~2000–1600 BCE) | School texts]; RSP099^b [Early Dynastic (~2900–2340 BCE) | Presargonic Lagash]
U+1223B,|MUŠ₃.DI|,|MUŠ₃×(A.DI)|,𒈻,Type_1,MUSDI_v2,,,,,
U+1223C,|MUŠ₃.DI|,|MUŠ₃×DI|,𒈼,Type_1,MUSDI_v3,,,,,
U+1223D,|MUŠ₃.DI|,|MUŠ₃@g.DI|,𒈽,Type_2,compound,|MUŠ₃@g.DI|,1,𒈽𒁲,U+1223D; U+12072,
U+12072,|MUŠ₃.DI|,|MUŠ₃@g.DI|,𒁲,Type_2,compound,|MUŠ₃@g.DI|,2,𒈽𒁲,U+1223D; U+12072,
U+1235D,|MUŠ₃.DI|,|ZA.MUŠ₃.DI|,𒍝,Type_2,compound,|ZA.MUŠ₃.DI|,1,𒍝𒈹𒁲,U+1235D; U+12239; U+12072,
U+12239,|MUŠ₃.DI|,|ZA.MUŠ₃.DI|,𒈹,Type_2,compound,|ZA.MUŠ₃.DI|,2,𒍝𒈹𒁲,U+1235D; U+12239; U+12072,
U+12072,|MUŠ₃.DI|,|ZA.MUŠ₃.DI|,𒁲,Type_2,compound,|ZA.MUŠ₃.DI|,3,𒍝𒈹𒁲,U+1235D; U+12239; U+12072,
U+1235D,|MUŠ₃.DI|,|ZA.MUŠ₃@g.DI|,𒍝,Type_2,compound,|ZA.MUŠ₃@g.DI|,1,𒍝𒈽𒁲,U+1235D; U+1223D; U+12072,
U+1223D,|MUŠ₃.DI|,|ZA.MUŠ₃@g.DI|,𒈽,Type_2,compound,|ZA.MUŠ₃@g.DI|,2,𒍝𒈽𒁲,U+1235D; U+1223D; U+12072,
U+12072,|MUŠ₃.DI|,|ZA.MUŠ₃@g.DI|,𒁲,Type_2,compound,|ZA.MUŠ₃@g.DI|,3,𒍝𒈽𒁲,U+1235D; U+1223D; U+12072,
U+12239,|MUŠ₃.EREN|,|MUŠ₃.ŠEŠ₂|,𒈹,Type_2,compound,|MUŠ₃.ŠEŠ₂|,1,𒈹𒋁,U+12239; U+122C1,RSP100 [Early Dynastic (~2900–2340 BCE) | Presargonic Lagash]
U+122C1,|MUŠ₃.EREN|,|MUŠ₃.ŠEŠ₂|,𒋁,Type_2,compound,|MUŠ₃.ŠEŠ₂|,2,𒈹𒋁,U+12239; U+122C1,RSP100 [Early Dynastic (~2900–2340 BCE) | Presargonic Lagash]
U+1223D,|MUŠ₃.EREN|,|MUŠ₃@g.ŠEŠ₂|,𒈽,Type_2,compound,|MUŠ₃@g.ŠEŠ₂|,1,𒈽𒋁,U+1223D; U+122C1,RSP100 [Early Dynastic (~2900–2340 BCE) | Presargonic Lagash]
U+122C1,|MUŠ₃.EREN|,|MUŠ₃@g.ŠEŠ₂|,𒋁,Type_2,compound,|MUŠ₃@g.ŠEŠ₂|,2,𒈽𒋁,U+1223D; U+122C1,RSP100 [Early Dynastic (~2900–2340 BCE) | Presargonic Lagash]
U+12239,|MUŠ₃.ZA|,|MUŠ₃.ZA₇|,𒈹,Type_2,compound,|MUŠ₃.ZA₇|,1,𒈹𒕁,U+12239; U+12541,RSP099 [Early Dynastic (~2900–2340 BCE) | Presargonic Lagash]
U+12541,|MUŠ₃.ZA|,|MUŠ₃.ZA₇|,𒕁,Type_2,compound,|MUŠ₃.ZA₇|,2,𒈹𒕁,U+12239; U+12541,RSP099 [Early Dynastic (~2900–2340 BCE) | Presargonic Lagash]
U+122BA,NAGA,|ŠE.NAGA|,𒊺,Type_2,compound,|ŠE.NAGA|,1,𒊺𒉀,U+122BA; U+12240,GCSL106 [Gudea period (~2100 BCE) | Lagash / Girsu]; LAK209 [Uruk IV–III (~3400–3000 BCE) | Archaic / Uruk]; ASY115a [Standard Babylonian (any period) | Akkadian syllabary]; ABZL377 [Old Babylonian (~2000–1600 BCE) | School texts]; BAU132 [Early Dynastic (~2900–2340 BCE) | Lagash]; ELLES121 [Early Dynastic (~2900–2340 BCE) | Ebla]; KWU592 [Ur III (~2112–2004 BCE) | Administrative]; MZL293 [Standard Babylonian (any period) | Akkado-Babylonian]; PTACE050 [Early Dynastic (~2900–2340 BCE) | Ebla]; RSP448 [Early Dynastic (~2900–2340 BCE) | Presargonic Lagash]; SLLHA165 [Standard Babylonian (any period) | Akkado-Babylonian]
U+12240,NAGA,|ŠE.NAGA|,𒉀,Type_2,compound,|ŠE.NAGA|,2,𒊺𒉀,U+122BA; U+12240,GCSL106 [Gudea period (~2100 BCE) | Lagash / Girsu]; LAK209 [Uruk IV–III (~3400–3000 BCE) | Archaic / Uruk]; ASY115a [Standard Babylonian (any period) | Akkadian syllabary]; ABZL377 [Old Babylonian (~2000–1600 BCE) | School texts]; BAU132 [Early Dynastic (~2900–2340 BCE) | Lagash]; ELLES121 [Early Dynastic (~2900–2340 BCE) | Ebla]; KWU592 [Ur III (~2112–2004 BCE) | Administrative]; MZL293 [Standard Babylonian (any period) | Akkado-Babylonian]; PTACE050 [Early Dynastic (~2900–2340 BCE) | Ebla]; RSP448 [Early Dynastic (~2900–2340 BCE) | Presargonic Lagash]; SLLHA165 [Standard Babylonian (any period) | Akkado-Babylonian]
U+12243,|NAGA@NAGA|,|4×(AN.ŠE.NAGA)|,𒉃,Type_3,NAGANAGA_v1,,,,,SLLHA165+165n1 [Standard Babylonian (any period) | Akkado-Babylonian]
U+122BA,|NAGA@NAGA|,|ŠE.NAGA@ŠE.NAGA|,𒊺,Type_2,compound,|ŠE.NAGA@ŠE.NAGA|,1,𒊺X𒉀,U+122BA; X; U+12240,SLLHA165+165n1 [Standard Babylonian (any period) | Akkado-Babylonian]
X,|NAGA@NAGA|,|ŠE.NAGA@ŠE.NAGA|,,Type_2,compound,|ŠE.NAGA@ŠE.NAGA|,2,𒊺X𒉀,U+122BA; X; U+12240,SLLHA165+165n1 [Standard Babylonian (any period) | Akkado-Babylonian]
U+12240,|NAGA@NAGA|,|ŠE.NAGA@ŠE.NAGA|,𒉀,Type_2,compound,|ŠE.NAGA@ŠE.NAGA|,3,𒊺X𒉀,U+122BA; X; U+12240,SLLHA165+165n1 [Standard Babylonian (any period) | Akkado-Babylonian]
U+12311,|NAGA@NAGA|,|U₂.NAGA@U₂.NAGA|,𒌑,Type_2,compound,|U₂.NAGA@U₂.NAGA|,1,𒌑X𒉀,U+12311; X; U+12240,SLLHA165+165n1 [Standard Babylonian (any period) | Akkado-Babylonian]
X,|NAGA@NAGA|,|U₂.NAGA@U₂.NAGA|,,Type_2,compound,|U₂.NAGA@U₂.NAGA|,2,𒌑X𒉀,U+12311; X; U+12240,SLLHA165+165n1 [Standard Babylonian (any period) | Akkado-Babylonian]
U+12240,|NAGA@NAGA|,|U₂.NAGA@U₂.NAGA|,𒉀,Type_2,compound,|U₂.NAGA@U₂.NAGA|,3,𒌑X𒉀,U+12311; X; U+12240,SLLHA165+165n1 [Standard Babylonian (any period) | Akkado-Babylonian]
U+12241,NAGA@180,NAGA@t,𒉁,Type_3,NAGA180_v1,,,,,ABZL298 [Old Babylonian (~2000–1600 BCE) | School texts]; MZL293 [Standard Babylonian (any period) | Akkado-Babylonian]; SLLHA165n1 [Standard Babylonian (any period) | Akkado-Babylonian]
U+1204D,|NAGAR.BU|,|BU.NAGAR|,𒁍,Type_2,compound,|BU.NAGAR|,1,𒁍𒉄,U+1204D; U+12244,
U+12244,|NAGAR.BU|,|BU.NAGAR|,𒉄,Type_2,compound,|BU.NAGAR|,2,𒁍𒉄,U+1204D; U+12244,
U+1235E,|NAGAR.ZA@t|,|ZA@t.NAGAR|,𒍞,Type_2,compound,|ZA@t.NAGAR|,1,𒍞𒉄,U+1235E; U+12244,MZL894 [Standard Babylonian (any period) | Akkado-Babylonian]; SLLHA561 [Standard Babylonian (any period) | Akkado-Babylonian]
U+12244,|NAGAR.ZA@t|,|ZA@t.NAGAR|,𒉄,Type_2,compound,|ZA@t.NAGAR|,2,𒍞𒉄,U+1235E; U+12244,MZL894 [Standard Babylonian (any period) | Akkado-Babylonian]; SLLHA561 [Standard Babylonian (any period) | Akkado-Babylonian]
U+12306,|NAM.LUGAL|,|TUG₂.NAM.LUGAL|,𒌆,Type_2,compound,|TUG₂.NAM.LUGAL|,1,𒌆𒉆𒈗,U+12306; U+12246; U+12217,
U+12246,|NAM.LUGAL|,|TUG₂.NAM.LUGAL|,𒉆,Type_2,compound,|TUG₂.NAM.LUGAL|,2,𒌆𒉆𒈗,U+12306; U+12246; U+12217,
U+12217,|NAM.LUGAL|,|TUG₂.NAM.LUGAL|,𒈗,Type_2,compound,|TUG₂.NAM.LUGAL|,3,𒌆𒉆𒈗,U+12306; U+12246; U+12217,
U+12111,NE@s,|GIŠ.NE.PAP|,𒄑,Type_2,compound,|GIŠ.NE.PAP|,1,𒄑𒉈𒉽,U+12111; U+12248; U+1227D,ASY124 [Standard Babylonian (any period) | Akkadian syllabary]; ABZL117 [Old Babylonian (~2000–1600 BCE) | School texts]; BAU103c [Early Dynastic (~2900–2340 BCE) | Lagash]; GCSL064 [Gudea period (~2100 BCE) | Lagash / Girsu]; HZL172 [Hittite period (~1650–1180 BCE) | Hittite]; KWU281 [Ur III (~2112–2004 BCE) | Administrative]; MZL312 [Standard Babylonian (any period) | Akkado-Babylonian]; RSP364 [Early Dynastic (~2900–2340 BCE) | Presargonic Lagash]; RSP364bis [Early Dynastic (~2900–2340 BCE) | Presargonic Lagash]; SLLHA173 [Standard Babylonian (any period) | Akkado-Babylonian]; SYA107 [Standard Babylonian (any period) | Akkadian syllabary]
U+12248,NE@s,|GIŠ.NE.PAP|,𒉈,Type_2,compound,|GIŠ.NE.PAP|,2,𒄑𒉈𒉽,U+12111; U+12248; U+1227D,ASY124 [Standard Babylonian (any period) | Akkadian syllabary]; ABZL117 [Old Babylonian (~2000–1600 BCE) | School texts]; BAU103c [Early Dynastic (~2900–2340 BCE) | Lagash]; GCSL064 [Gudea period (~2100 BCE) | Lagash / Girsu]; HZL172 [Hittite period (~1650–1180 BCE) | Hittite]; KWU281 [Ur III (~2112–2004 BCE) | Administrative]; MZL312 [Standard Babylonian (any period) | Akkado-Babylonian]; RSP364 [Early Dynastic (~2900–2340 BCE) | Presargonic Lagash]; RSP364bis [Early Dynastic (~2900–2340 BCE) | Presargonic Lagash]; SLLHA173 [Standard Babylonian (any period) | Akkado-Babylonian]; SYA107 [Standard Babylonian (any period) | Akkadian syllabary]
U+1227D,NE@s,|GIŠ.NE.PAP|,𒉽,Type_2,compound,|GIŠ.NE.PAP|,3,𒄑𒉈𒉽,U+12111; U+12248; U+1227D,ASY124 [Standard Babylonian (any period) | Akkadian syllabary]; ABZL117 [Old Babylonian (~2000–1600 BCE) | School texts]; BAU103c [Early Dynastic (~2900–2340 BCE) | Lagash]; GCSL064 [Gudea period (~2100 BCE) | Lagash / Girsu]; HZL172 [Hittite period (~1650–1180 BCE) | Hittite]; KWU281 [Ur III (~2112–2004 BCE) | Administrative]; MZL312 [Standard Babylonian (any period) | Akkado-Babylonian]; RSP364 [Early Dynastic (~2900–2340 BCE) | Presargonic Lagash]; RSP364bis [Early Dynastic (~2900–2340 BCE) | Presargonic Lagash]; SLLHA173 [Standard Babylonian (any period) | Akkado-Babylonian]; SYA107 [Standard Babylonian (any period) | Akkadian syllabary]
U+12111,NE@s,|GIŠ.PAP.NE|,𒄑,Type_2,compound,|GIŠ.PAP.NE|,1,𒄑𒉽𒉈,U+12111; U+1227D; U+12248,ASY124 [Standard Babylonian (any period) | Akkadian syllabary]; ABZL117 [Old Babylonian (~2000–1600 BCE) | School texts]; BAU103c [Early Dynastic (~2900–2340 BCE) | Lagash]; GCSL064 [Gudea period (~2100 BCE) | Lagash / Girsu]; HZL172 [Hittite period (~1650–1180 BCE) | Hittite]; KWU281 [Ur III (~2112–2004 BCE) | Administrative]; MZL312 [Standard Babylonian (any period) | Akkado-Babylonian]; RSP364 [Early Dynastic (~2900–2340 BCE) | Presargonic Lagash]; RSP364bis [Early Dynastic (~2900–2340 BCE) | Presargonic Lagash]; SLLHA173 [Standard Babylonian (any period) | Akkado-Babylonian]; SYA107 [Standard Babylonian (any period) | Akkadian syllabary]
U+1227D,NE@s,|GIŠ.PAP.NE|,𒉽,Type_2,compound,|GIŠ.PAP.NE|,2,𒄑𒉽𒉈,U+12111; U+1227D; U+12248,ASY124 [Standard Babylonian (any period) | Akkadian syllabary]; ABZL117 [Old Babylonian (~2000–1600 BCE) | School texts]; BAU103c [Early Dynastic (~2900–2340 BCE) | Lagash]; GCSL064 [Gudea period (~2100 BCE) | Lagash / Girsu]; HZL172 [Hittite period (~1650–1180 BCE) | Hittite]; KWU281 [Ur III (~2112–2004 BCE) | Administrative]; MZL312 [Standard Babylonian (any period) | Akkado-Babylonian]; RSP364 [Early Dynastic (~2900–2340 BCE) | Presargonic Lagash]; RSP364bis [Early Dynastic (~2900–2340 BCE) | Presargonic Lagash]; SLLHA173 [Standard Babylonian (any period) | Akkado-Babylonian]; SYA107 [Standard Babylonian (any period) | Akkadian syllabary]
U+12248,NE@s,|GIŠ.PAP.NE|,𒉈,Type_2,compound,|GIŠ.PAP.NE|,3,𒄑𒉽𒉈,U+12111; U+1227D; U+12248,ASY124 [Standard Babylonian (any period) | Akkadian syllabary]; ABZL117 [Old Babylonian (~2000–1600 BCE) | School texts]; BAU103c [Early Dynastic (~2900–2340 BCE) | Lagash]; GCSL064 [Gudea period (~2100 BCE) | Lagash / Girsu]; HZL172 [Hittite period (~1650–1180 BCE) | Hittite]; KWU281 [Ur III (~2112–2004 BCE) | Administrative]; MZL312 [Standard Babylonian (any period) | Akkado-Babylonian]; RSP364 [Early Dynastic (~2900–2340 BCE) | Presargonic Lagash]; RSP364bis [Early Dynastic (~2900–2340 BCE) | Presargonic Lagash]; SLLHA173 [Standard Babylonian (any period) | Akkado-Babylonian]; SYA107 [Standard Babylonian (any period) | Akkadian syllabary]
U+12111,NE@s,|GIŠ.PAP.NE@s|,𒄑,Type_2,compound,|GIŠ.PAP.NE@s|,1,𒄑𒉽𒉋,U+12111; U+1227D; U+1224B,ASY124 [Standard Babylonian (any period) | Akkadian syllabary]; ABZL117 [Old Babylonian (~2000–1600 BCE) | School texts]; BAU103c [Early Dynastic (~2900–2340 BCE) | Lagash]; GCSL064 [Gudea period (~2100 BCE) | Lagash / Girsu]; HZL172 [Hittite period (~1650–1180 BCE) | Hittite]; KWU281 [Ur III (~2112–2004 BCE) | Administrative]; MZL312 [Standard Babylonian (any period) | Akkado-Babylonian]; RSP364 [Early Dynastic (~2900–2340 BCE) | Presargonic Lagash]; RSP364bis [Early Dynastic (~2900–2340 BCE) | Presargonic Lagash]; SLLHA173 [Standard Babylonian (any period) | Akkado-Babylonian]; SYA107 [Standard Babylonian (any period) | Akkadian syllabary]
U+1227D,NE@s,|GIŠ.PAP.NE@s|,𒉽,Type_2,compound,|GIŠ.PAP.NE@s|,2,𒄑𒉽𒉋,U+12111; U+1227D; U+1224B,ASY124 [Standard Babylonian (any period) | Akkadian syllabary]; ABZL117 [Old Babylonian (~2000–1600 BCE) | School texts]; BAU103c [Early Dynastic (~2900–2340 BCE) | Lagash]; GCSL064 [Gudea period (~2100 BCE) | Lagash / Girsu]; HZL172 [Hittite period (~1650–1180 BCE) | Hittite]; KWU281 [Ur III (~2112–2004 BCE) | Administrative]; MZL312 [Standard Babylonian (any period) | Akkado-Babylonian]; RSP364 [Early Dynastic (~2900–2340 BCE) | Presargonic Lagash]; RSP364bis [Early Dynastic (~2900–2340 BCE) | Presargonic Lagash]; SLLHA173 [Standard Babylonian (any period) | Akkado-Babylonian]; SYA107 [Standard Babylonian (any period) | Akkadian syllabary]
U+1224B,NE@s,|GIŠ.PAP.NE@s|,𒉋,Type_2,compound,|GIŠ.PAP.NE@s|,3,𒄑𒉽𒉋,U+12111; U+1227D; U+1224B,ASY124 [Standard Babylonian (any period) | Akkadian syllabary]; ABZL117 [Old Babylonian (~2000–1600 BCE) | School texts]; BAU103c [Early Dynastic (~2900–2340 BCE) | Lagash]; GCSL064 [Gudea period (~2100 BCE) | Lagash / Girsu]; HZL172 [Hittite period (~1650–1180 BCE) | Hittite]; KWU281 [Ur III (~2112–2004 BCE) | Administrative]; MZL312 [Standard Babylonian (any period) | Akkado-Babylonian]; RSP364 [Early Dynastic (~2900–2340 BCE) | Presargonic Lagash]; RSP364bis [Early Dynastic (~2900–2340 BCE) | Presargonic Lagash]; SLLHA173 [Standard Babylonian (any period) | Akkado-Babylonian]; SYA107 [Standard Babylonian (any period) | Akkadian syllabary]
U+12248,NE@s,|NE.GIŠ~v|,𒉈,Type_2,compound,|NE.GIŠ~v|,1,𒉈X,U+12248; X,ASY124 [Standard Babylonian (any period) | Akkadian syllabary]; ABZL117 [Old Babylonian (~2000–1600 BCE) | School texts]; BAU103c [Early Dynastic (~2900–2340 BCE) | Lagash]; GCSL064 [Gudea period (~2100 BCE) | Lagash / Girsu]; HZL172 [Hittite period (~1650–1180 BCE) | Hittite]; KWU281 [Ur III (~2112–2004 BCE) | Administrative]; MZL312 [Standard Babylonian (any period) | Akkado-Babylonian]; RSP364 [Early Dynastic (~2900–2340 BCE) | Presargonic Lagash]; RSP364bis [Early Dynastic (~2900–2340 BCE) | Presargonic Lagash]; SLLHA173 [Standard Babylonian (any period) | Akkado-Babylonian]; SYA107 [Standard Babylonian (any period) | Akkadian syllabary]
X,NE@s,|NE.GIŠ~v|,,Type_2,compound,|NE.GIŠ~v|,2,𒉈X,U+12248; X,ASY124 [Standard Babylonian (any period) | Akkadian syllabary]; ABZL117 [Old Babylonian (~2000–1600 BCE) | School texts]; BAU103c [Early Dynastic (~2900–2340 BCE) | Lagash]; GCSL064 [Gudea period (~2100 BCE) | Lagash / Girsu]; HZL172 [Hittite period (~1650–1180 BCE) | Hittite]; KWU281 [Ur III (~2112–2004 BCE) | Administrative]; MZL312 [Standard Babylonian (any period) | Akkado-Babylonian]; RSP364 [Early Dynastic (~2900–2340 BCE) | Presargonic Lagash]; RSP364bis [Early Dynastic (~2900–2340 BCE) | Presargonic Lagash]; SLLHA173 [Standard Babylonian (any period) | Akkado-Babylonian]; SYA107 [Standard Babylonian (any period) | Akkadian syllabary]
U+12248,NE@s,|NE.PAP|,𒉈,Type_2,compound,|NE.PAP|,1,𒉈𒉽,U+12248; U+1227D,ASY124 [Standard Babylonian (any period) | Akkadian syllabary]; ABZL117 [Old Babylonian (~2000–1600 BCE) | School texts]; BAU103c [Early Dynastic (~2900–2340 BCE) | Lagash]; GCSL064 [Gudea period (~2100 BCE) | Lagash / Girsu]; HZL172 [Hittite period (~1650–1180 BCE) | Hittite]; KWU281 [Ur III (~2112–2004 BCE) | Administrative]; MZL312 [Standard Babylonian (any period) | Akkado-Babylonian]; RSP364 [Early Dynastic (~2900–2340 BCE) | Presargonic Lagash]; RSP364bis [Early Dynastic (~2900–2340 BCE) | Presargonic Lagash]; SLLHA173 [Standard Babylonian (any period) | Akkado-Babylonian]; SYA107 [Standard Babylonian (any period) | Akkadian syllabary]
U+1227D,NE@s,|NE.PAP|,𒉽,Type_2,compound,|NE.PAP|,2,𒉈𒉽,U+12248; U+1227D,ASY124 [Standard Babylonian (any period) | Akkadian syllabary]; ABZL117 [Old Babylonian (~2000–1600 BCE) | School texts]; BAU103c [Early Dynastic (~2900–2340 BCE) | Lagash]; GCSL064 [Gudea period (~2100 BCE) | Lagash / Girsu]; HZL172 [Hittite period (~1650–1180 BCE) | Hittite]; KWU281 [Ur III (~2112–2004 BCE) | Administrative]; MZL312 [Standard Babylonian (any period) | Akkado-Babylonian]; RSP364 [Early Dynastic (~2900–2340 BCE) | Presargonic Lagash]; RSP364bis [Early Dynastic (~2900–2340 BCE) | Presargonic Lagash]; SLLHA173 [Standard Babylonian (any period) | Akkado-Babylonian]; SYA107 [Standard Babylonian (any period) | Akkadian syllabary]
U+12248,NE@s,|NE.PAP.MES|,𒉈,Type_2,compound,|NE.PAP.MES|,1,𒉈𒉽𒈩,U+12248; U+1227D; U+12229,ASY124 [Standard Babylonian (any period) | Akkadian syllabary]; ABZL117 [Old Babylonian (~2000–1600 BCE) | School texts]; BAU103c [Early Dynastic (~2900–2340 BCE) | Lagash]; GCSL064 [Gudea period (~2100 BCE) | Lagash / Girsu]; HZL172 [Hittite period (~1650–1180 BCE) | Hittite]; KWU281 [Ur III (~2112–2004 BCE) | Administrative]; MZL312 [Standard Babylonian (any period) | Akkado-Babylonian]; RSP364 [Early Dynastic (~2900–2340 BCE) | Presargonic Lagash]; RSP364bis [Early Dynastic (~2900–2340 BCE) | Presargonic Lagash]; SLLHA173 [Standard Babylonian (any period) | Akkado-Babylonian]; SYA107 [Standard Babylonian (any period) | Akkadian syllabary]
U+1227D,NE@s,|NE.PAP.MES|,𒉽,Type_2,compound,|NE.PAP.MES|,2,𒉈𒉽𒈩,U+12248; U+1227D; U+12229,ASY124 [Standard Babylonian (any period) | Akkadian syllabary]; ABZL117 [Old Babylonian (~2000–1600 BCE) | School texts]; BAU103c [Early Dynastic (~2900–2340 BCE) | Lagash]; GCSL064 [Gudea period (~2100 BCE) | Lagash / Girsu]; HZL172 [Hittite period (~1650–1180 BCE) | Hittite]; KWU281 [Ur III (~2112–2004 BCE) | Administrative]; MZL312 [Standard Babylonian (any period) | Akkado-Babylonian]; RSP364 [Early Dynastic (~2900–2340 BCE) | Presargonic Lagash]; RSP364bis [Early Dynastic (~2900–2340 BCE) | Presargonic Lagash]; SLLHA173 [Standard Babylonian (any period) | Akkado-Babylonian]; SYA107 [Standard Babylonian (any period) | Akkadian syllabary]
U+12229,NE@s,|NE.PAP.MES|,𒈩,Type_2,compound,|NE.PAP.MES|,3,𒉈𒉽𒈩,U+12248; U+1227D; U+12229,ASY124 [Standard Babylonian (any period) | Akkadian syllabary]; ABZL117 [Old Babylonian (~2000–1600 BCE) | School texts]; BAU103c [Early Dynastic (~2900–2340 BCE) | Lagash]; GCSL064 [Gudea period (~2100 BCE) | Lagash / Girsu]; HZL172 [Hittite period (~1650–1180 BCE) | Hittite]; KWU281 [Ur III (~2112–2004 BCE) | Administrative]; MZL312 [Standard Babylonian (any period) | Akkado-Babylonian]; RSP364 [Early Dynastic (~2900–2340 BCE) | Presargonic Lagash]; RSP364bis [Early Dynastic (~2900–2340 BCE) | Presargonic Lagash]; SLLHA173 [Standard Babylonian (any period) | Akkado-Babylonian]; SYA107 [Standard Babylonian (any period) | Akkadian syllabary]
U+12248,NE@s,|NE.PAP.GIŠ|,𒉈,Type_2,compound,|NE.PAP.GIŠ|,1,𒉈𒉽𒄑,U+12248; U+1227D; U+12111,ASY124 [Standard Babylonian (any period) | Akkadian syllabary]; ABZL117 [Old Babylonian (~2000–1600 BCE) | School texts]; BAU103c [Early Dynastic (~2900–2340 BCE) | Lagash]; GCSL064 [Gudea period (~2100 BCE) | Lagash / Girsu]; HZL172 [Hittite period (~1650–1180 BCE) | Hittite]; KWU281 [Ur III (~2112–2004 BCE) | Administrative]; MZL312 [Standard Babylonian (any period) | Akkado-Babylonian]; RSP364 [Early Dynastic (~2900–2340 BCE) | Presargonic Lagash]; RSP364bis [Early Dynastic (~2900–2340 BCE) | Presargonic Lagash]; SLLHA173 [Standard Babylonian (any period) | Akkado-Babylonian]; SYA107 [Standard Babylonian (any period) | Akkadian syllabary]
U+1227D,NE@s,|NE.PAP.GIŠ|,𒉽,Type_2,compound,|NE.PAP.GIŠ|,2,𒉈𒉽𒄑,U+12248; U+1227D; U+12111,ASY124 [Standard Babylonian (any period) | Akkadian syllabary]; ABZL117 [Old Babylonian (~2000–1600 BCE) | School texts]; BAU103c [Early Dynastic (~2900–2340 BCE) | Lagash]; GCSL064 [Gudea period (~2100 BCE) | Lagash / Girsu]; HZL172 [Hittite period (~1650–1180 BCE) | Hittite]; KWU281 [Ur III (~2112–2004 BCE) | Administrative]; MZL312 [Standard Babylonian (any period) | Akkado-Babylonian]; RSP364 [Early Dynastic (~2900–2340 BCE) | Presargonic Lagash]; RSP364bis [Early Dynastic (~2900–2340 BCE) | Presargonic Lagash]; SLLHA173 [Standard Babylonian (any period) | Akkado-Babylonian]; SYA107 [Standard Babylonian (any period) | Akkadian syllabary]
U+12111,NE@s,|NE.PAP.GIŠ|,𒄑,Type_2,compound,|NE.PAP.GIŠ|,3,𒉈𒉽𒄑,U+12248; U+1227D; U+12111,ASY124 [Standard Babylonian (any period) | Akkadian syllabary]; ABZL117 [Old Babylonian (~2000–1600 BCE) | School texts]; BAU103c [Early Dynastic (~2900–2340 BCE) | Lagash]; GCSL064 [Gudea period (~2100 BCE) | Lagash / Girsu]; HZL172 [Hittite period (~1650–1180 BCE) | Hittite]; KWU281 [Ur III (~2112–2004 BCE) | Administrative]; MZL312 [Standard Babylonian (any period) | Akkado-Babylonian]; RSP364 [Early Dynastic (~2900–2340 BCE) | Presargonic Lagash]; RSP364bis [Early Dynastic (~2900–2340 BCE) | Presargonic Lagash]; SLLHA173 [Standard Babylonian (any period) | Akkado-Babylonian]; SYA107 [Standard Babylonian (any period) | Akkadian syllabary]
U+12248,NE@s,|NE.PAP.GIŠ~v|,𒉈,Type_2,compound,|NE.PAP.GIŠ~v|,1,𒉈𒉽X,U+12248; U+1227D; X,ASY124 [Standard Babylonian (any period) | Akkadian syllabary]; ABZL117 [Old Babylonian (~2000–1600 BCE) | School texts]; BAU103c [Early Dynastic (~2900–2340 BCE) | Lagash]; GCSL064 [Gudea period (~2100 BCE) | Lagash / Girsu]; HZL172 [Hittite period (~1650–1180 BCE) | Hittite]; KWU281 [Ur III (~2112–2004 BCE) | Administrative]; MZL312 [Standard Babylonian (any period) | Akkado-Babylonian]; RSP364 [Early Dynastic (~2900–2340 BCE) | Presargonic Lagash]; RSP364bis [Early Dynastic (~2900–2340 BCE) | Presargonic Lagash]; SLLHA173 [Standard Babylonian (any period) | Akkado-Babylonian]; SYA107 [Standard Babylonian (any period) | Akkadian syllabary]
U+1227D,NE@s,|NE.PAP.GIŠ~v|,𒉽,Type_2,compound,|NE.PAP.GIŠ~v|,2,𒉈𒉽X,U+12248; U+1227D; X,ASY124 [Standard Babylonian (any period) | Akkadian syllabary]; ABZL117 [Old Babylonian (~2000–1600 BCE) | School texts]; BAU103c [Early Dynastic (~2900–2340 BCE) | Lagash]; GCSL064 [Gudea period (~2100 BCE) | Lagash / Girsu]; HZL172 [Hittite period (~1650–1180 BCE) | Hittite]; KWU281 [Ur III (~2112–2004 BCE) | Administrative]; MZL312 [Standard Babylonian (any period) | Akkado-Babylonian]; RSP364 [Early Dynastic (~2900–2340 BCE) | Presargonic Lagash]; RSP364bis [Early Dynastic (~2900–2340 BCE) | Presargonic Lagash]; SLLHA173 [Standard Babylonian (any period) | Akkado-Babylonian]; SYA107 [Standard Babylonian (any period) | Akkadian syllabary]
X,NE@s,|NE.PAP.GIŠ~v|,,Type_2,compound,|NE.PAP.GIŠ~v|,3,𒉈𒉽X,U+12248; U+1227D; X,ASY124 [Standard Babylonian (any period) | Akkadian syllabary]; ABZL117 [Old Babylonian (~2000–1600 BCE) | School texts]; BAU103c [Early Dynastic (~2900–2340 BCE) | Lagash]; GCSL064 [Gudea period (~2100 BCE) | Lagash / Girsu]; HZL172 [Hittite period (~1650–1180 BCE) | Hittite]; KWU281 [Ur III (~2112–2004 BCE) | Administrative]; MZL312 [Standard Babylonian (any period) | Akkado-Babylonian]; RSP364 [Early Dynastic (~2900–2340 BCE) | Presargonic Lagash]; RSP364bis [Early Dynastic (~2900–2340 BCE) | Presargonic Lagash]; SLLHA173 [Standard Babylonian (any period) | Akkado-Babylonian]; SYA107 [Standard Babylonian (any period) | Akkadian syllabary]
U+1224B,NE@s,|NE×KASKAL|,𒉋,Type_3,NES_v1,,,,,LAK150 [Uruk IV–III (~3400–3000 BCE) | Archaic / Uruk]; ELLES081 [Early Dynastic (~2900–2340 BCE) | Ebla]; PTACE096 [Early Dynastic (~2900–2340 BCE) | Ebla]; ASY124 [Standard Babylonian (any period) | Akkadian syllabary]; ABZL117 [Old Babylonian (~2000–1600 BCE) | School texts]; BAU103c [Early Dynastic (~2900–2340 BCE) | Lagash]; GCSL064 [Gudea period (~2100 BCE) | Lagash / Girsu]; HZL172 [Hittite period (~1650–1180 BCE) | Hittite]; KWU281 [Ur III (~2112–2004 BCE) | Administrative]; MZL312 [Standard Babylonian (any period) | Akkado-Babylonian]; RSP364 [Early Dynastic (~2900–2340 BCE) | Presargonic Lagash]; RSP364bis [Early Dynastic (~2900–2340 BCE) | Presargonic Lagash]; SLLHA173 [Standard Babylonian (any period) | Akkado-Babylonian]; SYA107 [Standard Babylonian (any period) | Akkadian syllabary]
U+1224B,NE@s,|NE×PAP|,𒉋,Type_3,NES_v1,,,,,LAK149 [Uruk IV–III (~3400–3000 BCE) | Archaic / Uruk]; ASY124 [Standard Babylonian (any period) | Akkadian syllabary]; ABZL117 [Old Babylonian (~2000–1600 BCE) | School texts]; BAU103c [Early Dynastic (~2900–2340 BCE) | Lagash]; GCSL064 [Gudea period (~2100 BCE) | Lagash / Girsu]; HZL172 [Hittite period (~1650–1180 BCE) | Hittite]; KWU281 [Ur III (~2112–2004 BCE) | Administrative]; MZL312 [Standard Babylonian (any period) | Akkado-Babylonian]; RSP364 [Early Dynastic (~2900–2340 BCE) | Presargonic Lagash]; RSP364bis [Early Dynastic (~2900–2340 BCE) | Presargonic Lagash]; SLLHA173 [Standard Babylonian (any period) | Akkado-Babylonian]; SYA107 [Standard Babylonian (any period) | Akkadian syllabary]
U+1227D,NE@s,|PAP.GIŠ.NE|,𒉽,Type_2,compound,|PAP.GIŠ.NE|,1,𒉽𒄑𒉈,U+1227D; U+12111; U+12248,ASY124 [Standard Babylonian (any period) | Akkadian syllabary]; ABZL117 [Old Babylonian (~2000–1600 BCE) | School texts]; BAU103c [Early Dynastic (~2900–2340 BCE) | Lagash]; GCSL064 [Gudea period (~2100 BCE) | Lagash / Girsu]; HZL172 [Hittite period (~1650–1180 BCE) | Hittite]; KWU281 [Ur III (~2112–2004 BCE) | Administrative]; MZL312 [Standard Babylonian (any period) | Akkado-Babylonian]; RSP364 [Early Dynastic (~2900–2340 BCE) | Presargonic Lagash]; RSP364bis [Early Dynastic (~2900–2340 BCE) | Presargonic Lagash]; SLLHA173 [Standard Babylonian (any period) | Akkado-Babylonian]; SYA107 [Standard Babylonian (any period) | Akkadian syllabary]
U+12111,NE@s,|PAP.GIŠ.NE|,𒄑,Type_2,compound,|PAP.GIŠ.NE|,2,𒉽𒄑𒉈,U+1227D; U+12111; U+12248,ASY124 [Standard Babylonian (any period) | Akkadian syllabary]; ABZL117 [Old Babylonian (~2000–1600 BCE) | School texts]; BAU103c [Early Dynastic (~2900–2340 BCE) | Lagash]; GCSL064 [Gudea period (~2100 BCE) | Lagash / Girsu]; HZL172 [Hittite period (~1650–1180 BCE) | Hittite]; KWU281 [Ur III (~2112–2004 BCE) | Administrative]; MZL312 [Standard Babylonian (any period) | Akkado-Babylonian]; RSP364 [Early Dynastic (~2900–2340 BCE) | Presargonic Lagash]; RSP364bis [Early Dynastic (~2900–2340 BCE) | Presargonic Lagash]; SLLHA173 [Standard Babylonian (any period) | Akkado-Babylonian]; SYA107 [Standard Babylonian (any period) | Akkadian syllabary]
U+12248,NE@s,|PAP.GIŠ.NE|,𒉈,Type_2,compound,|PAP.GIŠ.NE|,3,𒉽𒄑𒉈,U+1227D; U+12111; U+12248,ASY124 [Standard Babylonian (any period) | Akkadian syllabary]; ABZL117 [Old Babylonian (~2000–1600 BCE) | School texts]; BAU103c [Early Dynastic (~2900–2340 BCE) | Lagash]; GCSL064 [Gudea period (~2100 BCE) | Lagash / Girsu]; HZL172 [Hittite period (~1650–1180 BCE) | Hittite]; KWU281 [Ur III (~2112–2004 BCE) | Administrative]; MZL312 [Standard Babylonian (any period) | Akkado-Babylonian]; RSP364 [Early Dynastic (~2900–2340 BCE) | Presargonic Lagash]; RSP364bis [Early Dynastic (~2900–2340 BCE) | Presargonic Lagash]; SLLHA173 [Standard Babylonian (any period) | Akkado-Babylonian]; SYA107 [Standard Babylonian (any period) | Akkadian syllabary]
U+1227D,NE@s,|PAP.NE|,𒉽,Type_2,compound,|PAP.NE|,1,𒉽𒉈,U+1227D; U+12248,ASY124 [Standard Babylonian (any period) | Akkadian syllabary]; ABZL117 [Old Babylonian (~2000–1600 BCE) | School texts]; BAU103c [Early Dynastic (~2900–2340 BCE) | Lagash]; GCSL064 [Gudea period (~2100 BCE) | Lagash / Girsu]; HZL172 [Hittite period (~1650–1180 BCE) | Hittite]; KWU281 [Ur III (~2112–2004 BCE) | Administrative]; MZL312 [Standard Babylonian (any period) | Akkado-Babylonian]; RSP364 [Early Dynastic (~2900–2340 BCE) | Presargonic Lagash]; RSP364bis [Early Dynastic (~2900–2340 BCE) | Presargonic Lagash]; SLLHA173 [Standard Babylonian (any period) | Akkado-Babylonian]; SYA107 [Standard Babylonian (any period) | Akkadian syllabary]
U+12248,NE@s,|PAP.NE|,𒉈,Type_2,compound,|PAP.NE|,2,𒉽𒉈,U+1227D; U+12248,ASY124 [Standard Babylonian (any period) | Akkadian syllabary]; ABZL117 [Old Babylonian (~2000–1600 BCE) | School texts]; BAU103c [Early Dynastic (~2900–2340 BCE) | Lagash]; GCSL064 [Gudea period (~2100 BCE) | Lagash / Girsu]; HZL172 [Hittite period (~1650–1180 BCE) | Hittite]; KWU281 [Ur III (~2112–2004 BCE) | Administrative]; MZL312 [Standard Babylonian (any period) | Akkado-Babylonian]; RSP364 [Early Dynastic (~2900–2340 BCE) | Presargonic Lagash]; RSP364bis [Early Dynastic (~2900–2340 BCE) | Presargonic Lagash]; SLLHA173 [Standard Babylonian (any period) | Akkado-Babylonian]; SYA107 [Standard Babylonian (any period) | Akkadian syllabary]
U+1227D,NE@s,|PAP.NE.GIŠ|,𒉽,Type_2,compound,|PAP.NE.GIŠ|,1,𒉽𒉈𒄑,U+1227D; U+12248; U+12111,ASY124 [Standard Babylonian (any period) | Akkadian syllabary]; ABZL117 [Old Babylonian (~2000–1600 BCE) | School texts]; BAU103c [Early Dynastic (~2900–2340 BCE) | Lagash]; GCSL064 [Gudea period (~2100 BCE) | Lagash / Girsu]; HZL172 [Hittite period (~1650–1180 BCE) | Hittite]; KWU281 [Ur III (~2112–2004 BCE) | Administrative]; MZL312 [Standard Babylonian (any period) | Akkado-Babylonian]; RSP364 [Early Dynastic (~2900–2340 BCE) | Presargonic Lagash]; RSP364bis [Early Dynastic (~2900–2340 BCE) | Presargonic Lagash]; SLLHA173 [Standard Babylonian (any period) | Akkado-Babylonian]; SYA107 [Standard Babylonian (any period) | Akkadian syllabary]
U+12248,NE@s,|PAP.NE.GIŠ|,𒉈,Type_2,compound,|PAP.NE.GIŠ|,2,𒉽𒉈𒄑,U+1227D; U+12248; U+12111,ASY124 [Standard Babylonian (any period) | Akkadian syllabary]; ABZL117 [Old Babylonian (~2000–1600 BCE) | School texts]; BAU103c [Early Dynastic (~2900–2340 BCE) | Lagash]; GCSL064 [Gudea period (~2100 BCE) | Lagash / Girsu]; HZL172 [Hittite period (~1650–1180 BCE) | Hittite]; KWU281 [Ur III (~2112–2004 BCE) | Administrative]; MZL312 [Standard Babylonian (any period) | Akkado-Babylonian]; RSP364 [Early Dynastic (~2900–2340 BCE) | Presargonic Lagash]; RSP364bis [Early Dynastic (~2900–2340 BCE) | Presargonic Lagash]; SLLHA173 [Standard Babylonian (any period) | Akkado-Babylonian]; SYA107 [Standard Babylonian (any period) | Akkadian syllabary]
U+12111,NE@s,|PAP.NE.GIŠ|,𒄑,Type_2,compound,|PAP.NE.GIŠ|,3,𒉽𒉈𒄑,U+1227D; U+12248; U+12111,ASY124 [Standard Babylonian (any period) | Akkadian syllabary]; ABZL117 [Old Babylonian (~2000–1600 BCE) | School texts]; BAU103c [Early Dynastic (~2900–2340 BCE) | Lagash]; GCSL064 [Gudea period (~2100 BCE) | Lagash / Girsu]; HZL172 [Hittite period (~1650–1180 BCE) | Hittite]; KWU281 [Ur III (~2112–2004 BCE) | Administrative]; MZL312 [Standard Babylonian (any period) | Akkado-Babylonian]; RSP364 [Early Dynastic (~2900–2340 BCE) | Presargonic Lagash]; RSP364bis [Early Dynastic (~2900–2340 BCE) | Presargonic Lagash]; SLLHA173 [Standard Babylonian (any period) | Akkado-Babylonian]; SYA107 [Standard Babylonian (any period) | Akkadian syllabary]
U+12313,|NI.HUB₂|,|UD.NI.HUB₂|,𒌓,Type_2,compound,|UD.NI.HUB₂|,1,𒌓𒉌𒄸,U+12313; U+1224C; U+12138,
U+1224C,|NI.HUB₂|,|UD.NI.HUB₂|,𒉌,Type_2,compound,|UD.NI.HUB₂|,2,𒌓𒉌𒄸,U+12313; U+1224C; U+12138,
U+12138,|NI.HUB₂|,|UD.NI.HUB₂|,𒄸,Type_2,compound,|UD.NI.HUB₂|,3,𒌓𒉌𒄸,U+12313; U+1224C; U+12138,
U+122A9,|NI.TUK|,|SAL.TUK|,𒊩,Type_2,compound,|SAL.TUK|,1,𒊩𒌇,U+122A9; U+12307,ABZL462 [Old Babylonian (~2000–1600 BCE) | School texts]; LAK514 [Uruk IV–III (~3400–3000 BCE) | Archaic / Uruk]; BAU409 [Early Dynastic (~2900–2340 BCE) | Lagash]; ELLES268 [Early Dynastic (~2900–2340 BCE) | Ebla]; PTACE220 [Early Dynastic (~2900–2340 BCE) | Ebla]; RSP150 [Early Dynastic (~2900–2340 BCE) | Presargonic Lagash]
U+12307,|NI.TUK|,|SAL.TUK|,𒌇,Type_2,compound,|SAL.TUK|,2,𒊩𒌇,U+122A9; U+12307,ABZL462 [Old Babylonian (~2000–1600 BCE) | School texts]; LAK514 [Uruk IV–III (~3400–3000 BCE) | Archaic / Uruk]; BAU409 [Early Dynastic (~2900–2340 BCE) | Lagash]; ELLES268 [Early Dynastic (~2900–2340 BCE) | Ebla]; PTACE220 [Early Dynastic (~2900–2340 BCE) | Ebla]; RSP150 [Early Dynastic (~2900–2340 BCE) | Presargonic Lagash]
U+12313,|NI.UD|,|UD.NI|,𒌓,Type_2,compound,|UD.NI|,1,𒌓𒉌,U+12313; U+1224C,LAK511 [Uruk IV–III (~3400–3000 BCE) | Archaic / Uruk]; ASY143 [Standard Babylonian (any period) | Akkadian syllabary]; ABZL262 [Old Babylonian (~2000–1600 BCE) | School texts]; BAU407 [Early Dynastic (~2900–2340 BCE) | Lagash]; ELLES266 [Early Dynastic (~2900–2340 BCE) | Ebla]; HZL073 [Hittite period (~1650–1180 BCE) | Hittite]; KWU779 [Ur III (~2112–2004 BCE) | Administrative]; MZL385 [Standard Babylonian (any period) | Akkado-Babylonian]; PTACE219 [Early Dynastic (~2900–2340 BCE) | Ebla]; RSP149 [Early Dynastic (~2900–2340 BCE) | Presargonic Lagash]; SLLHA229n [Standard Babylonian (any period) | Akkado-Babylonian]; SYA125 [Standard Babylonian (any period) | Akkadian syllabary]
U+1224C,|NI.UD|,|UD.NI|,𒉌,Type_2,compound,|UD.NI|,2,𒌓𒉌,U+12313; U+1224C,LAK511 [Uruk IV–III (~3400–3000 BCE) | Archaic / Uruk]; ASY143 [Standard Babylonian (any period) | Akkadian syllabary]; ABZL262 [Old Babylonian (~2000–1600 BCE) | School texts]; BAU407 [Early Dynastic (~2900–2340 BCE) | Lagash]; ELLES266 [Early Dynastic (~2900–2340 BCE) | Ebla]; HZL073 [Hittite period (~1650–1180 BCE) | Hittite]; KWU779 [Ur III (~2112–2004 BCE) | Administrative]; MZL385 [Standard Babylonian (any period) | Akkado-Babylonian]; PTACE219 [Early Dynastic (~2900–2340 BCE) | Ebla]; RSP149 [Early Dynastic (~2900–2340 BCE) | Presargonic Lagash]; SLLHA229n [Standard Babylonian (any period) | Akkado-Babylonian]; SYA125 [Standard Babylonian (any period) | Akkadian syllabary]
U+12457,NIGIDAEŠ,NIGIDAEŠ~a,𒑗,Type_3,NIGIDAES_v1,,,,,LAK836^c [Uruk IV–III (~3400–3000 BCE) | Archaic / Uruk]; MZL850 [Standard Babylonian (any period) | Akkado-Babylonian]; RSP023 [Early Dynastic (~2900–2340 BCE) | Presargonic Lagash]; SLLHA585c [Standard Babylonian (any period) | Akkado-Babylonian]
U+1255B [unverified],NIGIDAEŠ,NIGIDAEŠ@c,𒕛,Type_1,NIGIDAES_v2,,,,,LAK836^a [Uruk IV–III (~3400–3000 BCE) | Archaic / Uruk]; RSP038 [Early Dynastic (~2900–2340 BCE) | Presargonic Lagash]; LAK836^c [Uruk IV–III (~3400–3000 BCE) | Archaic / Uruk]; MZL850 [Standard Babylonian (any period) | Akkado-Babylonian]; RSP023 [Early Dynastic (~2900–2340 BCE) | Presargonic Lagash]; SLLHA585c [Standard Babylonian (any period) | Akkado-Babylonian]
U+12457,NIGIDAEŠ,NIGIDAEŠ@c~a,𒑗,Type_3,NIGIDAES_v1,,,,,LAK836^b [Uruk IV–III (~3400–3000 BCE) | Archaic / Uruk]; LAK836^c [Uruk IV–III (~3400–3000 BCE) | Archaic / Uruk]; MZL850 [Standard Babylonian (any period) | Akkado-Babylonian]; RSP023 [Early Dynastic (~2900–2340 BCE) | Presargonic Lagash]; SLLHA585c [Standard Babylonian (any period) | Akkado-Babylonian]
U+1255A [unverified],NIGIDAMIN,NIGIDAMIN~a,󰁊,Type_1,NIGIDAMI_v1,,,,,RSP037 [Early Dynastic (~2900–2340 BCE) | Presargonic Lagash]; LAK835^b [Uruk IV–III (~3400–3000 BCE) | Archaic / Uruk]; MZL848 [Standard Babylonian (any period) | Akkado-Babylonian]; RSP022 [Early Dynastic (~2900–2340 BCE) | Presargonic Lagash]; SLLHA585a [Standard Babylonian (any period) | Akkado-Babylonian]
U+12250,|NIM×GAN₂@t|,NIM,𒉐,Type_3,NIMGANT_v1,,,,,LAK270 [Uruk IV–III (~3400–3000 BCE) | Archaic / Uruk]; LAK271 [Uruk IV–III (~3400–3000 BCE) | Archaic / Uruk]; ASY251 [Standard Babylonian (any period) | Akkadian syllabary]; BAU141? [Early Dynastic (~2900–2340 BCE) | Lagash]; ELLES154 [Early Dynastic (~2900–2340 BCE) | Ebla]; GCSL122 [Gudea period (~2100 BCE) | Lagash / Girsu]; RSP390 [Early Dynastic (~2900–2340 BCE) | Presargonic Lagash]; LAK272 [Uruk IV–III (~3400–3000 BCE) | Archaic / Uruk]; ASY252 [Standard Babylonian (any period) | Akkadian syllabary]; ABZL356 [Old Babylonian (~2000–1600 BCE) | School texts]; ELLES155 [Early Dynastic (~2900–2340 BCE) | Ebla]; GCSL123 [Gudea period (~2100 BCE) | Lagash / Girsu]; HZL279 [Hittite period (~1650–1180 BCE) | Hittite]; KWU399 [Ur III (~2112–2004 BCE) | Administrative]; MZL691 [Standard Babylonian (any period) | Akkado-Babylonian]; PTACE118 [Early Dynastic (~2900–2340 BCE) | Ebla]; RSP391 [Early Dynastic (~2900–2340 BCE) | Presargonic Lagash]; SLLHA434 [Standard Babylonian (any period) | Akkado-Babylonian]; SYA221 [Standard Babylonian (any period) | Akkadian syllabary]
U+12250,|NIM×GAN₂@t|,|NIM×GAN₂|,𒉐,Type_3,NIMGANT_v1,,,,,LAK272 [Uruk IV–III (~3400–3000 BCE) | Archaic / Uruk]; ASY252 [Standard Babylonian (any period) | Akkadian syllabary]; ABZL356 [Old Babylonian (~2000–1600 BCE) | School texts]; ELLES155 [Early Dynastic (~2900–2340 BCE) | Ebla]; GCSL123 [Gudea period (~2100 BCE) | Lagash / Girsu]; HZL279 [Hittite period (~1650–1180 BCE) | Hittite]; KWU399 [Ur III (~2112–2004 BCE) | Administrative]; MZL691 [Standard Babylonian (any period) | Akkado-Babylonian]; PTACE118 [Early Dynastic (~2900–2340 BCE) | Ebla]; RSP391 [Early Dynastic (~2900–2340 BCE) | Presargonic Lagash]; SLLHA434 [Standard Babylonian (any period) | Akkado-Babylonian]; SYA221 [Standard Babylonian (any period) | Akkadian syllabary]
U+12252,|NINDA₂×(AŠ.AŠ)|,|NINDA₂.AŠ.AŠ|,𒉒,Type_2,compound,|NINDA₂.AŠ.AŠ|,1,𒉒𒀸𒀸,U+12252; U+12038; U+12038,MZL318 [Standard Babylonian (any period) | Akkado-Babylonian]; SLLHA177n [Standard Babylonian (any period) | Akkado-Babylonian]
U+12038,|NINDA₂×(AŠ.AŠ)|,|NINDA₂.AŠ.AŠ|,𒀸,Type_2,compound,|NINDA₂.AŠ.AŠ|,2,𒉒𒀸𒀸,U+12252; U+12038; U+12038,MZL318 [Standard Babylonian (any period) | Akkado-Babylonian]; SLLHA177n [Standard Babylonian (any period) | Akkado-Babylonian]
U+12038,|NINDA₂×(AŠ.AŠ)|,|NINDA₂.AŠ.AŠ|,𒀸,Type_2,compound,|NINDA₂.AŠ.AŠ|,3,𒉒𒀸𒀸,U+12252; U+12038; U+12038,MZL318 [Standard Babylonian (any period) | Akkado-Babylonian]; SLLHA177n [Standard Babylonian (any period) | Akkado-Babylonian]
U+12255,|NINDA₂×(AŠ.AŠ)|,|NINDA₂×2(AŠ@c)|,𒉕,Type_3,NINDAASA_v1,,,,,ELLES058 [Early Dynastic (~2900–2340 BCE) | Ebla]; MZL318 [Standard Babylonian (any period) | Akkado-Babylonian]; SLLHA177n [Standard Babylonian (any period) | Akkado-Babylonian]
U+12252,|NINDA₂×GUD|,|NINDA₂.GUD|,𒉒,Type_2,compound,|NINDA₂.GUD|,1,𒉒𒄞,U+12252; U+1211E,LAK104 [Uruk IV–III (~3400–3000 BCE) | Archaic / Uruk]; MZL327 [Standard Babylonian (any period) | Akkado-Babylonian]; SLLHA184 [Standard Babylonian (any period) | Akkado-Babylonian]
U+1211E,|NINDA₂×GUD|,|NINDA₂.GUD|,𒄞,Type_2,compound,|NINDA₂.GUD|,2,𒉒𒄞,U+12252; U+1211E,LAK104 [Uruk IV–III (~3400–3000 BCE) | Archaic / Uruk]; MZL327 [Standard Babylonian (any period) | Akkado-Babylonian]; SLLHA184 [Standard Babylonian (any period) | Akkado-Babylonian]
U+1225A,|NINDA₂×ŠE|,|NINDA₂×(DIŠ.ŠE.A.AN)|,𒉚,Type_3,NINDASE_v1,,,,,LAK105 [Uruk IV–III (~3400–3000 BCE) | Archaic / Uruk]; LAK108 [Uruk IV–III (~3400–3000 BCE) | Archaic / Uruk]; ASY127 [Standard Babylonian (any period) | Akkadian syllabary]; BAU066 [Early Dynastic (~2900–2340 BCE) | Lagash]; KWU160 [Ur III (~2112–2004 BCE) | Administrative]; PTACE069 [Early Dynastic (~2900–2340 BCE) | Ebla]; RSP108 [Early Dynastic (~2900–2340 BCE) | Presargonic Lagash]; SLLHA187v5 [Standard Babylonian (any period) | Akkado-Babylonian]
U+1225A,|NINDA₂×ŠE|,|NINDA₂×ŠE.A|,𒉚,Type_2,compound,|NINDA₂×ŠE.A|,1,𒉚𒀀,U+1225A; U+12000,LAK105 [Uruk IV–III (~3400–3000 BCE) | Archaic / Uruk]; LAK108 [Uruk IV–III (~3400–3000 BCE) | Archaic / Uruk]; ASY127 [Standard Babylonian (any period) | Akkadian syllabary]; BAU066 [Early Dynastic (~2900–2340 BCE) | Lagash]; KWU160 [Ur III (~2112–2004 BCE) | Administrative]; PTACE069 [Early Dynastic (~2900–2340 BCE) | Ebla]; RSP108 [Early Dynastic (~2900–2340 BCE) | Presargonic Lagash]; SLLHA187v5 [Standard Babylonian (any period) | Akkado-Babylonian]
U+12000,|NINDA₂×ŠE|,|NINDA₂×ŠE.A|,𒀀,Type_2,compound,|NINDA₂×ŠE.A|,2,𒉚𒀀,U+1225A; U+12000,LAK105 [Uruk IV–III (~3400–3000 BCE) | Archaic / Uruk]; LAK108 [Uruk IV–III (~3400–3000 BCE) | Archaic / Uruk]; ASY127 [Standard Babylonian (any period) | Akkadian syllabary]; BAU066 [Early Dynastic (~2900–2340 BCE) | Lagash]; KWU160 [Ur III (~2112–2004 BCE) | Administrative]; PTACE069 [Early Dynastic (~2900–2340 BCE) | Ebla]; RSP108 [Early Dynastic (~2900–2340 BCE) | Presargonic Lagash]; SLLHA187v5 [Standard Babylonian (any period) | Akkado-Babylonian]
U+1225B,|NINDA₂×ŠE|,|NINDA₂×(ŠE.A).AN|,𒉛,Type_1,NINDASE_v2,,,,,ABZL137 [Old Babylonian (~2000–1600 BCE) | School texts]; SLLHA187v1 [Standard Babylonian (any period) | Akkado-Babylonian]; SYA110 [Standard Babylonian (any period) | Akkadian syllabary]; LAK105 [Uruk IV–III (~3400–3000 BCE) | Archaic / Uruk]; LAK108 [Uruk IV–III (~3400–3000 BCE) | Archaic / Uruk]; ASY127 [Standard Babylonian (any period) | Akkadian syllabary]; BAU066 [Early Dynastic (~2900–2340 BCE) | Lagash]; KWU160 [Ur III (~2112–2004 BCE) | Administrative]; PTACE069 [Early Dynastic (~2900–2340 BCE) | Ebla]; RSP108 [Early Dynastic (~2900–2340 BCE) | Presargonic Lagash]; SLLHA187v5 [Standard Babylonian (any period) | Akkado-Babylonian]
U+1225A,|NINDA₂×ŠE|,|NINDA₂×(ŠE.A.AN)|,𒉚,Type_3,NINDASE_v1,,,,,LAK105 [Uruk IV–III (~3400–3000 BCE) | Archaic / Uruk]; LAK108 [Uruk IV–III (~3400–3000 BCE) | Archaic / Uruk]; ASY127 [Standard Babylonian (any period) | Akkadian syllabary]; BAU066 [Early Dynastic (~2900–2340 BCE) | Lagash]; KWU160 [Ur III (~2112–2004 BCE) | Administrative]; PTACE069 [Early Dynastic (~2900–2340 BCE) | Ebla]; RSP108 [Early Dynastic (~2900–2340 BCE) | Presargonic Lagash]; SLLHA187v5 [Standard Babylonian (any period) | Akkado-Babylonian]
U+1225A,|NINDA₂×ŠE|,|NINDA₂×ŠE.A.AN|,𒉚,Type_2,compound,|NINDA₂×ŠE.A.AN|,1,𒉚𒀀𒀭,U+1225A; U+12000; U+1202D,LAK105 [Uruk IV–III (~3400–3000 BCE) | Archaic / Uruk]; LAK108 [Uruk IV–III (~3400–3000 BCE) | Archaic / Uruk]; ASY127 [Standard Babylonian (any period) | Akkadian syllabary]; BAU066 [Early Dynastic (~2900–2340 BCE) | Lagash]; KWU160 [Ur III (~2112–2004 BCE) | Administrative]; PTACE069 [Early Dynastic (~2900–2340 BCE) | Ebla]; RSP108 [Early Dynastic (~2900–2340 BCE) | Presargonic Lagash]; SLLHA187v5 [Standard Babylonian (any period) | Akkado-Babylonian]
U+12000,|NINDA₂×ŠE|,|NINDA₂×ŠE.A.AN|,𒀀,Type_2,compound,|NINDA₂×ŠE.A.AN|,2,𒉚𒀀𒀭,U+1225A; U+12000; U+1202D,LAK105 [Uruk IV–III (~3400–3000 BCE) | Archaic / Uruk]; LAK108 [Uruk IV–III (~3400–3000 BCE) | Archaic / Uruk]; ASY127 [Standard Babylonian (any period) | Akkadian syllabary]; BAU066 [Early Dynastic (~2900–2340 BCE) | Lagash]; KWU160 [Ur III (~2112–2004 BCE) | Administrative]; PTACE069 [Early Dynastic (~2900–2340 BCE) | Ebla]; RSP108 [Early Dynastic (~2900–2340 BCE) | Presargonic Lagash]; SLLHA187v5 [Standard Babylonian (any period) | Akkado-Babylonian]
U+1202D,|NINDA₂×ŠE|,|NINDA₂×ŠE.A.AN|,𒀭,Type_2,compound,|NINDA₂×ŠE.A.AN|,3,𒉚𒀀𒀭,U+1225A; U+12000; U+1202D,LAK105 [Uruk IV–III (~3400–3000 BCE) | Archaic / Uruk]; LAK108 [Uruk IV–III (~3400–3000 BCE) | Archaic / Uruk]; ASY127 [Standard Babylonian (any period) | Akkadian syllabary]; BAU066 [Early Dynastic (~2900–2340 BCE) | Lagash]; KWU160 [Ur III (~2112–2004 BCE) | Administrative]; PTACE069 [Early Dynastic (~2900–2340 BCE) | Ebla]; RSP108 [Early Dynastic (~2900–2340 BCE) | Presargonic Lagash]; SLLHA187v5 [Standard Babylonian (any period) | Akkado-Babylonian]
U+1225A,|NINDA₂×ŠE|,|NINDA₂×(ŠE.AN)|,𒉚,Type_2,compound,|NINDA₂×(ŠE.AN)|,1,𒉚𒀭,U+1225A; U+1202D,LAK105 [Uruk IV–III (~3400–3000 BCE) | Archaic / Uruk]; LAK108 [Uruk IV–III (~3400–3000 BCE) | Archaic / Uruk]; ASY127 [Standard Babylonian (any period) | Akkadian syllabary]; BAU066 [Early Dynastic (~2900–2340 BCE) | Lagash]; KWU160 [Ur III (~2112–2004 BCE) | Administrative]; PTACE069 [Early Dynastic (~2900–2340 BCE) | Ebla]; RSP108 [Early Dynastic (~2900–2340 BCE) | Presargonic Lagash]; SLLHA187v5 [Standard Babylonian (any period) | Akkado-Babylonian]
U+1202D,|NINDA₂×ŠE|,|NINDA₂×(ŠE.AN)|,𒀭,Type_2,compound,|NINDA₂×(ŠE.AN)|,2,𒉚𒀭,U+1225A; U+1202D,LAK105 [Uruk IV–III (~3400–3000 BCE) | Archaic / Uruk]; LAK108 [Uruk IV–III (~3400–3000 BCE) | Archaic / Uruk]; ASY127 [Standard Babylonian (any period) | Akkadian syllabary]; BAU066 [Early Dynastic (~2900–2340 BCE) | Lagash]; KWU160 [Ur III (~2112–2004 BCE) | Administrative]; PTACE069 [Early Dynastic (~2900–2340 BCE) | Ebla]; RSP108 [Early Dynastic (~2900–2340 BCE) | Presargonic Lagash]; SLLHA187v5 [Standard Babylonian (any period) | Akkado-Babylonian]
U+1225A,|NINDA₂×ŠE|,NINDA₂@180,𒉚,Type_3,NINDASE_v1,,,,,LAK105 [Uruk IV–III (~3400–3000 BCE) | Archaic / Uruk]; LAK108 [Uruk IV–III (~3400–3000 BCE) | Archaic / Uruk]; ASY127 [Standard Babylonian (any period) | Akkadian syllabary]; BAU066 [Early Dynastic (~2900–2340 BCE) | Lagash]; KWU160 [Ur III (~2112–2004 BCE) | Administrative]; PTACE069 [Early Dynastic (~2900–2340 BCE) | Ebla]; RSP108 [Early Dynastic (~2900–2340 BCE) | Presargonic Lagash]; SLLHA187v5 [Standard Babylonian (any period) | Akkado-Babylonian]
U+122BA,|NINDA₂×ŠE|,|ŠE.NINDA₂@180×ZA|,𒊺,Type_2,compound,|ŠE.NINDA₂@180×ZA|,1,𒊺X,U+122BA; X,LAK105 [Uruk IV–III (~3400–3000 BCE) | Archaic / Uruk]; LAK108 [Uruk IV–III (~3400–3000 BCE) | Archaic / Uruk]; ASY127 [Standard Babylonian (any period) | Akkadian syllabary]; BAU066 [Early Dynastic (~2900–2340 BCE) | Lagash]; KWU160 [Ur III (~2112–2004 BCE) | Administrative]; PTACE069 [Early Dynastic (~2900–2340 BCE) | Ebla]; RSP108 [Early Dynastic (~2900–2340 BCE) | Presargonic Lagash]; SLLHA187v5 [Standard Babylonian (any period) | Akkado-Babylonian]
X,|NINDA₂×ŠE|,|ŠE.NINDA₂@180×ZA|,,Type_2,compound,|ŠE.NINDA₂@180×ZA|,2,𒊺X,U+122BA; X,LAK105 [Uruk IV–III (~3400–3000 BCE) | Archaic / Uruk]; LAK108 [Uruk IV–III (~3400–3000 BCE) | Archaic / Uruk]; ASY127 [Standard Babylonian (any period) | Akkadian syllabary]; BAU066 [Early Dynastic (~2900–2340 BCE) | Lagash]; KWU160 [Ur III (~2112–2004 BCE) | Administrative]; PTACE069 [Early Dynastic (~2900–2340 BCE) | Ebla]; RSP108 [Early Dynastic (~2900–2340 BCE) | Presargonic Lagash]; SLLHA187v5 [Standard Babylonian (any period) | Akkado-Babylonian]
U+12598 [unverified],|NINDA₂×(ŠE.AŠ)|,|NINDA₂×(ŠE.AŠ@c)|,𒖘,Type_1,NINDASEA_v1,,,,,LAK106 [Uruk IV–III (~3400–3000 BCE) | Archaic / Uruk]; LAK869 [Uruk IV–III (~3400–3000 BCE) | Archaic / Uruk]; RSP106 [Early Dynastic (~2900–2340 BCE) | Presargonic Lagash]; MZL331 [Standard Babylonian (any period) | Akkado-Babylonian]; SLLHA186a [Standard Babylonian (any period) | Akkado-Babylonian]
U+12599 [unverified],|NINDA₂×(ŠE.AŠ.AŠ)|,|NINDA₂×(ŠE.AŠ@c.AŠ@c)|,𒖙,Type_1,NINDASEA_v1,,,,,LAK107 [Uruk IV–III (~3400–3000 BCE) | Archaic / Uruk]; LAK870 [Uruk IV–III (~3400–3000 BCE) | Archaic / Uruk]; RSP107 [Early Dynastic (~2900–2340 BCE) | Presargonic Lagash]; MZL332 [Standard Babylonian (any period) | Akkado-Babylonian]; SLLHA186b [Standard Babylonian (any period) | Akkado-Babylonian]
U+1252A,|NINDA₂×U|,|NINDA₂×U@c|,𒔪,Type_3,NINDAU_v1,,,,,LAK102 [Uruk IV–III (~3400–3000 BCE) | Archaic / Uruk]; ELLES060 [Early Dynastic (~2900–2340 BCE) | Ebla]
U+1252B,|NINDA₂×(U.U)|,|NINDA₂×(U@c.U@c)|,𒔫,Type_3,NINDAUU_v1,,,,,LAK103 [Uruk IV–III (~3400–3000 BCE) | Archaic / Uruk]
U+12252,|NINDA₂×(U₂.AŠ)|,|NINDA₂.AŠ|,𒉒,Type_2,compound,|NINDA₂.AŠ|,1,𒉒𒀸,U+12252; U+12038,MZL330 [Standard Babylonian (any period) | Akkado-Babylonian]; SLLHA185 [Standard Babylonian (any period) | Akkado-Babylonian]
U+12038,|NINDA₂×(U₂.AŠ)|,|NINDA₂.AŠ|,𒀸,Type_2,compound,|NINDA₂.AŠ|,2,𒉒𒀸,U+12252; U+12038,MZL330 [Standard Babylonian (any period) | Akkado-Babylonian]; SLLHA185 [Standard Babylonian (any period) | Akkado-Babylonian]
,|NINDA₂×2(DIŠ)|,|NINDA₂×NIGIDAMIN@c|,,Type_3,NINDA2DI_v1,,,,,LAK101 [Uruk IV–III (~3400–3000 BCE) | Archaic / Uruk]; ELLES059 [Early Dynastic (~2900–2340 BCE) | Ebla]
U+12262,NU₁₁,|NU₁₁.GIŠ|,𒉢,Type_2,compound,|NU₁₁.GIŠ|,1,𒉢𒄑,U+12262; U+12111,LAK024 [Uruk IV–III (~3400–3000 BCE) | Archaic / Uruk]; ABZL028 [Old Babylonian (~2000–1600 BCE) | School texts]; BAU017 [Early Dynastic (~2900–2340 BCE) | Lagash]; ELLES016 [Early Dynastic (~2900–2340 BCE) | Ebla]; GCSL013 [Gudea period (~2100 BCE) | Lagash / Girsu]; KWU042 [Ur III (~2112–2004 BCE) | Administrative]; MZL115b [Standard Babylonian (any period) | Akkado-Babylonian]; PTACE023 [Early Dynastic (~2900–2340 BCE) | Ebla]; RSP341 [Early Dynastic (~2900–2340 BCE) | Presargonic Lagash]
U+12111,NU₁₁,|NU₁₁.GIŠ|,𒄑,Type_2,compound,|NU₁₁.GIŠ|,2,𒉢𒄑,U+12262; U+12111,LAK024 [Uruk IV–III (~3400–3000 BCE) | Archaic / Uruk]; ABZL028 [Old Babylonian (~2000–1600 BCE) | School texts]; BAU017 [Early Dynastic (~2900–2340 BCE) | Lagash]; ELLES016 [Early Dynastic (~2900–2340 BCE) | Ebla]; GCSL013 [Gudea period (~2100 BCE) | Lagash / Girsu]; KWU042 [Ur III (~2112–2004 BCE) | Administrative]; MZL115b [Standard Babylonian (any period) | Akkado-Babylonian]; PTACE023 [Early Dynastic (~2900–2340 BCE) | Ebla]; RSP341 [Early Dynastic (~2900–2340 BCE) | Presargonic Lagash]
U+12053,|NU₁₁.BUR|,|BUR.NU₁₁|,𒁓,Type_2,compound,|BUR.NU₁₁|,1,𒁓𒉢,U+12053; U+12262,PTACE110 [Early Dynastic (~2900–2340 BCE) | Ebla]
U+12262,|NU₁₁.BUR|,|BUR.NU₁₁|,𒉢,Type_2,compound,|BUR.NU₁₁|,2,𒁓𒉢,U+12053; U+12262,PTACE110 [Early Dynastic (~2900–2340 BCE) | Ebla]
U+12262,|NU₁₁.BUR.LA|,|NU₁₁.BUR.HU|,𒉢,Type_2,compound,|NU₁₁.BUR.HU|,1,𒉢𒁓𒄷,U+12262; U+12053; U+12137,
U+12053,|NU₁₁.BUR.LA|,|NU₁₁.BUR.HU|,𒁓,Type_2,compound,|NU₁₁.BUR.HU|,2,𒉢𒁓𒄷,U+12262; U+12053; U+12137,
U+12137,|NU₁₁.BUR.LA|,|NU₁₁.BUR.HU|,𒄷,Type_2,compound,|NU₁₁.BUR.HU|,3,𒉢𒁓𒄷,U+12262; U+12053; U+12137,
U+12262,|NU₁₁.BUR.LA|,|NU₁₁.BUR.LA.HU|,𒉢,Type_2,compound,|NU₁₁.BUR.LA.HU|,1,𒉢𒁓𒆷𒄷,U+12262; U+12053; U+121B7; U+12137,
U+12053,|NU₁₁.BUR.LA|,|NU₁₁.BUR.LA.HU|,𒁓,Type_2,compound,|NU₁₁.BUR.LA.HU|,2,𒉢𒁓𒆷𒄷,U+12262; U+12053; U+121B7; U+12137,
U+121B7,|NU₁₁.BUR.LA|,|NU₁₁.BUR.LA.HU|,𒆷,Type_2,compound,|NU₁₁.BUR.LA.HU|,3,𒉢𒁓𒆷𒄷,U+12262; U+12053; U+121B7; U+12137,
U+12137,|NU₁₁.BUR.LA|,|NU₁₁.BUR.LA.HU|,𒄷,Type_2,compound,|NU₁₁.BUR.LA.HU|,4,𒉢𒁓𒆷𒄷,U+12262; U+12053; U+121B7; U+12137,
U+12262,|NU₁₁.BUR.LA|,|NU₁₁.BUR.SU.LA.HU|,𒉢,Type_2,compound,|NU₁₁.BUR.SU.LA.HU|,1,𒉢𒁓𒋢𒆷𒄷,U+12262; U+12053; U+122E2; U+121B7; U+12137,
U+12053,|NU₁₁.BUR.LA|,|NU₁₁.BUR.SU.LA.HU|,𒁓,Type_2,compound,|NU₁₁.BUR.SU.LA.HU|,2,𒉢𒁓𒋢𒆷𒄷,U+12262; U+12053; U+122E2; U+121B7; U+12137,
U+122E2,|NU₁₁.BUR.LA|,|NU₁₁.BUR.SU.LA.HU|,𒋢,Type_2,compound,|NU₁₁.BUR.SU.LA.HU|,3,𒉢𒁓𒋢𒆷𒄷,U+12262; U+12053; U+122E2; U+121B7; U+12137,
U+121B7,|NU₁₁.BUR.LA|,|NU₁₁.BUR.SU.LA.HU|,𒆷,Type_2,compound,|NU₁₁.BUR.SU.LA.HU|,4,𒉢𒁓𒋢𒆷𒄷,U+12262; U+12053; U+122E2; U+121B7; U+12137,
U+12137,|NU₁₁.BUR.LA|,|NU₁₁.BUR.SU.LA.HU|,𒄷,Type_2,compound,|NU₁₁.BUR.SU.LA.HU|,5,𒉢𒁓𒋢𒆷𒄷,U+12262; U+12053; U+122E2; U+121B7; U+12137,
U+12262,|NU₁₁.BUR.LA|,|NU₁₁.LA.BUR|,𒉢,Type_2,compound,|NU₁₁.LA.BUR|,1,𒉢𒆷𒁓,U+12262; U+121B7; U+12053,RSP342 [Early Dynastic (~2900–2340 BCE) | Presargonic Lagash]
U+121B7,|NU₁₁.BUR.LA|,|NU₁₁.LA.BUR|,𒆷,Type_2,compound,|NU₁₁.LA.BUR|,2,𒉢𒆷𒁓,U+12262; U+121B7; U+12053,RSP342 [Early Dynastic (~2900–2340 BCE) | Presargonic Lagash]
U+12053,|NU₁₁.BUR.LA|,|NU₁₁.LA.BUR|,𒁓,Type_2,compound,|NU₁₁.LA.BUR|,3,𒉢𒆷𒁓,U+12262; U+121B7; U+12053,RSP342 [Early Dynastic (~2900–2340 BCE) | Presargonic Lagash]
U+121B7,|NU₁₁.BUR.LA|,|LA.NU₁₁.BUR|,𒆷,Type_2,compound,|LA.NU₁₁.BUR|,1,𒆷𒉢𒁓,U+121B7; U+12262; U+12053,
U+12262,|NU₁₁.BUR.LA|,|LA.NU₁₁.BUR|,𒉢,Type_2,compound,|LA.NU₁₁.BUR|,2,𒆷𒉢𒁓,U+121B7; U+12262; U+12053,
U+12053,|NU₁₁.BUR.LA|,|LA.NU₁₁.BUR|,𒁓,Type_2,compound,|LA.NU₁₁.BUR|,3,𒆷𒉢𒁓,U+121B7; U+12262; U+12053,
U+12053,|NU₁₁.BUR.LA|,|BUR.NU₁₁.LA|,𒁓,Type_2,compound,|BUR.NU₁₁.LA|,1,𒁓𒉢𒆷,U+12053; U+12262; U+121B7,
U+12262,|NU₁₁.BUR.LA|,|BUR.NU₁₁.LA|,𒉢,Type_2,compound,|BUR.NU₁₁.LA|,2,𒁓𒉢𒆷,U+12053; U+12262; U+121B7,
U+121B7,|NU₁₁.BUR.LA|,|BUR.NU₁₁.LA|,𒆷,Type_2,compound,|BUR.NU₁₁.LA|,3,𒁓𒉢𒆷,U+12053; U+12262; U+121B7,
U+12053,|NU₁₁.BUR.LA|,|BUR.NU₁₁.LA.HU|,𒁓,Type_2,compound,|BUR.NU₁₁.LA.HU|,1,𒁓𒉢𒆷𒄷,U+12053; U+12262; U+121B7; U+12137,
U+12262,|NU₁₁.BUR.LA|,|BUR.NU₁₁.LA.HU|,𒉢,Type_2,compound,|BUR.NU₁₁.LA.HU|,2,𒁓𒉢𒆷𒄷,U+12053; U+12262; U+121B7; U+12137,
U+121B7,|NU₁₁.BUR.LA|,|BUR.NU₁₁.LA.HU|,𒆷,Type_2,compound,|BUR.NU₁₁.LA.HU|,3,𒁓𒉢𒆷𒄷,U+12053; U+12262; U+121B7; U+12137,
U+12137,|NU₁₁.BUR.LA|,|BUR.NU₁₁.LA.HU|,𒄷,Type_2,compound,|BUR.NU₁₁.LA.HU|,4,𒁓𒉢𒆷𒄷,U+12053; U+12262; U+121B7; U+12137,
U+12262,|NU₁₁.BUR.LA|,|NU₁₁.BUR.SU.HU.LA|,𒉢,Type_2,compound,|NU₁₁.BUR.SU.HU.LA|,1,𒉢𒁓𒋢𒄷𒆷,U+12262; U+12053; U+122E2; U+12137; U+121B7,
U+12053,|NU₁₁.BUR.LA|,|NU₁₁.BUR.SU.HU.LA|,𒁓,Type_2,compound,|NU₁₁.BUR.SU.HU.LA|,2,𒉢𒁓𒋢𒄷𒆷,U+12262; U+12053; U+122E2; U+12137; U+121B7,
U+122E2,|NU₁₁.BUR.LA|,|NU₁₁.BUR.SU.HU.LA|,𒋢,Type_2,compound,|NU₁₁.BUR.SU.HU.LA|,3,𒉢𒁓𒋢𒄷𒆷,U+12262; U+12053; U+122E2; U+12137; U+121B7,
U+12137,|NU₁₁.BUR.LA|,|NU₁₁.BUR.SU.HU.LA|,𒄷,Type_2,compound,|NU₁₁.BUR.SU.HU.LA|,4,𒉢𒁓𒋢𒄷𒆷,U+12262; U+12053; U+122E2; U+12137; U+121B7,
U+121B7,|NU₁₁.BUR.LA|,|NU₁₁.BUR.SU.HU.LA|,𒆷,Type_2,compound,|NU₁₁.BUR.SU.HU.LA|,5,𒉢𒁓𒋢𒄷𒆷,U+12262; U+12053; U+122E2; U+12137; U+121B7,
U+12262,|NU₁₁.BUR.LA|,|NU₁₁.LA.HU|,𒉢,Type_2,compound,|NU₁₁.LA.HU|,1,𒉢𒆷𒄷,U+12262; U+121B7; U+12137,
U+121B7,|NU₁₁.BUR.LA|,|NU₁₁.LA.HU|,𒆷,Type_2,compound,|NU₁₁.LA.HU|,2,𒉢𒆷𒄷,U+12262; U+121B7; U+12137,
U+12137,|NU₁₁.BUR.LA|,|NU₁₁.LA.HU|,𒄷,Type_2,compound,|NU₁₁.LA.HU|,3,𒉢𒆷𒄷,U+12262; U+121B7; U+12137,
U+122D4,NU₁₁@90,NU₁₁@t,𒋔,Type_1,NU90_v1,,,,,ABZL464 [Old Babylonian (~2000–1600 BCE) | School texts]; MZL116 [Standard Babylonian (any period) | Akkado-Babylonian]; SLLHA071n [Standard Babylonian (any period) | Akkado-Babylonian]; LAK024^a [Uruk IV–III (~3400–3000 BCE) | Archaic / Uruk]
U+12263,|NUN.LAGAR×GAR|,|NUN.LA.GA₂×GAR|,𒉣,Type_2,compound,|NUN.LA.GA₂×GAR|,1,𒉣𒆷𒃌,U+12263; U+121B7; U+120CC,"MZL146"" [Standard Babylonian (any period) | Akkado-Babylonian]; SLLHA087cn [Standard Babylonian (any period) | Akkado-Babylonian]"
U+121B7,|NUN.LAGAR×GAR|,|NUN.LA.GA₂×GAR|,𒆷,Type_2,compound,|NUN.LA.GA₂×GAR|,2,𒉣𒆷𒃌,U+12263; U+121B7; U+120CC,"MZL146"" [Standard Babylonian (any period) | Akkado-Babylonian]; SLLHA087cn [Standard Babylonian (any period) | Akkado-Babylonian]"
U+120CC,|NUN.LAGAR×GAR|,|NUN.LA.GA₂×GAR|,𒃌,Type_2,compound,|NUN.LA.GA₂×GAR|,3,𒉣𒆷𒃌,U+12263; U+121B7; U+120CC,"MZL146"" [Standard Babylonian (any period) | Akkado-Babylonian]; SLLHA087cn [Standard Babylonian (any period) | Akkado-Babylonian]"
U+12079,|NUN.LAGAR×SAL|,|DIŠ+NUN.LAGAR|,𒁹,Type_2,compound,|DIŠ+NUN.LAGAR|,1,𒁹𒉣𒇬,U+12079; U+12263; U+121EC,LAK078 [Uruk IV–III (~3400–3000 BCE) | Archaic / Uruk]; ABZL049 [Old Babylonian (~2000–1600 BCE) | School texts]; MZL147 [Standard Babylonian (any period) | Akkado-Babylonian]
U+12263,|NUN.LAGAR×SAL|,|DIŠ+NUN.LAGAR|,𒉣,Type_2,compound,|DIŠ+NUN.LAGAR|,2,𒁹𒉣𒇬,U+12079; U+12263; U+121EC,LAK078 [Uruk IV–III (~3400–3000 BCE) | Archaic / Uruk]; ABZL049 [Old Babylonian (~2000–1600 BCE) | School texts]; MZL147 [Standard Babylonian (any period) | Akkado-Babylonian]
U+121EC,|NUN.LAGAR×SAL|,|DIŠ+NUN.LAGAR|,𒇬,Type_2,compound,|DIŠ+NUN.LAGAR|,3,𒁹𒉣𒇬,U+12079; U+12263; U+121EC,LAK078 [Uruk IV–III (~3400–3000 BCE) | Archaic / Uruk]; ABZL049 [Old Babylonian (~2000–1600 BCE) | School texts]; MZL147 [Standard Babylonian (any period) | Akkado-Babylonian]
U+12263,|NUN.LAGAR×SAL|,|NUN.LAGAR|,𒉣,Type_2,compound,|NUN.LAGAR|,1,𒉣𒇬,U+12263; U+121EC,LAK077 [Uruk IV–III (~3400–3000 BCE) | Archaic / Uruk]; ASY063a [Standard Babylonian (any period) | Akkadian syllabary]; BAU060 [Early Dynastic (~2900–2340 BCE) | Lagash]; GCSL042 [Gudea period (~2100 BCE) | Lagash / Girsu]; RSP186 [Early Dynastic (~2900–2340 BCE) | Presargonic Lagash]; ABZL049 [Old Babylonian (~2000–1600 BCE) | School texts]; MZL147 [Standard Babylonian (any period) | Akkado-Babylonian]
U+121EC,|NUN.LAGAR×SAL|,|NUN.LAGAR|,𒇬,Type_2,compound,|NUN.LAGAR|,2,𒉣𒇬,U+12263; U+121EC,LAK077 [Uruk IV–III (~3400–3000 BCE) | Archaic / Uruk]; ASY063a [Standard Babylonian (any period) | Akkadian syllabary]; BAU060 [Early Dynastic (~2900–2340 BCE) | Lagash]; GCSL042 [Gudea period (~2100 BCE) | Lagash / Girsu]; RSP186 [Early Dynastic (~2900–2340 BCE) | Presargonic Lagash]; ABZL049 [Old Babylonian (~2000–1600 BCE) | School texts]; MZL147 [Standard Babylonian (any period) | Akkado-Babylonian]
U+12265,|NUN.LAGAR×SAL|,|NUN.LAGAR×MAŠ|,𒉥,Type_1,NUNLAGAR_v1,,,,,ABZL049 [Old Babylonian (~2000–1600 BCE) | School texts]; MZL147 [Standard Babylonian (any period) | Akkado-Babylonian]
U+12263,|NUN.LAGAR×UŠ|,|NUN.LA.GA₂×UŠ|,𒉣,Type_2,compound,|NUN.LA.GA₂×UŠ|,1,𒉣𒆷X,U+12263; U+121B7; X,MZL146' [Standard Babylonian (any period) | Akkado-Babylonian]
U+121B7,|NUN.LAGAR×UŠ|,|NUN.LA.GA₂×UŠ|,𒆷,Type_2,compound,|NUN.LA.GA₂×UŠ|,2,𒉣𒆷X,U+12263; U+121B7; X,MZL146' [Standard Babylonian (any period) | Akkado-Babylonian]
X,|NUN.LAGAR×UŠ|,|NUN.LA.GA₂×UŠ|,,Type_2,compound,|NUN.LA.GA₂×UŠ|,3,𒉣𒆷X,U+12263; U+121B7; X,MZL146' [Standard Babylonian (any period) | Akkado-Babylonian]
U+12263,|NUN.ME|,|NUN.ME.KA×GAN₂@t|,𒉣,Type_2,compound,|NUN.ME.KA×GAN₂@t|,1,𒉣𒈨𒅤,U+12263; U+12228; U+12164,RSP095 [Early Dynastic (~2900–2340 BCE) | Presargonic Lagash]
U+12228,|NUN.ME|,|NUN.ME.KA×GAN₂@t|,𒈨,Type_2,compound,|NUN.ME.KA×GAN₂@t|,2,𒉣𒈨𒅤,U+12263; U+12228; U+12164,RSP095 [Early Dynastic (~2900–2340 BCE) | Presargonic Lagash]
U+12164,|NUN.ME|,|NUN.ME.KA×GAN₂@t|,𒅤,Type_2,compound,|NUN.ME.KA×GAN₂@t|,3,𒉣𒈨𒅤,U+12263; U+12228; U+12164,RSP095 [Early Dynastic (~2900–2340 BCE) | Presargonic Lagash]
U+12263,|NUN.ME|,|NUN.ME.KA×ME|,𒉣,Type_2,compound,|NUN.ME.KA×ME|,1,𒉣𒈨𒅴,U+12263; U+12228; U+12174,RSP095 [Early Dynastic (~2900–2340 BCE) | Presargonic Lagash]
U+12228,|NUN.ME|,|NUN.ME.KA×ME|,𒈨,Type_2,compound,|NUN.ME.KA×ME|,2,𒉣𒈨𒅴,U+12263; U+12228; U+12174,RSP095 [Early Dynastic (~2900–2340 BCE) | Presargonic Lagash]
U+12174,|NUN.ME|,|NUN.ME.KA×ME|,𒅴,Type_2,compound,|NUN.ME.KA×ME|,3,𒉣𒈨𒅴,U+12263; U+12228; U+12174,RSP095 [Early Dynastic (~2900–2340 BCE) | Presargonic Lagash]
U+12016,|NUN.ME.DU|,|AB₂.NUN.ME|,𒀖,Type_2,compound,|AB₂.NUN.ME|,1,𒀖𒉣𒈨,U+12016; U+12263; U+12228,
U+12263,|NUN.ME.DU|,|AB₂.NUN.ME|,𒉣,Type_2,compound,|AB₂.NUN.ME|,2,𒀖𒉣𒈨,U+12016; U+12263; U+12228,
U+12228,|NUN.ME.DU|,|AB₂.NUN.ME|,𒈨,Type_2,compound,|AB₂.NUN.ME|,3,𒀖𒉣𒈨,U+12016; U+12263; U+12228,
U+12016,|NUN.ME.DU|,|AB₂.NUN.ME.DU|,𒀖,Type_2,compound,|AB₂.NUN.ME.DU|,1,𒀖𒉣𒈨𒁺,U+12016; U+12263; U+12228; U+1207A,
U+12263,|NUN.ME.DU|,|AB₂.NUN.ME.DU|,𒉣,Type_2,compound,|AB₂.NUN.ME.DU|,2,𒀖𒉣𒈨𒁺,U+12016; U+12263; U+12228; U+1207A,
U+12228,|NUN.ME.DU|,|AB₂.NUN.ME.DU|,𒈨,Type_2,compound,|AB₂.NUN.ME.DU|,3,𒀖𒉣𒈨𒁺,U+12016; U+12263; U+12228; U+1207A,
U+1207A,|NUN.ME.DU|,|AB₂.NUN.ME.DU|,𒁺,Type_2,compound,|AB₂.NUN.ME.DU|,4,𒀖𒉣𒈨𒁺,U+12016; U+12263; U+12228; U+1207A,
U+12228,|NUN.ME.DU|,|ME.NUN.DU|,𒈨,Type_2,compound,|ME.NUN.DU|,1,𒈨𒉣𒁺,U+12228; U+12263; U+1207A,
U+12263,|NUN.ME.DU|,|ME.NUN.DU|,𒉣,Type_2,compound,|ME.NUN.DU|,2,𒈨𒉣𒁺,U+12228; U+12263; U+1207A,
U+1207A,|NUN.ME.DU|,|ME.NUN.DU|,𒁺,Type_2,compound,|ME.NUN.DU|,3,𒈨𒉣𒁺,U+12228; U+12263; U+1207A,
U+12263,|NUN.ME.DU|,|NUN.AB₂.DU|,𒉣,Type_2,compound,|NUN.AB₂.DU|,1,𒉣𒀖𒁺,U+12263; U+12016; U+1207A,
U+12016,|NUN.ME.DU|,|NUN.AB₂.DU|,𒀖,Type_2,compound,|NUN.AB₂.DU|,2,𒉣𒀖𒁺,U+12263; U+12016; U+1207A,
U+1207A,|NUN.ME.DU|,|NUN.AB₂.DU|,𒁺,Type_2,compound,|NUN.AB₂.DU|,3,𒉣𒀖𒁺,U+12263; U+12016; U+1207A,
U+12263,|NUN.ME.DU|,|NUN.ME.AB₂.DU|,𒉣,Type_2,compound,|NUN.ME.AB₂.DU|,1,𒉣𒈨𒀖𒁺,U+12263; U+12228; U+12016; U+1207A,
U+12228,|NUN.ME.DU|,|NUN.ME.AB₂.DU|,𒈨,Type_2,compound,|NUN.ME.AB₂.DU|,2,𒉣𒈨𒀖𒁺,U+12263; U+12228; U+12016; U+1207A,
U+12016,|NUN.ME.DU|,|NUN.ME.AB₂.DU|,𒀖,Type_2,compound,|NUN.ME.AB₂.DU|,3,𒉣𒈨𒀖𒁺,U+12263; U+12228; U+12016; U+1207A,
U+1207A,|NUN.ME.DU|,|NUN.ME.AB₂.DU|,𒁺,Type_2,compound,|NUN.ME.AB₂.DU|,4,𒉣𒈨𒀖𒁺,U+12263; U+12228; U+12016; U+1207A,
U+12263,|NUN.ME.TAG|,|NUN.ME.TAG.GA|,𒉣,Type_2,compound,|NUN.ME.TAG.GA|,1,𒉣𒈨𒋳𒂵,U+12263; U+12228; U+122F3; U+120B5,RSP096 [Early Dynastic (~2900–2340 BCE) | Presargonic Lagash]
U+12228,|NUN.ME.TAG|,|NUN.ME.TAG.GA|,𒈨,Type_2,compound,|NUN.ME.TAG.GA|,2,𒉣𒈨𒋳𒂵,U+12263; U+12228; U+122F3; U+120B5,RSP096 [Early Dynastic (~2900–2340 BCE) | Presargonic Lagash]
U+122F3,|NUN.ME.TAG|,|NUN.ME.TAG.GA|,𒋳,Type_2,compound,|NUN.ME.TAG.GA|,3,𒉣𒈨𒋳𒂵,U+12263; U+12228; U+122F3; U+120B5,RSP096 [Early Dynastic (~2900–2340 BCE) | Presargonic Lagash]
U+120B5,|NUN.ME.TAG|,|NUN.ME.TAG.GA|,𒂵,Type_2,compound,|NUN.ME.TAG.GA|,4,𒉣𒈨𒋳𒂵,U+12263; U+12228; U+122F3; U+120B5,RSP096 [Early Dynastic (~2900–2340 BCE) | Presargonic Lagash]
U+12263,|NUN&NUN|,|NUN.NUN|,𒉣,Type_2,compound,|NUN.NUN|,1,𒉣𒉣,U+12263; U+12263,LAK122 [Uruk IV–III (~3400–3000 BCE) | Archaic / Uruk]; ASY175 [Standard Babylonian (any period) | Akkadian syllabary]; ABZL148 [Old Babylonian (~2000–1600 BCE) | School texts]; BAU059 [Early Dynastic (~2900–2340 BCE) | Lagash]; ELLES066 [Early Dynastic (~2900–2340 BCE) | Ebla]; GCSL058 [Gudea period (~2100 BCE) | Lagash / Girsu]; HZL204 [Hittite period (~1650–1180 BCE) | Hittite]; KWU130 [Ur III (~2112–2004 BCE) | Administrative]; KWU637 [Ur III (~2112–2004 BCE) | Administrative]; MZL502 [Standard Babylonian (any period) | Akkado-Babylonian]; RSP102 [Early Dynastic (~2900–2340 BCE) | Presargonic Lagash]; SLLHA325 [Standard Babylonian (any period) | Akkado-Babylonian]; SYA153 [Standard Babylonian (any period) | Akkadian syllabary]
U+12263,|NUN&NUN|,|NUN.NUN|,𒉣,Type_2,compound,|NUN.NUN|,2,𒉣𒉣,U+12263; U+12263,LAK122 [Uruk IV–III (~3400–3000 BCE) | Archaic / Uruk]; ASY175 [Standard Babylonian (any period) | Akkadian syllabary]; ABZL148 [Old Babylonian (~2000–1600 BCE) | School texts]; BAU059 [Early Dynastic (~2900–2340 BCE) | Lagash]; ELLES066 [Early Dynastic (~2900–2340 BCE) | Ebla]; GCSL058 [Gudea period (~2100 BCE) | Lagash / Girsu]; HZL204 [Hittite period (~1650–1180 BCE) | Hittite]; KWU130 [Ur III (~2112–2004 BCE) | Administrative]; KWU637 [Ur III (~2112–2004 BCE) | Administrative]; MZL502 [Standard Babylonian (any period) | Akkado-Babylonian]; RSP102 [Early Dynastic (~2900–2340 BCE) | Presargonic Lagash]; SLLHA325 [Standard Babylonian (any period) | Akkado-Babylonian]; SYA153 [Standard Babylonian (any period) | Akkadian syllabary]
U+1226C,|NUN%NUN.LAGAR&LAGAR|,|(NUN.LAGAR)&(NUN.LAGAR)|,𒉬,Type_3,NUNNUNLA_v1,,,,,SLLHA063_27n [Standard Babylonian (any period) | Akkado-Babylonian]
U+12269,NUN@t,NUN,𒉩,Type_3,NUNT_v1,,,,,LAK076 [Uruk IV–III (~3400–3000 BCE) | Archaic / Uruk]; ASY063 [Standard Babylonian (any period) | Akkadian syllabary]; ABZL241 [Old Babylonian (~2000–1600 BCE) | School texts]; MZL144 [Standard Babylonian (any period) | Akkado-Babylonian]; SLLHA087 [Standard Babylonian (any period) | Akkado-Babylonian]
U+12263,|NUN@t.KI|,|NUN.KI|,𒉣,Type_2,compound,|NUN.KI|,1,𒉣𒆠,U+12263; U+121A0,
U+121A0,|NUN@t.KI|,|NUN.KI|,𒆠,Type_2,compound,|NUN.KI|,2,𒉣𒆠,U+12263; U+121A0,
U+1226D,NUNUZ,|AB₂%AB₂|,𒉭,Type_3,NUNUZ_v1,,,,,LAK364 [Uruk IV–III (~3400–3000 BCE) | Archaic / Uruk]; ABZL371 [Old Babylonian (~2000–1600 BCE) | School texts]; BAU082a [Early Dynastic (~2900–2340 BCE) | Lagash]; ELLES200 [Early Dynastic (~2900–2340 BCE) | Ebla]; GCSL214 [Gudea period (~2100 BCE) | Lagash / Girsu]; KWU532 [Ur III (~2112–2004 BCE) | Administrative]; PTACE180 [Early Dynastic (~2900–2340 BCE) | Ebla]; RSP348 [Early Dynastic (~2900–2340 BCE) | Presargonic Lagash]
U+1226D,NUNUZ,NUNUZ~a,𒉭,Type_3,NUNUZ_v1,,,,,LAK813 [Uruk IV–III (~3400–3000 BCE) | Archaic / Uruk]; BAU082b [Early Dynastic (~2900–2340 BCE) | Lagash]; LAK364 [Uruk IV–III (~3400–3000 BCE) | Archaic / Uruk]; ABZL371 [Old Babylonian (~2000–1600 BCE) | School texts]; BAU082a [Early Dynastic (~2900–2340 BCE) | Lagash]; ELLES200 [Early Dynastic (~2900–2340 BCE) | Ebla]; GCSL214 [Gudea period (~2100 BCE) | Lagash / Girsu]; KWU532 [Ur III (~2112–2004 BCE) | Administrative]; PTACE180 [Early Dynastic (~2900–2340 BCE) | Ebla]; RSP348 [Early Dynastic (~2900–2340 BCE) | Presargonic Lagash]
U+1226D,LAK449,|NUNUZ.AB₂|,𒉭,Type_2,compound,|NUNUZ.AB₂|,1,𒉭𒀖,U+1226D; U+12016,LAK449 [Uruk IV–III (~3400–3000 BCE) | Archaic / Uruk]; ELLES233 [Early Dynastic (~2900–2340 BCE) | Ebla]; RSP350 [Early Dynastic (~2900–2340 BCE) | Presargonic Lagash]
U+12016,LAK449,|NUNUZ.AB₂|,𒀖,Type_2,compound,|NUNUZ.AB₂|,2,𒉭𒀖,U+1226D; U+12016,LAK449 [Uruk IV–III (~3400–3000 BCE) | Archaic / Uruk]; ELLES233 [Early Dynastic (~2900–2340 BCE) | Ebla]; RSP350 [Early Dynastic (~2900–2340 BCE) | Presargonic Lagash]
U+124F1,LAK449,|LAK449×AŠ|,𒓱,Type_3,LAK449_v1,,,,,LAK449^a [Uruk IV–III (~3400–3000 BCE) | Archaic / Uruk]; RSP350^a [Early Dynastic (~2900–2340 BCE) | Presargonic Lagash]; LAK449 [Uruk IV–III (~3400–3000 BCE) | Archaic / Uruk]; ELLES233 [Early Dynastic (~2900–2340 BCE) | Ebla]; RSP350 [Early Dynastic (~2900–2340 BCE) | Presargonic Lagash]
U+124F1,|NUNUZ.AB₂×BI|,LAK449,𒓱,Type_1,NUNUZABB_v1,,,,,LAK449 [Uruk IV–III (~3400–3000 BCE) | Archaic / Uruk]; RSP350 [Early Dynastic (~2900–2340 BCE) | Presargonic Lagash]; MZL621 [Standard Babylonian (any period) | Akkado-Babylonian]; SLLHA394d [Standard Babylonian (any period) | Akkado-Babylonian]
U+1226D,|NUNUZ.AB₂×BI|,|NUNUZ.AB₂×NI|,𒉭,Type_2,compound,|NUNUZ.AB₂×NI|,1,𒉭X,U+1226D; X,MZL621 [Standard Babylonian (any period) | Akkado-Babylonian]; SLLHA394d [Standard Babylonian (any period) | Akkado-Babylonian]
X,|NUNUZ.AB₂×BI|,|NUNUZ.AB₂×NI|,,Type_2,compound,|NUNUZ.AB₂×NI|,2,𒉭X,U+1226D; X,MZL621 [Standard Babylonian (any period) | Akkado-Babylonian]; SLLHA394d [Standard Babylonian (any period) | Akkado-Babylonian]
U+1226D,|NUNUZ.AB₂×BI|,|NUNUZ.KISIM₅×KAK|,𒉭,Type_2,compound,|NUNUZ.KISIM₅×KAK|,1,𒉭X,U+1226D; X,MZL621 [Standard Babylonian (any period) | Akkado-Babylonian]; SLLHA394d [Standard Babylonian (any period) | Akkado-Babylonian]
X,|NUNUZ.AB₂×BI|,|NUNUZ.KISIM₅×KAK|,,Type_2,compound,|NUNUZ.KISIM₅×KAK|,2,𒉭X,U+1226D; X,MZL621 [Standard Babylonian (any period) | Akkado-Babylonian]; SLLHA394d [Standard Babylonian (any period) | Akkado-Babylonian]
U+124F7,|NUNUZ.AB₂×LA|,LAK450,𒓷,Type_1,NUNUZABL_v1,,,,,LAK450 [Uruk IV–III (~3400–3000 BCE) | Archaic / Uruk]; ABZL372 [Old Babylonian (~2000–1600 BCE) | School texts]; MZL616 [Standard Babylonian (any period) | Akkado-Babylonian]; SLLHA394b [Standard Babylonian (any period) | Akkado-Babylonian]
U+12471,P₂,AŠ@t,𒑱,Type_3,P_v1,,,,,LAK178 [Uruk IV–III (~3400–3000 BCE) | Archaic / Uruk]; LAK820^c [Uruk IV–III (~3400–3000 BCE) | Archaic / Uruk]; ASY209 [Standard Babylonian (any period) | Akkadian syllabary]; HZL248 [Hittite period (~1650–1180 BCE) | Hittite]; MZL592 [Standard Babylonian (any period) | Akkado-Babylonian]; SLLHA377n1 [Standard Babylonian (any period) | Akkado-Babylonian]
U+12471,P₂,DIŠ,𒑱,Type_3,P_v1,,,,,LAK820^d [Uruk IV–III (~3400–3000 BCE) | Archaic / Uruk]; LAK834^a [Uruk IV–III (~3400–3000 BCE) | Archaic / Uruk]; LAK854^b [Uruk IV–III (~3400–3000 BCE) | Archaic / Uruk]; ASY276 [Standard Babylonian (any period) | Akkadian syllabary]; HZL248 [Hittite period (~1650–1180 BCE) | Hittite]; MZL592 [Standard Babylonian (any period) | Akkado-Babylonian]; SLLHA377n1 [Standard Babylonian (any period) | Akkado-Babylonian]
U+12471,P₂,GAM,𒑱,Type_3,P_v1,,,,,LAK180 [Uruk IV–III (~3400–3000 BCE) | Archaic / Uruk]; ASY210 [Standard Babylonian (any period) | Akkadian syllabary]; GCSL091 [Gudea period (~2100 BCE) | Lagash / Girsu]; HZL248 [Hittite period (~1650–1180 BCE) | Hittite]; MZL592 [Standard Babylonian (any period) | Akkado-Babylonian]; SLLHA377n1 [Standard Babylonian (any period) | Akkado-Babylonian]
U+12471,P₂,GE₂₂,𒑱,Type_3,P_v1,,,,,HZL248 [Hittite period (~1650–1180 BCE) | Hittite]; MZL592 [Standard Babylonian (any period) | Akkado-Babylonian]; SLLHA377n1 [Standard Babylonian (any period) | Akkado-Babylonian]
U+12471,P₂,U,𒑱,Type_3,P_v1,,,,,LAK821^b [Uruk IV–III (~3400–3000 BCE) | Archaic / Uruk]; LAK840^b [Uruk IV–III (~3400–3000 BCE) | Archaic / Uruk]; LAK857^b [Uruk IV–III (~3400–3000 BCE) | Archaic / Uruk]; LAK859^b [Uruk IV–III (~3400–3000 BCE) | Archaic / Uruk]; ASY242 [Standard Babylonian (any period) | Akkadian syllabary]; GCSL176 [Gudea period (~2100 BCE) | Lagash / Girsu]; HZL248 [Hittite period (~1650–1180 BCE) | Hittite]; MZL592 [Standard Babylonian (any period) | Akkado-Babylonian]; SLLHA377n1 [Standard Babylonian (any period) | Akkado-Babylonian]
U+12471,P₂,|U.U|,𒑱,Type_3,P_v1,,,,,ASY274 [Standard Babylonian (any period) | Akkadian syllabary]; HZL248 [Hittite period (~1650–1180 BCE) | Hittite]; MZL592 [Standard Babylonian (any period) | Akkado-Babylonian]; SLLHA377n1 [Standard Babylonian (any period) | Akkado-Babylonian]
U+12448,P₂,|9(DIŠ~b)+9(DIŠ~b)|,𒑈,Type_2,compound,|9(DIŠ~b)+9(DIŠ~b)|,1,𒑈𒑈,U+12448; U+12448,HZL248 [Hittite period (~1650–1180 BCE) | Hittite]; MZL592 [Standard Babylonian (any period) | Akkado-Babylonian]; SLLHA377n1 [Standard Babylonian (any period) | Akkado-Babylonian]
U+12448,P₂,|9(DIŠ~b)+9(DIŠ~b)|,𒑈,Type_2,compound,|9(DIŠ~b)+9(DIŠ~b)|,2,𒑈𒑈,U+12448; U+12448,HZL248 [Hittite period (~1650–1180 BCE) | Hittite]; MZL592 [Standard Babylonian (any period) | Akkado-Babylonian]; SLLHA377n1 [Standard Babylonian (any period) | Akkado-Babylonian]
U+12020,|PA.AL|,|AL.PA|,𒀠,Type_2,compound,|AL.PA|,1,𒀠𒉺,U+12020; U+1227A,KWU196 [Ur III (~2112–2004 BCE) | Administrative]
U+1227A,|PA.AL|,|AL.PA|,𒉺,Type_2,compound,|AL.PA|,2,𒀠𒉺,U+12020; U+1227A,KWU196 [Ur III (~2112–2004 BCE) | Administrative]
U+1227A,|PA.DAG.KISIM₅×KAK|,|PA.DAG.KISIM₅×PAP|,𒉺,Type_2,compound,|PA.DAG.KISIM₅×PAP|,1,𒉺𒁖X,U+1227A; U+12056; X,
U+12056,|PA.DAG.KISIM₅×KAK|,|PA.DAG.KISIM₅×PAP|,𒁖,Type_2,compound,|PA.DAG.KISIM₅×PAP|,2,𒉺𒁖X,U+1227A; U+12056; X,
X,|PA.DAG.KISIM₅×KAK|,|PA.DAG.KISIM₅×PAP|,,Type_2,compound,|PA.DAG.KISIM₅×PAP|,3,𒉺𒁖X,U+1227A; U+12056; X,
U+1227A,|PA.DAG.KISIM₅×KAK|,|PA.X.X|,𒉺,Type_2,compound,|PA.X.X|,1,𒉺OO,U+1227A; O; O,
O,|PA.DAG.KISIM₅×KAK|,|PA.X.X|,,Type_2,compound,|PA.X.X|,2,𒉺OO,U+1227A; O; O,
O,|PA.DAG.KISIM₅×KAK|,|PA.X.X|,,Type_2,compound,|PA.X.X|,3,𒉺OO,U+1227A; O; O,
U+1227A,|PA.DAG.KISIM₅×(LU.MAŠ₂)|,|PA.DAG.KISIM₅×LU|,𒉺,Type_2,compound,|PA.DAG.KISIM₅×LU|,1,𒉺𒁥,U+1227A; U+12065,
U+12065,|PA.DAG.KISIM₅×(LU.MAŠ₂)|,|PA.DAG.KISIM₅×LU|,𒁥,Type_2,compound,|PA.DAG.KISIM₅×LU|,2,𒉺𒁥,U+1227A; U+12065,
U+12096,|PA.EL.BU@g|,|EL.SUD|,𒂖,Type_2,compound,|EL.SUD|,1,𒂖𒋤,U+12096; U+122E4,
U+122E4,|PA.EL.BU@g|,|EL.SUD|,𒋤,Type_2,compound,|EL.SUD|,2,𒂖𒋤,U+12096; U+122E4,
U+1227A,|PA.EL.BU@g|,|PA.BU.EL|,𒉺,Type_2,compound,|PA.BU.EL|,1,𒉺𒁍𒂖,U+1227A; U+1204D; U+12096,
U+1204D,|PA.EL.BU@g|,|PA.BU.EL|,𒁍,Type_2,compound,|PA.BU.EL|,2,𒉺𒁍𒂖,U+1227A; U+1204D; U+12096,
U+12096,|PA.EL.BU@g|,|PA.BU.EL|,𒂖,Type_2,compound,|PA.BU.EL|,3,𒉺𒁍𒂖,U+1227A; U+1204D; U+12096,
U+1227A,|PA.EL.BU@g|,|PA.EL|,𒉺,Type_2,compound,|PA.EL|,1,𒉺𒂖,U+1227A; U+12096,
U+12096,|PA.EL.BU@g|,|PA.EL|,𒂖,Type_2,compound,|PA.EL|,2,𒉺𒂖,U+1227A; U+12096,
U+1227A,|PA.EL.BU@g|,|PA.EL.SUD|,𒉺,Type_2,compound,|PA.EL.SUD|,1,𒉺𒂖𒋤,U+1227A; U+12096; U+122E4,
U+12096,|PA.EL.BU@g|,|PA.EL.SUD|,𒂖,Type_2,compound,|PA.EL.SUD|,2,𒉺𒂖𒋤,U+1227A; U+12096; U+122E4,
U+122E4,|PA.EL.BU@g|,|PA.EL.SUD|,𒋤,Type_2,compound,|PA.EL.SUD|,3,𒉺𒂖𒋤,U+1227A; U+12096; U+122E4,
U+1227A,|PA.GU₂@g|,|PA.GU₂×NUN|,𒉺,Type_2,compound,|PA.GU₂×NUN|,1,𒉺𒄛,U+1227A; U+1211B,
U+1211B,|PA.GU₂@g|,|PA.GU₂×NUN|,𒄛,Type_2,compound,|PA.GU₂×NUN|,2,𒉺𒄛,U+1227A; U+1211B,
U+1227A,|PA.LU|,|PA.EŠ₂|,𒉺,Type_2,compound,|PA.EŠ₂|,1,𒉺𒂠,U+1227A; U+120A0,ASY155 [Standard Babylonian (any period) | Akkadian syllabary]; GCSL057 [Gudea period (~2100 BCE) | Lagash / Girsu]; HZL177 [Hittite period (~1650–1180 BCE) | Hittite]; MZL468 [Standard Babylonian (any period) | Akkado-Babylonian]; RSP057 [Early Dynastic (~2900–2340 BCE) | Presargonic Lagash]; SLLHA295m [Standard Babylonian (any period) | Akkado-Babylonian]; SYA136 [Standard Babylonian (any period) | Akkadian syllabary]
U+120A0,|PA.LU|,|PA.EŠ₂|,𒂠,Type_2,compound,|PA.EŠ₂|,2,𒉺𒂠,U+1227A; U+120A0,ASY155 [Standard Babylonian (any period) | Akkadian syllabary]; GCSL057 [Gudea period (~2100 BCE) | Lagash / Girsu]; HZL177 [Hittite period (~1650–1180 BCE) | Hittite]; MZL468 [Standard Babylonian (any period) | Akkado-Babylonian]; RSP057 [Early Dynastic (~2900–2340 BCE) | Presargonic Lagash]; SLLHA295m [Standard Babylonian (any period) | Akkado-Babylonian]; SYA136 [Standard Babylonian (any period) | Akkadian syllabary]
,|PA.SAL.HUB₂.DU|,DU,𒉺𒊩𒄸𒁺,Type_3,PASALHUB_v1,,,,,LAK484 [Uruk IV–III (~3400–3000 BCE) | Archaic / Uruk]; ASY135 [Standard Babylonian (any period) | Akkadian syllabary]; BAU374 [Early Dynastic (~2900–2340 BCE) | Lagash]; ELLES252 [Early Dynastic (~2900–2340 BCE) | Ebla]; GCSL224 [Gudea period (~2100 BCE) | Lagash / Girsu]; PTACE236 [Early Dynastic (~2900–2340 BCE) | Ebla]; RSP369 [Early Dynastic (~2900–2340 BCE) | Presargonic Lagash]
U+122A9,|PA.SAL.HUB₂.DU|,|SAL.HUB₂.DU|,𒊩,Type_2,compound,|SAL.HUB₂.DU|,1,𒊩𒄸𒁺,U+122A9; U+12138; U+1207A,
U+12138,|PA.SAL.HUB₂.DU|,|SAL.HUB₂.DU|,𒄸,Type_2,compound,|SAL.HUB₂.DU|,2,𒊩𒄸𒁺,U+122A9; U+12138; U+1207A,
U+1207A,|PA.SAL.HUB₂.DU|,|SAL.HUB₂.DU|,𒁺,Type_2,compound,|SAL.HUB₂.DU|,3,𒊩𒄸𒁺,U+122A9; U+12138; U+1207A,
U+1227A,|PA.TE.SI.GAR|,|PA.GAR.TE.SI|,𒉺,Type_2,compound,|PA.GAR.TE.SI|,1,𒉺𒃻𒋼𒋛,U+1227A; U+120FB; U+122FC; U+122DB,
U+120FB,|PA.TE.SI.GAR|,|PA.GAR.TE.SI|,𒃻,Type_2,compound,|PA.GAR.TE.SI|,2,𒉺𒃻𒋼𒋛,U+1227A; U+120FB; U+122FC; U+122DB,
U+122FC,|PA.TE.SI.GAR|,|PA.GAR.TE.SI|,𒋼,Type_2,compound,|PA.GAR.TE.SI|,3,𒉺𒃻𒋼𒋛,U+1227A; U+120FB; U+122FC; U+122DB,
U+122DB,|PA.TE.SI.GAR|,|PA.GAR.TE.SI|,𒋛,Type_2,compound,|PA.GAR.TE.SI|,4,𒉺𒃻𒋼𒋛,U+1227A; U+120FB; U+122FC; U+122DB,
U+1227A,|PA.TUG₂|,|PA.LU|,𒉺,Type_2,compound,|PA.LU|,1,,U+1227A; U+121FB,ASY155 [Standard Babylonian (any period) | Akkadian syllabary]; GCSL057 [Gudea period (~2100 BCE) | Lagash / Girsu]; RSP057 [Early Dynastic (~2900–2340 BCE) | Presargonic Lagash]; KWU200 [Ur III (~2112–2004 BCE) | Administrative]; MZL467 [Standard Babylonian (any period) | Akkado-Babylonian]; SLLHA295l [Standard Babylonian (any period) | Akkado-Babylonian]
U+121FB,|PA.TUG₂|,|PA.LU|,𒇻,Type_2,compound,|PA.LU|,2,,U+1227A; U+121FB,ASY155 [Standard Babylonian (any period) | Akkadian syllabary]; GCSL057 [Gudea period (~2100 BCE) | Lagash / Girsu]; RSP057 [Early Dynastic (~2900–2340 BCE) | Presargonic Lagash]; KWU200 [Ur III (~2112–2004 BCE) | Administrative]; MZL467 [Standard Babylonian (any period) | Akkado-Babylonian]; SLLHA295l [Standard Babylonian (any period) | Akkado-Babylonian]
U+1227A,|PA.TUG₂|,|PA.NAM₂|,𒉺,Type_2,compound,|PA.NAM₂|,1,𒉺𒉇,U+1227A; U+12247,KWU200 [Ur III (~2112–2004 BCE) | Administrative]; MZL467 [Standard Babylonian (any period) | Akkado-Babylonian]; SLLHA295l [Standard Babylonian (any period) | Akkado-Babylonian]
U+12247,|PA.TUG₂|,|PA.NAM₂|,𒉇,Type_2,compound,|PA.NAM₂|,2,𒉺𒉇,U+1227A; U+12247,KWU200 [Ur III (~2112–2004 BCE) | Administrative]; MZL467 [Standard Babylonian (any period) | Akkado-Babylonian]; SLLHA295l [Standard Babylonian (any period) | Akkado-Babylonian]
U+1227A,|PA.URU×MIN|,|PA.URU|,𒉺,Type_2,compound,|PA.URU|,1,𒉺𒌷,U+1227A; U+12337,
U+12337,|PA.URU×MIN|,|PA.URU|,𒌷,Type_2,compound,|PA.URU|,2,𒉺𒌷,U+1227A; U+12337,
U+1227B,PAD,|PAD.UD|,𒉻,Type_2,compound,|PAD.UD|,1,𒉻𒌓,U+1227B; U+12313,LAK398 [Uruk IV–III (~3400–3000 BCE) | Archaic / Uruk]; ASY273 [Standard Babylonian (any period) | Akkadian syllabary]; ABZL362 [Old Babylonian (~2000–1600 BCE) | School texts]; BAU180 [Early Dynastic (~2900–2340 BCE) | Lagash]; BAU218 [Early Dynastic (~2900–2340 BCE) | Lagash]; ELLES216 [Early Dynastic (~2900–2340 BCE) | Ebla]; GCSL187 [Gudea period (~2100 BCE) | Lagash / Girsu]; HZL295 [Hittite period (~1650–1180 BCE) | Hittite]; KWU569 [Ur III (~2112–2004 BCE) | Administrative]; MZL746 [Standard Babylonian (any period) | Akkado-Babylonian]; PTACE157 [Early Dynastic (~2900–2340 BCE) | Ebla]; RSP171 [Early Dynastic (~2900–2340 BCE) | Presargonic Lagash]; SLLHA469 [Standard Babylonian (any period) | Akkado-Babylonian]; SYA239 [Standard Babylonian (any period) | Akkadian syllabary]
U+12313,PAD,|PAD.UD|,𒌓,Type_2,compound,|PAD.UD|,2,𒉻𒌓,U+1227B; U+12313,LAK398 [Uruk IV–III (~3400–3000 BCE) | Archaic / Uruk]; ASY273 [Standard Babylonian (any period) | Akkadian syllabary]; ABZL362 [Old Babylonian (~2000–1600 BCE) | School texts]; BAU180 [Early Dynastic (~2900–2340 BCE) | Lagash]; BAU218 [Early Dynastic (~2900–2340 BCE) | Lagash]; ELLES216 [Early Dynastic (~2900–2340 BCE) | Ebla]; GCSL187 [Gudea period (~2100 BCE) | Lagash / Girsu]; HZL295 [Hittite period (~1650–1180 BCE) | Hittite]; KWU569 [Ur III (~2112–2004 BCE) | Administrative]; MZL746 [Standard Babylonian (any period) | Akkado-Babylonian]; PTACE157 [Early Dynastic (~2900–2340 BCE) | Ebla]; RSP171 [Early Dynastic (~2900–2340 BCE) | Presargonic Lagash]; SLLHA469 [Standard Babylonian (any period) | Akkado-Babylonian]; SYA239 [Standard Babylonian (any period) | Akkadian syllabary]
U+12239,|PAD.MUŠ₃|,|MUŠ₃.PAD|,𒈹,Type_2,compound,|MUŠ₃.PAD|,1,𒈹𒉻,U+12239; U+1227B,PTACE158 [Early Dynastic (~2900–2340 BCE) | Ebla]
U+1227B,|PAD.MUŠ₃|,|MUŠ₃.PAD|,𒉻,Type_2,compound,|MUŠ₃.PAD|,2,𒈹𒉻,U+12239; U+1227B,PTACE158 [Early Dynastic (~2900–2340 BCE) | Ebla]
U+1214A,|PAP.IGI@g.NUN.ME|,|IGI@g.PAP.NUN.ME|,𒅊,Type_2,compound,|IGI@g.PAP.NUN.ME|,1,𒅊𒉽𒉣𒈨,U+1214A; U+1227D; U+12263; U+12228,
U+1227D,|PAP.IGI@g.NUN.ME|,|IGI@g.PAP.NUN.ME|,𒉽,Type_2,compound,|IGI@g.PAP.NUN.ME|,2,𒅊𒉽𒉣𒈨,U+1214A; U+1227D; U+12263; U+12228,
U+12263,|PAP.IGI@g.NUN.ME|,|IGI@g.PAP.NUN.ME|,𒉣,Type_2,compound,|IGI@g.PAP.NUN.ME|,3,𒅊𒉽𒉣𒈨,U+1214A; U+1227D; U+12263; U+12228,
U+12228,|PAP.IGI@g.NUN.ME|,|IGI@g.PAP.NUN.ME|,𒈨,Type_2,compound,|IGI@g.PAP.NUN.ME|,4,𒅊𒉽𒉣𒈨,U+1214A; U+1227D; U+12263; U+12228,
U+1227D,|PAP.ŠE.PAP|,|PAP.PAP.ŠE|,𒉽,Type_2,compound,|PAP.PAP.ŠE|,1,𒉽𒉽𒊺,U+1227D; U+1227D; U+122BA,
U+1227D,|PAP.ŠE.PAP|,|PAP.PAP.ŠE|,𒉽,Type_2,compound,|PAP.PAP.ŠE|,2,𒉽𒉽𒊺,U+1227D; U+1227D; U+122BA,
U+122BA,|PAP.ŠE.PAP|,|PAP.PAP.ŠE|,𒊺,Type_2,compound,|PAP.PAP.ŠE|,3,𒉽𒉽𒊺,U+1227D; U+1227D; U+122BA,
U+1227E,PEŠ₂,LAK247,𒉾,Type_3,PES_v1,,,,,LAK247 [Uruk IV–III (~3400–3000 BCE) | Archaic / Uruk]; ELLES145 [Early Dynastic (~2900–2340 BCE) | Ebla]; PTACE137 [Early Dynastic (~2900–2340 BCE) | Ebla]; RSP460bis [Early Dynastic (~2900–2340 BCE) | Presargonic Lagash]; LAK245 [Uruk IV–III (~3400–3000 BCE) | Archaic / Uruk]; ABZL418 [Old Babylonian (~2000–1600 BCE) | School texts]; ELLES146 [Early Dynastic (~2900–2340 BCE) | Ebla]; HZL003 [Hittite period (~1650–1180 BCE) | Hittite]; MZL882 [Standard Babylonian (any period) | Akkado-Babylonian]; SLLHA596 [Standard Babylonian (any period) | Akkado-Babylonian]; ELLES138 [Early Dynastic (~2900–2340 BCE) | Ebla]; RSP468ter [Early Dynastic (~2900–2340 BCE) | Presargonic Lagash]
U+1228C,PIRIG,|PIRIG×UD|,𒊌,Type_1,PIRIG_v1,,,,,LAK259 [Uruk IV–III (~3400–3000 BCE) | Archaic / Uruk]; ASY096 [Standard Babylonian (any period) | Akkadian syllabary]; GCSL132 [Gudea period (~2100 BCE) | Lagash / Girsu]; GCSL133 [Gudea period (~2100 BCE) | Lagash / Girsu]; LAK256 [Uruk IV–III (~3400–3000 BCE) | Archaic / Uruk]; ABZL178 [Old Babylonian (~2000–1600 BCE) | School texts]; BAU162 [Early Dynastic (~2900–2340 BCE) | Lagash]; ELLES143 [Early Dynastic (~2900–2340 BCE) | Ebla]; ELLES144 [Early Dynastic (~2900–2340 BCE) | Ebla]; GCSL131 [Gudea period (~2100 BCE) | Lagash / Girsu]; PTACE135 [Early Dynastic (~2900–2340 BCE) | Ebla]; RSP460 [Early Dynastic (~2900–2340 BCE) | Presargonic Lagash]; SLLHA444 [Standard Babylonian (any period) | Akkado-Babylonian]
U+1228E,|PIRIG@PIRIG|,|GIR₃@GIR₃|,𒊎,Type_3,PIRIGPIR_v1,,,,,SLLHA444n2 [Standard Babylonian (any period) | Akkado-Babylonian]
U+1210A,|PIRIG@PIRIG|,|GIR₃.GIR₃|,𒄊,Type_2,compound,|GIR₃.GIR₃|,1,𒄊𒄊,U+1210A; U+1210A,SLLHA444n2 [Standard Babylonian (any period) | Akkado-Babylonian]
U+1210A,|PIRIG@PIRIG|,|GIR₃.GIR₃|,𒄊,Type_2,compound,|GIR₃.GIR₃|,2,𒄊𒄊,U+1210A; U+1210A,SLLHA444n2 [Standard Babylonian (any period) | Akkado-Babylonian]
U+1228A,|PIRIG@PIRIG|,|PIRIG.KIŠ|,𒊊,Type_2,compound,|PIRIG.KIŠ|,1,𒊊𒆧,U+1228A; U+121A7,SLLHA444n2 [Standard Babylonian (any period) | Akkado-Babylonian]
U+121A7,|PIRIG@PIRIG|,|PIRIG.KIŠ|,𒆧,Type_2,compound,|PIRIG.KIŠ|,2,𒊊𒆧,U+1228A; U+121A7,SLLHA444n2 [Standard Babylonian (any period) | Akkado-Babylonian]
U+1228A,|PIRIG@PIRIG|,|PIRIG.PIRIG|,𒊊,Type_2,compound,|PIRIG.PIRIG|,1,𒊊𒊊,U+1228A; U+1228A,SLLHA444n2 [Standard Babylonian (any period) | Akkado-Babylonian]
U+1228A,|PIRIG@PIRIG|,|PIRIG.PIRIG|,𒊊,Type_2,compound,|PIRIG.PIRIG|,2,𒊊𒊊,U+1228A; U+1228A,SLLHA444n2 [Standard Babylonian (any period) | Akkado-Babylonian]
U+1210A,|PIRIG.AB@g.GAL|,|GIR₃.AB@g.GAL|,𒄊,Type_2,compound,|GIR₃.AB@g.GAL|,1,𒄊𒀕𒃲,U+1210A; U+12015; U+120F2,
U+12015,|PIRIG.AB@g.GAL|,|GIR₃.AB@g.GAL|,𒀕,Type_2,compound,|GIR₃.AB@g.GAL|,2,𒄊𒀕𒃲,U+1210A; U+12015; U+120F2,
U+120F2,|PIRIG.AB@g.GAL|,|GIR₃.AB@g.GAL|,𒃲,Type_2,compound,|GIR₃.AB@g.GAL|,3,𒄊𒀕𒃲,U+1210A; U+12015; U+120F2,
U+1228C,|PIRIG×UD|,PIRIG,𒊌,Type_3,PIRIGUD_v1,,,,,LAK256 [Uruk IV–III (~3400–3000 BCE) | Archaic / Uruk]; BAU162 [Early Dynastic (~2900–2340 BCE) | Lagash]; ELLES144 [Early Dynastic (~2900–2340 BCE) | Ebla]; GCSL131 [Gudea period (~2100 BCE) | Lagash / Girsu]; RSP460 [Early Dynastic (~2900–2340 BCE) | Presargonic Lagash]; LAK259 [Uruk IV–III (~3400–3000 BCE) | Archaic / Uruk]; ASY096 [Standard Babylonian (any period) | Akkadian syllabary]; ABZL179 [Old Babylonian (~2000–1600 BCE) | School texts]; GCSL132 [Gudea period (~2100 BCE) | Lagash / Girsu]; GCSL133 [Gudea period (~2100 BCE) | Lagash / Girsu]; HZL093 [Hittite period (~1650–1180 BCE) | Hittite]; KWU437 [Ur III (~2112–2004 BCE) | Administrative]; MZL296 [Standard Babylonian (any period) | Akkado-Babylonian]; SLLHA130 [Standard Babylonian (any period) | Akkado-Babylonian]; SYA084 [Standard Babylonian (any period) | Akkadian syllabary]
U+122E2,|PIRIG×UD|,|SU.PIRIG|,𒋢,Type_2,compound,|SU.PIRIG|,1,𒋢𒊊,U+122E2; U+1228A,LAK259 [Uruk IV–III (~3400–3000 BCE) | Archaic / Uruk]; ASY096 [Standard Babylonian (any period) | Akkadian syllabary]; ABZL179 [Old Babylonian (~2000–1600 BCE) | School texts]; GCSL132 [Gudea period (~2100 BCE) | Lagash / Girsu]; GCSL133 [Gudea period (~2100 BCE) | Lagash / Girsu]; HZL093 [Hittite period (~1650–1180 BCE) | Hittite]; KWU437 [Ur III (~2112–2004 BCE) | Administrative]; MZL296 [Standard Babylonian (any period) | Akkado-Babylonian]; SLLHA130 [Standard Babylonian (any period) | Akkado-Babylonian]; SYA084 [Standard Babylonian (any period) | Akkadian syllabary]
U+1228A,|PIRIG×UD|,|SU.PIRIG|,𒊊,Type_2,compound,|SU.PIRIG|,2,𒋢𒊊,U+122E2; U+1228A,LAK259 [Uruk IV–III (~3400–3000 BCE) | Archaic / Uruk]; ASY096 [Standard Babylonian (any period) | Akkadian syllabary]; ABZL179 [Old Babylonian (~2000–1600 BCE) | School texts]; GCSL132 [Gudea period (~2100 BCE) | Lagash / Girsu]; GCSL133 [Gudea period (~2100 BCE) | Lagash / Girsu]; HZL093 [Hittite period (~1650–1180 BCE) | Hittite]; KWU437 [Ur III (~2112–2004 BCE) | Administrative]; MZL296 [Standard Babylonian (any period) | Akkado-Babylonian]; SLLHA130 [Standard Babylonian (any period) | Akkado-Babylonian]; SYA084 [Standard Babylonian (any period) | Akkadian syllabary]
U+1236A,|PIRIG×UD|,|ZU.PIRIG|,𒍪,Type_2,compound,|ZU.PIRIG|,1,𒍪𒊊,U+1236A; U+1228A,LAK259 [Uruk IV–III (~3400–3000 BCE) | Archaic / Uruk]; ASY096 [Standard Babylonian (any period) | Akkadian syllabary]; ABZL179 [Old Babylonian (~2000–1600 BCE) | School texts]; GCSL132 [Gudea period (~2100 BCE) | Lagash / Girsu]; GCSL133 [Gudea period (~2100 BCE) | Lagash / Girsu]; HZL093 [Hittite period (~1650–1180 BCE) | Hittite]; KWU437 [Ur III (~2112–2004 BCE) | Administrative]; MZL296 [Standard Babylonian (any period) | Akkado-Babylonian]; SLLHA130 [Standard Babylonian (any period) | Akkado-Babylonian]; SYA084 [Standard Babylonian (any period) | Akkadian syllabary]
U+1228A,|PIRIG×UD|,|ZU.PIRIG|,𒊊,Type_2,compound,|ZU.PIRIG|,2,𒍪𒊊,U+1236A; U+1228A,LAK259 [Uruk IV–III (~3400–3000 BCE) | Archaic / Uruk]; ASY096 [Standard Babylonian (any period) | Akkadian syllabary]; ABZL179 [Old Babylonian (~2000–1600 BCE) | School texts]; GCSL132 [Gudea period (~2100 BCE) | Lagash / Girsu]; GCSL133 [Gudea period (~2100 BCE) | Lagash / Girsu]; HZL093 [Hittite period (~1650–1180 BCE) | Hittite]; KWU437 [Ur III (~2112–2004 BCE) | Administrative]; MZL296 [Standard Babylonian (any period) | Akkado-Babylonian]; SLLHA130 [Standard Babylonian (any period) | Akkado-Babylonian]; SYA084 [Standard Babylonian (any period) | Akkadian syllabary]
U+1228D,|PIRIG×ZA|,PIRIG,𒊍,Type_3,PIRIGZA_v1,,,,,LAK256 [Uruk IV–III (~3400–3000 BCE) | Archaic / Uruk]; BAU162 [Early Dynastic (~2900–2340 BCE) | Lagash]; ELLES144 [Early Dynastic (~2900–2340 BCE) | Ebla]; GCSL131 [Gudea period (~2100 BCE) | Lagash / Girsu]; RSP460 [Early Dynastic (~2900–2340 BCE) | Presargonic Lagash]; LAK261 [Uruk IV–III (~3400–3000 BCE) | Archaic / Uruk]; ASY097 [Standard Babylonian (any period) | Akkadian syllabary]; ABZL180 [Old Babylonian (~2000–1600 BCE) | School texts]; BAU164 [Early Dynastic (~2900–2340 BCE) | Lagash]; ELLES147 [Early Dynastic (~2900–2340 BCE) | Ebla]; HZL092 [Hittite period (~1650–1180 BCE) | Hittite]; KWU445 [Ur III (~2112–2004 BCE) | Administrative]; MZL297 [Standard Babylonian (any period) | Akkado-Babylonian]; PTACE136 [Early Dynastic (~2900–2340 BCE) | Ebla]; RSP461 [Early Dynastic (~2900–2340 BCE) | Presargonic Lagash]; SLLHA131 [Standard Babylonian (any period) | Akkado-Babylonian]; SYA085 [Standard Babylonian (any period) | Akkadian syllabary]
U+1235D,|PIRIG×ZA|,|ZA.LAK247|,𒍝,Type_2,compound,|ZA.LAK247|,1,𒍝󰂀,U+1235D; U+F0080,LAK261 [Uruk IV–III (~3400–3000 BCE) | Archaic / Uruk]; ASY097 [Standard Babylonian (any period) | Akkadian syllabary]; ABZL180 [Old Babylonian (~2000–1600 BCE) | School texts]; BAU164 [Early Dynastic (~2900–2340 BCE) | Lagash]; ELLES147 [Early Dynastic (~2900–2340 BCE) | Ebla]; HZL092 [Hittite period (~1650–1180 BCE) | Hittite]; KWU445 [Ur III (~2112–2004 BCE) | Administrative]; MZL297 [Standard Babylonian (any period) | Akkado-Babylonian]; PTACE136 [Early Dynastic (~2900–2340 BCE) | Ebla]; RSP461 [Early Dynastic (~2900–2340 BCE) | Presargonic Lagash]; SLLHA131 [Standard Babylonian (any period) | Akkado-Babylonian]; SYA085 [Standard Babylonian (any period) | Akkadian syllabary]
U+F0080,|PIRIG×ZA|,|ZA.LAK247|,,Type_2,compound,|ZA.LAK247|,2,𒍝󰂀,U+1235D; U+F0080,LAK261 [Uruk IV–III (~3400–3000 BCE) | Archaic / Uruk]; ASY097 [Standard Babylonian (any period) | Akkadian syllabary]; ABZL180 [Old Babylonian (~2000–1600 BCE) | School texts]; BAU164 [Early Dynastic (~2900–2340 BCE) | Lagash]; ELLES147 [Early Dynastic (~2900–2340 BCE) | Ebla]; HZL092 [Hittite period (~1650–1180 BCE) | Hittite]; KWU445 [Ur III (~2112–2004 BCE) | Administrative]; MZL297 [Standard Babylonian (any period) | Akkado-Babylonian]; PTACE136 [Early Dynastic (~2900–2340 BCE) | Ebla]; RSP461 [Early Dynastic (~2900–2340 BCE) | Presargonic Lagash]; SLLHA131 [Standard Babylonian (any period) | Akkado-Babylonian]; SYA085 [Standard Babylonian (any period) | Akkadian syllabary]
U+1235D,|PIRIG×ZA|,|ZA.PIRIG|,𒍝,Type_2,compound,|ZA.PIRIG|,1,𒍝𒊊,U+1235D; U+1228A,LAK261 [Uruk IV–III (~3400–3000 BCE) | Archaic / Uruk]; ASY097 [Standard Babylonian (any period) | Akkadian syllabary]; ABZL180 [Old Babylonian (~2000–1600 BCE) | School texts]; BAU164 [Early Dynastic (~2900–2340 BCE) | Lagash]; ELLES147 [Early Dynastic (~2900–2340 BCE) | Ebla]; HZL092 [Hittite period (~1650–1180 BCE) | Hittite]; KWU445 [Ur III (~2112–2004 BCE) | Administrative]; MZL297 [Standard Babylonian (any period) | Akkado-Babylonian]; PTACE136 [Early Dynastic (~2900–2340 BCE) | Ebla]; RSP461 [Early Dynastic (~2900–2340 BCE) | Presargonic Lagash]; SLLHA131 [Standard Babylonian (any period) | Akkado-Babylonian]; SYA085 [Standard Babylonian (any period) | Akkadian syllabary]
U+1228A,|PIRIG×ZA|,|ZA.PIRIG|,𒊊,Type_2,compound,|ZA.PIRIG|,2,𒍝𒊊,U+1235D; U+1228A,LAK261 [Uruk IV–III (~3400–3000 BCE) | Archaic / Uruk]; ASY097 [Standard Babylonian (any period) | Akkadian syllabary]; ABZL180 [Old Babylonian (~2000–1600 BCE) | School texts]; BAU164 [Early Dynastic (~2900–2340 BCE) | Lagash]; ELLES147 [Early Dynastic (~2900–2340 BCE) | Ebla]; HZL092 [Hittite period (~1650–1180 BCE) | Hittite]; KWU445 [Ur III (~2112–2004 BCE) | Administrative]; MZL297 [Standard Babylonian (any period) | Akkado-Babylonian]; PTACE136 [Early Dynastic (~2900–2340 BCE) | Ebla]; RSP461 [Early Dynastic (~2900–2340 BCE) | Presargonic Lagash]; SLLHA131 [Standard Babylonian (any period) | Akkado-Babylonian]; SYA085 [Standard Babylonian (any period) | Akkadian syllabary]
U+12291,RI,HU,𒊑,Type_3,RI_v1,,,,,LAK064 [Uruk IV–III (~3400–3000 BCE) | Archaic / Uruk]; ASY052 [Standard Babylonian (any period) | Akkadian syllabary]; GCSL031 [Gudea period (~2100 BCE) | Lagash / Girsu]; PTACE040 [Early Dynastic (~2900–2340 BCE) | Ebla]; LAK075 [Uruk IV–III (~3400–3000 BCE) | Archaic / Uruk]; ASY061 [Standard Babylonian (any period) | Akkadian syllabary]; ABZL039 [Old Babylonian (~2000–1600 BCE) | School texts]; ELLES046 [Early Dynastic (~2900–2340 BCE) | Ebla]; GCSL178a [Gudea period (~2100 BCE) | Lagash / Girsu]; HZL032 [Hittite period (~1650–1180 BCE) | Hittite]; KWU120 [Ur III (~2112–2004 BCE) | Administrative]; MZL142 [Standard Babylonian (any period) | Akkado-Babylonian]; PTACE064 [Early Dynastic (~2900–2340 BCE) | Ebla]; RSP412 [Early Dynastic (~2900–2340 BCE) | Presargonic Lagash]; SLLHA086 [Standard Babylonian (any period) | Akkado-Babylonian]; SYA053 [Standard Babylonian (any period) | Akkadian syllabary]
U+12293,SA,SA@v,𒊓,Type_3,SA_v1,,,,,LAK731 [Uruk IV–III (~3400–3000 BCE) | Archaic / Uruk]; ASY076 [Standard Babylonian (any period) | Akkadian syllabary]; ABZL147 [Old Babylonian (~2000–1600 BCE) | School texts]; BAU361 [Early Dynastic (~2900–2340 BCE) | Lagash]; ELLES357 [Early Dynastic (~2900–2340 BCE) | Ebla]; GCSL298 [Gudea period (~2100 BCE) | Lagash / Girsu]; HZL200 [Hittite period (~1650–1180 BCE) | Hittite]; KWU842 [Ur III (~2112–2004 BCE) | Administrative]; MZL172 [Standard Babylonian (any period) | Akkado-Babylonian]; PTACE294 [Early Dynastic (~2900–2340 BCE) | Ebla]; RSP132 [Early Dynastic (~2900–2340 BCE) | Presargonic Lagash]; SLLHA104 [Standard Babylonian (any period) | Akkado-Babylonian]; SYA066 [Standard Babylonian (any period) | Akkadian syllabary]
U+12295,|SAG.EZEN|,|SAG.KEŠ₂|,𒊕,Type_2,compound,|SAG.KEŠ₂|,1,𒊕𒆟,U+12295; U+1219F,
U+1219F,|SAG.EZEN|,|SAG.KEŠ₂|,𒆟,Type_2,compound,|SAG.KEŠ₂|,2,𒊕𒆟,U+12295; U+1219F,
U+12295,|SAG×DU|,|SAG.DU|,𒊕,Type_2,compound,|SAG.DU|,1,𒊕𒁺,U+12295; U+1207A,LAK314 [Uruk IV–III (~3400–3000 BCE) | Archaic / Uruk]; KWU434 [Ur III (~2112–2004 BCE) | Administrative]; MZL187 [Standard Babylonian (any period) | Akkado-Babylonian]; SLLHA121_6 [Standard Babylonian (any period) | Akkado-Babylonian]
U+1207A,|SAG×DU|,|SAG.DU|,𒁺,Type_2,compound,|SAG.DU|,2,𒊕𒁺,U+12295; U+1207A,LAK314 [Uruk IV–III (~3400–3000 BCE) | Archaic / Uruk]; KWU434 [Ur III (~2112–2004 BCE) | Administrative]; MZL187 [Standard Babylonian (any period) | Akkado-Babylonian]; SLLHA121_6 [Standard Babylonian (any period) | Akkado-Babylonian]
U+12295,|SAG×KAK|,|SAG.NI|,𒊕,Type_2,compound,|SAG.NI|,1,𒊕𒉌,U+12295; U+1224C,LAK312 [Uruk IV–III (~3400–3000 BCE) | Archaic / Uruk]; ABZL330 [Old Babylonian (~2000–1600 BCE) | School texts]; MZL188 [Standard Babylonian (any period) | Akkado-Babylonian]; RSP195 [Early Dynastic (~2900–2340 BCE) | Presargonic Lagash]; SLLHA116 [Standard Babylonian (any period) | Akkado-Babylonian]
U+1224C,|SAG×KAK|,|SAG.NI|,𒉌,Type_2,compound,|SAG.NI|,2,𒊕𒉌,U+12295; U+1224C,LAK312 [Uruk IV–III (~3400–3000 BCE) | Archaic / Uruk]; ABZL330 [Old Babylonian (~2000–1600 BCE) | School texts]; MZL188 [Standard Babylonian (any period) | Akkado-Babylonian]; RSP195 [Early Dynastic (~2900–2340 BCE) | Presargonic Lagash]; SLLHA116 [Standard Babylonian (any period) | Akkado-Babylonian]
U+12178,|SAG×MI|,|KA×MI|,𒅸,Type_1,SAGMI_v1,,,,,MZL195 [Standard Babylonian (any period) | Akkado-Babylonian]; SLLHA119 [Standard Babylonian (any period) | Akkado-Babylonian]
U+12311,|SAG×U₂|,|U₂.SAG|,𒌑,Type_2,compound,|U₂.SAG|,1,𒌑𒊕,U+12311; U+12295,MZL192 [Standard Babylonian (any period) | Akkado-Babylonian]; SLLHA121_8 [Standard Babylonian (any period) | Akkado-Babylonian]
U+12295,|SAG×U₂|,|U₂.SAG|,𒊕,Type_2,compound,|U₂.SAG|,2,𒌑𒊕,U+12311; U+12295,MZL192 [Standard Babylonian (any period) | Akkado-Babylonian]; SLLHA121_8 [Standard Babylonian (any period) | Akkado-Babylonian]
U+122A8,SAG@g,SAG,𒊨,Type_3,SAGG_v1,,,,,LAK307 [Uruk IV–III (~3400–3000 BCE) | Archaic / Uruk]; ASY087 [Standard Babylonian (any period) | Akkadian syllabary]; BAU228 [Early Dynastic (~2900–2340 BCE) | Lagash]; ELLES178 [Early Dynastic (~2900–2340 BCE) | Ebla]; GCSL138 [Gudea period (~2100 BCE) | Lagash / Girsu]; PTACE163 [Early Dynastic (~2900–2340 BCE) | Ebla]; RSP192 [Early Dynastic (~2900–2340 BCE) | Presargonic Lagash]; LAK317 [Uruk IV–III (~3400–3000 BCE) | Archaic / Uruk]; ASY179 [Standard Babylonian (any period) | Akkadian syllabary]; ABZL331 [Old Babylonian (~2000–1600 BCE) | School texts]; BAU229 [Early Dynastic (~2900–2340 BCE) | Lagash]; ELLES181 [Early Dynastic (~2900–2340 BCE) | Ebla]; GCSL139 [Gudea period (~2100 BCE) | Lagash / Girsu]; KWU436 [Ur III (~2112–2004 BCE) | Administrative]; MZL512 [Standard Babylonian (any period) | Akkado-Babylonian]; PTACE166 [Early Dynastic (~2900–2340 BCE) | Ebla]; RSP193 [Early Dynastic (~2900–2340 BCE) | Presargonic Lagash]; SLLHA329 [Standard Babylonian (any period) | Akkado-Babylonian]
U+122A9,|SAL.HUB₂|,|SAL.HUB₂.AL|,𒊩,Type_2,compound,|SAL.HUB₂.AL|,1,𒊩𒄸𒀠,U+122A9; U+12138; U+12020,ABZL463 [Old Babylonian (~2000–1600 BCE) | School texts]; KWU795 [Ur III (~2112–2004 BCE) | Administrative]
U+12138,|SAL.HUB₂|,|SAL.HUB₂.AL|,𒄸,Type_2,compound,|SAL.HUB₂.AL|,2,𒊩𒄸𒀠,U+122A9; U+12138; U+12020,ABZL463 [Old Babylonian (~2000–1600 BCE) | School texts]; KWU795 [Ur III (~2112–2004 BCE) | Administrative]
U+12020,|SAL.HUB₂|,|SAL.HUB₂.AL|,𒀠,Type_2,compound,|SAL.HUB₂.AL|,3,𒊩𒄸𒀠,U+122A9; U+12138; U+12020,ABZL463 [Old Babylonian (~2000–1600 BCE) | School texts]; KWU795 [Ur III (~2112–2004 BCE) | Administrative]
U+12313,|SAL.HUB₂|,|UD.HUB₂|,𒌓,Type_2,compound,|UD.HUB₂|,1,𒌓𒄸,U+12313; U+12138,ABZL463 [Old Babylonian (~2000–1600 BCE) | School texts]; KWU795 [Ur III (~2112–2004 BCE) | Administrative]
U+12138,|SAL.HUB₂|,|UD.HUB₂|,𒄸,Type_2,compound,|UD.HUB₂|,2,𒌓𒄸,U+12313; U+12138,ABZL463 [Old Babylonian (~2000–1600 BCE) | School texts]; KWU795 [Ur III (~2112–2004 BCE) | Administrative]
U+12313,|SAL.HUB₂|,|UD.SAL.HUB₂|,𒌓,Type_2,compound,|UD.SAL.HUB₂|,1,𒌓𒊩𒄸,U+12313; U+122A9; U+12138,MZL610 [Standard Babylonian (any period) | Akkado-Babylonian]; SLLHA391 [Standard Babylonian (any period) | Akkado-Babylonian]; ABZL463 [Old Babylonian (~2000–1600 BCE) | School texts]; KWU795 [Ur III (~2112–2004 BCE) | Administrative]
U+122A9,|SAL.HUB₂|,|UD.SAL.HUB₂|,𒊩,Type_2,compound,|UD.SAL.HUB₂|,2,𒌓𒊩𒄸,U+12313; U+122A9; U+12138,MZL610 [Standard Babylonian (any period) | Akkado-Babylonian]; SLLHA391 [Standard Babylonian (any period) | Akkado-Babylonian]; ABZL463 [Old Babylonian (~2000–1600 BCE) | School texts]; KWU795 [Ur III (~2112–2004 BCE) | Administrative]
U+12138,|SAL.HUB₂|,|UD.SAL.HUB₂|,𒄸,Type_2,compound,|UD.SAL.HUB₂|,3,𒌓𒊩𒄸,U+12313; U+122A9; U+12138,MZL610 [Standard Babylonian (any period) | Akkado-Babylonian]; SLLHA391 [Standard Babylonian (any period) | Akkado-Babylonian]; ABZL463 [Old Babylonian (~2000–1600 BCE) | School texts]; KWU795 [Ur III (~2112–2004 BCE) | Administrative]
,|SAL.KUR|,|SAL×KUR|,𒊩𒆳,Type_3,SALKUR_v1,,,,,LAK049 [Uruk IV–III (~3400–3000 BCE) | Archaic / Uruk]; ELLES276 [Early Dynastic (~2900–2340 BCE) | Ebla]; PTACE231 [Early Dynastic (~2900–2340 BCE) | Ebla]; ASY303 [Standard Babylonian (any period) | Akkadian syllabary]; ABZL459 [Old Babylonian (~2000–1600 BCE) | School texts]; BAU398 [Early Dynastic (~2900–2340 BCE) | Lagash]; GCSL239 [Gudea period (~2100 BCE) | Lagash / Girsu]; HZL305 [Hittite period (~1650–1180 BCE) | Hittite]; KWU793 [Ur III (~2112–2004 BCE) | Administrative]; MZL890 [Standard Babylonian (any period) | Akkado-Babylonian]; RSP173 [Early Dynastic (~2900–2340 BCE) | Presargonic Lagash]; SLLHA558 [Standard Babylonian (any period) | Akkado-Babylonian]; SYA267 [Standard Babylonian (any period) | Akkadian syllabary]
,|SAL.LAGAR|,|SAL×LAGAR|,𒊩𒇬,Type_3,SALLAGAR_v1,,,,,MZL895 [Standard Babylonian (any period) | Akkado-Babylonian]; SLLHA554n [Standard Babylonian (any period) | Akkado-Babylonian]
U+122D6,|SAL.ME|,|ŠITA.GIŠ.ME|,𒋖,Type_2,compound,|ŠITA.GIŠ.ME|,1,𒋖𒄑𒈨,U+122D6; U+12111; U+12228,KWU791a [Ur III (~2112–2004 BCE) | Administrative]; RSP154 [Early Dynastic (~2900–2340 BCE) | Presargonic Lagash]
U+12111,|SAL.ME|,|ŠITA.GIŠ.ME|,𒄑,Type_2,compound,|ŠITA.GIŠ.ME|,2,𒋖𒄑𒈨,U+122D6; U+12111; U+12228,KWU791a [Ur III (~2112–2004 BCE) | Administrative]; RSP154 [Early Dynastic (~2900–2340 BCE) | Presargonic Lagash]
U+12228,|SAL.ME|,|ŠITA.GIŠ.ME|,𒈨,Type_2,compound,|ŠITA.GIŠ.ME|,3,𒋖𒄑𒈨,U+122D6; U+12111; U+12228,KWU791a [Ur III (~2112–2004 BCE) | Administrative]; RSP154 [Early Dynastic (~2900–2340 BCE) | Presargonic Lagash]
U+1238F,|SAL.TUG₂.PAP.IGI@g.NUN.ME.EZEN×KASKAL|,|SAL.TUG₂.IGI@g.NUN.ME.EZEN×KASKAL|,𒎏,Type_2,compound,|SAL.TUG₂.IGI@g.NUN.ME.EZEN×KASKAL|,1,𒎏𒅊𒉣𒈨𒂬,U+1238F; U+1214A; U+12263; U+12228; U+120AC,
U+1214A,|SAL.TUG₂.PAP.IGI@g.NUN.ME.EZEN×KASKAL|,|SAL.TUG₂.IGI@g.NUN.ME.EZEN×KASKAL|,𒅊,Type_2,compound,|SAL.TUG₂.IGI@g.NUN.ME.EZEN×KASKAL|,2,𒎏𒅊𒉣𒈨𒂬,U+1238F; U+1214A; U+12263; U+12228; U+120AC,
U+12263,|SAL.TUG₂.PAP.IGI@g.NUN.ME.EZEN×KASKAL|,|SAL.TUG₂.IGI@g.NUN.ME.EZEN×KASKAL|,𒉣,Type_2,compound,|SAL.TUG₂.IGI@g.NUN.ME.EZEN×KASKAL|,3,𒎏𒅊𒉣𒈨𒂬,U+1238F; U+1214A; U+12263; U+12228; U+120AC,
U+12228,|SAL.TUG₂.PAP.IGI@g.NUN.ME.EZEN×KASKAL|,|SAL.TUG₂.IGI@g.NUN.ME.EZEN×KASKAL|,𒈨,Type_2,compound,|SAL.TUG₂.IGI@g.NUN.ME.EZEN×KASKAL|,4,𒎏𒅊𒉣𒈨𒂬,U+1238F; U+1214A; U+12263; U+12228; U+120AC,
U+120AC,|SAL.TUG₂.PAP.IGI@g.NUN.ME.EZEN×KASKAL|,|SAL.TUG₂.IGI@g.NUN.ME.EZEN×KASKAL|,𒂬,Type_2,compound,|SAL.TUG₂.IGI@g.NUN.ME.EZEN×KASKAL|,5,𒎏𒅊𒉣𒈨𒂬,U+1238F; U+1214A; U+12263; U+12228; U+120AC,
U+1238F,|SAL.TUG₂.PAP.IGI@g.NUN.ME.EZEN×KASKAL|,|SAL.TUG₂.ME.DAG.X|,𒎏,Type_2,compound,|SAL.TUG₂.ME.DAG.X|,1,𒎏𒈨𒁖X,U+1238F; U+12228; U+12056; O,
U+12228,|SAL.TUG₂.PAP.IGI@g.NUN.ME.EZEN×KASKAL|,|SAL.TUG₂.ME.DAG.X|,𒈨,Type_2,compound,|SAL.TUG₂.ME.DAG.X|,2,𒎏𒈨𒁖X,U+1238F; U+12228; U+12056; O,
U+12056,|SAL.TUG₂.PAP.IGI@g.NUN.ME.EZEN×KASKAL|,|SAL.TUG₂.ME.DAG.X|,𒁖,Type_2,compound,|SAL.TUG₂.ME.DAG.X|,3,𒎏𒈨𒁖X,U+1238F; U+12228; U+12056; O,
O,|SAL.TUG₂.PAP.IGI@g.NUN.ME.EZEN×KASKAL|,|SAL.TUG₂.ME.DAG.X|,,Type_2,compound,|SAL.TUG₂.ME.DAG.X|,4,𒎏𒈨𒁖X,U+1238F; U+12228; U+12056; O,
U+1238F,|SAL.TUG₂.PAP.IGI@g.NUN.ME.EZEN×KASKAL|,|SAL.TUG₂.PAP.IGI@g.ME.EZEN×KASKAL|,𒎏,Type_2,compound,|SAL.TUG₂.PAP.IGI@g.ME.EZEN×KASKAL|,1,𒎏𒉽𒅊𒈨𒂬,U+1238F; U+1227D; U+1214A; U+12228; U+120AC,
U+1227D,|SAL.TUG₂.PAP.IGI@g.NUN.ME.EZEN×KASKAL|,|SAL.TUG₂.PAP.IGI@g.ME.EZEN×KASKAL|,𒉽,Type_2,compound,|SAL.TUG₂.PAP.IGI@g.ME.EZEN×KASKAL|,2,𒎏𒉽𒅊𒈨𒂬,U+1238F; U+1227D; U+1214A; U+12228; U+120AC,
U+1214A,|SAL.TUG₂.PAP.IGI@g.NUN.ME.EZEN×KASKAL|,|SAL.TUG₂.PAP.IGI@g.ME.EZEN×KASKAL|,𒅊,Type_2,compound,|SAL.TUG₂.PAP.IGI@g.ME.EZEN×KASKAL|,3,𒎏𒉽𒅊𒈨𒂬,U+1238F; U+1227D; U+1214A; U+12228; U+120AC,
U+12228,|SAL.TUG₂.PAP.IGI@g.NUN.ME.EZEN×KASKAL|,|SAL.TUG₂.PAP.IGI@g.ME.EZEN×KASKAL|,𒈨,Type_2,compound,|SAL.TUG₂.PAP.IGI@g.ME.EZEN×KASKAL|,4,𒎏𒉽𒅊𒈨𒂬,U+1238F; U+1227D; U+1214A; U+12228; U+120AC,
U+120AC,|SAL.TUG₂.PAP.IGI@g.NUN.ME.EZEN×KASKAL|,|SAL.TUG₂.PAP.IGI@g.ME.EZEN×KASKAL|,𒂬,Type_2,compound,|SAL.TUG₂.PAP.IGI@g.ME.EZEN×KASKAL|,5,𒎏𒉽𒅊𒈨𒂬,U+1238F; U+1227D; U+1214A; U+12228; U+120AC,
U+1238F,|SAL.TUG₂.PAP.IGI@g.NUN.ME.EZEN×KASKAL|,|SAL.TUG₂.PAP.IGI@g.NUN.EZEN×KASKAL|,𒎏,Type_2,compound,|SAL.TUG₂.PAP.IGI@g.NUN.EZEN×KASKAL|,1,𒎏𒉽𒅊𒉣𒂬,U+1238F; U+1227D; U+1214A; U+12263; U+120AC,
U+1227D,|SAL.TUG₂.PAP.IGI@g.NUN.ME.EZEN×KASKAL|,|SAL.TUG₂.PAP.IGI@g.NUN.EZEN×KASKAL|,𒉽,Type_2,compound,|SAL.TUG₂.PAP.IGI@g.NUN.EZEN×KASKAL|,2,𒎏𒉽𒅊𒉣𒂬,U+1238F; U+1227D; U+1214A; U+12263; U+120AC,
U+1214A,|SAL.TUG₂.PAP.IGI@g.NUN.ME.EZEN×KASKAL|,|SAL.TUG₂.PAP.IGI@g.NUN.EZEN×KASKAL|,𒅊,Type_2,compound,|SAL.TUG₂.PAP.IGI@g.NUN.EZEN×KASKAL|,3,𒎏𒉽𒅊𒉣𒂬,U+1238F; U+1227D; U+1214A; U+12263; U+120AC,
U+12263,|SAL.TUG₂.PAP.IGI@g.NUN.ME.EZEN×KASKAL|,|SAL.TUG₂.PAP.IGI@g.NUN.EZEN×KASKAL|,𒉣,Type_2,compound,|SAL.TUG₂.PAP.IGI@g.NUN.EZEN×KASKAL|,4,𒎏𒉽𒅊𒉣𒂬,U+1238F; U+1227D; U+1214A; U+12263; U+120AC,
U+120AC,|SAL.TUG₂.PAP.IGI@g.NUN.ME.EZEN×KASKAL|,|SAL.TUG₂.PAP.IGI@g.NUN.EZEN×KASKAL|,𒂬,Type_2,compound,|SAL.TUG₂.PAP.IGI@g.NUN.EZEN×KASKAL|,5,𒎏𒉽𒅊𒉣𒂬,U+1238F; U+1227D; U+1214A; U+12263; U+120AC,
U+122A9,|SAL.UŠ.DAM|,|SAL.UŠ.DI.DAM|,𒊩,Type_2,compound,|SAL.UŠ.DI.DAM|,1,𒊩𒍑𒁲𒁮,U+122A9; U+12351; U+12072; U+1206E,
U+12351,|SAL.UŠ.DAM|,|SAL.UŠ.DI.DAM|,𒍑,Type_2,compound,|SAL.UŠ.DI.DAM|,2,𒊩𒍑𒁲𒁮,U+122A9; U+12351; U+12072; U+1206E,
U+12072,|SAL.UŠ.DAM|,|SAL.UŠ.DI.DAM|,𒁲,Type_2,compound,|SAL.UŠ.DI.DAM|,3,𒊩𒍑𒁲𒁮,U+122A9; U+12351; U+12072; U+1206E,
U+1206E,|SAL.UŠ.DAM|,|SAL.UŠ.DI.DAM|,𒁮,Type_2,compound,|SAL.UŠ.DI.DAM|,4,𒊩𒍑𒁲𒁮,U+122A9; U+12351; U+12072; U+1206E,
U+122A9,|SAL.UŠ.DI|,|SAL.DI.UŠ|,𒊩,Type_2,compound,|SAL.DI.UŠ|,1,𒊩𒁲𒍑,U+122A9; U+12072; U+12351,RSP157 [Early Dynastic (~2900–2340 BCE) | Presargonic Lagash]
U+12072,|SAL.UŠ.DI|,|SAL.DI.UŠ|,𒁲,Type_2,compound,|SAL.DI.UŠ|,2,𒊩𒁲𒍑,U+122A9; U+12072; U+12351,RSP157 [Early Dynastic (~2900–2340 BCE) | Presargonic Lagash]
U+12351,|SAL.UŠ.DI|,|SAL.DI.UŠ|,𒍑,Type_2,compound,|SAL.DI.UŠ|,3,𒊩𒁲𒍑,U+122A9; U+12072; U+12351,RSP157 [Early Dynastic (~2900–2340 BCE) | Presargonic Lagash]
U+122A9,|SAL.UŠ.DI|,|SAL.UŠ.DI.E₂|,𒊩,Type_2,compound,|SAL.UŠ.DI.E₂|,1,𒊩𒍑𒁲𒂍,U+122A9; U+12351; U+12072; U+1208D,RSP157 [Early Dynastic (~2900–2340 BCE) | Presargonic Lagash]
U+12351,|SAL.UŠ.DI|,|SAL.UŠ.DI.E₂|,𒍑,Type_2,compound,|SAL.UŠ.DI.E₂|,2,𒊩𒍑𒁲𒂍,U+122A9; U+12351; U+12072; U+1208D,RSP157 [Early Dynastic (~2900–2340 BCE) | Presargonic Lagash]
U+12072,|SAL.UŠ.DI|,|SAL.UŠ.DI.E₂|,𒁲,Type_2,compound,|SAL.UŠ.DI.E₂|,3,𒊩𒍑𒁲𒂍,U+122A9; U+12351; U+12072; U+1208D,RSP157 [Early Dynastic (~2900–2340 BCE) | Presargonic Lagash]
U+1208D,|SAL.UŠ.DI|,|SAL.UŠ.DI.E₂|,𒂍,Type_2,compound,|SAL.UŠ.DI.E₂|,4,𒊩𒍑𒁲𒂍,U+122A9; U+12351; U+12072; U+1208D,RSP157 [Early Dynastic (~2900–2340 BCE) | Presargonic Lagash]
U+122A9,|SAL.UŠ.DI|,|SAL.UŠ.DI.KID|,𒊩,Type_2,compound,|SAL.UŠ.DI.KID|,1,𒊩𒍑𒁲𒆤,U+122A9; U+12351; U+12072; U+121A4,RSP158 [Early Dynastic (~2900–2340 BCE) | Presargonic Lagash]; RSP157 [Early Dynastic (~2900–2340 BCE) | Presargonic Lagash]
U+12351,|SAL.UŠ.DI|,|SAL.UŠ.DI.KID|,𒍑,Type_2,compound,|SAL.UŠ.DI.KID|,2,𒊩𒍑𒁲𒆤,U+122A9; U+12351; U+12072; U+121A4,RSP158 [Early Dynastic (~2900–2340 BCE) | Presargonic Lagash]; RSP157 [Early Dynastic (~2900–2340 BCE) | Presargonic Lagash]
U+12072,|SAL.UŠ.DI|,|SAL.UŠ.DI.KID|,𒁲,Type_2,compound,|SAL.UŠ.DI.KID|,3,𒊩𒍑𒁲𒆤,U+122A9; U+12351; U+12072; U+121A4,RSP158 [Early Dynastic (~2900–2340 BCE) | Presargonic Lagash]; RSP157 [Early Dynastic (~2900–2340 BCE) | Presargonic Lagash]
U+121A4,|SAL.UŠ.DI|,|SAL.UŠ.DI.KID|,𒆤,Type_2,compound,|SAL.UŠ.DI.KID|,4,𒊩𒍑𒁲𒆤,U+122A9; U+12351; U+12072; U+121A4,RSP158 [Early Dynastic (~2900–2340 BCE) | Presargonic Lagash]; RSP157 [Early Dynastic (~2900–2340 BCE) | Presargonic Lagash]
U+122A9,|SAL.UŠ.DI|,|SAL.UŠ.E₂.DI|,𒊩,Type_2,compound,|SAL.UŠ.E₂.DI|,1,𒊩𒍑𒂍𒁲,U+122A9; U+12351; U+1208D; U+12072,RSP157 [Early Dynastic (~2900–2340 BCE) | Presargonic Lagash]
U+12351,|SAL.UŠ.DI|,|SAL.UŠ.E₂.DI|,𒍑,Type_2,compound,|SAL.UŠ.E₂.DI|,2,𒊩𒍑𒂍𒁲,U+122A9; U+12351; U+1208D; U+12072,RSP157 [Early Dynastic (~2900–2340 BCE) | Presargonic Lagash]
U+1208D,|SAL.UŠ.DI|,|SAL.UŠ.E₂.DI|,𒂍,Type_2,compound,|SAL.UŠ.E₂.DI|,3,𒊩𒍑𒂍𒁲,U+122A9; U+12351; U+1208D; U+12072,RSP157 [Early Dynastic (~2900–2340 BCE) | Presargonic Lagash]
U+12072,|SAL.UŠ.DI|,|SAL.UŠ.E₂.DI|,𒁲,Type_2,compound,|SAL.UŠ.E₂.DI|,4,𒊩𒍑𒂍𒁲,U+122A9; U+12351; U+1208D; U+12072,RSP157 [Early Dynastic (~2900–2340 BCE) | Presargonic Lagash]
U+122A9,|SAL.UŠ.DI|,|SAL.UŠ.KID|,𒊩,Type_2,compound,|SAL.UŠ.KID|,1,𒊩𒍑𒆤,U+122A9; U+12351; U+121A4,RSP157 [Early Dynastic (~2900–2340 BCE) | Presargonic Lagash]
U+12351,|SAL.UŠ.DI|,|SAL.UŠ.KID|,𒍑,Type_2,compound,|SAL.UŠ.KID|,2,𒊩𒍑𒆤,U+122A9; U+12351; U+121A4,RSP157 [Early Dynastic (~2900–2340 BCE) | Presargonic Lagash]
U+121A4,|SAL.UŠ.DI|,|SAL.UŠ.KID|,𒆤,Type_2,compound,|SAL.UŠ.KID|,3,𒊩𒍑𒆤,U+122A9; U+12351; U+121A4,RSP157 [Early Dynastic (~2900–2340 BCE) | Presargonic Lagash]
U+120B5,SANGA₂,|GA.BALAG|,𒂵,Type_2,compound,|GA.BALAG|,1,𒂵𒁆,U+120B5; U+12046,LAK175 [Uruk IV–III (~3400–3000 BCE) | Archaic / Uruk]; ABZL205 [Old Babylonian (~2000–1600 BCE) | School texts]; ELLES102 [Early Dynastic (~2900–2340 BCE) | Ebla]; RSP276 [Early Dynastic (~2900–2340 BCE) | Presargonic Lagash]
U+12046,SANGA₂,|GA.BALAG|,𒁆,Type_2,compound,|GA.BALAG|,2,𒂵𒁆,U+120B5; U+12046,LAK175 [Uruk IV–III (~3400–3000 BCE) | Archaic / Uruk]; ABZL205 [Old Babylonian (~2000–1600 BCE) | School texts]; ELLES102 [Early Dynastic (~2900–2340 BCE) | Ebla]; RSP276 [Early Dynastic (~2900–2340 BCE) | Presargonic Lagash]
U+120B5,SANGA₂,|GA.DUB₂|,𒂵,Type_2,compound,|GA.DUB₂|,1,𒂵𒂀,U+120B5; U+12080,LAK175 [Uruk IV–III (~3400–3000 BCE) | Archaic / Uruk]; ABZL205 [Old Babylonian (~2000–1600 BCE) | School texts]; ELLES102 [Early Dynastic (~2900–2340 BCE) | Ebla]; RSP276 [Early Dynastic (~2900–2340 BCE) | Presargonic Lagash]
U+12080,SANGA₂,|GA.DUB₂|,𒂀,Type_2,compound,|GA.DUB₂|,2,𒂵𒂀,U+120B5; U+12080,LAK175 [Uruk IV–III (~3400–3000 BCE) | Archaic / Uruk]; ABZL205 [Old Babylonian (~2000–1600 BCE) | School texts]; ELLES102 [Early Dynastic (~2900–2340 BCE) | Ebla]; RSP276 [Early Dynastic (~2900–2340 BCE) | Presargonic Lagash]
U+120B5,SANGA₂,|GA.MA₂.IGI@g|,𒂵,Type_2,compound,|GA.MA₂.IGI@g|,1,𒂵𒈣𒅊,U+120B5; U+12223; U+1214A,LAK175 [Uruk IV–III (~3400–3000 BCE) | Archaic / Uruk]; ABZL205 [Old Babylonian (~2000–1600 BCE) | School texts]; ELLES102 [Early Dynastic (~2900–2340 BCE) | Ebla]; RSP276 [Early Dynastic (~2900–2340 BCE) | Presargonic Lagash]
U+12223,SANGA₂,|GA.MA₂.IGI@g|,𒈣,Type_2,compound,|GA.MA₂.IGI@g|,2,𒂵𒈣𒅊,U+120B5; U+12223; U+1214A,LAK175 [Uruk IV–III (~3400–3000 BCE) | Archaic / Uruk]; ABZL205 [Old Babylonian (~2000–1600 BCE) | School texts]; ELLES102 [Early Dynastic (~2900–2340 BCE) | Ebla]; RSP276 [Early Dynastic (~2900–2340 BCE) | Presargonic Lagash]
U+1214A,SANGA₂,|GA.MA₂.IGI@g|,𒅊,Type_2,compound,|GA.MA₂.IGI@g|,3,𒂵𒈣𒅊,U+120B5; U+12223; U+1214A,LAK175 [Uruk IV–III (~3400–3000 BCE) | Archaic / Uruk]; ABZL205 [Old Babylonian (~2000–1600 BCE) | School texts]; ELLES102 [Early Dynastic (~2900–2340 BCE) | Ebla]; RSP276 [Early Dynastic (~2900–2340 BCE) | Presargonic Lagash]
U+120B5,SANGA₂,|GA.UZ₃|,𒂵,Type_2,compound,|GA.UZ₃|,1,𒂵𒍚,U+120B5; U+1235A,LAK175 [Uruk IV–III (~3400–3000 BCE) | Archaic / Uruk]; ABZL205 [Old Babylonian (~2000–1600 BCE) | School texts]; ELLES102 [Early Dynastic (~2900–2340 BCE) | Ebla]; RSP276 [Early Dynastic (~2900–2340 BCE) | Presargonic Lagash]
U+1235A,SANGA₂,|GA.UZ₃|,𒍚,Type_2,compound,|GA.UZ₃|,2,𒂵𒍚,U+120B5; U+1235A,LAK175 [Uruk IV–III (~3400–3000 BCE) | Archaic / Uruk]; ABZL205 [Old Babylonian (~2000–1600 BCE) | School texts]; ELLES102 [Early Dynastic (~2900–2340 BCE) | Ebla]; RSP276 [Early Dynastic (~2900–2340 BCE) | Presargonic Lagash]
U+120B5,SANGA₂,|GA.UZ₃.HI|,𒂵,Type_2,compound,|GA.UZ₃.HI|,1,𒂵𒍚𒄭,U+120B5; U+1235A; U+1212D,LAK175 [Uruk IV–III (~3400–3000 BCE) | Archaic / Uruk]; ABZL205 [Old Babylonian (~2000–1600 BCE) | School texts]; ELLES102 [Early Dynastic (~2900–2340 BCE) | Ebla]; RSP276 [Early Dynastic (~2900–2340 BCE) | Presargonic Lagash]
U+1235A,SANGA₂,|GA.UZ₃.HI|,𒍚,Type_2,compound,|GA.UZ₃.HI|,2,𒂵𒍚𒄭,U+120B5; U+1235A; U+1212D,LAK175 [Uruk IV–III (~3400–3000 BCE) | Archaic / Uruk]; ABZL205 [Old Babylonian (~2000–1600 BCE) | School texts]; ELLES102 [Early Dynastic (~2900–2340 BCE) | Ebla]; RSP276 [Early Dynastic (~2900–2340 BCE) | Presargonic Lagash]
U+1212D,SANGA₂,|GA.UZ₃.HI|,𒄭,Type_2,compound,|GA.UZ₃.HI|,3,𒂵𒍚𒄭,U+120B5; U+1235A; U+1212D,LAK175 [Uruk IV–III (~3400–3000 BCE) | Archaic / Uruk]; ABZL205 [Old Babylonian (~2000–1600 BCE) | School texts]; ELLES102 [Early Dynastic (~2900–2340 BCE) | Ebla]; RSP276 [Early Dynastic (~2900–2340 BCE) | Presargonic Lagash]
U+120B5,SANGA₂,|GA.UZ₃.IGI@g|,𒂵,Type_2,compound,|GA.UZ₃.IGI@g|,1,𒂵𒍚𒅊,U+120B5; U+1235A; U+1214A,LAK175 [Uruk IV–III (~3400–3000 BCE) | Archaic / Uruk]; ABZL205 [Old Babylonian (~2000–1600 BCE) | School texts]; ELLES102 [Early Dynastic (~2900–2340 BCE) | Ebla]; RSP276 [Early Dynastic (~2900–2340 BCE) | Presargonic Lagash]
U+1235A,SANGA₂,|GA.UZ₃.IGI@g|,𒍚,Type_2,compound,|GA.UZ₃.IGI@g|,2,𒂵𒍚𒅊,U+120B5; U+1235A; U+1214A,LAK175 [Uruk IV–III (~3400–3000 BCE) | Archaic / Uruk]; ABZL205 [Old Babylonian (~2000–1600 BCE) | School texts]; ELLES102 [Early Dynastic (~2900–2340 BCE) | Ebla]; RSP276 [Early Dynastic (~2900–2340 BCE) | Presargonic Lagash]
U+1214A,SANGA₂,|GA.UZ₃.IGI@g|,𒅊,Type_2,compound,|GA.UZ₃.IGI@g|,3,𒂵𒍚𒅊,U+120B5; U+1235A; U+1214A,LAK175 [Uruk IV–III (~3400–3000 BCE) | Archaic / Uruk]; ABZL205 [Old Babylonian (~2000–1600 BCE) | School texts]; ELLES102 [Early Dynastic (~2900–2340 BCE) | Ebla]; RSP276 [Early Dynastic (~2900–2340 BCE) | Presargonic Lagash]
U+1214D,SANGA₂,|IL₂.DUB₂|,𒅍,Type_2,compound,|IL₂.DUB₂|,1,𒅍𒂀,U+1214D; U+12080,LAK175 [Uruk IV–III (~3400–3000 BCE) | Archaic / Uruk]; ABZL205 [Old Babylonian (~2000–1600 BCE) | School texts]; ELLES102 [Early Dynastic (~2900–2340 BCE) | Ebla]; RSP276 [Early Dynastic (~2900–2340 BCE) | Presargonic Lagash]
U+12080,SANGA₂,|IL₂.DUB₂|,𒂀,Type_2,compound,|IL₂.DUB₂|,2,𒅍𒂀,U+1214D; U+12080,LAK175 [Uruk IV–III (~3400–3000 BCE) | Archaic / Uruk]; ABZL205 [Old Babylonian (~2000–1600 BCE) | School texts]; ELLES102 [Early Dynastic (~2900–2340 BCE) | Ebla]; RSP276 [Early Dynastic (~2900–2340 BCE) | Presargonic Lagash]
U+1214D,SANGA₂,|IL₂.MA₂.DUB₂|,𒅍,Type_2,compound,|IL₂.MA₂.DUB₂|,1,𒅍𒈣𒂀,U+1214D; U+12223; U+12080,ABZL205 [Old Babylonian (~2000–1600 BCE) | School texts]; LAK175 [Uruk IV–III (~3400–3000 BCE) | Archaic / Uruk]; ELLES102 [Early Dynastic (~2900–2340 BCE) | Ebla]; RSP276 [Early Dynastic (~2900–2340 BCE) | Presargonic Lagash]
U+12223,SANGA₂,|IL₂.MA₂.DUB₂|,𒈣,Type_2,compound,|IL₂.MA₂.DUB₂|,2,𒅍𒈣𒂀,U+1214D; U+12223; U+12080,ABZL205 [Old Babylonian (~2000–1600 BCE) | School texts]; LAK175 [Uruk IV–III (~3400–3000 BCE) | Archaic / Uruk]; ELLES102 [Early Dynastic (~2900–2340 BCE) | Ebla]; RSP276 [Early Dynastic (~2900–2340 BCE) | Presargonic Lagash]
U+12080,SANGA₂,|IL₂.MA₂.DUB₂|,𒂀,Type_2,compound,|IL₂.MA₂.DUB₂|,3,𒅍𒈣𒂀,U+1214D; U+12223; U+12080,ABZL205 [Old Babylonian (~2000–1600 BCE) | School texts]; LAK175 [Uruk IV–III (~3400–3000 BCE) | Archaic / Uruk]; ELLES102 [Early Dynastic (~2900–2340 BCE) | Ebla]; RSP276 [Early Dynastic (~2900–2340 BCE) | Presargonic Lagash]
U+1214D,SANGA₂,|IL₂.MA₂.IGI@g|,𒅍,Type_2,compound,|IL₂.MA₂.IGI@g|,1,𒅍𒈣𒅊,U+1214D; U+12223; U+1214A,LAK175 [Uruk IV–III (~3400–3000 BCE) | Archaic / Uruk]; ABZL205 [Old Babylonian (~2000–1600 BCE) | School texts]; ELLES102 [Early Dynastic (~2900–2340 BCE) | Ebla]; RSP276 [Early Dynastic (~2900–2340 BCE) | Presargonic Lagash]
U+12223,SANGA₂,|IL₂.MA₂.IGI@g|,𒈣,Type_2,compound,|IL₂.MA₂.IGI@g|,2,𒅍𒈣𒅊,U+1214D; U+12223; U+1214A,LAK175 [Uruk IV–III (~3400–3000 BCE) | Archaic / Uruk]; ABZL205 [Old Babylonian (~2000–1600 BCE) | School texts]; ELLES102 [Early Dynastic (~2900–2340 BCE) | Ebla]; RSP276 [Early Dynastic (~2900–2340 BCE) | Presargonic Lagash]
U+1214A,SANGA₂,|IL₂.MA₂.IGI@g|,𒅊,Type_2,compound,|IL₂.MA₂.IGI@g|,3,𒅍𒈣𒅊,U+1214D; U+12223; U+1214A,LAK175 [Uruk IV–III (~3400–3000 BCE) | Archaic / Uruk]; ABZL205 [Old Babylonian (~2000–1600 BCE) | School texts]; ELLES102 [Early Dynastic (~2900–2340 BCE) | Ebla]; RSP276 [Early Dynastic (~2900–2340 BCE) | Presargonic Lagash]
U+122AB,SANGA₂,|LAGAB×SANGA₂|,𒊫,Type_3,SANGA_v1,,,,,LAK175 [Uruk IV–III (~3400–3000 BCE) | Archaic / Uruk]; ABZL205 [Old Babylonian (~2000–1600 BCE) | School texts]; ELLES102 [Early Dynastic (~2900–2340 BCE) | Ebla]; RSP276 [Early Dynastic (~2900–2340 BCE) | Presargonic Lagash]
U+122AC,SAR,SAR@90,𒊬,Type_3,SAR_v1,,,,,LAK215 [Uruk IV–III (~3400–3000 BCE) | Archaic / Uruk]; ASY184 [Standard Babylonian (any period) | Akkadian syllabary]; ABZL385 [Old Babylonian (~2000–1600 BCE) | School texts]; ELLES125 [Early Dynastic (~2900–2340 BCE) | Ebla]; GCSL112 [Gudea period (~2100 BCE) | Lagash / Girsu]; HZL353 [Hittite period (~1650–1180 BCE) | Hittite]; KWU650 [Ur III (~2112–2004 BCE) | Administrative]; MZL541 [Standard Babylonian (any period) | Akkado-Babylonian]; PTACE077 [Early Dynastic (~2900–2340 BCE) | Ebla]; RSP446 [Early Dynastic (~2900–2340 BCE) | Presargonic Lagash]; SYA159 [Standard Babylonian (any period) | Akkadian syllabary]
U+12000,|SI.A|,|A.SI|,𒀀,Type_2,compound,|A.SI|,1,𒀀𒋛,U+12000; U+122DB,ELLES051 [Early Dynastic (~2900–2340 BCE) | Ebla]; PTACE031 [Early Dynastic (~2900–2340 BCE) | Ebla]; LAK084 [Uruk IV–III (~3400–3000 BCE) | Archaic / Uruk]; ASY089 [Standard Babylonian (any period) | Akkadian syllabary]; ABZL164 [Old Babylonian (~2000–1600 BCE) | School texts]; BAU032 [Early Dynastic (~2900–2340 BCE) | Lagash]; HZL089 [Hittite period (~1650–1180 BCE) | Hittite]; KWU095 [Ur III (~2112–2004 BCE) | Administrative]; MZL207 [Standard Babylonian (any period) | Akkado-Babylonian]; RSP292 [Early Dynastic (~2900–2340 BCE) | Presargonic Lagash]; SLLHA123 [Standard Babylonian (any period) | Akkado-Babylonian]; SYA078 [Standard Babylonian (any period) | Akkadian syllabary]
U+122DB,|SI.A|,|A.SI|,𒋛,Type_2,compound,|A.SI|,2,𒀀𒋛,U+12000; U+122DB,ELLES051 [Early Dynastic (~2900–2340 BCE) | Ebla]; PTACE031 [Early Dynastic (~2900–2340 BCE) | Ebla]; LAK084 [Uruk IV–III (~3400–3000 BCE) | Archaic / Uruk]; ASY089 [Standard Babylonian (any period) | Akkadian syllabary]; ABZL164 [Old Babylonian (~2000–1600 BCE) | School texts]; BAU032 [Early Dynastic (~2900–2340 BCE) | Lagash]; HZL089 [Hittite period (~1650–1180 BCE) | Hittite]; KWU095 [Ur III (~2112–2004 BCE) | Administrative]; MZL207 [Standard Babylonian (any period) | Akkado-Babylonian]; RSP292 [Early Dynastic (~2900–2340 BCE) | Presargonic Lagash]; SLLHA123 [Standard Babylonian (any period) | Akkado-Babylonian]; SYA078 [Standard Babylonian (any period) | Akkadian syllabary]
U+122DE,SIG₄,LUM,𒋞,Type_3,SIG_v1,,,,,LAK194 [Uruk IV–III (~3400–3000 BCE) | Archaic / Uruk]; ASY307 [Standard Babylonian (any period) | Akkadian syllabary]; BAU123 [Early Dynastic (~2900–2340 BCE) | Lagash]; ELLES114 [Early Dynastic (~2900–2340 BCE) | Ebla]; GCSL100 [Gudea period (~2100 BCE) | Lagash / Girsu]; PTACE213 [Early Dynastic (~2900–2340 BCE) | Ebla]; RSP138 [Early Dynastic (~2900–2340 BCE) | Presargonic Lagash]; LAK188 [Uruk IV–III (~3400–3000 BCE) | Archaic / Uruk]; ABZL243 [Old Babylonian (~2000–1600 BCE) | School texts]; BAU206 [Early Dynastic (~2900–2340 BCE) | Lagash]; ELLES111 [Early Dynastic (~2900–2340 BCE) | Ebla]; GCSL096 [Gudea period (~2100 BCE) | Lagash / Girsu]; HZL311 [Hittite period (~1650–1180 BCE) | Hittite]; KWU355 [Ur III (~2112–2004 BCE) | Administrative]; MZL906 [Standard Babylonian (any period) | Akkado-Babylonian]; PTACE214 [Early Dynastic (~2900–2340 BCE) | Ebla]; RSP114 [Early Dynastic (~2900–2340 BCE) | Presargonic Lagash]; SLLHA567 [Standard Babylonian (any period) | Akkado-Babylonian]
X,|SIG₄&SIG₄.ŠU₂|,|SIG₄%SIG₄.ŠU₂|,,Type_2,compound,|SIG₄%SIG₄.ŠU₂|,1,X𒋙,X; U+122D9,MZL907 [Standard Babylonian (any period) | Akkado-Babylonian]; SLLHA568 [Standard Babylonian (any period) | Akkado-Babylonian]
U+122D9,|SIG₄&SIG₄.ŠU₂|,|SIG₄%SIG₄.ŠU₂|,𒋙,Type_2,compound,|SIG₄%SIG₄.ŠU₂|,2,X𒋙,X; U+122D9,MZL907 [Standard Babylonian (any period) | Akkado-Babylonian]; SLLHA568 [Standard Babylonian (any period) | Akkado-Babylonian]
U+122E0,|SIK₂.SUD|,|SIK₂.BU|,𒋠,Type_2,compound,|SIK₂.BU|,1,𒋠𒁍,U+122E0; U+1204D,
U+1204D,|SIK₂.SUD|,|SIK₂.BU|,𒁍,Type_2,compound,|SIK₂.BU|,2,𒋠𒁍,U+122E0; U+1204D,
U+120EE,|SILA₃.ŠU.GABA|,|GABA.ŠU.SILA₃|,𒃮,Type_2,compound,|GABA.ŠU.SILA₃|,1,𒃮𒋗𒋡,U+120EE; U+122D7; U+122E1,
U+122D7,|SILA₃.ŠU.GABA|,|GABA.ŠU.SILA₃|,𒋗,Type_2,compound,|GABA.ŠU.SILA₃|,2,𒃮𒋗𒋡,U+120EE; U+122D7; U+122E1,
U+122E1,|SILA₃.ŠU.GABA|,|GABA.ŠU.SILA₃|,𒋡,Type_2,compound,|GABA.ŠU.SILA₃|,3,𒃮𒋗𒋡,U+120EE; U+122D7; U+122E1,
U+122E1,|SILA₃.ŠU.GABA|,|SILA₃.GABA|,𒋡,Type_2,compound,|SILA₃.GABA|,1,𒋡𒃮,U+122E1; U+120EE,
U+120EE,|SILA₃.ŠU.GABA|,|SILA₃.GABA|,𒃮,Type_2,compound,|SILA₃.GABA|,2,𒋡𒃮,U+122E1; U+120EE,
U+122E1,|SILA₃.ŠU.GABA|,|SILA₃.GABA.A|,𒋡,Type_2,compound,|SILA₃.GABA.A|,1,𒋡𒃮𒀀,U+122E1; U+120EE; U+12000,
U+120EE,|SILA₃.ŠU.GABA|,|SILA₃.GABA.A|,𒃮,Type_2,compound,|SILA₃.GABA.A|,2,𒋡𒃮𒀀,U+122E1; U+120EE; U+12000,
U+12000,|SILA₃.ŠU.GABA|,|SILA₃.GABA.A|,𒀀,Type_2,compound,|SILA₃.GABA.A|,3,𒋡𒃮𒀀,U+122E1; U+120EE; U+12000,
U+122E1,|SILA₃.ŠU.GABA|,|SILA₃.ŠU|,𒋡,Type_2,compound,|SILA₃.ŠU|,1,𒋡𒋗,U+122E1; U+122D7,
U+122D7,|SILA₃.ŠU.GABA|,|SILA₃.ŠU|,𒋗,Type_2,compound,|SILA₃.ŠU|,2,𒋡𒋗,U+122E1; U+122D7,
,|SILA₃.ŠU.GABA|,|SILA₃.ŠU.GABA|,𒋡𒋗𒃮,Type_3,SILASUGA_v1,,,,,
U+122E1,|SILA₃.ŠU.GABA|,|SILA₃.ŠU.GABA.A|,𒋡,Type_2,compound,|SILA₃.ŠU.GABA.A|,1,𒋡𒋗𒃮𒀀,U+122E1; U+122D7; U+120EE; U+12000,
U+122D7,|SILA₃.ŠU.GABA|,|SILA₃.ŠU.GABA.A|,𒋗,Type_2,compound,|SILA₃.ŠU.GABA.A|,2,𒋡𒋗𒃮𒀀,U+122E1; U+122D7; U+120EE; U+12000,
U+120EE,|SILA₃.ŠU.GABA|,|SILA₃.ŠU.GABA.A|,𒃮,Type_2,compound,|SILA₃.ŠU.GABA.A|,3,𒋡𒋗𒃮𒀀,U+122E1; U+122D7; U+120EE; U+12000,
U+12000,|SILA₃.ŠU.GABA|,|SILA₃.ŠU.GABA.A|,𒀀,Type_2,compound,|SILA₃.ŠU.GABA.A|,4,𒋡𒋗𒃮𒀀,U+122E1; U+122D7; U+120EE; U+12000,
U+122D7,|SILA₃.ŠU.GABA|,|ŠU.GABA.A|,𒋗,Type_2,compound,|ŠU.GABA.A|,1,𒋗𒃮𒀀,U+122D7; U+120EE; U+12000,
U+120EE,|SILA₃.ŠU.GABA|,|ŠU.GABA.A|,𒃮,Type_2,compound,|ŠU.GABA.A|,2,𒋗𒃮𒀀,U+122D7; U+120EE; U+12000,
U+12000,|SILA₃.ŠU.GABA|,|ŠU.GABA.A|,𒀀,Type_2,compound,|ŠU.GABA.A|,3,𒋗𒃮𒀀,U+122D7; U+120EE; U+12000,
U+122D7,|SILA₃.ŠU.GABA|,|ŠU.SILA₃.GABA|,𒋗,Type_2,compound,|ŠU.SILA₃.GABA|,1,𒋗𒋡𒃮,U+122D7; U+122E1; U+120EE,
U+122E1,|SILA₃.ŠU.GABA|,|ŠU.SILA₃.GABA|,𒋡,Type_2,compound,|ŠU.SILA₃.GABA|,2,𒋗𒋡𒃮,U+122D7; U+122E1; U+120EE,
U+120EE,|SILA₃.ŠU.GABA|,|ŠU.SILA₃.GABA|,𒃮,Type_2,compound,|ŠU.SILA₃.GABA|,3,𒋗𒋡𒃮,U+122D7; U+122E1; U+120EE,
U+122D7,|SILA₃.ŠU.GABA|,|ŠU.SILA₃.GABA.A|,𒋗,Type_2,compound,|ŠU.SILA₃.GABA.A|,1,𒋗𒋡𒃮𒀀,U+122D7; U+122E1; U+120EE; U+12000,
U+122E1,|SILA₃.ŠU.GABA|,|ŠU.SILA₃.GABA.A|,𒋡,Type_2,compound,|ŠU.SILA₃.GABA.A|,2,𒋗𒋡𒃮𒀀,U+122D7; U+122E1; U+120EE; U+12000,
U+120EE,|SILA₃.ŠU.GABA|,|ŠU.SILA₃.GABA.A|,𒃮,Type_2,compound,|ŠU.SILA₃.GABA.A|,3,𒋗𒋡𒃮𒀀,U+122D7; U+122E1; U+120EE; U+12000,
U+12000,|SILA₃.ŠU.GABA|,|ŠU.SILA₃.GABA.A|,𒀀,Type_2,compound,|ŠU.SILA₃.GABA.A|,4,𒋗𒋡𒃮𒀀,U+122D7; U+122E1; U+120EE; U+12000,
U+122FA,|SILA₃.ŠU.GABA|,|TAK₄.SILA₃.GABA|,𒋺,Type_2,compound,|TAK₄.SILA₃.GABA|,1,𒋺𒋡𒃮,U+122FA; U+122E1; U+120EE,
U+122E1,|SILA₃.ŠU.GABA|,|TAK₄.SILA₃.GABA|,𒋡,Type_2,compound,|TAK₄.SILA₃.GABA|,2,𒋺𒋡𒃮,U+122FA; U+122E1; U+120EE,
U+120EE,|SILA₃.ŠU.GABA|,|TAK₄.SILA₃.GABA|,𒃮,Type_2,compound,|TAK₄.SILA₃.GABA|,3,𒋺𒋡𒃮,U+122FA; U+122E1; U+120EE,
U+12000,|SU.A|,|A.ZU|,𒀀,Type_2,compound,|A.ZU|,1,𒀀𒍪,U+12000; U+1236A,
U+1236A,|SU.A|,|A.ZU|,𒍪,Type_2,compound,|A.ZU|,2,𒀀𒍪,U+12000; U+1236A,
U+122E2,|SU.KUR.RU|,|SU.LAM.KUR.RU|,𒋢,Type_2,compound,|SU.LAM.KUR.RU|,1,𒋢𒇴𒆳𒊒,U+122E2; U+121F4; U+121B3; U+12292,LAK294 [Uruk IV–III (~3400–3000 BCE) | Archaic / Uruk]; BAU122 [Early Dynastic (~2900–2340 BCE) | Lagash]
U+121F4,|SU.KUR.RU|,|SU.LAM.KUR.RU|,𒇴,Type_2,compound,|SU.LAM.KUR.RU|,2,𒋢𒇴𒆳𒊒,U+122E2; U+121F4; U+121B3; U+12292,LAK294 [Uruk IV–III (~3400–3000 BCE) | Archaic / Uruk]; BAU122 [Early Dynastic (~2900–2340 BCE) | Lagash]
U+121B3,|SU.KUR.RU|,|SU.LAM.KUR.RU|,𒆳,Type_2,compound,|SU.LAM.KUR.RU|,3,𒋢𒇴𒆳𒊒,U+122E2; U+121F4; U+121B3; U+12292,LAK294 [Uruk IV–III (~3400–3000 BCE) | Archaic / Uruk]; BAU122 [Early Dynastic (~2900–2340 BCE) | Lagash]
U+12292,|SU.KUR.RU|,|SU.LAM.KUR.RU|,𒊒,Type_2,compound,|SU.LAM.KUR.RU|,4,𒋢𒇴𒆳𒊒,U+122E2; U+121F4; U+121B3; U+12292,LAK294 [Uruk IV–III (~3400–3000 BCE) | Archaic / Uruk]; BAU122 [Early Dynastic (~2900–2340 BCE) | Lagash]
U+122E3,|SU&SU|,SU,𒋣,Type_3,SUSU_v1,,,,,LAK293 [Uruk IV–III (~3400–3000 BCE) | Archaic / Uruk]; ASY006 [Standard Babylonian (any period) | Akkadian syllabary]; GCSL137 [Gudea period (~2100 BCE) | Lagash / Girsu]; PTACE120 [Early Dynastic (~2900–2340 BCE) | Ebla]
U+122E4,SUD,BU,𒋤,Type_3,SUD_v1,,,,,LAK232 [Uruk IV–III (~3400–3000 BCE) | Archaic / Uruk]; ASY213 [Standard Babylonian (any period) | Akkadian syllabary]; BAU148 [Early Dynastic (~2900–2340 BCE) | Lagash]; ELLES131 [Early Dynastic (~2900–2340 BCE) | Ebla]; GCSL115 [Gudea period (~2100 BCE) | Lagash / Girsu]; PTACE123 [Early Dynastic (~2900–2340 BCE) | Ebla]; RSP335 [Early Dynastic (~2900–2340 BCE) | Presargonic Lagash]; LAK235^a [Uruk IV–III (~3400–3000 BCE) | Archaic / Uruk]; ASY215 [Standard Babylonian (any period) | Akkadian syllabary]; ABZL266 [Old Babylonian (~2000–1600 BCE) | School texts]; BAU149 [Early Dynastic (~2900–2340 BCE) | Lagash]; BAU151 [Early Dynastic (~2900–2340 BCE) | Lagash]; GCSL116 [Gudea period (~2100 BCE) | Lagash / Girsu]; HZL341 [Hittite period (~1650–1180 BCE) | Hittite]; KWU386 [Ur III (~2112–2004 BCE) | Administrative]; MZL584 [Standard Babylonian (any period) | Akkado-Babylonian]; RSP336 [Early Dynastic (~2900–2340 BCE) | Presargonic Lagash]; SLLHA373 [Standard Babylonian (any period) | Akkado-Babylonian]; SYA187 [Standard Babylonian (any period) | Akkadian syllabary]
U+122E4,SUD,BU@g,𒋤,Type_3,SUD_v1,,,,,LAK233 [Uruk IV–III (~3400–3000 BCE) | Archaic / Uruk]; ELLES132 [Early Dynastic (~2900–2340 BCE) | Ebla]; PTACE124 [Early Dynastic (~2900–2340 BCE) | Ebla]; LAK235^a [Uruk IV–III (~3400–3000 BCE) | Archaic / Uruk]; ASY215 [Standard Babylonian (any period) | Akkadian syllabary]; ABZL266 [Old Babylonian (~2000–1600 BCE) | School texts]; BAU149 [Early Dynastic (~2900–2340 BCE) | Lagash]; BAU151 [Early Dynastic (~2900–2340 BCE) | Lagash]; GCSL116 [Gudea period (~2100 BCE) | Lagash / Girsu]; HZL341 [Hittite period (~1650–1180 BCE) | Hittite]; KWU386 [Ur III (~2112–2004 BCE) | Administrative]; MZL584 [Standard Babylonian (any period) | Akkado-Babylonian]; RSP336 [Early Dynastic (~2900–2340 BCE) | Presargonic Lagash]; SLLHA373 [Standard Babylonian (any period) | Akkado-Babylonian]; SYA187 [Standard Babylonian (any period) | Akkadian syllabary]
U+122E4,SUD,LAK233@g,𒋤,Type_3,SUD_v1,,,,,LAK235^a [Uruk IV–III (~3400–3000 BCE) | Archaic / Uruk]; ASY215 [Standard Babylonian (any period) | Akkadian syllabary]; ABZL266 [Old Babylonian (~2000–1600 BCE) | School texts]; BAU149 [Early Dynastic (~2900–2340 BCE) | Lagash]; BAU151 [Early Dynastic (~2900–2340 BCE) | Lagash]; GCSL116 [Gudea period (~2100 BCE) | Lagash / Girsu]; HZL341 [Hittite period (~1650–1180 BCE) | Hittite]; KWU386 [Ur III (~2112–2004 BCE) | Administrative]; MZL584 [Standard Babylonian (any period) | Akkado-Babylonian]; RSP336 [Early Dynastic (~2900–2340 BCE) | Presargonic Lagash]; SLLHA373 [Standard Babylonian (any period) | Akkado-Babylonian]; SYA187 [Standard Babylonian (any period) | Akkadian syllabary]
U+122E7,SUM,|SUM×DIŠ|,𒋧,Type_3,SUM_v1,,,,,LAK198 [Uruk IV–III (~3400–3000 BCE) | Archaic / Uruk]; LAK197 [Uruk IV–III (~3400–3000 BCE) | Archaic / Uruk]; ASY115 [Standard Babylonian (any period) | Akkadian syllabary]; ABZL388 [Old Babylonian (~2000–1600 BCE) | School texts]; BAU125 [Early Dynastic (~2900–2340 BCE) | Lagash]; ELLES117 [Early Dynastic (~2900–2340 BCE) | Ebla]; GCSL101 [Gudea period (~2100 BCE) | Lagash / Girsu]; HZL350 [Hittite period (~1650–1180 BCE) | Hittite]; KWU591 [Ur III (~2112–2004 BCE) | Administrative]; MZL292 [Standard Babylonian (any period) | Akkado-Babylonian]; PTACE327 [Early Dynastic (~2900–2340 BCE) | Ebla]; RSP450 [Early Dynastic (~2900–2340 BCE) | Presargonic Lagash]; SLLHA164 [Standard Babylonian (any period) | Akkado-Babylonian]; SYA100 [Standard Babylonian (any period) | Akkadian syllabary]
U+1235A,SUR₉,|UZ₃.IGI@g|,𒍚,Type_2,compound,|UZ₃.IGI@g|,1,𒍚𒅊,U+1235A; U+1214A,ABZL055 [Old Babylonian (~2000–1600 BCE) | School texts]; MZL205 [Standard Babylonian (any period) | Akkado-Babylonian]; SLLHA122d [Standard Babylonian (any period) | Akkado-Babylonian]
U+1214A,SUR₉,|UZ₃.IGI@g|,𒅊,Type_2,compound,|UZ₃.IGI@g|,2,𒍚𒅊,U+1235A; U+1214A,ABZL055 [Old Babylonian (~2000–1600 BCE) | School texts]; MZL205 [Standard Babylonian (any period) | Akkado-Babylonian]; SLLHA122d [Standard Babylonian (any period) | Akkado-Babylonian]
U+1235A,SUR₉,|UZ₃.IGI@g.IGI@g|,𒍚,Type_2,compound,|UZ₃.IGI@g.IGI@g|,1,𒍚𒅊𒅊,U+1235A; U+1214A; U+1214A,ABZL055 [Old Babylonian (~2000–1600 BCE) | School texts]; MZL205 [Standard Babylonian (any period) | Akkado-Babylonian]; SLLHA122d [Standard Babylonian (any period) | Akkado-Babylonian]
U+1214A,SUR₉,|UZ₃.IGI@g.IGI@g|,𒅊,Type_2,compound,|UZ₃.IGI@g.IGI@g|,2,𒍚𒅊𒅊,U+1235A; U+1214A; U+1214A,ABZL055 [Old Babylonian (~2000–1600 BCE) | School texts]; MZL205 [Standard Babylonian (any period) | Akkado-Babylonian]; SLLHA122d [Standard Babylonian (any period) | Akkado-Babylonian]
U+1214A,SUR₉,|UZ₃.IGI@g.IGI@g|,𒅊,Type_2,compound,|UZ₃.IGI@g.IGI@g|,3,𒍚𒅊𒅊,U+1235A; U+1214A; U+1214A,ABZL055 [Old Babylonian (~2000–1600 BCE) | School texts]; MZL205 [Standard Babylonian (any period) | Akkado-Babylonian]; SLLHA122d [Standard Babylonian (any period) | Akkado-Babylonian]
U+12100,|ŠA₃.GI|,|GI.ŠA₃.GI|,𒄀,Type_2,compound,|GI.ŠA₃.GI|,1,𒄀𒊮𒄀,U+12100; U+122AE; U+12100,
U+122AE,|ŠA₃.GI|,|GI.ŠA₃.GI|,𒊮,Type_2,compound,|GI.ŠA₃.GI|,2,𒄀𒊮𒄀,U+12100; U+122AE; U+12100,
U+12100,|ŠA₃.GI|,|GI.ŠA₃.GI|,𒄀,Type_2,compound,|GI.ŠA₃.GI|,3,𒄀𒊮𒄀,U+12100; U+122AE; U+12100,
U+122AF,|ŠA₃×A|,|ŠA₃.A|,𒊯,Type_3,SAA_v1,,,,,ABZL436 [Old Babylonian (~2000–1600 BCE) | School texts]; MZL608 [Standard Babylonian (any period) | Akkado-Babylonian]; SLLHA390 [Standard Babylonian (any period) | Akkado-Babylonian]
U+122B6,|ŠA₃×A|,|ŠA₃×(U.A)|,𒊶,Type_1,SAA_v2,,,,,ABZL436 [Old Babylonian (~2000–1600 BCE) | School texts]; MZL608 [Standard Babylonian (any period) | Akkado-Babylonian]; SLLHA390 [Standard Babylonian (any period) | Akkado-Babylonian]
U+12248,|ŠA₃×NE|,|NE.NE|,𒉈,Type_2,compound,|NE.NE|,1,𒉈𒉈,U+12248; U+12248,ABZL434 [Old Babylonian (~2000–1600 BCE) | School texts]; MZL602 [Standard Babylonian (any period) | Akkado-Babylonian]; SLLHA385 [Standard Babylonian (any period) | Akkado-Babylonian]
U+12248,|ŠA₃×NE|,|NE.NE|,𒉈,Type_2,compound,|NE.NE|,2,𒉈𒉈,U+12248; U+12248,ABZL434 [Old Babylonian (~2000–1600 BCE) | School texts]; MZL602 [Standard Babylonian (any period) | Akkado-Babylonian]; SLLHA385 [Standard Babylonian (any period) | Akkado-Babylonian]
U+122AE,|ŠA₃×TUR|,|ŠA₃.TUR|,𒊮,Type_2,compound,|ŠA₃.TUR|,1,𒊮𒌉,U+122AE; U+12309,ABZL435 [Old Babylonian (~2000–1600 BCE) | School texts]; MZL601 [Standard Babylonian (any period) | Akkado-Babylonian]; SLLHA384a [Standard Babylonian (any period) | Akkado-Babylonian]
U+12309,|ŠA₃×TUR|,|ŠA₃.TUR|,𒌉,Type_2,compound,|ŠA₃.TUR|,2,𒊮𒌉,U+122AE; U+12309,ABZL435 [Old Babylonian (~2000–1600 BCE) | School texts]; MZL601 [Standard Babylonian (any period) | Akkado-Babylonian]; SLLHA384a [Standard Babylonian (any period) | Akkado-Babylonian]
U+122E0,ŠA₆,|SIK₂.E|,𒋠,Type_2,compound,|SIK₂.E|,1,𒋠𒂊,U+122E0; U+1208A,LAK177a [Uruk IV–III (~3400–3000 BCE) | Archaic / Uruk]; LAK196 [Uruk IV–III (~3400–3000 BCE) | Archaic / Uruk]; ASY208 [Standard Babylonian (any period) | Akkadian syllabary]; ABZL228 [Old Babylonian (~2000–1600 BCE) | School texts]; BAU124 [Early Dynastic (~2900–2340 BCE) | Lagash]; ELLES116 [Early Dynastic (~2900–2340 BCE) | Ebla]; GCSL069 [Gudea period (~2100 BCE) | Lagash / Girsu]; HZL070 [Hittite period (~1650–1180 BCE) | Hittite]; KWU925 [Ur III (~2112–2004 BCE) | Administrative]; MZL571 [Standard Babylonian (any period) | Akkado-Babylonian]; PTACE212 [Early Dynastic (~2900–2340 BCE) | Ebla]; RSP345 [Early Dynastic (~2900–2340 BCE) | Presargonic Lagash]; SLLHA356 [Standard Babylonian (any period) | Akkado-Babylonian]
U+1208A,ŠA₆,|SIK₂.E|,𒂊,Type_2,compound,|SIK₂.E|,2,𒋠𒂊,U+122E0; U+1208A,LAK177a [Uruk IV–III (~3400–3000 BCE) | Archaic / Uruk]; LAK196 [Uruk IV–III (~3400–3000 BCE) | Archaic / Uruk]; ASY208 [Standard Babylonian (any period) | Akkadian syllabary]; ABZL228 [Old Babylonian (~2000–1600 BCE) | School texts]; BAU124 [Early Dynastic (~2900–2340 BCE) | Lagash]; ELLES116 [Early Dynastic (~2900–2340 BCE) | Ebla]; GCSL069 [Gudea period (~2100 BCE) | Lagash / Girsu]; HZL070 [Hittite period (~1650–1180 BCE) | Hittite]; KWU925 [Ur III (~2112–2004 BCE) | Administrative]; MZL571 [Standard Babylonian (any period) | Akkado-Babylonian]; PTACE212 [Early Dynastic (~2900–2340 BCE) | Ebla]; RSP345 [Early Dynastic (~2900–2340 BCE) | Presargonic Lagash]; SLLHA356 [Standard Babylonian (any period) | Akkado-Babylonian]
U+12309,|ŠA₆.TUR|,|TUR.ŠA₆|,𒌉,Type_2,compound,|TUR.ŠA₆|,1,𒌉𒊷,U+12309; U+122B7,
U+122B7,|ŠA₆.TUR|,|TUR.ŠA₆|,𒊷,Type_2,compound,|TUR.ŠA₆|,2,𒌉𒊷,U+12309; U+122B7,
U+1245B,ŠANABI,ŠANABI@t,𒑛,Type_3,SANABI_v1,,,,,ABZL441 [Old Babylonian (~2000–1600 BCE) | School texts]; MZL832 [Standard Babylonian (any period) | Akkado-Babylonian]; SLLHA572 [Standard Babylonian (any period) | Akkado-Babylonian]
U+1245B,ŠANABI,ŠANABI@v,𒑛,Type_3,SANABI_v1,,,,,ABZL441 [Old Babylonian (~2000–1600 BCE) | School texts]; MZL832 [Standard Babylonian (any period) | Akkado-Babylonian]; SLLHA572 [Standard Babylonian (any period) | Akkado-Babylonian]
U+12579 [unverified],ŠAR₂,ŠAR₂@c,𒕹,Type_1,SAR_v1,,,,,LAK825^a [Uruk IV–III (~3400–3000 BCE) | Archaic / Uruk]; LAK844^a [Uruk IV–III (~3400–3000 BCE) | Archaic / Uruk]; RSP030 [Early Dynastic (~2900–2340 BCE) | Presargonic Lagash]; LAK809 [Uruk IV–III (~3400–3000 BCE) | Archaic / Uruk]; LAK825^b [Uruk IV–III (~3400–3000 BCE) | Archaic / Uruk]; LAK844^b [Uruk IV–III (~3400–3000 BCE) | Archaic / Uruk]; ASY230 [Standard Babylonian (any period) | Akkadian syllabary]; ABZL277 [Old Babylonian (~2000–1600 BCE) | School texts]; ELLES397 [Early Dynastic (~2900–2340 BCE) | Ebla]; HZL335 [Hittite period (~1650–1180 BCE) | Hittite]; MZL632 [Standard Babylonian (any period) | Akkado-Babylonian]; SLLHA396 [Standard Babylonian (any period) | Akkado-Babylonian]; SYA202 [Standard Babylonian (any period) | Akkadian syllabary]
U+120A0,|ŠE.BU.NUN.EŠ₂|,|EŠ₂.NUN.BU|,𒂠,Type_2,compound,|EŠ₂.NUN.BU|,1,𒂠𒉣𒁍,U+120A0; U+12263; U+1204D,
U+12263,|ŠE.BU.NUN.EŠ₂|,|EŠ₂.NUN.BU|,𒉣,Type_2,compound,|EŠ₂.NUN.BU|,2,𒂠𒉣𒁍,U+120A0; U+12263; U+1204D,
U+1204D,|ŠE.BU.NUN.EŠ₂|,|EŠ₂.NUN.BU|,𒁍,Type_2,compound,|EŠ₂.NUN.BU|,3,𒂠𒉣𒁍,U+120A0; U+12263; U+1204D,
U+120A0,|ŠE.BU.NUN.EŠ₂|,|EŠ₂.NUN.BU.ŠE|,𒂠,Type_2,compound,|EŠ₂.NUN.BU.ŠE|,1,𒂠𒉣𒁍𒊺,U+120A0; U+12263; U+1204D; U+122BA,
U+12263,|ŠE.BU.NUN.EŠ₂|,|EŠ₂.NUN.BU.ŠE|,𒉣,Type_2,compound,|EŠ₂.NUN.BU.ŠE|,2,𒂠𒉣𒁍𒊺,U+120A0; U+12263; U+1204D; U+122BA,
U+1204D,|ŠE.BU.NUN.EŠ₂|,|EŠ₂.NUN.BU.ŠE|,𒁍,Type_2,compound,|EŠ₂.NUN.BU.ŠE|,3,𒂠𒉣𒁍𒊺,U+120A0; U+12263; U+1204D; U+122BA,
U+122BA,|ŠE.BU.NUN.EŠ₂|,|EŠ₂.NUN.BU.ŠE|,𒊺,Type_2,compound,|EŠ₂.NUN.BU.ŠE|,4,𒂠𒉣𒁍𒊺,U+120A0; U+12263; U+1204D; U+122BA,
U+12263,|ŠE.BU.NUN.EŠ₂|,|NUN.EŠ₂.AB.BU|,𒉣,Type_2,compound,|NUN.EŠ₂.AB.BU|,1,𒉣𒂠𒀊𒁍,U+12263; U+120A0; U+1200A; U+1204D,
U+120A0,|ŠE.BU.NUN.EŠ₂|,|NUN.EŠ₂.AB.BU|,𒂠,Type_2,compound,|NUN.EŠ₂.AB.BU|,2,𒉣𒂠𒀊𒁍,U+12263; U+120A0; U+1200A; U+1204D,
U+1200A,|ŠE.BU.NUN.EŠ₂|,|NUN.EŠ₂.AB.BU|,𒀊,Type_2,compound,|NUN.EŠ₂.AB.BU|,3,𒉣𒂠𒀊𒁍,U+12263; U+120A0; U+1200A; U+1204D,
U+1204D,|ŠE.BU.NUN.EŠ₂|,|NUN.EŠ₂.AB.BU|,𒁍,Type_2,compound,|NUN.EŠ₂.AB.BU|,4,𒉣𒂠𒀊𒁍,U+12263; U+120A0; U+1200A; U+1204D,
U+12263,|ŠE.BU.NUN.EŠ₂|,|NUN.EŠ₂.ŠE.BU|,𒉣,Type_2,compound,|NUN.EŠ₂.ŠE.BU|,1,𒉣𒂠𒊺𒁍,U+12263; U+120A0; U+122BA; U+1204D,
U+120A0,|ŠE.BU.NUN.EŠ₂|,|NUN.EŠ₂.ŠE.BU|,𒂠,Type_2,compound,|NUN.EŠ₂.ŠE.BU|,2,𒉣𒂠𒊺𒁍,U+12263; U+120A0; U+122BA; U+1204D,
U+122BA,|ŠE.BU.NUN.EŠ₂|,|NUN.EŠ₂.ŠE.BU|,𒊺,Type_2,compound,|NUN.EŠ₂.ŠE.BU|,3,𒉣𒂠𒊺𒁍,U+12263; U+120A0; U+122BA; U+1204D,
U+1204D,|ŠE.BU.NUN.EŠ₂|,|NUN.EŠ₂.ŠE.BU|,𒁍,Type_2,compound,|NUN.EŠ₂.ŠE.BU|,4,𒉣𒂠𒊺𒁍,U+12263; U+120A0; U+122BA; U+1204D,
U+122E4,|ŠE.BU.NUN.EŠ₂|,|SUD.ŠE.NUN.EŠ₂|,𒋤,Type_2,compound,|SUD.ŠE.NUN.EŠ₂|,1,𒋤𒊺𒉣𒂠,U+122E4; U+122BA; U+12263; U+120A0,
U+122BA,|ŠE.BU.NUN.EŠ₂|,|SUD.ŠE.NUN.EŠ₂|,𒊺,Type_2,compound,|SUD.ŠE.NUN.EŠ₂|,2,𒋤𒊺𒉣𒂠,U+122E4; U+122BA; U+12263; U+120A0,
U+12263,|ŠE.BU.NUN.EŠ₂|,|SUD.ŠE.NUN.EŠ₂|,𒉣,Type_2,compound,|SUD.ŠE.NUN.EŠ₂|,3,𒋤𒊺𒉣𒂠,U+122E4; U+122BA; U+12263; U+120A0,
U+120A0,|ŠE.BU.NUN.EŠ₂|,|SUD.ŠE.NUN.EŠ₂|,𒂠,Type_2,compound,|SUD.ŠE.NUN.EŠ₂|,4,𒋤𒊺𒉣𒂠,U+122E4; U+122BA; U+12263; U+120A0,
U+122BA,|ŠE.BU.NUN.EŠ₂|,|ŠE.EŠ₂.BU|,𒊺,Type_2,compound,|ŠE.EŠ₂.BU|,1,𒊺𒂠𒁍,U+122BA; U+120A0; U+1204D,
U+120A0,|ŠE.BU.NUN.EŠ₂|,|ŠE.EŠ₂.BU|,𒂠,Type_2,compound,|ŠE.EŠ₂.BU|,2,𒊺𒂠𒁍,U+122BA; U+120A0; U+1204D,
U+1204D,|ŠE.BU.NUN.EŠ₂|,|ŠE.EŠ₂.BU|,𒁍,Type_2,compound,|ŠE.EŠ₂.BU|,3,𒊺𒂠𒁍,U+122BA; U+120A0; U+1204D,
U+122BA,|ŠE.NAGA|,|ŠE.NAGA×A|,𒊺,Type_2,compound,|ŠE.NAGA×A|,1,𒊺X,U+122BA; X,ABZL383 [Old Babylonian (~2000–1600 BCE) | School texts]; GCSL106 [Gudea period (~2100 BCE) | Lagash / Girsu]; KWU642 [Ur III (~2112–2004 BCE) | Administrative]
X,|ŠE.NAGA|,|ŠE.NAGA×A|,,Type_2,compound,|ŠE.NAGA×A|,2,𒊺X,U+122BA; X,ABZL383 [Old Babylonian (~2000–1600 BCE) | School texts]; GCSL106 [Gudea period (~2100 BCE) | Lagash / Girsu]; KWU642 [Ur III (~2112–2004 BCE) | Administrative]
U+12534,|ŠE.NAM₂|,|ŠE@v+NAM₂|,𒔴,Type_1,SENAM_v1,,,,,
U+12303,|(ŠE.NUN&NUN)&(ŠE.NUN&NUN)|,|(ŠE.NUN&NUN)&(ŠE.NUN&NUN).U₂|,𒌃,Type_3,SENUNNUN_v1,,,,,SLLHA375_45 [Standard Babylonian (any period) | Akkado-Babylonian]
U+12303,|(ŠE.NUN&NUN)&(ŠE.NUN&NUN)|,|(ŠE.NUN)&(ŠE.NUN)|,𒌃,Type_3,SENUNNUN_v1,,,,,SLLHA375_45 [Standard Babylonian (any period) | Akkado-Babylonian]
U+12303,|(ŠE.NUN&NUN)&(ŠE.NUN&NUN)|,|((ŠE.NUN)&(ŠE.NUN))×U₂|,𒌃,Type_3,SENUNNUN_v1,,,,,SLLHA375_45 [Standard Babylonian (any period) | Akkado-Babylonian]
U+12311,|(ŠE.NUN&NUN)&(ŠE.NUN&NUN)|,|U₂.(ŠE.NUN&NUN)&(ŠE.NUN&NUN)|,𒌑,Type_2,compound,|U₂.(ŠE.NUN&NUN)&(ŠE.NUN&NUN)|,1,𒌑𒌃,U+12311; U+12303,SLLHA375_45 [Standard Babylonian (any period) | Akkado-Babylonian]
U+12303,|(ŠE.NUN&NUN)&(ŠE.NUN&NUN)|,|U₂.(ŠE.NUN&NUN)&(ŠE.NUN&NUN)|,𒌃,Type_2,compound,|U₂.(ŠE.NUN&NUN)&(ŠE.NUN&NUN)|,2,𒌑𒌃,U+12311; U+12303,SLLHA375_45 [Standard Babylonian (any period) | Akkado-Babylonian]
U+12311,|(ŠE.NUN&NUN)&(ŠE.NUN&NUN)|,|U₂.(ŠE.NUN&NUN)%(ŠE.NUN&NUN)|,𒌑,Type_2,compound,|U₂.(ŠE.NUN&NUN)%(ŠE.NUN&NUN)|,1,𒌑X,U+12311; X,SLLHA375_45 [Standard Babylonian (any period) | Akkado-Babylonian]
X,|(ŠE.NUN&NUN)&(ŠE.NUN&NUN)|,|U₂.(ŠE.NUN&NUN)%(ŠE.NUN&NUN)|,,Type_2,compound,|U₂.(ŠE.NUN&NUN)%(ŠE.NUN&NUN)|,2,𒌑X,U+12311; X,SLLHA375_45 [Standard Babylonian (any period) | Akkado-Babylonian]
U+12303,|(ŠE.NUN&NUN)&(ŠE.NUN&NUN).GAD&GAD.GAR&GAR|,|(ŠE.NUN&NUN)&(ŠE.NUN&NUN).GAD&GAD|,𒌃,Type_2,compound,|(ŠE.NUN&NUN)&(ŠE.NUN&NUN).GAD&GAD|,1,𒌃X,U+12303; X,MZL588 [Standard Babylonian (any period) | Akkado-Babylonian]; SLLHA375_46 [Standard Babylonian (any period) | Akkado-Babylonian]
X,|(ŠE.NUN&NUN)&(ŠE.NUN&NUN).GAD&GAD.GAR&GAR|,|(ŠE.NUN&NUN)&(ŠE.NUN&NUN).GAD&GAD|,,Type_2,compound,|(ŠE.NUN&NUN)&(ŠE.NUN&NUN).GAD&GAD|,2,𒌃X,U+12303; X,MZL588 [Standard Babylonian (any period) | Akkado-Babylonian]; SLLHA375_46 [Standard Babylonian (any period) | Akkado-Babylonian]
U+12303,|(ŠE.NUN&NUN)&(ŠE.NUN&NUN).GAD&GAD.GAR&GAR|,|(ŠE.NUN&NUN)&(ŠE.NUN&NUN).GAR|,𒌃,Type_2,compound,|(ŠE.NUN&NUN)&(ŠE.NUN&NUN).GAR|,1,𒌃𒃻,U+12303; U+120FB,MZL588 [Standard Babylonian (any period) | Akkado-Babylonian]; SLLHA375_46 [Standard Babylonian (any period) | Akkado-Babylonian]
U+120FB,|(ŠE.NUN&NUN)&(ŠE.NUN&NUN).GAD&GAD.GAR&GAR|,|(ŠE.NUN&NUN)&(ŠE.NUN&NUN).GAR|,𒃻,Type_2,compound,|(ŠE.NUN&NUN)&(ŠE.NUN&NUN).GAR|,2,𒌃𒃻,U+12303; U+120FB,MZL588 [Standard Babylonian (any period) | Akkado-Babylonian]; SLLHA375_46 [Standard Babylonian (any period) | Akkado-Babylonian]
U+12304,|(ŠE.NUN&NUN)&(ŠE.NUN&NUN).GAD&GAD.GAR&GAR|,|U&U.BUR&BUR|,𒌄,Type_3,SENUNNUN_v1,,,,,LAK420 [Uruk IV–III (~3400–3000 BCE) | Archaic / Uruk]; RSP380bis [Early Dynastic (~2900–2340 BCE) | Presargonic Lagash]; MZL588 [Standard Babylonian (any period) | Akkado-Babylonian]; SLLHA375_46 [Standard Babylonian (any period) | Akkado-Babylonian]
,|(ŠE.NUN&NUN)&(ŠE.NUN&NUN).LAGAB.LAGAB|,|(ŠE.NUN&NUN.LAGAB)&(ŠE.NUN&NUN.LAGAB)|,𒌃𒆸𒆸,Type_3,SENUNNUN_v1,,,,,
U+12303,|(ŠE.NUN&NUN)&(ŠE.NUN&NUN).LAGAB.LAGAB|,|(ŠE.NUN&NUN)&(ŠE.NUN&NUN).LAGAB|,𒌃,Type_2,compound,|(ŠE.NUN&NUN)&(ŠE.NUN&NUN).LAGAB|,1,𒌃𒆸,U+12303; U+121B8,
U+121B8,|(ŠE.NUN&NUN)&(ŠE.NUN&NUN).LAGAB.LAGAB|,|(ŠE.NUN&NUN)&(ŠE.NUN&NUN).LAGAB|,𒆸,Type_2,compound,|(ŠE.NUN&NUN)&(ŠE.NUN&NUN).LAGAB|,2,𒌃𒆸,U+12303; U+121B8,
U+1212D,|ŠE+SAR.HI.ZU&ZU|,|HI.ŠE+SAR.ZU&ZU|,𒄭,Type_2,compound,|HI.ŠE+SAR.ZU&ZU|,1,𒄭𒊺𒊬X,U+1212D; U+122BA; U+122AC; X,
U+122BA,|ŠE+SAR.HI.ZU&ZU|,|HI.ŠE+SAR.ZU&ZU|,𒊺,Type_2,compound,|HI.ŠE+SAR.ZU&ZU|,2,𒄭𒊺𒊬X,U+1212D; U+122BA; U+122AC; X,
U+122AC,|ŠE+SAR.HI.ZU&ZU|,|HI.ŠE+SAR.ZU&ZU|,𒊬,Type_2,compound,|HI.ŠE+SAR.ZU&ZU|,3,𒄭𒊺𒊬X,U+1212D; U+122BA; U+122AC; X,
X,|ŠE+SAR.HI.ZU&ZU|,|HI.ŠE+SAR.ZU&ZU|,,Type_2,compound,|HI.ŠE+SAR.ZU&ZU|,4,𒄭𒊺𒊬X,U+1212D; U+122BA; U+122AC; X,
U+122BE,ŠEG₉,LAK263,𒊾,Type_3,SEG_v1,,,,,LAK263 [Uruk IV–III (~3400–3000 BCE) | Archaic / Uruk]; ELLES149 [Early Dynastic (~2900–2340 BCE) | Ebla]; LAK187 [Uruk IV–III (~3400–3000 BCE) | Archaic / Uruk]; ABZL429 [Old Babylonian (~2000–1600 BCE) | School texts]; GCSL310 [Gudea period (~2100 BCE) | Lagash / Girsu]; MZL878 [Standard Babylonian (any period) | Akkado-Babylonian]; RSP462 [Early Dynastic (~2900–2340 BCE) | Presargonic Lagash]; SLLHA551v [Standard Babylonian (any period) | Akkado-Babylonian]
U+122BF,ŠEN,|SU×A|,𒊿,Type_3,SEN_v1,,,,,LAK713 [Uruk IV–III (~3400–3000 BCE) | Archaic / Uruk]; ASY007 [Standard Babylonian (any period) | Akkadian syllabary]; ABZL306 [Old Babylonian (~2000–1600 BCE) | School texts]; BAU360 [Early Dynastic (~2900–2340 BCE) | Lagash]; ELLES352 [Early Dynastic (~2900–2340 BCE) | Ebla]; HZL230 [Hittite period (~1650–1180 BCE) | Hittite]; KWU894 [Ur III (~2112–2004 BCE) | Administrative]; MZL017 [Standard Babylonian (any period) | Akkado-Babylonian]; RSP299 [Early Dynastic (~2900–2340 BCE) | Presargonic Lagash]; SLLHA008 [Standard Babylonian (any period) | Akkado-Babylonian]; SYA007 [Standard Babylonian (any period) | Akkadian syllabary]
U+1200A,|ŠEŠ.AB|,|AB.ŠEŠ|,𒀊,Type_2,compound,|AB.ŠEŠ|,1,𒀊𒋀,U+1200A; U+122C0,
U+122C0,|ŠEŠ.AB|,|AB.ŠEŠ|,𒋀,Type_2,compound,|AB.ŠEŠ|,2,𒀊𒋀,U+1200A; U+122C0,
U+122C0,|ŠEŠ.KI|,|ŠEŠ.NA|,𒋀,Type_2,compound,|ŠEŠ.NA|,1,𒋀𒈾,U+122C0; U+1223E,BAU012 [Early Dynastic (~2900–2340 BCE) | Lagash]; LAK033 [Uruk IV–III (~3400–3000 BCE) | Archaic / Uruk]; ASY183 [Standard Babylonian (any period) | Akkadian syllabary]; ABZL022 [Old Babylonian (~2000–1600 BCE) | School texts]; GCSL008 [Gudea period (~2100 BCE) | Lagash / Girsu]; KWU033 [Ur III (~2112–2004 BCE) | Administrative]; RSP092 [Early Dynastic (~2900–2340 BCE) | Presargonic Lagash]
U+1223E,|ŠEŠ.KI|,|ŠEŠ.NA|,𒈾,Type_2,compound,|ŠEŠ.NA|,2,𒋀𒈾,U+122C0; U+1223E,BAU012 [Early Dynastic (~2900–2340 BCE) | Lagash]; LAK033 [Uruk IV–III (~3400–3000 BCE) | Archaic / Uruk]; ASY183 [Standard Babylonian (any period) | Akkadian syllabary]; ABZL022 [Old Babylonian (~2000–1600 BCE) | School texts]; GCSL008 [Gudea period (~2100 BCE) | Lagash / Girsu]; KWU033 [Ur III (~2112–2004 BCE) | Administrative]; RSP092 [Early Dynastic (~2900–2340 BCE) | Presargonic Lagash]
U+122C1,ŠEŠ₂,|SIK₂.LAM|,𒋁,Type_3,SES_v1,,,,,LAK668 [Uruk IV–III (~3400–3000 BCE) | Archaic / Uruk]; ELLES326 [Early Dynastic (~2900–2340 BCE) | Ebla]; HZL063 [Hittite period (~1650–1180 BCE) | Hittite]; MZL821 [Standard Babylonian (any period) | Akkado-Babylonian]; SLLHA544 [Standard Babylonian (any period) | Akkado-Babylonian]
U+1250C,ŠID,LAK636,𒔌,Type_1,SID_v1,,,,,LAK636 [Uruk IV–III (~3400–3000 BCE) | Archaic / Uruk]; LAK711 [Uruk IV–III (~3400–3000 BCE) | Archaic / Uruk]; ASY167 [Standard Babylonian (any period) | Akkadian syllabary]; ABZL212 [Old Babylonian (~2000–1600 BCE) | School texts]; BAU371 [Early Dynastic (~2900–2340 BCE) | Lagash]; ELLES351 [Early Dynastic (~2900–2340 BCE) | Ebla]; HZL231 [Hittite period (~1650–1180 BCE) | Hittite]; KWU766 [Ur III (~2112–2004 BCE) | Administrative]; MZL485 [Standard Babylonian (any period) | Akkado-Babylonian]; PTACE268 [Early Dynastic (~2900–2340 BCE) | Ebla]; RSP296 [Early Dynastic (~2900–2340 BCE) | Presargonic Lagash]; SLLHA314 [Standard Babylonian (any period) | Akkado-Babylonian]; SYA145 [Standard Babylonian (any period) | Akkadian syllabary]
U+122C6,ŠIM,ŠIM@g,𒋆,Type_3,SIM_v1,,,,,LAK660 [Uruk IV–III (~3400–3000 BCE) | Archaic / Uruk]; GCSL280 [Gudea period (~2100 BCE) | Lagash / Girsu]; LAK655 [Uruk IV–III (~3400–3000 BCE) | Archaic / Uruk]; ASY141 [Standard Babylonian (any period) | Akkadian syllabary]; ABZL083 [Old Babylonian (~2000–1600 BCE) | School texts]; BAU353 [Early Dynastic (~2900–2340 BCE) | Lagash]; ELLES319 [Early Dynastic (~2900–2340 BCE) | Ebla]; HZL154 [Hittite period (~1650–1180 BCE) | Hittite]; KWU752 [Ur III (~2112–2004 BCE) | Administrative]; MZL362 [Standard Babylonian (any period) | Akkado-Babylonian]; PTACE254 [Early Dynastic (~2900–2340 BCE) | Ebla]; RSP422 [Early Dynastic (~2900–2340 BCE) | Presargonic Lagash]; SLLHA215 [Standard Babylonian (any period) | Akkado-Babylonian]; SYA123 [Standard Babylonian (any period) | Akkadian syllabary]
U+122C6,|ŠIM×BULUG|,|ŠIM.BULUG|,𒋆,Type_2,compound,|ŠIM.BULUG|,1,𒋆𒁑,U+122C6; U+12051,MZL367 [Standard Babylonian (any period) | Akkado-Babylonian]; SLLHA218 [Standard Babylonian (any period) | Akkado-Babylonian]
U+12051,|ŠIM×BULUG|,|ŠIM.BULUG|,𒁑,Type_2,compound,|ŠIM.BULUG|,2,𒋆𒁑,U+122C6; U+12051,MZL367 [Standard Babylonian (any period) | Akkado-Babylonian]; SLLHA218 [Standard Babylonian (any period) | Akkado-Babylonian]
U+122C6,|ŠIM×GAR|,|ŠIM.GAR|,𒋆,Type_2,compound,|ŠIM.GAR|,1,𒋆𒃻,U+122C6; U+120FB,LAK659 [Uruk IV–III (~3400–3000 BCE) | Archaic / Uruk]; ABZL085 [Old Babylonian (~2000–1600 BCE) | School texts]; BAU354 [Early Dynastic (~2900–2340 BCE) | Lagash]; BAU355 [Early Dynastic (~2900–2340 BCE) | Lagash]; ELLES320 [Early Dynastic (~2900–2340 BCE) | Ebla]; HZL163 [Hittite period (~1650–1180 BCE) | Hittite]; KWU758 [Ur III (~2112–2004 BCE) | Administrative]; MZL373 [Standard Babylonian (any period) | Akkado-Babylonian]; PTACE255 [Early Dynastic (~2900–2340 BCE) | Ebla]; SLLHA225 [Standard Babylonian (any period) | Akkado-Babylonian]
U+120FB,|ŠIM×GAR|,|ŠIM.GAR|,𒃻,Type_2,compound,|ŠIM.GAR|,2,𒋆𒃻,U+122C6; U+120FB,LAK659 [Uruk IV–III (~3400–3000 BCE) | Archaic / Uruk]; ABZL085 [Old Babylonian (~2000–1600 BCE) | School texts]; BAU354 [Early Dynastic (~2900–2340 BCE) | Lagash]; BAU355 [Early Dynastic (~2900–2340 BCE) | Lagash]; ELLES320 [Early Dynastic (~2900–2340 BCE) | Ebla]; HZL163 [Hittite period (~1650–1180 BCE) | Hittite]; KWU758 [Ur III (~2112–2004 BCE) | Administrative]; MZL373 [Standard Babylonian (any period) | Akkado-Babylonian]; PTACE255 [Early Dynastic (~2900–2340 BCE) | Ebla]; SLLHA225 [Standard Babylonian (any period) | Akkado-Babylonian]
U+12499,|ŠIM×IGI@g|,|DUG×IGI@g|,𒒙,Type_1,SIMIGIG_v2,,,,,LAK586 [Uruk IV–III (~3400–3000 BCE) | Archaic / Uruk]; ELLES292 [Early Dynastic (~2900–2340 BCE) | Ebla]; LAK656 [Uruk IV–III (~3400–3000 BCE) | Archaic / Uruk]; MZL368 [Standard Babylonian (any period) | Akkado-Babylonian]; RSP423 [Early Dynastic (~2900–2340 BCE) | Presargonic Lagash]; SLLHA219x [Standard Babylonian (any period) | Akkado-Babylonian]
U+122CD,|ŠIM×IGI@g|,|GU₂×IGI|,𒋍,Type_3,SIMIGIG_v1,,,,,LAK656 [Uruk IV–III (~3400–3000 BCE) | Archaic / Uruk]; MZL368 [Standard Babylonian (any period) | Akkado-Babylonian]; RSP423 [Early Dynastic (~2900–2340 BCE) | Presargonic Lagash]; SLLHA219x [Standard Babylonian (any period) | Akkado-Babylonian]
U+122CD,|ŠIM×IGI@g|,|GU₂×IGI@g|,𒋍,Type_3,SIMIGIG_v1,,,,,LAK547 [Uruk IV–III (~3400–3000 BCE) | Archaic / Uruk]; LAK656 [Uruk IV–III (~3400–3000 BCE) | Archaic / Uruk]; MZL368 [Standard Babylonian (any period) | Akkado-Babylonian]; RSP423 [Early Dynastic (~2900–2340 BCE) | Presargonic Lagash]; SLLHA219x [Standard Babylonian (any period) | Akkado-Babylonian]
U+122CD,|ŠIM×IGI@g|,ŠIM,𒋍,Type_3,SIMIGIG_v1,,,,,LAK655 [Uruk IV–III (~3400–3000 BCE) | Archaic / Uruk]; ASY141 [Standard Babylonian (any period) | Akkadian syllabary]; BAU353 [Early Dynastic (~2900–2340 BCE) | Lagash]; ELLES319 [Early Dynastic (~2900–2340 BCE) | Ebla]; PTACE254 [Early Dynastic (~2900–2340 BCE) | Ebla]; RSP422 [Early Dynastic (~2900–2340 BCE) | Presargonic Lagash]; LAK656 [Uruk IV–III (~3400–3000 BCE) | Archaic / Uruk]; MZL368 [Standard Babylonian (any period) | Akkado-Babylonian]; RSP423 [Early Dynastic (~2900–2340 BCE) | Presargonic Lagash]; SLLHA219x [Standard Babylonian (any period) | Akkado-Babylonian]
U+122CD,|ŠIM×IGI@g|,|TA×IGI@g|,𒋍,Type_3,SIMIGIG_v1,,,,,LAK656 [Uruk IV–III (~3400–3000 BCE) | Archaic / Uruk]; MZL368 [Standard Babylonian (any period) | Akkado-Babylonian]; RSP423 [Early Dynastic (~2900–2340 BCE) | Presargonic Lagash]; SLLHA219x [Standard Babylonian (any period) | Akkado-Babylonian]
U+122C6,|ŠIM×MUG|,|ŠIM.MUG|,𒋆,Type_2,compound,|ŠIM.MUG|,1,𒋆𒈮,U+122C6; U+1222E,MZL365 [Standard Babylonian (any period) | Akkado-Babylonian]; SLLHA216 [Standard Babylonian (any period) | Akkado-Babylonian]
U+1222E,|ŠIM×MUG|,|ŠIM.MUG|,𒈮,Type_2,compound,|ŠIM.MUG|,2,𒋆𒈮,U+122C6; U+1222E,MZL365 [Standard Babylonian (any period) | Akkado-Babylonian]; SLLHA216 [Standard Babylonian (any period) | Akkado-Babylonian]
U+122C6,|ŠIM×SAL|,|ŠIM.SAL|,𒋆,Type_2,compound,|ŠIM.SAL|,1,𒋆𒊩,U+122C6; U+122A9,MZL374 [Standard Babylonian (any period) | Akkado-Babylonian]; SLLHA222 [Standard Babylonian (any period) | Akkado-Babylonian]
U+122A9,|ŠIM×SAL|,|ŠIM.SAL|,𒊩,Type_2,compound,|ŠIM.SAL|,2,𒋆𒊩,U+122C6; U+122A9,MZL374 [Standard Babylonian (any period) | Akkado-Babylonian]; SLLHA222 [Standard Babylonian (any period) | Akkado-Babylonian]
U+120F0,ŠINIG,|GAD.NAGA|,𒃰,Type_2,compound,|GAD.NAGA|,1,𒃰𒉀,U+120F0; U+12240,ABZL302 [Old Babylonian (~2000–1600 BCE) | School texts]; GCSL129 [Gudea period (~2100 BCE) | Lagash / Girsu]; HZL085 [Hittite period (~1650–1180 BCE) | Hittite]; KWU405 [Ur III (~2112–2004 BCE) | Administrative]; MZL162 [Standard Babylonian (any period) | Akkado-Babylonian]; RSP449 [Early Dynastic (~2900–2340 BCE) | Presargonic Lagash]; SLLHA093 [Standard Babylonian (any period) | Akkado-Babylonian]
U+12240,ŠINIG,|GAD.NAGA|,𒉀,Type_2,compound,|GAD.NAGA|,2,𒃰𒉀,U+120F0; U+12240,ABZL302 [Old Babylonian (~2000–1600 BCE) | School texts]; GCSL129 [Gudea period (~2100 BCE) | Lagash / Girsu]; HZL085 [Hittite period (~1650–1180 BCE) | Hittite]; KWU405 [Ur III (~2112–2004 BCE) | Administrative]; MZL162 [Standard Babylonian (any period) | Akkado-Babylonian]; RSP449 [Early Dynastic (~2900–2340 BCE) | Presargonic Lagash]; SLLHA093 [Standard Babylonian (any period) | Akkado-Babylonian]
U+122D6,ŠITA,ŠITA~a,𒋖,Type_3,SITA_v1,,,,,LAK503 [Uruk IV–III (~3400–3000 BCE) | Archaic / Uruk]; ABZL270 [Old Babylonian (~2000–1600 BCE) | School texts]; BAU390 [Early Dynastic (~2900–2340 BCE) | Lagash]; BAU395 [Early Dynastic (~2900–2340 BCE) | Lagash]; ELLES259 [Early Dynastic (~2900–2340 BCE) | Ebla]; GCSL232 [Gudea period (~2100 BCE) | Lagash / Girsu]; KWU777 [Ur III (~2112–2004 BCE) | Administrative]; MZL388 [Standard Babylonian (any period) | Akkado-Babylonian]; RSP166 [Early Dynastic (~2900–2340 BCE) | Presargonic Lagash]; SLLHA233_22 [Standard Babylonian (any period) | Akkado-Babylonian]
U+1224C,|ŠITA.GIŠ|,|NI.DIŠ.GIŠ|,𒉌,Type_2,compound,|NI.DIŠ.GIŠ|,1,𒉌𒁹𒄑,U+1224C; U+12079; U+12111,LAK489 [Uruk IV–III (~3400–3000 BCE) | Archaic / Uruk]; ABZL460 [Old Babylonian (~2000–1600 BCE) | School texts]; GCSL233 [Gudea period (~2100 BCE) | Lagash / Girsu]; ZATU147 [Uruk IV–III (~3400–3000 BCE) | Archaic / Uruk]
U+12079,|ŠITA.GIŠ|,|NI.DIŠ.GIŠ|,𒁹,Type_2,compound,|NI.DIŠ.GIŠ|,2,𒉌𒁹𒄑,U+1224C; U+12079; U+12111,LAK489 [Uruk IV–III (~3400–3000 BCE) | Archaic / Uruk]; ABZL460 [Old Babylonian (~2000–1600 BCE) | School texts]; GCSL233 [Gudea period (~2100 BCE) | Lagash / Girsu]; ZATU147 [Uruk IV–III (~3400–3000 BCE) | Archaic / Uruk]
U+12111,|ŠITA.GIŠ|,|NI.DIŠ.GIŠ|,𒄑,Type_2,compound,|NI.DIŠ.GIŠ|,3,𒉌𒁹𒄑,U+1224C; U+12079; U+12111,LAK489 [Uruk IV–III (~3400–3000 BCE) | Archaic / Uruk]; ABZL460 [Old Babylonian (~2000–1600 BCE) | School texts]; GCSL233 [Gudea period (~2100 BCE) | Lagash / Girsu]; ZATU147 [Uruk IV–III (~3400–3000 BCE) | Archaic / Uruk]
U+122A9,|ŠITA.GIŠ|,|SAL.GIŠ|,𒊩,Type_2,compound,|SAL.GIŠ|,1,𒊩𒄑,U+122A9; U+12111,LAK489 [Uruk IV–III (~3400–3000 BCE) | Archaic / Uruk]; ABZL460 [Old Babylonian (~2000–1600 BCE) | School texts]; GCSL233 [Gudea period (~2100 BCE) | Lagash / Girsu]; ZATU147 [Uruk IV–III (~3400–3000 BCE) | Archaic / Uruk]
U+12111,|ŠITA.GIŠ|,|SAL.GIŠ|,𒄑,Type_2,compound,|SAL.GIŠ|,2,𒊩𒄑,U+122A9; U+12111,LAK489 [Uruk IV–III (~3400–3000 BCE) | Archaic / Uruk]; ABZL460 [Old Babylonian (~2000–1600 BCE) | School texts]; GCSL233 [Gudea period (~2100 BCE) | Lagash / Girsu]; ZATU147 [Uruk IV–III (~3400–3000 BCE) | Archaic / Uruk]
U+122D6,|ŠITA.GIŠ.TUG₂|,|ŠITA.GIŠ.NAM₂|,𒋖,Type_2,compound,|ŠITA.GIŠ.NAM₂|,1,𒋖𒄑𒉇,U+122D6; U+12111; U+12247,BAU391 [Early Dynastic (~2900–2340 BCE) | Lagash]; ELLES261 [Early Dynastic (~2900–2340 BCE) | Ebla]
U+12111,|ŠITA.GIŠ.TUG₂|,|ŠITA.GIŠ.NAM₂|,𒄑,Type_2,compound,|ŠITA.GIŠ.NAM₂|,2,𒋖𒄑𒉇,U+122D6; U+12111; U+12247,BAU391 [Early Dynastic (~2900–2340 BCE) | Lagash]; ELLES261 [Early Dynastic (~2900–2340 BCE) | Ebla]
U+12247,|ŠITA.GIŠ.TUG₂|,|ŠITA.GIŠ.NAM₂|,𒉇,Type_2,compound,|ŠITA.GIŠ.NAM₂|,3,𒋖𒄑𒉇,U+122D6; U+12111; U+12247,BAU391 [Early Dynastic (~2900–2340 BCE) | Lagash]; ELLES261 [Early Dynastic (~2900–2340 BCE) | Ebla]
X,|ŠITA.GIŠ.TUG₂|,|ŠITA~a.GIŠ.NAM₂|,,Type_2,compound,|ŠITA~a.GIŠ.NAM₂|,1,X𒄑𒉇,X; U+12111; U+12247,
U+12111,|ŠITA.GIŠ.TUG₂|,|ŠITA~a.GIŠ.NAM₂|,𒄑,Type_2,compound,|ŠITA~a.GIŠ.NAM₂|,2,X𒄑𒉇,X; U+12111; U+12247,
U+12247,|ŠITA.GIŠ.TUG₂|,|ŠITA~a.GIŠ.NAM₂|,𒉇,Type_2,compound,|ŠITA~a.GIŠ.NAM₂|,3,X𒄑𒉇,X; U+12111; U+12247,
U+122D7,|ŠU.BAD|,|ŠU.KAK|,𒋗,Type_2,compound,|ŠU.KAK|,1,𒋗𒆕,U+122D7; U+12195,
U+12195,|ŠU.BAD|,|ŠU.KAK|,𒆕,Type_2,compound,|ŠU.KAK|,2,𒋗𒆕,U+122D7; U+12195,
U+122D7,|ŠU.DI.U.U.U|,|ŠU.U.U.U.DI|,𒋗,Type_2,compound,|ŠU.U.U.U.DI|,1,𒋗𒌍𒁲,U+122D7; U+1230D; U+12072,
U+1230D,|ŠU.DI.U.U.U|,|ŠU.U.U.U.DI|,𒌍,Type_2,compound,|ŠU.U.U.U.DI|,2,𒋗𒌍𒁲,U+122D7; U+1230D; U+12072,
U+12072,|ŠU.DI.U.U.U|,|ŠU.U.U.U.DI|,𒁲,Type_2,compound,|ŠU.U.U.U.DI|,3,𒋗𒌍𒁲,U+122D7; U+1230D; U+12072,
U+120FB,|ŠU.GAR.TUR.LAL|,|GAR.ŠU.TUR|,𒃻,Type_2,compound,|GAR.ŠU.TUR|,1,𒃻𒋗𒌉,U+120FB; U+122D7; U+12309,
U+122D7,|ŠU.GAR.TUR.LAL|,|GAR.ŠU.TUR|,𒋗,Type_2,compound,|GAR.ŠU.TUR|,2,𒃻𒋗𒌉,U+120FB; U+122D7; U+12309,
U+12309,|ŠU.GAR.TUR.LAL|,|GAR.ŠU.TUR|,𒌉,Type_2,compound,|GAR.ŠU.TUR|,3,𒃻𒋗𒌉,U+120FB; U+122D7; U+12309,
U+120FB,|ŠU.GAR.TUR.LAL|,|GAR.ŠU.TUR.LAL|,𒃻,Type_2,compound,|GAR.ŠU.TUR.LAL|,1,𒃻𒋗𒌉𒇲,U+120FB; U+122D7; U+12309; U+121F2,
U+122D7,|ŠU.GAR.TUR.LAL|,|GAR.ŠU.TUR.LAL|,𒋗,Type_2,compound,|GAR.ŠU.TUR.LAL|,2,𒃻𒋗𒌉𒇲,U+120FB; U+122D7; U+12309; U+121F2,
U+12309,|ŠU.GAR.TUR.LAL|,|GAR.ŠU.TUR.LAL|,𒌉,Type_2,compound,|GAR.ŠU.TUR.LAL|,3,𒃻𒋗𒌉𒇲,U+120FB; U+122D7; U+12309; U+121F2,
U+121F2,|ŠU.GAR.TUR.LAL|,|GAR.ŠU.TUR.LAL|,𒇲,Type_2,compound,|GAR.ŠU.TUR.LAL|,4,𒃻𒋗𒌉𒇲,U+120FB; U+122D7; U+12309; U+121F2,
U+122D7,|ŠU.GAR.TUR.LAL|,|ŠU.GAR|,𒋗,Type_2,compound,|ŠU.GAR|,1,𒋗𒃻,U+122D7; U+120FB,
U+120FB,|ŠU.GAR.TUR.LAL|,|ŠU.GAR|,𒃻,Type_2,compound,|ŠU.GAR|,2,𒋗𒃻,U+122D7; U+120FB,
U+122D7,|ŠU.GAR.TUR.LAL|,|ŠU.GAR.TUR.RU.LAL|,𒋗,Type_2,compound,|ŠU.GAR.TUR.RU.LAL|,1,𒋗𒃻𒌉𒊒𒇲,U+122D7; U+120FB; U+12309; U+12292; U+121F2,
U+120FB,|ŠU.GAR.TUR.LAL|,|ŠU.GAR.TUR.RU.LAL|,𒃻,Type_2,compound,|ŠU.GAR.TUR.RU.LAL|,2,𒋗𒃻𒌉𒊒𒇲,U+122D7; U+120FB; U+12309; U+12292; U+121F2,
U+12309,|ŠU.GAR.TUR.LAL|,|ŠU.GAR.TUR.RU.LAL|,𒌉,Type_2,compound,|ŠU.GAR.TUR.RU.LAL|,3,𒋗𒃻𒌉𒊒𒇲,U+122D7; U+120FB; U+12309; U+12292; U+121F2,
U+12292,|ŠU.GAR.TUR.LAL|,|ŠU.GAR.TUR.RU.LAL|,𒊒,Type_2,compound,|ŠU.GAR.TUR.RU.LAL|,4,𒋗𒃻𒌉𒊒𒇲,U+122D7; U+120FB; U+12309; U+12292; U+121F2,
U+121F2,|ŠU.GAR.TUR.LAL|,|ŠU.GAR.TUR.RU.LAL|,𒇲,Type_2,compound,|ŠU.GAR.TUR.RU.LAL|,5,𒋗𒃻𒌉𒊒𒇲,U+122D7; U+120FB; U+12309; U+12292; U+121F2,
U+122D7,|ŠU.GAR.TUR.LAL|,|ŠU.TUR|,𒋗,Type_2,compound,|ŠU.TUR|,1,𒋗𒌉,U+122D7; U+12309,
U+12309,|ŠU.GAR.TUR.LAL|,|ŠU.TUR|,𒌉,Type_2,compound,|ŠU.TUR|,2,𒋗𒌉,U+122D7; U+12309,
U+122D7,|ŠU.GAR.TUR.LAL.BI|,|ŠU.GAR.TUR|,𒋗,Type_2,compound,|ŠU.GAR.TUR|,1,𒋗𒃻𒌉,U+122D7; U+120FB; U+12309,
U+120FB,|ŠU.GAR.TUR.LAL.BI|,|ŠU.GAR.TUR|,𒃻,Type_2,compound,|ŠU.GAR.TUR|,2,𒋗𒃻𒌉,U+122D7; U+120FB; U+12309,
U+12309,|ŠU.GAR.TUR.LAL.BI|,|ŠU.GAR.TUR|,𒌉,Type_2,compound,|ŠU.GAR.TUR|,3,𒋗𒃻𒌉,U+122D7; U+120FB; U+12309,
U+122D7,|ŠU.GAR.TUR.LAL.BI|,|ŠU.GAR.TUR.LAL.EŠ₂|,𒋗,Type_2,compound,|ŠU.GAR.TUR.LAL.EŠ₂|,1,𒋗𒃻𒌉𒇲𒂠,U+122D7; U+120FB; U+12309; U+121F2; U+120A0,
U+120FB,|ŠU.GAR.TUR.LAL.BI|,|ŠU.GAR.TUR.LAL.EŠ₂|,𒃻,Type_2,compound,|ŠU.GAR.TUR.LAL.EŠ₂|,2,𒋗𒃻𒌉𒇲𒂠,U+122D7; U+120FB; U+12309; U+121F2; U+120A0,
U+12309,|ŠU.GAR.TUR.LAL.BI|,|ŠU.GAR.TUR.LAL.EŠ₂|,𒌉,Type_2,compound,|ŠU.GAR.TUR.LAL.EŠ₂|,3,𒋗𒃻𒌉𒇲𒂠,U+122D7; U+120FB; U+12309; U+121F2; U+120A0,
U+121F2,|ŠU.GAR.TUR.LAL.BI|,|ŠU.GAR.TUR.LAL.EŠ₂|,𒇲,Type_2,compound,|ŠU.GAR.TUR.LAL.EŠ₂|,4,𒋗𒃻𒌉𒇲𒂠,U+122D7; U+120FB; U+12309; U+121F2; U+120A0,
U+120A0,|ŠU.GAR.TUR.LAL.BI|,|ŠU.GAR.TUR.LAL.EŠ₂|,𒂠,Type_2,compound,|ŠU.GAR.TUR.LAL.EŠ₂|,5,𒋗𒃻𒌉𒇲𒂠,U+122D7; U+120FB; U+12309; U+121F2; U+120A0,
U+122D7,|ŠU.GAR.TUR.LAL.BI|,|ŠU.LAL.TUR|,𒋗,Type_2,compound,|ŠU.LAL.TUR|,1,𒋗𒇲𒌉,U+122D7; U+121F2; U+12309,
U+121F2,|ŠU.GAR.TUR.LAL.BI|,|ŠU.LAL.TUR|,𒇲,Type_2,compound,|ŠU.LAL.TUR|,2,𒋗𒇲𒌉,U+122D7; U+121F2; U+12309,
U+12309,|ŠU.GAR.TUR.LAL.BI|,|ŠU.LAL.TUR|,𒌉,Type_2,compound,|ŠU.LAL.TUR|,3,𒋗𒇲𒌉,U+122D7; U+121F2; U+12309,
U+122D7,|ŠU.GAR.TUR.LAL.BI|,|ŠU.ME.GAR.BI|,𒋗,Type_2,compound,|ŠU.ME.GAR.BI|,1,𒋗𒈨𒃻𒁉,U+122D7; U+12228; U+120FB; U+12049,
U+12228,|ŠU.GAR.TUR.LAL.BI|,|ŠU.ME.GAR.BI|,𒈨,Type_2,compound,|ŠU.ME.GAR.BI|,2,𒋗𒈨𒃻𒁉,U+122D7; U+12228; U+120FB; U+12049,
U+120FB,|ŠU.GAR.TUR.LAL.BI|,|ŠU.ME.GAR.BI|,𒃻,Type_2,compound,|ŠU.ME.GAR.BI|,3,𒋗𒈨𒃻𒁉,U+122D7; U+12228; U+120FB; U+12049,
U+12049,|ŠU.GAR.TUR.LAL.BI|,|ŠU.ME.GAR.BI|,𒁉,Type_2,compound,|ŠU.ME.GAR.BI|,4,𒋗𒈨𒃻𒁉,U+122D7; U+12228; U+120FB; U+12049,
U+122D7,|ŠU.HA|,|ŠU.HA@g|,𒋗,Type_2,compound,|ŠU.HA@g|,1,𒋗𒄫,U+122D7; U+1212B,
U+1212B,|ŠU.HA|,|ŠU.HA@g|,𒄫,Type_2,compound,|ŠU.HA@g|,2,𒋗𒄫,U+122D7; U+1212B,
U+122D7,|ŠU.KAD₄|,|ŠU.KAD₅|,𒋗,Type_2,compound,|ŠU.KAD₅|,1,𒋗𒆓,U+122D7; U+12193,
U+12193,|ŠU.KAD₄|,|ŠU.KAD₅|,𒆓,Type_2,compound,|ŠU.KAD₅|,2,𒋗𒆓,U+122D7; U+12193,
U+122D7,|ŠU.NAGA|,|ŠU.SUM.KAK|,𒋗,Type_2,compound,|ŠU.SUM.KAK|,1,𒋗𒋧𒆕,U+122D7; U+122E7; U+12195,KWU323 [Ur III (~2112–2004 BCE) | Administrative]; RSP125 [Early Dynastic (~2900–2340 BCE) | Presargonic Lagash]
U+122E7,|ŠU.NAGA|,|ŠU.SUM.KAK|,𒋧,Type_2,compound,|ŠU.SUM.KAK|,2,𒋗𒋧𒆕,U+122D7; U+122E7; U+12195,KWU323 [Ur III (~2112–2004 BCE) | Administrative]; RSP125 [Early Dynastic (~2900–2340 BCE) | Presargonic Lagash]
U+12195,|ŠU.NAGA|,|ŠU.SUM.KAK|,𒆕,Type_2,compound,|ŠU.SUM.KAK|,3,𒋗𒋧𒆕,U+122D7; U+122E7; U+12195,KWU323 [Ur III (~2112–2004 BCE) | Administrative]; RSP125 [Early Dynastic (~2900–2340 BCE) | Presargonic Lagash]
U+12047,|ŠU₂.AN|,|BAR.AN|,𒁇,Type_2,compound,|BAR.AN|,1,𒁇𒀭,U+12047; U+1202D,MZL123 [Standard Babylonian (any period) | Akkado-Babylonian]; SLLHA074_182 [Standard Babylonian (any period) | Akkado-Babylonian]; LAK356 [Uruk IV–III (~3400–3000 BCE) | Archaic / Uruk]; MZL870 [Standard Babylonian (any period) | Akkado-Babylonian]; SLLHA546 [Standard Babylonian (any period) | Akkado-Babylonian]
U+1202D,|ŠU₂.AN|,|BAR.AN|,𒀭,Type_2,compound,|BAR.AN|,2,𒁇𒀭,U+12047; U+1202D,MZL123 [Standard Babylonian (any period) | Akkado-Babylonian]; SLLHA074_182 [Standard Babylonian (any period) | Akkado-Babylonian]; LAK356 [Uruk IV–III (~3400–3000 BCE) | Archaic / Uruk]; MZL870 [Standard Babylonian (any period) | Akkado-Babylonian]; SLLHA546 [Standard Babylonian (any period) | Akkado-Babylonian]
U+1202F,|ŠU₂.3×AN|,|3×AN|,𒀯,Type_1,SU3AN_v1,,,,,LAK010 [Uruk IV–III (~3400–3000 BCE) | Archaic / Uruk]; ASY095 [Standard Babylonian (any period) | Akkadian syllabary]; BAU008 [Early Dynastic (~2900–2340 BCE) | Lagash]; ELLES006bis [Early Dynastic (~2900–2340 BCE) | Ebla]; GCSL051 [Gudea period (~2100 BCE) | Lagash / Girsu]; KWU025 [Ur III (~2112–2004 BCE) | Administrative]; MZL247 [Standard Babylonian (any period) | Akkado-Babylonian]; PTACE009 [Early Dynastic (~2900–2340 BCE) | Ebla]; RSP082 [Early Dynastic (~2900–2340 BCE) | Presargonic Lagash]; ABZL424 [Old Babylonian (~2000–1600 BCE) | School texts]; MZL872 [Standard Babylonian (any period) | Akkado-Babylonian]; SLLHA547 [Standard Babylonian (any period) | Akkado-Babylonian]
U+1202F,|ŠU₂.3×AN|,|3×AN.BAR|,𒀯,Type_2,compound,|3×AN.BAR|,1,𒀯𒁇,U+1202F; U+12047,ABZL424 [Old Babylonian (~2000–1600 BCE) | School texts]; MZL872 [Standard Babylonian (any period) | Akkado-Babylonian]; SLLHA547 [Standard Babylonian (any period) | Akkado-Babylonian]
U+12047,|ŠU₂.3×AN|,|3×AN.BAR|,𒁇,Type_2,compound,|3×AN.BAR|,2,𒀯𒁇,U+1202F; U+12047,ABZL424 [Old Babylonian (~2000–1600 BCE) | School texts]; MZL872 [Standard Babylonian (any period) | Akkado-Babylonian]; SLLHA547 [Standard Babylonian (any period) | Akkado-Babylonian]
U+12047,|ŠU₂.3×AN|,|BAR.3×AN|,𒁇,Type_2,compound,|BAR.3×AN|,1,𒁇𒀯,U+12047; U+1202F,ABZL424 [Old Babylonian (~2000–1600 BCE) | School texts]; MZL872 [Standard Babylonian (any period) | Akkado-Babylonian]; SLLHA547 [Standard Babylonian (any period) | Akkado-Babylonian]
U+1202F,|ŠU₂.3×AN|,|BAR.3×AN|,𒀯,Type_2,compound,|BAR.3×AN|,2,𒁇𒀯,U+12047; U+1202F,ABZL424 [Old Babylonian (~2000–1600 BCE) | School texts]; MZL872 [Standard Babylonian (any period) | Akkado-Babylonian]; SLLHA547 [Standard Babylonian (any period) | Akkado-Babylonian]
U+1202D,|ŠU₂.AN.HI×GAD|,|AN.HI×GAD|,𒀭,Type_2,compound,|AN.HI×GAD|,1,𒀭𒄲,U+1202D; U+12132,LAK357 [Uruk IV–III (~3400–3000 BCE) | Archaic / Uruk]; ABZL423^a [Old Babylonian (~2000–1600 BCE) | School texts]; KWU510 [Ur III (~2112–2004 BCE) | Administrative]; MZL871 [Standard Babylonian (any period) | Akkado-Babylonian]; SLLHA546_6 [Standard Babylonian (any period) | Akkado-Babylonian]
U+12132,|ŠU₂.AN.HI×GAD|,|AN.HI×GAD|,𒄲,Type_2,compound,|AN.HI×GAD|,2,𒀭𒄲,U+1202D; U+12132,LAK357 [Uruk IV–III (~3400–3000 BCE) | Archaic / Uruk]; ABZL423^a [Old Babylonian (~2000–1600 BCE) | School texts]; KWU510 [Ur III (~2112–2004 BCE) | Administrative]; MZL871 [Standard Babylonian (any period) | Akkado-Babylonian]; SLLHA546_6 [Standard Babylonian (any period) | Akkado-Babylonian]
U+122D9,|ŠU₂.AN.HI×GAD|,|ŠU₂.AN|,𒋙,Type_2,compound,|ŠU₂.AN|,1,𒋙𒀭,U+122D9; U+1202D,LAK356 [Uruk IV–III (~3400–3000 BCE) | Archaic / Uruk]; LAK357 [Uruk IV–III (~3400–3000 BCE) | Archaic / Uruk]; ABZL423^a [Old Babylonian (~2000–1600 BCE) | School texts]; KWU510 [Ur III (~2112–2004 BCE) | Administrative]; MZL871 [Standard Babylonian (any period) | Akkado-Babylonian]; SLLHA546_6 [Standard Babylonian (any period) | Akkado-Babylonian]
U+1202D,|ŠU₂.AN.HI×GAD|,|ŠU₂.AN|,𒀭,Type_2,compound,|ŠU₂.AN|,2,𒋙𒀭,U+122D9; U+1202D,LAK356 [Uruk IV–III (~3400–3000 BCE) | Archaic / Uruk]; LAK357 [Uruk IV–III (~3400–3000 BCE) | Archaic / Uruk]; ABZL423^a [Old Babylonian (~2000–1600 BCE) | School texts]; KWU510 [Ur III (~2112–2004 BCE) | Administrative]; MZL871 [Standard Babylonian (any period) | Akkado-Babylonian]; SLLHA546_6 [Standard Babylonian (any period) | Akkado-Babylonian]
U+122D9,|ŠU₂.AN.HI×GAD|,|ŠU₂.AN.HI.GAD|,𒋙,Type_2,compound,|ŠU₂.AN.HI.GAD|,1,𒋙𒀭𒄭𒃰,U+122D9; U+1202D; U+1212D; U+120F0,LAK357 [Uruk IV–III (~3400–3000 BCE) | Archaic / Uruk]; ABZL423^a [Old Babylonian (~2000–1600 BCE) | School texts]; KWU510 [Ur III (~2112–2004 BCE) | Administrative]; MZL871 [Standard Babylonian (any period) | Akkado-Babylonian]; SLLHA546_6 [Standard Babylonian (any period) | Akkado-Babylonian]
U+1202D,|ŠU₂.AN.HI×GAD|,|ŠU₂.AN.HI.GAD|,𒀭,Type_2,compound,|ŠU₂.AN.HI.GAD|,2,𒋙𒀭𒄭𒃰,U+122D9; U+1202D; U+1212D; U+120F0,LAK357 [Uruk IV–III (~3400–3000 BCE) | Archaic / Uruk]; ABZL423^a [Old Babylonian (~2000–1600 BCE) | School texts]; KWU510 [Ur III (~2112–2004 BCE) | Administrative]; MZL871 [Standard Babylonian (any period) | Akkado-Babylonian]; SLLHA546_6 [Standard Babylonian (any period) | Akkado-Babylonian]
U+1212D,|ŠU₂.AN.HI×GAD|,|ŠU₂.AN.HI.GAD|,𒄭,Type_2,compound,|ŠU₂.AN.HI.GAD|,3,𒋙𒀭𒄭𒃰,U+122D9; U+1202D; U+1212D; U+120F0,LAK357 [Uruk IV–III (~3400–3000 BCE) | Archaic / Uruk]; ABZL423^a [Old Babylonian (~2000–1600 BCE) | School texts]; KWU510 [Ur III (~2112–2004 BCE) | Administrative]; MZL871 [Standard Babylonian (any period) | Akkado-Babylonian]; SLLHA546_6 [Standard Babylonian (any period) | Akkado-Babylonian]
U+120F0,|ŠU₂.AN.HI×GAD|,|ŠU₂.AN.HI.GAD|,𒃰,Type_2,compound,|ŠU₂.AN.HI.GAD|,4,𒋙𒀭𒄭𒃰,U+122D9; U+1202D; U+1212D; U+120F0,LAK357 [Uruk IV–III (~3400–3000 BCE) | Archaic / Uruk]; ABZL423^a [Old Babylonian (~2000–1600 BCE) | School texts]; KWU510 [Ur III (~2112–2004 BCE) | Administrative]; MZL871 [Standard Babylonian (any period) | Akkado-Babylonian]; SLLHA546_6 [Standard Babylonian (any period) | Akkado-Babylonian]
U+122D9,|ŠU₂.AN.HI×GAD|,|ŠU₂.AN.HI×AŠ₂|,𒋙,Type_2,compound,|ŠU₂.AN.HI×AŠ₂|,1,𒋙𒀭𒄯,U+122D9; U+1202D; U+1212F,ABZL423 [Old Babylonian (~2000–1600 BCE) | School texts]; LAK357 [Uruk IV–III (~3400–3000 BCE) | Archaic / Uruk]; ABZL423^a [Old Babylonian (~2000–1600 BCE) | School texts]; KWU510 [Ur III (~2112–2004 BCE) | Administrative]; MZL871 [Standard Babylonian (any period) | Akkado-Babylonian]; SLLHA546_6 [Standard Babylonian (any period) | Akkado-Babylonian]
U+1202D,|ŠU₂.AN.HI×GAD|,|ŠU₂.AN.HI×AŠ₂|,𒀭,Type_2,compound,|ŠU₂.AN.HI×AŠ₂|,2,𒋙𒀭𒄯,U+122D9; U+1202D; U+1212F,ABZL423 [Old Babylonian (~2000–1600 BCE) | School texts]; LAK357 [Uruk IV–III (~3400–3000 BCE) | Archaic / Uruk]; ABZL423^a [Old Babylonian (~2000–1600 BCE) | School texts]; KWU510 [Ur III (~2112–2004 BCE) | Administrative]; MZL871 [Standard Babylonian (any period) | Akkado-Babylonian]; SLLHA546_6 [Standard Babylonian (any period) | Akkado-Babylonian]
U+1212F,|ŠU₂.AN.HI×GAD|,|ŠU₂.AN.HI×AŠ₂|,𒄯,Type_2,compound,|ŠU₂.AN.HI×AŠ₂|,3,𒋙𒀭𒄯,U+122D9; U+1202D; U+1212F,ABZL423 [Old Babylonian (~2000–1600 BCE) | School texts]; LAK357 [Uruk IV–III (~3400–3000 BCE) | Archaic / Uruk]; ABZL423^a [Old Babylonian (~2000–1600 BCE) | School texts]; KWU510 [Ur III (~2112–2004 BCE) | Administrative]; MZL871 [Standard Babylonian (any period) | Akkado-Babylonian]; SLLHA546_6 [Standard Babylonian (any period) | Akkado-Babylonian]
U+122D9,|ŠU₂.AN.HI×GAD|,|ŠU₂.AN.HI×KAK|,𒋙,Type_2,compound,|ŠU₂.AN.HI×KAK|,1,𒋙𒀭X,U+122D9; U+1202D; X,BAU167 [Early Dynastic (~2900–2340 BCE) | Lagash]; LAK357 [Uruk IV–III (~3400–3000 BCE) | Archaic / Uruk]; ABZL423^a [Old Babylonian (~2000–1600 BCE) | School texts]; KWU510 [Ur III (~2112–2004 BCE) | Administrative]; MZL871 [Standard Babylonian (any period) | Akkado-Babylonian]; SLLHA546_6 [Standard Babylonian (any period) | Akkado-Babylonian]
U+1202D,|ŠU₂.AN.HI×GAD|,|ŠU₂.AN.HI×KAK|,𒀭,Type_2,compound,|ŠU₂.AN.HI×KAK|,2,𒋙𒀭X,U+122D9; U+1202D; X,BAU167 [Early Dynastic (~2900–2340 BCE) | Lagash]; LAK357 [Uruk IV–III (~3400–3000 BCE) | Archaic / Uruk]; ABZL423^a [Old Babylonian (~2000–1600 BCE) | School texts]; KWU510 [Ur III (~2112–2004 BCE) | Administrative]; MZL871 [Standard Babylonian (any period) | Akkado-Babylonian]; SLLHA546_6 [Standard Babylonian (any period) | Akkado-Babylonian]
X,|ŠU₂.AN.HI×GAD|,|ŠU₂.AN.HI×KAK|,,Type_2,compound,|ŠU₂.AN.HI×KAK|,3,𒋙𒀭X,U+122D9; U+1202D; X,BAU167 [Early Dynastic (~2900–2340 BCE) | Lagash]; LAK357 [Uruk IV–III (~3400–3000 BCE) | Archaic / Uruk]; ABZL423^a [Old Babylonian (~2000–1600 BCE) | School texts]; KWU510 [Ur III (~2112–2004 BCE) | Administrative]; MZL871 [Standard Babylonian (any period) | Akkado-Babylonian]; SLLHA546_6 [Standard Babylonian (any period) | Akkado-Babylonian]
U+122D9,|ŠU₂.AN.HI×GAD|,|ŠU₂.HI.AN|,𒋙,Type_2,compound,|ŠU₂.HI.AN|,1,𒋙𒄭𒀭,U+122D9; U+1212D; U+1202D,LAK357 [Uruk IV–III (~3400–3000 BCE) | Archaic / Uruk]; ABZL423^a [Old Babylonian (~2000–1600 BCE) | School texts]; KWU510 [Ur III (~2112–2004 BCE) | Administrative]; MZL871 [Standard Babylonian (any period) | Akkado-Babylonian]; SLLHA546_6 [Standard Babylonian (any period) | Akkado-Babylonian]
U+1212D,|ŠU₂.AN.HI×GAD|,|ŠU₂.HI.AN|,𒄭,Type_2,compound,|ŠU₂.HI.AN|,2,𒋙𒄭𒀭,U+122D9; U+1212D; U+1202D,LAK357 [Uruk IV–III (~3400–3000 BCE) | Archaic / Uruk]; ABZL423^a [Old Babylonian (~2000–1600 BCE) | School texts]; KWU510 [Ur III (~2112–2004 BCE) | Administrative]; MZL871 [Standard Babylonian (any period) | Akkado-Babylonian]; SLLHA546_6 [Standard Babylonian (any period) | Akkado-Babylonian]
U+1202D,|ŠU₂.AN.HI×GAD|,|ŠU₂.HI.AN|,𒀭,Type_2,compound,|ŠU₂.HI.AN|,3,𒋙𒄭𒀭,U+122D9; U+1212D; U+1202D,LAK357 [Uruk IV–III (~3400–3000 BCE) | Archaic / Uruk]; ABZL423^a [Old Babylonian (~2000–1600 BCE) | School texts]; KWU510 [Ur III (~2112–2004 BCE) | Administrative]; MZL871 [Standard Babylonian (any period) | Akkado-Babylonian]; SLLHA546_6 [Standard Babylonian (any period) | Akkado-Babylonian]
U+1230B,|ŠU₂.AN.HI×GAD|,|U.AN.HI×GAD|,𒌋,Type_2,compound,|U.AN.HI×GAD|,1,𒌋𒀭𒄲,U+1230B; U+1202D; U+12132,RSP018 [Early Dynastic (~2900–2340 BCE) | Presargonic Lagash]; LAK357 [Uruk IV–III (~3400–3000 BCE) | Archaic / Uruk]; ABZL423^a [Old Babylonian (~2000–1600 BCE) | School texts]; KWU510 [Ur III (~2112–2004 BCE) | Administrative]; MZL871 [Standard Babylonian (any period) | Akkado-Babylonian]; SLLHA546_6 [Standard Babylonian (any period) | Akkado-Babylonian]
U+1202D,|ŠU₂.AN.HI×GAD|,|U.AN.HI×GAD|,𒀭,Type_2,compound,|U.AN.HI×GAD|,2,𒌋𒀭𒄲,U+1230B; U+1202D; U+12132,RSP018 [Early Dynastic (~2900–2340 BCE) | Presargonic Lagash]; LAK357 [Uruk IV–III (~3400–3000 BCE) | Archaic / Uruk]; ABZL423^a [Old Babylonian (~2000–1600 BCE) | School texts]; KWU510 [Ur III (~2112–2004 BCE) | Administrative]; MZL871 [Standard Babylonian (any period) | Akkado-Babylonian]; SLLHA546_6 [Standard Babylonian (any period) | Akkado-Babylonian]
U+12132,|ŠU₂.AN.HI×GAD|,|U.AN.HI×GAD|,𒄲,Type_2,compound,|U.AN.HI×GAD|,3,𒌋𒀭𒄲,U+1230B; U+1202D; U+12132,RSP018 [Early Dynastic (~2900–2340 BCE) | Presargonic Lagash]; LAK357 [Uruk IV–III (~3400–3000 BCE) | Archaic / Uruk]; ABZL423^a [Old Babylonian (~2000–1600 BCE) | School texts]; KWU510 [Ur III (~2112–2004 BCE) | Administrative]; MZL871 [Standard Babylonian (any period) | Akkado-Babylonian]; SLLHA546_6 [Standard Babylonian (any period) | Akkado-Babylonian]
U+122D9,|ŠU₂.AŠ₂|,|ŠU₂.ZIB|,𒋙,Type_2,compound,|ŠU₂.ZIB|,1,𒋙𒍦,U+122D9; U+12366,ABZL427 [Old Babylonian (~2000–1600 BCE) | School texts]; MZL875 [Standard Babylonian (any period) | Akkado-Babylonian]; SLLHA548 [Standard Babylonian (any period) | Akkado-Babylonian]
U+12366,|ŠU₂.AŠ₂|,|ŠU₂.ZIB|,𒍦,Type_2,compound,|ŠU₂.ZIB|,2,𒋙𒍦,U+122D9; U+12366,ABZL427 [Old Babylonian (~2000–1600 BCE) | School texts]; MZL875 [Standard Babylonian (any period) | Akkado-Babylonian]; SLLHA548 [Standard Babylonian (any period) | Akkado-Babylonian]
,|ŠU₂.DUN₄|,ELLES302,𒋙𒂈,Type_3,SUDUN_v1,,,,,ELLES302 [Early Dynastic (~2900–2340 BCE) | Ebla]; HZL251 [Hittite period (~1650–1180 BCE) | Hittite]; KWU503 [Ur III (~2112–2004 BCE) | Administrative]; KWU570 [Ur III (~2112–2004 BCE) | Administrative]; MZL869 [Standard Babylonian (any period) | Akkado-Babylonian]; SLLHA545 [Standard Babylonian (any period) | Akkado-Babylonian]
U+122D9,ŠUŠANA,|ŠU₂.ŠA|,𒋙,Type_2,compound,|ŠU₂.ŠA|,1,𒋙𒊭,U+122D9; U+122AD,ABZL439 [Old Babylonian (~2000–1600 BCE) | School texts]; HZL048 [Hittite period (~1650–1180 BCE) | Hittite]; MZL826 [Standard Babylonian (any period) | Akkado-Babylonian]; SLLHA571 [Standard Babylonian (any period) | Akkado-Babylonian]
U+122AD,ŠUŠANA,|ŠU₂.ŠA|,𒊭,Type_2,compound,|ŠU₂.ŠA|,2,𒋙𒊭,U+122D9; U+122AD,ABZL439 [Old Babylonian (~2000–1600 BCE) | School texts]; HZL048 [Hittite period (~1650–1180 BCE) | Hittite]; MZL826 [Standard Babylonian (any period) | Akkado-Babylonian]; SLLHA571 [Standard Babylonian (any period) | Akkado-Babylonian]
U+122EF,TA@g,LAK654a,𒋯,Type_3,TAG_v1,,,,,LAK654^a [Uruk IV–III (~3400–3000 BCE) | Archaic / Uruk]; LAK654 [Uruk IV–III (~3400–3000 BCE) | Archaic / Uruk]; MZL249 [Standard Babylonian (any period) | Akkado-Babylonian]; SLLHA141a [Standard Babylonian (any period) | Akkado-Babylonian]
U+122EF,TA@g,|TA×IR|,𒋯,Type_3,TAG_v1,,,,,LAK654 [Uruk IV–III (~3400–3000 BCE) | Archaic / Uruk]; MZL249 [Standard Babylonian (any period) | Akkado-Babylonian]; SLLHA141a [Standard Babylonian (any period) | Akkado-Babylonian]
U+122F0,TAB,TAB@t,𒋰,Type_3,TAB_v1,,,,,LAK090 [Uruk IV–III (~3400–3000 BCE) | Archaic / Uruk]; ASY090 [Standard Babylonian (any period) | Akkadian syllabary]; ABZL109 [Old Babylonian (~2000–1600 BCE) | School texts]; BAU064 [Early Dynastic (~2900–2340 BCE) | Lagash]; HZL090 [Hittite period (~1650–1180 BCE) | Hittite]; MZL209 [Standard Babylonian (any period) | Akkado-Babylonian]; RSP039 [Early Dynastic (~2900–2340 BCE) | Presargonic Lagash]; SLLHA124 [Standard Babylonian (any period) | Akkado-Babylonian]; SYA079 [Standard Babylonian (any period) | Akkadian syllabary]
U+12263,|TAG.NUN|,|NUN.TAG|,𒉣,Type_2,compound,|NUN.TAG|,1,𒉣𒋳,U+12263; U+122F3,
U+122F3,|TAG.NUN|,|NUN.TAG|,𒋳,Type_2,compound,|NUN.TAG|,2,𒉣𒋳,U+12263; U+122F3,
U+122F3,|TAG.TUG₂|,|TAG.LU|,𒋳,Type_2,compound,|TAG.LU|,1,𒋳𒇻,U+122F3; U+121FB,
U+121FB,|TAG.TUG₂|,|TAG.LU|,𒇻,Type_2,compound,|TAG.LU|,2,𒋳𒇻,U+122F3; U+121FB,
U+122F6,|TAG×ŠE|,|(TAG×NE)&(TAG×ŠE)|,𒋶,Type_3,TAGSE_v1,,,,,
U+122D7,|TAG×ŠU|,|ŠU.TAG|,𒋗,Type_2,compound,|ŠU.TAG|,1,𒋗𒋳,U+122D7; U+122F3,ABZL122 [Old Babylonian (~2000–1600 BCE) | School texts]; HZL091 [Hittite period (~1650–1180 BCE) | Hittite]; SLLHA126cv [Standard Babylonian (any period) | Akkado-Babylonian]
U+122F3,|TAG×ŠU|,|ŠU.TAG|,𒋳,Type_2,compound,|ŠU.TAG|,2,𒋗𒋳,U+122D7; U+122F3,ABZL122 [Old Babylonian (~2000–1600 BCE) | School texts]; HZL091 [Hittite period (~1650–1180 BCE) | Hittite]; SLLHA126cv [Standard Babylonian (any period) | Akkado-Babylonian]
U+122F3,|TAG×ŠU|,|TAG.ŠU|,𒋳,Type_2,compound,|TAG.ŠU|,1,𒋳𒋗,U+122F3; U+122D7,ABZL122 [Old Babylonian (~2000–1600 BCE) | School texts]; HZL091 [Hittite period (~1650–1180 BCE) | Hittite]; SLLHA126cv [Standard Babylonian (any period) | Akkado-Babylonian]
U+122D7,|TAG×ŠU|,|TAG.ŠU|,𒋗,Type_2,compound,|TAG.ŠU|,2,𒋳𒋗,U+122F3; U+122D7,ABZL122 [Old Babylonian (~2000–1600 BCE) | School texts]; HZL091 [Hittite period (~1650–1180 BCE) | Hittite]; SLLHA126cv [Standard Babylonian (any period) | Akkado-Babylonian]
U+122C6,|TAG×TUG₂|,|ŠIM.TUG₂|,𒋆,Type_2,compound,|ŠIM.TUG₂|,1,𒋆𒌆,U+122C6; U+12306,ABZL122 [Old Babylonian (~2000–1600 BCE) | School texts]; HZL091 [Hittite period (~1650–1180 BCE) | Hittite]; SLLHA126fv [Standard Babylonian (any period) | Akkado-Babylonian]
U+12306,|TAG×TUG₂|,|ŠIM.TUG₂|,𒌆,Type_2,compound,|ŠIM.TUG₂|,2,𒋆𒌆,U+122C6; U+12306,ABZL122 [Old Babylonian (~2000–1600 BCE) | School texts]; HZL091 [Hittite period (~1650–1180 BCE) | Hittite]; SLLHA126fv [Standard Babylonian (any period) | Akkado-Babylonian]
U+122F8,|TAG×TUG₂|,|TAG.TUG₂|,𒋸,Type_3,TAGTUG_v1,,,,,ABZL122 [Old Babylonian (~2000–1600 BCE) | School texts]; HZL091 [Hittite period (~1650–1180 BCE) | Hittite]; SLLHA126fv [Standard Babylonian (any period) | Akkado-Babylonian]
U+122F8,|TAG×TUG₂|,|TAG×KU|,𒋸,Type_3,TAGTUG_v1,,,,,ABZL122 [Old Babylonian (~2000–1600 BCE) | School texts]; HZL091 [Hittite period (~1650–1180 BCE) | Hittite]; SLLHA126fv [Standard Babylonian (any period) | Akkado-Babylonian]
U+12306,|TAG×TUG₂|,|TUG₂.TAG|,𒌆,Type_2,compound,|TUG₂.TAG|,1,𒌆𒋳,U+12306; U+122F3,ABZL122 [Old Babylonian (~2000–1600 BCE) | School texts]; HZL091 [Hittite period (~1650–1180 BCE) | Hittite]; SLLHA126fv [Standard Babylonian (any period) | Akkado-Babylonian]
U+122F3,|TAG×TUG₂|,|TUG₂.TAG|,𒋳,Type_2,compound,|TUG₂.TAG|,2,𒌆𒋳,U+12306; U+122F3,ABZL122 [Old Babylonian (~2000–1600 BCE) | School texts]; HZL091 [Hittite period (~1650–1180 BCE) | Hittite]; SLLHA126fv [Standard Babylonian (any period) | Akkado-Babylonian]
U+122F3,|TAG×UD|,|TAG.UD|,𒋳,Type_2,compound,|TAG.UD|,1,𒋳𒌓,U+122F3; U+12313,ABZL122 [Old Babylonian (~2000–1600 BCE) | School texts]; HZL091 [Hittite period (~1650–1180 BCE) | Hittite]; SLLHA126dv [Standard Babylonian (any period) | Akkado-Babylonian]
U+12313,|TAG×UD|,|TAG.UD|,𒌓,Type_2,compound,|TAG.UD|,2,𒋳𒌓,U+122F3; U+12313,ABZL122 [Old Babylonian (~2000–1600 BCE) | School texts]; HZL091 [Hittite period (~1650–1180 BCE) | Hittite]; SLLHA126dv [Standard Babylonian (any period) | Akkado-Babylonian]
U+122FC,TE,|HI×AŠ|,𒋼,Type_3,TE_v1,,,,,LAK361 [Uruk IV–III (~3400–3000 BCE) | Archaic / Uruk]; LAK373 [Uruk IV–III (~3400–3000 BCE) | Archaic / Uruk]; ASY218 [Standard Babylonian (any period) | Akkadian syllabary]; ABZL289 [Old Babylonian (~2000–1600 BCE) | School texts]; BAU195 [Early Dynastic (~2900–2340 BCE) | Lagash]; ELLES203 [Early Dynastic (~2900–2340 BCE) | Ebla]; GCSL159 [Gudea period (~2100 BCE) | Lagash / Girsu]; HZL249 [Hittite period (~1650–1180 BCE) | Hittite]; KWU495 [Ur III (~2112–2004 BCE) | Administrative]; MZL589 [Standard Babylonian (any period) | Akkado-Babylonian]; PTACE179 [Early Dynastic (~2900–2340 BCE) | Ebla]; RSP310 [Early Dynastic (~2900–2340 BCE) | Presargonic Lagash]; SLLHA376 [Standard Babylonian (any period) | Akkado-Babylonian]; SYA190 [Standard Babylonian (any period) | Akkadian syllabary]
U+122FC,TE,|HI×DIŠ|,𒋼,Type_3,TE_v1,,,,,LAK373 [Uruk IV–III (~3400–3000 BCE) | Archaic / Uruk]; ASY218 [Standard Babylonian (any period) | Akkadian syllabary]; ABZL289 [Old Babylonian (~2000–1600 BCE) | School texts]; BAU195 [Early Dynastic (~2900–2340 BCE) | Lagash]; ELLES203 [Early Dynastic (~2900–2340 BCE) | Ebla]; GCSL159 [Gudea period (~2100 BCE) | Lagash / Girsu]; HZL249 [Hittite period (~1650–1180 BCE) | Hittite]; KWU495 [Ur III (~2112–2004 BCE) | Administrative]; MZL589 [Standard Babylonian (any period) | Akkado-Babylonian]; PTACE179 [Early Dynastic (~2900–2340 BCE) | Ebla]; RSP310 [Early Dynastic (~2900–2340 BCE) | Presargonic Lagash]; SLLHA376 [Standard Babylonian (any period) | Akkado-Babylonian]; SYA190 [Standard Babylonian (any period) | Akkadian syllabary]
U+1200A,|TE.AB|,|AB.TE|,𒀊,Type_2,compound,|AB.TE|,1,𒀊𒋼,U+1200A; U+122FC,KWU497 [Ur III (~2112–2004 BCE) | Administrative]
U+122FC,|TE.AB|,|AB.TE|,𒋼,Type_2,compound,|AB.TE|,2,𒀊𒋼,U+1200A; U+122FC,KWU497 [Ur III (~2112–2004 BCE) | Administrative]
U+124DA,TE@g,LAK051,𒓚,Type_1,TEG_v2,,,,,LAK051 [Uruk IV–III (~3400–3000 BCE) | Archaic / Uruk]; LAK382 [Uruk IV–III (~3400–3000 BCE) | Archaic / Uruk]; ASY030a [Standard Babylonian (any period) | Akkadian syllabary]; ABZL283 [Old Babylonian (~2000–1600 BCE) | School texts]; ELLES208 [Early Dynastic (~2900–2340 BCE) | Ebla]; GCSL160 [Gudea period (~2100 BCE) | Lagash / Girsu]; HZL315 [Hittite period (~1650–1180 BCE) | Hittite]; KWU484 [Ur III (~2112–2004 BCE) | Administrative]; MZL088 [Standard Babylonian (any period) | Akkado-Babylonian]; PTACE183 [Early Dynastic (~2900–2340 BCE) | Ebla]; RSP330 [Early Dynastic (~2900–2340 BCE) | Presargonic Lagash]; SLLHA058 [Standard Babylonian (any period) | Akkado-Babylonian]
U+122FD,TE@g,RSP329,𒋽,Type_3,TEG_v1,,,,,RSP329 [Early Dynastic (~2900–2340 BCE) | Presargonic Lagash]; LAK382 [Uruk IV–III (~3400–3000 BCE) | Archaic / Uruk]; ASY030a [Standard Babylonian (any period) | Akkadian syllabary]; ABZL283 [Old Babylonian (~2000–1600 BCE) | School texts]; ELLES208 [Early Dynastic (~2900–2340 BCE) | Ebla]; GCSL160 [Gudea period (~2100 BCE) | Lagash / Girsu]; HZL315 [Hittite period (~1650–1180 BCE) | Hittite]; KWU484 [Ur III (~2112–2004 BCE) | Administrative]; MZL088 [Standard Babylonian (any period) | Akkado-Babylonian]; PTACE183 [Early Dynastic (~2900–2340 BCE) | Ebla]; RSP330 [Early Dynastic (~2900–2340 BCE) | Presargonic Lagash]; SLLHA058 [Standard Babylonian (any period) | Akkado-Babylonian]
U+122FD,TE@g,TE,𒋽,Type_3,TEG_v1,,,,,LAK373 [Uruk IV–III (~3400–3000 BCE) | Archaic / Uruk]; ASY218 [Standard Babylonian (any period) | Akkadian syllabary]; BAU195 [Early Dynastic (~2900–2340 BCE) | Lagash]; ELLES203 [Early Dynastic (~2900–2340 BCE) | Ebla]; GCSL159 [Gudea period (~2100 BCE) | Lagash / Girsu]; PTACE179 [Early Dynastic (~2900–2340 BCE) | Ebla]; RSP310 [Early Dynastic (~2900–2340 BCE) | Presargonic Lagash]; LAK382 [Uruk IV–III (~3400–3000 BCE) | Archaic / Uruk]; ASY030a [Standard Babylonian (any period) | Akkadian syllabary]; ABZL283 [Old Babylonian (~2000–1600 BCE) | School texts]; ELLES208 [Early Dynastic (~2900–2340 BCE) | Ebla]; GCSL160 [Gudea period (~2100 BCE) | Lagash / Girsu]; HZL315 [Hittite period (~1650–1180 BCE) | Hittite]; KWU484 [Ur III (~2112–2004 BCE) | Administrative]; MZL088 [Standard Babylonian (any period) | Akkado-Babylonian]; PTACE183 [Early Dynastic (~2900–2340 BCE) | Ebla]; RSP330 [Early Dynastic (~2900–2340 BCE) | Presargonic Lagash]; SLLHA058 [Standard Babylonian (any period) | Akkado-Babylonian]
U+122FD,TE@g,|HI×GAN₂@t|,𒋽,Type_3,TEG_v1,,,,,ELLES208a [Early Dynastic (~2900–2340 BCE) | Ebla]; LAK382 [Uruk IV–III (~3400–3000 BCE) | Archaic / Uruk]; ASY030a [Standard Babylonian (any period) | Akkadian syllabary]; ABZL283 [Old Babylonian (~2000–1600 BCE) | School texts]; ELLES208 [Early Dynastic (~2900–2340 BCE) | Ebla]; GCSL160 [Gudea period (~2100 BCE) | Lagash / Girsu]; HZL315 [Hittite period (~1650–1180 BCE) | Hittite]; KWU484 [Ur III (~2112–2004 BCE) | Administrative]; MZL088 [Standard Babylonian (any period) | Akkado-Babylonian]; PTACE183 [Early Dynastic (~2900–2340 BCE) | Ebla]; RSP330 [Early Dynastic (~2900–2340 BCE) | Presargonic Lagash]; SLLHA058 [Standard Babylonian (any period) | Akkado-Babylonian]
U+12305,TU,KU₄,𒌅,Type_3,TU_v1,,,,,GCSL105 [Gudea period (~2100 BCE) | Lagash / Girsu]; LAK211 [Uruk IV–III (~3400–3000 BCE) | Archaic / Uruk]; ASY030 [Standard Babylonian (any period) | Akkadian syllabary]; ABZL382 [Old Babylonian (~2000–1600 BCE) | School texts]; BAU133 [Early Dynastic (~2900–2340 BCE) | Lagash]; ELLES122 [Early Dynastic (~2900–2340 BCE) | Ebla]; GCSL107 [Gudea period (~2100 BCE) | Lagash / Girsu]; HZL346 [Hittite period (~1650–1180 BCE) | Hittite]; MZL086 [Standard Babylonian (any period) | Akkado-Babylonian]; PTACE048 [Early Dynastic (~2900–2340 BCE) | Ebla]; REC147 [Uruk IV–III (~3400–3000 BCE) | Archaic / Uruk]; RSP443 [Early Dynastic (~2900–2340 BCE) | Presargonic Lagash]; SLLHA058 [Standard Babylonian (any period) | Akkado-Babylonian]; SYA025 [Standard Babylonian (any period) | Akkadian syllabary]
U+12305,TU,|ŠE.ŠU|,𒌅,Type_3,TU_v1,,,,,LAK141^a [Uruk IV–III (~3400–3000 BCE) | Archaic / Uruk]; LAK211 [Uruk IV–III (~3400–3000 BCE) | Archaic / Uruk]; ASY030 [Standard Babylonian (any period) | Akkadian syllabary]; ABZL382 [Old Babylonian (~2000–1600 BCE) | School texts]; BAU133 [Early Dynastic (~2900–2340 BCE) | Lagash]; ELLES122 [Early Dynastic (~2900–2340 BCE) | Ebla]; GCSL107 [Gudea period (~2100 BCE) | Lagash / Girsu]; HZL346 [Hittite period (~1650–1180 BCE) | Hittite]; MZL086 [Standard Babylonian (any period) | Akkado-Babylonian]; PTACE048 [Early Dynastic (~2900–2340 BCE) | Ebla]; REC147 [Uruk IV–III (~3400–3000 BCE) | Archaic / Uruk]; RSP443 [Early Dynastic (~2900–2340 BCE) | Presargonic Lagash]; SLLHA058 [Standard Babylonian (any period) | Akkado-Babylonian]; SYA025 [Standard Babylonian (any period) | Akkadian syllabary]
U+12305,TU,|ŠU×ŠE|,𒌅,Type_3,TU_v1,,,,,LAK141 [Uruk IV–III (~3400–3000 BCE) | Archaic / Uruk]; LAK211 [Uruk IV–III (~3400–3000 BCE) | Archaic / Uruk]; ASY030 [Standard Babylonian (any period) | Akkadian syllabary]; ABZL382 [Old Babylonian (~2000–1600 BCE) | School texts]; BAU133 [Early Dynastic (~2900–2340 BCE) | Lagash]; ELLES122 [Early Dynastic (~2900–2340 BCE) | Ebla]; GCSL107 [Gudea period (~2100 BCE) | Lagash / Girsu]; HZL346 [Hittite period (~1650–1180 BCE) | Hittite]; MZL086 [Standard Babylonian (any period) | Akkado-Babylonian]; PTACE048 [Early Dynastic (~2900–2340 BCE) | Ebla]; REC147 [Uruk IV–III (~3400–3000 BCE) | Archaic / Uruk]; RSP443 [Early Dynastic (~2900–2340 BCE) | Presargonic Lagash]; SLLHA058 [Standard Babylonian (any period) | Akkado-Babylonian]; SYA025 [Standard Babylonian (any period) | Akkadian syllabary]
U+12308,TUM,LAK496,𒌈,Type_3,TUM_v1,,,,,LAK496 [Uruk IV–III (~3400–3000 BCE) | Archaic / Uruk]; GCSL228 [Gudea period (~2100 BCE) | Lagash / Girsu]; LAK494 [Uruk IV–III (~3400–3000 BCE) | Archaic / Uruk]; ASY137 [Standard Babylonian (any period) | Akkadian syllabary]; ABZL075 [Old Babylonian (~2000–1600 BCE) | School texts]; BAU378 [Early Dynastic (~2900–2340 BCE) | Lagash]; ELLES256 [Early Dynastic (~2900–2340 BCE) | Ebla]; GCSL227 [Gudea period (~2100 BCE) | Lagash / Girsu]; HZL125 [Hittite period (~1650–1180 BCE) | Hittite]; KWU730 [Ur III (~2112–2004 BCE) | Administrative]; MZL354 [Standard Babylonian (any period) | Akkado-Babylonian]; PTACE224 [Early Dynastic (~2900–2340 BCE) | Ebla]; RSP404 [Early Dynastic (~2900–2340 BCE) | Presargonic Lagash]; SLLHA207 [Standard Babylonian (any period) | Akkado-Babylonian]; SYA119 [Standard Babylonian (any period) | Akkadian syllabary]
U+12309,|TUR&TUR.ZA&ZA|,|TUR.ZA|,𒌉,Type_2,compound,|TUR.ZA|,1,𒌉𒍝,U+12309; U+1235D,MZL257 [Standard Babylonian (any period) | Akkado-Babylonian]; SLLHA144f [Standard Babylonian (any period) | Akkado-Babylonian]
U+1235D,|TUR&TUR.ZA&ZA|,|TUR.ZA|,𒍝,Type_2,compound,|TUR.ZA|,2,𒌉𒍝,U+12309; U+1235D,MZL257 [Standard Babylonian (any period) | Akkado-Babylonian]; SLLHA144f [Standard Babylonian (any period) | Akkado-Babylonian]
U+1230A,|TUR&TUR.ZA&ZA|,|TUR&TUR.ZA&ZA.NA|,𒌊,Type_2,compound,|TUR&TUR.ZA&ZA.NA|,1,𒌊𒈾,U+1230A; U+1223E,MZL257 [Standard Babylonian (any period) | Akkado-Babylonian]; SLLHA144f [Standard Babylonian (any period) | Akkado-Babylonian]
U+1223E,|TUR&TUR.ZA&ZA|,|TUR&TUR.ZA&ZA.NA|,𒈾,Type_2,compound,|TUR&TUR.ZA&ZA.NA|,2,𒌊𒈾,U+1230A; U+1223E,MZL257 [Standard Babylonian (any period) | Akkado-Babylonian]; SLLHA144f [Standard Babylonian (any period) | Akkado-Babylonian]
U+12562 [unverified],U,U@90,󰀒,Type_1,U_v1,,,,,RSP028 [Early Dynastic (~2900–2340 BCE) | Presargonic Lagash]; LAK821^b [Uruk IV–III (~3400–3000 BCE) | Archaic / Uruk]; LAK840^b [Uruk IV–III (~3400–3000 BCE) | Archaic / Uruk]; LAK857^b [Uruk IV–III (~3400–3000 BCE) | Archaic / Uruk]; LAK859^b [Uruk IV–III (~3400–3000 BCE) | Archaic / Uruk]; ASY242 [Standard Babylonian (any period) | Akkadian syllabary]; ABZL337 [Old Babylonian (~2000–1600 BCE) | School texts]; GCSL176 [Gudea period (~2100 BCE) | Lagash / Girsu]; HZL261 [Hittite period (~1650–1180 BCE) | Hittite]; MZL661 [Standard Babylonian (any period) | Akkado-Babylonian]; RSP006 [Early Dynastic (~2900–2340 BCE) | Presargonic Lagash]; RSP008 [Early Dynastic (~2900–2340 BCE) | Presargonic Lagash]; SLLHA411 [Standard Babylonian (any period) | Akkado-Babylonian]; SYA213 [Standard Babylonian (any period) | Akkadian syllabary]
,|U.AD|,AD,𒌋𒀜,Type_3,UAD_v1,,,,,LAK635 [Uruk IV–III (~3400–3000 BCE) | Archaic / Uruk]; ASY108 [Standard Babylonian (any period) | Akkadian syllabary]; BAU311 [Early Dynastic (~2900–2340 BCE) | Lagash]; ELLES311 [Early Dynastic (~2900–2340 BCE) | Ebla]; GCSL270 [Gudea period (~2100 BCE) | Lagash / Girsu]; PTACE249 [Early Dynastic (~2900–2340 BCE) | Ebla]; RSP227 [Early Dynastic (~2900–2340 BCE) | Presargonic Lagash]; LAK414 [Uruk IV–III (~3400–3000 BCE) | Archaic / Uruk]; ABZL342 [Old Babylonian (~2000–1600 BCE) | School texts]; BAU181 [Early Dynastic (~2900–2340 BCE) | Lagash]; GCSL206 [Gudea period (~2100 BCE) | Lagash / Girsu]; HZL266 [Hittite period (~1650–1180 BCE) | Hittite]; KWU545 [Ur III (~2112–2004 BCE) | Administrative]; MZL683 [Standard Babylonian (any period) | Akkado-Babylonian]; RSP015 [Early Dynastic (~2900–2340 BCE) | Presargonic Lagash]; SLLHA430 [Standard Babylonian (any period) | Akkado-Babylonian]
U+122D9,|U.AD|,|ŠU₂.AD|,𒋙,Type_2,compound,|ŠU₂.AD|,1,𒋙𒀜,U+122D9; U+1201C,LAK414 [Uruk IV–III (~3400–3000 BCE) | Archaic / Uruk]; ABZL342 [Old Babylonian (~2000–1600 BCE) | School texts]; BAU181 [Early Dynastic (~2900–2340 BCE) | Lagash]; GCSL206 [Gudea period (~2100 BCE) | Lagash / Girsu]; HZL266 [Hittite period (~1650–1180 BCE) | Hittite]; KWU545 [Ur III (~2112–2004 BCE) | Administrative]; MZL683 [Standard Babylonian (any period) | Akkado-Babylonian]; RSP015 [Early Dynastic (~2900–2340 BCE) | Presargonic Lagash]; SLLHA430 [Standard Babylonian (any period) | Akkado-Babylonian]
U+1201C,|U.AD|,|ŠU₂.AD|,𒀜,Type_2,compound,|ŠU₂.AD|,2,𒋙𒀜,U+122D9; U+1201C,LAK414 [Uruk IV–III (~3400–3000 BCE) | Archaic / Uruk]; ABZL342 [Old Babylonian (~2000–1600 BCE) | School texts]; BAU181 [Early Dynastic (~2900–2340 BCE) | Lagash]; GCSL206 [Gudea period (~2100 BCE) | Lagash / Girsu]; HZL266 [Hittite period (~1650–1180 BCE) | Hittite]; KWU545 [Ur III (~2112–2004 BCE) | Administrative]; MZL683 [Standard Babylonian (any period) | Akkado-Babylonian]; RSP015 [Early Dynastic (~2900–2340 BCE) | Presargonic Lagash]; SLLHA430 [Standard Babylonian (any period) | Akkado-Babylonian]
U+12079,|U.DAR|,|DIŠ.DAR|,𒁹,Type_2,compound,|DIŠ.DAR|,1,𒁹𒁯,U+12079; U+1206F,HZL263 [Hittite period (~1650–1180 BCE) | Hittite]; MZL670 [Standard Babylonian (any period) | Akkado-Babylonian]; SLLHA418 [Standard Babylonian (any period) | Akkado-Babylonian]
U+1206F,|U.DAR|,|DIŠ.DAR|,𒁯,Type_2,compound,|DIŠ.DAR|,2,𒁹𒁯,U+12079; U+1206F,HZL263 [Hittite period (~1650–1180 BCE) | Hittite]; MZL670 [Standard Babylonian (any period) | Akkado-Babylonian]; SLLHA418 [Standard Babylonian (any period) | Akkado-Babylonian]
U+12039,|U.DAR|,|AŠ@t.DAR|,𒀹,Type_2,compound,|AŠ@t.DAR|,1,𒀹𒁯,U+12039; U+1206F,LAK179 [Uruk IV–III (~3400–3000 BCE) | Archaic / Uruk]; RSP011 [Early Dynastic (~2900–2340 BCE) | Presargonic Lagash]; HZL263 [Hittite period (~1650–1180 BCE) | Hittite]; MZL670 [Standard Babylonian (any period) | Akkado-Babylonian]; SLLHA418 [Standard Babylonian (any period) | Akkado-Babylonian]
U+1206F,|U.DAR|,|AŠ@t.DAR|,𒁯,Type_2,compound,|AŠ@t.DAR|,2,𒀹𒁯,U+12039; U+1206F,LAK179 [Uruk IV–III (~3400–3000 BCE) | Archaic / Uruk]; RSP011 [Early Dynastic (~2900–2340 BCE) | Presargonic Lagash]; HZL263 [Hittite period (~1650–1180 BCE) | Hittite]; MZL670 [Standard Babylonian (any period) | Akkado-Babylonian]; SLLHA418 [Standard Babylonian (any period) | Akkado-Babylonian]
U+1230B,|U.EDIN|,|U.BAHAR₂|,𒌋,Type_2,compound,|U.BAHAR₂|,1,𒌋𒁃,U+1230B; U+12043,
U+12043,|U.EDIN|,|U.BAHAR₂|,𒁃,Type_2,compound,|U.BAHAR₂|,2,𒌋𒁃,U+1230B; U+12043,
U+124DB,|U.GAN|,|AŠ.GAN|,𒓛,Type_1,UGAN_v1,,,,,LAK062 [Uruk IV–III (~3400–3000 BCE) | Archaic / Uruk]; ELLES038 [Early Dynastic (~2900–2340 BCE) | Ebla]; LAK407^a [Uruk IV–III (~3400–3000 BCE) | Archaic / Uruk]; ABZL345 [Old Babylonian (~2000–1600 BCE) | School texts]; BAU279 [Early Dynastic (~2900–2340 BCE) | Lagash]; HZL270 [Hittite period (~1650–1180 BCE) | Hittite]; KWU547 [Ur III (~2112–2004 BCE) | Administrative]; MZL684 [Standard Babylonian (any period) | Akkado-Babylonian]; RSP016 [Early Dynastic (~2900–2340 BCE) | Presargonic Lagash]; SLLHA428 [Standard Babylonian (any period) | Akkado-Babylonian]
U+1230B,|U.GAN|,|U.GAN@s|,𒌋,Type_2,compound,|U.GAN@s|,1,𒌋X,U+1230B; X,LAK407^a [Uruk IV–III (~3400–3000 BCE) | Archaic / Uruk]; ABZL345 [Old Babylonian (~2000–1600 BCE) | School texts]; BAU279 [Early Dynastic (~2900–2340 BCE) | Lagash]; HZL270 [Hittite period (~1650–1180 BCE) | Hittite]; KWU547 [Ur III (~2112–2004 BCE) | Administrative]; MZL684 [Standard Babylonian (any period) | Akkado-Babylonian]; RSP016 [Early Dynastic (~2900–2340 BCE) | Presargonic Lagash]; SLLHA428 [Standard Babylonian (any period) | Akkado-Babylonian]
X,|U.GAN|,|U.GAN@s|,,Type_2,compound,|U.GAN@s|,2,𒌋X,U+1230B; X,LAK407^a [Uruk IV–III (~3400–3000 BCE) | Archaic / Uruk]; ABZL345 [Old Babylonian (~2000–1600 BCE) | School texts]; BAU279 [Early Dynastic (~2900–2340 BCE) | Lagash]; HZL270 [Hittite period (~1650–1180 BCE) | Hittite]; KWU547 [Ur III (~2112–2004 BCE) | Administrative]; MZL684 [Standard Babylonian (any period) | Akkado-Babylonian]; RSP016 [Early Dynastic (~2900–2340 BCE) | Presargonic Lagash]; SLLHA428 [Standard Babylonian (any period) | Akkado-Babylonian]
U+122D9,|U.GUD|,|ŠU₂.GUD|,𒋙,Type_2,compound,|ŠU₂.GUD|,1,𒋙𒄞,U+122D9; U+1211E,LAK299 [Uruk IV–III (~3400–3000 BCE) | Archaic / Uruk]; LAK300 [Uruk IV–III (~3400–3000 BCE) | Archaic / Uruk]; ASY258 [Standard Babylonian (any period) | Akkadian syllabary]; ABZL344 [Old Babylonian (~2000–1600 BCE) | School texts]; BAU221 [Early Dynastic (~2900–2340 BCE) | Lagash]; ELLES173 [Early Dynastic (~2900–2340 BCE) | Ebla]; GCSL199 [Gudea period (~2100 BCE) | Lagash / Girsu]; HZL275 [Hittite period (~1650–1180 BCE) | Hittite]; KWU502 [Ur III (~2112–2004 BCE) | Administrative]; MZL698 [Standard Babylonian (any period) | Akkado-Babylonian]; PTACE150 [Early Dynastic (~2900–2340 BCE) | Ebla]; RSP012 [Early Dynastic (~2900–2340 BCE) | Presargonic Lagash]; SLLHA441 [Standard Babylonian (any period) | Akkado-Babylonian]; SYA226 [Standard Babylonian (any period) | Akkadian syllabary]
U+1211E,|U.GUD|,|ŠU₂.GUD|,𒄞,Type_2,compound,|ŠU₂.GUD|,2,𒋙𒄞,U+122D9; U+1211E,LAK299 [Uruk IV–III (~3400–3000 BCE) | Archaic / Uruk]; LAK300 [Uruk IV–III (~3400–3000 BCE) | Archaic / Uruk]; ASY258 [Standard Babylonian (any period) | Akkadian syllabary]; ABZL344 [Old Babylonian (~2000–1600 BCE) | School texts]; BAU221 [Early Dynastic (~2900–2340 BCE) | Lagash]; ELLES173 [Early Dynastic (~2900–2340 BCE) | Ebla]; GCSL199 [Gudea period (~2100 BCE) | Lagash / Girsu]; HZL275 [Hittite period (~1650–1180 BCE) | Hittite]; KWU502 [Ur III (~2112–2004 BCE) | Administrative]; MZL698 [Standard Babylonian (any period) | Akkado-Babylonian]; PTACE150 [Early Dynastic (~2900–2340 BCE) | Ebla]; RSP012 [Early Dynastic (~2900–2340 BCE) | Presargonic Lagash]; SLLHA441 [Standard Babylonian (any period) | Akkado-Babylonian]; SYA226 [Standard Babylonian (any period) | Akkadian syllabary]
U+1230B,|U.KA|,|U.SAG×PAP|,𒌋,Type_2,compound,|U.SAG×PAP|,1,𒌋X,U+1230B; X,LAK413 [Uruk IV–III (~3400–3000 BCE) | Archaic / Uruk]; ASY243 [Standard Babylonian (any period) | Akkadian syllabary]; ABZL358 [Old Babylonian (~2000–1600 BCE) | School texts]; HZL272 [Hittite period (~1650–1180 BCE) | Hittite]; KWU514 [Ur III (~2112–2004 BCE) | Administrative]; MZL663 [Standard Babylonian (any period) | Akkado-Babylonian]; RSP013 [Early Dynastic (~2900–2340 BCE) | Presargonic Lagash]; SLLHA412 [Standard Babylonian (any period) | Akkado-Babylonian]; SYA214 [Standard Babylonian (any period) | Akkadian syllabary]
X,|U.KA|,|U.SAG×PAP|,,Type_2,compound,|U.SAG×PAP|,2,𒌋X,U+1230B; X,LAK413 [Uruk IV–III (~3400–3000 BCE) | Archaic / Uruk]; ASY243 [Standard Babylonian (any period) | Akkadian syllabary]; ABZL358 [Old Babylonian (~2000–1600 BCE) | School texts]; HZL272 [Hittite period (~1650–1180 BCE) | Hittite]; KWU514 [Ur III (~2112–2004 BCE) | Administrative]; MZL663 [Standard Babylonian (any period) | Akkado-Babylonian]; RSP013 [Early Dynastic (~2900–2340 BCE) | Presargonic Lagash]; SLLHA412 [Standard Babylonian (any period) | Akkado-Babylonian]; SYA214 [Standard Babylonian (any period) | Akkadian syllabary]
U+1230B,|U.KID|,|U.GA₂|,𒌋,Type_2,compound,|U.GA₂|,1,𒌋𒂷,U+1230B; U+120B7,ABZL346 [Old Babylonian (~2000–1600 BCE) | School texts]; MZL699 [Standard Babylonian (any period) | Akkado-Babylonian]; SLLHA442 [Standard Babylonian (any period) | Akkado-Babylonian]
U+120B7,|U.KID|,|U.GA₂|,𒂷,Type_2,compound,|U.GA₂|,2,𒌋𒂷,U+1230B; U+120B7,ABZL346 [Old Babylonian (~2000–1600 BCE) | School texts]; MZL699 [Standard Babylonian (any period) | Akkado-Babylonian]; SLLHA442 [Standard Babylonian (any period) | Akkado-Babylonian]
U+1230B,|U.MU|,|U.KUL|,𒌋,Type_2,compound,|U.KUL|,1,𒌋𒆰,U+1230B; U+121B0,ABZL340 [Old Babylonian (~2000–1600 BCE) | School texts]; HZL264 [Hittite period (~1650–1180 BCE) | Hittite]; MZL665 [Standard Babylonian (any period) | Akkado-Babylonian]; SLLHA415 [Standard Babylonian (any period) | Akkado-Babylonian]
U+121B0,|U.MU|,|U.KUL|,𒆰,Type_2,compound,|U.KUL|,2,𒌋𒆰,U+1230B; U+121B0,ABZL340 [Old Babylonian (~2000–1600 BCE) | School texts]; HZL264 [Hittite period (~1650–1180 BCE) | Hittite]; MZL665 [Standard Babylonian (any period) | Akkado-Babylonian]; SLLHA415 [Standard Babylonian (any period) | Akkado-Babylonian]
U+12295,|U.SAG|,|SAG.ŠU₂|,𒊕,Type_2,compound,|SAG.ŠU₂|,1,𒊕𒋙,U+12295; U+122D9,LAK316 [Uruk IV–III (~3400–3000 BCE) | Archaic / Uruk]; ABZL357 [Old Babylonian (~2000–1600 BCE) | School texts]; BAU179 [Early Dynastic (~2900–2340 BCE) | Lagash]; ELLES180 [Early Dynastic (~2900–2340 BCE) | Ebla]; KWU513 [Ur III (~2112–2004 BCE) | Administrative]; MZL671 [Standard Babylonian (any period) | Akkado-Babylonian]; PTACE156 [Early Dynastic (~2900–2340 BCE) | Ebla]; SLLHA419 [Standard Babylonian (any period) | Akkado-Babylonian]
U+122D9,|U.SAG|,|SAG.ŠU₂|,𒋙,Type_2,compound,|SAG.ŠU₂|,2,𒊕𒋙,U+12295; U+122D9,LAK316 [Uruk IV–III (~3400–3000 BCE) | Archaic / Uruk]; ABZL357 [Old Babylonian (~2000–1600 BCE) | School texts]; BAU179 [Early Dynastic (~2900–2340 BCE) | Lagash]; ELLES180 [Early Dynastic (~2900–2340 BCE) | Ebla]; KWU513 [Ur III (~2112–2004 BCE) | Administrative]; MZL671 [Standard Babylonian (any period) | Akkado-Babylonian]; PTACE156 [Early Dynastic (~2900–2340 BCE) | Ebla]; SLLHA419 [Standard Babylonian (any period) | Akkado-Babylonian]
U+12295,|U.SAG|,|SAG.U|,𒊕,Type_2,compound,|SAG.U|,1,𒊕𒌋,U+12295; U+1230B,LAK316 [Uruk IV–III (~3400–3000 BCE) | Archaic / Uruk]; ABZL357 [Old Babylonian (~2000–1600 BCE) | School texts]; BAU179 [Early Dynastic (~2900–2340 BCE) | Lagash]; ELLES180 [Early Dynastic (~2900–2340 BCE) | Ebla]; KWU513 [Ur III (~2112–2004 BCE) | Administrative]; MZL671 [Standard Babylonian (any period) | Akkado-Babylonian]; PTACE156 [Early Dynastic (~2900–2340 BCE) | Ebla]; SLLHA419 [Standard Babylonian (any period) | Akkado-Babylonian]
U+1230B,|U.SAG|,|SAG.U|,𒌋,Type_2,compound,|SAG.U|,2,𒊕𒌋,U+12295; U+1230B,LAK316 [Uruk IV–III (~3400–3000 BCE) | Archaic / Uruk]; ABZL357 [Old Babylonian (~2000–1600 BCE) | School texts]; BAU179 [Early Dynastic (~2900–2340 BCE) | Lagash]; ELLES180 [Early Dynastic (~2900–2340 BCE) | Ebla]; KWU513 [Ur III (~2112–2004 BCE) | Administrative]; MZL671 [Standard Babylonian (any period) | Akkado-Babylonian]; PTACE156 [Early Dynastic (~2900–2340 BCE) | Ebla]; SLLHA419 [Standard Babylonian (any period) | Akkado-Babylonian]
,|U.SAG|,|SAG×U|,𒌋𒊕,Type_3,USAG_v1,,,,,LAK316 [Uruk IV–III (~3400–3000 BCE) | Archaic / Uruk]; ABZL357 [Old Babylonian (~2000–1600 BCE) | School texts]; BAU179 [Early Dynastic (~2900–2340 BCE) | Lagash]; ELLES180 [Early Dynastic (~2900–2340 BCE) | Ebla]; KWU513 [Ur III (~2112–2004 BCE) | Administrative]; MZL671 [Standard Babylonian (any period) | Akkado-Babylonian]; PTACE156 [Early Dynastic (~2900–2340 BCE) | Ebla]; SLLHA419 [Standard Babylonian (any period) | Akkado-Babylonian]
U+124EE,|U.ŠA|,LAK384,𒓮,Type_1,USA_v1,,,,,LAK384 [Uruk IV–III (~3400–3000 BCE) | Archaic / Uruk]; ELLES209 [Early Dynastic (~2900–2340 BCE) | Ebla]; PTACE302 [Early Dynastic (~2900–2340 BCE) | Ebla]; LAK411 [Uruk IV–III (~3400–3000 BCE) | Archaic / Uruk]; KWU509 [Ur III (~2112–2004 BCE) | Administrative]
U+1244A,|U.U|,2(AŠ@t),𒑊,Type_1,UU_v1,,,,,LAK185 [Uruk IV–III (~3400–3000 BCE) | Archaic / Uruk]; PTACE206 [Early Dynastic (~2900–2340 BCE) | Ebla]; ASY274 [Standard Babylonian (any period) | Akkadian syllabary]; ABZL363 [Old Babylonian (~2000–1600 BCE) | School texts]; HZL296 [Hittite period (~1650–1180 BCE) | Hittite]; MZL708 [Standard Babylonian (any period) | Akkado-Babylonian]; SLLHA471 [Standard Babylonian (any period) | Akkado-Babylonian]; SYA240 [Standard Babylonian (any period) | Akkadian syllabary]
U+12563 [unverified],|U.U|,2(U@c),𒕣,Type_1,UU_v2,,,,,ASY274 [Standard Babylonian (any period) | Akkadian syllabary]; ABZL363 [Old Babylonian (~2000–1600 BCE) | School texts]; HZL296 [Hittite period (~1650–1180 BCE) | Hittite]; MZL708 [Standard Babylonian (any period) | Akkado-Babylonian]; SLLHA471 [Standard Babylonian (any period) | Akkado-Babylonian]; SYA240 [Standard Babylonian (any period) | Akkadian syllabary]
U+1230D,|U.U.U|,3(AŠ@t),𒌍,Type_3,UUU_v1,,,,,LAK191 [Uruk IV–III (~3400–3000 BCE) | Archaic / Uruk]; ASY275 [Standard Babylonian (any period) | Akkadian syllabary]; ABZL366 [Old Babylonian (~2000–1600 BCE) | School texts]; HZL331 [Hittite period (~1650–1180 BCE) | Hittite]; MZL711 [Standard Babylonian (any period) | Akkado-Babylonian]; SLLHA472 [Standard Babylonian (any period) | Akkado-Babylonian]; SYA241 [Standard Babylonian (any period) | Akkadian syllabary]
U+12564 [unverified],|U.U.U|,3(U@c),𒕤,Type_1,UUU_v2,,,,,ASY275 [Standard Babylonian (any period) | Akkadian syllabary]; ABZL366 [Old Babylonian (~2000–1600 BCE) | School texts]; HZL331 [Hittite period (~1650–1180 BCE) | Hittite]; MZL711 [Standard Babylonian (any period) | Akkado-Babylonian]; SLLHA472 [Standard Babylonian (any period) | Akkado-Babylonian]; SYA241 [Standard Babylonian (any period) | Akkadian syllabary]
U+1230D,|U.U.U|,3(U@c)@v,𒌍,Type_3,UUU_v1,,,,,ASY275 [Standard Babylonian (any period) | Akkadian syllabary]; ABZL366 [Old Babylonian (~2000–1600 BCE) | School texts]; HZL331 [Hittite period (~1650–1180 BCE) | Hittite]; MZL711 [Standard Babylonian (any period) | Akkado-Babylonian]; SLLHA472 [Standard Babylonian (any period) | Akkado-Babylonian]; SYA241 [Standard Babylonian (any period) | Akkadian syllabary]
,|U.UD.KID|,|U.KID|,𒌋𒌓𒆤,Type_3,UUDKID_v1,,,,,LAK402 [Uruk IV–III (~3400–3000 BCE) | Archaic / Uruk]; KWU512 [Ur III (~2112–2004 BCE) | Administrative]; MZL707 [Standard Babylonian (any period) | Akkado-Babylonian]; RSP017 [Early Dynastic (~2900–2340 BCE) | Presargonic Lagash]; SLLHA447a [Standard Babylonian (any period) | Akkado-Babylonian]
,|U.5(DIŠ)|,15,𒌋𒐊,Type_3,U5DIS_v1,,,,,MZL747 [Standard Babylonian (any period) | Akkado-Babylonian]; SLLHA470 [Standard Babylonian (any period) | Akkado-Babylonian]
U+1258E [unverified],U@g,1(BURU@c),𒖎,Type_1,UG_v1,,,,,LAK858^a [Uruk IV–III (~3400–3000 BCE) | Archaic / Uruk]; RSP034^a [Early Dynastic (~2900–2340 BCE) | Presargonic Lagash]; LAK808 [Uruk IV–III (~3400–3000 BCE) | Archaic / Uruk]; LAK858^b [Uruk IV–III (~3400–3000 BCE) | Archaic / Uruk]; HZL261 [Hittite period (~1650–1180 BCE) | Hittite]; MZL662 [Standard Babylonian (any period) | Akkado-Babylonian]; SLLHA350_8 [Standard Babylonian (any period) | Akkado-Babylonian]
,|U₂.GIR₂@g|,GIR₂,𒌑𒄉,Type_3,UGIRG_v1,,,,,LAK006 [Uruk IV–III (~3400–3000 BCE) | Archaic / Uruk]; ASY009 [Standard Babylonian (any period) | Akkadian syllabary]; GCSL002 [Gudea period (~2100 BCE) | Lagash / Girsu]; PTACE005 [Early Dynastic (~2900–2340 BCE) | Ebla]
U+12311,|U₂.GIR₂@g|,|U₂.GIR₂|,𒌑,Type_2,compound,|U₂.GIR₂|,1,𒌑𒄈,U+12311; U+12108,
U+12108,|U₂.GIR₂@g|,|U₂.GIR₂|,𒄈,Type_2,compound,|U₂.GIR₂|,2,𒌑𒄈,U+12311; U+12108,
U+12157,|U₂.KA|,|KA.U₂|,𒅗,Type_2,compound,|KA.U₂|,1,𒅗𒌑,U+12157; U+12311,
U+12311,|U₂.KA|,|KA.U₂|,𒌑,Type_2,compound,|KA.U₂|,2,𒅗𒌑,U+12157; U+12311,
U+12311,|U₂.KI.SUM.GA|,|U₂.KI.SUM|,𒌑,Type_2,compound,|U₂.KI.SUM|,1,𒌑𒆠𒋧,U+12311; U+121A0; U+122E7,
U+121A0,|U₂.KI.SUM.GA|,|U₂.KI.SUM|,𒆠,Type_2,compound,|U₂.KI.SUM|,2,𒌑𒆠𒋧,U+12311; U+121A0; U+122E7,
U+122E7,|U₂.KI.SUM.GA|,|U₂.KI.SUM|,𒋧,Type_2,compound,|U₂.KI.SUM|,3,𒌑𒆠𒋧,U+12311; U+121A0; U+122E7,
U+12311,|U₂.KUR.NI.TUK.KI|,|U₂.KUR.SAL.TUK|,𒌑,Type_2,compound,|U₂.KUR.SAL.TUK|,1,𒌑𒆳𒊩𒌇,U+12311; U+121B3; U+122A9; U+12307,
U+121B3,|U₂.KUR.NI.TUK.KI|,|U₂.KUR.SAL.TUK|,𒆳,Type_2,compound,|U₂.KUR.SAL.TUK|,2,𒌑𒆳𒊩𒌇,U+12311; U+121B3; U+122A9; U+12307,
U+122A9,|U₂.KUR.NI.TUK.KI|,|U₂.KUR.SAL.TUK|,𒊩,Type_2,compound,|U₂.KUR.SAL.TUK|,3,𒌑𒆳𒊩𒌇,U+12311; U+121B3; U+122A9; U+12307,
U+12307,|U₂.KUR.NI.TUK.KI|,|U₂.KUR.SAL.TUK|,𒌇,Type_2,compound,|U₂.KUR.SAL.TUK|,4,𒌑𒆳𒊩𒌇,U+12311; U+121B3; U+122A9; U+12307,
U+121B3,|U₂.KUR.RA|,|KUR.RA|,𒆳,Type_2,compound,|KUR.RA|,1,𒆳𒊏,U+121B3; U+1228F,
U+1228F,|U₂.KUR.RA|,|KUR.RA|,𒊏,Type_2,compound,|KUR.RA|,2,𒆳𒊏,U+121B3; U+1228F,
U+12311,|U₂.KUR.RA|,|U₂.KUR|,𒌑,Type_2,compound,|U₂.KUR|,1,𒌑𒆳,U+12311; U+121B3,
U+121B3,|U₂.KUR.RA|,|U₂.KUR|,𒆳,Type_2,compound,|U₂.KUR|,2,𒌑𒆳,U+12311; U+121B3,
U+121B3,|U₂.KUR.ZA.MUŠ₃@g.KI|,|KUR.MUŠ₃|,𒆳,Type_2,compound,|KUR.MUŠ₃|,1,𒆳𒈹,U+121B3; U+12239,
U+12239,|U₂.KUR.ZA.MUŠ₃@g.KI|,|KUR.MUŠ₃|,𒈹,Type_2,compound,|KUR.MUŠ₃|,2,𒆳𒈹,U+121B3; U+12239,
U+121B3,|U₂.KUR.ZA.MUŠ₃@g.KI|,|KUR.MUŠ₃@g.ZA|,𒆳,Type_2,compound,|KUR.MUŠ₃@g.ZA|,1,𒆳𒈽𒍝,U+121B3; U+1223D; U+1235D,
U+1223D,|U₂.KUR.ZA.MUŠ₃@g.KI|,|KUR.MUŠ₃@g.ZA|,𒈽,Type_2,compound,|KUR.MUŠ₃@g.ZA|,2,𒆳𒈽𒍝,U+121B3; U+1223D; U+1235D,
U+1235D,|U₂.KUR.ZA.MUŠ₃@g.KI|,|KUR.MUŠ₃@g.ZA|,𒍝,Type_2,compound,|KUR.MUŠ₃@g.ZA|,3,𒆳𒈽𒍝,U+121B3; U+1223D; U+1235D,
U+120B5,|U₂.NAGA.GA|,|GA.NAGA|,𒂵,Type_2,compound,|GA.NAGA|,1,𒂵𒉀,U+120B5; U+12240,
U+12240,|U₂.NAGA.GA|,|GA.NAGA|,𒉀,Type_2,compound,|GA.NAGA|,2,𒂵𒉀,U+120B5; U+12240,
U+12240,|U₂.NAGA.GA|,|NAGA.U₂|,𒉀,Type_2,compound,|NAGA.U₂|,1,𒉀𒌑,U+12240; U+12311,
U+12311,|U₂.NAGA.GA|,|NAGA.U₂|,𒌑,Type_2,compound,|NAGA.U₂|,2,𒉀𒌑,U+12240; U+12311,
U+12311,|U₂.NAGA.GA|,|U₂.NAGA|,𒌑,Type_2,compound,|U₂.NAGA|,1,𒌑𒉀,U+12311; U+12240,
U+12240,|U₂.NAGA.GA|,|U₂.NAGA|,𒉀,Type_2,compound,|U₂.NAGA|,2,𒌑𒉀,U+12311; U+12240,
U+12311,|U₂.NAGA.GA|,|U₂.NAGA.A|,𒌑,Type_2,compound,|U₂.NAGA.A|,1,𒌑𒉀𒀀,U+12311; U+12240; U+12000,
U+12240,|U₂.NAGA.GA|,|U₂.NAGA.A|,𒉀,Type_2,compound,|U₂.NAGA.A|,2,𒌑𒉀𒀀,U+12311; U+12240; U+12000,
U+12000,|U₂.NAGA.GA|,|U₂.NAGA.A|,𒀀,Type_2,compound,|U₂.NAGA.A|,3,𒌑𒉀𒀀,U+12311; U+12240; U+12000,
,|UD.AB|,ARARMA₂~a,𒌓𒀊,Type_3,UDAB_v1,,,,,ZATU034 [Uruk IV–III (~3400–3000 BCE) | Archaic / Uruk]; BAU201 [Early Dynastic (~2900–2340 BCE) | Lagash]
U+1202D,|UD.AN.UD|,|AN.UD.AN.UD|,𒀭,Type_2,compound,|AN.UD.AN.UD|,1,𒀭𒌓𒀭𒌓,U+1202D; U+12313; U+1202D; U+12313,
U+12313,|UD.AN.UD|,|AN.UD.AN.UD|,𒌓,Type_2,compound,|AN.UD.AN.UD|,2,𒀭𒌓𒀭𒌓,U+1202D; U+12313; U+1202D; U+12313,
U+1202D,|UD.AN.UD|,|AN.UD.AN.UD|,𒀭,Type_2,compound,|AN.UD.AN.UD|,3,𒀭𒌓𒀭𒌓,U+1202D; U+12313; U+1202D; U+12313,
U+12313,|UD.AN.UD|,|AN.UD.AN.UD|,𒌓,Type_2,compound,|AN.UD.AN.UD|,4,𒀭𒌓𒀭𒌓,U+1202D; U+12313; U+1202D; U+12313,
,|UD.DU|,|LAGAR@g×DU×KASKAL|,𒌓𒁺,Type_3,UDDU_v1,,,,,ASY222 [Standard Babylonian (any period) | Akkadian syllabary]; BAU198a [Early Dynastic (~2900–2340 BCE) | Lagash]; GCSL173 [Gudea period (~2100 BCE) | Lagash / Girsu]; RSP326 [Early Dynastic (~2900–2340 BCE) | Presargonic Lagash]; SYA194 [Standard Babylonian (any period) | Akkadian syllabary]
U+12000,|UD.GIŠ%GIŠ.NUN|,|A.GIŠ%GIŠ.NUN|,𒀀,Type_2,compound,|A.GIŠ%GIŠ.NUN|,1,𒀀𒄒𒉣,U+12000; U+12112; U+12263,
U+12112,|UD.GIŠ%GIŠ.NUN|,|A.GIŠ%GIŠ.NUN|,𒄒,Type_2,compound,|A.GIŠ%GIŠ.NUN|,2,𒀀𒄒𒉣,U+12000; U+12112; U+12263,
U+12263,|UD.GIŠ%GIŠ.NUN|,|A.GIŠ%GIŠ.NUN|,𒉣,Type_2,compound,|A.GIŠ%GIŠ.NUN|,3,𒀀𒄒𒉣,U+12000; U+12112; U+12263,
U+12112,|UD.GIŠ%GIŠ.NUN|,|GIŠ%GIŠ.NUN|,𒄒,Type_2,compound,|GIŠ%GIŠ.NUN|,1,𒄒𒉣,U+12112; U+12263,
U+12263,|UD.GIŠ%GIŠ.NUN|,|GIŠ%GIŠ.NUN|,𒉣,Type_2,compound,|GIŠ%GIŠ.NUN|,2,𒄒𒉣,U+12112; U+12263,
U+12263,|UD.GIŠ%GIŠ.NUN|,|NUN.GIŠ%GIŠ|,𒉣,Type_2,compound,|NUN.GIŠ%GIŠ|,1,𒉣𒄒,U+12263; U+12112,
U+12112,|UD.GIŠ%GIŠ.NUN|,|NUN.GIŠ%GIŠ|,𒄒,Type_2,compound,|NUN.GIŠ%GIŠ|,2,𒉣𒄒,U+12263; U+12112,
U+12313,|UD.GIŠ%GIŠ.NUN|,|UD.AN.(GIŠ%GIŠ)@g|,𒌓,Type_2,compound,|UD.AN.(GIŠ%GIŠ)@g|,1,𒌓𒀭X,U+12313; U+1202D; X,
U+1202D,|UD.GIŠ%GIŠ.NUN|,|UD.AN.(GIŠ%GIŠ)@g|,𒀭,Type_2,compound,|UD.AN.(GIŠ%GIŠ)@g|,2,𒌓𒀭X,U+12313; U+1202D; X,
X,|UD.GIŠ%GIŠ.NUN|,|UD.AN.(GIŠ%GIŠ)@g|,,Type_2,compound,|UD.AN.(GIŠ%GIŠ)@g|,3,𒌓𒀭X,U+12313; U+1202D; X,
U+12313,|UD.GIŠ%GIŠ.NUN|,|UD.(GIŠ%GIŠ)@g.AN|,𒌓,Type_2,compound,|UD.(GIŠ%GIŠ)@g.AN|,1,𒌓X𒀭,U+12313; X; U+1202D,
X,|UD.GIŠ%GIŠ.NUN|,|UD.(GIŠ%GIŠ)@g.AN|,,Type_2,compound,|UD.(GIŠ%GIŠ)@g.AN|,2,𒌓X𒀭,U+12313; X; U+1202D,
U+1202D,|UD.GIŠ%GIŠ.NUN|,|UD.(GIŠ%GIŠ)@g.AN|,𒀭,Type_2,compound,|UD.(GIŠ%GIŠ)@g.AN|,3,𒌓X𒀭,U+12313; X; U+1202D,
U+12313,|UD.GIŠ%GIŠ.NUN|,|UD.GIŠ%GIŠ.NUN.KI|,𒌓,Type_2,compound,|UD.GIŠ%GIŠ.NUN.KI|,1,𒌓𒄒𒉣𒆠,U+12313; U+12112; U+12263; U+121A0,
U+12112,|UD.GIŠ%GIŠ.NUN|,|UD.GIŠ%GIŠ.NUN.KI|,𒄒,Type_2,compound,|UD.GIŠ%GIŠ.NUN.KI|,2,𒌓𒄒𒉣𒆠,U+12313; U+12112; U+12263; U+121A0,
U+12263,|UD.GIŠ%GIŠ.NUN|,|UD.GIŠ%GIŠ.NUN.KI|,𒉣,Type_2,compound,|UD.GIŠ%GIŠ.NUN.KI|,3,𒌓𒄒𒉣𒆠,U+12313; U+12112; U+12263; U+121A0,
U+121A0,|UD.GIŠ%GIŠ.NUN|,|UD.GIŠ%GIŠ.NUN.KI|,𒆠,Type_2,compound,|UD.GIŠ%GIŠ.NUN.KI|,4,𒌓𒄒𒉣𒆠,U+12313; U+12112; U+12263; U+121A0,
U+12313,|UD.GIŠ%GIŠ.NUN|,|UD.LAM.NUN|,𒌓,Type_2,compound,|UD.LAM.NUN|,1,𒌓𒇴𒉣,U+12313; U+121F4; U+12263,
U+121F4,|UD.GIŠ%GIŠ.NUN|,|UD.LAM.NUN|,𒇴,Type_2,compound,|UD.LAM.NUN|,2,𒌓𒇴𒉣,U+12313; U+121F4; U+12263,
U+12263,|UD.GIŠ%GIŠ.NUN|,|UD.LAM.NUN|,𒉣,Type_2,compound,|UD.LAM.NUN|,3,𒌓𒇴𒉣,U+12313; U+121F4; U+12263,
U+12313,|UD.GIŠ%GIŠ.NUN|,|UD.NUN.GIŠ%GIŠ|,𒌓,Type_2,compound,|UD.NUN.GIŠ%GIŠ|,1,𒌓𒉣𒄒,U+12313; U+12263; U+12112,
U+12263,|UD.GIŠ%GIŠ.NUN|,|UD.NUN.GIŠ%GIŠ|,𒉣,Type_2,compound,|UD.NUN.GIŠ%GIŠ|,2,𒌓𒉣𒄒,U+12313; U+12263; U+12112,
U+12112,|UD.GIŠ%GIŠ.NUN|,|UD.NUN.GIŠ%GIŠ|,𒄒,Type_2,compound,|UD.NUN.GIŠ%GIŠ|,3,𒌓𒉣𒄒,U+12313; U+12263; U+12112,
U+12313,|UD.HU.HI.NUN|,|UD.HI.HU.HI.NUN.NA|,𒌓,Type_2,compound,|UD.HI.HU.HI.NUN.NA|,1,𒌓𒄭𒄷𒄭𒉣𒈾,U+12313; U+1212D; U+12137; U+1212D; U+12263; U+1223E,
U+1212D,|UD.HU.HI.NUN|,|UD.HI.HU.HI.NUN.NA|,𒄭,Type_2,compound,|UD.HI.HU.HI.NUN.NA|,2,𒌓𒄭𒄷𒄭𒉣𒈾,U+12313; U+1212D; U+12137; U+1212D; U+12263; U+1223E,
U+12137,|UD.HU.HI.NUN|,|UD.HI.HU.HI.NUN.NA|,𒄷,Type_2,compound,|UD.HI.HU.HI.NUN.NA|,3,𒌓𒄭𒄷𒄭𒉣𒈾,U+12313; U+1212D; U+12137; U+1212D; U+12263; U+1223E,
U+1212D,|UD.HU.HI.NUN|,|UD.HI.HU.HI.NUN.NA|,𒄭,Type_2,compound,|UD.HI.HU.HI.NUN.NA|,4,𒌓𒄭𒄷𒄭𒉣𒈾,U+12313; U+1212D; U+12137; U+1212D; U+12263; U+1223E,
U+12263,|UD.HU.HI.NUN|,|UD.HI.HU.HI.NUN.NA|,𒉣,Type_2,compound,|UD.HI.HU.HI.NUN.NA|,5,𒌓𒄭𒄷𒄭𒉣𒈾,U+12313; U+1212D; U+12137; U+1212D; U+12263; U+1223E,
U+1223E,|UD.HU.HI.NUN|,|UD.HI.HU.HI.NUN.NA|,𒈾,Type_2,compound,|UD.HI.HU.HI.NUN.NA|,6,𒌓𒄭𒄷𒄭𒉣𒈾,U+12313; U+1212D; U+12137; U+1212D; U+12263; U+1223E,
U+12313,|UD.HU.HI.NUN|,|UD.HU.HI.HU.KI|,𒌓,Type_2,compound,|UD.HU.HI.HU.KI|,1,𒌓𒄷𒄭𒄷𒆠,U+12313; U+12137; U+1212D; U+12137; U+121A0,
U+12137,|UD.HU.HI.NUN|,|UD.HU.HI.HU.KI|,𒄷,Type_2,compound,|UD.HU.HI.HU.KI|,2,𒌓𒄷𒄭𒄷𒆠,U+12313; U+12137; U+1212D; U+12137; U+121A0,
U+1212D,|UD.HU.HI.NUN|,|UD.HU.HI.HU.KI|,𒄭,Type_2,compound,|UD.HU.HI.HU.KI|,3,𒌓𒄷𒄭𒄷𒆠,U+12313; U+12137; U+1212D; U+12137; U+121A0,
U+12137,|UD.HU.HI.NUN|,|UD.HU.HI.HU.KI|,𒄷,Type_2,compound,|UD.HU.HI.HU.KI|,4,𒌓𒄷𒄭𒄷𒆠,U+12313; U+12137; U+1212D; U+12137; U+121A0,
U+121A0,|UD.HU.HI.NUN|,|UD.HU.HI.HU.KI|,𒆠,Type_2,compound,|UD.HU.HI.HU.KI|,5,𒌓𒄷𒄭𒄷𒆠,U+12313; U+12137; U+1212D; U+12137; U+121A0,
U+12313,|UD.HU.HI.NUN|,|UD.HU.HI.NUN.KI|,𒌓,Type_2,compound,|UD.HU.HI.NUN.KI|,1,𒌓𒄷𒄭𒉣𒆠,U+12313; U+12137; U+1212D; U+12263; U+121A0,
U+12137,|UD.HU.HI.NUN|,|UD.HU.HI.NUN.KI|,𒄷,Type_2,compound,|UD.HU.HI.NUN.KI|,2,𒌓𒄷𒄭𒉣𒆠,U+12313; U+12137; U+1212D; U+12263; U+121A0,
U+1212D,|UD.HU.HI.NUN|,|UD.HU.HI.NUN.KI|,𒄭,Type_2,compound,|UD.HU.HI.NUN.KI|,3,𒌓𒄷𒄭𒉣𒆠,U+12313; U+12137; U+1212D; U+12263; U+121A0,
U+12263,|UD.HU.HI.NUN|,|UD.HU.HI.NUN.KI|,𒉣,Type_2,compound,|UD.HU.HI.NUN.KI|,4,𒌓𒄷𒄭𒉣𒆠,U+12313; U+12137; U+1212D; U+12263; U+121A0,
U+121A0,|UD.HU.HI.NUN|,|UD.HU.HI.NUN.KI|,𒆠,Type_2,compound,|UD.HU.HI.NUN.KI|,5,𒌓𒄷𒄭𒉣𒆠,U+12313; U+12137; U+1212D; U+12263; U+121A0,
U+12313,|UD.HU.HI.NUN|,|UD.HU.HI.NUN.NA|,𒌓,Type_2,compound,|UD.HU.HI.NUN.NA|,1,𒌓𒄷𒄭𒉣𒈾,U+12313; U+12137; U+1212D; U+12263; U+1223E,
U+12137,|UD.HU.HI.NUN|,|UD.HU.HI.NUN.NA|,𒄷,Type_2,compound,|UD.HU.HI.NUN.NA|,2,𒌓𒄷𒄭𒉣𒈾,U+12313; U+12137; U+1212D; U+12263; U+1223E,
U+1212D,|UD.HU.HI.NUN|,|UD.HU.HI.NUN.NA|,𒄭,Type_2,compound,|UD.HU.HI.NUN.NA|,3,𒌓𒄷𒄭𒉣𒈾,U+12313; U+12137; U+1212D; U+12263; U+1223E,
U+12263,|UD.HU.HI.NUN|,|UD.HU.HI.NUN.NA|,𒉣,Type_2,compound,|UD.HU.HI.NUN.NA|,4,𒌓𒄷𒄭𒉣𒈾,U+12313; U+12137; U+1212D; U+12263; U+1223E,
U+1223E,|UD.HU.HI.NUN|,|UD.HU.HI.NUN.NA|,𒈾,Type_2,compound,|UD.HU.HI.NUN.NA|,5,𒌓𒄷𒄭𒉣𒈾,U+12313; U+12137; U+1212D; U+12263; U+1223E,
U+12313,|UD.HU.HI.NUN|,|UD.HU.HI.NUN.NA.KI|,𒌓,Type_2,compound,|UD.HU.HI.NUN.NA.KI|,1,𒌓𒄷𒄭𒉣𒈾𒆠,U+12313; U+12137; U+1212D; U+12263; U+1223E; U+121A0,
U+12137,|UD.HU.HI.NUN|,|UD.HU.HI.NUN.NA.KI|,𒄷,Type_2,compound,|UD.HU.HI.NUN.NA.KI|,2,𒌓𒄷𒄭𒉣𒈾𒆠,U+12313; U+12137; U+1212D; U+12263; U+1223E; U+121A0,
U+1212D,|UD.HU.HI.NUN|,|UD.HU.HI.NUN.NA.KI|,𒄭,Type_2,compound,|UD.HU.HI.NUN.NA.KI|,3,𒌓𒄷𒄭𒉣𒈾𒆠,U+12313; U+12137; U+1212D; U+12263; U+1223E; U+121A0,
U+12263,|UD.HU.HI.NUN|,|UD.HU.HI.NUN.NA.KI|,𒉣,Type_2,compound,|UD.HU.HI.NUN.NA.KI|,4,𒌓𒄷𒄭𒉣𒈾𒆠,U+12313; U+12137; U+1212D; U+12263; U+1223E; U+121A0,
U+1223E,|UD.HU.HI.NUN|,|UD.HU.HI.NUN.NA.KI|,𒈾,Type_2,compound,|UD.HU.HI.NUN.NA.KI|,5,𒌓𒄷𒄭𒉣𒈾𒆠,U+12313; U+12137; U+1212D; U+12263; U+1223E; U+121A0,
U+121A0,|UD.HU.HI.NUN|,|UD.HU.HI.NUN.NA.KI|,𒆠,Type_2,compound,|UD.HU.HI.NUN.NA.KI|,6,𒌓𒄷𒄭𒉣𒈾𒆠,U+12313; U+12137; U+1212D; U+12263; U+1223E; U+121A0,
U+12157,|UD.KA.BAR|,|KA.BAR|,𒅗,Type_2,compound,|KA.BAR|,1,𒅗𒁇,U+12157; U+12047,GCSL172 [Gudea period (~2100 BCE) | Lagash / Girsu]
U+12047,|UD.KA.BAR|,|KA.BAR|,𒁇,Type_2,compound,|KA.BAR|,2,𒅗𒁇,U+12157; U+12047,GCSL172 [Gudea period (~2100 BCE) | Lagash / Girsu]
U+12157,|UD.KA.BAR|,|KA.UD.AŠ|,𒅗,Type_2,compound,|KA.UD.AŠ|,1,𒅗𒌓𒀸,U+12157; U+12313; U+12038,GCSL172 [Gudea period (~2100 BCE) | Lagash / Girsu]
U+12313,|UD.KA.BAR|,|KA.UD.AŠ|,𒌓,Type_2,compound,|KA.UD.AŠ|,2,𒅗𒌓𒀸,U+12157; U+12313; U+12038,GCSL172 [Gudea period (~2100 BCE) | Lagash / Girsu]
U+12038,|UD.KA.BAR|,|KA.UD.AŠ|,𒀸,Type_2,compound,|KA.UD.AŠ|,3,𒅗𒌓𒀸,U+12157; U+12313; U+12038,GCSL172 [Gudea period (~2100 BCE) | Lagash / Girsu]
U+12157,|UD.KA.BAR|,|KA.UD.BAR|,𒅗,Type_2,compound,|KA.UD.BAR|,1,𒅗𒌓𒁇,U+12157; U+12313; U+12047,GCSL172 [Gudea period (~2100 BCE) | Lagash / Girsu]
U+12313,|UD.KA.BAR|,|KA.UD.BAR|,𒌓,Type_2,compound,|KA.UD.BAR|,2,𒅗𒌓𒁇,U+12157; U+12313; U+12047,GCSL172 [Gudea period (~2100 BCE) | Lagash / Girsu]
U+12047,|UD.KA.BAR|,|KA.UD.BAR|,𒁇,Type_2,compound,|KA.UD.BAR|,3,𒅗𒌓𒁇,U+12157; U+12313; U+12047,GCSL172 [Gudea period (~2100 BCE) | Lagash / Girsu]
U+12313,|UD.KA.BAR|,|UD.KA.AŠ|,𒌓,Type_2,compound,|UD.KA.AŠ|,1,𒌓𒅗𒀸,U+12313; U+12157; U+12038,LAK329 [Uruk IV–III (~3400–3000 BCE) | Archaic / Uruk]; GCSL172 [Gudea period (~2100 BCE) | Lagash / Girsu]
U+12157,|UD.KA.BAR|,|UD.KA.AŠ|,𒅗,Type_2,compound,|UD.KA.AŠ|,2,𒌓𒅗𒀸,U+12313; U+12157; U+12038,LAK329 [Uruk IV–III (~3400–3000 BCE) | Archaic / Uruk]; GCSL172 [Gudea period (~2100 BCE) | Lagash / Girsu]
U+12038,|UD.KA.BAR|,|UD.KA.AŠ|,𒀸,Type_2,compound,|UD.KA.AŠ|,3,𒌓𒅗𒀸,U+12313; U+12157; U+12038,LAK329 [Uruk IV–III (~3400–3000 BCE) | Archaic / Uruk]; GCSL172 [Gudea period (~2100 BCE) | Lagash / Girsu]
U+12313,|UD.KA.BAR|,|UD.KA×BAR|,𒌓,Type_2,compound,|UD.KA×BAR|,1,𒌓𒅞,U+12313; U+1215E,GCSL172 [Gudea period (~2100 BCE) | Lagash / Girsu]
U+1215E,|UD.KA.BAR|,|UD.KA×BAR|,𒅞,Type_2,compound,|UD.KA×BAR|,2,𒌓𒅞,U+12313; U+1215E,GCSL172 [Gudea period (~2100 BCE) | Lagash / Girsu]
U+12314,|UD.KUŠU₂|,KUŠU₂,𒌔,Type_3,UDKUSU_v1,,,,,LAK304 [Uruk IV–III (~3400–3000 BCE) | Archaic / Uruk]; ASY304 [Standard Babylonian (any period) | Akkadian syllabary]; LAK305 [Uruk IV–III (~3400–3000 BCE) | Archaic / Uruk]; ASY225 [Standard Babylonian (any period) | Akkadian syllabary]; ABZL333 [Old Babylonian (~2000–1600 BCE) | School texts]; KWU345 [Ur III (~2112–2004 BCE) | Administrative]; MZL611 [Standard Babylonian (any period) | Akkado-Babylonian]; RSP174 [Early Dynastic (~2900–2340 BCE) | Presargonic Lagash]; SLLHA392 [Standard Babylonian (any period) | Akkado-Babylonian]; SYA197 [Standard Babylonian (any period) | Akkadian syllabary]
U+12314,|UD.KUŠU₂|,|UD×KUŠU₂|,𒌔,Type_3,UDKUSU_v1,,,,,RSP321 [Early Dynastic (~2900–2340 BCE) | Presargonic Lagash]; LAK305 [Uruk IV–III (~3400–3000 BCE) | Archaic / Uruk]; ASY225 [Standard Babylonian (any period) | Akkadian syllabary]; ABZL333 [Old Babylonian (~2000–1600 BCE) | School texts]; KWU345 [Ur III (~2112–2004 BCE) | Administrative]; MZL611 [Standard Babylonian (any period) | Akkado-Babylonian]; RSP174 [Early Dynastic (~2900–2340 BCE) | Presargonic Lagash]; SLLHA392 [Standard Babylonian (any period) | Akkado-Babylonian]; SYA197 [Standard Babylonian (any period) | Akkadian syllabary]
,|UD.NUN|,ADAB~a,𒌓𒉣,Type_3,UDNUN_v1,,,,,ZATU019 [Uruk IV–III (~3400–3000 BCE) | Archaic / Uruk]; BAU200 [Early Dynastic (~2900–2340 BCE) | Lagash]; RSP325 [Early Dynastic (~2900–2340 BCE) | Presargonic Lagash]
U+12315,|UD×BAD|,|UD×PAP|,𒌕,Type_3,UDBAD_v1,,,,,ELLES207 [Early Dynastic (~2900–2340 BCE) | Ebla]
U+12315,|UD×BAD|,|UD@g×BAD|,𒌕,Type_3,UDBAD_v1,,,,,
U+12313,|UD×MI|,|UD.MI|,𒌓,Type_2,compound,|UD.MI|,1,𒌓𒈪,U+12313; U+1222A,MZL597 [Standard Babylonian (any period) | Akkado-Babylonian]; SLLHA382v [Standard Babylonian (any period) | Akkado-Babylonian]
U+1222A,|UD×MI|,|UD.MI|,𒈪,Type_2,compound,|UD.MI|,2,𒌓𒈪,U+12313; U+1222A,MZL597 [Standard Babylonian (any period) | Akkado-Babylonian]; SLLHA382v [Standard Babylonian (any period) | Akkado-Babylonian]
U+12317,|UD×(U.U.U)|,|UD×DIŠ|,𒌗,Type_3,UDUUU_v1,,,,,LAK380^a [Uruk IV–III (~3400–3000 BCE) | Archaic / Uruk]; RSP328 [Early Dynastic (~2900–2340 BCE) | Presargonic Lagash]; ABZL334 [Old Babylonian (~2000–1600 BCE) | School texts]; HZL084 [Hittite period (~1650–1180 BCE) | Hittite]; KWU408 [Ur III (~2112–2004 BCE) | Administrative]; LAK380^c [Uruk IV–III (~3400–3000 BCE) | Archaic / Uruk]; MZL020 [Standard Babylonian (any period) | Akkado-Babylonian]; PTACE186 [Early Dynastic (~2900–2340 BCE) | Ebla]; SLLHA052 [Standard Babylonian (any period) | Akkado-Babylonian]
U+12317,|UD×(U.U.U)|,|UD×DIŠ@c|,𒌗,Type_3,UDUUU_v1,,,,,LAK380^b [Uruk IV–III (~3400–3000 BCE) | Archaic / Uruk]; ABZL334 [Old Babylonian (~2000–1600 BCE) | School texts]; HZL084 [Hittite period (~1650–1180 BCE) | Hittite]; KWU408 [Ur III (~2112–2004 BCE) | Administrative]; LAK380^c [Uruk IV–III (~3400–3000 BCE) | Archaic / Uruk]; MZL020 [Standard Babylonian (any period) | Akkado-Babylonian]; PTACE186 [Early Dynastic (~2900–2340 BCE) | Ebla]; SLLHA052 [Standard Babylonian (any period) | Akkado-Babylonian]
U+12318,MURUB₄,UD@g,𒌘,Type_3,MURUB_v1,,,,,LAK157 [Uruk IV–III (~3400–3000 BCE) | Archaic / Uruk]; KWU257 [Ur III (~2112–2004 BCE) | Administrative]; MZL542 [Standard Babylonian (any period) | Akkado-Babylonian]; ASY189 [Standard Babylonian (any period) | Akkadian syllabary]; ABZL207b [Old Babylonian (~2000–1600 BCE) | School texts]; HZL110 [Hittite period (~1650–1180 BCE) | Hittite]; MZL545 [Standard Babylonian (any period) | Akkado-Babylonian]; SLLHA337 [Standard Babylonian (any period) | Akkado-Babylonian]; SLLHA337xn1 [Standard Babylonian (any period) | Akkado-Babylonian]; SYA164 [Standard Babylonian (any period) | Akkadian syllabary]
U+1231B,|UD@s×BAD|,|UD@s×U|,𒌛,Type_3,UDSBAD_v1,,,,,LAK381 [Uruk IV–III (~3400–3000 BCE) | Archaic / Uruk]; GCSL175 [Gudea period (~2100 BCE) | Lagash / Girsu]; MZL021 [Standard Babylonian (any period) | Akkado-Babylonian]; SLLHA052xv [Standard Babylonian (any period) | Akkado-Babylonian]
U+1207E,|UM.ME|,|DUB.ME|,𒁾,Type_2,compound,|DUB.ME|,1,𒁾𒈨,U+1207E; U+12228,ABZL114 [Old Babylonian (~2000–1600 BCE) | School texts]
U+12228,|UM.ME|,|DUB.ME|,𒈨,Type_2,compound,|DUB.ME|,2,𒁾𒈨,U+1207E; U+12228,ABZL114 [Old Babylonian (~2000–1600 BCE) | School texts]
U+12228,|UM.ME|,|ME.UM|,𒈨,Type_2,compound,|ME.UM|,1,𒈨𒌝,U+12228; U+1231D,ABZL114 [Old Babylonian (~2000–1600 BCE) | School texts]
U+1231D,|UM.ME|,|ME.UM|,𒌝,Type_2,compound,|ME.UM|,2,𒈨𒌝,U+12228; U+1231D,ABZL114 [Old Babylonian (~2000–1600 BCE) | School texts]
U+12320,|UM×ŠA₃|,|DUB×ŠA₃|,𒌠,Type_3,UMSA_v1,,,,,MZL244 [Standard Babylonian (any period) | Akkado-Babylonian]
U+120F0,UMBIN,|GAD.TAK₄.UR₂|,𒃰,Type_2,compound,|GAD.TAK₄.UR₂|,1,𒃰𒋺𒌫,U+120F0; U+122FA; U+1232B,LAK289 [Uruk IV–III (~3400–3000 BCE) | Archaic / Uruk]; ABZL301 [Old Babylonian (~2000–1600 BCE) | School texts]; ELLES169 [Early Dynastic (~2900–2340 BCE) | Ebla]; GCSL130 [Gudea period (~2100 BCE) | Lagash / Girsu]; HZL166 [Hittite period (~1650–1180 BCE) | Hittite]; KWU403 [Ur III (~2112–2004 BCE) | Administrative]; MZL160 [Standard Babylonian (any period) | Akkado-Babylonian]; RSP062 [Early Dynastic (~2900–2340 BCE) | Presargonic Lagash]; SLLHA092b [Standard Babylonian (any period) | Akkado-Babylonian]
U+122FA,UMBIN,|GAD.TAK₄.UR₂|,𒋺,Type_2,compound,|GAD.TAK₄.UR₂|,2,𒃰𒋺𒌫,U+120F0; U+122FA; U+1232B,LAK289 [Uruk IV–III (~3400–3000 BCE) | Archaic / Uruk]; ABZL301 [Old Babylonian (~2000–1600 BCE) | School texts]; ELLES169 [Early Dynastic (~2900–2340 BCE) | Ebla]; GCSL130 [Gudea period (~2100 BCE) | Lagash / Girsu]; HZL166 [Hittite period (~1650–1180 BCE) | Hittite]; KWU403 [Ur III (~2112–2004 BCE) | Administrative]; MZL160 [Standard Babylonian (any period) | Akkado-Babylonian]; RSP062 [Early Dynastic (~2900–2340 BCE) | Presargonic Lagash]; SLLHA092b [Standard Babylonian (any period) | Akkado-Babylonian]
U+1232B,UMBIN,|GAD.TAK₄.UR₂|,𒌫,Type_2,compound,|GAD.TAK₄.UR₂|,3,𒃰𒋺𒌫,U+120F0; U+122FA; U+1232B,LAK289 [Uruk IV–III (~3400–3000 BCE) | Archaic / Uruk]; ABZL301 [Old Babylonian (~2000–1600 BCE) | School texts]; ELLES169 [Early Dynastic (~2900–2340 BCE) | Ebla]; GCSL130 [Gudea period (~2100 BCE) | Lagash / Girsu]; HZL166 [Hittite period (~1650–1180 BCE) | Hittite]; KWU403 [Ur III (~2112–2004 BCE) | Administrative]; MZL160 [Standard Babylonian (any period) | Akkado-Babylonian]; RSP062 [Early Dynastic (~2900–2340 BCE) | Presargonic Lagash]; SLLHA092b [Standard Babylonian (any period) | Akkado-Babylonian]
U+12322,UMBIN,|UR₂×TAK₄|,𒌢,Type_3,UMBIN_v1,,,,,LAK289 [Uruk IV–III (~3400–3000 BCE) | Archaic / Uruk]; ABZL301 [Old Babylonian (~2000–1600 BCE) | School texts]; ELLES169 [Early Dynastic (~2900–2340 BCE) | Ebla]; GCSL130 [Gudea period (~2100 BCE) | Lagash / Girsu]; HZL166 [Hittite period (~1650–1180 BCE) | Hittite]; KWU403 [Ur III (~2112–2004 BCE) | Administrative]; MZL160 [Standard Babylonian (any period) | Akkado-Babylonian]; RSP062 [Early Dynastic (~2900–2340 BCE) | Presargonic Lagash]; SLLHA092b [Standard Babylonian (any period) | Akkado-Babylonian]
,|UMBIN×LU|,|UMBIN×MAŠ|,,Type_3,UMBINLU_v1,,,,,
U+12323,UMUM,DE₂,𒌣,Type_3,UMUM_v1,,,,,LAK156^a [Uruk IV–III (~3400–3000 BCE) | Archaic / Uruk]; ASY190 [Standard Babylonian (any period) | Akkadian syllabary]; RSP361bis [Early Dynastic (~2900–2340 BCE) | Presargonic Lagash]; LAK155 [Uruk IV–III (~3400–3000 BCE) | Archaic / Uruk]; ABZL215^a [Old Babylonian (~2000–1600 BCE) | School texts]; BAU093 [Early Dynastic (~2900–2340 BCE) | Lagash]; BAU094 [Early Dynastic (~2900–2340 BCE) | Lagash]; ELLES085 [Early Dynastic (~2900–2340 BCE) | Ebla]; HZL102 [Hittite period (~1650–1180 BCE) | Hittite]; KWU308 [Ur III (~2112–2004 BCE) | Administrative]; MZL547 [Standard Babylonian (any period) | Akkado-Babylonian]; RSP361 [Early Dynastic (~2900–2340 BCE) | Presargonic Lagash]; SLLHA338 [Standard Babylonian (any period) | Akkado-Babylonian]
U+12323,UMUM,UMUM@s,𒌣,Type_3,UMUM_v1,,,,,LAK155 [Uruk IV–III (~3400–3000 BCE) | Archaic / Uruk]; ABZL215^a [Old Babylonian (~2000–1600 BCE) | School texts]; BAU093 [Early Dynastic (~2900–2340 BCE) | Lagash]; BAU094 [Early Dynastic (~2900–2340 BCE) | Lagash]; ELLES085 [Early Dynastic (~2900–2340 BCE) | Ebla]; HZL102 [Hittite period (~1650–1180 BCE) | Hittite]; KWU308 [Ur III (~2112–2004 BCE) | Administrative]; MZL547 [Standard Babylonian (any period) | Akkado-Babylonian]; RSP361 [Early Dynastic (~2900–2340 BCE) | Presargonic Lagash]; SLLHA338 [Standard Babylonian (any period) | Akkado-Babylonian]
U+12329,|UR%UR|,|UR&UR|,𒌩,Type_3,URUR_v1,,,,,ABZL252 [Old Babylonian (~2000–1600 BCE) | School texts]; HZL051 [Hittite period (~1650–1180 BCE) | Hittite]; SLLHA575a [Standard Babylonian (any period) | Akkado-Babylonian]
,|UR₂×A|,|UR₂×AŠ|,,Type_3,URA_v1,,,,,ZATU589 [Uruk IV–III (~3400–3000 BCE) | Archaic / Uruk]
U+1232C,|UR₂×(A.HA)|,|UR₂×(HA.A)|,𒌬,Type_3,URAHA_v1,,,,,MZL346 [Standard Babylonian (any period) | Akkado-Babylonian]; SLLHA204c [Standard Babylonian (any period) | Akkado-Babylonian]
U+12335,URI,LAK647,𒌵,Type_3,URI_v1,,,,,LAK647 [Uruk IV–III (~3400–3000 BCE) | Archaic / Uruk]; LAK176 [Uruk IV–III (~3400–3000 BCE) | Archaic / Uruk]; ABZL224 [Old Babylonian (~2000–1600 BCE) | School texts]; BAU414 [Early Dynastic (~2900–2340 BCE) | Lagash]; ELLES103 [Early Dynastic (~2900–2340 BCE) | Ebla]; GCSL090 [Gudea period (~2100 BCE) | Lagash / Girsu]; HZL246 [Hittite period (~1650–1180 BCE) | Hittite]; KWU303 [Ur III (~2112–2004 BCE) | Administrative]; MZL574 [Standard Babylonian (any period) | Akkado-Babylonian]; PTACE114 [Early Dynastic (~2900–2340 BCE) | Ebla]; RSP380 [Early Dynastic (~2900–2340 BCE) | Presargonic Lagash]; SLLHA359n1 [Standard Babylonian (any period) | Akkado-Babylonian]
U+12335,URI,URI@n,𒌵,Type_3,URI_v1,,,,,LAK125 [Uruk IV–III (~3400–3000 BCE) | Archaic / Uruk]; LAK176 [Uruk IV–III (~3400–3000 BCE) | Archaic / Uruk]; ABZL224 [Old Babylonian (~2000–1600 BCE) | School texts]; BAU414 [Early Dynastic (~2900–2340 BCE) | Lagash]; ELLES103 [Early Dynastic (~2900–2340 BCE) | Ebla]; GCSL090 [Gudea period (~2100 BCE) | Lagash / Girsu]; HZL246 [Hittite period (~1650–1180 BCE) | Hittite]; KWU303 [Ur III (~2112–2004 BCE) | Administrative]; MZL574 [Standard Babylonian (any period) | Akkado-Babylonian]; PTACE114 [Early Dynastic (~2900–2340 BCE) | Ebla]; RSP380 [Early Dynastic (~2900–2340 BCE) | Presargonic Lagash]; SLLHA359n1 [Standard Babylonian (any period) | Akkado-Babylonian]
U+12337,|URU×A|,|URU.A|,𒌷,Type_2,compound,|URU.A|,1,𒌷𒀀,U+12337; U+12000,LAK597 [Uruk IV–III (~3400–3000 BCE) | Archaic / Uruk]; ABZL190 [Old Babylonian (~2000–1600 BCE) | School texts]; BAU337 [Early Dynastic (~2900–2340 BCE) | Lagash]; GCSL258 [Gudea period (~2100 BCE) | Lagash / Girsu]; MZL081 [Standard Babylonian (any period) | Akkado-Babylonian]; RSP303 [Early Dynastic (~2900–2340 BCE) | Presargonic Lagash]; SLLHA046xxx [Standard Babylonian (any period) | Akkado-Babylonian]
U+12000,|URU×A|,|URU.A|,𒀀,Type_2,compound,|URU.A|,2,𒌷𒀀,U+12337; U+12000,LAK597 [Uruk IV–III (~3400–3000 BCE) | Archaic / Uruk]; ABZL190 [Old Babylonian (~2000–1600 BCE) | School texts]; BAU337 [Early Dynastic (~2900–2340 BCE) | Lagash]; GCSL258 [Gudea period (~2100 BCE) | Lagash / Girsu]; MZL081 [Standard Babylonian (any period) | Akkado-Babylonian]; RSP303 [Early Dynastic (~2900–2340 BCE) | Presargonic Lagash]; SLLHA046xxx [Standard Babylonian (any period) | Akkado-Babylonian]
U+1215E,|URU×BAR|,|KA×BAR|,𒅞,Type_1,URUBAR_v1,,,,,LAK649 [Uruk IV–III (~3400–3000 BCE) | Archaic / Uruk]; ABZL186 [Old Babylonian (~2000–1600 BCE) | School texts]; BAU309 [Early Dynastic (~2900–2340 BCE) | Lagash]; ELLES315 [Early Dynastic (~2900–2340 BCE) | Ebla]; GCSL276 [Gudea period (~2100 BCE) | Lagash / Girsu]; HZL134 [Hittite period (~1650–1180 BCE) | Hittite]; KWU227 [Ur III (~2112–2004 BCE) | Administrative]; MZL073 [Standard Babylonian (any period) | Akkado-Babylonian]; PTACE085 [Early Dynastic (~2900–2340 BCE) | Ebla]; SLLHA040 [Standard Babylonian (any period) | Akkado-Babylonian]
U+1250F,|URU×GA|,|LAK648×GA|,𒔏,Type_1,URUGA_v1,,,,,LAK714 [Uruk IV–III (~3400–3000 BCE) | Archaic / Uruk]; ABZL183 [Old Babylonian (~2000–1600 BCE) | School texts]; MZL076 [Standard Babylonian (any period) | Akkado-Babylonian]; SLLHA042 [Standard Babylonian (any period) | Akkado-Babylonian]
U+1233C,|URU×GA|,|URU×GA@g|,𒌼,Type_3,URUGA_v2,,,,,ABZL183 [Old Babylonian (~2000–1600 BCE) | School texts]; MZL076 [Standard Babylonian (any period) | Akkado-Babylonian]; SLLHA042 [Standard Babylonian (any period) | Akkado-Babylonian]
U+1216B,|URU×GU|,|KA×GU|,𒅫,Type_1,URUGU_v1,,,,,LAK602 [Uruk IV–III (~3400–3000 BCE) | Archaic / Uruk]; ASY023b [Standard Babylonian (any period) | Akkadian syllabary]; ABZL185 [Old Babylonian (~2000–1600 BCE) | School texts]; ELLES296 [Early Dynastic (~2900–2340 BCE) | Ebla]; GCSL257 [Gudea period (~2100 BCE) | Lagash / Girsu]; KWU771 [Ur III (~2112–2004 BCE) | Administrative]; MZL084 [Standard Babylonian (any period) | Akkado-Babylonian]; RSP302 [Early Dynastic (~2900–2340 BCE) | Presargonic Lagash]; SLLHA046 [Standard Babylonian (any period) | Akkado-Babylonian]
U+12340,|URU×GU|,|URU×(MIN.GU)|,𒍀,Type_3,URUGU_v2,,,,,LAK602 [Uruk IV–III (~3400–3000 BCE) | Archaic / Uruk]; ASY023b [Standard Babylonian (any period) | Akkadian syllabary]; ABZL185 [Old Babylonian (~2000–1600 BCE) | School texts]; ELLES296 [Early Dynastic (~2900–2340 BCE) | Ebla]; GCSL257 [Gudea period (~2100 BCE) | Lagash / Girsu]; KWU771 [Ur III (~2112–2004 BCE) | Administrative]; MZL084 [Standard Babylonian (any period) | Akkado-Babylonian]; RSP302 [Early Dynastic (~2900–2340 BCE) | Presargonic Lagash]; SLLHA046 [Standard Babylonian (any period) | Akkado-Babylonian]
U+1216D,|URU×IGI|,|KA×IGI|,𒅭,Type_1,URUIGI_v2,,,,,ABZL184 [Old Babylonian (~2000–1600 BCE) | School texts]; GCSL274 [Gudea period (~2100 BCE) | Lagash / Girsu]; KWU228 [Ur III (~2112–2004 BCE) | Administrative]; MZL079 [Standard Babylonian (any period) | Akkado-Babylonian]; RSP281 [Early Dynastic (~2900–2340 BCE) | Presargonic Lagash]; SLLHA044 [Standard Babylonian (any period) | Akkado-Babylonian]
U+12342,|URU×IGI|,|LAK648×IGI|,𒍂,Type_3,URUIGI_v1,,,,,ABZL184 [Old Babylonian (~2000–1600 BCE) | School texts]; GCSL274 [Gudea period (~2100 BCE) | Lagash / Girsu]; KWU228 [Ur III (~2112–2004 BCE) | Administrative]; MZL079 [Standard Babylonian (any period) | Akkado-Babylonian]; RSP281 [Early Dynastic (~2900–2340 BCE) | Presargonic Lagash]; SLLHA044 [Standard Babylonian (any period) | Akkado-Babylonian]
U+12342,|URU×IGI|,|URU×(MIN.IGI)|,𒍂,Type_3,URUIGI_v1,,,,,ABZL184 [Old Babylonian (~2000–1600 BCE) | School texts]; GCSL274 [Gudea period (~2100 BCE) | Lagash / Girsu]; KWU228 [Ur III (~2112–2004 BCE) | Administrative]; MZL079 [Standard Babylonian (any period) | Akkado-Babylonian]; RSP281 [Early Dynastic (~2900–2340 BCE) | Presargonic Lagash]; SLLHA044 [Standard Babylonian (any period) | Akkado-Babylonian]
U+12347,|URU×IGI|,|URU×MIN+AŠ|,𒍇,Type_2,compound,|URU×MIN+AŠ|,1,𒍇𒀸,U+12347; U+12038,ELLES317^a [Early Dynastic (~2900–2340 BCE) | Ebla]; ABZL184 [Old Babylonian (~2000–1600 BCE) | School texts]; GCSL274 [Gudea period (~2100 BCE) | Lagash / Girsu]; KWU228 [Ur III (~2112–2004 BCE) | Administrative]; MZL079 [Standard Babylonian (any period) | Akkado-Babylonian]; RSP281 [Early Dynastic (~2900–2340 BCE) | Presargonic Lagash]; SLLHA044 [Standard Babylonian (any period) | Akkado-Babylonian]
U+12038,|URU×IGI|,|URU×MIN+AŠ|,𒀸,Type_2,compound,|URU×MIN+AŠ|,2,𒍇𒀸,U+12347; U+12038,ELLES317^a [Early Dynastic (~2900–2340 BCE) | Ebla]; ABZL184 [Old Babylonian (~2000–1600 BCE) | School texts]; GCSL274 [Gudea period (~2100 BCE) | Lagash / Girsu]; KWU228 [Ur III (~2112–2004 BCE) | Administrative]; MZL079 [Standard Babylonian (any period) | Akkado-Babylonian]; RSP281 [Early Dynastic (~2900–2340 BCE) | Presargonic Lagash]; SLLHA044 [Standard Babylonian (any period) | Akkado-Babylonian]
U+12510,|URU×IGI|,|URU×MIN×IGI|,𒔐,Type_1,URUIGI_v3,,,,,LAK650 [Uruk IV–III (~3400–3000 BCE) | Archaic / Uruk]; ELLES317 [Early Dynastic (~2900–2340 BCE) | Ebla]; PTACE082 [Early Dynastic (~2900–2340 BCE) | Ebla]; ABZL184 [Old Babylonian (~2000–1600 BCE) | School texts]; GCSL274 [Gudea period (~2100 BCE) | Lagash / Girsu]; KWU228 [Ur III (~2112–2004 BCE) | Administrative]; MZL079 [Standard Babylonian (any period) | Akkado-Babylonian]; RSP281 [Early Dynastic (~2900–2340 BCE) | Presargonic Lagash]; SLLHA044 [Standard Babylonian (any period) | Akkado-Babylonian]
U+1214E,|URU×MIN|,|IM.LAK648|,𒅎,Type_2,compound,|IM.LAK648|,1,𒅎𒔍,U+1214E; U+1250D,ASY024 [Standard Babylonian (any period) | Akkadian syllabary]; ABZL189 [Old Babylonian (~2000–1600 BCE) | School texts]; ELLES314 [Early Dynastic (~2900–2340 BCE) | Ebla]; KWU226 [Ur III (~2112–2004 BCE) | Administrative]; MZL080 [Standard Babylonian (any period) | Akkado-Babylonian]; PTACE081 [Early Dynastic (~2900–2340 BCE) | Ebla]; SLLHA049x [Standard Babylonian (any period) | Akkado-Babylonian]; SYA019 [Standard Babylonian (any period) | Akkadian syllabary]
U+1250D,|URU×MIN|,|IM.LAK648|,𒔍,Type_2,compound,|IM.LAK648|,2,𒅎𒔍,U+1214E; U+1250D,ASY024 [Standard Babylonian (any period) | Akkadian syllabary]; ABZL189 [Old Babylonian (~2000–1600 BCE) | School texts]; ELLES314 [Early Dynastic (~2900–2340 BCE) | Ebla]; KWU226 [Ur III (~2112–2004 BCE) | Administrative]; MZL080 [Standard Babylonian (any period) | Akkado-Babylonian]; PTACE081 [Early Dynastic (~2900–2340 BCE) | Ebla]; SLLHA049x [Standard Babylonian (any period) | Akkado-Babylonian]; SYA019 [Standard Babylonian (any period) | Akkadian syllabary]
U+1250D,|URU×MIN|,LAK648,𒔍,Type_1,URUMIN_v2,,,,,LAK648 [Uruk IV–III (~3400–3000 BCE) | Archaic / Uruk]; RSP269 [Early Dynastic (~2900–2340 BCE) | Presargonic Lagash]; ASY024 [Standard Babylonian (any period) | Akkadian syllabary]; ABZL189 [Old Babylonian (~2000–1600 BCE) | School texts]; ELLES314 [Early Dynastic (~2900–2340 BCE) | Ebla]; KWU226 [Ur III (~2112–2004 BCE) | Administrative]; MZL080 [Standard Babylonian (any period) | Akkado-Babylonian]; PTACE081 [Early Dynastic (~2900–2340 BCE) | Ebla]; SLLHA049x [Standard Babylonian (any period) | Akkado-Babylonian]; SYA019 [Standard Babylonian (any period) | Akkadian syllabary]
U+12347,|URU×MIN|,|LAK648×IM|,𒍇,Type_3,URUMIN_v1,,,,,ASY024 [Standard Babylonian (any period) | Akkadian syllabary]; ABZL189 [Old Babylonian (~2000–1600 BCE) | School texts]; ELLES314 [Early Dynastic (~2900–2340 BCE) | Ebla]; KWU226 [Ur III (~2112–2004 BCE) | Administrative]; MZL080 [Standard Babylonian (any period) | Akkado-Babylonian]; PTACE081 [Early Dynastic (~2900–2340 BCE) | Ebla]; SLLHA049x [Standard Babylonian (any period) | Akkado-Babylonian]; SYA019 [Standard Babylonian (any period) | Akkadian syllabary]
U+12347,|URU×MIN|,URU,𒍇,Type_3,URUMIN_v1,,,,,LAK591 [Uruk IV–III (~3400–3000 BCE) | Archaic / Uruk]; ASY022 [Standard Babylonian (any period) | Akkadian syllabary]; BAU336 [Early Dynastic (~2900–2340 BCE) | Lagash]; ELLES295 [Early Dynastic (~2900–2340 BCE) | Ebla]; GCSL256 [Gudea period (~2100 BCE) | Lagash / Girsu]; PTACE257 [Early Dynastic (~2900–2340 BCE) | Ebla]; RSP300 [Early Dynastic (~2900–2340 BCE) | Presargonic Lagash]; ASY024 [Standard Babylonian (any period) | Akkadian syllabary]; ABZL189 [Old Babylonian (~2000–1600 BCE) | School texts]; ELLES314 [Early Dynastic (~2900–2340 BCE) | Ebla]; KWU226 [Ur III (~2112–2004 BCE) | Administrative]; MZL080 [Standard Babylonian (any period) | Akkado-Babylonian]; PTACE081 [Early Dynastic (~2900–2340 BCE) | Ebla]; SLLHA049x [Standard Babylonian (any period) | Akkado-Babylonian]; SYA019 [Standard Babylonian (any period) | Akkadian syllabary]
U+12347,|URU×MIN|,|URU×(MIN.IM)|,𒍇,Type_3,URUMIN_v1,,,,,ASY024 [Standard Babylonian (any period) | Akkadian syllabary]; ABZL189 [Old Babylonian (~2000–1600 BCE) | School texts]; ELLES314 [Early Dynastic (~2900–2340 BCE) | Ebla]; KWU226 [Ur III (~2112–2004 BCE) | Administrative]; MZL080 [Standard Babylonian (any period) | Akkado-Babylonian]; PTACE081 [Early Dynastic (~2900–2340 BCE) | Ebla]; SLLHA049x [Standard Babylonian (any period) | Akkado-Babylonian]; SYA019 [Standard Babylonian (any period) | Akkadian syllabary]
,|URU×(MIN.NI.GA)|,|URU×(MIN.NI)|,,Type_3,URUMINNI_v1,,,,,
U+12386,|URU×TU|,|KA×TU|,𒎆,Type_1,URUTU_v1,,,,,ABZL188 [Old Babylonian (~2000–1600 BCE) | School texts]; MZL072 [Standard Babylonian (any period) | Akkado-Babylonian]; SLLHA039 [Standard Babylonian (any period) | Akkado-Babylonian]
U+12516,|URU×URUDA|,|LAK648×URUDA|,𒔖,Type_1,URUURUDA_v1,,,,,LAK653 [Uruk IV–III (~3400–3000 BCE) | Archaic / Uruk]; LAK716 [Uruk IV–III (~3400–3000 BCE) | Archaic / Uruk]; ELLES318 [Early Dynastic (~2900–2340 BCE) | Ebla]; PTACE083 [Early Dynastic (~2900–2340 BCE) | Ebla]; ABZL182 [Old Babylonian (~2000–1600 BCE) | School texts]; GCSL275 [Gudea period (~2100 BCE) | Lagash / Girsu]; KWU229 [Ur III (~2112–2004 BCE) | Administrative]; MZL075 [Standard Babylonian (any period) | Akkado-Babylonian]; RSP282 [Early Dynastic (~2900–2340 BCE) | Presargonic Lagash]; SLLHA041 [Standard Babylonian (any period) | Akkado-Babylonian]
U+12337,|URU×URUDA|,|URU.URUDA|,𒌷,Type_2,compound,|URU.URUDA|,1,𒌷𒍏,U+12337; U+1234F,ABZL182 [Old Babylonian (~2000–1600 BCE) | School texts]; GCSL275 [Gudea period (~2100 BCE) | Lagash / Girsu]; KWU229 [Ur III (~2112–2004 BCE) | Administrative]; MZL075 [Standard Babylonian (any period) | Akkado-Babylonian]; RSP282 [Early Dynastic (~2900–2340 BCE) | Presargonic Lagash]; SLLHA041 [Standard Babylonian (any period) | Akkado-Babylonian]
U+1234F,|URU×URUDA|,|URU.URUDA|,𒍏,Type_2,compound,|URU.URUDA|,2,𒌷𒍏,U+12337; U+1234F,ABZL182 [Old Babylonian (~2000–1600 BCE) | School texts]; GCSL275 [Gudea period (~2100 BCE) | Lagash / Girsu]; KWU229 [Ur III (~2112–2004 BCE) | Administrative]; MZL075 [Standard Babylonian (any period) | Akkado-Babylonian]; RSP282 [Early Dynastic (~2900–2340 BCE) | Presargonic Lagash]; SLLHA041 [Standard Babylonian (any period) | Akkado-Babylonian]
U+1234E,|URU×URUDA|,|URU×(MIN.URUDA)|,𒍎,Type_3,URUURUDA_v2,,,,,ABZL182 [Old Babylonian (~2000–1600 BCE) | School texts]; GCSL275 [Gudea period (~2100 BCE) | Lagash / Girsu]; KWU229 [Ur III (~2112–2004 BCE) | Administrative]; MZL075 [Standard Babylonian (any period) | Akkado-Babylonian]; RSP282 [Early Dynastic (~2900–2340 BCE) | Presargonic Lagash]; SLLHA041 [Standard Babylonian (any period) | Akkado-Babylonian]
U+12350,|URUDA×U.U|,|URUDA×U.U.UM|,𒍐,Type_2,compound,|URUDA×U.U.UM|,1,𒍐𒌋𒌝,U+12350; U+1230B; U+1231D,
U+1230B,|URUDA×U.U|,|URUDA×U.U.UM|,𒌋,Type_2,compound,|URUDA×U.U.UM|,2,𒍐𒌋𒌝,U+12350; U+1230B; U+1231D,
U+1231D,|URUDA×U.U|,|URUDA×U.U.UM|,𒌝,Type_2,compound,|URUDA×U.U.UM|,3,𒍐𒌋𒌝,U+12350; U+1230B; U+1231D,
U+12351,|UŠ.GA|,|UŠ.GA₂|,𒍑,Type_2,compound,|UŠ.GA₂|,1,𒍑𒂷,U+12351; U+120B7,
U+120B7,|UŠ.GA|,|UŠ.GA₂|,𒂷,Type_2,compound,|UŠ.GA₂|,2,𒍑𒂷,U+12351; U+120B7,
U+121FD,|UŠ.KU|,|LU₂.KU|,𒇽,Type_2,compound,|LU₂.KU|,1,𒇽𒆪,U+121FD; U+121AA,RSP417 [Early Dynastic (~2900–2340 BCE) | Presargonic Lagash]
U+121AA,|UŠ.KU|,|LU₂.KU|,𒆪,Type_2,compound,|LU₂.KU|,2,𒇽𒆪,U+121FD; U+121AA,RSP417 [Early Dynastic (~2900–2340 BCE) | Presargonic Lagash]
U+1235A,|UZ₃×BALAG|,|UZ₃.BALAG|,𒍚,Type_2,compound,|UZ₃.BALAG|,1,𒍚𒁆,U+1235A; U+12046,
U+12046,|UZ₃×BALAG|,|UZ₃.BALAG|,𒁆,Type_2,compound,|UZ₃.BALAG|,2,𒍚𒁆,U+1235A; U+12046,
U+1235C,UZU,UZU@90,𒍜,Type_3,UZU_v1,,,,,LAK120 [Uruk IV–III (~3400–3000 BCE) | Archaic / Uruk]; LAK350 [Uruk IV–III (~3400–3000 BCE) | Archaic / Uruk]; ASY121 [Standard Babylonian (any period) | Akkadian syllabary]; ABZL134 [Old Babylonian (~2000–1600 BCE) | School texts]; BAU213 [Early Dynastic (~2900–2340 BCE) | Lagash]; ELLES193 [Early Dynastic (~2900–2340 BCE) | Ebla]; HZL203 [Hittite period (~1650–1180 BCE) | Hittite]; KWU692 [Ur III (~2112–2004 BCE) | Administrative]; MZL311 [Standard Babylonian (any period) | Akkado-Babylonian]; PTACE178 [Early Dynastic (~2900–2340 BCE) | Ebla]; SLLHA171 [Standard Babylonian (any period) | Akkado-Babylonian]; SYA105 [Standard Babylonian (any period) | Akkadian syllabary]
U+1238D,|ZA.AN.MUŠ₃@g|,|MUŠ₃×ZA|,𒎍,Type_1,ZAANMUSG_v1,,,,,RSP099^a [Early Dynastic (~2900–2340 BCE) | Presargonic Lagash]
U+1235D,|ZA.MUŠ₃|,|ZA.AN.MUŠ₃|,𒍝,Type_2,compound,|ZA.AN.MUŠ₃|,1,𒍝𒀭𒈹,U+1235D; U+1202D; U+12239,
U+1202D,|ZA.MUŠ₃|,|ZA.AN.MUŠ₃|,𒀭,Type_2,compound,|ZA.AN.MUŠ₃|,2,𒍝𒀭𒈹,U+1235D; U+1202D; U+12239,
U+12239,|ZA.MUŠ₃|,|ZA.AN.MUŠ₃|,𒈹,Type_2,compound,|ZA.AN.MUŠ₃|,3,𒍝𒀭𒈹,U+1235D; U+1202D; U+12239,
U+1235D,|ZA.MUŠ₃|,|ZA.ZA₇.MUŠ₃|,𒍝,Type_2,compound,|ZA.ZA₇.MUŠ₃|,1,𒍝𒕁𒈹,U+1235D; U+12541; U+12239,
U+12541,|ZA.MUŠ₃|,|ZA.ZA₇.MUŠ₃|,𒕁,Type_2,compound,|ZA.ZA₇.MUŠ₃|,2,𒍝𒕁𒈹,U+1235D; U+12541; U+12239,
U+12239,|ZA.MUŠ₃|,|ZA.ZA₇.MUŠ₃|,𒈹,Type_2,compound,|ZA.ZA₇.MUŠ₃|,3,𒍝𒕁𒈹,U+1235D; U+12541; U+12239,
U+1235D,|ZA.MUŠ₃.AB@g|,|ZA.MUŠ₃|,𒍝,Type_2,compound,|ZA.MUŠ₃|,1,𒍝𒈹,U+1235D; U+12239,
U+12239,|ZA.MUŠ₃.AB@g|,|ZA.MUŠ₃|,𒈹,Type_2,compound,|ZA.MUŠ₃|,2,𒍝𒈹,U+1235D; U+12239,
U+1235D,|ZA.MUŠ₃.AB@g|,|ZA.MUŠ₃@g.AB×(U.U.U)|,𒍝,Type_2,compound,|ZA.MUŠ₃@g.AB×(U.U.U)|,1,𒍝𒈽𒀔,U+1235D; U+1223D; U+12014,
U+1223D,|ZA.MUŠ₃.AB@g|,|ZA.MUŠ₃@g.AB×(U.U.U)|,𒈽,Type_2,compound,|ZA.MUŠ₃@g.AB×(U.U.U)|,2,𒍝𒈽𒀔,U+1235D; U+1223D; U+12014,
U+12014,|ZA.MUŠ₃.AB@g|,|ZA.MUŠ₃@g.AB×(U.U.U)|,𒀔,Type_2,compound,|ZA.MUŠ₃@g.AB×(U.U.U)|,3,𒍝𒈽𒀔,U+1235D; U+1223D; U+12014,
U+12541,|ZA.MUŠ₃.AB@g|,|ZA₇.MUŠ₃.AB@g|,𒕁,Type_2,compound,|ZA₇.MUŠ₃.AB@g|,1,𒕁𒈹𒀕,U+12541; U+12239; U+12015,
U+12239,|ZA.MUŠ₃.AB@g|,|ZA₇.MUŠ₃.AB@g|,𒈹,Type_2,compound,|ZA₇.MUŠ₃.AB@g|,2,𒕁𒈹𒀕,U+12541; U+12239; U+12015,
U+12015,|ZA.MUŠ₃.AB@g|,|ZA₇.MUŠ₃.AB@g|,𒀕,Type_2,compound,|ZA₇.MUŠ₃.AB@g|,3,𒕁𒈹𒀕,U+12541; U+12239; U+12015,
U+1235E,ZA@t,|GAM.GAM|,𒍞,Type_3,ZAT_v1,,,,,ABZL245 [Old Babylonian (~2000–1600 BCE) | School texts]; MZL854 [Standard Babylonian (any period) | Akkado-Babylonian]; SLLHA379_2 [Standard Babylonian (any period) | Akkado-Babylonian]
U+12363,|ZI&ZI.A|,|ZI.ZI|,𒍣,Type_2,compound,|ZI.ZI|,1,𒍣𒍣,U+12363; U+12363,ABZL151 [Old Babylonian (~2000–1600 BCE) | School texts]; MZL104 [Standard Babylonian (any period) | Akkado-Babylonian]; SLLHA066a [Standard Babylonian (any period) | Akkado-Babylonian]
U+12363,|ZI&ZI.A|,|ZI.ZI|,𒍣,Type_2,compound,|ZI.ZI|,2,𒍣𒍣,U+12363; U+12363,ABZL151 [Old Babylonian (~2000–1600 BCE) | School texts]; MZL104 [Standard Babylonian (any period) | Akkado-Babylonian]; SLLHA066a [Standard Babylonian (any period) | Akkado-Babylonian]
U+12363,|ZI&ZI.A|,|ZI.ZI.A|,𒍣,Type_2,compound,|ZI.ZI.A|,1,𒍣𒍣𒀀,U+12363; U+12363; U+12000,ABZL151 [Old Babylonian (~2000–1600 BCE) | School texts]; MZL104 [Standard Babylonian (any period) | Akkado-Babylonian]; SLLHA066a [Standard Babylonian (any period) | Akkado-Babylonian]
U+12363,|ZI&ZI.A|,|ZI.ZI.A|,𒍣,Type_2,compound,|ZI.ZI.A|,2,𒍣𒍣𒀀,U+12363; U+12363; U+12000,ABZL151 [Old Babylonian (~2000–1600 BCE) | School texts]; MZL104 [Standard Babylonian (any period) | Akkado-Babylonian]; SLLHA066a [Standard Babylonian (any period) | Akkado-Babylonian]
U+12000,|ZI&ZI.A|,|ZI.ZI.A|,𒀀,Type_2,compound,|ZI.ZI.A|,3,𒍣𒍣𒀀,U+12363; U+12363; U+12000,ABZL151 [Old Babylonian (~2000–1600 BCE) | School texts]; MZL104 [Standard Babylonian (any period) | Akkado-Babylonian]; SLLHA066a [Standard Babylonian (any period) | Akkado-Babylonian]
,|ZI&ZI.A|,|ZI&ZI|,𒍤𒀀,Type_3,ZIZIA_v1,,,,,LAK469 [Uruk IV–III (~3400–3000 BCE) | Archaic / Uruk]; ABZL900 [Old Babylonian (~2000–1600 BCE) | School texts]; BAU259 [Early Dynastic (~2900–2340 BCE) | Lagash]; KWU127 [Ur III (~2112–2004 BCE) | Administrative]; RSP456 [Early Dynastic (~2900–2340 BCE) | Presargonic Lagash]; ABZL151 [Old Babylonian (~2000–1600 BCE) | School texts]; MZL104 [Standard Babylonian (any period) | Akkado-Babylonian]; SLLHA066a [Standard Babylonian (any period) | Akkado-Babylonian]
U+12364,|ZI&ZI.EŠ₂|,|ZI&ZI.LAGAB|,𒍤,Type_2,compound,|ZI&ZI.LAGAB|,1,𒍤𒆸,U+12364; U+121B8,ABZL150 [Old Babylonian (~2000–1600 BCE) | School texts]; MZL103 [Standard Babylonian (any period) | Akkado-Babylonian]; SLLHA066b [Standard Babylonian (any period) | Akkado-Babylonian]
U+121B8,|ZI&ZI.EŠ₂|,|ZI&ZI.LAGAB|,𒆸,Type_2,compound,|ZI&ZI.LAGAB|,2,𒍤𒆸,U+12364; U+121B8,ABZL150 [Old Babylonian (~2000–1600 BCE) | School texts]; MZL103 [Standard Babylonian (any period) | Akkado-Babylonian]; SLLHA066b [Standard Babylonian (any period) | Akkado-Babylonian]
U+12364,|ZI&ZI.EŠ₂|,|ZI&ZI.LAGAB×AŠ|,𒍤,Type_2,compound,|ZI&ZI.LAGAB×AŠ|,1,𒍤X,U+12364; X,ABZL150 [Old Babylonian (~2000–1600 BCE) | School texts]; MZL103 [Standard Babylonian (any period) | Akkado-Babylonian]; SLLHA066b [Standard Babylonian (any period) | Akkado-Babylonian]
X,|ZI&ZI.EŠ₂|,|ZI&ZI.LAGAB×AŠ|,,Type_2,compound,|ZI&ZI.LAGAB×AŠ|,2,𒍤X,U+12364; X,ABZL150 [Old Babylonian (~2000–1600 BCE) | School texts]; MZL103 [Standard Babylonian (any period) | Akkado-Babylonian]; SLLHA066b [Standard Babylonian (any period) | Akkado-Babylonian]
,|ZI&ZI.LAGAB|,|ZI&ZI|,𒍤𒆸,Type_3,ZIZILAGA_v1,,,,,LAK469 [Uruk IV–III (~3400–3000 BCE) | Archaic / Uruk]; BAU259 [Early Dynastic (~2900–2340 BCE) | Lagash]; KWU127 [Ur III (~2112–2004 BCE) | Administrative]; RSP456 [Early Dynastic (~2900–2340 BCE) | Presargonic Lagash]; ABZL149 [Old Babylonian (~2000–1600 BCE) | School texts]; KWU128 [Ur III (~2112–2004 BCE) | Administrative]; MZL102 [Standard Babylonian (any period) | Akkado-Babylonian]; SLLHA066c [Standard Babylonian (any period) | Akkado-Babylonian]
U+12364,|ZI&ZI.LAGAB|,|ZI&ZI.LAGAB&LAGAB|,𒍤,Type_2,compound,|ZI&ZI.LAGAB&LAGAB|,1,𒍤X,U+12364; X,ABZL149 [Old Babylonian (~2000–1600 BCE) | School texts]; KWU128 [Ur III (~2112–2004 BCE) | Administrative]; MZL102 [Standard Babylonian (any period) | Akkado-Babylonian]; SLLHA066c [Standard Babylonian (any period) | Akkado-Babylonian]
X,|ZI&ZI.LAGAB|,|ZI&ZI.LAGAB&LAGAB|,,Type_2,compound,|ZI&ZI.LAGAB&LAGAB|,2,𒍤X,U+12364; X,ABZL149 [Old Babylonian (~2000–1600 BCE) | School texts]; KWU128 [Ur III (~2112–2004 BCE) | Administrative]; MZL102 [Standard Babylonian (any period) | Akkado-Babylonian]; SLLHA066c [Standard Babylonian (any period) | Akkado-Babylonian]
X,|ZI&ZI.LAGAB|,|ZI%ZI.LAGAB|,,Type_2,compound,|ZI%ZI.LAGAB|,1,X𒆸,X; U+121B8,ABZL149 [Old Babylonian (~2000–1600 BCE) | School texts]; KWU128 [Ur III (~2112–2004 BCE) | Administrative]; MZL102 [Standard Babylonian (any period) | Akkado-Babylonian]; SLLHA066c [Standard Babylonian (any period) | Akkado-Babylonian]
U+121B8,|ZI&ZI.LAGAB|,|ZI%ZI.LAGAB|,𒆸,Type_2,compound,|ZI%ZI.LAGAB|,2,X𒆸,X; U+121B8,ABZL149 [Old Babylonian (~2000–1600 BCE) | School texts]; KWU128 [Ur III (~2112–2004 BCE) | Administrative]; MZL102 [Standard Babylonian (any period) | Akkado-Babylonian]; SLLHA066c [Standard Babylonian (any period) | Akkado-Babylonian]
U+12365,ZI₃,KU,𒍥,Type_3,ZI_v1,,,,,LAK791 [Uruk IV–III (~3400–3000 BCE) | Archaic / Uruk]; ASY290 [Standard Babylonian (any period) | Akkadian syllabary]; GCSL242a [Gudea period (~2100 BCE) | Lagash / Girsu]; ABZL420 [Old Babylonian (~2000–1600 BCE) | School texts]
U+12365,ZI₃,ZI₃@t,𒍥,Type_3,ZI_v1,,,,,ABZL420 [Old Babylonian (~2000–1600 BCE) | School texts]
U+12366,ZIB,ZIB@k,𒍦,Type_3,ZIB_v1,,,,,ASY228 [Standard Babylonian (any period) | Akkadian syllabary]; MZL628 [Standard Babylonian (any period) | Akkado-Babylonian]; SLLHA395 [Standard Babylonian (any period) | Akkado-Babylonian]; SYA200 [Standard Babylonian (any period) | Akkadian syllabary]
U+12368,ZIG,|NINDA₂×(U.U.U)|,𒍨,Type_3,ZIG_v1,,,,,ASY128 [Standard Babylonian (any period) | Akkadian syllabary]; ABZL140 [Old Babylonian (~2000–1600 BCE) | School texts]; MZL336 [Standard Babylonian (any period) | Akkado-Babylonian]; SLLHA190 [Standard Babylonian (any period) | Akkado-Babylonian]; SYA111 [Standard Babylonian (any period) | Akkadian syllabary]
U+12308,ZIG,|TUM.AŠ₂|,𒌈,Type_2,compound,|TUM.AŠ₂|,1,𒌈𒀾,U+12308; U+1203E,ASY128 [Standard Babylonian (any period) | Akkadian syllabary]; ABZL140 [Old Babylonian (~2000–1600 BCE) | School texts]; MZL336 [Standard Babylonian (any period) | Akkado-Babylonian]; SLLHA190 [Standard Babylonian (any period) | Akkado-Babylonian]; SYA111 [Standard Babylonian (any period) | Akkadian syllabary]
U+1203E,ZIG,|TUM.AŠ₂|,𒀾,Type_2,compound,|TUM.AŠ₂|,2,𒌈𒀾,U+12308; U+1203E,ASY128 [Standard Babylonian (any period) | Akkadian syllabary]; ABZL140 [Old Babylonian (~2000–1600 BCE) | School texts]; MZL336 [Standard Babylonian (any period) | Akkado-Babylonian]; SLLHA190 [Standard Babylonian (any period) | Akkado-Babylonian]; SYA111 [Standard Babylonian (any period) | Akkadian syllabary]
U+12308,ZIG,|TUM.KAD₃|,𒌈,Type_2,compound,|TUM.KAD₃|,1,𒌈𒆑,U+12308; U+12191,ASY128 [Standard Babylonian (any period) | Akkadian syllabary]; ABZL140 [Old Babylonian (~2000–1600 BCE) | School texts]; MZL336 [Standard Babylonian (any period) | Akkado-Babylonian]; SLLHA190 [Standard Babylonian (any period) | Akkado-Babylonian]; SYA111 [Standard Babylonian (any period) | Akkadian syllabary]
U+12191,ZIG,|TUM.KAD₃|,𒆑,Type_2,compound,|TUM.KAD₃|,2,𒌈𒆑,U+12308; U+12191,ASY128 [Standard Babylonian (any period) | Akkadian syllabary]; ABZL140 [Old Babylonian (~2000–1600 BCE) | School texts]; MZL336 [Standard Babylonian (any period) | Akkado-Babylonian]; SLLHA190 [Standard Babylonian (any period) | Akkado-Babylonian]; SYA111 [Standard Babylonian (any period) | Akkadian syllabary]
U+12308,ZIG,|TUM.U.U.U|,𒌈,Type_2,compound,|TUM.U.U.U|,1,𒌈𒌍,U+12308; U+1230D,ASY128 [Standard Babylonian (any period) | Akkadian syllabary]; ABZL140 [Old Babylonian (~2000–1600 BCE) | School texts]; MZL336 [Standard Babylonian (any period) | Akkado-Babylonian]; SLLHA190 [Standard Babylonian (any period) | Akkado-Babylonian]; SYA111 [Standard Babylonian (any period) | Akkadian syllabary]
U+1230D,ZIG,|TUM.U.U.U|,𒌍,Type_2,compound,|TUM.U.U.U|,2,𒌈𒌍,U+12308; U+1230D,ASY128 [Standard Babylonian (any period) | Akkadian syllabary]; ABZL140 [Old Babylonian (~2000–1600 BCE) | School texts]; MZL336 [Standard Babylonian (any period) | Akkado-Babylonian]; SLLHA190 [Standard Babylonian (any period) | Akkado-Babylonian]; SYA111 [Standard Babylonian (any period) | Akkadian syllabary]
U+12368,ZIG,|TUM×(U.U.U)|,𒍨,Type_3,ZIG_v1,,,,,ASY128 [Standard Babylonian (any period) | Akkadian syllabary]; ABZL140 [Old Babylonian (~2000–1600 BCE) | School texts]; MZL336 [Standard Babylonian (any period) | Akkado-Babylonian]; SLLHA190 [Standard Babylonian (any period) | Akkado-Babylonian]; SYA111 [Standard Babylonian (any period) | Akkadian syllabary]
U+12369,|ZIZ₂.AN.AN|,|ZIZ₂.AN.AN.AN|,𒍩,Type_2,compound,|ZIZ₂.AN.AN.AN|,1,𒍩𒀭𒀭𒀭,U+12369; U+1202D; U+1202D; U+1202D,
U+1202D,|ZIZ₂.AN.AN|,|ZIZ₂.AN.AN.AN|,𒀭,Type_2,compound,|ZIZ₂.AN.AN.AN|,2,𒍩𒀭𒀭𒀭,U+12369; U+1202D; U+1202D; U+1202D,
U+1202D,|ZIZ₂.AN.AN|,|ZIZ₂.AN.AN.AN|,𒀭,Type_2,compound,|ZIZ₂.AN.AN.AN|,3,𒍩𒀭𒀭𒀭,U+12369; U+1202D; U+1202D; U+1202D,
U+1202D,|ZIZ₂.AN.AN|,|ZIZ₂.AN.AN.AN|,𒀭,Type_2,compound,|ZIZ₂.AN.AN.AN|,4,𒍩𒀭𒀭𒀭,U+12369; U+1202D; U+1202D; U+1202D,
,|ZU.AB|,DE₂,𒍪𒀊,Type_3,ZUAB_v1,,,,,LAK156^a [Uruk IV–III (~3400–3000 BCE) | Archaic / Uruk]; ASY190 [Standard Babylonian (any period) | Akkadian syllabary]; GCSL071 [Gudea period (~2100 BCE) | Lagash / Girsu]; RSP361bis [Early Dynastic (~2900–2340 BCE) | Presargonic Lagash]; LAK292 [Uruk IV–III (~3400–3000 BCE) | Archaic / Uruk]; BAU225 [Early Dynastic (~2900–2340 BCE) | Lagash]; GCSL136 [Gudea period (~2100 BCE) | Lagash / Girsu]; KWU410 [Ur III (~2112–2004 BCE) | Administrative]; RSP142 [Early Dynastic (~2900–2340 BCE) | Presargonic Lagash]
,|ZU.AB|,|ZU×AB|,𒍪𒀊,Type_3,ZUAB_v1,,,,,LAK292 [Uruk IV–III (~3400–3000 BCE) | Archaic / Uruk]; BAU225 [Early Dynastic (~2900–2340 BCE) | Lagash]; GCSL136 [Gudea period (~2100 BCE) | Lagash / Girsu]; KWU410 [Ur III (~2112–2004 BCE) | Administrative]; RSP142 [Early Dynastic (~2900–2340 BCE) | Presargonic Lagash]
U+1236C,|ZU₅×A|,|URUDA×NUN|,𒍬,Type_3,ZUA_v1,,,,,BAU341 [Early Dynastic (~2900–2340 BCE) | Lagash]; PTACE071 [Early Dynastic (~2900–2340 BCE) | Ebla]; SLLHA181n [Standard Babylonian (any period) | Akkado-Babylonian]
U+1236C,|ZU₅×A|,ZU₅,𒍬,Type_3,ZUA_v1,,,,,LAK117 [Uruk IV–III (~3400–3000 BCE) | Archaic / Uruk]; ELLES062 [Early Dynastic (~2900–2340 BCE) | Ebla]; BAU341 [Early Dynastic (~2900–2340 BCE) | Lagash]; PTACE071 [Early Dynastic (~2900–2340 BCE) | Ebla]; SLLHA181n [Standard Babylonian (any period) | Akkado-Babylonian]
,ZUBI,LAK460,,Type_3,ZUBI_v1,,,,,LAK460 [Uruk IV–III (~3400–3000 BCE) | Archaic / Uruk]; LAK459 [Uruk IV–III (~3400–3000 BCE) | Archaic / Uruk]; ELLES240 [Early Dynastic (~2900–2340 BCE) | Ebla]; MZL097 [Standard Babylonian (any period) | Akkado-Babylonian]; PTACE125 [Early Dynastic (~2900–2340 BCE) | Ebla]
,ZUBI,|PAP.NA₂|,,Type_3,ZUBI_v1,,,,,MZL097 [Standard Babylonian (any period) | Akkado-Babylonian]; LAK459 [Uruk IV–III (~3400–3000 BCE) | Archaic / Uruk]; ELLES240 [Early Dynastic (~2900–2340 BCE) | Ebla]; PTACE125 [Early Dynastic (~2900–2340 BCE) | Ebla]
,|ZUM×TUG₂|,|ZUM×LAGAB|,,Type_3,ZUMTUG_v1,,,,,RSP175^a [Early Dynastic (~2900–2340 BCE) | Presargonic Lagash]; LAK524 [Uruk IV–III (~3400–3000 BCE) | Archaic / Uruk]; ELLES279 [Early Dynastic (~2900–2340 BCE) | Ebla]; MZL885 [Standard Babylonian (any period) | Akkado-Babylonian]; REC333 [Uruk IV–III (~3400–3000 BCE) | Archaic / Uruk]
U+1236E,|ZUM×TUG₂|,|ZUM.SI|,𒍮,Type_2,compound,|ZUM.SI|,1,𒍮𒋛,U+1236E; U+122DB,LAK524 [Uruk IV–III (~3400–3000 BCE) | Archaic / Uruk]; ELLES279 [Early Dynastic (~2900–2340 BCE) | Ebla]; MZL885 [Standard Babylonian (any period) | Akkado-Babylonian]; REC333 [Uruk IV–III (~3400–3000 BCE) | Archaic / Uruk]
U+122DB,|ZUM×TUG₂|,|ZUM.SI|,𒋛,Type_2,compound,|ZUM.SI|,2,𒍮𒋛,U+1236E; U+122DB,LAK524 [Uruk IV–III (~3400–3000 BCE) | Archaic / Uruk]; ELLES279 [Early Dynastic (~2900–2340 BCE) | Ebla]; MZL885 [Standard Babylonian (any period) | Akkado-Babylonian]; REC333 [Uruk IV–III (~3400–3000 BCE) | Archaic / Uruk]
U+1242F,3(ŠARU)@v,3(ŠARU@c)@v,𒐯,Type_3,3SARUV_v1,,,,,
U+1258C [unverified],1(EŠE₃),1(EŠE₃@c),𒖌,Type_1,1ESE_v1,,,,,LAK856 [Uruk IV–III (~3400–3000 BCE) | Archaic / Uruk]; RSP027^a [Early Dynastic (~2900–2340 BCE) | Presargonic Lagash]; ABZL025 [Old Babylonian (~2000–1600 BCE) | School texts]; HZL013 [Hittite period (~1650–1180 BCE) | Hittite]; MZL114 [Standard Babylonian (any period) | Akkado-Babylonian]; SLLHA069 [Standard Babylonian (any period) | Akkado-Babylonian]
U+1258D [unverified],2(EŠE₃),2(EŠE₃@c),𒖍,Type_1,2ESE_v1,,,,,MZL359 [Standard Babylonian (any period) | Akkado-Babylonian]; SLLHA214 [Standard Babylonian (any period) | Akkado-Babylonian]
U+1257A [unverified],2(ŠAR₂),2(ŠAR₂@c),𒕺,Type_1,2SAR_v1,,,,,
U+1257B [unverified],3(ŠAR₂),3(ŠAR₂@c),𒕻,Type_1,3SAR_v1,,,,,
U+12425,3(ŠAR₂)@v,3(ŠAR₂@c)@v,𒐥,Type_3,3SARV_v1,,,,,
U+1257C [unverified],4(ŠAR₂),4(ŠAR₂@c),𒕼,Type_1,4SAR_v1,,,,,
U+1257D [unverified],5(ŠAR₂),5(ŠAR₂@c),𒕽,Type_1,5SAR_v1,,,,,
U+1257E [unverified],6(ŠAR₂),6(ŠAR₂@c),𒕾,Type_1,6SAR_v1,,,,,
U+1257F [unverified],7(ŠAR₂),7(ŠAR₂@c),𒕿,Type_1,7SAR_v1,,,,,
U+12580 [unverified],8(ŠAR₂),8(ŠAR₂@c),𒖀,Type_1,8SAR_v1,,,,,
U+12581 [unverified],9(ŠAR₂),9(ŠAR₂@c),𒖁,Type_1,9SAR_v1,,,,,
U+1258F [unverified],2(BURU),2(BURU@c),𒖏,Type_1,2BURU_v1,,,,,
U+12590 [unverified],3(BURU),3(BURU@c),𒖐,Type_1,3BURU_v1,,,,,
U+12591 [unverified],4(BURU),4(BURU@c),𒖑,Type_1,4BURU_v1,,,,,
U+12592 [unverified],5(BURU),5(BURU@c),𒖒,Type_1,5BURU_v1,,,,,
U+12574 [unverified],1(GEŠU),GEŠU@c,𒕴,Type_1,1GESU_v1,,,,,LAK823^a [Uruk IV–III (~3400–3000 BCE) | Archaic / Uruk]; LAK842^a [Uruk IV–III (~3400–3000 BCE) | Archaic / Uruk]; RSP027 [Early Dynastic (~2900–2340 BCE) | Presargonic Lagash]; LAK823^b [Uruk IV–III (~3400–3000 BCE) | Archaic / Uruk]; LAK842^b [Uruk IV–III (~3400–3000 BCE) | Archaic / Uruk]; RSP021 [Early Dynastic (~2900–2340 BCE) | Presargonic Lagash]
U+12575 [unverified],2(GEŠU),2(GEŠU@c),𒕵,Type_1,2GESU_v1,,,,,
U+12576 [unverified],3(GEŠU),3(GEŠU@c),𒕶,Type_1,3GESU_v1,,,,,
U+12420,3(GEŠU),3(GEŠU@c)@v,𒐠,Type_3,3GESU_v2,,,,,
U+12577 [unverified],4(GEŠU),4(GEŠU@c),𒕷,Type_1,4GESU_v1,,,,,
U+12421,4(GEŠU),4(GEŠU@c)@v,𒐡,Type_3,4GESU_v2,,,,,
U+12578 [unverified],5(GEŠU),5(GEŠU@c),𒕸,Type_1,5GESU_v1,,,,,
,7(GEŠU),7(GEŠU@c),󰀦,Type_3,7GESU_v1,,,,,
U+1256B [unverified],1(GEŠ₂),GEŠ₂@c,𒕫,Type_1,1GES_v2,,,,,LAK822^a [Uruk IV–III (~3400–3000 BCE) | Archaic / Uruk]; LAK841^a [Uruk IV–III (~3400–3000 BCE) | Archaic / Uruk]; RSP025 [Early Dynastic (~2900–2340 BCE) | Presargonic Lagash]; LAK822^b [Uruk IV–III (~3400–3000 BCE) | Archaic / Uruk]; LAK841^b [Uruk IV–III (~3400–3000 BCE) | Archaic / Uruk]; RSP003 [Early Dynastic (~2900–2340 BCE) | Presargonic Lagash]
U+12415,1(GEŠ₂),GEŠ₂@c@90,𒐕,Type_3,1GES_v1,,,,,LAK822^b [Uruk IV–III (~3400–3000 BCE) | Archaic / Uruk]; LAK841^b [Uruk IV–III (~3400–3000 BCE) | Archaic / Uruk]; RSP003 [Early Dynastic (~2900–2340 BCE) | Presargonic Lagash]
U+12415,1(GEŠ₂),GEŠ₂@c@v,𒐕,Type_3,1GES_v1,,,,,LAK822^b [Uruk IV–III (~3400–3000 BCE) | Archaic / Uruk]; LAK841^b [Uruk IV–III (~3400–3000 BCE) | Archaic / Uruk]; RSP003 [Early Dynastic (~2900–2340 BCE) | Presargonic Lagash]
U+12415,1(GEŠ₂),GEŠ₂@t,𒐕,Type_3,1GES_v1,,,,,LAK822^b [Uruk IV–III (~3400–3000 BCE) | Archaic / Uruk]; LAK841^b [Uruk IV–III (~3400–3000 BCE) | Archaic / Uruk]; RSP003 [Early Dynastic (~2900–2340 BCE) | Presargonic Lagash]
U+1256C [unverified],2(GEŠ₂),2(GEŠ₂@c),𒕬,Type_1,2GES_v1,,,,,
U+12416,2(GEŠ₂),2(GEŠ₂@t),𒐖,Type_3,2GES_v2,,,,,
U+1256D [unverified],3(GEŠ₂),3(GEŠ₂@c),𒕭,Type_1,3GES_v2,,,,,
U+12417,3(GEŠ₂),3(GEŠ₂@c)@v,𒐗,Type_3,3GES_v1,,,,,
U+12417,3(GEŠ₂),3(GEŠ₂@c@90),𒐗,Type_3,3GES_v1,,,,,
U+12417,3(GEŠ₂),3(GEŠ₂@t),𒐗,Type_3,3GES_v1,,,,,
U+1256E [unverified],4(GEŠ₂),4(GEŠ₂@c),𒕮,Type_1,4GES_v2,,,,,
U+12418,4(GEŠ₂),4(GEŠ₂@c)@v,𒐘,Type_3,4GES_v1,,,,,
U+12418,4(GEŠ₂),4(GEŠ₂@c@90),𒐘,Type_3,4GES_v1,,,,,
U+12418,4(GEŠ₂),4(GEŠ₂@t),𒐘,Type_3,4GES_v1,,,,,
U+1256F [unverified],5(GEŠ₂),5(GEŠ₂@c),𒕯,Type_1,5GES_v1,,,,,
U+12419,5(GEŠ₂),5(GEŠ₂@t),𒐙,Type_3,5GES_v2,,,,,
U+12570 [unverified],6(GEŠ₂),6(GEŠ₂@c),𒕰,Type_1,6GES_v1,,,,,
U+1241A,6(GEŠ₂),6(GEŠ₂@t),𒐚,Type_3,6GES_v2,,,,,
U+12571 [unverified],7(GEŠ₂),7(GEŠ₂@c),𒕱,Type_1,7GES_v1,,,,,
U+1241B,7(GEŠ₂),7(GEŠ₂@t),𒐛,Type_3,7GES_v2,,,,,
U+12572 [unverified],8(GEŠ₂),8(GEŠ₂@c),𒕲,Type_1,8GES_v1,,,,,
U+1241C,8(GEŠ₂),8(GEŠ₂@t),𒐜,Type_3,8GES_v2,,,,,
U+12573 [unverified],9(GEŠ₂),9(GEŠ₂@c),𒕳,Type_1,9GES_v1,,,,,
U+1241D,9(GEŠ₂),9(GEŠ₂@t),𒐝,Type_3,9GES_v2,,,,,
U+1255C [unverified],4(DIŠ),4(DIŠ@c),𒕜,Type_1,4DIS_v1,,,,,LAK837^a [Uruk IV–III (~3400–3000 BCE) | Archaic / Uruk]; LAK837^b [Uruk IV–III (~3400–3000 BCE) | Archaic / Uruk]; ABZL474 [Old Babylonian (~2000–1600 BCE) | School texts]
U+1255D [unverified],5(DIŠ),5(DIŠ@c),𒕝,Type_1,5DIS_v1,,,,,ASY324 [Standard Babylonian (any period) | Akkadian syllabary]; ABZL476 [Old Babylonian (~2000–1600 BCE) | School texts]; HZL371 [Hittite period (~1650–1180 BCE) | Hittite]; MZL861 [Standard Babylonian (any period) | Akkado-Babylonian]; SLLHA598a [Standard Babylonian (any period) | Akkado-Babylonian]; SYA284 [Standard Babylonian (any period) | Akkadian syllabary]
U+1255E [unverified],6(DIŠ),6(DIŠ@c),𒕞,Type_1,6DIS_v1,,,,,ASY325 [Standard Babylonian (any period) | Akkadian syllabary]; ABZL477 [Old Babylonian (~2000–1600 BCE) | School texts]; HZL372 [Hittite period (~1650–1180 BCE) | Hittite]; MZL862 [Standard Babylonian (any period) | Akkado-Babylonian]; SLLHA598b [Standard Babylonian (any period) | Akkado-Babylonian]; SYA285 [Standard Babylonian (any period) | Akkadian syllabary]
U+1255F [unverified],7(DIŠ),7(DIŠ@c),𒕟,Type_1,7DIS_v1,,,,,ABZL478 [Old Babylonian (~2000–1600 BCE) | School texts]; HZL373 [Hittite period (~1650–1180 BCE) | Hittite]; MZL863 [Standard Babylonian (any period) | Akkado-Babylonian]; SLLHA598n1 [Standard Babylonian (any period) | Akkado-Babylonian]
U+12560 [unverified],8(DIŠ),8(DIŠ@c),𒕠,Type_1,8DIS_v1,,,,,ABZL479 [Old Babylonian (~2000–1600 BCE) | School texts]; HZL374 [Hittite period (~1650–1180 BCE) | Hittite]; MZL864 [Standard Babylonian (any period) | Akkado-Babylonian]; SLLHA598n2 [Standard Babylonian (any period) | Akkado-Babylonian]; MZL867 [Standard Babylonian (any period) | Akkado-Babylonian]; SLLHA598d [Standard Babylonian (any period) | Akkado-Babylonian]
U+12551 [unverified],2(AŠ),2(AŠ@c),𒕑,Type_1,2AS_v1,,,,,HZL001 [Hittite period (~1650–1180 BCE) | Hittite]; MZL002 [Standard Babylonian (any period) | Akkado-Babylonian]; SLLHA002 [Standard Babylonian (any period) | Akkado-Babylonian]
U+12552 [unverified],3(AŠ),3(AŠ@c),𒕒,Type_1,3AS_v1,,,,,ABZL002 [Old Babylonian (~2000–1600 BCE) | School texts]; MZL004 [Standard Babylonian (any period) | Akkado-Babylonian]; SLLHA002a [Standard Babylonian (any period) | Akkado-Babylonian]
U+12553 [unverified],4(AŠ),4(AŠ@c),𒕓,Type_1,4AS_v1,,,,,LAK091 [Uruk IV–III (~3400–3000 BCE) | Archaic / Uruk]; ASY091 [Standard Babylonian (any period) | Akkadian syllabary]; ABZL110 [Old Babylonian (~2000–1600 BCE) | School texts]; MZL215 [Standard Babylonian (any period) | Akkado-Babylonian]; SLLHA124_42 [Standard Babylonian (any period) | Akkado-Babylonian]
U+12554 [unverified],5(AŠ),5(AŠ@c),𒕔,Type_1,5AS_v1,,,,,MZL216 [Standard Babylonian (any period) | Akkado-Babylonian]; SLLHA125b [Standard Babylonian (any period) | Akkado-Babylonian]
U+12555 [unverified],6(AŠ),6(AŠ@c),𒕕,Type_1,6AS_v1,,,,,MZL217 [Standard Babylonian (any period) | Akkado-Babylonian]; SLLHA125c [Standard Babylonian (any period) | Akkado-Babylonian]
U+12556 [unverified],7(AŠ),7(AŠ@c),𒕖,Type_1,7AS_v1,,,,,MZL218 [Standard Babylonian (any period) | Akkado-Babylonian]; SLLHA125d [Standard Babylonian (any period) | Akkado-Babylonian]
U+12405,7(AŠ),7(AŠ@c)@l,𒐅,Type_3,7AS_v3,,,,,MZL218 [Standard Babylonian (any period) | Akkado-Babylonian]; SLLHA125d [Standard Babylonian (any period) | Akkado-Babylonian]
U+1246F [unverified],7(AŠ),7(AŠ@t),𒑯,Type_1,7AS_v2,,,,,MZL218 [Standard Babylonian (any period) | Akkado-Babylonian]; SLLHA125d [Standard Babylonian (any period) | Akkado-Babylonian]
U+12557 [unverified],8(AŠ),8(AŠ@c),𒕗,Type_1,8AS_v1,,,,,MZL219 [Standard Babylonian (any period) | Akkado-Babylonian]; SLLHA125e [Standard Babylonian (any period) | Akkado-Babylonian]
U+12475 [unverified],8(AŠ),8(AŠ@t),𒑵,Type_1,8AS_v2,,,,,MZL219 [Standard Babylonian (any period) | Akkado-Babylonian]; SLLHA125e [Standard Babylonian (any period) | Akkado-Babylonian]
U+12558 [unverified],9(AŠ),9(AŠ@c),𒕘,Type_1,9AS_v1,,,,,MZL220 [Standard Babylonian (any period) | Akkado-Babylonian]; SLLHA125f [Standard Babylonian (any period) | Akkado-Babylonian]
U+12476 [unverified],9(AŠ),9(AŠ@t),𒑶,Type_1,9AS_v2,,,,,MZL220 [Standard Babylonian (any period) | Akkado-Babylonian]; SLLHA125f [Standard Babylonian (any period) | Akkado-Babylonian]
U+12582 [unverified],1(ŠARU),1(ŠARU@c),𒖂,Type_1,1SARU_v2,,,,,LAK826^a [Uruk IV–III (~3400–3000 BCE) | Archaic / Uruk]; LAK860 [Uruk IV–III (~3400–3000 BCE) | Archaic / Uruk]; RSP032 [Early Dynastic (~2900–2340 BCE) | Presargonic Lagash]; ABZL284 [Old Babylonian (~2000–1600 BCE) | School texts]; MZL653 [Standard Babylonian (any period) | Akkado-Babylonian]; SLLHA409 [Standard Babylonian (any period) | Akkado-Babylonian]
U+1242C,1(ŠARU),1(ŠARU@v),𒐬,Type_3,1SARU_v1,,,,,LAK827^b [Uruk IV–III (~3400–3000 BCE) | Archaic / Uruk]; ABZL284 [Old Babylonian (~2000–1600 BCE) | School texts]; MZL653 [Standard Babylonian (any period) | Akkado-Babylonian]; SLLHA409 [Standard Babylonian (any period) | Akkado-Babylonian]
U+1242C,1(ŠARU),ŠARU@v@c,𒐬,Type_3,1SARU_v1,,,,,LAK827^a [Uruk IV–III (~3400–3000 BCE) | Archaic / Uruk]; LAK861 [Uruk IV–III (~3400–3000 BCE) | Archaic / Uruk]; ABZL284 [Old Babylonian (~2000–1600 BCE) | School texts]; MZL653 [Standard Babylonian (any period) | Akkado-Babylonian]; SLLHA409 [Standard Babylonian (any period) | Akkado-Babylonian]
U+12583 [unverified],2(ŠARU),2(ŠARU@c),𒖃,Type_1,2SARU_v1,,,,,ABZL285 [Old Babylonian (~2000–1600 BCE) | School texts]; MZL655 [Standard Babylonian (any period) | Akkado-Babylonian]; SLLHA409a [Standard Babylonian (any period) | Akkado-Babylonian]
U+1242D,2(ŠARU),2(ŠARU@v),𒐭,Type_3,2SARU_v2,,,,,ABZL285 [Old Babylonian (~2000–1600 BCE) | School texts]; MZL655 [Standard Babylonian (any period) | Akkado-Babylonian]; SLLHA409a [Standard Babylonian (any period) | Akkado-Babylonian]
U+12584 [unverified],3(ŠARU),3(ŠARU@c),𒖄,Type_1,3SARU_v1,,,,,ABZL286 [Old Babylonian (~2000–1600 BCE) | School texts]; MZL656 [Standard Babylonian (any period) | Akkado-Babylonian]; SLLHA409b [Standard Babylonian (any period) | Akkado-Babylonian]
U+1242E,3(ŠARU),3(ŠARU@v),𒐮,Type_3,3SARU_v2,,,,,ABZL286 [Old Babylonian (~2000–1600 BCE) | School texts]; MZL656 [Standard Babylonian (any period) | Akkado-Babylonian]; SLLHA409b [Standard Babylonian (any period) | Akkado-Babylonian]
U+12430,4(ŠARU),4(ŠARU@v),𒐰,Type_3,4SARU_v1,,,,,MZL657 [Standard Babylonian (any period) | Akkado-Babylonian]; SLLHA409c [Standard Babylonian (any period) | Akkado-Babylonian]
U+12585 [unverified],4(ŠARU),4(ŠARU@c),𒖅,Type_1,4SARU_v2,,,,,MZL657 [Standard Babylonian (any period) | Akkado-Babylonian]; SLLHA409c [Standard Babylonian (any period) | Akkado-Babylonian]
U+12586 [unverified],5(ŠARU),5(ŠARU@c),𒖆,Type_1,5SARU_v1,,,,,MZL658 [Standard Babylonian (any period) | Akkado-Babylonian]; SLLHA409d [Standard Babylonian (any period) | Akkado-Babylonian]
U+12431,5(ŠARU),5(ŠARU@v),𒐱,Type_3,5SARU_v2,,,,,MZL658 [Standard Babylonian (any period) | Akkado-Babylonian]; SLLHA409d [Standard Babylonian (any period) | Akkado-Babylonian]
U+1244F,1(BAN₂),BAN₂@v,𒑏,Type_3,1BAN_v1,,,,,LAK816^b [Uruk IV–III (~3400–3000 BCE) | Archaic / Uruk]; LAK829^b [Uruk IV–III (~3400–3000 BCE) | Archaic / Uruk]; ABZL029 [Old Babylonian (~2000–1600 BCE) | School texts]; HZL020 [Hittite period (~1650–1180 BCE) | Hittite]; MZL122 [Standard Babylonian (any period) | Akkado-Babylonian]; RSP019bis [Early Dynastic (~2900–2340 BCE) | Presargonic Lagash]; SLLHA074 [Standard Babylonian (any period) | Akkado-Babylonian]
U+1244F,1(BAN₂),1(BAN₂@t),𒑏,Type_3,1BAN_v1,,,,,LAK816^b [Uruk IV–III (~3400–3000 BCE) | Archaic / Uruk]; LAK829^b [Uruk IV–III (~3400–3000 BCE) | Archaic / Uruk]; ABZL029 [Old Babylonian (~2000–1600 BCE) | School texts]; HZL020 [Hittite period (~1650–1180 BCE) | Hittite]; MZL122 [Standard Babylonian (any period) | Akkado-Babylonian]; RSP019bis [Early Dynastic (~2900–2340 BCE) | Presargonic Lagash]; SLLHA074 [Standard Babylonian (any period) | Akkado-Babylonian]
U+12593 [unverified],1(BAN₂),1(BAN₂@c),𒖓,Type_1,1BAN_v2,,,,,LAK816^a [Uruk IV–III (~3400–3000 BCE) | Archaic / Uruk]; LAK829^a [Uruk IV–III (~3400–3000 BCE) | Archaic / Uruk]; LAK838 [Uruk IV–III (~3400–3000 BCE) | Archaic / Uruk]; RSP036 [Early Dynastic (~2900–2340 BCE) | Presargonic Lagash]; RSP036bis [Early Dynastic (~2900–2340 BCE) | Presargonic Lagash]; LAK816^b [Uruk IV–III (~3400–3000 BCE) | Archaic / Uruk]; LAK829^b [Uruk IV–III (~3400–3000 BCE) | Archaic / Uruk]; ABZL029 [Old Babylonian (~2000–1600 BCE) | School texts]; HZL020 [Hittite period (~1650–1180 BCE) | Hittite]; MZL122 [Standard Babylonian (any period) | Akkado-Babylonian]; RSP019bis [Early Dynastic (~2900–2340 BCE) | Presargonic Lagash]; SLLHA074 [Standard Babylonian (any period) | Akkado-Babylonian]
U+12594 [unverified],2(BAN₂),2(BAN₂@c),𒖔,Type_1,2BAN_v1,,,,,LAK830^a [Uruk IV–III (~3400–3000 BCE) | Archaic / Uruk]; RSP036bis^a [Early Dynastic (~2900–2340 BCE) | Presargonic Lagash]; LAK830^b [Uruk IV–III (~3400–3000 BCE) | Archaic / Uruk]; ABZL143 [Old Babylonian (~2000–1600 BCE) | School texts]; MZL465 [Standard Babylonian (any period) | Akkado-Babylonian]; RSP019bis [Early Dynastic (~2900–2340 BCE) | Presargonic Lagash]; SLLHA295 [Standard Babylonian (any period) | Akkado-Babylonian]
U+12595 [unverified],3(BAN₂),3(BAN₂@c),𒖕,Type_1,3BAN_v1,,,,,LAK831^a [Uruk IV–III (~3400–3000 BCE) | Archaic / Uruk]; RSP036bis^b [Early Dynastic (~2900–2340 BCE) | Presargonic Lagash]; LAK831^b [Uruk IV–III (~3400–3000 BCE) | Archaic / Uruk]; MZL549 [Standard Babylonian (any period) | Akkado-Babylonian]; RSP019bis [Early Dynastic (~2900–2340 BCE) | Presargonic Lagash]; SLLHA339 [Standard Babylonian (any period) | Akkado-Babylonian]
U+12596 [unverified],4(BAN₂),4(BAN₂@c),𒖖,Type_1,4BAN_v1,,,,,LAK832^a [Uruk IV–III (~3400–3000 BCE) | Archaic / Uruk]; RSP036bis^c [Early Dynastic (~2900–2340 BCE) | Presargonic Lagash]; LAK832^b [Uruk IV–III (~3400–3000 BCE) | Archaic / Uruk]; MZL550 [Standard Babylonian (any period) | Akkado-Babylonian]; RSP019bis [Early Dynastic (~2900–2340 BCE) | Presargonic Lagash]; SLLHA340v [Standard Babylonian (any period) | Akkado-Babylonian]
U+12597 [unverified],5(BAN₂),5(BAN₂@c),𒖗,Type_1,5BAN_v1,,,,,LAK833^a [Uruk IV–III (~3400–3000 BCE) | Archaic / Uruk]; RSP036bis^d [Early Dynastic (~2900–2340 BCE) | Presargonic Lagash]; LAK833^b [Uruk IV–III (~3400–3000 BCE) | Archaic / Uruk]; MZL551 [Standard Babylonian (any period) | Akkado-Babylonian]; RSP019bis [Early Dynastic (~2900–2340 BCE) | Presargonic Lagash]; SLLHA341v [Standard Babylonian (any period) | Akkado-Babylonian]
U+12565 [unverified],4(U),4(U@c),𒕥,Type_1,4U_v1,,,,,ABZL374 [Old Babylonian (~2000–1600 BCE) | School texts]; HZL335 [Hittite period (~1650–1180 BCE) | Hittite]; MZL712 [Standard Babylonian (any period) | Akkado-Babylonian]; SLLHA473 [Standard Babylonian (any period) | Akkado-Babylonian]
U+1240F,4(U),4(U@c)@v,𒐏,Type_3,4U_v2,,,,,ABZL374 [Old Babylonian (~2000–1600 BCE) | School texts]; HZL335 [Hittite period (~1650–1180 BCE) | Hittite]; MZL712 [Standard Babylonian (any period) | Akkado-Babylonian]; SLLHA473 [Standard Babylonian (any period) | Akkado-Babylonian]
U+12566 [unverified],5(U),5(U@c),𒕦,Type_1,5U_v1,,,,,ABZL376 [Old Babylonian (~2000–1600 BCE) | School texts]; GCSL217 [Gudea period (~2100 BCE) | Lagash / Girsu]; MZL714 [Standard Babylonian (any period) | Akkado-Babylonian]; SLLHA475 [Standard Babylonian (any period) | Akkado-Babylonian]
U+12567 [unverified],6(U),6(U@c),𒕧,Type_1,6U_v1,,,,,MZL715 [Standard Babylonian (any period) | Akkado-Babylonian]; SLLHA476 [Standard Babylonian (any period) | Akkado-Babylonian]
U+12568 [unverified],7(U),7(U@c),𒕨,Type_1,7U_v1,,,,,MZL716 [Standard Babylonian (any period) | Akkado-Babylonian]; SLLHA477 [Standard Babylonian (any period) | Akkado-Babylonian]
U+12569 [unverified],8(U),8(U@c),𒕩,Type_1,8U_v1,,,,,MZL717 [Standard Babylonian (any period) | Akkado-Babylonian]; SLLHA478 [Standard Babylonian (any period) | Akkado-Babylonian]
U+1256A [unverified],9(U),9(U@c),𒕪,Type_1,9U_v1,,,,,MZL718 [Standard Babylonian (any period) | Akkado-Babylonian]; SLLHA479 [Standard Babylonian (any period) | Akkado-Babylonian]
U+12437,3(BURU@v),3(BURU@c)@v,𒐷,Type_3,3BURUV_v1,,,,,
U+1247C [unverified],6(|AŠ×DIŠ@t|),6(|BAD×DIŠ@t|),𒑼,Type_3,6ASDIST_v1,,,,,RSP093 [Early Dynastic (~2900–2340 BCE) | Presargonic Lagash]
U+1247D [unverified],7(|AŠ×DIŠ@t|),7(|BAD×DIŠ@t|),𒑽,Type_3,7ASDIST_v1,,,,,RSP093 [Early Dynastic (~2900–2340 BCE) | Presargonic Lagash]
U+1247E [unverified],8(|AŠ×DIŠ@t|),8(|BAD×DIŠ@t|),𒑾,Type_3,8ASDIST_v1,,,,,RSP093 [Early Dynastic (~2900–2340 BCE) | Presargonic Lagash]
