unicode_id,allograph_sign,compound_form,component_position,allograph_ucun,allographCompound_cun,allographCompound_useq,signList_analogue
U+12000,|A.EDIN.LAL|,|A.EDIN|,1,𒀀,𒀀𒂔,U+12000; U+12094,
U+12094,|A.EDIN.LAL|,|A.EDIN|,2,𒂔,𒀀𒂔,U+12000; U+12094,
U+12000,|A.EDIN.LAL|,|A.EDIN.A.LAL|,1,𒀀,𒀀𒂔𒀀𒇲,U+12000; U+12094; U+12000; U+121F2,
U+12094,|A.EDIN.LAL|,|A.EDIN.A.LAL|,2,𒂔,𒀀𒂔𒀀𒇲,U+12000; U+12094; U+12000; U+121F2,
U+12000,|A.EDIN.LAL|,|A.EDIN.A.LAL|,3,𒀀,𒀀𒂔𒀀𒇲,U+12000; U+12094; U+12000; U+121F2,
U+121F2,|A.EDIN.LAL|,|A.EDIN.A.LAL|,4,𒇲,𒀀𒂔𒀀𒇲,U+12000; U+12094; U+12000; U+121F2,
U+12000,|A.EDIN.LAL|,|A.EDIN.NA|,1,𒀀,𒀀𒂔𒈾,U+12000; U+12094; U+1223E,
U+12094,|A.EDIN.LAL|,|A.EDIN.NA|,2,𒂔,𒀀𒂔𒈾,U+12000; U+12094; U+1223E,
U+1223E,|A.EDIN.LAL|,|A.EDIN.NA|,3,𒈾,𒀀𒂔𒈾,U+12000; U+12094; U+1223E,
U+12000,|A.EDIN.LAL|,|A.U.EDIN.LAL|,1,𒀀,𒀀𒌋𒂔𒇲,U+12000; U+1230B; U+12094; U+121F2,
U+1230B,|A.EDIN.LAL|,|A.U.EDIN.LAL|,2,𒌋,𒀀𒌋𒂔𒇲,U+12000; U+1230B; U+12094; U+121F2,
U+12094,|A.EDIN.LAL|,|A.U.EDIN.LAL|,3,𒂔,𒀀𒌋𒂔𒇲,U+12000; U+1230B; U+12094; U+121F2,
U+121F2,|A.EDIN.LAL|,|A.U.EDIN.LAL|,4,𒇲,𒀀𒌋𒂔𒇲,U+12000; U+1230B; U+12094; U+121F2,
U+12094,|A.EDIN.LAL|,|EDIN.A|,1,𒂔,𒂔𒀀,U+12094; U+12000,
U+12000,|A.EDIN.LAL|,|EDIN.A|,2,𒀀,𒂔𒀀,U+12094; U+12000,
U+12094,|A.EDIN.LAL|,|EDIN.A.LAL|,1,𒂔,𒂔𒀀𒇲,U+12094; U+12000; U+121F2,
U+12000,|A.EDIN.LAL|,|EDIN.A.LAL|,2,𒀀,𒂔𒀀𒇲,U+12094; U+12000; U+121F2,
U+121F2,|A.EDIN.LAL|,|EDIN.A.LAL|,3,𒇲,𒂔𒀀𒇲,U+12094; U+12000; U+121F2,
U+12094,|A.EDIN.LAL|,|EDIN.LAL|,1,𒂔,𒂔𒇲,U+12094; U+121F2,
U+121F2,|A.EDIN.LAL|,|EDIN.LAL|,2,𒇲,𒂔𒇲,U+12094; U+121F2,
U+12094,|A.EDIN.LAL|,|EDIN.LAL.A|,1,𒂔,𒂔𒇲𒀀,U+12094; U+121F2; U+12000,
U+121F2,|A.EDIN.LAL|,|EDIN.LAL.A|,2,𒇲,𒂔𒇲𒀀,U+12094; U+121F2; U+12000,
U+12000,|A.EDIN.LAL|,|EDIN.LAL.A|,3,𒀀,𒂔𒇲𒀀,U+12094; U+121F2; U+12000,
U+12094,|A.EDIN.LAL|,|EDIN.NA.A.LAL|,1,𒂔,𒂔𒈾𒀀𒇲,U+12094; U+1223E; U+12000; U+121F2,
U+1223E,|A.EDIN.LAL|,|EDIN.NA.A.LAL|,2,𒈾,𒂔𒈾𒀀𒇲,U+12094; U+1223E; U+12000; U+121F2,
U+12000,|A.EDIN.LAL|,|EDIN.NA.A.LAL|,3,𒀀,𒂔𒈾𒀀𒇲,U+12094; U+1223E; U+12000; U+121F2,
U+121F2,|A.EDIN.LAL|,|EDIN.NA.A.LAL|,4,𒇲,𒂔𒈾𒀀𒇲,U+12094; U+1223E; U+12000; U+121F2,
U+12000,|A.GISAL.GAD.GAR.A.SI|,|A.LAK648×A.GAD.GAR.A.SI|,1,𒀀,𒀀X𒃰𒃻𒀀𒋛,U+12000; X; U+120F0; U+120FB; U+12000; U+122DB,
X,|A.GISAL.GAD.GAR.A.SI|,|A.LAK648×A.GAD.GAR.A.SI|,2,,𒀀X𒃰𒃻𒀀𒋛,U+12000; X; U+120F0; U+120FB; U+12000; U+122DB,
U+120F0,|A.GISAL.GAD.GAR.A.SI|,|A.LAK648×A.GAD.GAR.A.SI|,3,𒃰,𒀀X𒃰𒃻𒀀𒋛,U+12000; X; U+120F0; U+120FB; U+12000; U+122DB,
U+120FB,|A.GISAL.GAD.GAR.A.SI|,|A.LAK648×A.GAD.GAR.A.SI|,4,𒃻,𒀀X𒃰𒃻𒀀𒋛,U+12000; X; U+120F0; U+120FB; U+12000; U+122DB,
U+12000,|A.GISAL.GAD.GAR.A.SI|,|A.LAK648×A.GAD.GAR.A.SI|,5,𒀀,𒀀X𒃰𒃻𒀀𒋛,U+12000; X; U+120F0; U+120FB; U+12000; U+122DB,
U+122DB,|A.GISAL.GAD.GAR.A.SI|,|A.LAK648×A.GAD.GAR.A.SI|,6,𒋛,𒀀X𒃰𒃻𒀀𒋛,U+12000; X; U+120F0; U+120FB; U+12000; U+122DB,
U+12000,|A.HA.TAR.DU|,|A.BU|,1,𒀀,𒀀𒁍,U+12000; U+1204D,
U+1204D,|A.HA.TAR.DU|,|A.BU|,2,𒁍,𒀀𒁍,U+12000; U+1204D,
U+12000,|A.HA.TAR.DU|,|A.BU.DU|,1,𒀀,𒀀𒁍𒁺,U+12000; U+1204D; U+1207A,
U+1204D,|A.HA.TAR.DU|,|A.BU.DU|,2,𒁍,𒀀𒁍𒁺,U+12000; U+1204D; U+1207A,
U+1207A,|A.HA.TAR.DU|,|A.BU.DU|,3,𒁺,𒀀𒁍𒁺,U+12000; U+1204D; U+1207A,
U+12000,|A.HA.TAR.DU|,|A.BU.HA|,1,𒀀,𒀀𒁍𒄩,U+12000; U+1204D; U+12129,
U+1204D,|A.HA.TAR.DU|,|A.BU.HA|,2,𒁍,𒀀𒁍𒄩,U+12000; U+1204D; U+12129,
U+12129,|A.HA.TAR.DU|,|A.BU.HA|,3,𒄩,𒀀𒁍𒄩,U+12000; U+1204D; U+12129,
U+12000,|A.HA.TAR.DU|,|A.BU.HA.DU|,1,𒀀,𒀀𒁍𒄩𒁺,U+12000; U+1204D; U+12129; U+1207A,
U+1204D,|A.HA.TAR.DU|,|A.BU.HA.DU|,2,𒁍,𒀀𒁍𒄩𒁺,U+12000; U+1204D; U+12129; U+1207A,
U+12129,|A.HA.TAR.DU|,|A.BU.HA.DU|,3,𒄩,𒀀𒁍𒄩𒁺,U+12000; U+1204D; U+12129; U+1207A,
U+1207A,|A.HA.TAR.DU|,|A.BU.HA.DU|,4,𒁺,𒀀𒁍𒄩𒁺,U+12000; U+1204D; U+12129; U+1207A,
U+12000,|A.HA.TAR.DU|,|A.BU.HA.NI.DU|,1,𒀀,𒀀𒁍𒄩𒉌𒁺,U+12000; U+1204D; U+12129; U+1224C; U+1207A,
U+1204D,|A.HA.TAR.DU|,|A.BU.HA.NI.DU|,2,𒁍,𒀀𒁍𒄩𒉌𒁺,U+12000; U+1204D; U+12129; U+1224C; U+1207A,
U+12129,|A.HA.TAR.DU|,|A.BU.HA.NI.DU|,3,𒄩,𒀀𒁍𒄩𒉌𒁺,U+12000; U+1204D; U+12129; U+1224C; U+1207A,
U+1224C,|A.HA.TAR.DU|,|A.BU.HA.NI.DU|,4,𒉌,𒀀𒁍𒄩𒉌𒁺,U+12000; U+1204D; U+12129; U+1224C; U+1207A,
U+1207A,|A.HA.TAR.DU|,|A.BU.HA.NI.DU|,5,𒁺,𒀀𒁍𒄩𒉌𒁺,U+12000; U+1204D; U+12129; U+1224C; U+1207A,
U+12000,|A.HA.TAR.DU|,|A.HA|,1,𒀀,𒀀𒄩,U+12000; U+12129,
U+12129,|A.HA.TAR.DU|,|A.HA|,2,𒄩,𒀀𒄩,U+12000; U+12129,
U+12000,|A.HA.TAR.DU|,|A.HA.A.DU|,1,𒀀,𒀀𒄩𒀀𒁺,U+12000; U+12129; U+12000; U+1207A,
U+12129,|A.HA.TAR.DU|,|A.HA.A.DU|,2,𒄩,𒀀𒄩𒀀𒁺,U+12000; U+12129; U+12000; U+1207A,
U+12000,|A.HA.TAR.DU|,|A.HA.A.DU|,3,𒀀,𒀀𒄩𒀀𒁺,U+12000; U+12129; U+12000; U+1207A,
U+1207A,|A.HA.TAR.DU|,|A.HA.A.DU|,4,𒁺,𒀀𒄩𒀀𒁺,U+12000; U+12129; U+12000; U+1207A,
U+12000,|A.HA.TAR.DU|,|A.HA.BU.DU|,1,𒀀,𒀀𒄩𒁍𒁺,U+12000; U+12129; U+1204D; U+1207A,
U+12129,|A.HA.TAR.DU|,|A.HA.BU.DU|,2,𒄩,𒀀𒄩𒁍𒁺,U+12000; U+12129; U+1204D; U+1207A,
U+1204D,|A.HA.TAR.DU|,|A.HA.BU.DU|,3,𒁍,𒀀𒄩𒁍𒁺,U+12000; U+12129; U+1204D; U+1207A,
U+1207A,|A.HA.TAR.DU|,|A.HA.BU.DU|,4,𒁺,𒀀𒄩𒁍𒁺,U+12000; U+12129; U+1204D; U+1207A,
U+12000,|A.HA.TAR.DU|,|A.HA.BU.LAGAB|,1,𒀀,𒀀𒄩𒁍𒆸,U+12000; U+12129; U+1204D; U+121B8,
U+12129,|A.HA.TAR.DU|,|A.HA.BU.LAGAB|,2,𒄩,𒀀𒄩𒁍𒆸,U+12000; U+12129; U+1204D; U+121B8,
U+1204D,|A.HA.TAR.DU|,|A.HA.BU.LAGAB|,3,𒁍,𒀀𒄩𒁍𒆸,U+12000; U+12129; U+1204D; U+121B8,
U+121B8,|A.HA.TAR.DU|,|A.HA.BU.LAGAB|,4,𒆸,𒀀𒄩𒁍𒆸,U+12000; U+12129; U+1204D; U+121B8,
U+12000,|A.HA.TAR.DU|,|A.HA.BU.TAR.DU|,1,𒀀,𒀀𒄩𒁍𒋻𒁺,U+12000; U+12129; U+1204D; U+122FB; U+1207A,
U+12129,|A.HA.TAR.DU|,|A.HA.BU.TAR.DU|,2,𒄩,𒀀𒄩𒁍𒋻𒁺,U+12000; U+12129; U+1204D; U+122FB; U+1207A,
U+1204D,|A.HA.TAR.DU|,|A.HA.BU.TAR.DU|,3,𒁍,𒀀𒄩𒁍𒋻𒁺,U+12000; U+12129; U+1204D; U+122FB; U+1207A,
U+122FB,|A.HA.TAR.DU|,|A.HA.BU.TAR.DU|,4,𒋻,𒀀𒄩𒁍𒋻𒁺,U+12000; U+12129; U+1204D; U+122FB; U+1207A,
U+1207A,|A.HA.TAR.DU|,|A.HA.BU.TAR.DU|,5,𒁺,𒀀𒄩𒁍𒋻𒁺,U+12000; U+12129; U+1204D; U+122FB; U+1207A,
U+12000,|A.HA.TAR.DU|,|A.HA.DU|,1,𒀀,𒀀𒄩𒁺,U+12000; U+12129; U+1207A,
U+12129,|A.HA.TAR.DU|,|A.HA.DU|,2,𒄩,𒀀𒄩𒁺,U+12000; U+12129; U+1207A,
U+1207A,|A.HA.TAR.DU|,|A.HA.DU|,3,𒁺,𒀀𒄩𒁺,U+12000; U+12129; U+1207A,
U+12000,|A.HA.TAR.DU|,|A.HA.MUŠ.DU|,1,𒀀,𒀀𒄩𒈲𒁺,U+12000; U+12129; U+12232; U+1207A,
U+12129,|A.HA.TAR.DU|,|A.HA.MUŠ.DU|,2,𒄩,𒀀𒄩𒈲𒁺,U+12000; U+12129; U+12232; U+1207A,
U+12232,|A.HA.TAR.DU|,|A.HA.MUŠ.DU|,3,𒈲,𒀀𒄩𒈲𒁺,U+12000; U+12129; U+12232; U+1207A,
U+1207A,|A.HA.TAR.DU|,|A.HA.MUŠ.DU|,4,𒁺,𒀀𒄩𒈲𒁺,U+12000; U+12129; U+12232; U+1207A,
U+12000,|A.HA.TAR.DU|,|A.HA.TAR.A.DU|,1,𒀀,𒀀𒄩𒋻𒀀𒁺,U+12000; U+12129; U+122FB; U+12000; U+1207A,
U+12129,|A.HA.TAR.DU|,|A.HA.TAR.A.DU|,2,𒄩,𒀀𒄩𒋻𒀀𒁺,U+12000; U+12129; U+122FB; U+12000; U+1207A,
U+122FB,|A.HA.TAR.DU|,|A.HA.TAR.A.DU|,3,𒋻,𒀀𒄩𒋻𒀀𒁺,U+12000; U+12129; U+122FB; U+12000; U+1207A,
U+12000,|A.HA.TAR.DU|,|A.HA.TAR.A.DU|,4,𒀀,𒀀𒄩𒋻𒀀𒁺,U+12000; U+12129; U+122FB; U+12000; U+1207A,
U+1207A,|A.HA.TAR.DU|,|A.HA.TAR.A.DU|,5,𒁺,𒀀𒄩𒋻𒀀𒁺,U+12000; U+12129; U+122FB; U+12000; U+1207A,
U+12000,|A.HA.TAR.DU|,|A.HA.TAR.UD.DU|,1,𒀀,𒀀𒄩𒋻𒌓𒁺,U+12000; U+12129; U+122FB; U+12313; U+1207A,
U+12129,|A.HA.TAR.DU|,|A.HA.TAR.UD.DU|,2,𒄩,𒀀𒄩𒋻𒌓𒁺,U+12000; U+12129; U+122FB; U+12313; U+1207A,
U+122FB,|A.HA.TAR.DU|,|A.HA.TAR.UD.DU|,3,𒋻,𒀀𒄩𒋻𒌓𒁺,U+12000; U+12129; U+122FB; U+12313; U+1207A,
U+12313,|A.HA.TAR.DU|,|A.HA.TAR.UD.DU|,4,𒌓,𒀀𒄩𒋻𒌓𒁺,U+12000; U+12129; U+122FB; U+12313; U+1207A,
U+1207A,|A.HA.TAR.DU|,|A.HA.TAR.UD.DU|,5,𒁺,𒀀𒄩𒋻𒌓𒁺,U+12000; U+12129; U+122FB; U+12313; U+1207A,
U+12000,|A.HA.TAR.DU|,|A.BU.HA.DA|,1,𒀀,𒀀𒁍𒄩𒁕,U+12000; U+1204D; U+12129; U+12055,
U+1204D,|A.HA.TAR.DU|,|A.BU.HA.DA|,2,𒁍,𒀀𒁍𒄩𒁕,U+12000; U+1204D; U+12129; U+12055,
U+12129,|A.HA.TAR.DU|,|A.BU.HA.DA|,3,𒄩,𒀀𒁍𒄩𒁕,U+12000; U+1204D; U+12129; U+12055,
U+12055,|A.HA.TAR.DU|,|A.BU.HA.DA|,4,𒁕,𒀀𒁍𒄩𒁕,U+12000; U+1204D; U+12129; U+12055,
U+1204D,|A.HA.TAR.DU|,|BU.HA.DU|,1,𒁍,𒁍𒄩𒁺,U+1204D; U+12129; U+1207A,
U+12129,|A.HA.TAR.DU|,|BU.HA.DU|,2,𒄩,𒁍𒄩𒁺,U+1204D; U+12129; U+1207A,
U+1207A,|A.HA.TAR.DU|,|BU.HA.DU|,3,𒁺,𒁍𒄩𒁺,U+1204D; U+12129; U+1207A,
U+12129,|A.HA.TAR.DU|,|HA.A.DU|,1,𒄩,𒄩𒀀𒁺,U+12129; U+12000; U+1207A,
U+12000,|A.HA.TAR.DU|,|HA.A.DU|,2,𒀀,𒄩𒀀𒁺,U+12129; U+12000; U+1207A,
U+1207A,|A.HA.TAR.DU|,|HA.A.DU|,3,𒁺,𒄩𒀀𒁺,U+12129; U+12000; U+1207A,
U+12129,|A.HA.TAR.DU|,|HA.A.TAR|,1,𒄩,𒄩𒀀𒋻,U+12129; U+12000; U+122FB,
U+12000,|A.HA.TAR.DU|,|HA.A.TAR|,2,𒀀,𒄩𒀀𒋻,U+12129; U+12000; U+122FB,
U+122FB,|A.HA.TAR.DU|,|HA.A.TAR|,3,𒋻,𒄩𒀀𒋻,U+12129; U+12000; U+122FB,
U+12000,|A.HA.TAR.DU|,|A.TAR|,1,𒀀,𒀀𒋻,U+12000; U+122FB,
U+122FB,|A.HA.TAR.DU|,|A.TAR|,2,𒋻,𒀀𒋻,U+12000; U+122FB,
U+12129,|A.HA.TAR.DU|,|HA.A.TAR.DU|,1,𒄩,𒄩𒀀𒋻𒁺,U+12129; U+12000; U+122FB; U+1207A,
U+12000,|A.HA.TAR.DU|,|HA.A.TAR.DU|,2,𒀀,𒄩𒀀𒋻𒁺,U+12129; U+12000; U+122FB; U+1207A,
U+122FB,|A.HA.TAR.DU|,|HA.A.TAR.DU|,3,𒋻,𒄩𒀀𒋻𒁺,U+12129; U+12000; U+122FB; U+1207A,
U+1207A,|A.HA.TAR.DU|,|HA.A.TAR.DU|,4,𒁺,𒄩𒀀𒋻𒁺,U+12129; U+12000; U+122FB; U+1207A,
U+12129,|A.HA.TAR.DU|,|HA.DU|,1,𒄩,𒄩𒁺,U+12129; U+1207A,
U+1207A,|A.HA.TAR.DU|,|HA.DU|,2,𒁺,𒄩𒁺,U+12129; U+1207A,
U+12129,|A.HA.TAR.DU|,|HA.MUŠ.DU|,1,𒄩,𒄩𒈲𒁺,U+12129; U+12232; U+1207A,
U+12232,|A.HA.TAR.DU|,|HA.MUŠ.DU|,2,𒈲,𒄩𒈲𒁺,U+12129; U+12232; U+1207A,
U+1207A,|A.HA.TAR.DU|,|HA.MUŠ.DU|,3,𒁺,𒄩𒈲𒁺,U+12129; U+12232; U+1207A,
U+12129,|A.HA.TAR.DU|,|HA.MUŠ.A.DU|,1,𒄩,𒄩𒈲𒀀𒁺,U+12129; U+12232; U+12000; U+1207A,
U+12232,|A.HA.TAR.DU|,|HA.MUŠ.A.DU|,2,𒈲,𒄩𒈲𒀀𒁺,U+12129; U+12232; U+12000; U+1207A,
U+12000,|A.HA.TAR.DU|,|HA.MUŠ.A.DU|,3,𒀀,𒄩𒈲𒀀𒁺,U+12129; U+12232; U+12000; U+1207A,
U+1207A,|A.HA.TAR.DU|,|HA.MUŠ.A.DU|,4,𒁺,𒄩𒈲𒀀𒁺,U+12129; U+12232; U+12000; U+1207A,
U+12129,|A.HA.TAR.DU|,|HA.TAR.A.DU|,1,𒄩,𒄩𒋻𒀀𒁺,U+12129; U+122FB; U+12000; U+1207A,
U+122FB,|A.HA.TAR.DU|,|HA.TAR.A.DU|,2,𒋻,𒄩𒋻𒀀𒁺,U+12129; U+122FB; U+12000; U+1207A,
U+12000,|A.HA.TAR.DU|,|HA.TAR.A.DU|,3,𒀀,𒄩𒋻𒀀𒁺,U+12129; U+122FB; U+12000; U+1207A,
U+1207A,|A.HA.TAR.DU|,|HA.TAR.A.DU|,4,𒁺,𒄩𒋻𒀀𒁺,U+12129; U+122FB; U+12000; U+1207A,
U+12129,|A.HA.TAR.DU|,|HA.TAR.DU|,1,𒄩,𒄩𒋻𒁺,U+12129; U+122FB; U+1207A,
U+122FB,|A.HA.TAR.DU|,|HA.TAR.DU|,2,𒋻,𒄩𒋻𒁺,U+12129; U+122FB; U+1207A,
U+1207A,|A.HA.TAR.DU|,|HA.TAR.DU|,3,𒁺,𒄩𒋻𒁺,U+12129; U+122FB; U+1207A,
U+1212B,|A.HA.TAR.DU|,|HA@g.TAR.A.DU|,1,𒄫,𒄫𒋻𒀀𒁺,U+1212B; U+122FB; U+12000; U+1207A,
U+122FB,|A.HA.TAR.DU|,|HA@g.TAR.A.DU|,2,𒋻,𒄫𒋻𒀀𒁺,U+1212B; U+122FB; U+12000; U+1207A,
U+12000,|A.HA.TAR.DU|,|HA@g.TAR.A.DU|,3,𒀀,𒄫𒋻𒀀𒁺,U+1212B; U+122FB; U+12000; U+1207A,
U+1207A,|A.HA.TAR.DU|,|HA@g.TAR.A.DU|,4,𒁺,𒄫𒋻𒀀𒁺,U+1212B; U+122FB; U+12000; U+1207A,
U+1212B,|A.HA.TAR.DU|,|HA@g.TAR.DU|,1,𒄫,𒄫𒋻𒁺,U+1212B; U+122FB; U+1207A,
U+122FB,|A.HA.TAR.DU|,|HA@g.TAR.DU|,2,𒋻,𒄫𒋻𒁺,U+1212B; U+122FB; U+1207A,
U+1207A,|A.HA.TAR.DU|,|HA@g.TAR.DU|,3,𒁺,𒄫𒋻𒁺,U+1212B; U+122FB; U+1207A,
U+12232,|A.HA.TAR.DU|,|MUŠ.A.HA.DU|,1,𒈲,𒈲𒀀𒄩𒁺,U+12232; U+12000; U+12129; U+1207A,
U+12000,|A.HA.TAR.DU|,|MUŠ.A.HA.DU|,2,𒀀,𒈲𒀀𒄩𒁺,U+12232; U+12000; U+12129; U+1207A,
U+12129,|A.HA.TAR.DU|,|MUŠ.A.HA.DU|,3,𒄩,𒈲𒀀𒄩𒁺,U+12232; U+12000; U+12129; U+1207A,
U+1207A,|A.HA.TAR.DU|,|MUŠ.A.HA.DU|,4,𒁺,𒈲𒀀𒄩𒁺,U+12232; U+12000; U+12129; U+1207A,
U+12232,|A.HA.TAR.DU|,|MUŠ.HA.A.DU|,1,𒈲,𒈲𒄩𒀀𒁺,U+12232; U+12129; U+12000; U+1207A,
U+12129,|A.HA.TAR.DU|,|MUŠ.HA.A.DU|,2,𒄩,𒈲𒄩𒀀𒁺,U+12232; U+12129; U+12000; U+1207A,
U+12000,|A.HA.TAR.DU|,|MUŠ.HA.A.DU|,3,𒀀,𒈲𒄩𒀀𒁺,U+12232; U+12129; U+12000; U+1207A,
U+1207A,|A.HA.TAR.DU|,|MUŠ.HA.A.DU|,4,𒁺,𒈲𒄩𒀀𒁺,U+12232; U+12129; U+12000; U+1207A,
U+12232,|A.HA.TAR.DU|,|MUŠ.DU.HA.A|,1,𒈲,𒈲𒁺𒄩𒀀,U+12232; U+1207A; U+12129; U+12000,
U+1207A,|A.HA.TAR.DU|,|MUŠ.DU.HA.A|,2,𒁺,𒈲𒁺𒄩𒀀,U+12232; U+1207A; U+12129; U+12000,
U+12129,|A.HA.TAR.DU|,|MUŠ.DU.HA.A|,3,𒄩,𒈲𒁺𒄩𒀀,U+12232; U+1207A; U+12129; U+12000,
U+12000,|A.HA.TAR.DU|,|MUŠ.DU.HA.A|,4,𒀀,𒈲𒁺𒄩𒀀,U+12232; U+1207A; U+12129; U+12000,
U+12232,|A.HA.TAR.DU|,|MUŠ.DU.A.HA|,1,𒈲,𒈲𒁺𒀀𒄩,U+12232; U+1207A; U+12000; U+12129,
U+1207A,|A.HA.TAR.DU|,|MUŠ.DU.A.HA|,2,𒁺,𒈲𒁺𒀀𒄩,U+12232; U+1207A; U+12000; U+12129,
U+12000,|A.HA.TAR.DU|,|MUŠ.DU.A.HA|,3,𒀀,𒈲𒁺𒀀𒄩,U+12232; U+1207A; U+12000; U+12129,
U+12129,|A.HA.TAR.DU|,|MUŠ.DU.A.HA|,4,𒄩,𒈲𒁺𒀀𒄩,U+12232; U+1207A; U+12000; U+12129,
U+1207A,|A.HA.TAR.DU|,|DU.MUŠ.A.HA|,1,𒁺,𒁺𒈲𒀀𒄩,U+1207A; U+12232; U+12000; U+12129,
U+12232,|A.HA.TAR.DU|,|DU.MUŠ.A.HA|,2,𒈲,𒁺𒈲𒀀𒄩,U+1207A; U+12232; U+12000; U+12129,
U+12000,|A.HA.TAR.DU|,|DU.MUŠ.A.HA|,3,𒀀,𒁺𒈲𒀀𒄩,U+1207A; U+12232; U+12000; U+12129,
U+12129,|A.HA.TAR.DU|,|DU.MUŠ.A.HA|,4,𒄩,𒁺𒈲𒀀𒄩,U+1207A; U+12232; U+12000; U+12129,
U+122FB,|A.HA.TAR.DU|,|TAR.A.DU|,1,𒋻,𒋻𒀀𒁺,U+122FB; U+12000; U+1207A,
U+12000,|A.HA.TAR.DU|,|TAR.A.DU|,2,𒀀,𒋻𒀀𒁺,U+122FB; U+12000; U+1207A,
U+1207A,|A.HA.TAR.DU|,|TAR.A.DU|,3,𒁺,𒋻𒀀𒁺,U+122FB; U+12000; U+1207A,
U+122FC,|A.HA.TAR.DU|,|TE.A.MUŠ|,1,𒋼,𒋼𒀀𒈲,U+122FC; U+12000; U+12232,
U+12000,|A.HA.TAR.DU|,|TE.A.MUŠ|,2,𒀀,𒋼𒀀𒈲,U+122FC; U+12000; U+12232,
U+12232,|A.HA.TAR.DU|,|TE.A.MUŠ|,3,𒈲,𒋼𒀀𒈲,U+122FC; U+12000; U+12232,
U+12000,|A.KA|,|A.KA×A|,1,𒀀,𒀀𒅘,U+12000; U+12158,
U+12158,|A.KA|,|A.KA×A|,2,𒅘,𒀀𒅘,U+12000; U+12158,
U+12000,|A.LAGAB×HAL|,|A.LAGAB×A|,1,𒀀,𒀀𒆹,U+12000; U+121B9,ASY314 [Standard Babylonian (any period) | Akkadian syllabary]; KWU904 [Ur III (~2112–2004 BCE) | Administrative]; RSP054 [Early Dynastic (~2900–2340 BCE) | Presargonic Lagash]
U+121B9,|A.LAGAB×HAL|,|A.LAGAB×A|,2,𒆹,𒀀𒆹,U+12000; U+121B9,ASY314 [Standard Babylonian (any period) | Akkadian syllabary]; KWU904 [Ur III (~2112–2004 BCE) | Administrative]; RSP054 [Early Dynastic (~2900–2340 BCE) | Presargonic Lagash]
U+12000,|A.LAGAB×KUL|,|A.LAGAB×U|,1,𒀀,𒀀𒇥,U+12000; U+121E5,
U+121E5,|A.LAGAB×KUL|,|A.LAGAB×U|,2,𒇥,𒀀𒇥,U+12000; U+121E5,
U+12000,|A.LAGAB×KUL.MA₂.ŠU₂.A|,|A.LAGAB×HAL.ŠU₂|,1,𒀀,𒀀𒇉𒋙,U+12000; U+121C9; U+122D9,
U+121C9,|A.LAGAB×KUL.MA₂.ŠU₂.A|,|A.LAGAB×HAL.ŠU₂|,2,𒇉,𒀀𒇉𒋙,U+12000; U+121C9; U+122D9,
U+122D9,|A.LAGAB×KUL.MA₂.ŠU₂.A|,|A.LAGAB×HAL.ŠU₂|,3,𒋙,𒀀𒇉𒋙,U+12000; U+121C9; U+122D9,
U+12000,|A.LAGAB×KUL.MA₂.ŠU₂.A|,|A.LAGAB×HAL.ŠU₂.A|,1,𒀀,𒀀𒇉𒋙𒀀,U+12000; U+121C9; U+122D9; U+12000,
U+121C9,|A.LAGAB×KUL.MA₂.ŠU₂.A|,|A.LAGAB×HAL.ŠU₂.A|,2,𒇉,𒀀𒇉𒋙𒀀,U+12000; U+121C9; U+122D9; U+12000,
U+122D9,|A.LAGAB×KUL.MA₂.ŠU₂.A|,|A.LAGAB×HAL.ŠU₂.A|,3,𒋙,𒀀𒇉𒋙𒀀,U+12000; U+121C9; U+122D9; U+12000,
U+12000,|A.LAGAB×KUL.MA₂.ŠU₂.A|,|A.LAGAB×HAL.ŠU₂.A|,4,𒀀,𒀀𒇉𒋙𒀀,U+12000; U+121C9; U+122D9; U+12000,
U+12000,|A.LAGAB×KUL.MA₂.ŠU₂.A|,|A.LAGAB×HAL.X|,1,𒀀,𒀀𒇉X,U+12000; U+121C9; O,
U+121C9,|A.LAGAB×KUL.MA₂.ŠU₂.A|,|A.LAGAB×HAL.X|,2,𒇉,𒀀𒇉X,U+12000; U+121C9; O,
O,|A.LAGAB×KUL.MA₂.ŠU₂.A|,|A.LAGAB×HAL.X|,3,,𒀀𒇉X,U+12000; U+121C9; O,
U+12000,|A.LAGAB×KUL.MA₂.ŠU₂.A|,|A.LAGAB×KUL.ŠU₂|,1,𒀀,𒀀𒇒𒋙,U+12000; U+121D2; U+122D9,
U+121D2,|A.LAGAB×KUL.MA₂.ŠU₂.A|,|A.LAGAB×KUL.ŠU₂|,2,𒇒,𒀀𒇒𒋙,U+12000; U+121D2; U+122D9,
U+122D9,|A.LAGAB×KUL.MA₂.ŠU₂.A|,|A.LAGAB×KUL.ŠU₂|,3,𒋙,𒀀𒇒𒋙,U+12000; U+121D2; U+122D9,
U+12000,|A.LAGAB×KUL.MA₂.ŠU₂.A|,|A.LAGAB×KUL.ŠU₂.MA₂.A|,1,𒀀,𒀀𒇒𒋙𒈣𒀀,U+12000; U+121D2; U+122D9; U+12223; U+12000,
U+121D2,|A.LAGAB×KUL.MA₂.ŠU₂.A|,|A.LAGAB×KUL.ŠU₂.MA₂.A|,2,𒇒,𒀀𒇒𒋙𒈣𒀀,U+12000; U+121D2; U+122D9; U+12223; U+12000,
U+122D9,|A.LAGAB×KUL.MA₂.ŠU₂.A|,|A.LAGAB×KUL.ŠU₂.MA₂.A|,3,𒋙,𒀀𒇒𒋙𒈣𒀀,U+12000; U+121D2; U+122D9; U+12223; U+12000,
U+12223,|A.LAGAB×KUL.MA₂.ŠU₂.A|,|A.LAGAB×KUL.ŠU₂.MA₂.A|,4,𒈣,𒀀𒇒𒋙𒈣𒀀,U+12000; U+121D2; U+122D9; U+12223; U+12000,
U+12000,|A.LAGAB×KUL.MA₂.ŠU₂.A|,|A.LAGAB×KUL.ŠU₂.MA₂.A|,5,𒀀,𒀀𒇒𒋙𒈣𒀀,U+12000; U+121D2; U+122D9; U+12223; U+12000,
U+121C9,|A.LAGAB×KUL.MA₂.ŠU₂.A|,|LAGAB×HAL.ŠU₂|,1,𒇉,𒇉𒋙,U+121C9; U+122D9,
U+122D9,|A.LAGAB×KUL.MA₂.ŠU₂.A|,|LAGAB×HAL.ŠU₂|,2,𒋙,𒇉𒋙,U+121C9; U+122D9,
U+12000,|A.PA.GISAL.PAD.SI.A|,|A.GISAL|,1,𒀀,𒀀𒄐,U+12000; U+12110,
U+12110,|A.PA.GISAL.PAD.SI.A|,|A.GISAL|,2,𒄐,𒀀𒄐,U+12000; U+12110,
U+12000,|A.PA.GISAL.PAD.SI.A|,|A.GISAL.SI|,1,𒀀,𒀀𒄐𒋛,U+12000; U+12110; U+122DB,
U+12110,|A.PA.GISAL.PAD.SI.A|,|A.GISAL.SI|,2,𒄐,𒀀𒄐𒋛,U+12000; U+12110; U+122DB,
U+122DB,|A.PA.GISAL.PAD.SI.A|,|A.GISAL.SI|,3,𒋛,𒀀𒄐𒋛,U+12000; U+12110; U+122DB,
U+12000,|A.PA.GISAL.PAD.SI.A|,|A.PA.BI.GIŠ.PAD|,1,𒀀,𒀀𒉺𒁉𒄑𒉻,U+12000; U+1227A; U+12049; U+12111; U+1227B,
U+1227A,|A.PA.GISAL.PAD.SI.A|,|A.PA.BI.GIŠ.PAD|,2,𒉺,𒀀𒉺𒁉𒄑𒉻,U+12000; U+1227A; U+12049; U+12111; U+1227B,
U+12049,|A.PA.GISAL.PAD.SI.A|,|A.PA.BI.GIŠ.PAD|,3,𒁉,𒀀𒉺𒁉𒄑𒉻,U+12000; U+1227A; U+12049; U+12111; U+1227B,
U+12111,|A.PA.GISAL.PAD.SI.A|,|A.PA.BI.GIŠ.PAD|,4,𒄑,𒀀𒉺𒁉𒄑𒉻,U+12000; U+1227A; U+12049; U+12111; U+1227B,
U+1227B,|A.PA.GISAL.PAD.SI.A|,|A.PA.BI.GIŠ.PAD|,5,𒉻,𒀀𒉺𒁉𒄑𒉻,U+12000; U+1227A; U+12049; U+12111; U+1227B,
U+12000,|A.PA.GISAL.PAD.SI.A|,|A.PA.BI.GIŠ.PAD.SI.A|,1,𒀀,𒀀𒉺𒁉𒄑𒉻𒋛𒀀,U+12000; U+1227A; U+12049; U+12111; U+1227B; U+122DB; U+12000,
U+1227A,|A.PA.GISAL.PAD.SI.A|,|A.PA.BI.GIŠ.PAD.SI.A|,2,𒉺,𒀀𒉺𒁉𒄑𒉻𒋛𒀀,U+12000; U+1227A; U+12049; U+12111; U+1227B; U+122DB; U+12000,
U+12049,|A.PA.GISAL.PAD.SI.A|,|A.PA.BI.GIŠ.PAD.SI.A|,3,𒁉,𒀀𒉺𒁉𒄑𒉻𒋛𒀀,U+12000; U+1227A; U+12049; U+12111; U+1227B; U+122DB; U+12000,
U+12111,|A.PA.GISAL.PAD.SI.A|,|A.PA.BI.GIŠ.PAD.SI.A|,4,𒄑,𒀀𒉺𒁉𒄑𒉻𒋛𒀀,U+12000; U+1227A; U+12049; U+12111; U+1227B; U+122DB; U+12000,
U+1227B,|A.PA.GISAL.PAD.SI.A|,|A.PA.BI.GIŠ.PAD.SI.A|,5,𒉻,𒀀𒉺𒁉𒄑𒉻𒋛𒀀,U+12000; U+1227A; U+12049; U+12111; U+1227B; U+122DB; U+12000,
U+122DB,|A.PA.GISAL.PAD.SI.A|,|A.PA.BI.GIŠ.PAD.SI.A|,6,𒋛,𒀀𒉺𒁉𒄑𒉻𒋛𒀀,U+12000; U+1227A; U+12049; U+12111; U+1227B; U+122DB; U+12000,
U+12000,|A.PA.GISAL.PAD.SI.A|,|A.PA.BI.GIŠ.PAD.SI.A|,7,𒀀,𒀀𒉺𒁉𒄑𒉻𒋛𒀀,U+12000; U+1227A; U+12049; U+12111; U+1227B; U+122DB; U+12000,
U+12000,|A.PA.GISAL.PAD.SI.A|,|A.PA.BI.GIŠ.PAD.SI.A.GA|,1,𒀀,𒀀𒉺𒁉𒄑𒉻𒋛𒀀𒂵,U+12000; U+1227A; U+12049; U+12111; U+1227B; U+122DB; U+12000; U+120B5,
U+1227A,|A.PA.GISAL.PAD.SI.A|,|A.PA.BI.GIŠ.PAD.SI.A.GA|,2,𒉺,𒀀𒉺𒁉𒄑𒉻𒋛𒀀𒂵,U+12000; U+1227A; U+12049; U+12111; U+1227B; U+122DB; U+12000; U+120B5,
U+12049,|A.PA.GISAL.PAD.SI.A|,|A.PA.BI.GIŠ.PAD.SI.A.GA|,3,𒁉,𒀀𒉺𒁉𒄑𒉻𒋛𒀀𒂵,U+12000; U+1227A; U+12049; U+12111; U+1227B; U+122DB; U+12000; U+120B5,
U+12111,|A.PA.GISAL.PAD.SI.A|,|A.PA.BI.GIŠ.PAD.SI.A.GA|,4,𒄑,𒀀𒉺𒁉𒄑𒉻𒋛𒀀𒂵,U+12000; U+1227A; U+12049; U+12111; U+1227B; U+122DB; U+12000; U+120B5,
U+1227B,|A.PA.GISAL.PAD.SI.A|,|A.PA.BI.GIŠ.PAD.SI.A.GA|,5,𒉻,𒀀𒉺𒁉𒄑𒉻𒋛𒀀𒂵,U+12000; U+1227A; U+12049; U+12111; U+1227B; U+122DB; U+12000; U+120B5,
U+122DB,|A.PA.GISAL.PAD.SI.A|,|A.PA.BI.GIŠ.PAD.SI.A.GA|,6,𒋛,𒀀𒉺𒁉𒄑𒉻𒋛𒀀𒂵,U+12000; U+1227A; U+12049; U+12111; U+1227B; U+122DB; U+12000; U+120B5,
U+12000,|A.PA.GISAL.PAD.SI.A|,|A.PA.BI.GIŠ.PAD.SI.A.GA|,7,𒀀,𒀀𒉺𒁉𒄑𒉻𒋛𒀀𒂵,U+12000; U+1227A; U+12049; U+12111; U+1227B; U+122DB; U+12000; U+120B5,
U+120B5,|A.PA.GISAL.PAD.SI.A|,|A.PA.BI.GIŠ.PAD.SI.A.GA|,8,𒂵,𒀀𒉺𒁉𒄑𒉻𒋛𒀀𒂵,U+12000; U+1227A; U+12049; U+12111; U+1227B; U+122DB; U+12000; U+120B5,
U+12000,|A.PA.GISAL.PAD.SI.A|,|A.PA.GISAL|,1,𒀀,𒀀𒉺𒄐,U+12000; U+1227A; U+12110,
U+1227A,|A.PA.GISAL.PAD.SI.A|,|A.PA.GISAL|,2,𒉺,𒀀𒉺𒄐,U+12000; U+1227A; U+12110,
U+12110,|A.PA.GISAL.PAD.SI.A|,|A.PA.GISAL|,3,𒄐,𒀀𒉺𒄐,U+12000; U+1227A; U+12110,
U+12000,|A.PA.GISAL.PAD.SI.A|,|A.PA.NE.PAD.SI.A|,1,𒀀,𒀀𒉺𒉈𒉻𒋛𒀀,U+12000; U+1227A; U+12248; U+1227B; U+122DB; U+12000,
U+1227A,|A.PA.GISAL.PAD.SI.A|,|A.PA.NE.PAD.SI.A|,2,𒉺,𒀀𒉺𒉈𒉻𒋛𒀀,U+12000; U+1227A; U+12248; U+1227B; U+122DB; U+12000,
U+12248,|A.PA.GISAL.PAD.SI.A|,|A.PA.NE.PAD.SI.A|,3,𒉈,𒀀𒉺𒉈𒉻𒋛𒀀,U+12000; U+1227A; U+12248; U+1227B; U+122DB; U+12000,
U+1227B,|A.PA.GISAL.PAD.SI.A|,|A.PA.NE.PAD.SI.A|,4,𒉻,𒀀𒉺𒉈𒉻𒋛𒀀,U+12000; U+1227A; U+12248; U+1227B; U+122DB; U+12000,
U+122DB,|A.PA.GISAL.PAD.SI.A|,|A.PA.NE.PAD.SI.A|,5,𒋛,𒀀𒉺𒉈𒉻𒋛𒀀,U+12000; U+1227A; U+12248; U+1227B; U+122DB; U+12000,
U+12000,|A.PA.GISAL.PAD.SI.A|,|A.PA.NE.PAD.SI.A|,6,𒀀,𒀀𒉺𒉈𒉻𒋛𒀀,U+12000; U+1227A; U+12248; U+1227B; U+122DB; U+12000,
U+12049,|A.PA.GISAL.PAD.SI.A|,|BI.GIŠ.GAD.A.A.SI|,1,𒁉,𒁉𒄑𒃰𒀀𒀀𒋛,U+12049; U+12111; U+120F0; U+12000; U+12000; U+122DB,
U+12111,|A.PA.GISAL.PAD.SI.A|,|BI.GIŠ.GAD.A.A.SI|,2,𒄑,𒁉𒄑𒃰𒀀𒀀𒋛,U+12049; U+12111; U+120F0; U+12000; U+12000; U+122DB,
U+120F0,|A.PA.GISAL.PAD.SI.A|,|BI.GIŠ.GAD.A.A.SI|,3,𒃰,𒁉𒄑𒃰𒀀𒀀𒋛,U+12049; U+12111; U+120F0; U+12000; U+12000; U+122DB,
U+12000,|A.PA.GISAL.PAD.SI.A|,|BI.GIŠ.GAD.A.A.SI|,4,𒀀,𒁉𒄑𒃰𒀀𒀀𒋛,U+12049; U+12111; U+120F0; U+12000; U+12000; U+122DB,
U+12000,|A.PA.GISAL.PAD.SI.A|,|BI.GIŠ.GAD.A.A.SI|,5,𒀀,𒁉𒄑𒃰𒀀𒀀𒋛,U+12049; U+12111; U+120F0; U+12000; U+12000; U+122DB,
U+122DB,|A.PA.GISAL.PAD.SI.A|,|BI.GIŠ.GAD.A.A.SI|,6,𒋛,𒁉𒄑𒃰𒀀𒀀𒋛,U+12049; U+12111; U+120F0; U+12000; U+12000; U+122DB,
U+12110,|A.PA.GISAL.PAD.SI.A|,|GISAL.A|,1,𒄐,𒄐𒀀,U+12110; U+12000,PTACE252 [Early Dynastic (~2900–2340 BCE) | Ebla]
U+12000,|A.PA.GISAL.PAD.SI.A|,|GISAL.A|,2,𒀀,𒄐𒀀,U+12110; U+12000,PTACE252 [Early Dynastic (~2900–2340 BCE) | Ebla]
U+12110,|A.PA.GISAL.PAD.SI.A|,|GISAL.A.SI|,1,𒄐,𒄐𒀀𒋛,U+12110; U+12000; U+122DB,
U+12000,|A.PA.GISAL.PAD.SI.A|,|GISAL.A.SI|,2,𒀀,𒄐𒀀𒋛,U+12110; U+12000; U+122DB,
U+122DB,|A.PA.GISAL.PAD.SI.A|,|GISAL.A.SI|,3,𒋛,𒄐𒀀𒋛,U+12110; U+12000; U+122DB,
U+12110,|A.PA.GISAL.PAD.SI.A|,|GISAL.PAD.A.SI|,1,𒄐,𒄐𒉻𒀀𒋛,U+12110; U+1227B; U+12000; U+122DB,
U+1227B,|A.PA.GISAL.PAD.SI.A|,|GISAL.PAD.A.SI|,2,𒉻,𒄐𒉻𒀀𒋛,U+12110; U+1227B; U+12000; U+122DB,
U+12000,|A.PA.GISAL.PAD.SI.A|,|GISAL.PAD.A.SI|,3,𒀀,𒄐𒉻𒀀𒋛,U+12110; U+1227B; U+12000; U+122DB,
U+122DB,|A.PA.GISAL.PAD.SI.A|,|GISAL.PAD.A.SI|,4,𒋛,𒄐𒉻𒀀𒋛,U+12110; U+1227B; U+12000; U+122DB,
U+12110,|A.PA.GISAL.PAD.SI.A|,|GISAL.PAD.SI|,1,𒄐,𒄐𒉻𒋛,U+12110; U+1227B; U+122DB,
U+1227B,|A.PA.GISAL.PAD.SI.A|,|GISAL.PAD.SI|,2,𒉻,𒄐𒉻𒋛,U+12110; U+1227B; U+122DB,
U+122DB,|A.PA.GISAL.PAD.SI.A|,|GISAL.PAD.SI|,3,𒋛,𒄐𒉻𒋛,U+12110; U+1227B; U+122DB,
U+12110,|A.PA.GISAL.PAD.SI.A|,|GISAL.PAD.SI.A|,1,𒄐,𒄐𒉻𒋛𒀀,U+12110; U+1227B; U+122DB; U+12000,
U+1227B,|A.PA.GISAL.PAD.SI.A|,|GISAL.PAD.SI.A|,2,𒉻,𒄐𒉻𒋛𒀀,U+12110; U+1227B; U+122DB; U+12000,
U+122DB,|A.PA.GISAL.PAD.SI.A|,|GISAL.PAD.SI.A|,3,𒋛,𒄐𒉻𒋛𒀀,U+12110; U+1227B; U+122DB; U+12000,
U+12000,|A.PA.GISAL.PAD.SI.A|,|GISAL.PAD.SI.A|,4,𒀀,𒄐𒉻𒋛𒀀,U+12110; U+1227B; U+122DB; U+12000,
U+12110,|A.PA.GISAL.PAD.SI.A|,|GISAL.SI|,1,𒄐,𒄐𒋛,U+12110; U+122DB,
U+122DB,|A.PA.GISAL.PAD.SI.A|,|GISAL.SI|,2,𒋛,𒄐𒋛,U+12110; U+122DB,
U+12110,|A.PA.GISAL.PAD.SI.A|,|GISAL.SI.A|,1,𒄐,𒄐𒋛𒀀,U+12110; U+122DB; U+12000,
U+122DB,|A.PA.GISAL.PAD.SI.A|,|GISAL.SI.A|,2,𒋛,𒄐𒋛𒀀,U+12110; U+122DB; U+12000,
U+12000,|A.PA.GISAL.PAD.SI.A|,|GISAL.SI.A|,3,𒀀,𒄐𒋛𒀀,U+12110; U+122DB; U+12000,
U+124CD,|A.PA.GISAL.PAD.SI.A|,|GUD.GIŠ×TAK₄.SI|,1,𒓍,𒓍𒋛,U+124CD; U+122DB,
U+122DB,|A.PA.GISAL.PAD.SI.A|,|GUD.GIŠ×TAK₄.SI|,2,𒋛,𒓍𒋛,U+124CD; U+122DB,
U+1227A,|A.PA.GISAL.PAD.SI.A|,|PA.DUG.GIŠ.PAD.SI.A|,1,𒉺,𒉺𒂁𒄑𒉻𒋛𒀀,U+1227A; U+12081; U+12111; U+1227B; U+122DB; U+12000,
U+12081,|A.PA.GISAL.PAD.SI.A|,|PA.DUG.GIŠ.PAD.SI.A|,2,𒂁,𒉺𒂁𒄑𒉻𒋛𒀀,U+1227A; U+12081; U+12111; U+1227B; U+122DB; U+12000,
U+12111,|A.PA.GISAL.PAD.SI.A|,|PA.DUG.GIŠ.PAD.SI.A|,3,𒄑,𒉺𒂁𒄑𒉻𒋛𒀀,U+1227A; U+12081; U+12111; U+1227B; U+122DB; U+12000,
U+1227B,|A.PA.GISAL.PAD.SI.A|,|PA.DUG.GIŠ.PAD.SI.A|,4,𒉻,𒉺𒂁𒄑𒉻𒋛𒀀,U+1227A; U+12081; U+12111; U+1227B; U+122DB; U+12000,
U+122DB,|A.PA.GISAL.PAD.SI.A|,|PA.DUG.GIŠ.PAD.SI.A|,5,𒋛,𒉺𒂁𒄑𒉻𒋛𒀀,U+1227A; U+12081; U+12111; U+1227B; U+122DB; U+12000,
U+12000,|A.PA.GISAL.PAD.SI.A|,|PA.DUG.GIŠ.PAD.SI.A|,6,𒀀,𒉺𒂁𒄑𒉻𒋛𒀀,U+1227A; U+12081; U+12111; U+1227B; U+122DB; U+12000,
U+1227A,|A.PA.GISAL.PAD.SI.A|,|PA.GISAL.SI|,1,𒉺,𒉺𒄐𒋛,U+1227A; U+12110; U+122DB,
U+12110,|A.PA.GISAL.PAD.SI.A|,|PA.GISAL.SI|,2,𒄐,𒉺𒄐𒋛,U+1227A; U+12110; U+122DB,
U+122DB,|A.PA.GISAL.PAD.SI.A|,|PA.GISAL.SI|,3,𒋛,𒉺𒄐𒋛,U+1227A; U+12110; U+122DB,
U+1227A,|A.PA.GISAL.PAD.SI.A|,|PA.GISAL.SI.A|,1,𒉺,𒉺𒄐𒋛𒀀,U+1227A; U+12110; U+122DB; U+12000,
U+12110,|A.PA.GISAL.PAD.SI.A|,|PA.GISAL.SI.A|,2,𒄐,𒉺𒄐𒋛𒀀,U+1227A; U+12110; U+122DB; U+12000,
U+122DB,|A.PA.GISAL.PAD.SI.A|,|PA.GISAL.SI.A|,3,𒋛,𒉺𒄐𒋛𒀀,U+1227A; U+12110; U+122DB; U+12000,
U+12000,|A.PA.GISAL.PAD.SI.A|,|PA.GISAL.SI.A|,4,𒀀,𒉺𒄐𒋛𒀀,U+1227A; U+12110; U+122DB; U+12000,
U+1227A,|A.PA.GISAL.PAD.SI.A|,|PA.GISAL.SI.A.PAD|,1,𒉺,𒉺𒄐𒋛𒀀𒉻,U+1227A; U+12110; U+122DB; U+12000; U+1227B,
U+12110,|A.PA.GISAL.PAD.SI.A|,|PA.GISAL.SI.A.PAD|,2,𒄐,𒉺𒄐𒋛𒀀𒉻,U+1227A; U+12110; U+122DB; U+12000; U+1227B,
U+122DB,|A.PA.GISAL.PAD.SI.A|,|PA.GISAL.SI.A.PAD|,3,𒋛,𒉺𒄐𒋛𒀀𒉻,U+1227A; U+12110; U+122DB; U+12000; U+1227B,
U+12000,|A.PA.GISAL.PAD.SI.A|,|PA.GISAL.SI.A.PAD|,4,𒀀,𒉺𒄐𒋛𒀀𒉻,U+1227A; U+12110; U+122DB; U+12000; U+1227B,
U+1227B,|A.PA.GISAL.PAD.SI.A|,|PA.GISAL.SI.A.PAD|,5,𒉻,𒉺𒄐𒋛𒀀𒉻,U+1227A; U+12110; U+122DB; U+12000; U+1227B,
U+1227B,|A.PA.GISAL.PAD.SI.A|,|PAD.DUG.GIŠ.SI|,1,𒉻,𒉻𒂁𒄑𒋛,U+1227B; U+12081; U+12111; U+122DB,
U+12081,|A.PA.GISAL.PAD.SI.A|,|PAD.DUG.GIŠ.SI|,2,𒂁,𒉻𒂁𒄑𒋛,U+1227B; U+12081; U+12111; U+122DB,
U+12111,|A.PA.GISAL.PAD.SI.A|,|PAD.DUG.GIŠ.SI|,3,𒄑,𒉻𒂁𒄑𒋛,U+1227B; U+12081; U+12111; U+122DB,
U+122DB,|A.PA.GISAL.PAD.SI.A|,|PAD.DUG.GIŠ.SI|,4,𒋛,𒉻𒂁𒄑𒋛,U+1227B; U+12081; U+12111; U+122DB,
U+1227B,|A.PA.GISAL.PAD.SI.A|,|PAD.GISAL.SI.A|,1,𒉻,𒉻𒄐𒋛𒀀,U+1227B; U+12110; U+122DB; U+12000,
U+12110,|A.PA.GISAL.PAD.SI.A|,|PAD.GISAL.SI.A|,2,𒄐,𒉻𒄐𒋛𒀀,U+1227B; U+12110; U+122DB; U+12000,
U+122DB,|A.PA.GISAL.PAD.SI.A|,|PAD.GISAL.SI.A|,3,𒋛,𒉻𒄐𒋛𒀀,U+1227B; U+12110; U+122DB; U+12000,
U+12000,|A.PA.GISAL.PAD.SI.A|,|PAD.GISAL.SI.A|,4,𒀀,𒉻𒄐𒋛𒀀,U+1227B; U+12110; U+122DB; U+12000,
U+122DB,|A.PA.GISAL.PAD.SI.A|,|SI.A.PAD.GISAL|,1,𒋛,𒋛𒀀𒉻𒄐,U+122DB; U+12000; U+1227B; U+12110,
U+12000,|A.PA.GISAL.PAD.SI.A|,|SI.A.PAD.GISAL|,2,𒀀,𒋛𒀀𒉻𒄐,U+122DB; U+12000; U+1227B; U+12110,
U+1227B,|A.PA.GISAL.PAD.SI.A|,|SI.A.PAD.GISAL|,3,𒉻,𒋛𒀀𒉻𒄐,U+122DB; U+12000; U+1227B; U+12110,
U+12110,|A.PA.GISAL.PAD.SI.A|,|SI.A.PAD.GISAL|,4,𒄐,𒋛𒀀𒉻𒄐,U+122DB; U+12000; U+1227B; U+12110,
U+122DB,|A.PA.GISAL.PAD.SI.A|,|SI.GIŠ.PAD.DUG|,1,𒋛,𒋛𒄑𒉻𒂁,U+122DB; U+12111; U+1227B; U+12081,
U+12111,|A.PA.GISAL.PAD.SI.A|,|SI.GIŠ.PAD.DUG|,2,𒄑,𒋛𒄑𒉻𒂁,U+122DB; U+12111; U+1227B; U+12081,
U+1227B,|A.PA.GISAL.PAD.SI.A|,|SI.GIŠ.PAD.DUG|,3,𒉻,𒋛𒄑𒉻𒂁,U+122DB; U+12111; U+1227B; U+12081,
U+12081,|A.PA.GISAL.PAD.SI.A|,|SI.GIŠ.PAD.DUG|,4,𒂁,𒋛𒄑𒉻𒂁,U+122DB; U+12111; U+1227B; U+12081,
U+12000,|A.SUD|,|A.BU|,1,𒀀,𒀀𒁍,U+12000; U+1204D,
U+1204D,|A.SUD|,|A.BU|,2,𒁍,𒀀𒁍,U+12000; U+1204D,
U+12293,|A.SUD|,|SA.SUD|,1,𒊓,𒊓𒋤,U+12293; U+122E4,
U+122E4,|A.SUD|,|SA.SUD|,2,𒋤,𒊓𒋤,U+12293; U+122E4,
U+12000,|A.ŠU₂.NAGA|,|A.ŠU₂.U₂.NAGA|,1,𒀀,𒀀𒋙𒌑𒉀,U+12000; U+122D9; U+12311; U+12240,
U+122D9,|A.ŠU₂.NAGA|,|A.ŠU₂.U₂.NAGA|,2,𒋙,𒀀𒋙𒌑𒉀,U+12000; U+122D9; U+12311; U+12240,
U+12311,|A.ŠU₂.NAGA|,|A.ŠU₂.U₂.NAGA|,3,𒌑,𒀀𒋙𒌑𒉀,U+12000; U+122D9; U+12311; U+12240,
U+12240,|A.ŠU₂.NAGA|,|A.ŠU₂.U₂.NAGA|,4,𒉀,𒀀𒋙𒌑𒉀,U+12000; U+122D9; U+12311; U+12240,
U+12000,|A.TU.GABA.LIŠ|,|A.GABA.LIŠ.TU|,1,𒀀,𒀀𒃮𒇺𒌅,U+12000; U+120EE; U+121FA; U+12305,ELLES123 [Early Dynastic (~2900–2340 BCE) | Ebla]; RSP055 [Early Dynastic (~2900–2340 BCE) | Presargonic Lagash]
U+120EE,|A.TU.GABA.LIŠ|,|A.GABA.LIŠ.TU|,2,𒃮,𒀀𒃮𒇺𒌅,U+12000; U+120EE; U+121FA; U+12305,ELLES123 [Early Dynastic (~2900–2340 BCE) | Ebla]; RSP055 [Early Dynastic (~2900–2340 BCE) | Presargonic Lagash]
U+121FA,|A.TU.GABA.LIŠ|,|A.GABA.LIŠ.TU|,3,𒇺,𒀀𒃮𒇺𒌅,U+12000; U+120EE; U+121FA; U+12305,ELLES123 [Early Dynastic (~2900–2340 BCE) | Ebla]; RSP055 [Early Dynastic (~2900–2340 BCE) | Presargonic Lagash]
U+12305,|A.TU.GABA.LIŠ|,|A.GABA.LIŠ.TU|,4,𒌅,𒀀𒃮𒇺𒌅,U+12000; U+120EE; U+121FA; U+12305,ELLES123 [Early Dynastic (~2900–2340 BCE) | Ebla]; RSP055 [Early Dynastic (~2900–2340 BCE) | Presargonic Lagash]
U+12000,|A.TU.GABA.LIŠ|,|A.GIŠ.TU.GABA.LIŠ|,1,𒀀,𒀀𒄑𒌅𒃮𒇺,U+12000; U+12111; U+12305; U+120EE; U+121FA,ELLES123 [Early Dynastic (~2900–2340 BCE) | Ebla]; RSP055 [Early Dynastic (~2900–2340 BCE) | Presargonic Lagash]
U+12111,|A.TU.GABA.LIŠ|,|A.GIŠ.TU.GABA.LIŠ|,2,𒄑,𒀀𒄑𒌅𒃮𒇺,U+12000; U+12111; U+12305; U+120EE; U+121FA,ELLES123 [Early Dynastic (~2900–2340 BCE) | Ebla]; RSP055 [Early Dynastic (~2900–2340 BCE) | Presargonic Lagash]
U+12305,|A.TU.GABA.LIŠ|,|A.GIŠ.TU.GABA.LIŠ|,3,𒌅,𒀀𒄑𒌅𒃮𒇺,U+12000; U+12111; U+12305; U+120EE; U+121FA,ELLES123 [Early Dynastic (~2900–2340 BCE) | Ebla]; RSP055 [Early Dynastic (~2900–2340 BCE) | Presargonic Lagash]
U+120EE,|A.TU.GABA.LIŠ|,|A.GIŠ.TU.GABA.LIŠ|,4,𒃮,𒀀𒄑𒌅𒃮𒇺,U+12000; U+12111; U+12305; U+120EE; U+121FA,ELLES123 [Early Dynastic (~2900–2340 BCE) | Ebla]; RSP055 [Early Dynastic (~2900–2340 BCE) | Presargonic Lagash]
U+121FA,|A.TU.GABA.LIŠ|,|A.GIŠ.TU.GABA.LIŠ|,5,𒇺,𒀀𒄑𒌅𒃮𒇺,U+12000; U+12111; U+12305; U+120EE; U+121FA,ELLES123 [Early Dynastic (~2900–2340 BCE) | Ebla]; RSP055 [Early Dynastic (~2900–2340 BCE) | Presargonic Lagash]
U+12000,|A.TU.GABA.LIŠ|,|A.TU|,1,𒀀,𒀀𒌅,U+12000; U+12305,ELLES123 [Early Dynastic (~2900–2340 BCE) | Ebla]; RSP055 [Early Dynastic (~2900–2340 BCE) | Presargonic Lagash]
U+12305,|A.TU.GABA.LIŠ|,|A.TU|,2,𒌅,𒀀𒌅,U+12000; U+12305,ELLES123 [Early Dynastic (~2900–2340 BCE) | Ebla]; RSP055 [Early Dynastic (~2900–2340 BCE) | Presargonic Lagash]
U+12000,|A.TU.GABA.LIŠ|,|A.TU.A.TU.GABA.LIŠ|,1,𒀀,𒀀𒌅𒀀𒌅𒃮𒇺,U+12000; U+12305; U+12000; U+12305; U+120EE; U+121FA,ELLES123 [Early Dynastic (~2900–2340 BCE) | Ebla]; RSP055 [Early Dynastic (~2900–2340 BCE) | Presargonic Lagash]
U+12305,|A.TU.GABA.LIŠ|,|A.TU.A.TU.GABA.LIŠ|,2,𒌅,𒀀𒌅𒀀𒌅𒃮𒇺,U+12000; U+12305; U+12000; U+12305; U+120EE; U+121FA,ELLES123 [Early Dynastic (~2900–2340 BCE) | Ebla]; RSP055 [Early Dynastic (~2900–2340 BCE) | Presargonic Lagash]
U+12000,|A.TU.GABA.LIŠ|,|A.TU.A.TU.GABA.LIŠ|,3,𒀀,𒀀𒌅𒀀𒌅𒃮𒇺,U+12000; U+12305; U+12000; U+12305; U+120EE; U+121FA,ELLES123 [Early Dynastic (~2900–2340 BCE) | Ebla]; RSP055 [Early Dynastic (~2900–2340 BCE) | Presargonic Lagash]
U+12305,|A.TU.GABA.LIŠ|,|A.TU.A.TU.GABA.LIŠ|,4,𒌅,𒀀𒌅𒀀𒌅𒃮𒇺,U+12000; U+12305; U+12000; U+12305; U+120EE; U+121FA,ELLES123 [Early Dynastic (~2900–2340 BCE) | Ebla]; RSP055 [Early Dynastic (~2900–2340 BCE) | Presargonic Lagash]
U+120EE,|A.TU.GABA.LIŠ|,|A.TU.A.TU.GABA.LIŠ|,5,𒃮,𒀀𒌅𒀀𒌅𒃮𒇺,U+12000; U+12305; U+12000; U+12305; U+120EE; U+121FA,ELLES123 [Early Dynastic (~2900–2340 BCE) | Ebla]; RSP055 [Early Dynastic (~2900–2340 BCE) | Presargonic Lagash]
U+121FA,|A.TU.GABA.LIŠ|,|A.TU.A.TU.GABA.LIŠ|,6,𒇺,𒀀𒌅𒀀𒌅𒃮𒇺,U+12000; U+12305; U+12000; U+12305; U+120EE; U+121FA,ELLES123 [Early Dynastic (~2900–2340 BCE) | Ebla]; RSP055 [Early Dynastic (~2900–2340 BCE) | Presargonic Lagash]
U+12000,|A.TU.GABA.LIŠ|,|A.TU.GABA|,1,𒀀,𒀀𒌅𒃮,U+12000; U+12305; U+120EE,ELLES123 [Early Dynastic (~2900–2340 BCE) | Ebla]; RSP055 [Early Dynastic (~2900–2340 BCE) | Presargonic Lagash]
U+12305,|A.TU.GABA.LIŠ|,|A.TU.GABA|,2,𒌅,𒀀𒌅𒃮,U+12000; U+12305; U+120EE,ELLES123 [Early Dynastic (~2900–2340 BCE) | Ebla]; RSP055 [Early Dynastic (~2900–2340 BCE) | Presargonic Lagash]
U+120EE,|A.TU.GABA.LIŠ|,|A.TU.GABA|,3,𒃮,𒀀𒌅𒃮,U+12000; U+12305; U+120EE,ELLES123 [Early Dynastic (~2900–2340 BCE) | Ebla]; RSP055 [Early Dynastic (~2900–2340 BCE) | Presargonic Lagash]
U+12000,|A.TU.GABA.LIŠ|,|A.TU.GABA.LIŠ.GAR|,1,𒀀,𒀀𒌅𒃮𒇺𒃻,U+12000; U+12305; U+120EE; U+121FA; U+120FB,ELLES123 [Early Dynastic (~2900–2340 BCE) | Ebla]; RSP055 [Early Dynastic (~2900–2340 BCE) | Presargonic Lagash]
U+12305,|A.TU.GABA.LIŠ|,|A.TU.GABA.LIŠ.GAR|,2,𒌅,𒀀𒌅𒃮𒇺𒃻,U+12000; U+12305; U+120EE; U+121FA; U+120FB,ELLES123 [Early Dynastic (~2900–2340 BCE) | Ebla]; RSP055 [Early Dynastic (~2900–2340 BCE) | Presargonic Lagash]
U+120EE,|A.TU.GABA.LIŠ|,|A.TU.GABA.LIŠ.GAR|,3,𒃮,𒀀𒌅𒃮𒇺𒃻,U+12000; U+12305; U+120EE; U+121FA; U+120FB,ELLES123 [Early Dynastic (~2900–2340 BCE) | Ebla]; RSP055 [Early Dynastic (~2900–2340 BCE) | Presargonic Lagash]
U+121FA,|A.TU.GABA.LIŠ|,|A.TU.GABA.LIŠ.GAR|,4,𒇺,𒀀𒌅𒃮𒇺𒃻,U+12000; U+12305; U+120EE; U+121FA; U+120FB,ELLES123 [Early Dynastic (~2900–2340 BCE) | Ebla]; RSP055 [Early Dynastic (~2900–2340 BCE) | Presargonic Lagash]
U+120FB,|A.TU.GABA.LIŠ|,|A.TU.GABA.LIŠ.GAR|,5,𒃻,𒀀𒌅𒃮𒇺𒃻,U+12000; U+12305; U+120EE; U+121FA; U+120FB,ELLES123 [Early Dynastic (~2900–2340 BCE) | Ebla]; RSP055 [Early Dynastic (~2900–2340 BCE) | Presargonic Lagash]
U+12000,|A.TU.GABA.LIŠ|,|A.TU.GABA.SIG.GAR|,1,𒀀,𒀀𒌅𒃮𒋝𒃻,U+12000; U+12305; U+120EE; U+122DD; U+120FB,ELLES123 [Early Dynastic (~2900–2340 BCE) | Ebla]; RSP055 [Early Dynastic (~2900–2340 BCE) | Presargonic Lagash]
U+12305,|A.TU.GABA.LIŠ|,|A.TU.GABA.SIG.GAR|,2,𒌅,𒀀𒌅𒃮𒋝𒃻,U+12000; U+12305; U+120EE; U+122DD; U+120FB,ELLES123 [Early Dynastic (~2900–2340 BCE) | Ebla]; RSP055 [Early Dynastic (~2900–2340 BCE) | Presargonic Lagash]
U+120EE,|A.TU.GABA.LIŠ|,|A.TU.GABA.SIG.GAR|,3,𒃮,𒀀𒌅𒃮𒋝𒃻,U+12000; U+12305; U+120EE; U+122DD; U+120FB,ELLES123 [Early Dynastic (~2900–2340 BCE) | Ebla]; RSP055 [Early Dynastic (~2900–2340 BCE) | Presargonic Lagash]
U+122DD,|A.TU.GABA.LIŠ|,|A.TU.GABA.SIG.GAR|,4,𒋝,𒀀𒌅𒃮𒋝𒃻,U+12000; U+12305; U+120EE; U+122DD; U+120FB,ELLES123 [Early Dynastic (~2900–2340 BCE) | Ebla]; RSP055 [Early Dynastic (~2900–2340 BCE) | Presargonic Lagash]
U+120FB,|A.TU.GABA.LIŠ|,|A.TU.GABA.SIG.GAR|,5,𒃻,𒀀𒌅𒃮𒋝𒃻,U+12000; U+12305; U+120EE; U+122DD; U+120FB,ELLES123 [Early Dynastic (~2900–2340 BCE) | Ebla]; RSP055 [Early Dynastic (~2900–2340 BCE) | Presargonic Lagash]
U+12000,|A.TU.GABA.LIŠ|,|A.TU.NUN&NUN|,1,𒀀,𒀀𒌅𒉪,U+12000; U+12305; U+1226A,ELLES123 [Early Dynastic (~2900–2340 BCE) | Ebla]; RSP055 [Early Dynastic (~2900–2340 BCE) | Presargonic Lagash]
U+12305,|A.TU.GABA.LIŠ|,|A.TU.NUN&NUN|,2,𒌅,𒀀𒌅𒉪,U+12000; U+12305; U+1226A,ELLES123 [Early Dynastic (~2900–2340 BCE) | Ebla]; RSP055 [Early Dynastic (~2900–2340 BCE) | Presargonic Lagash]
U+1226A,|A.TU.GABA.LIŠ|,|A.TU.NUN&NUN|,3,𒉪,𒀀𒌅𒉪,U+12000; U+12305; U+1226A,ELLES123 [Early Dynastic (~2900–2340 BCE) | Ebla]; RSP055 [Early Dynastic (~2900–2340 BCE) | Presargonic Lagash]
U+12000,|A.TU.GABA.LIŠ|,|A.TU.NUN&NUN.GABA.LIŠ|,1,𒀀,𒀀𒌅𒉪𒃮𒇺,U+12000; U+12305; U+1226A; U+120EE; U+121FA,ELLES123 [Early Dynastic (~2900–2340 BCE) | Ebla]; RSP055 [Early Dynastic (~2900–2340 BCE) | Presargonic Lagash]
U+12305,|A.TU.GABA.LIŠ|,|A.TU.NUN&NUN.GABA.LIŠ|,2,𒌅,𒀀𒌅𒉪𒃮𒇺,U+12000; U+12305; U+1226A; U+120EE; U+121FA,ELLES123 [Early Dynastic (~2900–2340 BCE) | Ebla]; RSP055 [Early Dynastic (~2900–2340 BCE) | Presargonic Lagash]
U+1226A,|A.TU.GABA.LIŠ|,|A.TU.NUN&NUN.GABA.LIŠ|,3,𒉪,𒀀𒌅𒉪𒃮𒇺,U+12000; U+12305; U+1226A; U+120EE; U+121FA,ELLES123 [Early Dynastic (~2900–2340 BCE) | Ebla]; RSP055 [Early Dynastic (~2900–2340 BCE) | Presargonic Lagash]
U+120EE,|A.TU.GABA.LIŠ|,|A.TU.NUN&NUN.GABA.LIŠ|,4,𒃮,𒀀𒌅𒉪𒃮𒇺,U+12000; U+12305; U+1226A; U+120EE; U+121FA,ELLES123 [Early Dynastic (~2900–2340 BCE) | Ebla]; RSP055 [Early Dynastic (~2900–2340 BCE) | Presargonic Lagash]
U+121FA,|A.TU.GABA.LIŠ|,|A.TU.NUN&NUN.GABA.LIŠ|,5,𒇺,𒀀𒌅𒉪𒃮𒇺,U+12000; U+12305; U+1226A; U+120EE; U+121FA,ELLES123 [Early Dynastic (~2900–2340 BCE) | Ebla]; RSP055 [Early Dynastic (~2900–2340 BCE) | Presargonic Lagash]
U+12000,|A.TU.GABA.LIŠ|,|A.TU.NUN&NUN.LIŠ|,1,𒀀,𒀀𒌅𒉪𒇺,U+12000; U+12305; U+1226A; U+121FA,ELLES123 [Early Dynastic (~2900–2340 BCE) | Ebla]; RSP055 [Early Dynastic (~2900–2340 BCE) | Presargonic Lagash]
U+12305,|A.TU.GABA.LIŠ|,|A.TU.NUN&NUN.LIŠ|,2,𒌅,𒀀𒌅𒉪𒇺,U+12000; U+12305; U+1226A; U+121FA,ELLES123 [Early Dynastic (~2900–2340 BCE) | Ebla]; RSP055 [Early Dynastic (~2900–2340 BCE) | Presargonic Lagash]
U+1226A,|A.TU.GABA.LIŠ|,|A.TU.NUN&NUN.LIŠ|,3,𒉪,𒀀𒌅𒉪𒇺,U+12000; U+12305; U+1226A; U+121FA,ELLES123 [Early Dynastic (~2900–2340 BCE) | Ebla]; RSP055 [Early Dynastic (~2900–2340 BCE) | Presargonic Lagash]
U+121FA,|A.TU.GABA.LIŠ|,|A.TU.NUN&NUN.LIŠ|,4,𒇺,𒀀𒌅𒉪𒇺,U+12000; U+12305; U+1226A; U+121FA,ELLES123 [Early Dynastic (~2900–2340 BCE) | Ebla]; RSP055 [Early Dynastic (~2900–2340 BCE) | Presargonic Lagash]
U+120EE,|A.TU.GABA.LIŠ|,|GABA.LIŠ|,1,𒃮,𒃮𒇺,U+120EE; U+121FA,ELLES123 [Early Dynastic (~2900–2340 BCE) | Ebla]; RSP055 [Early Dynastic (~2900–2340 BCE) | Presargonic Lagash]
U+121FA,|A.TU.GABA.LIŠ|,|GABA.LIŠ|,2,𒇺,𒃮𒇺,U+120EE; U+121FA,ELLES123 [Early Dynastic (~2900–2340 BCE) | Ebla]; RSP055 [Early Dynastic (~2900–2340 BCE) | Presargonic Lagash]
U+12305,|A.TU.GABA.LIŠ|,|TU.NUN&NUN.LIŠ.A|,1,𒌅,𒌅𒉪𒇺𒀀,U+12305; U+1226A; U+121FA; U+12000,ELLES123 [Early Dynastic (~2900–2340 BCE) | Ebla]; RSP055 [Early Dynastic (~2900–2340 BCE) | Presargonic Lagash]
U+1226A,|A.TU.GABA.LIŠ|,|TU.NUN&NUN.LIŠ.A|,2,𒉪,𒌅𒉪𒇺𒀀,U+12305; U+1226A; U+121FA; U+12000,ELLES123 [Early Dynastic (~2900–2340 BCE) | Ebla]; RSP055 [Early Dynastic (~2900–2340 BCE) | Presargonic Lagash]
U+121FA,|A.TU.GABA.LIŠ|,|TU.NUN&NUN.LIŠ.A|,3,𒇺,𒌅𒉪𒇺𒀀,U+12305; U+1226A; U+121FA; U+12000,ELLES123 [Early Dynastic (~2900–2340 BCE) | Ebla]; RSP055 [Early Dynastic (~2900–2340 BCE) | Presargonic Lagash]
U+12000,|A.TU.GABA.LIŠ|,|TU.NUN&NUN.LIŠ.A|,4,𒀀,𒌅𒉪𒇺𒀀,U+12305; U+1226A; U+121FA; U+12000,ELLES123 [Early Dynastic (~2900–2340 BCE) | Ebla]; RSP055 [Early Dynastic (~2900–2340 BCE) | Presargonic Lagash]
U+12000,|A.ZI&ZI|,|A.ZI&ZI.A|,1,𒀀,𒀀𒍤𒀀,U+12000; U+12364; U+12000,
U+12364,|A.ZI&ZI|,|A.ZI&ZI.A|,2,𒍤,𒀀𒍤𒀀,U+12000; U+12364; U+12000,
U+12000,|A.ZI&ZI|,|A.ZI&ZI.A|,3,𒀀,𒀀𒍤𒀀,U+12000; U+12364; U+12000,
U+12000,|A.ZI&ZI|,|A.ZI&ZI.EŠ₂|,1,𒀀,𒀀𒍤𒂠,U+12000; U+12364; U+120A0,
U+12364,|A.ZI&ZI|,|A.ZI&ZI.EŠ₂|,2,𒍤,𒀀𒍤𒂠,U+12000; U+12364; U+120A0,
U+120A0,|A.ZI&ZI|,|A.ZI&ZI.EŠ₂|,3,𒂠,𒀀𒍤𒂠,U+12000; U+12364; U+120A0,
U+12364,|A.ZI&ZI|,|ZI&ZI.EŠ₂|,1,𒍤,𒍤𒂠,U+12364; U+120A0,
U+120A0,|A.ZI&ZI|,|ZI&ZI.EŠ₂|,2,𒂠,𒍤𒂠,U+12364; U+120A0,
U+12000,|A×HA|,|A.GU|,1,𒀀,𒀀𒄖,U+12000; U+12116,LAK796 [Uruk IV–III (~3400–3000 BCE) | Archaic / Uruk]; ABZL471 [Old Babylonian (~2000–1600 BCE) | School texts]; ELLES394 [Early Dynastic (~2900–2340 BCE) | Ebla]; KWU907 [Ur III (~2112–2004 BCE) | Administrative]; MZL846 [Standard Babylonian (any period) | Akkado-Babylonian]; PTACE329 [Early Dynastic (~2900–2340 BCE) | Ebla]; RSP183^a [Early Dynastic (~2900–2340 BCE) | Presargonic Lagash]
U+12116,|A×HA|,|A.GU|,2,𒄖,𒀀𒄖,U+12000; U+12116,LAK796 [Uruk IV–III (~3400–3000 BCE) | Archaic / Uruk]; ABZL471 [Old Babylonian (~2000–1600 BCE) | School texts]; ELLES394 [Early Dynastic (~2900–2340 BCE) | Ebla]; KWU907 [Ur III (~2112–2004 BCE) | Administrative]; MZL846 [Standard Babylonian (any period) | Akkado-Babylonian]; PTACE329 [Early Dynastic (~2900–2340 BCE) | Ebla]; RSP183^a [Early Dynastic (~2900–2340 BCE) | Presargonic Lagash]
U+12000,|A×LAGAR@g|,|A.LAGAR@g|,1,𒀀,𒀀𒇯,U+12000; U+121EF,MZL843 [Standard Babylonian (any period) | Akkado-Babylonian]; SLLHA582 [Standard Babylonian (any period) | Akkado-Babylonian]
U+121EF,|A×LAGAR@g|,|A.LAGAR@g|,2,𒇯,𒀀𒇯,U+12000; U+121EF,MZL843 [Standard Babylonian (any period) | Akkado-Babylonian]; SLLHA582 [Standard Babylonian (any period) | Akkado-Babylonian]
U+12009,A₂,|A₂.HU|,1,𒀉,𒀉𒄷,U+12009; U+12137,ASY187a [Standard Babylonian (any period) | Akkadian syllabary]; LAK144 [Uruk IV–III (~3400–3000 BCE) | Archaic / Uruk]; ASY187 [Standard Babylonian (any period) | Akkadian syllabary]; ABZL230 [Old Babylonian (~2000–1600 BCE) | School texts]; BAU102 [Early Dynastic (~2900–2340 BCE) | Lagash]; ELLES078 [Early Dynastic (~2900–2340 BCE) | Ebla]; GCSL088 [Gudea period (~2100 BCE) | Lagash / Girsu]; HZL215 [Hittite period (~1650–1180 BCE) | Hittite]; KWU326 [Ur III (~2112–2004 BCE) | Administrative]; MZL560 [Standard Babylonian (any period) | Akkado-Babylonian]; PTACE089 [Early Dynastic (~2900–2340 BCE) | Ebla]; RSP420 [Early Dynastic (~2900–2340 BCE) | Presargonic Lagash]; SLLHA334 [Standard Babylonian (any period) | Akkado-Babylonian]; SYA162 [Standard Babylonian (any period) | Akkadian syllabary]
U+12137,A₂,|A₂.HU|,2,𒄷,𒀉𒄷,U+12009; U+12137,ASY187a [Standard Babylonian (any period) | Akkadian syllabary]; LAK144 [Uruk IV–III (~3400–3000 BCE) | Archaic / Uruk]; ASY187 [Standard Babylonian (any period) | Akkadian syllabary]; ABZL230 [Old Babylonian (~2000–1600 BCE) | School texts]; BAU102 [Early Dynastic (~2900–2340 BCE) | Lagash]; ELLES078 [Early Dynastic (~2900–2340 BCE) | Ebla]; GCSL088 [Gudea period (~2100 BCE) | Lagash / Girsu]; HZL215 [Hittite period (~1650–1180 BCE) | Hittite]; KWU326 [Ur III (~2112–2004 BCE) | Administrative]; MZL560 [Standard Babylonian (any period) | Akkado-Babylonian]; PTACE089 [Early Dynastic (~2900–2340 BCE) | Ebla]; RSP420 [Early Dynastic (~2900–2340 BCE) | Presargonic Lagash]; SLLHA334 [Standard Babylonian (any period) | Akkado-Babylonian]; SYA162 [Standard Babylonian (any period) | Akkadian syllabary]
U+12009,|A₂.ZA.MUŠ₃@g|,|A₂.ZA.MUŠ₃|,1,𒀉,𒀉𒍝𒈹,U+12009; U+1235D; U+12239,
U+1235D,|A₂.ZA.MUŠ₃@g|,|A₂.ZA.MUŠ₃|,2,𒍝,𒀉𒍝𒈹,U+12009; U+1235D; U+12239,
U+12239,|A₂.ZA.MUŠ₃@g|,|A₂.ZA.MUŠ₃|,3,𒈹,𒀉𒍝𒈹,U+12009; U+1235D; U+12239,
U+12016,|AB₂.KU|,|AB₂.LAGAB×U|,1,𒀖,𒀖𒇥,U+12016; U+121E5,RSP160 [Early Dynastic (~2900–2340 BCE) | Presargonic Lagash]
U+121E5,|AB₂.KU|,|AB₂.LAGAB×U|,2,𒇥,𒀖𒇥,U+12016; U+121E5,RSP160 [Early Dynastic (~2900–2340 BCE) | Presargonic Lagash]
U+12016,|AB₂×TAK₄|,|AB₂.TAK₄|,1,𒀖,𒀖𒋺,U+12016; U+122FA,RSP163 [Early Dynastic (~2900–2340 BCE) | Presargonic Lagash]; LAK406 [Uruk IV–III (~3400–3000 BCE) | Archaic / Uruk]; KWU518 [Ur III (~2112–2004 BCE) | Administrative]; MZL673 [Standard Babylonian (any period) | Akkado-Babylonian]; SLLHA420_8 [Standard Babylonian (any period) | Akkado-Babylonian]
U+122FA,|AB₂×TAK₄|,|AB₂.TAK₄|,2,𒋺,𒀖𒋺,U+12016; U+122FA,RSP163 [Early Dynastic (~2900–2340 BCE) | Presargonic Lagash]; LAK406 [Uruk IV–III (~3400–3000 BCE) | Archaic / Uruk]; KWU518 [Ur III (~2112–2004 BCE) | Administrative]; MZL673 [Standard Babylonian (any period) | Akkado-Babylonian]; SLLHA420_8 [Standard Babylonian (any period) | Akkado-Babylonian]
U+1201C,|AD.KID|,|AD.KID.KID|,1,𒀜,𒀜𒆤𒆤,U+1201C; U+121A4; U+121A4,RSP228 [Early Dynastic (~2900–2340 BCE) | Presargonic Lagash]
U+121A4,|AD.KID|,|AD.KID.KID|,2,𒆤,𒀜𒆤𒆤,U+1201C; U+121A4; U+121A4,RSP228 [Early Dynastic (~2900–2340 BCE) | Presargonic Lagash]
U+121A4,|AD.KID|,|AD.KID.KID|,3,𒆤,𒀜𒆤𒆤,U+1201C; U+121A4; U+121A4,RSP228 [Early Dynastic (~2900–2340 BCE) | Presargonic Lagash]
U+12313,|AMAR.UD|,|UD.AMAR|,1,𒌓,𒌓𒀫,U+12313; U+1202B,
U+1202B,|AMAR.UD|,|UD.AMAR|,2,𒀫,𒌓𒀫,U+12313; U+1202B,
U+1202D,|3×AN|,|AN.AN.AN|,1,𒀭,𒀭𒀭𒀭,U+1202D; U+1202D; U+1202D,LAK010 [Uruk IV–III (~3400–3000 BCE) | Archaic / Uruk]; ASY095 [Standard Babylonian (any period) | Akkadian syllabary]; ABZL010 [Old Babylonian (~2000–1600 BCE) | School texts]; BAU008 [Early Dynastic (~2900–2340 BCE) | Lagash]; ELLES006bis [Early Dynastic (~2900–2340 BCE) | Ebla]; GCSL051 [Gudea period (~2100 BCE) | Lagash / Girsu]; KWU025 [Ur III (~2112–2004 BCE) | Administrative]; MZL247 [Standard Babylonian (any period) | Akkado-Babylonian]; PTACE009 [Early Dynastic (~2900–2340 BCE) | Ebla]; RSP082 [Early Dynastic (~2900–2340 BCE) | Presargonic Lagash]; SYA083 [Standard Babylonian (any period) | Akkadian syllabary]
U+1202D,|3×AN|,|AN.AN.AN|,2,𒀭,𒀭𒀭𒀭,U+1202D; U+1202D; U+1202D,LAK010 [Uruk IV–III (~3400–3000 BCE) | Archaic / Uruk]; ASY095 [Standard Babylonian (any period) | Akkadian syllabary]; ABZL010 [Old Babylonian (~2000–1600 BCE) | School texts]; BAU008 [Early Dynastic (~2900–2340 BCE) | Lagash]; ELLES006bis [Early Dynastic (~2900–2340 BCE) | Ebla]; GCSL051 [Gudea period (~2100 BCE) | Lagash / Girsu]; KWU025 [Ur III (~2112–2004 BCE) | Administrative]; MZL247 [Standard Babylonian (any period) | Akkado-Babylonian]; PTACE009 [Early Dynastic (~2900–2340 BCE) | Ebla]; RSP082 [Early Dynastic (~2900–2340 BCE) | Presargonic Lagash]; SYA083 [Standard Babylonian (any period) | Akkadian syllabary]
U+1202D,|3×AN|,|AN.AN.AN|,3,𒀭,𒀭𒀭𒀭,U+1202D; U+1202D; U+1202D,LAK010 [Uruk IV–III (~3400–3000 BCE) | Archaic / Uruk]; ASY095 [Standard Babylonian (any period) | Akkadian syllabary]; ABZL010 [Old Babylonian (~2000–1600 BCE) | School texts]; BAU008 [Early Dynastic (~2900–2340 BCE) | Lagash]; ELLES006bis [Early Dynastic (~2900–2340 BCE) | Ebla]; GCSL051 [Gudea period (~2100 BCE) | Lagash / Girsu]; KWU025 [Ur III (~2112–2004 BCE) | Administrative]; MZL247 [Standard Babylonian (any period) | Akkado-Babylonian]; PTACE009 [Early Dynastic (~2900–2340 BCE) | Ebla]; RSP082 [Early Dynastic (~2900–2340 BCE) | Presargonic Lagash]; SYA083 [Standard Babylonian (any period) | Akkadian syllabary]
U+1202D,|AN.AŠ.AN|,|AN.AN.AŠ|,1,𒀭,𒀭𒀭𒀸,U+1202D; U+1202D; U+12038,
U+1202D,|AN.AŠ.AN|,|AN.AN.AŠ|,2,𒀭,𒀭𒀭𒀸,U+1202D; U+1202D; U+12038,
U+12038,|AN.AŠ.AN|,|AN.AN.AŠ|,3,𒀸,𒀭𒀭𒀸,U+1202D; U+1202D; U+12038,
U+12038,|AN.AŠ.AN|,|AŠ.A.AN|,1,𒀸,𒀸𒀀𒀭,U+12038; U+12000; U+1202D,
U+12000,|AN.AŠ.AN|,|AŠ.A.AN|,2,𒀀,𒀸𒀀𒀭,U+12038; U+12000; U+1202D,
U+1202D,|AN.AŠ.AN|,|AŠ.A.AN|,3,𒀭,𒀸𒀀𒀭,U+12038; U+12000; U+1202D,
U+12038,|AN.AŠ.AN|,|AŠ.AN.AŠ|,1,𒀸,𒀸𒀭𒀸,U+12038; U+1202D; U+12038,
U+1202D,|AN.AŠ.AN|,|AŠ.AN.AŠ|,2,𒀭,𒀸𒀭𒀸,U+12038; U+1202D; U+12038,
U+12038,|AN.AŠ.AN|,|AŠ.AN.AŠ|,3,𒀸,𒀸𒀭𒀸,U+12038; U+1202D; U+12038,
U+12038,|AN.AŠ.AN|,|AŠ.AŠ|,1,𒀸,𒀸𒀸,U+12038; U+12038,RSP002 [Early Dynastic (~2900–2340 BCE) | Presargonic Lagash]
U+12038,|AN.AŠ.AN|,|AŠ.AŠ|,2,𒀸,𒀸𒀸,U+12038; U+12038,RSP002 [Early Dynastic (~2900–2340 BCE) | Presargonic Lagash]
U+1202D,|AN.HU.MI.IM|,|AN.MI.HU|,1,𒀭,𒀭𒈪𒄷,U+1202D; U+1222A; U+12137,
U+1222A,|AN.HU.MI.IM|,|AN.MI.HU|,2,𒈪,𒀭𒈪𒄷,U+1202D; U+1222A; U+12137,
U+12137,|AN.HU.MI.IM|,|AN.MI.HU|,3,𒄷,𒀭𒈪𒄷,U+1202D; U+1222A; U+12137,
U+1202D,|AN.IM.DUGUD|,|AN.DUGUD|,1,𒀭,𒀭𒂂,U+1202D; U+12082,
U+12082,|AN.IM.DUGUD|,|AN.DUGUD|,2,𒂂,𒀭𒂂,U+1202D; U+12082,
U+1202D,|AN.IM.MI|,|AN.MI|,1,𒀭,𒀭𒈪,U+1202D; U+1222A,
U+1222A,|AN.IM.MI|,|AN.MI|,2,𒈪,𒀭𒈪,U+1202D; U+1222A,
U+1202D,|AN.IM.MI|,|AN.NI₂.MI|,1,𒀭,𒀭𒉎𒈪,U+1202D; U+1224E; U+1222A,
U+1224E,|AN.IM.MI|,|AN.NI₂.MI|,2,𒉎,𒀭𒉎𒈪,U+1202D; U+1224E; U+1222A,
U+1222A,|AN.IM.MI|,|AN.NI₂.MI|,3,𒈪,𒀭𒉎𒈪,U+1202D; U+1224E; U+1222A,
U+1214E,|AN.IM.MI|,|IM.MI|,1,𒅎,𒅎𒈪,U+1214E; U+1222A,
U+1222A,|AN.IM.MI|,|IM.MI|,2,𒈪,𒅎𒈪,U+1214E; U+1222A,
U+1202D,|AN.MUŠ₃.AB|,|AN.MUŠ₃.AB@g|,1,𒀭,𒀭𒈹𒀕,U+1202D; U+12239; U+12015,
U+12239,|AN.MUŠ₃.AB|,|AN.MUŠ₃.AB@g|,2,𒈹,𒀭𒈹𒀕,U+1202D; U+12239; U+12015,
U+12015,|AN.MUŠ₃.AB|,|AN.MUŠ₃.AB@g|,3,𒀕,𒀭𒈹𒀕,U+1202D; U+12239; U+12015,
U+12239,|AN.MUŠ₃.AB|,|MUŠ₃.TE.AB@g|,1,𒈹,𒈹𒋼𒀕,U+12239; U+122FC; U+12015,
U+122FC,|AN.MUŠ₃.AB|,|MUŠ₃.TE.AB@g|,2,𒋼,𒈹𒋼𒀕,U+12239; U+122FC; U+12015,
U+12015,|AN.MUŠ₃.AB|,|MUŠ₃.TE.AB@g|,3,𒀕,𒈹𒋼𒀕,U+12239; U+122FC; U+12015,
U+12239,|AN.MUŠ₃.AB|,|MUŠ₃.ZA|,1,𒈹,𒈹𒍝,U+12239; U+1235D,RSP099 [Early Dynastic (~2900–2340 BCE) | Presargonic Lagash]
U+1235D,|AN.MUŠ₃.AB|,|MUŠ₃.ZA|,2,𒍝,𒈹𒍝,U+12239; U+1235D,RSP099 [Early Dynastic (~2900–2340 BCE) | Presargonic Lagash]
U+1202D,|AN.NAGA|,|AN.ŠE.NAGA.GAL|,1,𒀭,𒀭𒊺𒉀𒃲,U+1202D; U+122BA; U+12240; U+120F2,
U+122BA,|AN.NAGA|,|AN.ŠE.NAGA.GAL|,2,𒊺,𒀭𒊺𒉀𒃲,U+1202D; U+122BA; U+12240; U+120F2,
U+12240,|AN.NAGA|,|AN.ŠE.NAGA.GAL|,3,𒉀,𒀭𒊺𒉀𒃲,U+1202D; U+122BA; U+12240; U+120F2,
U+120F2,|AN.NAGA|,|AN.ŠE.NAGA.GAL|,4,𒃲,𒀭𒊺𒉀𒃲,U+1202D; U+122BA; U+12240; U+120F2,
U+122BA,|AN.ŠE.NAGA|,|ŠE.NAGA|,1,𒊺,𒊺𒉀,U+122BA; U+12240,GCSL106 [Gudea period (~2100 BCE) | Lagash / Girsu]
U+12240,|AN.ŠE.NAGA|,|ŠE.NAGA|,2,𒉀,𒊺𒉀,U+122BA; U+12240,GCSL106 [Gudea period (~2100 BCE) | Lagash / Girsu]
U+12034,|ANŠE.ARAD|,|ARAD.ANŠE|,1,𒀴,𒀴𒀲,U+12034; U+12032,
U+12032,|ANŠE.ARAD|,|ARAD.ANŠE|,2,𒀲,𒀴𒀲,U+12034; U+12032,
X,|ANŠE.ARAD|,|LAK248@g.ARAD|,1,,X𒀴,X; U+12034,
U+12034,|ANŠE.ARAD|,|LAK248@g.ARAD|,2,𒀴,X𒀴,X; U+12034,
U+12032,|ANŠE.ARAD|,|ANŠE.ARAD×KUR|,1,𒀲,𒀲𒀵,U+12032; U+12035,
U+12035,|ANŠE.ARAD|,|ANŠE.ARAD×KUR|,2,𒀵,𒀲𒀵,U+12032; U+12035,
U+12032,|ANŠE.IGI.EŠ₂|,|ANŠE.IGI|,1,𒀲,𒀲𒅆,U+12032; U+12146,
U+12146,|ANŠE.IGI.EŠ₂|,|ANŠE.IGI|,2,𒅆,𒀲𒅆,U+12032; U+12146,
U+12032,|ANŠE.IGI.EŠ₂|,|ANŠE.IGI.DIB|,1,𒀲,𒀲𒅇,U+12032; U+12147,
U+12147,|ANŠE.IGI.EŠ₂|,|ANŠE.IGI.DIB|,2,𒅇,𒀲𒅇,U+12032; U+12147,
U+12032,|ANŠE.KUR.RA|,|ANŠE.KUR|,1,𒀲,𒀲𒆳,U+12032; U+121B3,
U+121B3,|ANŠE.KUR.RA|,|ANŠE.KUR|,2,𒆳,𒀲𒆳,U+12032; U+121B3,
U+12032,|ANŠE.SAL|,|ANŠE×SAL|,1,𒀲,𒀲𒍑,U+12032; U+12351,LAK254 [Uruk IV–III (~3400–3000 BCE) | Archaic / Uruk]
U+12351,|ANŠE.SAL|,|ANŠE×SAL|,2,𒍑,𒀲𒍑,U+12032; U+12351,LAK254 [Uruk IV–III (~3400–3000 BCE) | Archaic / Uruk]
U+121AA,|ARAD.KU|,|KU.ARAD|,1,𒆪,𒆪𒀴,U+121AA; U+12034,
U+12034,|ARAD.KU|,|KU.ARAD|,2,𒀴,𒆪𒀴,U+121AA; U+12034,
U+1203C,|AŠ&AŠ&AŠ|,|AŠ@z&AŠ@z&AŠ@z|,1,𒀼,𒀼𒀸,U+1203C; U+12038,LAK133 [Uruk IV–III (~3400–3000 BCE) | Archaic / Uruk]; BAU084 [Early Dynastic (~2900–2340 BCE) | Lagash]; MZL505 [Standard Babylonian (any period) | Akkado-Babylonian]; SLLHA325a [Standard Babylonian (any period) | Akkado-Babylonian]
U+12038,|AŠ&AŠ&AŠ|,|AŠ@z&AŠ@z&AŠ@z|,2,𒀸,𒀼𒀸,U+1203C; U+12038,LAK133 [Uruk IV–III (~3400–3000 BCE) | Archaic / Uruk]; BAU084 [Early Dynastic (~2900–2340 BCE) | Lagash]; MZL505 [Standard Babylonian (any period) | Akkado-Babylonian]; SLLHA325a [Standard Babylonian (any period) | Akkado-Babylonian]
U+12313,|BAD.UD|,|UD.BAD|,1,𒌓,𒌓𒁁,U+12313; U+12041,
U+12041,|BAD.UD|,|UD.BAD|,2,𒁁,𒌓𒁁,U+12313; U+12041,
U+F0085,|BAD.X|,|BAD&BAD.X|,1,,󰂅x,U+F0085; O,
O,|BAD.X|,|BAD&BAD.X|,2,,󰂅x,U+F0085; O,
U+12081,BAHAR₂,|DUG.LIŠ.BUR|,1,𒂁,𒂁𒇺𒁓,U+12081; U+121FA; U+12053,LAK742 [Uruk IV–III (~3400–3000 BCE) | Archaic / Uruk]; ABZL086 [Old Babylonian (~2000–1600 BCE) | School texts]; BAU370 [Early Dynastic (~2900–2340 BCE) | Lagash]; ELLES364 [Early Dynastic (~2900–2340 BCE) | Ebla]; RSP433 [Early Dynastic (~2900–2340 BCE) | Presargonic Lagash]; PTACE292 [Early Dynastic (~2900–2340 BCE) | Ebla]
U+121FA,BAHAR₂,|DUG.LIŠ.BUR|,2,𒇺,𒂁𒇺𒁓,U+12081; U+121FA; U+12053,LAK742 [Uruk IV–III (~3400–3000 BCE) | Archaic / Uruk]; ABZL086 [Old Babylonian (~2000–1600 BCE) | School texts]; BAU370 [Early Dynastic (~2900–2340 BCE) | Lagash]; ELLES364 [Early Dynastic (~2900–2340 BCE) | Ebla]; RSP433 [Early Dynastic (~2900–2340 BCE) | Presargonic Lagash]; PTACE292 [Early Dynastic (~2900–2340 BCE) | Ebla]
U+12053,BAHAR₂,|DUG.LIŠ.BUR|,3,𒁓,𒂁𒇺𒁓,U+12081; U+121FA; U+12053,LAK742 [Uruk IV–III (~3400–3000 BCE) | Archaic / Uruk]; ABZL086 [Old Babylonian (~2000–1600 BCE) | School texts]; BAU370 [Early Dynastic (~2900–2340 BCE) | Lagash]; ELLES364 [Early Dynastic (~2900–2340 BCE) | Ebla]; RSP433 [Early Dynastic (~2900–2340 BCE) | Presargonic Lagash]; PTACE292 [Early Dynastic (~2900–2340 BCE) | Ebla]
U+12081,BAHAR₂,|DUG.SILA₃.BUR|,1,𒂁,𒂁𒋡𒁓,U+12081; U+122E1; U+12053,LAK742 [Uruk IV–III (~3400–3000 BCE) | Archaic / Uruk]; ABZL086 [Old Babylonian (~2000–1600 BCE) | School texts]; BAU370 [Early Dynastic (~2900–2340 BCE) | Lagash]; ELLES364 [Early Dynastic (~2900–2340 BCE) | Ebla]; RSP433 [Early Dynastic (~2900–2340 BCE) | Presargonic Lagash]; PTACE292 [Early Dynastic (~2900–2340 BCE) | Ebla]
U+122E1,BAHAR₂,|DUG.SILA₃.BUR|,2,𒋡,𒂁𒋡𒁓,U+12081; U+122E1; U+12053,LAK742 [Uruk IV–III (~3400–3000 BCE) | Archaic / Uruk]; ABZL086 [Old Babylonian (~2000–1600 BCE) | School texts]; BAU370 [Early Dynastic (~2900–2340 BCE) | Lagash]; ELLES364 [Early Dynastic (~2900–2340 BCE) | Ebla]; RSP433 [Early Dynastic (~2900–2340 BCE) | Presargonic Lagash]; PTACE292 [Early Dynastic (~2900–2340 BCE) | Ebla]
U+12053,BAHAR₂,|DUG.SILA₃.BUR|,3,𒁓,𒂁𒋡𒁓,U+12081; U+122E1; U+12053,LAK742 [Uruk IV–III (~3400–3000 BCE) | Archaic / Uruk]; ABZL086 [Old Babylonian (~2000–1600 BCE) | School texts]; BAU370 [Early Dynastic (~2900–2340 BCE) | Lagash]; ELLES364 [Early Dynastic (~2900–2340 BCE) | Ebla]; RSP433 [Early Dynastic (~2900–2340 BCE) | Presargonic Lagash]; PTACE292 [Early Dynastic (~2900–2340 BCE) | Ebla]
U+122D9,|BAR.AN|,|ŠU₂.AN|,1,𒋙,𒋙𒀭,U+122D9; U+1202D,LAK356 [Uruk IV–III (~3400–3000 BCE) | Archaic / Uruk]; MZL870 [Standard Babylonian (any period) | Akkado-Babylonian]; SLLHA546 [Standard Babylonian (any period) | Akkado-Babylonian]; MZL123 [Standard Babylonian (any period) | Akkado-Babylonian]; SLLHA074_182 [Standard Babylonian (any period) | Akkado-Babylonian]
U+1202D,|BAR.AN|,|ŠU₂.AN|,2,𒀭,𒋙𒀭,U+122D9; U+1202D,LAK356 [Uruk IV–III (~3400–3000 BCE) | Archaic / Uruk]; MZL870 [Standard Babylonian (any period) | Akkado-Babylonian]; SLLHA546 [Standard Babylonian (any period) | Akkado-Babylonian]; MZL123 [Standard Babylonian (any period) | Akkado-Babylonian]; SLLHA074_182 [Standard Babylonian (any period) | Akkado-Babylonian]
U+12047,|BAR.EDIN|,|BAR.BAHAR₂|,1,𒁇,𒁇𒁃,U+12047; U+12043,
U+12043,|BAR.EDIN|,|BAR.BAHAR₂|,2,𒁃,𒁇𒁃,U+12047; U+12043,
U+12047,|BAR.EDIN|,|BAR.GUD|,1,𒁇,𒁇𒄞,U+12047; U+1211E,
U+1211E,|BAR.EDIN|,|BAR.GUD|,2,𒄞,𒁇𒄞,U+12047; U+1211E,
U+1211E,|BAR.EDIN|,|GUD.BAR|,1,𒄞,𒄞𒁇,U+1211E; U+12047,
U+12047,|BAR.EDIN|,|GUD.BAR|,2,𒁇,𒄞𒁇,U+1211E; U+12047,
U+12049,|BI.A.SUD|,|BI.SUD.A|,1,𒁉,𒁉𒋤𒀀,U+12049; U+122E4; U+12000,
U+122E4,|BI.A.SUD|,|BI.SUD.A|,2,𒋤,𒁉𒋤𒀀,U+12049; U+122E4; U+12000,
U+12000,|BI.A.SUD|,|BI.SUD.A|,3,𒀀,𒁉𒋤𒀀,U+12049; U+122E4; U+12000,
U+12049,|BI.A.SUD|,|BI.UD.SUD|,1,𒁉,𒁉𒌓𒋤,U+12049; U+12313; U+122E4,
U+12313,|BI.A.SUD|,|BI.UD.SUD|,2,𒌓,𒁉𒌓𒋤,U+12049; U+12313; U+122E4,
U+122E4,|BI.A.SUD|,|BI.UD.SUD|,3,𒋤,𒁉𒌓𒋤,U+12049; U+12313; U+122E4,
U+12050,|BU&BU.AB|,|BU%BU.AB|,1,𒁐,𒁐𒀊,U+12050; U+1200A,ABZL275 [Old Babylonian (~2000–1600 BCE) | School texts]; MZL582 [Standard Babylonian (any period) | Akkado-Babylonian]; SLLHA371a [Standard Babylonian (any period) | Akkado-Babylonian]
U+1200A,|BU&BU.AB|,|BU%BU.AB|,2,𒀊,𒁐𒀊,U+12050; U+1200A,ABZL275 [Old Babylonian (~2000–1600 BCE) | School texts]; MZL582 [Standard Babylonian (any period) | Akkado-Babylonian]; SLLHA371a [Standard Babylonian (any period) | Akkado-Babylonian]
U+12238,|BU&BU.AB|,|MUŠ%MUŠ.AB|,1,𒈸,𒈸𒀊,U+12238; U+1200A,ABZL275 [Old Babylonian (~2000–1600 BCE) | School texts]; MZL582 [Standard Babylonian (any period) | Akkado-Babylonian]; SLLHA371a [Standard Babylonian (any period) | Akkado-Babylonian]
U+1200A,|BU&BU.AB|,|MUŠ%MUŠ.AB|,2,𒀊,𒈸𒀊,U+12238; U+1200A,ABZL275 [Old Babylonian (~2000–1600 BCE) | School texts]; MZL582 [Standard Babylonian (any period) | Akkado-Babylonian]; SLLHA371a [Standard Babylonian (any period) | Akkado-Babylonian]
X,|BU&BU.AB|,|SUD&SUD.AB|,1,,X𒀊,X; U+1200A,ABZL275 [Old Babylonian (~2000–1600 BCE) | School texts]; MZL582 [Standard Babylonian (any period) | Akkado-Babylonian]; SLLHA371a [Standard Babylonian (any period) | Akkado-Babylonian]
U+1200A,|BU&BU.AB|,|SUD&SUD.AB|,2,𒀊,X𒀊,X; U+1200A,ABZL275 [Old Babylonian (~2000–1600 BCE) | School texts]; MZL582 [Standard Babylonian (any period) | Akkado-Babylonian]; SLLHA371a [Standard Babylonian (any period) | Akkado-Babylonian]
X,|BU&BU.KALAM@g|,|BU@90.BU.KALAM@g|,1,,X𒁍𒌦,X; U+1204D; U+12326,
U+1204D,|BU&BU.KALAM@g|,|BU@90.BU.KALAM@g|,2,𒁍,X𒁍𒌦,X; U+1204D; U+12326,
U+12326,|BU&BU.KALAM@g|,|BU@90.BU.KALAM@g|,3,𒌦,X𒁍𒌦,X; U+1204D; U+12326,
U+12487,|(BU&BU)×NA₂|,|(BU&BU)×NA₂.A|,1,𒒇,𒒇𒀀,U+12487; U+12000,ZATU058 [Uruk IV–III (~3400–3000 BCE) | Archaic / Uruk]
U+12000,|(BU&BU)×NA₂|,|(BU&BU)×NA₂.A|,2,𒀀,𒒇𒀀,U+12487; U+12000,ZATU058 [Uruk IV–III (~3400–3000 BCE) | Archaic / Uruk]
X,|(BU&BU)×NA₂|,|BU@90.BU.NA₂|,1,,X𒁍𒈿,X; U+1204D; U+1223F,ZATU058 [Uruk IV–III (~3400–3000 BCE) | Archaic / Uruk]
U+1204D,|(BU&BU)×NA₂|,|BU@90.BU.NA₂|,2,𒁍,X𒁍𒈿,X; U+1204D; U+1223F,ZATU058 [Uruk IV–III (~3400–3000 BCE) | Archaic / Uruk]
U+1223F,|(BU&BU)×NA₂|,|BU@90.BU.NA₂|,3,𒈿,X𒁍𒈿,X; U+1204D; U+1223F,ZATU058 [Uruk IV–III (~3400–3000 BCE) | Archaic / Uruk]
U+1222E,BUR₂,|MUG.MUG|,1,𒈮,𒈮𒈮,U+1222E; U+1222E,LAK052 [Uruk IV–III (~3400–3000 BCE) | Archaic / Uruk]; ASY010 [Standard Babylonian (any period) | Akkadian syllabary]; ABZL013 [Old Babylonian (~2000–1600 BCE) | School texts]; BAU054 [Early Dynastic (~2900–2340 BCE) | Lagash]; BAU056 [Early Dynastic (~2900–2340 BCE) | Lagash]; ELLES030 [Early Dynastic (~2900–2340 BCE) | Ebla]; GCSL022 [Gudea period (~2100 BCE) | Lagash / Girsu]; KWU088 [Ur III (~2112–2004 BCE) | Administrative]; MZL008 [Standard Babylonian (any period) | Akkado-Babylonian]; PTACE061 [Early Dynastic (~2900–2340 BCE) | Ebla]; RSP088 [Early Dynastic (~2900–2340 BCE) | Presargonic Lagash]; SLLHA011 [Standard Babylonian (any period) | Akkado-Babylonian]; SYA010 [Standard Babylonian (any period) | Akkadian syllabary]
U+1222E,BUR₂,|MUG.MUG|,2,𒈮,𒈮𒈮,U+1222E; U+1222E,LAK052 [Uruk IV–III (~3400–3000 BCE) | Archaic / Uruk]; ASY010 [Standard Babylonian (any period) | Akkadian syllabary]; ABZL013 [Old Babylonian (~2000–1600 BCE) | School texts]; BAU054 [Early Dynastic (~2900–2340 BCE) | Lagash]; BAU056 [Early Dynastic (~2900–2340 BCE) | Lagash]; ELLES030 [Early Dynastic (~2900–2340 BCE) | Ebla]; GCSL022 [Gudea period (~2100 BCE) | Lagash / Girsu]; KWU088 [Ur III (~2112–2004 BCE) | Administrative]; MZL008 [Standard Babylonian (any period) | Akkado-Babylonian]; PTACE061 [Early Dynastic (~2900–2340 BCE) | Ebla]; RSP088 [Early Dynastic (~2900–2340 BCE) | Presargonic Lagash]; SLLHA011 [Standard Babylonian (any period) | Akkado-Babylonian]; SYA010 [Standard Babylonian (any period) | Akkadian syllabary]
U+12137,BURU₅,|HU.ERIN₂|,1,𒄷,𒄷𒂟,U+12137; U+1209F,LAK072^b [Uruk IV–III (~3400–3000 BCE) | Archaic / Uruk]; ASY054a [Standard Babylonian (any period) | Akkadian syllabary]; ABZL043 [Old Babylonian (~2000–1600 BCE) | School texts]; ELLES044 [Early Dynastic (~2900–2340 BCE) | Ebla]; GCSL039 [Gudea period (~2100 BCE) | Lagash / Girsu]; MZL135 [Standard Babylonian (any period) | Akkado-Babylonian]; RSP414 [Early Dynastic (~2900–2340 BCE) | Presargonic Lagash]
U+1209F,BURU₅,|HU.ERIN₂|,2,𒂟,𒄷𒂟,U+12137; U+1209F,LAK072^b [Uruk IV–III (~3400–3000 BCE) | Archaic / Uruk]; ASY054a [Standard Babylonian (any period) | Akkadian syllabary]; ABZL043 [Old Babylonian (~2000–1600 BCE) | School texts]; ELLES044 [Early Dynastic (~2900–2340 BCE) | Ebla]; GCSL039 [Gudea period (~2100 BCE) | Lagash / Girsu]; MZL135 [Standard Babylonian (any period) | Akkado-Babylonian]; RSP414 [Early Dynastic (~2900–2340 BCE) | Presargonic Lagash]
U+12137,BURU₅,|HU.ŠE.ERIN₂|,1,𒄷,𒄷𒊺𒂟,U+12137; U+122BA; U+1209F,LAK072^b [Uruk IV–III (~3400–3000 BCE) | Archaic / Uruk]; ASY054a [Standard Babylonian (any period) | Akkadian syllabary]; ABZL043 [Old Babylonian (~2000–1600 BCE) | School texts]; ELLES044 [Early Dynastic (~2900–2340 BCE) | Ebla]; GCSL039 [Gudea period (~2100 BCE) | Lagash / Girsu]; MZL135 [Standard Babylonian (any period) | Akkado-Babylonian]; RSP414 [Early Dynastic (~2900–2340 BCE) | Presargonic Lagash]
U+122BA,BURU₅,|HU.ŠE.ERIN₂|,2,𒊺,𒄷𒊺𒂟,U+12137; U+122BA; U+1209F,LAK072^b [Uruk IV–III (~3400–3000 BCE) | Archaic / Uruk]; ASY054a [Standard Babylonian (any period) | Akkadian syllabary]; ABZL043 [Old Babylonian (~2000–1600 BCE) | School texts]; ELLES044 [Early Dynastic (~2900–2340 BCE) | Ebla]; GCSL039 [Gudea period (~2100 BCE) | Lagash / Girsu]; MZL135 [Standard Babylonian (any period) | Akkado-Babylonian]; RSP414 [Early Dynastic (~2900–2340 BCE) | Presargonic Lagash]
U+1209F,BURU₅,|HU.ŠE.ERIN₂|,3,𒂟,𒄷𒊺𒂟,U+12137; U+122BA; U+1209F,LAK072^b [Uruk IV–III (~3400–3000 BCE) | Archaic / Uruk]; ASY054a [Standard Babylonian (any period) | Akkadian syllabary]; ABZL043 [Old Babylonian (~2000–1600 BCE) | School texts]; ELLES044 [Early Dynastic (~2900–2340 BCE) | Ebla]; GCSL039 [Gudea period (~2100 BCE) | Lagash / Girsu]; MZL135 [Standard Babylonian (any period) | Akkado-Babylonian]; RSP414 [Early Dynastic (~2900–2340 BCE) | Presargonic Lagash]
U+1208A,|DAG.KISIM₅×(A.MAŠ)|,|E.KISIM₅×(A.MAŠ)|,1,𒂊,𒂊X,U+1208A; X,MZL461 [Standard Babylonian (any period) | Akkado-Babylonian]; SLLHA294b [Standard Babylonian (any period) | Akkado-Babylonian]
X,|DAG.KISIM₅×(A.MAŠ)|,|E.KISIM₅×(A.MAŠ)|,2,,𒂊X,U+1208A; X,MZL461 [Standard Babylonian (any period) | Akkado-Babylonian]; SLLHA294b [Standard Babylonian (any period) | Akkado-Babylonian]
U+1208A,|DAG.KISIM₅×BALAG|,|E.KISIM₅×BALAG|,1,𒂊,𒂊X,U+1208A; X,MZL457 [Standard Babylonian (any period) | Akkado-Babylonian]; SLLHA292 [Standard Babylonian (any period) | Akkado-Babylonian]
X,|DAG.KISIM₅×BALAG|,|E.KISIM₅×BALAG|,2,,𒂊X,U+1208A; X,MZL457 [Standard Babylonian (any period) | Akkado-Babylonian]; SLLHA292 [Standard Babylonian (any period) | Akkado-Babylonian]
U+12056,|DAG.KISIM₅×GA|,|DAG.DAG.KISIM₅×(U₂.GIR₂)|,1,𒁖,𒁖𒁬,U+12056; U+1206C,LAK744 [Uruk IV–III (~3400–3000 BCE) | Archaic / Uruk]; ABZL171 [Old Babylonian (~2000–1600 BCE) | School texts]
U+1206C,|DAG.KISIM₅×GA|,|DAG.DAG.KISIM₅×(U₂.GIR₂)|,2,𒁬,𒁖𒁬,U+12056; U+1206C,LAK744 [Uruk IV–III (~3400–3000 BCE) | Archaic / Uruk]; ABZL171 [Old Babylonian (~2000–1600 BCE) | School texts]
U+1208A,|DAG.KISIM₅×GA|,|E.KISIM₅×GA|,1,𒂊,𒂊X,U+1208A; X,LAK744 [Uruk IV–III (~3400–3000 BCE) | Archaic / Uruk]; ABZL171 [Old Babylonian (~2000–1600 BCE) | School texts]
X,|DAG.KISIM₅×GA|,|E.KISIM₅×GA|,2,,𒂊X,U+1208A; X,LAK744 [Uruk IV–III (~3400–3000 BCE) | Archaic / Uruk]; ABZL171 [Old Babylonian (~2000–1600 BCE) | School texts]
U+1208A,|DAG.KISIM₅×GIR₂|,|E.KISIM₅×GIR₂|,1,𒂊,𒂊X,U+1208A; X,ABZL172 [Old Babylonian (~2000–1600 BCE) | School texts]; MZL440 [Standard Babylonian (any period) | Akkado-Babylonian]
X,|DAG.KISIM₅×GIR₂|,|E.KISIM₅×GIR₂|,2,,𒂊X,U+1208A; X,ABZL172 [Old Babylonian (~2000–1600 BCE) | School texts]; MZL440 [Standard Babylonian (any period) | Akkado-Babylonian]
U+1226D,|DAG.KISIM₅×KAK|,|NUNUZ.KISIM₅×KAK|,1,𒉭,𒉭X,U+1226D; X,MZL448 [Standard Babylonian (any period) | Akkado-Babylonian]
X,|DAG.KISIM₅×KAK|,|NUNUZ.KISIM₅×KAK|,2,,𒉭X,U+1226D; X,MZL448 [Standard Babylonian (any period) | Akkado-Babylonian]
U+1208A,|DAG.KISIM₅×LA|,|E.KISIM₅×LA|,1,𒂊,𒂊X,U+1208A; X,MZL441 [Standard Babylonian (any period) | Akkado-Babylonian]; SLLHA282 [Standard Babylonian (any period) | Akkado-Babylonian]
X,|DAG.KISIM₅×LA|,|E.KISIM₅×LA|,2,,𒂊X,U+1208A; X,MZL441 [Standard Babylonian (any period) | Akkado-Babylonian]; SLLHA282 [Standard Babylonian (any period) | Akkado-Babylonian]
U+1208A,|DAG.KISIM₅×TAK₄|,|E.KISIM₅×TAK₄|,1,𒂊,𒂊X,U+1208A; X,MZL443 [Standard Babylonian (any period) | Akkado-Babylonian]; SLLHA283 [Standard Babylonian (any period) | Akkado-Babylonian]
X,|DAG.KISIM₅×TAK₄|,|E.KISIM₅×TAK₄|,2,,𒂊X,U+1208A; X,MZL443 [Standard Babylonian (any period) | Akkado-Babylonian]; SLLHA283 [Standard Babylonian (any period) | Akkado-Babylonian]
U+1208A,|DAG.KISIM₅×(U₂.GIR₂)|,|E.KISIM₅×(U₂.GIR₂)|,1,𒂊,𒂊X,U+1208A; X,ABZL170 [Old Babylonian (~2000–1600 BCE) | School texts]; MZL453 [Standard Babylonian (any period) | Akkado-Babylonian]; SLLHA290 [Standard Babylonian (any period) | Akkado-Babylonian]
X,|DAG.KISIM₅×(U₂.GIR₂)|,|E.KISIM₅×(U₂.GIR₂)|,2,,𒂊X,U+1208A; X,ABZL170 [Old Babylonian (~2000–1600 BCE) | School texts]; MZL453 [Standard Babylonian (any period) | Akkado-Babylonian]; SLLHA290 [Standard Babylonian (any period) | Akkado-Babylonian]
U+12079,DIŠ,|DIŠ.DIŠ.DIŠ|,1,𒁹,,U+12079; U+12079; U+12079,LAK820^d [Uruk IV–III (~3400–3000 BCE) | Archaic / Uruk]; LAK834^a [Uruk IV–III (~3400–3000 BCE) | Archaic / Uruk]; LAK854^b [Uruk IV–III (~3400–3000 BCE) | Archaic / Uruk]; ASY276 [Standard Babylonian (any period) | Akkadian syllabary]; ABZL390 [Old Babylonian (~2000–1600 BCE) | School texts]; HZL356 [Hittite period (~1650–1180 BCE) | Hittite]; MZL748 [Standard Babylonian (any period) | Akkado-Babylonian]; RSP005 [Early Dynastic (~2900–2340 BCE) | Presargonic Lagash]; SLLHA480 [Standard Babylonian (any period) | Akkado-Babylonian]; SYA242 [Standard Babylonian (any period) | Akkadian syllabary]
U+12079,DIŠ,|DIŠ.DIŠ.DIŠ|,2,𒁹,,U+12079; U+12079; U+12079,LAK820^d [Uruk IV–III (~3400–3000 BCE) | Archaic / Uruk]; LAK834^a [Uruk IV–III (~3400–3000 BCE) | Archaic / Uruk]; LAK854^b [Uruk IV–III (~3400–3000 BCE) | Archaic / Uruk]; ASY276 [Standard Babylonian (any period) | Akkadian syllabary]; ABZL390 [Old Babylonian (~2000–1600 BCE) | School texts]; HZL356 [Hittite period (~1650–1180 BCE) | Hittite]; MZL748 [Standard Babylonian (any period) | Akkado-Babylonian]; RSP005 [Early Dynastic (~2900–2340 BCE) | Presargonic Lagash]; SLLHA480 [Standard Babylonian (any period) | Akkado-Babylonian]; SYA242 [Standard Babylonian (any period) | Akkadian syllabary]
U+12079,DIŠ,|DIŠ.DIŠ.DIŠ|,3,𒁹,,U+12079; U+12079; U+12079,LAK820^d [Uruk IV–III (~3400–3000 BCE) | Archaic / Uruk]; LAK834^a [Uruk IV–III (~3400–3000 BCE) | Archaic / Uruk]; LAK854^b [Uruk IV–III (~3400–3000 BCE) | Archaic / Uruk]; ASY276 [Standard Babylonian (any period) | Akkadian syllabary]; ABZL390 [Old Babylonian (~2000–1600 BCE) | School texts]; HZL356 [Hittite period (~1650–1180 BCE) | Hittite]; MZL748 [Standard Babylonian (any period) | Akkado-Babylonian]; RSP005 [Early Dynastic (~2900–2340 BCE) | Presargonic Lagash]; SLLHA480 [Standard Babylonian (any period) | Akkado-Babylonian]; SYA242 [Standard Babylonian (any period) | Akkadian syllabary]
U+12244,|DUB.NAGAR|,|NAGAR.DUB|,1,𒉄,𒉄𒁾,U+12244; U+1207E,
U+1207E,|DUB.NAGAR|,|NAGAR.DUB|,2,𒁾,𒉄𒁾,U+12244; U+1207E,
X,|DUB.NAGAR|,|UM×KUL.NAGAR|,1,,X𒉄,X; U+12244,
U+12244,|DUB.NAGAR|,|UM×KUL.NAGAR|,2,𒉄,X𒉄,X; U+12244,
U+1234F,|DUB.NAGAR|,|URUDA.NAGAR|,1,𒍏,𒍏𒉄,U+1234F; U+12244,
U+12244,|DUB.NAGAR|,|URUDA.NAGAR|,2,𒉄,𒍏𒉄,U+1234F; U+12244,
U+121B3,|E₂.KUR.BAD|,|KUR.BAD|,1,𒆳,𒆳𒁁,U+121B3; U+12041,
U+12041,|E₂.KUR.BAD|,|KUR.BAD|,2,𒁁,𒆳𒁁,U+121B3; U+12041,
U+121A4,|E₂.NUN|,|KID.NUN|,1,𒆤,𒆤𒉣,U+121A4; U+12263,
U+12263,|E₂.NUN|,|KID.NUN|,2,𒉣,𒆤𒉣,U+121A4; U+12263,
U+1208D,EDIN,|E₂.PAP.GAŠAN.DIŠ|,1,𒂍,𒂍𒉽𒃽𒁹,U+1208D; U+1227D; U+120FD; U+12079,LAK747 [Uruk IV–III (~3400–3000 BCE) | Archaic / Uruk]; ASY118 [Standard Babylonian (any period) | Akkadian syllabary]; ABZL115 [Old Babylonian (~2000–1600 BCE) | School texts]; ELLES365 [Early Dynastic (~2900–2340 BCE) | Ebla]; GCSL306 [Gudea period (~2100 BCE) | Lagash / Girsu]; KWU753 [Ur III (~2112–2004 BCE) | Administrative]; MZL300 [Standard Babylonian (any period) | Akkado-Babylonian]; PTACE293 [Early Dynastic (~2900–2340 BCE) | Ebla]; RSP435 [Early Dynastic (~2900–2340 BCE) | Presargonic Lagash]; SLLHA168 [Standard Babylonian (any period) | Akkado-Babylonian]
U+1227D,EDIN,|E₂.PAP.GAŠAN.DIŠ|,2,𒉽,𒂍𒉽𒃽𒁹,U+1208D; U+1227D; U+120FD; U+12079,LAK747 [Uruk IV–III (~3400–3000 BCE) | Archaic / Uruk]; ASY118 [Standard Babylonian (any period) | Akkadian syllabary]; ABZL115 [Old Babylonian (~2000–1600 BCE) | School texts]; ELLES365 [Early Dynastic (~2900–2340 BCE) | Ebla]; GCSL306 [Gudea period (~2100 BCE) | Lagash / Girsu]; KWU753 [Ur III (~2112–2004 BCE) | Administrative]; MZL300 [Standard Babylonian (any period) | Akkado-Babylonian]; PTACE293 [Early Dynastic (~2900–2340 BCE) | Ebla]; RSP435 [Early Dynastic (~2900–2340 BCE) | Presargonic Lagash]; SLLHA168 [Standard Babylonian (any period) | Akkado-Babylonian]
U+120FD,EDIN,|E₂.PAP.GAŠAN.DIŠ|,3,𒃽,𒂍𒉽𒃽𒁹,U+1208D; U+1227D; U+120FD; U+12079,LAK747 [Uruk IV–III (~3400–3000 BCE) | Archaic / Uruk]; ASY118 [Standard Babylonian (any period) | Akkadian syllabary]; ABZL115 [Old Babylonian (~2000–1600 BCE) | School texts]; ELLES365 [Early Dynastic (~2900–2340 BCE) | Ebla]; GCSL306 [Gudea period (~2100 BCE) | Lagash / Girsu]; KWU753 [Ur III (~2112–2004 BCE) | Administrative]; MZL300 [Standard Babylonian (any period) | Akkado-Babylonian]; PTACE293 [Early Dynastic (~2900–2340 BCE) | Ebla]; RSP435 [Early Dynastic (~2900–2340 BCE) | Presargonic Lagash]; SLLHA168 [Standard Babylonian (any period) | Akkado-Babylonian]
U+12079,EDIN,|E₂.PAP.GAŠAN.DIŠ|,4,𒁹,𒂍𒉽𒃽𒁹,U+1208D; U+1227D; U+120FD; U+12079,LAK747 [Uruk IV–III (~3400–3000 BCE) | Archaic / Uruk]; ASY118 [Standard Babylonian (any period) | Akkadian syllabary]; ABZL115 [Old Babylonian (~2000–1600 BCE) | School texts]; ELLES365 [Early Dynastic (~2900–2340 BCE) | Ebla]; GCSL306 [Gudea period (~2100 BCE) | Lagash / Girsu]; KWU753 [Ur III (~2112–2004 BCE) | Administrative]; MZL300 [Standard Babylonian (any period) | Akkado-Babylonian]; PTACE293 [Early Dynastic (~2900–2340 BCE) | Ebla]; RSP435 [Early Dynastic (~2900–2340 BCE) | Presargonic Lagash]; SLLHA168 [Standard Babylonian (any period) | Akkado-Babylonian]
U+120B5,EDIN,|GA.HI×AŠ₂.BUR|,1,𒂵,𒂵𒄯𒁓,U+120B5; U+1212F; U+12053,LAK747 [Uruk IV–III (~3400–3000 BCE) | Archaic / Uruk]; ASY118 [Standard Babylonian (any period) | Akkadian syllabary]; ABZL115 [Old Babylonian (~2000–1600 BCE) | School texts]; ELLES365 [Early Dynastic (~2900–2340 BCE) | Ebla]; GCSL306 [Gudea period (~2100 BCE) | Lagash / Girsu]; KWU753 [Ur III (~2112–2004 BCE) | Administrative]; MZL300 [Standard Babylonian (any period) | Akkado-Babylonian]; PTACE293 [Early Dynastic (~2900–2340 BCE) | Ebla]; RSP435 [Early Dynastic (~2900–2340 BCE) | Presargonic Lagash]; SLLHA168 [Standard Babylonian (any period) | Akkado-Babylonian]
U+1212F,EDIN,|GA.HI×AŠ₂.BUR|,2,𒄯,𒂵𒄯𒁓,U+120B5; U+1212F; U+12053,LAK747 [Uruk IV–III (~3400–3000 BCE) | Archaic / Uruk]; ASY118 [Standard Babylonian (any period) | Akkadian syllabary]; ABZL115 [Old Babylonian (~2000–1600 BCE) | School texts]; ELLES365 [Early Dynastic (~2900–2340 BCE) | Ebla]; GCSL306 [Gudea period (~2100 BCE) | Lagash / Girsu]; KWU753 [Ur III (~2112–2004 BCE) | Administrative]; MZL300 [Standard Babylonian (any period) | Akkado-Babylonian]; PTACE293 [Early Dynastic (~2900–2340 BCE) | Ebla]; RSP435 [Early Dynastic (~2900–2340 BCE) | Presargonic Lagash]; SLLHA168 [Standard Babylonian (any period) | Akkado-Babylonian]
U+12053,EDIN,|GA.HI×AŠ₂.BUR|,3,𒁓,𒂵𒄯𒁓,U+120B5; U+1212F; U+12053,LAK747 [Uruk IV–III (~3400–3000 BCE) | Archaic / Uruk]; ASY118 [Standard Babylonian (any period) | Akkadian syllabary]; ABZL115 [Old Babylonian (~2000–1600 BCE) | School texts]; ELLES365 [Early Dynastic (~2900–2340 BCE) | Ebla]; GCSL306 [Gudea period (~2100 BCE) | Lagash / Girsu]; KWU753 [Ur III (~2112–2004 BCE) | Administrative]; MZL300 [Standard Babylonian (any period) | Akkado-Babylonian]; PTACE293 [Early Dynastic (~2900–2340 BCE) | Ebla]; RSP435 [Early Dynastic (~2900–2340 BCE) | Presargonic Lagash]; SLLHA168 [Standard Babylonian (any period) | Akkado-Babylonian]
U+120B5,EDIN,|GA.HI×AŠ₂.GAŠAN.DIŠ|,1,𒂵,𒂵𒄯𒃽𒁹,U+120B5; U+1212F; U+120FD; U+12079,LAK747 [Uruk IV–III (~3400–3000 BCE) | Archaic / Uruk]; ASY118 [Standard Babylonian (any period) | Akkadian syllabary]; ABZL115 [Old Babylonian (~2000–1600 BCE) | School texts]; ELLES365 [Early Dynastic (~2900–2340 BCE) | Ebla]; GCSL306 [Gudea period (~2100 BCE) | Lagash / Girsu]; KWU753 [Ur III (~2112–2004 BCE) | Administrative]; MZL300 [Standard Babylonian (any period) | Akkado-Babylonian]; PTACE293 [Early Dynastic (~2900–2340 BCE) | Ebla]; RSP435 [Early Dynastic (~2900–2340 BCE) | Presargonic Lagash]; SLLHA168 [Standard Babylonian (any period) | Akkado-Babylonian]
U+1212F,EDIN,|GA.HI×AŠ₂.GAŠAN.DIŠ|,2,𒄯,𒂵𒄯𒃽𒁹,U+120B5; U+1212F; U+120FD; U+12079,LAK747 [Uruk IV–III (~3400–3000 BCE) | Archaic / Uruk]; ASY118 [Standard Babylonian (any period) | Akkadian syllabary]; ABZL115 [Old Babylonian (~2000–1600 BCE) | School texts]; ELLES365 [Early Dynastic (~2900–2340 BCE) | Ebla]; GCSL306 [Gudea period (~2100 BCE) | Lagash / Girsu]; KWU753 [Ur III (~2112–2004 BCE) | Administrative]; MZL300 [Standard Babylonian (any period) | Akkado-Babylonian]; PTACE293 [Early Dynastic (~2900–2340 BCE) | Ebla]; RSP435 [Early Dynastic (~2900–2340 BCE) | Presargonic Lagash]; SLLHA168 [Standard Babylonian (any period) | Akkado-Babylonian]
U+120FD,EDIN,|GA.HI×AŠ₂.GAŠAN.DIŠ|,3,𒃽,𒂵𒄯𒃽𒁹,U+120B5; U+1212F; U+120FD; U+12079,LAK747 [Uruk IV–III (~3400–3000 BCE) | Archaic / Uruk]; ASY118 [Standard Babylonian (any period) | Akkadian syllabary]; ABZL115 [Old Babylonian (~2000–1600 BCE) | School texts]; ELLES365 [Early Dynastic (~2900–2340 BCE) | Ebla]; GCSL306 [Gudea period (~2100 BCE) | Lagash / Girsu]; KWU753 [Ur III (~2112–2004 BCE) | Administrative]; MZL300 [Standard Babylonian (any period) | Akkado-Babylonian]; PTACE293 [Early Dynastic (~2900–2340 BCE) | Ebla]; RSP435 [Early Dynastic (~2900–2340 BCE) | Presargonic Lagash]; SLLHA168 [Standard Babylonian (any period) | Akkado-Babylonian]
U+12079,EDIN,|GA.HI×AŠ₂.GAŠAN.DIŠ|,4,𒁹,𒂵𒄯𒃽𒁹,U+120B5; U+1212F; U+120FD; U+12079,LAK747 [Uruk IV–III (~3400–3000 BCE) | Archaic / Uruk]; ASY118 [Standard Babylonian (any period) | Akkadian syllabary]; ABZL115 [Old Babylonian (~2000–1600 BCE) | School texts]; ELLES365 [Early Dynastic (~2900–2340 BCE) | Ebla]; GCSL306 [Gudea period (~2100 BCE) | Lagash / Girsu]; KWU753 [Ur III (~2112–2004 BCE) | Administrative]; MZL300 [Standard Babylonian (any period) | Akkado-Babylonian]; PTACE293 [Early Dynastic (~2900–2340 BCE) | Ebla]; RSP435 [Early Dynastic (~2900–2340 BCE) | Presargonic Lagash]; SLLHA168 [Standard Babylonian (any period) | Akkado-Babylonian]
U+120B5,EDIN,|GA.PAP.U@g.DIŠ|,1,𒂵,𒂵𒉽𒐴𒁹,U+120B5; U+1227D; U+12434; U+12079,LAK747 [Uruk IV–III (~3400–3000 BCE) | Archaic / Uruk]; ASY118 [Standard Babylonian (any period) | Akkadian syllabary]; ABZL115 [Old Babylonian (~2000–1600 BCE) | School texts]; ELLES365 [Early Dynastic (~2900–2340 BCE) | Ebla]; GCSL306 [Gudea period (~2100 BCE) | Lagash / Girsu]; KWU753 [Ur III (~2112–2004 BCE) | Administrative]; MZL300 [Standard Babylonian (any period) | Akkado-Babylonian]; PTACE293 [Early Dynastic (~2900–2340 BCE) | Ebla]; RSP435 [Early Dynastic (~2900–2340 BCE) | Presargonic Lagash]; SLLHA168 [Standard Babylonian (any period) | Akkado-Babylonian]
U+1227D,EDIN,|GA.PAP.U@g.DIŠ|,2,𒉽,𒂵𒉽𒐴𒁹,U+120B5; U+1227D; U+12434; U+12079,LAK747 [Uruk IV–III (~3400–3000 BCE) | Archaic / Uruk]; ASY118 [Standard Babylonian (any period) | Akkadian syllabary]; ABZL115 [Old Babylonian (~2000–1600 BCE) | School texts]; ELLES365 [Early Dynastic (~2900–2340 BCE) | Ebla]; GCSL306 [Gudea period (~2100 BCE) | Lagash / Girsu]; KWU753 [Ur III (~2112–2004 BCE) | Administrative]; MZL300 [Standard Babylonian (any period) | Akkado-Babylonian]; PTACE293 [Early Dynastic (~2900–2340 BCE) | Ebla]; RSP435 [Early Dynastic (~2900–2340 BCE) | Presargonic Lagash]; SLLHA168 [Standard Babylonian (any period) | Akkado-Babylonian]
U+12434,EDIN,|GA.PAP.U@g.DIŠ|,3,𒐴,𒂵𒉽𒐴𒁹,U+120B5; U+1227D; U+12434; U+12079,LAK747 [Uruk IV–III (~3400–3000 BCE) | Archaic / Uruk]; ASY118 [Standard Babylonian (any period) | Akkadian syllabary]; ABZL115 [Old Babylonian (~2000–1600 BCE) | School texts]; ELLES365 [Early Dynastic (~2900–2340 BCE) | Ebla]; GCSL306 [Gudea period (~2100 BCE) | Lagash / Girsu]; KWU753 [Ur III (~2112–2004 BCE) | Administrative]; MZL300 [Standard Babylonian (any period) | Akkado-Babylonian]; PTACE293 [Early Dynastic (~2900–2340 BCE) | Ebla]; RSP435 [Early Dynastic (~2900–2340 BCE) | Presargonic Lagash]; SLLHA168 [Standard Babylonian (any period) | Akkado-Babylonian]
U+12079,EDIN,|GA.PAP.U@g.DIŠ|,4,𒁹,𒂵𒉽𒐴𒁹,U+120B5; U+1227D; U+12434; U+12079,LAK747 [Uruk IV–III (~3400–3000 BCE) | Archaic / Uruk]; ASY118 [Standard Babylonian (any period) | Akkadian syllabary]; ABZL115 [Old Babylonian (~2000–1600 BCE) | School texts]; ELLES365 [Early Dynastic (~2900–2340 BCE) | Ebla]; GCSL306 [Gudea period (~2100 BCE) | Lagash / Girsu]; KWU753 [Ur III (~2112–2004 BCE) | Administrative]; MZL300 [Standard Babylonian (any period) | Akkado-Babylonian]; PTACE293 [Early Dynastic (~2900–2340 BCE) | Ebla]; RSP435 [Early Dynastic (~2900–2340 BCE) | Presargonic Lagash]; SLLHA168 [Standard Babylonian (any period) | Akkado-Babylonian]
U+12308,EGIR,|TUM.ŠU₂|,1,𒌈,𒌈𒋙,U+12308; U+122D9,LAK499 [Uruk IV–III (~3400–3000 BCE) | Archaic / Uruk]; ABZL076 [Old Babylonian (~2000–1600 BCE) | School texts]; GCSL230 [Gudea period (~2100 BCE) | Lagash / Girsu]; HZL126 [Hittite period (~1650–1180 BCE) | Hittite]; KWU731 [Ur III (~2112–2004 BCE) | Administrative]; MZL356 [Standard Babylonian (any period) | Akkado-Babylonian]; RSP403 [Early Dynastic (~2900–2340 BCE) | Presargonic Lagash]; SLLHA209 [Standard Babylonian (any period) | Akkado-Babylonian]
U+122D9,EGIR,|TUM.ŠU₂|,2,𒋙,𒌈𒋙,U+12308; U+122D9,LAK499 [Uruk IV–III (~3400–3000 BCE) | Archaic / Uruk]; ABZL076 [Old Babylonian (~2000–1600 BCE) | School texts]; GCSL230 [Gudea period (~2100 BCE) | Lagash / Girsu]; HZL126 [Hittite period (~1650–1180 BCE) | Hittite]; KWU731 [Ur III (~2112–2004 BCE) | Administrative]; MZL356 [Standard Babylonian (any period) | Akkado-Babylonian]; RSP403 [Early Dynastic (~2900–2340 BCE) | Presargonic Lagash]; SLLHA209 [Standard Babylonian (any period) | Akkado-Babylonian]
U+12308,EGIR,|TUM.UD|,1,𒌈,𒌈𒌓,U+12308; U+12313,LAK499 [Uruk IV–III (~3400–3000 BCE) | Archaic / Uruk]; ABZL076 [Old Babylonian (~2000–1600 BCE) | School texts]; GCSL230 [Gudea period (~2100 BCE) | Lagash / Girsu]; HZL126 [Hittite period (~1650–1180 BCE) | Hittite]; KWU731 [Ur III (~2112–2004 BCE) | Administrative]; MZL356 [Standard Babylonian (any period) | Akkado-Babylonian]; RSP403 [Early Dynastic (~2900–2340 BCE) | Presargonic Lagash]; SLLHA209 [Standard Babylonian (any period) | Akkado-Babylonian]
U+12313,EGIR,|TUM.UD|,2,𒌓,𒌈𒌓,U+12308; U+12313,LAK499 [Uruk IV–III (~3400–3000 BCE) | Archaic / Uruk]; ABZL076 [Old Babylonian (~2000–1600 BCE) | School texts]; GCSL230 [Gudea period (~2100 BCE) | Lagash / Girsu]; HZL126 [Hittite period (~1650–1180 BCE) | Hittite]; KWU731 [Ur III (~2112–2004 BCE) | Administrative]; MZL356 [Standard Babylonian (any period) | Akkado-Babylonian]; RSP403 [Early Dynastic (~2900–2340 BCE) | Presargonic Lagash]; SLLHA209 [Standard Babylonian (any period) | Akkado-Babylonian]
U+12097,|EN.KID|,|EN.E₂|,1,𒂗,𒂗𒂍,U+12097; U+1208D,
U+1208D,|EN.KID|,|EN.E₂|,2,𒂍,𒂗𒂍,U+12097; U+1208D,
U+12097,|EN.ME.AN.MUŠ₃|,|EN.ME.AN×MUŠ₃|,1,𒂗,𒂗𒈨X,U+12097; U+12228; X,
U+12228,|EN.ME.AN.MUŠ₃|,|EN.ME.AN×MUŠ₃|,2,𒈨,𒂗𒈨X,U+12097; U+12228; X,
X,|EN.ME.AN.MUŠ₃|,|EN.ME.AN×MUŠ₃|,3,,𒂗𒈨X,U+12097; U+12228; X,
U+12097,|EN.ME.GI|,|EN.ME.GI₄|,1,𒂗,𒂗𒈨𒄄,U+12097; U+12228; U+12104,
U+12228,|EN.ME.GI|,|EN.ME.GI₄|,2,𒈨,𒂗𒈨𒄄,U+12097; U+12228; U+12104,
U+12104,|EN.ME.GI|,|EN.ME.GI₄|,3,𒄄,𒂗𒈨𒄄,U+12097; U+12228; U+12104,
U+1209A,|EN.ME.GI|,|EN×ME.GI|,1,𒂚,𒂚𒄀,U+1209A; U+12100,
U+12100,|EN.ME.GI|,|EN×ME.GI|,2,𒄀,𒂚𒄀,U+1209A; U+12100,
U+1209A,|EN.ME.GI|,|EN×ME.GI₄|,1,𒂚,𒂚𒄄,U+1209A; U+12104,
U+12104,|EN.ME.GI|,|EN×ME.GI₄|,2,𒄄,𒂚𒄄,U+1209A; U+12104,
U+12228,|EN.ME.GI|,|ME.EN.GI|,1,𒈨,𒈨𒂗𒄀,U+12228; U+12097; U+12100,
U+12097,|EN.ME.GI|,|ME.EN.GI|,2,𒂗,𒈨𒂗𒄀,U+12228; U+12097; U+12100,
U+12100,|EN.ME.GI|,|ME.EN.GI|,3,𒄀,𒈨𒂗𒄀,U+12228; U+12097; U+12100,
U+1209A,|EN.ME.LI|,|EN×ME.LI|,1,𒂚,𒂚𒇷,U+1209A; U+121F7,LAK534 [Uruk IV–III (~3400–3000 BCE) | Archaic / Uruk]; GCSL249 [Gudea period (~2100 BCE) | Lagash / Girsu]
U+121F7,|EN.ME.LI|,|EN×ME.LI|,2,𒇷,𒂚𒇷,U+1209A; U+121F7,LAK534 [Uruk IV–III (~3400–3000 BCE) | Archaic / Uruk]; GCSL249 [Gudea period (~2100 BCE) | Lagash / Girsu]
U+1209A,|EN.ME.MU|,|EN×ME.MU|,1,𒂚,𒂚𒈬,U+1209A; U+1222C,
U+1222C,|EN.ME.MU|,|EN×ME.MU|,2,𒈬,𒂚𒈬,U+1209A; U+1222C,
U+12228,|EN.ME.MU|,|ME.EN.MU|,1,𒈨,𒈨𒂗𒈬,U+12228; U+12097; U+1222C,
U+12097,|EN.ME.MU|,|ME.EN.MU|,2,𒂗,𒈨𒂗𒈬,U+12228; U+12097; U+1222C,
U+1222C,|EN.ME.MU|,|ME.EN.MU|,3,𒈬,𒈨𒂗𒈬,U+12228; U+12097; U+1222C,
U+12228,|EN.ME.MU|,|ME.MU|,1,𒈨,𒈨𒈬,U+12228; U+1222C,
U+1222C,|EN.ME.MU|,|ME.MU|,2,𒈬,𒈨𒈬,U+12228; U+1222C,
U+12097,|EN.NUNUZ.DIM₂|,|EN.NUNUZ.MA|,1,𒂗,𒂗𒉭𒈠,U+12097; U+1226D; U+12220,
U+1226D,|EN.NUNUZ.DIM₂|,|EN.NUNUZ.MA|,2,𒉭,𒂗𒉭𒈠,U+12097; U+1226D; U+12220,
U+12220,|EN.NUNUZ.DIM₂|,|EN.NUNUZ.MA|,3,𒈠,𒂗𒉭𒈠,U+12097; U+1226D; U+12220,
U+12097,|EN.NUNUZ.ZI.AN.ŠEŠ.KI|,|EN.NU.NUNUZ.ZI.AN.ŠEŠ.KI|,1,𒂗,𒂗𒉡𒉭𒍣𒀭𒋀𒆠,U+12097; U+12261; U+1226D; U+12363; U+1202D; U+122C0; U+121A0,
U+12261,|EN.NUNUZ.ZI.AN.ŠEŠ.KI|,|EN.NU.NUNUZ.ZI.AN.ŠEŠ.KI|,2,𒉡,𒂗𒉡𒉭𒍣𒀭𒋀𒆠,U+12097; U+12261; U+1226D; U+12363; U+1202D; U+122C0; U+121A0,
U+1226D,|EN.NUNUZ.ZI.AN.ŠEŠ.KI|,|EN.NU.NUNUZ.ZI.AN.ŠEŠ.KI|,3,𒉭,𒂗𒉡𒉭𒍣𒀭𒋀𒆠,U+12097; U+12261; U+1226D; U+12363; U+1202D; U+122C0; U+121A0,
U+12363,|EN.NUNUZ.ZI.AN.ŠEŠ.KI|,|EN.NU.NUNUZ.ZI.AN.ŠEŠ.KI|,4,𒍣,𒂗𒉡𒉭𒍣𒀭𒋀𒆠,U+12097; U+12261; U+1226D; U+12363; U+1202D; U+122C0; U+121A0,
U+1202D,|EN.NUNUZ.ZI.AN.ŠEŠ.KI|,|EN.NU.NUNUZ.ZI.AN.ŠEŠ.KI|,5,𒀭,𒂗𒉡𒉭𒍣𒀭𒋀𒆠,U+12097; U+12261; U+1226D; U+12363; U+1202D; U+122C0; U+121A0,
U+122C0,|EN.NUNUZ.ZI.AN.ŠEŠ.KI|,|EN.NU.NUNUZ.ZI.AN.ŠEŠ.KI|,6,𒋀,𒂗𒉡𒉭𒍣𒀭𒋀𒆠,U+12097; U+12261; U+1226D; U+12363; U+1202D; U+122C0; U+121A0,
U+121A0,|EN.NUNUZ.ZI.AN.ŠEŠ.KI|,|EN.NU.NUNUZ.ZI.AN.ŠEŠ.KI|,7,𒆠,𒂗𒉡𒉭𒍣𒀭𒋀𒆠,U+12097; U+12261; U+1226D; U+12363; U+1202D; U+122C0; U+121A0,
U+12097,|EN.NUNUZ.ZI.AN.UD|,|EN.NU.NUNUZ.ZI.AN.UD|,1,𒂗,𒂗𒉡𒉭𒍣𒀭𒌓,U+12097; U+12261; U+1226D; U+12363; U+1202D; U+12313,
U+12261,|EN.NUNUZ.ZI.AN.UD|,|EN.NU.NUNUZ.ZI.AN.UD|,2,𒉡,𒂗𒉡𒉭𒍣𒀭𒌓,U+12097; U+12261; U+1226D; U+12363; U+1202D; U+12313,
U+1226D,|EN.NUNUZ.ZI.AN.UD|,|EN.NU.NUNUZ.ZI.AN.UD|,3,𒉭,𒂗𒉡𒉭𒍣𒀭𒌓,U+12097; U+12261; U+1226D; U+12363; U+1202D; U+12313,
U+12363,|EN.NUNUZ.ZI.AN.UD|,|EN.NU.NUNUZ.ZI.AN.UD|,4,𒍣,𒂗𒉡𒉭𒍣𒀭𒌓,U+12097; U+12261; U+1226D; U+12363; U+1202D; U+12313,
U+1202D,|EN.NUNUZ.ZI.AN.UD|,|EN.NU.NUNUZ.ZI.AN.UD|,5,𒀭,𒂗𒉡𒉭𒍣𒀭𒌓,U+12097; U+12261; U+1226D; U+12363; U+1202D; U+12313,
U+12313,|EN.NUNUZ.ZI.AN.UD|,|EN.NU.NUNUZ.ZI.AN.UD|,6,𒌓,𒂗𒉡𒉭𒍣𒀭𒌓,U+12097; U+12261; U+1226D; U+12363; U+1202D; U+12313,
U+12097,|EN.PAP.IGI@g.NUN.ME.EZEN×KASKAL|,|EN.PAP.IGI@g.NUN.EZEN×KASKAL|,1,𒂗,𒂗𒉽𒅊𒉣𒂬,U+12097; U+1227D; U+1214A; U+12263; U+120AC,
U+1227D,|EN.PAP.IGI@g.NUN.ME.EZEN×KASKAL|,|EN.PAP.IGI@g.NUN.EZEN×KASKAL|,2,𒉽,𒂗𒉽𒅊𒉣𒂬,U+12097; U+1227D; U+1214A; U+12263; U+120AC,
U+1214A,|EN.PAP.IGI@g.NUN.ME.EZEN×KASKAL|,|EN.PAP.IGI@g.NUN.EZEN×KASKAL|,3,𒅊,𒂗𒉽𒅊𒉣𒂬,U+12097; U+1227D; U+1214A; U+12263; U+120AC,
U+12263,|EN.PAP.IGI@g.NUN.ME.EZEN×KASKAL|,|EN.PAP.IGI@g.NUN.EZEN×KASKAL|,4,𒉣,𒂗𒉽𒅊𒉣𒂬,U+12097; U+1227D; U+1214A; U+12263; U+120AC,
U+120AC,|EN.PAP.IGI@g.NUN.ME.EZEN×KASKAL|,|EN.PAP.IGI@g.NUN.EZEN×KASKAL|,5,𒂬,𒂗𒉽𒅊𒉣𒂬,U+12097; U+1227D; U+1214A; U+12263; U+120AC,
X,|EN.PAP.IGI@g.NUN.ME.EZEN×KASKAL|,|EN×IGI@g.NUN.EZEN×KASKAL|,1,,X𒉣𒂬,X; U+12263; U+120AC,
U+12263,|EN.PAP.IGI@g.NUN.ME.EZEN×KASKAL|,|EN×IGI@g.NUN.EZEN×KASKAL|,2,𒉣,X𒉣𒂬,X; U+12263; U+120AC,
U+120AC,|EN.PAP.IGI@g.NUN.ME.EZEN×KASKAL|,|EN×IGI@g.NUN.EZEN×KASKAL|,3,𒂬,X𒉣𒂬,X; U+12263; U+120AC,
X,|EN.PAP.IGI@g.NUN.ME.EZEN×KASKAL|,|EN×IGI@g.NUN.ME.EZEN×KASKAL|,1,,X𒉣𒈨𒂬,X; U+12263; U+12228; U+120AC,
U+12263,|EN.PAP.IGI@g.NUN.ME.EZEN×KASKAL|,|EN×IGI@g.NUN.ME.EZEN×KASKAL|,2,𒉣,X𒉣𒈨𒂬,X; U+12263; U+12228; U+120AC,
U+12228,|EN.PAP.IGI@g.NUN.ME.EZEN×KASKAL|,|EN×IGI@g.NUN.ME.EZEN×KASKAL|,3,𒈨,X𒉣𒈨𒂬,X; U+12263; U+12228; U+120AC,
U+120AC,|EN.PAP.IGI@g.NUN.ME.EZEN×KASKAL|,|EN×IGI@g.NUN.ME.EZEN×KASKAL|,4,𒂬,X𒉣𒈨𒂬,X; U+12263; U+12228; U+120AC,
U+1214A,|EN.PAP.IGI@g.NUN.ME.EZEN×KASKAL|,|IGI@g.EN.NUN.ME.EZEN×KASKAL|,1,𒅊,𒅊𒂗𒉣𒈨𒂬,U+1214A; U+12097; U+12263; U+12228; U+120AC,
U+12097,|EN.PAP.IGI@g.NUN.ME.EZEN×KASKAL|,|IGI@g.EN.NUN.ME.EZEN×KASKAL|,2,𒂗,𒅊𒂗𒉣𒈨𒂬,U+1214A; U+12097; U+12263; U+12228; U+120AC,
U+12263,|EN.PAP.IGI@g.NUN.ME.EZEN×KASKAL|,|IGI@g.EN.NUN.ME.EZEN×KASKAL|,3,𒉣,𒅊𒂗𒉣𒈨𒂬,U+1214A; U+12097; U+12263; U+12228; U+120AC,
U+12228,|EN.PAP.IGI@g.NUN.ME.EZEN×KASKAL|,|IGI@g.EN.NUN.ME.EZEN×KASKAL|,4,𒈨,𒅊𒂗𒉣𒈨𒂬,U+1214A; U+12097; U+12263; U+12228; U+120AC,
U+120AC,|EN.PAP.IGI@g.NUN.ME.EZEN×KASKAL|,|IGI@g.EN.NUN.ME.EZEN×KASKAL|,5,𒂬,𒅊𒂗𒉣𒈨𒂬,U+1214A; U+12097; U+12263; U+12228; U+120AC,
U+1202D,|EN.SAL.ME.NUNUZ.ZI.AN.ŠEŠ.KI|,|AN.EN.NU.NUNUZ.ZI.AN.ŠEŠ.KI|,1,𒀭,𒀭𒂗𒉡𒉭𒍣𒀭𒋀𒆠,U+1202D; U+12097; U+12261; U+1226D; U+12363; U+1202D; U+122C0; U+121A0,
U+12097,|EN.SAL.ME.NUNUZ.ZI.AN.ŠEŠ.KI|,|AN.EN.NU.NUNUZ.ZI.AN.ŠEŠ.KI|,2,𒂗,𒀭𒂗𒉡𒉭𒍣𒀭𒋀𒆠,U+1202D; U+12097; U+12261; U+1226D; U+12363; U+1202D; U+122C0; U+121A0,
U+12261,|EN.SAL.ME.NUNUZ.ZI.AN.ŠEŠ.KI|,|AN.EN.NU.NUNUZ.ZI.AN.ŠEŠ.KI|,3,𒉡,𒀭𒂗𒉡𒉭𒍣𒀭𒋀𒆠,U+1202D; U+12097; U+12261; U+1226D; U+12363; U+1202D; U+122C0; U+121A0,
U+1226D,|EN.SAL.ME.NUNUZ.ZI.AN.ŠEŠ.KI|,|AN.EN.NU.NUNUZ.ZI.AN.ŠEŠ.KI|,4,𒉭,𒀭𒂗𒉡𒉭𒍣𒀭𒋀𒆠,U+1202D; U+12097; U+12261; U+1226D; U+12363; U+1202D; U+122C0; U+121A0,
U+12363,|EN.SAL.ME.NUNUZ.ZI.AN.ŠEŠ.KI|,|AN.EN.NU.NUNUZ.ZI.AN.ŠEŠ.KI|,5,𒍣,𒀭𒂗𒉡𒉭𒍣𒀭𒋀𒆠,U+1202D; U+12097; U+12261; U+1226D; U+12363; U+1202D; U+122C0; U+121A0,
U+1202D,|EN.SAL.ME.NUNUZ.ZI.AN.ŠEŠ.KI|,|AN.EN.NU.NUNUZ.ZI.AN.ŠEŠ.KI|,6,𒀭,𒀭𒂗𒉡𒉭𒍣𒀭𒋀𒆠,U+1202D; U+12097; U+12261; U+1226D; U+12363; U+1202D; U+122C0; U+121A0,
U+122C0,|EN.SAL.ME.NUNUZ.ZI.AN.ŠEŠ.KI|,|AN.EN.NU.NUNUZ.ZI.AN.ŠEŠ.KI|,7,𒋀,𒀭𒂗𒉡𒉭𒍣𒀭𒋀𒆠,U+1202D; U+12097; U+12261; U+1226D; U+12363; U+1202D; U+122C0; U+121A0,
U+121A0,|EN.SAL.ME.NUNUZ.ZI.AN.ŠEŠ.KI|,|AN.EN.NU.NUNUZ.ZI.AN.ŠEŠ.KI|,8,𒆠,𒀭𒂗𒉡𒉭𒍣𒀭𒋀𒆠,U+1202D; U+12097; U+12261; U+1226D; U+12363; U+1202D; U+122C0; U+121A0,
U+122A9,|EN.SAL.ME.NUNUZ.ZI.AN.ŠEŠ.KI|,|SAL.NUNUZ.ZI.AN.ŠEŠ.KI|,1,𒊩,𒊩𒉭𒍣𒀭𒋀𒆠,U+122A9; U+1226D; U+12363; U+1202D; U+122C0; U+121A0,
U+1226D,|EN.SAL.ME.NUNUZ.ZI.AN.ŠEŠ.KI|,|SAL.NUNUZ.ZI.AN.ŠEŠ.KI|,2,𒉭,𒊩𒉭𒍣𒀭𒋀𒆠,U+122A9; U+1226D; U+12363; U+1202D; U+122C0; U+121A0,
U+12363,|EN.SAL.ME.NUNUZ.ZI.AN.ŠEŠ.KI|,|SAL.NUNUZ.ZI.AN.ŠEŠ.KI|,3,𒍣,𒊩𒉭𒍣𒀭𒋀𒆠,U+122A9; U+1226D; U+12363; U+1202D; U+122C0; U+121A0,
U+1202D,|EN.SAL.ME.NUNUZ.ZI.AN.ŠEŠ.KI|,|SAL.NUNUZ.ZI.AN.ŠEŠ.KI|,4,𒀭,𒊩𒉭𒍣𒀭𒋀𒆠,U+122A9; U+1226D; U+12363; U+1202D; U+122C0; U+121A0,
U+122C0,|EN.SAL.ME.NUNUZ.ZI.AN.ŠEŠ.KI|,|SAL.NUNUZ.ZI.AN.ŠEŠ.KI|,5,𒋀,𒊩𒉭𒍣𒀭𒋀𒆠,U+122A9; U+1226D; U+12363; U+1202D; U+122C0; U+121A0,
U+121A0,|EN.SAL.ME.NUNUZ.ZI.AN.ŠEŠ.KI|,|SAL.NUNUZ.ZI.AN.ŠEŠ.KI|,6,𒆠,𒊩𒉭𒍣𒀭𒋀𒆠,U+122A9; U+1226D; U+12363; U+1202D; U+122C0; U+121A0,
U+122E0,EREN,|SIK₂.NUN|,1,𒋠,𒋠𒉣,U+122E0; U+12263,LAK665 [Uruk IV–III (~3400–3000 BCE) | Archaic / Uruk]; LAK671 [Uruk IV–III (~3400–3000 BCE) | Archaic / Uruk]; ABZL398 [Old Babylonian (~2000–1600 BCE) | School texts]; BAU373 [Early Dynastic (~2900–2340 BCE) | Lagash]; ELLES327 [Early Dynastic (~2900–2340 BCE) | Ebla]; GCSL300 [Gudea period (~2100 BCE) | Lagash / Girsu]; HZL062 [Hittite period (~1650–1180 BCE) | Hittite]; KWU895 [Ur III (~2112–2004 BCE) | Administrative]; MZL818 [Standard Babylonian (any period) | Akkado-Babylonian]; PTACE274 [Early Dynastic (~2900–2340 BCE) | Ebla]; RSP304 [Early Dynastic (~2900–2340 BCE) | Presargonic Lagash]; SLLHA541 [Standard Babylonian (any period) | Akkado-Babylonian]
U+12263,EREN,|SIK₂.NUN|,2,𒉣,𒋠𒉣,U+122E0; U+12263,LAK665 [Uruk IV–III (~3400–3000 BCE) | Archaic / Uruk]; LAK671 [Uruk IV–III (~3400–3000 BCE) | Archaic / Uruk]; ABZL398 [Old Babylonian (~2000–1600 BCE) | School texts]; BAU373 [Early Dynastic (~2900–2340 BCE) | Lagash]; ELLES327 [Early Dynastic (~2900–2340 BCE) | Ebla]; GCSL300 [Gudea period (~2100 BCE) | Lagash / Girsu]; HZL062 [Hittite period (~1650–1180 BCE) | Hittite]; KWU895 [Ur III (~2112–2004 BCE) | Administrative]; MZL818 [Standard Babylonian (any period) | Akkado-Babylonian]; PTACE274 [Early Dynastic (~2900–2340 BCE) | Ebla]; RSP304 [Early Dynastic (~2900–2340 BCE) | Presargonic Lagash]; SLLHA541 [Standard Babylonian (any period) | Akkado-Babylonian]
U+1204D,|EŠ₂.SUD.NUN.EŠ₂.TU|,|BU.EŠ₂.ŠE.NUN|,1,𒁍,𒁍𒂠𒊺𒉣,U+1204D; U+120A0; U+122BA; U+12263,
U+120A0,|EŠ₂.SUD.NUN.EŠ₂.TU|,|BU.EŠ₂.ŠE.NUN|,2,𒂠,𒁍𒂠𒊺𒉣,U+1204D; U+120A0; U+122BA; U+12263,
U+122BA,|EŠ₂.SUD.NUN.EŠ₂.TU|,|BU.EŠ₂.ŠE.NUN|,3,𒊺,𒁍𒂠𒊺𒉣,U+1204D; U+120A0; U+122BA; U+12263,
U+12263,|EŠ₂.SUD.NUN.EŠ₂.TU|,|BU.EŠ₂.ŠE.NUN|,4,𒉣,𒁍𒂠𒊺𒉣,U+1204D; U+120A0; U+122BA; U+12263,
U+1204D,|EŠ₂.SUD.NUN.EŠ₂.TU|,|BU.NU.NUN.LUH.EŠ₂|,1,𒁍,𒁍𒉡𒉣𒈛𒂠,U+1204D; U+12261; U+12263; U+1221B; U+120A0,
U+12261,|EŠ₂.SUD.NUN.EŠ₂.TU|,|BU.NU.NUN.LUH.EŠ₂|,2,𒉡,𒁍𒉡𒉣𒈛𒂠,U+1204D; U+12261; U+12263; U+1221B; U+120A0,
U+12263,|EŠ₂.SUD.NUN.EŠ₂.TU|,|BU.NU.NUN.LUH.EŠ₂|,3,𒉣,𒁍𒉡𒉣𒈛𒂠,U+1204D; U+12261; U+12263; U+1221B; U+120A0,
U+1221B,|EŠ₂.SUD.NUN.EŠ₂.TU|,|BU.NU.NUN.LUH.EŠ₂|,4,𒈛,𒁍𒉡𒉣𒈛𒂠,U+1204D; U+12261; U+12263; U+1221B; U+120A0,
U+120A0,|EŠ₂.SUD.NUN.EŠ₂.TU|,|BU.NU.NUN.LUH.EŠ₂|,5,𒂠,𒁍𒉡𒉣𒈛𒂠,U+1204D; U+12261; U+12263; U+1221B; U+120A0,
U+1204D,|EŠ₂.SUD.NUN.EŠ₂.TU|,|BU.NUN.ŠE.EŠ₂|,1,𒁍,𒁍𒉣𒊺𒂠,U+1204D; U+12263; U+122BA; U+120A0,
U+12263,|EŠ₂.SUD.NUN.EŠ₂.TU|,|BU.NUN.ŠE.EŠ₂|,2,𒉣,𒁍𒉣𒊺𒂠,U+1204D; U+12263; U+122BA; U+120A0,
U+122BA,|EŠ₂.SUD.NUN.EŠ₂.TU|,|BU.NUN.ŠE.EŠ₂|,3,𒊺,𒁍𒉣𒊺𒂠,U+1204D; U+12263; U+122BA; U+120A0,
U+120A0,|EŠ₂.SUD.NUN.EŠ₂.TU|,|BU.NUN.ŠE.EŠ₂|,4,𒂠,𒁍𒉣𒊺𒂠,U+1204D; U+12263; U+122BA; U+120A0,
U+1204D,|EŠ₂.SUD.NUN.EŠ₂.TU|,|BU.ŠE.EŠ₂.NUN|,1,𒁍,𒁍𒊺𒂠𒉣,U+1204D; U+122BA; U+120A0; U+12263,
U+122BA,|EŠ₂.SUD.NUN.EŠ₂.TU|,|BU.ŠE.EŠ₂.NUN|,2,𒊺,𒁍𒊺𒂠𒉣,U+1204D; U+122BA; U+120A0; U+12263,
U+120A0,|EŠ₂.SUD.NUN.EŠ₂.TU|,|BU.ŠE.EŠ₂.NUN|,3,𒂠,𒁍𒊺𒂠𒉣,U+1204D; U+122BA; U+120A0; U+12263,
U+12263,|EŠ₂.SUD.NUN.EŠ₂.TU|,|BU.ŠE.EŠ₂.NUN|,4,𒉣,𒁍𒊺𒂠𒉣,U+1204D; U+122BA; U+120A0; U+12263,
U+120A0,|EŠ₂.SUD.NUN.EŠ₂.TU|,|EŠ₂.BU.EŠ₂.NUN.EŠ₂.TU|,1,𒂠,𒂠𒁍𒂠𒉣𒂠𒌅,U+120A0; U+1204D; U+120A0; U+12263; U+120A0; U+12305,
U+1204D,|EŠ₂.SUD.NUN.EŠ₂.TU|,|EŠ₂.BU.EŠ₂.NUN.EŠ₂.TU|,2,𒁍,𒂠𒁍𒂠𒉣𒂠𒌅,U+120A0; U+1204D; U+120A0; U+12263; U+120A0; U+12305,
U+120A0,|EŠ₂.SUD.NUN.EŠ₂.TU|,|EŠ₂.BU.EŠ₂.NUN.EŠ₂.TU|,3,𒂠,𒂠𒁍𒂠𒉣𒂠𒌅,U+120A0; U+1204D; U+120A0; U+12263; U+120A0; U+12305,
U+12263,|EŠ₂.SUD.NUN.EŠ₂.TU|,|EŠ₂.BU.EŠ₂.NUN.EŠ₂.TU|,4,𒉣,𒂠𒁍𒂠𒉣𒂠𒌅,U+120A0; U+1204D; U+120A0; U+12263; U+120A0; U+12305,
U+120A0,|EŠ₂.SUD.NUN.EŠ₂.TU|,|EŠ₂.BU.EŠ₂.NUN.EŠ₂.TU|,5,𒂠,𒂠𒁍𒂠𒉣𒂠𒌅,U+120A0; U+1204D; U+120A0; U+12263; U+120A0; U+12305,
U+12305,|EŠ₂.SUD.NUN.EŠ₂.TU|,|EŠ₂.BU.EŠ₂.NUN.EŠ₂.TU|,6,𒌅,𒂠𒁍𒂠𒉣𒂠𒌅,U+120A0; U+1204D; U+120A0; U+12263; U+120A0; U+12305,
U+120A0,|EŠ₂.SUD.NUN.EŠ₂.TU|,|EŠ₂.BU.NUN.EŠ₂.TU|,1,𒂠,𒂠𒁍𒉣𒂠𒌅,U+120A0; U+1204D; U+12263; U+120A0; U+12305,
U+1204D,|EŠ₂.SUD.NUN.EŠ₂.TU|,|EŠ₂.BU.NUN.EŠ₂.TU|,2,𒁍,𒂠𒁍𒉣𒂠𒌅,U+120A0; U+1204D; U+12263; U+120A0; U+12305,
U+12263,|EŠ₂.SUD.NUN.EŠ₂.TU|,|EŠ₂.BU.NUN.EŠ₂.TU|,3,𒉣,𒂠𒁍𒉣𒂠𒌅,U+120A0; U+1204D; U+12263; U+120A0; U+12305,
U+120A0,|EŠ₂.SUD.NUN.EŠ₂.TU|,|EŠ₂.BU.NUN.EŠ₂.TU|,4,𒂠,𒂠𒁍𒉣𒂠𒌅,U+120A0; U+1204D; U+12263; U+120A0; U+12305,
U+12305,|EŠ₂.SUD.NUN.EŠ₂.TU|,|EŠ₂.BU.NUN.EŠ₂.TU|,5,𒌅,𒂠𒁍𒉣𒂠𒌅,U+120A0; U+1204D; U+12263; U+120A0; U+12305,
U+120A0,|EŠ₂.SUD.NUN.EŠ₂.TU|,|EŠ₂.SUD.EŠ₂.TU|,1,𒂠,𒂠𒋤𒂠𒌅,U+120A0; U+122E4; U+120A0; U+12305,
U+122E4,|EŠ₂.SUD.NUN.EŠ₂.TU|,|EŠ₂.SUD.EŠ₂.TU|,2,𒋤,𒂠𒋤𒂠𒌅,U+120A0; U+122E4; U+120A0; U+12305,
U+120A0,|EŠ₂.SUD.NUN.EŠ₂.TU|,|EŠ₂.SUD.EŠ₂.TU|,3,𒂠,𒂠𒋤𒂠𒌅,U+120A0; U+122E4; U+120A0; U+12305,
U+12305,|EŠ₂.SUD.NUN.EŠ₂.TU|,|EŠ₂.SUD.EŠ₂.TU|,4,𒌅,𒂠𒋤𒂠𒌅,U+120A0; U+122E4; U+120A0; U+12305,
U+120A0,|EŠ₂.SUD.NUN.EŠ₂.TU|,|EŠ₂.SUD.NUN|,1,𒂠,𒂠𒋤𒉣,U+120A0; U+122E4; U+12263,
U+122E4,|EŠ₂.SUD.NUN.EŠ₂.TU|,|EŠ₂.SUD.NUN|,2,𒋤,𒂠𒋤𒉣,U+120A0; U+122E4; U+12263,
U+12263,|EŠ₂.SUD.NUN.EŠ₂.TU|,|EŠ₂.SUD.NUN|,3,𒉣,𒂠𒋤𒉣,U+120A0; U+122E4; U+12263,
U+120A0,|EŠ₂.SUD.NUN.EŠ₂.TU|,|EŠ₂.SUD.NUN.TU.EŠ₂|,1,𒂠,𒂠𒋤𒉣𒌅𒂠,U+120A0; U+122E4; U+12263; U+12305; U+120A0,
U+122E4,|EŠ₂.SUD.NUN.EŠ₂.TU|,|EŠ₂.SUD.NUN.TU.EŠ₂|,2,𒋤,𒂠𒋤𒉣𒌅𒂠,U+120A0; U+122E4; U+12263; U+12305; U+120A0,
U+12263,|EŠ₂.SUD.NUN.EŠ₂.TU|,|EŠ₂.SUD.NUN.TU.EŠ₂|,3,𒉣,𒂠𒋤𒉣𒌅𒂠,U+120A0; U+122E4; U+12263; U+12305; U+120A0,
U+12305,|EŠ₂.SUD.NUN.EŠ₂.TU|,|EŠ₂.SUD.NUN.TU.EŠ₂|,4,𒌅,𒂠𒋤𒉣𒌅𒂠,U+120A0; U+122E4; U+12263; U+12305; U+120A0,
U+120A0,|EŠ₂.SUD.NUN.EŠ₂.TU|,|EŠ₂.SUD.NUN.TU.EŠ₂|,5,𒂠,𒂠𒋤𒉣𒌅𒂠,U+120A0; U+122E4; U+12263; U+12305; U+120A0,
U+120A0,|EŠ₂.SUD.NUN.EŠ₂.TU|,|EŠ₂.SUD.UD.NUN.EŠ₂.TU|,1,𒂠,𒂠𒋤𒌓𒉣𒂠𒌅,U+120A0; U+122E4; U+12313; U+12263; U+120A0; U+12305,
U+122E4,|EŠ₂.SUD.NUN.EŠ₂.TU|,|EŠ₂.SUD.UD.NUN.EŠ₂.TU|,2,𒋤,𒂠𒋤𒌓𒉣𒂠𒌅,U+120A0; U+122E4; U+12313; U+12263; U+120A0; U+12305,
U+12313,|EŠ₂.SUD.NUN.EŠ₂.TU|,|EŠ₂.SUD.UD.NUN.EŠ₂.TU|,3,𒌓,𒂠𒋤𒌓𒉣𒂠𒌅,U+120A0; U+122E4; U+12313; U+12263; U+120A0; U+12305,
U+12263,|EŠ₂.SUD.NUN.EŠ₂.TU|,|EŠ₂.SUD.UD.NUN.EŠ₂.TU|,4,𒉣,𒂠𒋤𒌓𒉣𒂠𒌅,U+120A0; U+122E4; U+12313; U+12263; U+120A0; U+12305,
U+120A0,|EŠ₂.SUD.NUN.EŠ₂.TU|,|EŠ₂.SUD.UD.NUN.EŠ₂.TU|,5,𒂠,𒂠𒋤𒌓𒉣𒂠𒌅,U+120A0; U+122E4; U+12313; U+12263; U+120A0; U+12305,
U+12305,|EŠ₂.SUD.NUN.EŠ₂.TU|,|EŠ₂.SUD.UD.NUN.EŠ₂.TU|,6,𒌅,𒂠𒋤𒌓𒉣𒂠𒌅,U+120A0; U+122E4; U+12313; U+12263; U+120A0; U+12305,
U+120A0,|EŠ₂.SUD.NUN.EŠ₂.TU|,|EŠ₂.TU.BU|,1,𒂠,𒂠𒌅𒁍,U+120A0; U+12305; U+1204D,
U+12305,|EŠ₂.SUD.NUN.EŠ₂.TU|,|EŠ₂.TU.BU|,2,𒌅,𒂠𒌅𒁍,U+120A0; U+12305; U+1204D,
U+1204D,|EŠ₂.SUD.NUN.EŠ₂.TU|,|EŠ₂.TU.BU|,3,𒁍,𒂠𒌅𒁍,U+120A0; U+12305; U+1204D,
U+121AA,|EŠ₂.SUD.NUN.EŠ₂.TU|,|KU.BU.NUN.TU.KU|,1,𒆪,𒆪𒁍𒉣𒌅𒆪,U+121AA; U+1204D; U+12263; U+12305; U+121AA,
U+1204D,|EŠ₂.SUD.NUN.EŠ₂.TU|,|KU.BU.NUN.TU.KU|,2,𒁍,𒆪𒁍𒉣𒌅𒆪,U+121AA; U+1204D; U+12263; U+12305; U+121AA,
U+12263,|EŠ₂.SUD.NUN.EŠ₂.TU|,|KU.BU.NUN.TU.KU|,3,𒉣,𒆪𒁍𒉣𒌅𒆪,U+121AA; U+1204D; U+12263; U+12305; U+121AA,
U+12305,|EŠ₂.SUD.NUN.EŠ₂.TU|,|KU.BU.NUN.TU.KU|,4,𒌅,𒆪𒁍𒉣𒌅𒆪,U+121AA; U+1204D; U+12263; U+12305; U+121AA,
U+121AA,|EŠ₂.SUD.NUN.EŠ₂.TU|,|KU.BU.NUN.TU.KU|,5,𒆪,𒆪𒁍𒉣𒌅𒆪,U+121AA; U+1204D; U+12263; U+12305; U+121AA,
U+12263,|EŠ₂.SUD.NUN.EŠ₂.TU|,|NUN.EŠ₂.BU|,1,𒉣,𒉣𒂠𒁍,U+12263; U+120A0; U+1204D,
U+120A0,|EŠ₂.SUD.NUN.EŠ₂.TU|,|NUN.EŠ₂.BU|,2,𒂠,𒉣𒂠𒁍,U+12263; U+120A0; U+1204D,
U+1204D,|EŠ₂.SUD.NUN.EŠ₂.TU|,|NUN.EŠ₂.BU|,3,𒁍,𒉣𒂠𒁍,U+12263; U+120A0; U+1204D,
U+12263,|EŠ₂.SUD.NUN.EŠ₂.TU|,|NUN.ŠE.LAL|,1,𒉣,𒉣𒊺𒇲,U+12263; U+122BA; U+121F2,
U+122BA,|EŠ₂.SUD.NUN.EŠ₂.TU|,|NUN.ŠE.LAL|,2,𒊺,𒉣𒊺𒇲,U+12263; U+122BA; U+121F2,
U+121F2,|EŠ₂.SUD.NUN.EŠ₂.TU|,|NUN.ŠE.LAL|,3,𒇲,𒉣𒊺𒇲,U+12263; U+122BA; U+121F2,
U+122E4,|EŠ₂.SUD.NUN.EŠ₂.TU|,|SUD.NU.NUN.EŠ₂|,1,𒋤,𒋤𒉡𒉣𒂠,U+122E4; U+12261; U+12263; U+120A0,
U+12261,|EŠ₂.SUD.NUN.EŠ₂.TU|,|SUD.NU.NUN.EŠ₂|,2,𒉡,𒋤𒉡𒉣𒂠,U+122E4; U+12261; U+12263; U+120A0,
U+12263,|EŠ₂.SUD.NUN.EŠ₂.TU|,|SUD.NU.NUN.EŠ₂|,3,𒉣,𒋤𒉡𒉣𒂠,U+122E4; U+12261; U+12263; U+120A0,
U+120A0,|EŠ₂.SUD.NUN.EŠ₂.TU|,|SUD.NU.NUN.EŠ₂|,4,𒂠,𒋤𒉡𒉣𒂠,U+122E4; U+12261; U+12263; U+120A0,
U+122E4,|EŠ₂.SUD.NUN.EŠ₂.TU|,|SUD.NUN.EŠ₂.TU|,1,𒋤,𒋤𒉣𒂠𒌅,U+122E4; U+12263; U+120A0; U+12305,
U+12263,|EŠ₂.SUD.NUN.EŠ₂.TU|,|SUD.NUN.EŠ₂.TU|,2,𒉣,𒋤𒉣𒂠𒌅,U+122E4; U+12263; U+120A0; U+12305,
U+120A0,|EŠ₂.SUD.NUN.EŠ₂.TU|,|SUD.NUN.EŠ₂.TU|,3,𒂠,𒋤𒉣𒂠𒌅,U+122E4; U+12263; U+120A0; U+12305,
U+12305,|EŠ₂.SUD.NUN.EŠ₂.TU|,|SUD.NUN.EŠ₂.TU|,4,𒌅,𒋤𒉣𒂠𒌅,U+122E4; U+12263; U+120A0; U+12305,
U+122E4,|EŠ₂.SUD.NUN.EŠ₂.TU|,|SUD.NUN.ŠE.EŠ₂|,1,𒋤,𒋤𒉣𒊺𒂠,U+122E4; U+12263; U+122BA; U+120A0,
U+12263,|EŠ₂.SUD.NUN.EŠ₂.TU|,|SUD.NUN.ŠE.EŠ₂|,2,𒉣,𒋤𒉣𒊺𒂠,U+122E4; U+12263; U+122BA; U+120A0,
U+122BA,|EŠ₂.SUD.NUN.EŠ₂.TU|,|SUD.NUN.ŠE.EŠ₂|,3,𒊺,𒋤𒉣𒊺𒂠,U+122E4; U+12263; U+122BA; U+120A0,
U+120A0,|EŠ₂.SUD.NUN.EŠ₂.TU|,|SUD.NUN.ŠE.EŠ₂|,4,𒂠,𒋤𒉣𒊺𒂠,U+122E4; U+12263; U+122BA; U+120A0,
U+122BA,|EŠ₂.SUD.NUN.EŠ₂.TU|,|ŠE.BU.NUN|,1,𒊺,𒊺𒁍𒉣,U+122BA; U+1204D; U+12263,
U+1204D,|EŠ₂.SUD.NUN.EŠ₂.TU|,|ŠE.BU.NUN|,2,𒁍,𒊺𒁍𒉣,U+122BA; U+1204D; U+12263,
U+12263,|EŠ₂.SUD.NUN.EŠ₂.TU|,|ŠE.BU.NUN|,3,𒉣,𒊺𒁍𒉣,U+122BA; U+1204D; U+12263,
U+122BA,|EŠ₂.SUD.NUN.EŠ₂.TU|,|ŠE.EŠ₂.NUN.BU|,1,𒊺,𒊺𒂠𒉣𒁍,U+122BA; U+120A0; U+12263; U+1204D,
U+120A0,|EŠ₂.SUD.NUN.EŠ₂.TU|,|ŠE.EŠ₂.NUN.BU|,2,𒂠,𒊺𒂠𒉣𒁍,U+122BA; U+120A0; U+12263; U+1204D,
U+12263,|EŠ₂.SUD.NUN.EŠ₂.TU|,|ŠE.EŠ₂.NUN.BU|,3,𒉣,𒊺𒂠𒉣𒁍,U+122BA; U+120A0; U+12263; U+1204D,
U+1204D,|EŠ₂.SUD.NUN.EŠ₂.TU|,|ŠE.EŠ₂.NUN.BU|,4,𒁍,𒊺𒂠𒉣𒁍,U+122BA; U+120A0; U+12263; U+1204D,
U+122BA,|EŠ₂.SUD.NUN.EŠ₂.TU|,|ŠE.EŠ₂.NUN.BU.LUH|,1,𒊺,𒊺𒂠𒉣𒁍𒈛,U+122BA; U+120A0; U+12263; U+1204D; U+1221B,
U+120A0,|EŠ₂.SUD.NUN.EŠ₂.TU|,|ŠE.EŠ₂.NUN.BU.LUH|,2,𒂠,𒊺𒂠𒉣𒁍𒈛,U+122BA; U+120A0; U+12263; U+1204D; U+1221B,
U+12263,|EŠ₂.SUD.NUN.EŠ₂.TU|,|ŠE.EŠ₂.NUN.BU.LUH|,3,𒉣,𒊺𒂠𒉣𒁍𒈛,U+122BA; U+120A0; U+12263; U+1204D; U+1221B,
U+1204D,|EŠ₂.SUD.NUN.EŠ₂.TU|,|ŠE.EŠ₂.NUN.BU.LUH|,4,𒁍,𒊺𒂠𒉣𒁍𒈛,U+122BA; U+120A0; U+12263; U+1204D; U+1221B,
U+1221B,|EŠ₂.SUD.NUN.EŠ₂.TU|,|ŠE.EŠ₂.NUN.BU.LUH|,5,𒈛,𒊺𒂠𒉣𒁍𒈛,U+122BA; U+120A0; U+12263; U+1204D; U+1221B,
U+122BA,|EŠ₂.SUD.NUN.EŠ₂.TU|,|ŠE.EŠ₂.NUN&NUN|,1,𒊺,𒊺𒂠𒉪,U+122BA; U+120A0; U+1226A,
U+120A0,|EŠ₂.SUD.NUN.EŠ₂.TU|,|ŠE.EŠ₂.NUN&NUN|,2,𒂠,𒊺𒂠𒉪,U+122BA; U+120A0; U+1226A,
U+1226A,|EŠ₂.SUD.NUN.EŠ₂.TU|,|ŠE.EŠ₂.NUN&NUN|,3,𒉪,𒊺𒂠𒉪,U+122BA; U+120A0; U+1226A,
U+122BA,|EŠ₂.SUD.NUN.EŠ₂.TU|,|ŠE.NUN|,1,𒊺,𒊺𒉣,U+122BA; U+12263,
U+12263,|EŠ₂.SUD.NUN.EŠ₂.TU|,|ŠE.NUN|,2,𒉣,𒊺𒉣,U+122BA; U+12263,
U+122BA,|EŠ₂.SUD.NUN.EŠ₂.TU|,|ŠE.NUN.BU.E|,1,𒊺,𒊺𒉣𒁍𒂊,U+122BA; U+12263; U+1204D; U+1208A,
U+12263,|EŠ₂.SUD.NUN.EŠ₂.TU|,|ŠE.NUN.BU.E|,2,𒉣,𒊺𒉣𒁍𒂊,U+122BA; U+12263; U+1204D; U+1208A,
U+1204D,|EŠ₂.SUD.NUN.EŠ₂.TU|,|ŠE.NUN.BU.E|,3,𒁍,𒊺𒉣𒁍𒂊,U+122BA; U+12263; U+1204D; U+1208A,
U+1208A,|EŠ₂.SUD.NUN.EŠ₂.TU|,|ŠE.NUN.BU.E|,4,𒂊,𒊺𒉣𒁍𒂊,U+122BA; U+12263; U+1204D; U+1208A,
U+122BA,|EŠ₂.SUD.NUN.EŠ₂.TU|,|ŠE.NUN.BU.LUH|,1,𒊺,𒊺𒉣𒁍𒈛,U+122BA; U+12263; U+1204D; U+1221B,
U+12263,|EŠ₂.SUD.NUN.EŠ₂.TU|,|ŠE.NUN.BU.LUH|,2,𒉣,𒊺𒉣𒁍𒈛,U+122BA; U+12263; U+1204D; U+1221B,
U+1204D,|EŠ₂.SUD.NUN.EŠ₂.TU|,|ŠE.NUN.BU.LUH|,3,𒁍,𒊺𒉣𒁍𒈛,U+122BA; U+12263; U+1204D; U+1221B,
U+1221B,|EŠ₂.SUD.NUN.EŠ₂.TU|,|ŠE.NUN.BU.LUH|,4,𒈛,𒊺𒉣𒁍𒈛,U+122BA; U+12263; U+1204D; U+1221B,
U+122BA,|EŠ₂.SUD.NUN.EŠ₂.TU|,|ŠE.NUN.EŠ₂.BU|,1,𒊺,𒊺𒉣𒂠𒁍,U+122BA; U+12263; U+120A0; U+1204D,
U+12263,|EŠ₂.SUD.NUN.EŠ₂.TU|,|ŠE.NUN.EŠ₂.BU|,2,𒉣,𒊺𒉣𒂠𒁍,U+122BA; U+12263; U+120A0; U+1204D,
U+120A0,|EŠ₂.SUD.NUN.EŠ₂.TU|,|ŠE.NUN.EŠ₂.BU|,3,𒂠,𒊺𒉣𒂠𒁍,U+122BA; U+12263; U+120A0; U+1204D,
U+1204D,|EŠ₂.SUD.NUN.EŠ₂.TU|,|ŠE.NUN.EŠ₂.BU|,4,𒁍,𒊺𒉣𒂠𒁍,U+122BA; U+12263; U+120A0; U+1204D,
U+122D7,|EŠ₂.SUD.NUN.EŠ₂.TU|,|ŠU.SUD.NUN.TU.EŠ₂|,1,𒋗,𒋗𒋤𒉣𒌅𒂠,U+122D7; U+122E4; U+12263; U+12305; U+120A0,
U+122E4,|EŠ₂.SUD.NUN.EŠ₂.TU|,|ŠU.SUD.NUN.TU.EŠ₂|,2,𒋤,𒋗𒋤𒉣𒌅𒂠,U+122D7; U+122E4; U+12263; U+12305; U+120A0,
U+12263,|EŠ₂.SUD.NUN.EŠ₂.TU|,|ŠU.SUD.NUN.TU.EŠ₂|,3,𒉣,𒋗𒋤𒉣𒌅𒂠,U+122D7; U+122E4; U+12263; U+12305; U+120A0,
U+12305,|EŠ₂.SUD.NUN.EŠ₂.TU|,|ŠU.SUD.NUN.TU.EŠ₂|,4,𒌅,𒋗𒋤𒉣𒌅𒂠,U+122D7; U+122E4; U+12263; U+12305; U+120A0,
U+120A0,|EŠ₂.SUD.NUN.EŠ₂.TU|,|ŠU.SUD.NUN.TU.EŠ₂|,5,𒂠,𒋗𒋤𒉣𒌅𒂠,U+122D7; U+122E4; U+12263; U+12305; U+120A0,
U+12306,|EŠ₂.SUD.NUN.EŠ₂.TU|,|TUG₂.BU.TUG₂.TU|,1,𒌆,𒌆𒁍𒌆𒌅,U+12306; U+1204D; U+12306; U+12305,
U+1204D,|EŠ₂.SUD.NUN.EŠ₂.TU|,|TUG₂.BU.TUG₂.TU|,2,𒁍,𒌆𒁍𒌆𒌅,U+12306; U+1204D; U+12306; U+12305,
U+12306,|EŠ₂.SUD.NUN.EŠ₂.TU|,|TUG₂.BU.TUG₂.TU|,3,𒌆,𒌆𒁍𒌆𒌅,U+12306; U+1204D; U+12306; U+12305,
U+12305,|EŠ₂.SUD.NUN.EŠ₂.TU|,|TUG₂.BU.TUG₂.TU|,4,𒌅,𒌆𒁍𒌆𒌅,U+12306; U+1204D; U+12306; U+12305,
U+124AC,|EŠ₂%EŠ₂.NUN|,|EŠ₂%EŠ₂.NUN.A|,1,𒒬,𒒬𒉣𒀀,U+124AC; U+12263; U+12000,
U+12263,|EŠ₂%EŠ₂.NUN|,|EŠ₂%EŠ₂.NUN.A|,2,𒉣,𒒬𒉣𒀀,U+124AC; U+12263; U+12000,
U+12000,|EŠ₂%EŠ₂.NUN|,|EŠ₂%EŠ₂.NUN.A|,3,𒀀,𒒬𒉣𒀀,U+124AC; U+12263; U+12000,
U+120A1,|EZEN×BAD|,|EZEN.AN|,1,𒂡,𒂡𒀭,U+120A1; U+1202D,ASY114 [Standard Babylonian (any period) | Akkadian syllabary]; ABZL153 [Old Babylonian (~2000–1600 BCE) | School texts]; GCSL262 [Gudea period (~2100 BCE) | Lagash / Girsu]; HZL114 [Hittite period (~1650–1180 BCE) | Hittite]; KWU837 [Ur III (~2112–2004 BCE) | Administrative]; MZL275 [Standard Babylonian (any period) | Akkado-Babylonian]; PTACE263 [Early Dynastic (~2900–2340 BCE) | Ebla]; RSP286 [Early Dynastic (~2900–2340 BCE) | Presargonic Lagash]; SLLHA152_8 [Standard Babylonian (any period) | Akkado-Babylonian]
U+1202D,|EZEN×BAD|,|EZEN.AN|,2,𒀭,𒂡𒀭,U+120A1; U+1202D,ASY114 [Standard Babylonian (any period) | Akkadian syllabary]; ABZL153 [Old Babylonian (~2000–1600 BCE) | School texts]; GCSL262 [Gudea period (~2100 BCE) | Lagash / Girsu]; HZL114 [Hittite period (~1650–1180 BCE) | Hittite]; KWU837 [Ur III (~2112–2004 BCE) | Administrative]; MZL275 [Standard Babylonian (any period) | Akkado-Babylonian]; PTACE263 [Early Dynastic (~2900–2340 BCE) | Ebla]; RSP286 [Early Dynastic (~2900–2340 BCE) | Presargonic Lagash]; SLLHA152_8 [Standard Babylonian (any period) | Akkado-Babylonian]
U+120A6,|EZEN×BAD|,|EZEN×BAD.AN|,1,𒂦,𒂦𒀭,U+120A6; U+1202D,RSP287 [Early Dynastic (~2900–2340 BCE) | Presargonic Lagash]; ASY114 [Standard Babylonian (any period) | Akkadian syllabary]; ABZL153 [Old Babylonian (~2000–1600 BCE) | School texts]; GCSL262 [Gudea period (~2100 BCE) | Lagash / Girsu]; HZL114 [Hittite period (~1650–1180 BCE) | Hittite]; KWU837 [Ur III (~2112–2004 BCE) | Administrative]; MZL275 [Standard Babylonian (any period) | Akkado-Babylonian]; PTACE263 [Early Dynastic (~2900–2340 BCE) | Ebla]; RSP286 [Early Dynastic (~2900–2340 BCE) | Presargonic Lagash]; SLLHA152_8 [Standard Babylonian (any period) | Akkado-Babylonian]
U+1202D,|EZEN×BAD|,|EZEN×BAD.AN|,2,𒀭,𒂦𒀭,U+120A6; U+1202D,RSP287 [Early Dynastic (~2900–2340 BCE) | Presargonic Lagash]; ASY114 [Standard Babylonian (any period) | Akkadian syllabary]; ABZL153 [Old Babylonian (~2000–1600 BCE) | School texts]; GCSL262 [Gudea period (~2100 BCE) | Lagash / Girsu]; HZL114 [Hittite period (~1650–1180 BCE) | Hittite]; KWU837 [Ur III (~2112–2004 BCE) | Administrative]; MZL275 [Standard Babylonian (any period) | Akkado-Babylonian]; PTACE263 [Early Dynastic (~2900–2340 BCE) | Ebla]; RSP286 [Early Dynastic (~2900–2340 BCE) | Presargonic Lagash]; SLLHA152_8 [Standard Babylonian (any period) | Akkado-Babylonian]
U+120A6,|EZEN×BAD|,|EZEN×BAD.GAL.AN|,1,𒂦,𒂦𒃲𒀭,U+120A6; U+120F2; U+1202D,ASY114 [Standard Babylonian (any period) | Akkadian syllabary]; ABZL153 [Old Babylonian (~2000–1600 BCE) | School texts]; GCSL262 [Gudea period (~2100 BCE) | Lagash / Girsu]; HZL114 [Hittite period (~1650–1180 BCE) | Hittite]; KWU837 [Ur III (~2112–2004 BCE) | Administrative]; MZL275 [Standard Babylonian (any period) | Akkado-Babylonian]; PTACE263 [Early Dynastic (~2900–2340 BCE) | Ebla]; RSP286 [Early Dynastic (~2900–2340 BCE) | Presargonic Lagash]; SLLHA152_8 [Standard Babylonian (any period) | Akkado-Babylonian]
U+120F2,|EZEN×BAD|,|EZEN×BAD.GAL.AN|,2,𒃲,𒂦𒃲𒀭,U+120A6; U+120F2; U+1202D,ASY114 [Standard Babylonian (any period) | Akkadian syllabary]; ABZL153 [Old Babylonian (~2000–1600 BCE) | School texts]; GCSL262 [Gudea period (~2100 BCE) | Lagash / Girsu]; HZL114 [Hittite period (~1650–1180 BCE) | Hittite]; KWU837 [Ur III (~2112–2004 BCE) | Administrative]; MZL275 [Standard Babylonian (any period) | Akkado-Babylonian]; PTACE263 [Early Dynastic (~2900–2340 BCE) | Ebla]; RSP286 [Early Dynastic (~2900–2340 BCE) | Presargonic Lagash]; SLLHA152_8 [Standard Babylonian (any period) | Akkado-Babylonian]
U+1202D,|EZEN×BAD|,|EZEN×BAD.GAL.AN|,3,𒀭,𒂦𒃲𒀭,U+120A6; U+120F2; U+1202D,ASY114 [Standard Babylonian (any period) | Akkadian syllabary]; ABZL153 [Old Babylonian (~2000–1600 BCE) | School texts]; GCSL262 [Gudea period (~2100 BCE) | Lagash / Girsu]; HZL114 [Hittite period (~1650–1180 BCE) | Hittite]; KWU837 [Ur III (~2112–2004 BCE) | Administrative]; MZL275 [Standard Babylonian (any period) | Akkado-Babylonian]; PTACE263 [Early Dynastic (~2900–2340 BCE) | Ebla]; RSP286 [Early Dynastic (~2900–2340 BCE) | Presargonic Lagash]; SLLHA152_8 [Standard Babylonian (any period) | Akkado-Babylonian]
U+12293,GA@g,|SA.NI|,1,𒊓,𒊓𒉌,U+12293; U+1224C,LAK727 [Uruk IV–III (~3400–3000 BCE) | Archaic / Uruk]; ABZL202 [Old Babylonian (~2000–1600 BCE) | School texts]; BAU369 [Early Dynastic (~2900–2340 BCE) | Lagash]; ELLES355 [Early Dynastic (~2900–2340 BCE) | Ebla]; GCSL296 [Gudea period (~2100 BCE) | Lagash / Girsu]; KWU762 [Ur III (~2112–2004 BCE) | Administrative]; MZL492 [Standard Babylonian (any period) | Akkado-Babylonian]; PTACE291 [Early Dynastic (~2900–2340 BCE) | Ebla]; RSP221 [Early Dynastic (~2900–2340 BCE) | Presargonic Lagash]; SLLHA319n [Standard Babylonian (any period) | Akkado-Babylonian]
U+1224C,GA@g,|SA.NI|,2,𒉌,𒊓𒉌,U+12293; U+1224C,LAK727 [Uruk IV–III (~3400–3000 BCE) | Archaic / Uruk]; ABZL202 [Old Babylonian (~2000–1600 BCE) | School texts]; BAU369 [Early Dynastic (~2900–2340 BCE) | Lagash]; ELLES355 [Early Dynastic (~2900–2340 BCE) | Ebla]; GCSL296 [Gudea period (~2100 BCE) | Lagash / Girsu]; KWU762 [Ur III (~2112–2004 BCE) | Administrative]; MZL492 [Standard Babylonian (any period) | Akkado-Babylonian]; PTACE291 [Early Dynastic (~2900–2340 BCE) | Ebla]; RSP221 [Early Dynastic (~2900–2340 BCE) | Presargonic Lagash]; SLLHA319n [Standard Babylonian (any period) | Akkado-Babylonian]
U+12262,|GA₂.NU₁₁|,|NU₁₁.GA₂|,1,𒉢,𒉢𒂷,U+12262; U+120B7,
U+120B7,|GA₂.NU₁₁|,|NU₁₁.GA₂|,2,𒂷,𒉢𒂷,U+12262; U+120B7,
X,|GA₂×(A.DA.HA)|,|GA₂×HA.A|,1,,X𒀀,X; U+12000,
U+12000,|GA₂×(A.DA.HA)|,|GA₂×HA.A|,2,𒀀,X𒀀,X; U+12000,
U+121C8,|GA₂×(A.DA.HA)|,|LAGAB×HA.A|,1,𒇈,𒇈𒀀,U+121C8; U+12000,
U+12000,|GA₂×(A.DA.HA)|,|LAGAB×HA.A|,2,𒀀,𒇈𒀀,U+121C8; U+12000,
U+120BC,|GA₂×AN.DUN₃@g|,|GA₂×AN.DUN₃|,1,𒂼,𒂼𒂅,U+120BC; U+12085,
U+12085,|GA₂×AN.DUN₃@g|,|GA₂×AN.DUN₃|,2,𒂅,𒂼𒂅,U+120BC; U+12085,
U+120C1,|GA₂×(BUR.RA)|,|GA₂×BUR.ME|,1,𒃁,𒃁𒈨,U+120C1; U+12228,MZL415 [Standard Babylonian (any period) | Akkado-Babylonian]; SLLHA259 [Standard Babylonian (any period) | Akkado-Babylonian]
U+12228,|GA₂×(BUR.RA)|,|GA₂×BUR.ME|,2,𒈨,𒃁𒈨,U+120C1; U+12228,MZL415 [Standard Babylonian (any period) | Akkado-Babylonian]; SLLHA259 [Standard Babylonian (any period) | Akkado-Babylonian]
U+120F0,|GAD&GAD.GAR&GAR|,|GAD.GAR|,1,𒃰,𒃰𒃻,U+120F0; U+120FB,ABZL336 [Old Babylonian (~2000–1600 BCE) | School texts]; MZL163 [Standard Babylonian (any period) | Akkado-Babylonian]; SLLHA091 [Standard Babylonian (any period) | Akkado-Babylonian]
U+120FB,|GAD&GAD.GAR&GAR|,|GAD.GAR|,2,𒃻,𒃰𒃻,U+120F0; U+120FB,ABZL336 [Old Babylonian (~2000–1600 BCE) | School texts]; MZL163 [Standard Babylonian (any period) | Akkado-Babylonian]; SLLHA091 [Standard Babylonian (any period) | Akkado-Babylonian]
U+120F2,|GAL.GAD&GAD.GAR&GAR|,|GAL.GAD.GAR|,1,𒃲,𒃲𒃰𒃻,U+120F2; U+120F0; U+120FB,SLLHA343+091 [Standard Babylonian (any period) | Akkado-Babylonian]
U+120F0,|GAL.GAD&GAD.GAR&GAR|,|GAL.GAD.GAR|,2,𒃰,𒃲𒃰𒃻,U+120F2; U+120F0; U+120FB,SLLHA343+091 [Standard Babylonian (any period) | Akkado-Babylonian]
U+120FB,|GAL.GAD&GAD.GAR&GAR|,|GAL.GAD.GAR|,3,𒃻,𒃲𒃰𒃻,U+120F2; U+120F0; U+120FB,SLLHA343+091 [Standard Babylonian (any period) | Akkado-Babylonian]
U+120F2,|GAL.ŠUBUR|,|GAL.DUN|,1,𒃲,𒃲𒂄,U+120F2; U+12084,
U+12084,|GAL.ŠUBUR|,|GAL.DUN|,2,𒂄,𒃲𒂄,U+120F2; U+12084,
U+121A4,|GI.KID.MAH|,|KID.MA₂.MAH|,1,𒆤,𒆤𒈣𒈤,U+121A4; U+12223; U+12224,
U+12223,|GI.KID.MAH|,|KID.MA₂.MAH|,2,𒈣,𒆤𒈣𒈤,U+121A4; U+12223; U+12224,
U+12224,|GI.KID.MAH|,|KID.MA₂.MAH|,3,𒈤,𒆤𒈣𒈤,U+121A4; U+12223; U+12224,
U+1208D,|GI.NA.AB.U.GUD|,|E₂.GI.NA.AB.HI|,1,𒂍,𒂍𒄀𒈾𒀊𒄭,U+1208D; U+12100; U+1223E; U+1200A; U+1212D,
U+12100,|GI.NA.AB.U.GUD|,|E₂.GI.NA.AB.HI|,2,𒄀,𒂍𒄀𒈾𒀊𒄭,U+1208D; U+12100; U+1223E; U+1200A; U+1212D,
U+1223E,|GI.NA.AB.U.GUD|,|E₂.GI.NA.AB.HI|,3,𒈾,𒂍𒄀𒈾𒀊𒄭,U+1208D; U+12100; U+1223E; U+1200A; U+1212D,
U+1200A,|GI.NA.AB.U.GUD|,|E₂.GI.NA.AB.HI|,4,𒀊,𒂍𒄀𒈾𒀊𒄭,U+1208D; U+12100; U+1223E; U+1200A; U+1212D,
U+1212D,|GI.NA.AB.U.GUD|,|E₂.GI.NA.AB.HI|,5,𒄭,𒂍𒄀𒈾𒀊𒄭,U+1208D; U+12100; U+1223E; U+1200A; U+1212D,
U+1208D,|GI.NA.AB.U.GUD|,|E₂.GI.NA.AB.TUM|,1,𒂍,𒂍𒄀𒈾𒀊𒌈,U+1208D; U+12100; U+1223E; U+1200A; U+12308,
U+12100,|GI.NA.AB.U.GUD|,|E₂.GI.NA.AB.TUM|,2,𒄀,𒂍𒄀𒈾𒀊𒌈,U+1208D; U+12100; U+1223E; U+1200A; U+12308,
U+1223E,|GI.NA.AB.U.GUD|,|E₂.GI.NA.AB.TUM|,3,𒈾,𒂍𒄀𒈾𒀊𒌈,U+1208D; U+12100; U+1223E; U+1200A; U+12308,
U+1200A,|GI.NA.AB.U.GUD|,|E₂.GI.NA.AB.TUM|,4,𒀊,𒂍𒄀𒈾𒀊𒌈,U+1208D; U+12100; U+1223E; U+1200A; U+12308,
U+12308,|GI.NA.AB.U.GUD|,|E₂.GI.NA.AB.TUM|,5,𒌈,𒂍𒄀𒈾𒀊𒌈,U+1208D; U+12100; U+1223E; U+1200A; U+12308,
U+1208D,|GI.NA.AB.U.GUD|,|E₂.GI.NA.AB.U.GUD|,1,𒂍,𒂍𒄀𒈾𒀊𒌌,U+1208D; U+12100; U+1223E; U+1200A; U+1230C,
U+12100,|GI.NA.AB.U.GUD|,|E₂.GI.NA.AB.U.GUD|,2,𒄀,𒂍𒄀𒈾𒀊𒌌,U+1208D; U+12100; U+1223E; U+1200A; U+1230C,
U+1223E,|GI.NA.AB.U.GUD|,|E₂.GI.NA.AB.U.GUD|,3,𒈾,𒂍𒄀𒈾𒀊𒌌,U+1208D; U+12100; U+1223E; U+1200A; U+1230C,
U+1200A,|GI.NA.AB.U.GUD|,|E₂.GI.NA.AB.U.GUD|,4,𒀊,𒂍𒄀𒈾𒀊𒌌,U+1208D; U+12100; U+1223E; U+1200A; U+1230C,
U+1230C,|GI.NA.AB.U.GUD|,|E₂.GI.NA.AB.U.GUD|,5,𒌌,𒂍𒄀𒈾𒀊𒌌,U+1208D; U+12100; U+1223E; U+1200A; U+1230C,
U+1208D,|GI.NA.AB.U.GUD|,|E₂.GI.NA.TUM|,1,𒂍,𒂍𒄀𒈾𒌈,U+1208D; U+12100; U+1223E; U+12308,
U+12100,|GI.NA.AB.U.GUD|,|E₂.GI.NA.TUM|,2,𒄀,𒂍𒄀𒈾𒌈,U+1208D; U+12100; U+1223E; U+12308,
U+1223E,|GI.NA.AB.U.GUD|,|E₂.GI.NA.TUM|,3,𒈾,𒂍𒄀𒈾𒌈,U+1208D; U+12100; U+1223E; U+12308,
U+12308,|GI.NA.AB.U.GUD|,|E₂.GI.NA.TUM|,4,𒌈,𒂍𒄀𒈾𒌈,U+1208D; U+12100; U+1223E; U+12308,
U+12100,|GI.NA.AB.U.GUD|,|GI.NA.AB.TUM|,1,𒄀,𒄀𒈾𒀊𒌈,U+12100; U+1223E; U+1200A; U+12308,
U+1223E,|GI.NA.AB.U.GUD|,|GI.NA.AB.TUM|,2,𒈾,𒄀𒈾𒀊𒌈,U+12100; U+1223E; U+1200A; U+12308,
U+1200A,|GI.NA.AB.U.GUD|,|GI.NA.AB.TUM|,3,𒀊,𒄀𒈾𒀊𒌈,U+12100; U+1223E; U+1200A; U+12308,
U+12308,|GI.NA.AB.U.GUD|,|GI.NA.AB.TUM|,4,𒌈,𒄀𒈾𒀊𒌈,U+12100; U+1223E; U+1200A; U+12308,
U+120BC,GIR₃,|GA₂×AN.GAN.KAK|,1,𒂼,𒂼𒃶𒆕,U+120BC; U+120F6; U+12195,LAK248 [Uruk IV–III (~3400–3000 BCE) | Archaic / Uruk]; ASY259 [Standard Babylonian (any period) | Akkadian syllabary]; ABZL291b [Old Babylonian (~2000–1600 BCE) | School texts]; BAU161a [Early Dynastic (~2900–2340 BCE) | Lagash]; BAU161c [Early Dynastic (~2900–2340 BCE) | Lagash]; ELLES137 [Early Dynastic (~2900–2340 BCE) | Ebla]; GCSL165 [Gudea period (~2100 BCE) | Lagash / Girsu]; HZL301 [Hittite period (~1650–1180 BCE) | Hittite]; KWU457 [Ur III (~2112–2004 BCE) | Administrative]; MZL701 [Standard Babylonian (any period) | Akkado-Babylonian]; PTACE133 [Early Dynastic (~2900–2340 BCE) | Ebla]; RSP463 [Early Dynastic (~2900–2340 BCE) | Presargonic Lagash]; SLLHA444 [Standard Babylonian (any period) | Akkado-Babylonian]
U+120F6,GIR₃,|GA₂×AN.GAN.KAK|,2,𒃶,𒂼𒃶𒆕,U+120BC; U+120F6; U+12195,LAK248 [Uruk IV–III (~3400–3000 BCE) | Archaic / Uruk]; ASY259 [Standard Babylonian (any period) | Akkadian syllabary]; ABZL291b [Old Babylonian (~2000–1600 BCE) | School texts]; BAU161a [Early Dynastic (~2900–2340 BCE) | Lagash]; BAU161c [Early Dynastic (~2900–2340 BCE) | Lagash]; ELLES137 [Early Dynastic (~2900–2340 BCE) | Ebla]; GCSL165 [Gudea period (~2100 BCE) | Lagash / Girsu]; HZL301 [Hittite period (~1650–1180 BCE) | Hittite]; KWU457 [Ur III (~2112–2004 BCE) | Administrative]; MZL701 [Standard Babylonian (any period) | Akkado-Babylonian]; PTACE133 [Early Dynastic (~2900–2340 BCE) | Ebla]; RSP463 [Early Dynastic (~2900–2340 BCE) | Presargonic Lagash]; SLLHA444 [Standard Babylonian (any period) | Akkado-Babylonian]
U+12195,GIR₃,|GA₂×AN.GAN.KAK|,3,𒆕,𒂼𒃶𒆕,U+120BC; U+120F6; U+12195,LAK248 [Uruk IV–III (~3400–3000 BCE) | Archaic / Uruk]; ASY259 [Standard Babylonian (any period) | Akkadian syllabary]; ABZL291b [Old Babylonian (~2000–1600 BCE) | School texts]; BAU161a [Early Dynastic (~2900–2340 BCE) | Lagash]; BAU161c [Early Dynastic (~2900–2340 BCE) | Lagash]; ELLES137 [Early Dynastic (~2900–2340 BCE) | Ebla]; GCSL165 [Gudea period (~2100 BCE) | Lagash / Girsu]; HZL301 [Hittite period (~1650–1180 BCE) | Hittite]; KWU457 [Ur III (~2112–2004 BCE) | Administrative]; MZL701 [Standard Babylonian (any period) | Akkado-Babylonian]; PTACE133 [Early Dynastic (~2900–2340 BCE) | Ebla]; RSP463 [Early Dynastic (~2900–2340 BCE) | Presargonic Lagash]; SLLHA444 [Standard Babylonian (any period) | Akkado-Babylonian]
U+12032,|GIR₃.ARAD|,|ANŠE.ARAD|,1,𒀲,,U+12032; U+12034,
U+12034,|GIR₃.ARAD|,|ANŠE.ARAD|,2,𒀴,,U+12032; U+12034,
U+121A7,|GIR₃.ARAD|,|KIŠ.ARAD|,1,𒆧,𒆧𒀴,U+121A7; U+12034,
U+12034,|GIR₃.ARAD|,|KIŠ.ARAD|,2,𒀴,𒆧𒀴,U+121A7; U+12034,
X,|GIR₃.ARAD|,|KIŠ@g.ARAD|,1,,X𒀴,X; U+12034,
U+12034,|GIR₃.ARAD|,|KIŠ@g.ARAD|,2,𒀴,X𒀴,X; U+12034,
U+12157,|GIR₃.ŠU.IG|,|KA.ŠU.IG|,1,𒅗,𒅗𒋗𒅅,U+12157; U+122D7; U+12145,
U+122D7,|GIR₃.ŠU.IG|,|KA.ŠU.IG|,2,𒋗,𒅗𒋗𒅅,U+12157; U+122D7; U+12145,
U+12145,|GIR₃.ŠU.IG|,|KA.ŠU.IG|,3,𒅅,𒅗𒋗𒅅,U+12157; U+122D7; U+12145,
U+12000,|GIR₃×(A.IGI)|,|A.IGI.GIR₃|,1,𒀀,𒀀𒅆𒄊,U+12000; U+12146; U+1210A,ABZL295 [Old Babylonian (~2000–1600 BCE) | School texts]; HZL303 [Hittite period (~1650–1180 BCE) | Hittite]; KWU464 [Ur III (~2112–2004 BCE) | Administrative]; MZL703 [Standard Babylonian (any period) | Akkado-Babylonian]; SLLHA421 [Standard Babylonian (any period) | Akkado-Babylonian]
U+12146,|GIR₃×(A.IGI)|,|A.IGI.GIR₃|,2,𒅆,𒀀𒅆𒄊,U+12000; U+12146; U+1210A,ABZL295 [Old Babylonian (~2000–1600 BCE) | School texts]; HZL303 [Hittite period (~1650–1180 BCE) | Hittite]; KWU464 [Ur III (~2112–2004 BCE) | Administrative]; MZL703 [Standard Babylonian (any period) | Akkado-Babylonian]; SLLHA421 [Standard Babylonian (any period) | Akkado-Babylonian]
U+1210A,|GIR₃×(A.IGI)|,|A.IGI.GIR₃|,3,𒄊,𒀀𒅆𒄊,U+12000; U+12146; U+1210A,ABZL295 [Old Babylonian (~2000–1600 BCE) | School texts]; HZL303 [Hittite period (~1650–1180 BCE) | Hittite]; KWU464 [Ur III (~2112–2004 BCE) | Administrative]; MZL703 [Standard Babylonian (any period) | Akkado-Babylonian]; SLLHA421 [Standard Babylonian (any period) | Akkado-Babylonian]
U+12146,|GIR₃×(LU.IGI)|,|IGI.LU.GIR₃|,1,𒅆,𒅆𒇻𒄊,U+12146; U+121FB; U+1210A,LAK250 [Uruk IV–III (~3400–3000 BCE) | Archaic / Uruk]; ELLES142 [Early Dynastic (~2900–2340 BCE) | Ebla]; GCSL169 [Gudea period (~2100 BCE) | Lagash / Girsu]; KWU467 [Ur III (~2112–2004 BCE) | Administrative]; MZL702 [Standard Babylonian (any period) | Akkado-Babylonian]; PTACE138 [Early Dynastic (~2900–2340 BCE) | Ebla]; SLLHA421a [Standard Babylonian (any period) | Akkado-Babylonian]
U+121FB,|GIR₃×(LU.IGI)|,|IGI.LU.GIR₃|,2,𒇻,𒅆𒇻𒄊,U+12146; U+121FB; U+1210A,LAK250 [Uruk IV–III (~3400–3000 BCE) | Archaic / Uruk]; ELLES142 [Early Dynastic (~2900–2340 BCE) | Ebla]; GCSL169 [Gudea period (~2100 BCE) | Lagash / Girsu]; KWU467 [Ur III (~2112–2004 BCE) | Administrative]; MZL702 [Standard Babylonian (any period) | Akkado-Babylonian]; PTACE138 [Early Dynastic (~2900–2340 BCE) | Ebla]; SLLHA421a [Standard Babylonian (any period) | Akkado-Babylonian]
U+1210A,|GIR₃×(LU.IGI)|,|IGI.LU.GIR₃|,3,𒄊,𒅆𒇻𒄊,U+12146; U+121FB; U+1210A,LAK250 [Uruk IV–III (~3400–3000 BCE) | Archaic / Uruk]; ELLES142 [Early Dynastic (~2900–2340 BCE) | Ebla]; GCSL169 [Gudea period (~2100 BCE) | Lagash / Girsu]; KWU467 [Ur III (~2112–2004 BCE) | Administrative]; MZL702 [Standard Babylonian (any period) | Akkado-Babylonian]; PTACE138 [Early Dynastic (~2900–2340 BCE) | Ebla]; SLLHA421a [Standard Babylonian (any period) | Akkado-Babylonian]
U+121FB,|GIR₃×(LU.IGI)|,|LU.GIR₃×IGI|,1,𒇻,𒇻𒄍,U+121FB; U+1210D,LAK250 [Uruk IV–III (~3400–3000 BCE) | Archaic / Uruk]; ELLES142 [Early Dynastic (~2900–2340 BCE) | Ebla]; GCSL169 [Gudea period (~2100 BCE) | Lagash / Girsu]; KWU467 [Ur III (~2112–2004 BCE) | Administrative]; MZL702 [Standard Babylonian (any period) | Akkado-Babylonian]; PTACE138 [Early Dynastic (~2900–2340 BCE) | Ebla]; SLLHA421a [Standard Babylonian (any period) | Akkado-Babylonian]
U+1210D,|GIR₃×(LU.IGI)|,|LU.GIR₃×IGI|,2,𒄍,𒇻𒄍,U+121FB; U+1210D,LAK250 [Uruk IV–III (~3400–3000 BCE) | Archaic / Uruk]; ELLES142 [Early Dynastic (~2900–2340 BCE) | Ebla]; GCSL169 [Gudea period (~2100 BCE) | Lagash / Girsu]; KWU467 [Ur III (~2112–2004 BCE) | Administrative]; MZL702 [Standard Babylonian (any period) | Akkado-Babylonian]; PTACE138 [Early Dynastic (~2900–2340 BCE) | Ebla]; SLLHA421a [Standard Babylonian (any period) | Akkado-Babylonian]
U+121FB,|GIR₃×(LU.IGI)|,|LU.IGI.ANŠE|,1,𒇻,𒇻𒅆𒀲,U+121FB; U+12146; U+12032,LAK250 [Uruk IV–III (~3400–3000 BCE) | Archaic / Uruk]; ELLES142 [Early Dynastic (~2900–2340 BCE) | Ebla]; GCSL169 [Gudea period (~2100 BCE) | Lagash / Girsu]; KWU467 [Ur III (~2112–2004 BCE) | Administrative]; MZL702 [Standard Babylonian (any period) | Akkado-Babylonian]; PTACE138 [Early Dynastic (~2900–2340 BCE) | Ebla]; SLLHA421a [Standard Babylonian (any period) | Akkado-Babylonian]
U+12146,|GIR₃×(LU.IGI)|,|LU.IGI.ANŠE|,2,𒅆,𒇻𒅆𒀲,U+121FB; U+12146; U+12032,LAK250 [Uruk IV–III (~3400–3000 BCE) | Archaic / Uruk]; ELLES142 [Early Dynastic (~2900–2340 BCE) | Ebla]; GCSL169 [Gudea period (~2100 BCE) | Lagash / Girsu]; KWU467 [Ur III (~2112–2004 BCE) | Administrative]; MZL702 [Standard Babylonian (any period) | Akkado-Babylonian]; PTACE138 [Early Dynastic (~2900–2340 BCE) | Ebla]; SLLHA421a [Standard Babylonian (any period) | Akkado-Babylonian]
U+12032,|GIR₃×(LU.IGI)|,|LU.IGI.ANŠE|,3,𒀲,𒇻𒅆𒀲,U+121FB; U+12146; U+12032,LAK250 [Uruk IV–III (~3400–3000 BCE) | Archaic / Uruk]; ELLES142 [Early Dynastic (~2900–2340 BCE) | Ebla]; GCSL169 [Gudea period (~2100 BCE) | Lagash / Girsu]; KWU467 [Ur III (~2112–2004 BCE) | Administrative]; MZL702 [Standard Babylonian (any period) | Akkado-Babylonian]; PTACE138 [Early Dynastic (~2900–2340 BCE) | Ebla]; SLLHA421a [Standard Babylonian (any period) | Akkado-Babylonian]
U+12049,GISAL,|BI.GIŠ|,1,𒁉,𒁉𒄑,U+12049; U+12111,LAK589 [Uruk IV–III (~3400–3000 BCE) | Archaic / Uruk]; ABZL081 [Old Babylonian (~2000–1600 BCE) | School texts]; ELLES294 [Early Dynastic (~2900–2340 BCE) | Ebla]; MZL376 [Standard Babylonian (any period) | Akkado-Babylonian]; RSP217 [Early Dynastic (~2900–2340 BCE) | Presargonic Lagash]; SLLHA226 [Standard Babylonian (any period) | Akkado-Babylonian]
U+12111,GISAL,|BI.GIŠ|,2,𒄑,𒁉𒄑,U+12049; U+12111,LAK589 [Uruk IV–III (~3400–3000 BCE) | Archaic / Uruk]; ABZL081 [Old Babylonian (~2000–1600 BCE) | School texts]; ELLES294 [Early Dynastic (~2900–2340 BCE) | Ebla]; MZL376 [Standard Babylonian (any period) | Akkado-Babylonian]; RSP217 [Early Dynastic (~2900–2340 BCE) | Presargonic Lagash]; SLLHA226 [Standard Babylonian (any period) | Akkado-Babylonian]
U+1211E,GISAL,|GUD.GIŠ|,1,𒄞,𒄞𒄑,U+1211E; U+12111,LAK589 [Uruk IV–III (~3400–3000 BCE) | Archaic / Uruk]; ABZL081 [Old Babylonian (~2000–1600 BCE) | School texts]; ELLES294 [Early Dynastic (~2900–2340 BCE) | Ebla]; MZL376 [Standard Babylonian (any period) | Akkado-Babylonian]; RSP217 [Early Dynastic (~2900–2340 BCE) | Presargonic Lagash]; SLLHA226 [Standard Babylonian (any period) | Akkado-Babylonian]
U+12111,GISAL,|GUD.GIŠ|,2,𒄑,𒄞𒄑,U+1211E; U+12111,LAK589 [Uruk IV–III (~3400–3000 BCE) | Archaic / Uruk]; ABZL081 [Old Babylonian (~2000–1600 BCE) | School texts]; ELLES294 [Early Dynastic (~2900–2340 BCE) | Ebla]; MZL376 [Standard Babylonian (any period) | Akkado-Babylonian]; RSP217 [Early Dynastic (~2900–2340 BCE) | Presargonic Lagash]; SLLHA226 [Standard Babylonian (any period) | Akkado-Babylonian]
U+12111,|GIŠ.KUŠU₂|,|GIŠ.KI.KUŠU₂|,1,𒄑,𒄑𒆠𒆵,U+12111; U+121A0; U+121B5,RSP234 [Early Dynastic (~2900–2340 BCE) | Presargonic Lagash]
U+121A0,|GIŠ.KUŠU₂|,|GIŠ.KI.KUŠU₂|,2,𒆠,𒄑𒆠𒆵,U+12111; U+121A0; U+121B5,RSP234 [Early Dynastic (~2900–2340 BCE) | Presargonic Lagash]
U+121B5,|GIŠ.KUŠU₂|,|GIŠ.KI.KUŠU₂|,3,𒆵,𒄑𒆠𒆵,U+12111; U+121A0; U+121B5,RSP234 [Early Dynastic (~2900–2340 BCE) | Presargonic Lagash]
U+12111,|GIŠ.KUŠU₂|,|GIŠ.KUŠU₂×KASKAL|,1,𒄑,𒄑X,U+12111; X,RSP234 [Early Dynastic (~2900–2340 BCE) | Presargonic Lagash]
X,|GIŠ.KUŠU₂|,|GIŠ.KUŠU₂×KASKAL|,2,,𒄑X,U+12111; X,RSP234 [Early Dynastic (~2900–2340 BCE) | Presargonic Lagash]
U+12111,|GIŠ.NE.GA.MES|,|GIŠ.GIŠ.NE@s.MES.GA|,1,𒄑,𒄑𒄑𒉋𒈩𒂵,U+12111; U+12111; U+1224B; U+12229; U+120B5,
U+12111,|GIŠ.NE.GA.MES|,|GIŠ.GIŠ.NE@s.MES.GA|,2,𒄑,𒄑𒄑𒉋𒈩𒂵,U+12111; U+12111; U+1224B; U+12229; U+120B5,
U+1224B,|GIŠ.NE.GA.MES|,|GIŠ.GIŠ.NE@s.MES.GA|,3,𒉋,𒄑𒄑𒉋𒈩𒂵,U+12111; U+12111; U+1224B; U+12229; U+120B5,
U+12229,|GIŠ.NE.GA.MES|,|GIŠ.GIŠ.NE@s.MES.GA|,4,𒈩,𒄑𒄑𒉋𒈩𒂵,U+12111; U+12111; U+1224B; U+12229; U+120B5,
U+120B5,|GIŠ.NE.GA.MES|,|GIŠ.GIŠ.NE@s.MES.GA|,5,𒂵,𒄑𒄑𒉋𒈩𒂵,U+12111; U+12111; U+1224B; U+12229; U+120B5,
U+12111,|GIŠ.NE.GA.MES|,|GIŠ.NE.X.GA.MES|,1,𒄑,𒄑𒉈O𒂵𒈩,U+12111; U+12248; O; U+120B5; U+12229,
U+12248,|GIŠ.NE.GA.MES|,|GIŠ.NE.X.GA.MES|,2,𒉈,𒄑𒉈O𒂵𒈩,U+12111; U+12248; O; U+120B5; U+12229,
O,|GIŠ.NE.GA.MES|,|GIŠ.NE.X.GA.MES|,3,,𒄑𒉈O𒂵𒈩,U+12111; U+12248; O; U+120B5; U+12229,
U+120B5,|GIŠ.NE.GA.MES|,|GIŠ.NE.X.GA.MES|,4,𒂵,𒄑𒉈O𒂵𒈩,U+12111; U+12248; O; U+120B5; U+12229,
U+12229,|GIŠ.NE.GA.MES|,|GIŠ.NE.X.GA.MES|,5,𒈩,𒄑𒉈O𒂵𒈩,U+12111; U+12248; O; U+120B5; U+12229,
U+12111,|GIŠ.NE.GA.MES|,|GIŠ.NE@s.GA|,1,𒄑,𒄑𒉋𒂵,U+12111; U+1224B; U+120B5,
U+1224B,|GIŠ.NE.GA.MES|,|GIŠ.NE@s.GA|,2,𒉋,𒄑𒉋𒂵,U+12111; U+1224B; U+120B5,
U+120B5,|GIŠ.NE.GA.MES|,|GIŠ.NE@s.GA|,3,𒂵,𒄑𒉋𒂵,U+12111; U+1224B; U+120B5,
U+12111,|GIŠ.NE.GA.MES|,|GIŠ.NE@s.GA.MES|,1,𒄑,𒄑𒉋𒂵𒈩,U+12111; U+1224B; U+120B5; U+12229,
U+1224B,|GIŠ.NE.GA.MES|,|GIŠ.NE@s.GA.MES|,2,𒉋,𒄑𒉋𒂵𒈩,U+12111; U+1224B; U+120B5; U+12229,
U+120B5,|GIŠ.NE.GA.MES|,|GIŠ.NE@s.GA.MES|,3,𒂵,𒄑𒉋𒂵𒈩,U+12111; U+1224B; U+120B5; U+12229,
U+12229,|GIŠ.NE.GA.MES|,|GIŠ.NE@s.GA.MES|,4,𒈩,𒄑𒉋𒂵𒈩,U+12111; U+1224B; U+120B5; U+12229,
U+12111,|GIŠ.NE.GA.MES|,|GIŠ.NE@s.MES.GA|,1,𒄑,𒄑𒉋𒈩𒂵,U+12111; U+1224B; U+12229; U+120B5,
U+1224B,|GIŠ.NE.GA.MES|,|GIŠ.NE@s.MES.GA|,2,𒉋,𒄑𒉋𒈩𒂵,U+12111; U+1224B; U+12229; U+120B5,
U+12229,|GIŠ.NE.GA.MES|,|GIŠ.NE@s.MES.GA|,3,𒈩,𒄑𒉋𒈩𒂵,U+12111; U+1224B; U+12229; U+120B5,
U+120B5,|GIŠ.NE.GA.MES|,|GIŠ.NE@s.MES.GA|,4,𒂵,𒄑𒉋𒈩𒂵,U+12111; U+1224B; U+12229; U+120B5,
U+1224B,|GIŠ.NE.GA.MES|,|NE@s.GA.MES|,1,𒉋,𒉋𒂵𒈩,U+1224B; U+120B5; U+12229,
U+120B5,|GIŠ.NE.GA.MES|,|NE@s.GA.MES|,2,𒂵,𒉋𒂵𒈩,U+1224B; U+120B5; U+12229,
U+12229,|GIŠ.NE.GA.MES|,|NE@s.GA.MES|,3,𒈩,𒉋𒂵𒈩,U+1224B; U+120B5; U+12229,
U+12100,|GIŠ.NE@s|,|GI.NE|,1,𒄀,𒄀𒉈,U+12100; U+12248,ASY158 [Standard Babylonian (any period) | Akkadian syllabary]; RSP233 [Early Dynastic (~2900–2340 BCE) | Presargonic Lagash]
U+12248,|GIŠ.NE@s|,|GI.NE|,2,𒉈,𒄀𒉈,U+12100; U+12248,ASY158 [Standard Babylonian (any period) | Akkadian syllabary]; RSP233 [Early Dynastic (~2900–2340 BCE) | Presargonic Lagash]
U+12111,|GIŠ.PI.TUG₂|,|GIŠ.PI|,1,𒄑,𒄑𒉿,U+12111; U+1227F,
U+1227F,|GIŠ.PI.TUG₂|,|GIŠ.PI|,2,𒉿,𒄑𒉿,U+12111; U+1227F,
U+12111,|GIŠ.TUG₂.PI.NU₁₁@90.SILA₃|,|GIŠ.PI.TUG₂.NU₁₁@90|,1,𒄑,𒄑𒉿𒌆𒎓,U+12111; U+1227F; U+12306; U+12393,
U+1227F,|GIŠ.TUG₂.PI.NU₁₁@90.SILA₃|,|GIŠ.PI.TUG₂.NU₁₁@90|,2,𒉿,𒄑𒉿𒌆𒎓,U+12111; U+1227F; U+12306; U+12393,
U+12306,|GIŠ.TUG₂.PI.NU₁₁@90.SILA₃|,|GIŠ.PI.TUG₂.NU₁₁@90|,3,𒌆,𒄑𒉿𒌆𒎓,U+12111; U+1227F; U+12306; U+12393,
U+12393,|GIŠ.TUG₂.PI.NU₁₁@90.SILA₃|,|GIŠ.PI.TUG₂.NU₁₁@90|,4,𒎓,𒄑𒉿𒌆𒎓,U+12111; U+1227F; U+12306; U+12393,
U+12111,|GIŠ.TUG₂.PI.NU₁₁@90.SILA₃|,|GIŠ.TUG₂.PI.A.SILA₃|,1,𒄑,𒄑𒌆𒉿𒀀𒋡,U+12111; U+12306; U+1227F; U+12000; U+122E1,
U+12306,|GIŠ.TUG₂.PI.NU₁₁@90.SILA₃|,|GIŠ.TUG₂.PI.A.SILA₃|,2,𒌆,𒄑𒌆𒉿𒀀𒋡,U+12111; U+12306; U+1227F; U+12000; U+122E1,
U+1227F,|GIŠ.TUG₂.PI.NU₁₁@90.SILA₃|,|GIŠ.TUG₂.PI.A.SILA₃|,3,𒉿,𒄑𒌆𒉿𒀀𒋡,U+12111; U+12306; U+1227F; U+12000; U+122E1,
U+12000,|GIŠ.TUG₂.PI.NU₁₁@90.SILA₃|,|GIŠ.TUG₂.PI.A.SILA₃|,4,𒀀,𒄑𒌆𒉿𒀀𒋡,U+12111; U+12306; U+1227F; U+12000; U+122E1,
U+122E1,|GIŠ.TUG₂.PI.NU₁₁@90.SILA₃|,|GIŠ.TUG₂.PI.A.SILA₃|,5,𒋡,𒄑𒌆𒉿𒀀𒋡,U+12111; U+12306; U+1227F; U+12000; U+122E1,
U+12111,|GIŠ.TUG₂.PI.NU₁₁@90.SILA₃|,|GIŠ.TUG₂.PI.NU₁₁.SILA₃|,1,𒄑,𒄑𒌆𒉿𒉢𒋡,U+12111; U+12306; U+1227F; U+12262; U+122E1,
U+12306,|GIŠ.TUG₂.PI.NU₁₁@90.SILA₃|,|GIŠ.TUG₂.PI.NU₁₁.SILA₃|,2,𒌆,𒄑𒌆𒉿𒉢𒋡,U+12111; U+12306; U+1227F; U+12262; U+122E1,
U+1227F,|GIŠ.TUG₂.PI.NU₁₁@90.SILA₃|,|GIŠ.TUG₂.PI.NU₁₁.SILA₃|,3,𒉿,𒄑𒌆𒉿𒉢𒋡,U+12111; U+12306; U+1227F; U+12262; U+122E1,
U+12262,|GIŠ.TUG₂.PI.NU₁₁@90.SILA₃|,|GIŠ.TUG₂.PI.NU₁₁.SILA₃|,4,𒉢,𒄑𒌆𒉿𒉢𒋡,U+12111; U+12306; U+1227F; U+12262; U+122E1,
U+122E1,|GIŠ.TUG₂.PI.NU₁₁@90.SILA₃|,|GIŠ.TUG₂.PI.NU₁₁.SILA₃|,5,𒋡,𒄑𒌆𒉿𒉢𒋡,U+12111; U+12306; U+1227F; U+12262; U+122E1,
U+12111,|GIŠ.TUG₂.PI.NU₁₁@90.SILA₃|,|GIŠ.TUG₂.PI.NU₁₁@90|,1,𒄑,𒄑𒌆𒉿𒎓,U+12111; U+12306; U+1227F; U+12393,
U+12306,|GIŠ.TUG₂.PI.NU₁₁@90.SILA₃|,|GIŠ.TUG₂.PI.NU₁₁@90|,2,𒌆,𒄑𒌆𒉿𒎓,U+12111; U+12306; U+1227F; U+12393,
U+1227F,|GIŠ.TUG₂.PI.NU₁₁@90.SILA₃|,|GIŠ.TUG₂.PI.NU₁₁@90|,3,𒉿,𒄑𒌆𒉿𒎓,U+12111; U+12306; U+1227F; U+12393,
U+12393,|GIŠ.TUG₂.PI.NU₁₁@90.SILA₃|,|GIŠ.TUG₂.PI.NU₁₁@90|,4,𒎓,𒄑𒌆𒉿𒎓,U+12111; U+12306; U+1227F; U+12393,
U+12111,|GIŠ.TUG₂.PI.NU₁₁@90.SILA₃|,|GIŠ.TUG₂.PI.SILA₃.A|,1,𒄑,𒄑𒌆𒉿𒋡𒀀,U+12111; U+12306; U+1227F; U+122E1; U+12000,
U+12306,|GIŠ.TUG₂.PI.NU₁₁@90.SILA₃|,|GIŠ.TUG₂.PI.SILA₃.A|,2,𒌆,𒄑𒌆𒉿𒋡𒀀,U+12111; U+12306; U+1227F; U+122E1; U+12000,
U+1227F,|GIŠ.TUG₂.PI.NU₁₁@90.SILA₃|,|GIŠ.TUG₂.PI.SILA₃.A|,3,𒉿,𒄑𒌆𒉿𒋡𒀀,U+12111; U+12306; U+1227F; U+122E1; U+12000,
U+122E1,|GIŠ.TUG₂.PI.NU₁₁@90.SILA₃|,|GIŠ.TUG₂.PI.SILA₃.A|,4,𒋡,𒄑𒌆𒉿𒋡𒀀,U+12111; U+12306; U+1227F; U+122E1; U+12000,
U+12000,|GIŠ.TUG₂.PI.NU₁₁@90.SILA₃|,|GIŠ.TUG₂.PI.SILA₃.A|,5,𒀀,𒄑𒌆𒉿𒋡𒀀,U+12111; U+12306; U+1227F; U+122E1; U+12000,
U+12393,|GIŠ.TUG₂.PI.NU₁₁@90.SILA₃|,|NU₁₁@90.PI|,1,𒎓,𒎓𒉿,U+12393; U+1227F,
U+1227F,|GIŠ.TUG₂.PI.NU₁₁@90.SILA₃|,|NU₁₁@90.PI|,2,𒉿,𒎓𒉿,U+12393; U+1227F,
U+12393,|GIŠ.TUG₂.PI.NU₁₁@90.SILA₃|,|NU₁₁@90.SILA₃|,1,𒎓,𒎓𒋡,U+12393; U+122E1,
U+122E1,|GIŠ.TUG₂.PI.NU₁₁@90.SILA₃|,|NU₁₁@90.SILA₃|,2,𒋡,𒎓𒋡,U+12393; U+122E1,
U+12111,|GIŠ.TUG₂.PI.TE.A.DU|,|GIŠ.DU.TE.A.TUG₂|,1,𒄑,𒄑𒁺𒋼𒀀𒌆,U+12111; U+1207A; U+122FC; U+12000; U+12306,RSP235 [Early Dynastic (~2900–2340 BCE) | Presargonic Lagash]
U+1207A,|GIŠ.TUG₂.PI.TE.A.DU|,|GIŠ.DU.TE.A.TUG₂|,2,𒁺,𒄑𒁺𒋼𒀀𒌆,U+12111; U+1207A; U+122FC; U+12000; U+12306,RSP235 [Early Dynastic (~2900–2340 BCE) | Presargonic Lagash]
U+122FC,|GIŠ.TUG₂.PI.TE.A.DU|,|GIŠ.DU.TE.A.TUG₂|,3,𒋼,𒄑𒁺𒋼𒀀𒌆,U+12111; U+1207A; U+122FC; U+12000; U+12306,RSP235 [Early Dynastic (~2900–2340 BCE) | Presargonic Lagash]
U+12000,|GIŠ.TUG₂.PI.TE.A.DU|,|GIŠ.DU.TE.A.TUG₂|,4,𒀀,𒄑𒁺𒋼𒀀𒌆,U+12111; U+1207A; U+122FC; U+12000; U+12306,RSP235 [Early Dynastic (~2900–2340 BCE) | Presargonic Lagash]
U+12306,|GIŠ.TUG₂.PI.TE.A.DU|,|GIŠ.DU.TE.A.TUG₂|,5,𒌆,𒄑𒁺𒋼𒀀𒌆,U+12111; U+1207A; U+122FC; U+12000; U+12306,RSP235 [Early Dynastic (~2900–2340 BCE) | Presargonic Lagash]
U+12111,|GIŠ.TUG₂.PI.TE.A.DU|,|GIŠ.TE.A.DU.TUG₂|,1,𒄑,𒄑𒋼𒀀𒁺𒌆,U+12111; U+122FC; U+12000; U+1207A; U+12306,RSP235 [Early Dynastic (~2900–2340 BCE) | Presargonic Lagash]
U+122FC,|GIŠ.TUG₂.PI.TE.A.DU|,|GIŠ.TE.A.DU.TUG₂|,2,𒋼,𒄑𒋼𒀀𒁺𒌆,U+12111; U+122FC; U+12000; U+1207A; U+12306,RSP235 [Early Dynastic (~2900–2340 BCE) | Presargonic Lagash]
U+12000,|GIŠ.TUG₂.PI.TE.A.DU|,|GIŠ.TE.A.DU.TUG₂|,3,𒀀,𒄑𒋼𒀀𒁺𒌆,U+12111; U+122FC; U+12000; U+1207A; U+12306,RSP235 [Early Dynastic (~2900–2340 BCE) | Presargonic Lagash]
U+1207A,|GIŠ.TUG₂.PI.TE.A.DU|,|GIŠ.TE.A.DU.TUG₂|,4,𒁺,𒄑𒋼𒀀𒁺𒌆,U+12111; U+122FC; U+12000; U+1207A; U+12306,RSP235 [Early Dynastic (~2900–2340 BCE) | Presargonic Lagash]
U+12306,|GIŠ.TUG₂.PI.TE.A.DU|,|GIŠ.TE.A.DU.TUG₂|,5,𒌆,𒄑𒋼𒀀𒁺𒌆,U+12111; U+122FC; U+12000; U+1207A; U+12306,RSP235 [Early Dynastic (~2900–2340 BCE) | Presargonic Lagash]
U+12111,|GIŠ.TUG₂.PI.TE.A.DU|,|GIŠ.TE.A.TUG₂.DU|,1,𒄑,𒄑𒋼𒀀𒌆𒁺,U+12111; U+122FC; U+12000; U+12306; U+1207A,RSP235 [Early Dynastic (~2900–2340 BCE) | Presargonic Lagash]
U+122FC,|GIŠ.TUG₂.PI.TE.A.DU|,|GIŠ.TE.A.TUG₂.DU|,2,𒋼,𒄑𒋼𒀀𒌆𒁺,U+12111; U+122FC; U+12000; U+12306; U+1207A,RSP235 [Early Dynastic (~2900–2340 BCE) | Presargonic Lagash]
U+12000,|GIŠ.TUG₂.PI.TE.A.DU|,|GIŠ.TE.A.TUG₂.DU|,3,𒀀,𒄑𒋼𒀀𒌆𒁺,U+12111; U+122FC; U+12000; U+12306; U+1207A,RSP235 [Early Dynastic (~2900–2340 BCE) | Presargonic Lagash]
U+12306,|GIŠ.TUG₂.PI.TE.A.DU|,|GIŠ.TE.A.TUG₂.DU|,4,𒌆,𒄑𒋼𒀀𒌆𒁺,U+12111; U+122FC; U+12000; U+12306; U+1207A,RSP235 [Early Dynastic (~2900–2340 BCE) | Presargonic Lagash]
U+1207A,|GIŠ.TUG₂.PI.TE.A.DU|,|GIŠ.TE.A.TUG₂.DU|,5,𒁺,𒄑𒋼𒀀𒌆𒁺,U+12111; U+122FC; U+12000; U+12306; U+1207A,RSP235 [Early Dynastic (~2900–2340 BCE) | Presargonic Lagash]
U+12306,|GIŠ.TUG₂.TE.A.DU|,|TUG₂.TE.A.DU|,1,𒌆,𒌆𒋼𒀀𒁺,U+12306; U+122FC; U+12000; U+1207A,
U+122FC,|GIŠ.TUG₂.TE.A.DU|,|TUG₂.TE.A.DU|,2,𒋼,𒌆𒋼𒀀𒁺,U+12306; U+122FC; U+12000; U+1207A,
U+12000,|GIŠ.TUG₂.TE.A.DU|,|TUG₂.TE.A.DU|,3,𒀀,𒌆𒋼𒀀𒁺,U+12306; U+122FC; U+12000; U+1207A,
U+1207A,|GIŠ.TUG₂.TE.A.DU|,|TUG₂.TE.A.DU|,4,𒁺,𒌆𒋼𒀀𒁺,U+12306; U+122FC; U+12000; U+1207A,
U+12226,|GU₂.GAR₃|,|MAŠ.NA₂|,1,𒈦,𒈦𒈿,U+12226; U+1223F,LAK063 [Uruk IV–III (~3400–3000 BCE) | Archaic / Uruk]; ABZL087 [Old Babylonian (~2000–1600 BCE) | School texts]; BAU050 [Early Dynastic (~2900–2340 BCE) | Lagash]; ELLES039 [Early Dynastic (~2900–2340 BCE) | Ebla]; GCSL025 [Gudea period (~2100 BCE) | Lagash / Girsu]; KWU689 [Ur III (~2112–2004 BCE) | Administrative]
U+1223F,|GU₂.GAR₃|,|MAŠ.NA₂|,2,𒈿,𒈦𒈿,U+12226; U+1223F,LAK063 [Uruk IV–III (~3400–3000 BCE) | Archaic / Uruk]; ABZL087 [Old Babylonian (~2000–1600 BCE) | School texts]; BAU050 [Early Dynastic (~2900–2340 BCE) | Lagash]; ELLES039 [Early Dynastic (~2900–2340 BCE) | Ebla]; GCSL025 [Gudea period (~2100 BCE) | Lagash / Girsu]; KWU689 [Ur III (~2112–2004 BCE) | Administrative]
U+12118,|GU₂×KAK|,|GU₂.KAK|,1,𒄘,𒄘𒆕,U+12118; U+12195,ASY080 [Standard Babylonian (any period) | Akkadian syllabary]; LAK545 [Uruk IV–III (~3400–3000 BCE) | Archaic / Uruk]; LAK549 [Uruk IV–III (~3400–3000 BCE) | Archaic / Uruk]; ABZL088 [Old Babylonian (~2000–1600 BCE) | School texts]; BAU332 [Early Dynastic (~2900–2340 BCE) | Lagash]; ELLES289 [Early Dynastic (~2900–2340 BCE) | Ebla]; HZL202 [Hittite period (~1650–1180 BCE) | Hittite]; KWU153 [Ur III (~2112–2004 BCE) | Administrative]; KWU691 [Ur III (~2112–2004 BCE) | Administrative]; MZL178 [Standard Babylonian (any period) | Akkado-Babylonian]; PTACE243 [Early Dynastic (~2900–2340 BCE) | Ebla]; RSP356 [Early Dynastic (~2900–2340 BCE) | Presargonic Lagash]; SLLHA108 [Standard Babylonian (any period) | Akkado-Babylonian]; SYA070 [Standard Babylonian (any period) | Akkadian syllabary]
U+12195,|GU₂×KAK|,|GU₂.KAK|,2,𒆕,𒄘𒆕,U+12118; U+12195,ASY080 [Standard Babylonian (any period) | Akkadian syllabary]; LAK545 [Uruk IV–III (~3400–3000 BCE) | Archaic / Uruk]; LAK549 [Uruk IV–III (~3400–3000 BCE) | Archaic / Uruk]; ABZL088 [Old Babylonian (~2000–1600 BCE) | School texts]; BAU332 [Early Dynastic (~2900–2340 BCE) | Lagash]; ELLES289 [Early Dynastic (~2900–2340 BCE) | Ebla]; HZL202 [Hittite period (~1650–1180 BCE) | Hittite]; KWU153 [Ur III (~2112–2004 BCE) | Administrative]; KWU691 [Ur III (~2112–2004 BCE) | Administrative]; MZL178 [Standard Babylonian (any period) | Akkado-Babylonian]; PTACE243 [Early Dynastic (~2900–2340 BCE) | Ebla]; RSP356 [Early Dynastic (~2900–2340 BCE) | Presargonic Lagash]; SLLHA108 [Standard Babylonian (any period) | Akkado-Babylonian]; SYA070 [Standard Babylonian (any period) | Akkadian syllabary]
U+12119,|GU₂×KAK×IGI|,|GU₂×KAK.IGI|,1,𒄙,𒄙𒅆,U+12119; U+12146,
U+12146,|GU₂×KAK×IGI|,|GU₂×KAK.IGI|,2,𒅆,𒄙𒅆,U+12119; U+12146,
U+12118,|GU₂×NUN|,|GU₂.NUN|,1,𒄘,𒄘𒉣,U+12118; U+12263,ABZL090 [Old Babylonian (~2000–1600 BCE) | School texts]; MZL177 [Standard Babylonian (any period) | Akkado-Babylonian]; RSP357 [Early Dynastic (~2900–2340 BCE) | Presargonic Lagash]; SLLHA107n [Standard Babylonian (any period) | Akkado-Babylonian]
U+12263,|GU₂×NUN|,|GU₂.NUN|,2,𒉣,𒄘𒉣,U+12118; U+12263,ABZL090 [Old Babylonian (~2000–1600 BCE) | School texts]; MZL177 [Standard Babylonian (any period) | Akkado-Babylonian]; RSP357 [Early Dynastic (~2900–2340 BCE) | Presargonic Lagash]; SLLHA107n [Standard Babylonian (any period) | Akkado-Babylonian]
U+12000,|GUD×(A.KUR)|,|A.GUD×KUR|,1,𒀀,𒀀𒄠,U+12000; U+12120,HZL203 [Hittite period (~1650–1180 BCE) | Hittite]; MZL310 [Standard Babylonian (any period) | Akkado-Babylonian]; SLLHA170an [Standard Babylonian (any period) | Akkado-Babylonian]
U+12120,|GUD×(A.KUR)|,|A.GUD×KUR|,2,𒄠,𒀀𒄠,U+12000; U+12120,HZL203 [Hittite period (~1650–1180 BCE) | Hittite]; MZL310 [Standard Babylonian (any period) | Akkado-Babylonian]; SLLHA170an [Standard Babylonian (any period) | Akkado-Babylonian]
U+12122,GUL,|GUL.ZA|,1,𒄢,𒄢𒍝,U+12122; U+1235D,LAK389 [Uruk IV–III (~3400–3000 BCE) | Archaic / Uruk]; ASY249 [Standard Babylonian (any period) | Akkadian syllabary]; ABZL343 [Old Babylonian (~2000–1600 BCE) | School texts]; BAU172 [Early Dynastic (~2900–2340 BCE) | Lagash]; ELLES211 [Early Dynastic (~2900–2340 BCE) | Ebla]; ELLES301 [Early Dynastic (~2900–2340 BCE) | Ebla]; GCSL207 [Gudea period (~2100 BCE) | Lagash / Girsu]; HZL271 [Hittite period (~1650–1180 BCE) | Hittite]; KWU546 [Ur III (~2112–2004 BCE) | Administrative]; MZL682 [Standard Babylonian (any period) | Akkado-Babylonian]; PTACE260 [Early Dynastic (~2900–2340 BCE) | Ebla]; RSP279 [Early Dynastic (~2900–2340 BCE) | Presargonic Lagash]; SLLHA429 [Standard Babylonian (any period) | Akkado-Babylonian]; SYA219 [Standard Babylonian (any period) | Akkadian syllabary]
U+1235D,GUL,|GUL.ZA|,2,𒍝,𒄢𒍝,U+12122; U+1235D,LAK389 [Uruk IV–III (~3400–3000 BCE) | Archaic / Uruk]; ASY249 [Standard Babylonian (any period) | Akkadian syllabary]; ABZL343 [Old Babylonian (~2000–1600 BCE) | School texts]; BAU172 [Early Dynastic (~2900–2340 BCE) | Lagash]; ELLES211 [Early Dynastic (~2900–2340 BCE) | Ebla]; ELLES301 [Early Dynastic (~2900–2340 BCE) | Ebla]; GCSL207 [Gudea period (~2100 BCE) | Lagash / Girsu]; HZL271 [Hittite period (~1650–1180 BCE) | Hittite]; KWU546 [Ur III (~2112–2004 BCE) | Administrative]; MZL682 [Standard Babylonian (any period) | Akkado-Babylonian]; PTACE260 [Early Dynastic (~2900–2340 BCE) | Ebla]; RSP279 [Early Dynastic (~2900–2340 BCE) | Presargonic Lagash]; SLLHA429 [Standard Babylonian (any period) | Akkado-Babylonian]; SYA219 [Standard Babylonian (any period) | Akkadian syllabary]
U+122E0,GUR₇,|SIK₂.LAM.HI×NUN.ME.GAM|,1,𒋠,𒋠𒇴𒄴𒈨𒃵,U+122E0; U+121F4; U+12134; U+12228; U+120F5,LAK843 [Uruk IV–III (~3400–3000 BCE) | Archaic / Uruk]; ABZL396 [Old Babylonian (~2000–1600 BCE) | School texts]; GCSL070 [Gudea period (~2100 BCE) | Lagash / Girsu]; KWU926 [Ur III (~2112–2004 BCE) | Administrative]; MZL819 [Standard Babylonian (any period) | Akkado-Babylonian]; RSP437 [Early Dynastic (~2900–2340 BCE) | Presargonic Lagash]; SLLHA542 [Standard Babylonian (any period) | Akkado-Babylonian]
U+121F4,GUR₇,|SIK₂.LAM.HI×NUN.ME.GAM|,2,𒇴,𒋠𒇴𒄴𒈨𒃵,U+122E0; U+121F4; U+12134; U+12228; U+120F5,LAK843 [Uruk IV–III (~3400–3000 BCE) | Archaic / Uruk]; ABZL396 [Old Babylonian (~2000–1600 BCE) | School texts]; GCSL070 [Gudea period (~2100 BCE) | Lagash / Girsu]; KWU926 [Ur III (~2112–2004 BCE) | Administrative]; MZL819 [Standard Babylonian (any period) | Akkado-Babylonian]; RSP437 [Early Dynastic (~2900–2340 BCE) | Presargonic Lagash]; SLLHA542 [Standard Babylonian (any period) | Akkado-Babylonian]
U+12134,GUR₇,|SIK₂.LAM.HI×NUN.ME.GAM|,3,𒄴,𒋠𒇴𒄴𒈨𒃵,U+122E0; U+121F4; U+12134; U+12228; U+120F5,LAK843 [Uruk IV–III (~3400–3000 BCE) | Archaic / Uruk]; ABZL396 [Old Babylonian (~2000–1600 BCE) | School texts]; GCSL070 [Gudea period (~2100 BCE) | Lagash / Girsu]; KWU926 [Ur III (~2112–2004 BCE) | Administrative]; MZL819 [Standard Babylonian (any period) | Akkado-Babylonian]; RSP437 [Early Dynastic (~2900–2340 BCE) | Presargonic Lagash]; SLLHA542 [Standard Babylonian (any period) | Akkado-Babylonian]
U+12228,GUR₇,|SIK₂.LAM.HI×NUN.ME.GAM|,4,𒈨,𒋠𒇴𒄴𒈨𒃵,U+122E0; U+121F4; U+12134; U+12228; U+120F5,LAK843 [Uruk IV–III (~3400–3000 BCE) | Archaic / Uruk]; ABZL396 [Old Babylonian (~2000–1600 BCE) | School texts]; GCSL070 [Gudea period (~2100 BCE) | Lagash / Girsu]; KWU926 [Ur III (~2112–2004 BCE) | Administrative]; MZL819 [Standard Babylonian (any period) | Akkado-Babylonian]; RSP437 [Early Dynastic (~2900–2340 BCE) | Presargonic Lagash]; SLLHA542 [Standard Babylonian (any period) | Akkado-Babylonian]
U+120F5,GUR₇,|SIK₂.LAM.HI×NUN.ME.GAM|,5,𒃵,𒋠𒇴𒄴𒈨𒃵,U+122E0; U+121F4; U+12134; U+12228; U+120F5,LAK843 [Uruk IV–III (~3400–3000 BCE) | Archaic / Uruk]; ABZL396 [Old Babylonian (~2000–1600 BCE) | School texts]; GCSL070 [Gudea period (~2100 BCE) | Lagash / Girsu]; KWU926 [Ur III (~2112–2004 BCE) | Administrative]; MZL819 [Standard Babylonian (any period) | Akkado-Babylonian]; RSP437 [Early Dynastic (~2900–2340 BCE) | Presargonic Lagash]; SLLHA542 [Standard Babylonian (any period) | Akkado-Babylonian]
U+122E0,GUR₇,|SIK₂.LAM.HI×NUN.ME.U|,1,𒋠,𒋠𒇴𒄴𒈨𒌋,U+122E0; U+121F4; U+12134; U+12228; U+1230B,LAK843 [Uruk IV–III (~3400–3000 BCE) | Archaic / Uruk]; ABZL396 [Old Babylonian (~2000–1600 BCE) | School texts]; GCSL070 [Gudea period (~2100 BCE) | Lagash / Girsu]; KWU926 [Ur III (~2112–2004 BCE) | Administrative]; MZL819 [Standard Babylonian (any period) | Akkado-Babylonian]; RSP437 [Early Dynastic (~2900–2340 BCE) | Presargonic Lagash]; SLLHA542 [Standard Babylonian (any period) | Akkado-Babylonian]
U+121F4,GUR₇,|SIK₂.LAM.HI×NUN.ME.U|,2,𒇴,𒋠𒇴𒄴𒈨𒌋,U+122E0; U+121F4; U+12134; U+12228; U+1230B,LAK843 [Uruk IV–III (~3400–3000 BCE) | Archaic / Uruk]; ABZL396 [Old Babylonian (~2000–1600 BCE) | School texts]; GCSL070 [Gudea period (~2100 BCE) | Lagash / Girsu]; KWU926 [Ur III (~2112–2004 BCE) | Administrative]; MZL819 [Standard Babylonian (any period) | Akkado-Babylonian]; RSP437 [Early Dynastic (~2900–2340 BCE) | Presargonic Lagash]; SLLHA542 [Standard Babylonian (any period) | Akkado-Babylonian]
U+12134,GUR₇,|SIK₂.LAM.HI×NUN.ME.U|,3,𒄴,𒋠𒇴𒄴𒈨𒌋,U+122E0; U+121F4; U+12134; U+12228; U+1230B,LAK843 [Uruk IV–III (~3400–3000 BCE) | Archaic / Uruk]; ABZL396 [Old Babylonian (~2000–1600 BCE) | School texts]; GCSL070 [Gudea period (~2100 BCE) | Lagash / Girsu]; KWU926 [Ur III (~2112–2004 BCE) | Administrative]; MZL819 [Standard Babylonian (any period) | Akkado-Babylonian]; RSP437 [Early Dynastic (~2900–2340 BCE) | Presargonic Lagash]; SLLHA542 [Standard Babylonian (any period) | Akkado-Babylonian]
U+12228,GUR₇,|SIK₂.LAM.HI×NUN.ME.U|,4,𒈨,𒋠𒇴𒄴𒈨𒌋,U+122E0; U+121F4; U+12134; U+12228; U+1230B,LAK843 [Uruk IV–III (~3400–3000 BCE) | Archaic / Uruk]; ABZL396 [Old Babylonian (~2000–1600 BCE) | School texts]; GCSL070 [Gudea period (~2100 BCE) | Lagash / Girsu]; KWU926 [Ur III (~2112–2004 BCE) | Administrative]; MZL819 [Standard Babylonian (any period) | Akkado-Babylonian]; RSP437 [Early Dynastic (~2900–2340 BCE) | Presargonic Lagash]; SLLHA542 [Standard Babylonian (any period) | Akkado-Babylonian]
U+1230B,GUR₇,|SIK₂.LAM.HI×NUN.ME.U|,5,𒌋,𒋠𒇴𒄴𒈨𒌋,U+122E0; U+121F4; U+12134; U+12228; U+1230B,LAK843 [Uruk IV–III (~3400–3000 BCE) | Archaic / Uruk]; ABZL396 [Old Babylonian (~2000–1600 BCE) | School texts]; GCSL070 [Gudea period (~2100 BCE) | Lagash / Girsu]; KWU926 [Ur III (~2112–2004 BCE) | Administrative]; MZL819 [Standard Babylonian (any period) | Akkado-Babylonian]; RSP437 [Early Dynastic (~2900–2340 BCE) | Presargonic Lagash]; SLLHA542 [Standard Babylonian (any period) | Akkado-Babylonian]
U+122E0,GUR₇,|SIK₂.NUN.ME.U|,1,𒋠,𒋠𒉣𒈨𒌋,U+122E0; U+12263; U+12228; U+1230B,LAK843 [Uruk IV–III (~3400–3000 BCE) | Archaic / Uruk]; ABZL396 [Old Babylonian (~2000–1600 BCE) | School texts]; GCSL070 [Gudea period (~2100 BCE) | Lagash / Girsu]; KWU926 [Ur III (~2112–2004 BCE) | Administrative]; MZL819 [Standard Babylonian (any period) | Akkado-Babylonian]; RSP437 [Early Dynastic (~2900–2340 BCE) | Presargonic Lagash]; SLLHA542 [Standard Babylonian (any period) | Akkado-Babylonian]
U+12263,GUR₇,|SIK₂.NUN.ME.U|,2,𒉣,𒋠𒉣𒈨𒌋,U+122E0; U+12263; U+12228; U+1230B,LAK843 [Uruk IV–III (~3400–3000 BCE) | Archaic / Uruk]; ABZL396 [Old Babylonian (~2000–1600 BCE) | School texts]; GCSL070 [Gudea period (~2100 BCE) | Lagash / Girsu]; KWU926 [Ur III (~2112–2004 BCE) | Administrative]; MZL819 [Standard Babylonian (any period) | Akkado-Babylonian]; RSP437 [Early Dynastic (~2900–2340 BCE) | Presargonic Lagash]; SLLHA542 [Standard Babylonian (any period) | Akkado-Babylonian]
U+12228,GUR₇,|SIK₂.NUN.ME.U|,3,𒈨,𒋠𒉣𒈨𒌋,U+122E0; U+12263; U+12228; U+1230B,LAK843 [Uruk IV–III (~3400–3000 BCE) | Archaic / Uruk]; ABZL396 [Old Babylonian (~2000–1600 BCE) | School texts]; GCSL070 [Gudea period (~2100 BCE) | Lagash / Girsu]; KWU926 [Ur III (~2112–2004 BCE) | Administrative]; MZL819 [Standard Babylonian (any period) | Akkado-Babylonian]; RSP437 [Early Dynastic (~2900–2340 BCE) | Presargonic Lagash]; SLLHA542 [Standard Babylonian (any period) | Akkado-Babylonian]
U+1230B,GUR₇,|SIK₂.NUN.ME.U|,4,𒌋,𒋠𒉣𒈨𒌋,U+122E0; U+12263; U+12228; U+1230B,LAK843 [Uruk IV–III (~3400–3000 BCE) | Archaic / Uruk]; ABZL396 [Old Babylonian (~2000–1600 BCE) | School texts]; GCSL070 [Gudea period (~2100 BCE) | Lagash / Girsu]; KWU926 [Ur III (~2112–2004 BCE) | Administrative]; MZL819 [Standard Babylonian (any period) | Akkado-Babylonian]; RSP437 [Early Dynastic (~2900–2340 BCE) | Presargonic Lagash]; SLLHA542 [Standard Babylonian (any period) | Akkado-Babylonian]
U+1227C,HA@t,|PAN.GAM|,1,𒉼,𒉼𒃵,U+1227C; U+120F5,LAK352 [Uruk IV–III (~3400–3000 BCE) | Archaic / Uruk]; BAU211 [Early Dynastic (~2900–2340 BCE) | Lagash]; ELLES195 [Early Dynastic (~2900–2340 BCE) | Ebla]; MZL857 [Standard Babylonian (any period) | Akkado-Babylonian]; RSP180 [Early Dynastic (~2900–2340 BCE) | Presargonic Lagash]; SLLHA590 [Standard Babylonian (any period) | Akkado-Babylonian]
U+120F5,HA@t,|PAN.GAM|,2,𒃵,𒉼𒃵,U+1227C; U+120F5,LAK352 [Uruk IV–III (~3400–3000 BCE) | Archaic / Uruk]; BAU211 [Early Dynastic (~2900–2340 BCE) | Lagash]; ELLES195 [Early Dynastic (~2900–2340 BCE) | Ebla]; MZL857 [Standard Babylonian (any period) | Akkado-Babylonian]; RSP180 [Early Dynastic (~2900–2340 BCE) | Presargonic Lagash]; SLLHA590 [Standard Babylonian (any period) | Akkado-Babylonian]
U+12146,|HI.GIR₃|,|IGI.KIŠ|,1,𒅆,𒅆𒆧,U+12146; U+121A7,ASY239 [Standard Babylonian (any period) | Akkadian syllabary]; ABZL294 [Old Babylonian (~2000–1600 BCE) | School texts]; MZL645 [Standard Babylonian (any period) | Akkado-Babylonian]; RSP467 [Early Dynastic (~2900–2340 BCE) | Presargonic Lagash]; SLLHA402 [Standard Babylonian (any period) | Akkado-Babylonian]; SYA210 [Standard Babylonian (any period) | Akkadian syllabary]
U+121A7,|HI.GIR₃|,|IGI.KIŠ|,2,𒆧,𒅆𒆧,U+12146; U+121A7,ASY239 [Standard Babylonian (any period) | Akkadian syllabary]; ABZL294 [Old Babylonian (~2000–1600 BCE) | School texts]; MZL645 [Standard Babylonian (any period) | Akkado-Babylonian]; RSP467 [Early Dynastic (~2900–2340 BCE) | Presargonic Lagash]; SLLHA402 [Standard Babylonian (any period) | Akkado-Babylonian]; SYA210 [Standard Babylonian (any period) | Akkadian syllabary]
U+1212D,|HI×AŠ₂|,|HI.AŠ₂|,1,𒄭,𒄭𒀾,U+1212D; U+1203E,LAK370 [Uruk IV–III (~3400–3000 BCE) | Archaic / Uruk]; ASY238 [Standard Babylonian (any period) | Akkadian syllabary]; ABZL281 [Old Babylonian (~2000–1600 BCE) | School texts]; BAU189 [Early Dynastic (~2900–2340 BCE) | Lagash]; BAU192 [Early Dynastic (~2900–2340 BCE) | Lagash]; ELLES202 [Early Dynastic (~2900–2340 BCE) | Ebla]; GCSL155 [Gudea period (~2100 BCE) | Lagash / Girsu]; HZL333 [Hittite period (~1650–1180 BCE) | Hittite]; KWU483 [Ur III (~2112–2004 BCE) | Administrative]; MZL644 [Standard Babylonian (any period) | Akkado-Babylonian]; PTACE177 [Early Dynastic (~2900–2340 BCE) | Ebla]; RSP315 [Early Dynastic (~2900–2340 BCE) | Presargonic Lagash]; SLLHA401 [Standard Babylonian (any period) | Akkado-Babylonian]; SYA209 [Standard Babylonian (any period) | Akkadian syllabary]
U+1203E,|HI×AŠ₂|,|HI.AŠ₂|,2,𒀾,𒄭𒀾,U+1212D; U+1203E,LAK370 [Uruk IV–III (~3400–3000 BCE) | Archaic / Uruk]; ASY238 [Standard Babylonian (any period) | Akkadian syllabary]; ABZL281 [Old Babylonian (~2000–1600 BCE) | School texts]; BAU189 [Early Dynastic (~2900–2340 BCE) | Lagash]; BAU192 [Early Dynastic (~2900–2340 BCE) | Lagash]; ELLES202 [Early Dynastic (~2900–2340 BCE) | Ebla]; GCSL155 [Gudea period (~2100 BCE) | Lagash / Girsu]; HZL333 [Hittite period (~1650–1180 BCE) | Hittite]; KWU483 [Ur III (~2112–2004 BCE) | Administrative]; MZL644 [Standard Babylonian (any period) | Akkado-Babylonian]; PTACE177 [Early Dynastic (~2900–2340 BCE) | Ebla]; RSP315 [Early Dynastic (~2900–2340 BCE) | Presargonic Lagash]; SLLHA401 [Standard Babylonian (any period) | Akkado-Babylonian]; SYA209 [Standard Babylonian (any period) | Akkadian syllabary]
U+1212D,|HI×AŠ₂.SAG|,|HI+AŠ₂.SAG|,1,𒄭,𒄭𒀾𒊕,U+1212D; U+1203E; U+12295,
U+1203E,|HI×AŠ₂.SAG|,|HI+AŠ₂.SAG|,2,𒀾,𒄭𒀾𒊕,U+1212D; U+1203E; U+12295,
U+12295,|HI×AŠ₂.SAG|,|HI+AŠ₂.SAG|,3,𒊕,𒄭𒀾𒊕,U+1212D; U+1203E; U+12295,
U+1212D,|HI×BAD|,|HI.AŠ|,1,𒄭,𒄭𒀸,U+1212D; U+12038,LAK366 [Uruk IV–III (~3400–3000 BCE) | Archaic / Uruk]; ASY235 [Standard Babylonian (any period) | Akkadian syllabary]; ABZL279 [Old Babylonian (~2000–1600 BCE) | School texts]; GCSL152 [Gudea period (~2100 BCE) | Lagash / Girsu]; KWU452 [Ur III (~2112–2004 BCE) | Administrative]; RSP312 [Early Dynastic (~2900–2340 BCE) | Presargonic Lagash]; SYA206 [Standard Babylonian (any period) | Akkadian syllabary]
U+12038,|HI×BAD|,|HI.AŠ|,2,𒀸,𒄭𒀸,U+1212D; U+12038,LAK366 [Uruk IV–III (~3400–3000 BCE) | Archaic / Uruk]; ASY235 [Standard Babylonian (any period) | Akkadian syllabary]; ABZL279 [Old Babylonian (~2000–1600 BCE) | School texts]; GCSL152 [Gudea period (~2100 BCE) | Lagash / Girsu]; KWU452 [Ur III (~2112–2004 BCE) | Administrative]; RSP312 [Early Dynastic (~2900–2340 BCE) | Presargonic Lagash]; SYA206 [Standard Babylonian (any period) | Akkadian syllabary]
U+1212D,|HI×BAD|,|HI.BAD|,1,𒄭,𒄭𒁁,U+1212D; U+12041,LAK366 [Uruk IV–III (~3400–3000 BCE) | Archaic / Uruk]; ASY235 [Standard Babylonian (any period) | Akkadian syllabary]; ABZL279 [Old Babylonian (~2000–1600 BCE) | School texts]; GCSL152 [Gudea period (~2100 BCE) | Lagash / Girsu]; KWU452 [Ur III (~2112–2004 BCE) | Administrative]; RSP312 [Early Dynastic (~2900–2340 BCE) | Presargonic Lagash]; SYA206 [Standard Babylonian (any period) | Akkadian syllabary]
U+12041,|HI×BAD|,|HI.BAD|,2,𒁁,𒄭𒁁,U+1212D; U+12041,LAK366 [Uruk IV–III (~3400–3000 BCE) | Archaic / Uruk]; ASY235 [Standard Babylonian (any period) | Akkadian syllabary]; ABZL279 [Old Babylonian (~2000–1600 BCE) | School texts]; GCSL152 [Gudea period (~2100 BCE) | Lagash / Girsu]; KWU452 [Ur III (~2112–2004 BCE) | Administrative]; RSP312 [Early Dynastic (~2900–2340 BCE) | Presargonic Lagash]; SYA206 [Standard Babylonian (any period) | Akkadian syllabary]
U+1212D,|HI×NUN|,|HI.AŠ.RI|,1,𒄭,𒄭𒀸𒊑,U+1212D; U+12038; U+12291,LAK367 [Uruk IV–III (~3400–3000 BCE) | Archaic / Uruk]; ASY234 [Standard Babylonian (any period) | Akkadian syllabary]; ABZL280 [Old Babylonian (~2000–1600 BCE) | School texts]; ELLES201 [Early Dynastic (~2900–2340 BCE) | Ebla]; GCSL153 [Gudea period (~2100 BCE) | Lagash / Girsu]; HZL332 [Hittite period (~1650–1180 BCE) | Hittite]; KWU485 [Ur III (~2112–2004 BCE) | Administrative]; MZL636 [Standard Babylonian (any period) | Akkado-Babylonian]; PTACE175 [Early Dynastic (~2900–2340 BCE) | Ebla]; SLLHA398 [Standard Babylonian (any period) | Akkado-Babylonian]; SYA205 [Standard Babylonian (any period) | Akkadian syllabary]
U+12038,|HI×NUN|,|HI.AŠ.RI|,2,𒀸,𒄭𒀸𒊑,U+1212D; U+12038; U+12291,LAK367 [Uruk IV–III (~3400–3000 BCE) | Archaic / Uruk]; ASY234 [Standard Babylonian (any period) | Akkadian syllabary]; ABZL280 [Old Babylonian (~2000–1600 BCE) | School texts]; ELLES201 [Early Dynastic (~2900–2340 BCE) | Ebla]; GCSL153 [Gudea period (~2100 BCE) | Lagash / Girsu]; HZL332 [Hittite period (~1650–1180 BCE) | Hittite]; KWU485 [Ur III (~2112–2004 BCE) | Administrative]; MZL636 [Standard Babylonian (any period) | Akkado-Babylonian]; PTACE175 [Early Dynastic (~2900–2340 BCE) | Ebla]; SLLHA398 [Standard Babylonian (any period) | Akkado-Babylonian]; SYA205 [Standard Babylonian (any period) | Akkadian syllabary]
U+12291,|HI×NUN|,|HI.AŠ.RI|,3,𒊑,𒄭𒀸𒊑,U+1212D; U+12038; U+12291,LAK367 [Uruk IV–III (~3400–3000 BCE) | Archaic / Uruk]; ASY234 [Standard Babylonian (any period) | Akkadian syllabary]; ABZL280 [Old Babylonian (~2000–1600 BCE) | School texts]; ELLES201 [Early Dynastic (~2900–2340 BCE) | Ebla]; GCSL153 [Gudea period (~2100 BCE) | Lagash / Girsu]; HZL332 [Hittite period (~1650–1180 BCE) | Hittite]; KWU485 [Ur III (~2112–2004 BCE) | Administrative]; MZL636 [Standard Babylonian (any period) | Akkado-Babylonian]; PTACE175 [Early Dynastic (~2900–2340 BCE) | Ebla]; SLLHA398 [Standard Babylonian (any period) | Akkado-Babylonian]; SYA205 [Standard Babylonian (any period) | Akkadian syllabary]
U+1212D,|HI×NUN|,|HI+NUN|,1,𒄭,𒄭𒉣,U+1212D; U+12263,LAK367 [Uruk IV–III (~3400–3000 BCE) | Archaic / Uruk]; ASY234 [Standard Babylonian (any period) | Akkadian syllabary]; ABZL280 [Old Babylonian (~2000–1600 BCE) | School texts]; ELLES201 [Early Dynastic (~2900–2340 BCE) | Ebla]; GCSL153 [Gudea period (~2100 BCE) | Lagash / Girsu]; HZL332 [Hittite period (~1650–1180 BCE) | Hittite]; KWU485 [Ur III (~2112–2004 BCE) | Administrative]; MZL636 [Standard Babylonian (any period) | Akkado-Babylonian]; PTACE175 [Early Dynastic (~2900–2340 BCE) | Ebla]; SLLHA398 [Standard Babylonian (any period) | Akkado-Babylonian]; SYA205 [Standard Babylonian (any period) | Akkadian syllabary]
U+12263,|HI×NUN|,|HI+NUN|,2,𒉣,𒄭𒉣,U+1212D; U+12263,LAK367 [Uruk IV–III (~3400–3000 BCE) | Archaic / Uruk]; ASY234 [Standard Babylonian (any period) | Akkadian syllabary]; ABZL280 [Old Babylonian (~2000–1600 BCE) | School texts]; ELLES201 [Early Dynastic (~2900–2340 BCE) | Ebla]; GCSL153 [Gudea period (~2100 BCE) | Lagash / Girsu]; HZL332 [Hittite period (~1650–1180 BCE) | Hittite]; KWU485 [Ur III (~2112–2004 BCE) | Administrative]; MZL636 [Standard Babylonian (any period) | Akkado-Babylonian]; PTACE175 [Early Dynastic (~2900–2340 BCE) | Ebla]; SLLHA398 [Standard Babylonian (any period) | Akkado-Babylonian]; SYA205 [Standard Babylonian (any period) | Akkadian syllabary]
U+1212D,|HI×NUN.KASKAL|,|HI.KASKAL|,1,𒄭,𒄭𒆜,U+1212D; U+1219C,MZL637 [Standard Babylonian (any period) | Akkado-Babylonian]; SLLHA398+166 [Standard Babylonian (any period) | Akkado-Babylonian]
U+1219C,|HI×NUN.KASKAL|,|HI.KASKAL|,2,𒆜,𒄭𒆜,U+1212D; U+1219C,MZL637 [Standard Babylonian (any period) | Akkado-Babylonian]; SLLHA398+166 [Standard Babylonian (any period) | Akkado-Babylonian]
U+1212D,|HI×NUN.ME|,|HI.AŠ.RI.ME|,1,𒄭,𒄭𒀸𒊑𒈨,U+1212D; U+12038; U+12291; U+12228,LAK368 [Uruk IV–III (~3400–3000 BCE) | Archaic / Uruk]; ABZL282 [Old Babylonian (~2000–1600 BCE) | School texts]; GCSL154 [Gudea period (~2100 BCE) | Lagash / Girsu]; MZL638 [Standard Babylonian (any period) | Akkado-Babylonian]; PTACE176 [Early Dynastic (~2900–2340 BCE) | Ebla]; RSP316 [Early Dynastic (~2900–2340 BCE) | Presargonic Lagash]; SLLHA398_64 [Standard Babylonian (any period) | Akkado-Babylonian]
U+12038,|HI×NUN.ME|,|HI.AŠ.RI.ME|,2,𒀸,𒄭𒀸𒊑𒈨,U+1212D; U+12038; U+12291; U+12228,LAK368 [Uruk IV–III (~3400–3000 BCE) | Archaic / Uruk]; ABZL282 [Old Babylonian (~2000–1600 BCE) | School texts]; GCSL154 [Gudea period (~2100 BCE) | Lagash / Girsu]; MZL638 [Standard Babylonian (any period) | Akkado-Babylonian]; PTACE176 [Early Dynastic (~2900–2340 BCE) | Ebla]; RSP316 [Early Dynastic (~2900–2340 BCE) | Presargonic Lagash]; SLLHA398_64 [Standard Babylonian (any period) | Akkado-Babylonian]
U+12291,|HI×NUN.ME|,|HI.AŠ.RI.ME|,3,𒊑,𒄭𒀸𒊑𒈨,U+1212D; U+12038; U+12291; U+12228,LAK368 [Uruk IV–III (~3400–3000 BCE) | Archaic / Uruk]; ABZL282 [Old Babylonian (~2000–1600 BCE) | School texts]; GCSL154 [Gudea period (~2100 BCE) | Lagash / Girsu]; MZL638 [Standard Babylonian (any period) | Akkado-Babylonian]; PTACE176 [Early Dynastic (~2900–2340 BCE) | Ebla]; RSP316 [Early Dynastic (~2900–2340 BCE) | Presargonic Lagash]; SLLHA398_64 [Standard Babylonian (any period) | Akkado-Babylonian]
U+12228,|HI×NUN.ME|,|HI.AŠ.RI.ME|,4,𒈨,𒄭𒀸𒊑𒈨,U+1212D; U+12038; U+12291; U+12228,LAK368 [Uruk IV–III (~3400–3000 BCE) | Archaic / Uruk]; ABZL282 [Old Babylonian (~2000–1600 BCE) | School texts]; GCSL154 [Gudea period (~2100 BCE) | Lagash / Girsu]; MZL638 [Standard Babylonian (any period) | Akkado-Babylonian]; PTACE176 [Early Dynastic (~2900–2340 BCE) | Ebla]; RSP316 [Early Dynastic (~2900–2340 BCE) | Presargonic Lagash]; SLLHA398_64 [Standard Babylonian (any period) | Akkado-Babylonian]
U+1212D,|HI×NUN.ME|,|HI+AŠ.NUN.ME|,1,𒄭,𒄭𒀸𒉣𒈨,U+1212D; U+12038; U+12263; U+12228,LAK368 [Uruk IV–III (~3400–3000 BCE) | Archaic / Uruk]; ABZL282 [Old Babylonian (~2000–1600 BCE) | School texts]; GCSL154 [Gudea period (~2100 BCE) | Lagash / Girsu]; MZL638 [Standard Babylonian (any period) | Akkado-Babylonian]; PTACE176 [Early Dynastic (~2900–2340 BCE) | Ebla]; RSP316 [Early Dynastic (~2900–2340 BCE) | Presargonic Lagash]; SLLHA398_64 [Standard Babylonian (any period) | Akkado-Babylonian]
U+12038,|HI×NUN.ME|,|HI+AŠ.NUN.ME|,2,𒀸,𒄭𒀸𒉣𒈨,U+1212D; U+12038; U+12263; U+12228,LAK368 [Uruk IV–III (~3400–3000 BCE) | Archaic / Uruk]; ABZL282 [Old Babylonian (~2000–1600 BCE) | School texts]; GCSL154 [Gudea period (~2100 BCE) | Lagash / Girsu]; MZL638 [Standard Babylonian (any period) | Akkado-Babylonian]; PTACE176 [Early Dynastic (~2900–2340 BCE) | Ebla]; RSP316 [Early Dynastic (~2900–2340 BCE) | Presargonic Lagash]; SLLHA398_64 [Standard Babylonian (any period) | Akkado-Babylonian]
U+12263,|HI×NUN.ME|,|HI+AŠ.NUN.ME|,3,𒉣,𒄭𒀸𒉣𒈨,U+1212D; U+12038; U+12263; U+12228,LAK368 [Uruk IV–III (~3400–3000 BCE) | Archaic / Uruk]; ABZL282 [Old Babylonian (~2000–1600 BCE) | School texts]; GCSL154 [Gudea period (~2100 BCE) | Lagash / Girsu]; MZL638 [Standard Babylonian (any period) | Akkado-Babylonian]; PTACE176 [Early Dynastic (~2900–2340 BCE) | Ebla]; RSP316 [Early Dynastic (~2900–2340 BCE) | Presargonic Lagash]; SLLHA398_64 [Standard Babylonian (any period) | Akkado-Babylonian]
U+12228,|HI×NUN.ME|,|HI+AŠ.NUN.ME|,4,𒈨,𒄭𒀸𒉣𒈨,U+1212D; U+12038; U+12263; U+12228,LAK368 [Uruk IV–III (~3400–3000 BCE) | Archaic / Uruk]; ABZL282 [Old Babylonian (~2000–1600 BCE) | School texts]; GCSL154 [Gudea period (~2100 BCE) | Lagash / Girsu]; MZL638 [Standard Babylonian (any period) | Akkado-Babylonian]; PTACE176 [Early Dynastic (~2900–2340 BCE) | Ebla]; RSP316 [Early Dynastic (~2900–2340 BCE) | Presargonic Lagash]; SLLHA398_64 [Standard Babylonian (any period) | Akkado-Babylonian]
U+1212D,|HI×NUN.ME|,|HI+NUN.ME|,1,𒄭,𒄭𒉣𒈨,U+1212D; U+12263; U+12228,LAK368 [Uruk IV–III (~3400–3000 BCE) | Archaic / Uruk]; ABZL282 [Old Babylonian (~2000–1600 BCE) | School texts]; GCSL154 [Gudea period (~2100 BCE) | Lagash / Girsu]; MZL638 [Standard Babylonian (any period) | Akkado-Babylonian]; PTACE176 [Early Dynastic (~2900–2340 BCE) | Ebla]; RSP316 [Early Dynastic (~2900–2340 BCE) | Presargonic Lagash]; SLLHA398_64 [Standard Babylonian (any period) | Akkado-Babylonian]
U+12263,|HI×NUN.ME|,|HI+NUN.ME|,2,𒉣,𒄭𒉣𒈨,U+1212D; U+12263; U+12228,LAK368 [Uruk IV–III (~3400–3000 BCE) | Archaic / Uruk]; ABZL282 [Old Babylonian (~2000–1600 BCE) | School texts]; GCSL154 [Gudea period (~2100 BCE) | Lagash / Girsu]; MZL638 [Standard Babylonian (any period) | Akkado-Babylonian]; PTACE176 [Early Dynastic (~2900–2340 BCE) | Ebla]; RSP316 [Early Dynastic (~2900–2340 BCE) | Presargonic Lagash]; SLLHA398_64 [Standard Babylonian (any period) | Akkado-Babylonian]
U+12228,|HI×NUN.ME|,|HI+NUN.ME|,3,𒈨,𒄭𒉣𒈨,U+1212D; U+12263; U+12228,LAK368 [Uruk IV–III (~3400–3000 BCE) | Archaic / Uruk]; ABZL282 [Old Babylonian (~2000–1600 BCE) | School texts]; GCSL154 [Gudea period (~2100 BCE) | Lagash / Girsu]; MZL638 [Standard Babylonian (any period) | Akkado-Babylonian]; PTACE176 [Early Dynastic (~2900–2340 BCE) | Ebla]; RSP316 [Early Dynastic (~2900–2340 BCE) | Presargonic Lagash]; SLLHA398_64 [Standard Babylonian (any period) | Akkado-Babylonian]
U+1212D,|HU.HI|,|HI.HU|,1,𒄭,𒄭𒄷,U+1212D; U+12137,LAK065 [Uruk IV–III (~3400–3000 BCE) | Archaic / Uruk]; ASY056 [Standard Babylonian (any period) | Akkadian syllabary]; ABZL035 [Old Babylonian (~2000–1600 BCE) | School texts]; BAU037 [Early Dynastic (~2900–2340 BCE) | Lagash]; HZL026 [Hittite period (~1650–1180 BCE) | Hittite]; KWU112 [Ur III (~2112–2004 BCE) | Administrative]; MZL137 [Standard Babylonian (any period) | Akkado-Babylonian]; RSP407 [Early Dynastic (~2900–2340 BCE) | Presargonic Lagash]; SLLHA081 [Standard Babylonian (any period) | Akkado-Babylonian]; SYA049 [Standard Babylonian (any period) | Akkadian syllabary]
U+12137,|HU.HI|,|HI.HU|,2,𒄷,𒄭𒄷,U+1212D; U+12137,LAK065 [Uruk IV–III (~3400–3000 BCE) | Archaic / Uruk]; ASY056 [Standard Babylonian (any period) | Akkadian syllabary]; ABZL035 [Old Babylonian (~2000–1600 BCE) | School texts]; BAU037 [Early Dynastic (~2900–2340 BCE) | Lagash]; HZL026 [Hittite period (~1650–1180 BCE) | Hittite]; KWU112 [Ur III (~2112–2004 BCE) | Administrative]; MZL137 [Standard Babylonian (any period) | Akkado-Babylonian]; RSP407 [Early Dynastic (~2900–2340 BCE) | Presargonic Lagash]; SLLHA081 [Standard Babylonian (any period) | Akkado-Babylonian]; SYA049 [Standard Babylonian (any period) | Akkadian syllabary]
U+1223F,|HU.NA₂|,|NA₂.HU|,1,𒈿,𒈿𒄷,U+1223F; U+12137,GCSL109 [Gudea period (~2100 BCE) | Lagash / Girsu]; LAK068 [Uruk IV–III (~3400–3000 BCE) | Archaic / Uruk]; ASY057 [Standard Babylonian (any period) | Akkadian syllabary]; ABZL036 [Old Babylonian (~2000–1600 BCE) | School texts]; KWU113 [Ur III (~2112–2004 BCE) | Administrative]; MZL138 [Standard Babylonian (any period) | Akkado-Babylonian]; RSP410 [Early Dynastic (~2900–2340 BCE) | Presargonic Lagash]; SLLHA082 [Standard Babylonian (any period) | Akkado-Babylonian]
U+12137,|HU.NA₂|,|NA₂.HU|,2,𒄷,𒈿𒄷,U+1223F; U+12137,GCSL109 [Gudea period (~2100 BCE) | Lagash / Girsu]; LAK068 [Uruk IV–III (~3400–3000 BCE) | Archaic / Uruk]; ASY057 [Standard Babylonian (any period) | Akkadian syllabary]; ABZL036 [Old Babylonian (~2000–1600 BCE) | School texts]; KWU113 [Ur III (~2112–2004 BCE) | Administrative]; MZL138 [Standard Babylonian (any period) | Akkado-Babylonian]; RSP410 [Early Dynastic (~2900–2340 BCE) | Presargonic Lagash]; SLLHA082 [Standard Babylonian (any period) | Akkado-Babylonian]
U+12190,|HU.SI|,|KAD₂.U.SI|,1,𒆐,𒆐𒌋𒋛,U+12190; U+1230B; U+122DB,LAK066 [Uruk IV–III (~3400–3000 BCE) | Archaic / Uruk]; ASY053 [Standard Babylonian (any period) | Akkadian syllabary]; ABZL033 [Old Babylonian (~2000–1600 BCE) | School texts]; ELLES041 [Early Dynastic (~2900–2340 BCE) | Ebla]; GCSL035 [Gudea period (~2100 BCE) | Lagash / Girsu]; KWU114 [Ur III (~2112–2004 BCE) | Administrative]; MZL133 [Standard Babylonian (any period) | Akkado-Babylonian]; PTACE034 [Early Dynastic (~2900–2340 BCE) | Ebla]; RSP409 [Early Dynastic (~2900–2340 BCE) | Presargonic Lagash]; SYA046 [Standard Babylonian (any period) | Akkadian syllabary]
U+1230B,|HU.SI|,|KAD₂.U.SI|,2,𒌋,𒆐𒌋𒋛,U+12190; U+1230B; U+122DB,LAK066 [Uruk IV–III (~3400–3000 BCE) | Archaic / Uruk]; ASY053 [Standard Babylonian (any period) | Akkadian syllabary]; ABZL033 [Old Babylonian (~2000–1600 BCE) | School texts]; ELLES041 [Early Dynastic (~2900–2340 BCE) | Ebla]; GCSL035 [Gudea period (~2100 BCE) | Lagash / Girsu]; KWU114 [Ur III (~2112–2004 BCE) | Administrative]; MZL133 [Standard Babylonian (any period) | Akkado-Babylonian]; PTACE034 [Early Dynastic (~2900–2340 BCE) | Ebla]; RSP409 [Early Dynastic (~2900–2340 BCE) | Presargonic Lagash]; SYA046 [Standard Babylonian (any period) | Akkadian syllabary]
U+122DB,|HU.SI|,|KAD₂.U.SI|,3,𒋛,𒆐𒌋𒋛,U+12190; U+1230B; U+122DB,LAK066 [Uruk IV–III (~3400–3000 BCE) | Archaic / Uruk]; ASY053 [Standard Babylonian (any period) | Akkadian syllabary]; ABZL033 [Old Babylonian (~2000–1600 BCE) | School texts]; ELLES041 [Early Dynastic (~2900–2340 BCE) | Ebla]; GCSL035 [Gudea period (~2100 BCE) | Lagash / Girsu]; KWU114 [Ur III (~2112–2004 BCE) | Administrative]; MZL133 [Standard Babylonian (any period) | Akkado-Babylonian]; PTACE034 [Early Dynastic (~2900–2340 BCE) | Ebla]; RSP409 [Early Dynastic (~2900–2340 BCE) | Presargonic Lagash]; SYA046 [Standard Babylonian (any period) | Akkadian syllabary]
U+12223,|HU.SI|,|MA₂.HU|,1,𒈣,𒈣𒄷,U+12223; U+12137,LAK066 [Uruk IV–III (~3400–3000 BCE) | Archaic / Uruk]; ASY053 [Standard Babylonian (any period) | Akkadian syllabary]; ABZL033 [Old Babylonian (~2000–1600 BCE) | School texts]; ELLES041 [Early Dynastic (~2900–2340 BCE) | Ebla]; GCSL035 [Gudea period (~2100 BCE) | Lagash / Girsu]; KWU114 [Ur III (~2112–2004 BCE) | Administrative]; MZL133 [Standard Babylonian (any period) | Akkado-Babylonian]; PTACE034 [Early Dynastic (~2900–2340 BCE) | Ebla]; RSP409 [Early Dynastic (~2900–2340 BCE) | Presargonic Lagash]; SYA046 [Standard Babylonian (any period) | Akkadian syllabary]
U+12137,|HU.SI|,|MA₂.HU|,2,𒄷,𒈣𒄷,U+12223; U+12137,LAK066 [Uruk IV–III (~3400–3000 BCE) | Archaic / Uruk]; ASY053 [Standard Babylonian (any period) | Akkadian syllabary]; ABZL033 [Old Babylonian (~2000–1600 BCE) | School texts]; ELLES041 [Early Dynastic (~2900–2340 BCE) | Ebla]; GCSL035 [Gudea period (~2100 BCE) | Lagash / Girsu]; KWU114 [Ur III (~2112–2004 BCE) | Administrative]; MZL133 [Standard Babylonian (any period) | Akkado-Babylonian]; PTACE034 [Early Dynastic (~2900–2340 BCE) | Ebla]; RSP409 [Early Dynastic (~2900–2340 BCE) | Presargonic Lagash]; SYA046 [Standard Babylonian (any period) | Akkadian syllabary]
U+1202D,HUL₂,|AN.HUL₂|,1,𒀭,𒀭𒄾,U+1202D; U+1213E,LAK183 [Uruk IV–III (~3400–3000 BCE) | Archaic / Uruk]; ASY297 [Standard Babylonian (any period) | Akkadian syllabary]; ABZL425 [Old Babylonian (~2000–1600 BCE) | School texts]; ELLES108 [Early Dynastic (~2900–2340 BCE) | Ebla]; GCSL197 [Gudea period (~2100 BCE) | Lagash / Girsu]; HZL254 [Hittite period (~1650–1180 BCE) | Hittite]; KWU900 [Ur III (~2112–2004 BCE) | Administrative]; MZL877 [Standard Babylonian (any period) | Akkado-Babylonian]; PTACE029 [Early Dynastic (~2900–2340 BCE) | Ebla]; RSP122 [Early Dynastic (~2900–2340 BCE) | Presargonic Lagash]; SLLHA550 [Standard Babylonian (any period) | Akkado-Babylonian]
U+1213E,HUL₂,|AN.HUL₂|,2,𒄾,𒀭𒄾,U+1202D; U+1213E,LAK183 [Uruk IV–III (~3400–3000 BCE) | Archaic / Uruk]; ASY297 [Standard Babylonian (any period) | Akkadian syllabary]; ABZL425 [Old Babylonian (~2000–1600 BCE) | School texts]; ELLES108 [Early Dynastic (~2900–2340 BCE) | Ebla]; GCSL197 [Gudea period (~2100 BCE) | Lagash / Girsu]; HZL254 [Hittite period (~1650–1180 BCE) | Hittite]; KWU900 [Ur III (~2112–2004 BCE) | Administrative]; MZL877 [Standard Babylonian (any period) | Akkado-Babylonian]; PTACE029 [Early Dynastic (~2900–2340 BCE) | Ebla]; RSP122 [Early Dynastic (~2900–2340 BCE) | Presargonic Lagash]; SLLHA550 [Standard Babylonian (any period) | Akkado-Babylonian]
U+122D9,HUL₂,|ŠU₂.IŠ|,1,𒋙,𒋙𒅖,U+122D9; U+12156,LAK183 [Uruk IV–III (~3400–3000 BCE) | Archaic / Uruk]; ASY297 [Standard Babylonian (any period) | Akkadian syllabary]; ABZL425 [Old Babylonian (~2000–1600 BCE) | School texts]; ELLES108 [Early Dynastic (~2900–2340 BCE) | Ebla]; GCSL197 [Gudea period (~2100 BCE) | Lagash / Girsu]; HZL254 [Hittite period (~1650–1180 BCE) | Hittite]; KWU900 [Ur III (~2112–2004 BCE) | Administrative]; MZL877 [Standard Babylonian (any period) | Akkado-Babylonian]; PTACE029 [Early Dynastic (~2900–2340 BCE) | Ebla]; RSP122 [Early Dynastic (~2900–2340 BCE) | Presargonic Lagash]; SLLHA550 [Standard Babylonian (any period) | Akkado-Babylonian]
U+12156,HUL₂,|ŠU₂.IŠ|,2,𒅖,𒋙𒅖,U+122D9; U+12156,LAK183 [Uruk IV–III (~3400–3000 BCE) | Archaic / Uruk]; ASY297 [Standard Babylonian (any period) | Akkadian syllabary]; ABZL425 [Old Babylonian (~2000–1600 BCE) | School texts]; ELLES108 [Early Dynastic (~2900–2340 BCE) | Ebla]; GCSL197 [Gudea period (~2100 BCE) | Lagash / Girsu]; HZL254 [Hittite period (~1650–1180 BCE) | Hittite]; KWU900 [Ur III (~2112–2004 BCE) | Administrative]; MZL877 [Standard Babylonian (any period) | Akkado-Babylonian]; PTACE029 [Early Dynastic (~2900–2340 BCE) | Ebla]; RSP122 [Early Dynastic (~2900–2340 BCE) | Presargonic Lagash]; SLLHA550 [Standard Babylonian (any period) | Akkado-Babylonian]
U+122D9,HUL₂,|ŠU₂.NISAG|,1,𒋙,𒋙𒉠,U+122D9; U+12260,LAK183 [Uruk IV–III (~3400–3000 BCE) | Archaic / Uruk]; ASY297 [Standard Babylonian (any period) | Akkadian syllabary]; ABZL425 [Old Babylonian (~2000–1600 BCE) | School texts]; ELLES108 [Early Dynastic (~2900–2340 BCE) | Ebla]; GCSL197 [Gudea period (~2100 BCE) | Lagash / Girsu]; HZL254 [Hittite period (~1650–1180 BCE) | Hittite]; KWU900 [Ur III (~2112–2004 BCE) | Administrative]; MZL877 [Standard Babylonian (any period) | Akkado-Babylonian]; PTACE029 [Early Dynastic (~2900–2340 BCE) | Ebla]; RSP122 [Early Dynastic (~2900–2340 BCE) | Presargonic Lagash]; SLLHA550 [Standard Babylonian (any period) | Akkado-Babylonian]
U+12260,HUL₂,|ŠU₂.NISAG|,2,𒉠,𒋙𒉠,U+122D9; U+12260,LAK183 [Uruk IV–III (~3400–3000 BCE) | Archaic / Uruk]; ASY297 [Standard Babylonian (any period) | Akkadian syllabary]; ABZL425 [Old Babylonian (~2000–1600 BCE) | School texts]; ELLES108 [Early Dynastic (~2900–2340 BCE) | Ebla]; GCSL197 [Gudea period (~2100 BCE) | Lagash / Girsu]; HZL254 [Hittite period (~1650–1180 BCE) | Hittite]; KWU900 [Ur III (~2112–2004 BCE) | Administrative]; MZL877 [Standard Babylonian (any period) | Akkado-Babylonian]; PTACE029 [Early Dynastic (~2900–2340 BCE) | Ebla]; RSP122 [Early Dynastic (~2900–2340 BCE) | Presargonic Lagash]; SLLHA550 [Standard Babylonian (any period) | Akkado-Babylonian]
U+122D9,HUL₂,|ŠU₂.RA|,1,𒋙,𒋙𒊏,U+122D9; U+1228F,LAK183 [Uruk IV–III (~3400–3000 BCE) | Archaic / Uruk]; ASY297 [Standard Babylonian (any period) | Akkadian syllabary]; ABZL425 [Old Babylonian (~2000–1600 BCE) | School texts]; ELLES108 [Early Dynastic (~2900–2340 BCE) | Ebla]; GCSL197 [Gudea period (~2100 BCE) | Lagash / Girsu]; HZL254 [Hittite period (~1650–1180 BCE) | Hittite]; KWU900 [Ur III (~2112–2004 BCE) | Administrative]; MZL877 [Standard Babylonian (any period) | Akkado-Babylonian]; PTACE029 [Early Dynastic (~2900–2340 BCE) | Ebla]; RSP122 [Early Dynastic (~2900–2340 BCE) | Presargonic Lagash]; SLLHA550 [Standard Babylonian (any period) | Akkado-Babylonian]
U+1228F,HUL₂,|ŠU₂.RA|,2,𒊏,𒋙𒊏,U+122D9; U+1228F,LAK183 [Uruk IV–III (~3400–3000 BCE) | Archaic / Uruk]; ASY297 [Standard Babylonian (any period) | Akkadian syllabary]; ABZL425 [Old Babylonian (~2000–1600 BCE) | School texts]; ELLES108 [Early Dynastic (~2900–2340 BCE) | Ebla]; GCSL197 [Gudea period (~2100 BCE) | Lagash / Girsu]; HZL254 [Hittite period (~1650–1180 BCE) | Hittite]; KWU900 [Ur III (~2112–2004 BCE) | Administrative]; MZL877 [Standard Babylonian (any period) | Akkado-Babylonian]; PTACE029 [Early Dynastic (~2900–2340 BCE) | Ebla]; RSP122 [Early Dynastic (~2900–2340 BCE) | Presargonic Lagash]; SLLHA550 [Standard Babylonian (any period) | Akkado-Babylonian]
U+12146,|IGI.E₂|,|IGI.KID|,1,𒅆,𒅆𒆤,U+12146; U+121A4,LAK429 [Uruk IV–III (~3400–3000 BCE) | Archaic / Uruk]; ABZL236 [Old Babylonian (~2000–1600 BCE) | School texts]; GCSL184 [Gudea period (~2100 BCE) | Lagash / Girsu]; MZL728 [Standard Babylonian (any period) | Akkado-Babylonian]; SLLHA449_145 [Standard Babylonian (any period) | Akkado-Babylonian]
U+121A4,|IGI.E₂|,|IGI.KID|,2,𒆤,𒅆𒆤,U+12146; U+121A4,LAK429 [Uruk IV–III (~3400–3000 BCE) | Archaic / Uruk]; ABZL236 [Old Babylonian (~2000–1600 BCE) | School texts]; GCSL184 [Gudea period (~2100 BCE) | Lagash / Girsu]; MZL728 [Standard Babylonian (any period) | Akkado-Babylonian]; SLLHA449_145 [Standard Babylonian (any period) | Akkado-Babylonian]
U+12146,|IGI.E₂|,|IGI.KISAL|,1,𒅆,𒅆𒆦,U+12146; U+121A6,ABZL236 [Old Babylonian (~2000–1600 BCE) | School texts]; GCSL184 [Gudea period (~2100 BCE) | Lagash / Girsu]; MZL728 [Standard Babylonian (any period) | Akkado-Babylonian]; SLLHA449_145 [Standard Babylonian (any period) | Akkado-Babylonian]
U+121A6,|IGI.E₂|,|IGI.KISAL|,2,𒆦,𒅆𒆦,U+12146; U+121A6,ABZL236 [Old Babylonian (~2000–1600 BCE) | School texts]; GCSL184 [Gudea period (~2100 BCE) | Lagash / Girsu]; MZL728 [Standard Babylonian (any period) | Akkado-Babylonian]; SLLHA449_145 [Standard Babylonian (any period) | Akkado-Babylonian]
U+12146,|IGI.EŠ₂|,|IGI.LU|,1,𒅆,𒅆𒇻,U+12146; U+121FB,KWU568 [Ur III (~2112–2004 BCE) | Administrative]; LAK434 [Uruk IV–III (~3400–3000 BCE) | Archaic / Uruk]; ABZL239a [Old Babylonian (~2000–1600 BCE) | School texts]; BAU244 [Early Dynastic (~2900–2340 BCE) | Lagash]; HZL265 [Hittite period (~1650–1180 BCE) | Hittite]; MZL732 [Standard Babylonian (any period) | Akkado-Babylonian]; PTACE204 [Early Dynastic (~2900–2340 BCE) | Ebla]; SLLHA455 [Standard Babylonian (any period) | Akkado-Babylonian]
U+121FB,|IGI.EŠ₂|,|IGI.LU|,2,𒇻,𒅆𒇻,U+12146; U+121FB,KWU568 [Ur III (~2112–2004 BCE) | Administrative]; LAK434 [Uruk IV–III (~3400–3000 BCE) | Archaic / Uruk]; ABZL239a [Old Babylonian (~2000–1600 BCE) | School texts]; BAU244 [Early Dynastic (~2900–2340 BCE) | Lagash]; HZL265 [Hittite period (~1650–1180 BCE) | Hittite]; MZL732 [Standard Babylonian (any period) | Akkado-Babylonian]; PTACE204 [Early Dynastic (~2900–2340 BCE) | Ebla]; SLLHA455 [Standard Babylonian (any period) | Akkado-Babylonian]
U+12146,|IGI.KAK|,|IGI.NI|,1,𒅆,𒅆𒉌,U+12146; U+1224C,
U+1224C,|IGI.KAK|,|IGI.NI|,2,𒉌,𒅆𒉌,U+12146; U+1224C,
U+12146,|IGI.TUR.TUR|,|IGI.TUR|,1,𒅆,𒅆𒌉,U+12146; U+12309,
U+12309,|IGI.TUR.TUR|,|IGI.TUR|,2,𒌉,𒅆𒌉,U+12146; U+12309,
U+12192,IL₂,|KAD₄.SAG|,1,𒆒,𒆒𒊕,U+12192; U+12295,LAK172 [Uruk IV–III (~3400–3000 BCE) | Archaic / Uruk]; ASY171 [Standard Babylonian (any period) | Akkadian syllabary]; ABZL204 [Old Babylonian (~2000–1600 BCE) | School texts]; BAU412 [Early Dynastic (~2900–2340 BCE) | Lagash]; GCSL082 [Gudea period (~2100 BCE) | Lagash / Girsu]; HZL161 [Hittite period (~1650–1180 BCE) | Hittite]; KWU319 [Ur III (~2112–2004 BCE) | Administrative]; MZL493 [Standard Babylonian (any period) | Akkado-Babylonian]; PTACE113 [Early Dynastic (~2900–2340 BCE) | Ebla]; RSP432 [Early Dynastic (~2900–2340 BCE) | Presargonic Lagash]; SLLHA320 [Standard Babylonian (any period) | Akkado-Babylonian]; SYA149 [Standard Babylonian (any period) | Akkadian syllabary]
U+12295,IL₂,|KAD₄.SAG|,2,𒊕,𒆒𒊕,U+12192; U+12295,LAK172 [Uruk IV–III (~3400–3000 BCE) | Archaic / Uruk]; ASY171 [Standard Babylonian (any period) | Akkadian syllabary]; ABZL204 [Old Babylonian (~2000–1600 BCE) | School texts]; BAU412 [Early Dynastic (~2900–2340 BCE) | Lagash]; GCSL082 [Gudea period (~2100 BCE) | Lagash / Girsu]; HZL161 [Hittite period (~1650–1180 BCE) | Hittite]; KWU319 [Ur III (~2112–2004 BCE) | Administrative]; MZL493 [Standard Babylonian (any period) | Akkado-Babylonian]; PTACE113 [Early Dynastic (~2900–2340 BCE) | Ebla]; RSP432 [Early Dynastic (~2900–2340 BCE) | Presargonic Lagash]; SLLHA320 [Standard Babylonian (any period) | Akkado-Babylonian]; SYA149 [Standard Babylonian (any period) | Akkadian syllabary]
U+1214E,|IM×TAK₄|,|IM.TAK₄|,1,𒅎,𒅎𒋺,U+1214E; U+122FA,LAK378 [Uruk IV–III (~3400–3000 BCE) | Archaic / Uruk]; KWU477 [Ur III (~2112–2004 BCE) | Administrative]; MZL642 [Standard Babylonian (any period) | Akkado-Babylonian]; RSP332 [Early Dynastic (~2900–2340 BCE) | Presargonic Lagash]; SLLHA399_51 [Standard Babylonian (any period) | Akkado-Babylonian]
U+122FA,|IM×TAK₄|,|IM.TAK₄|,2,𒋺,𒅎𒋺,U+1214E; U+122FA,LAK378 [Uruk IV–III (~3400–3000 BCE) | Archaic / Uruk]; KWU477 [Ur III (~2112–2004 BCE) | Administrative]; MZL642 [Standard Babylonian (any period) | Akkado-Babylonian]; RSP332 [Early Dynastic (~2900–2340 BCE) | Presargonic Lagash]; SLLHA399_51 [Standard Babylonian (any period) | Akkado-Babylonian]
U+1234F,|IŠ.UD.KA.BAR|,|URUDA.IŠ|,1,𒍏,𒍏𒅖,U+1234F; U+12156,
U+12156,|IŠ.UD.KA.BAR|,|URUDA.IŠ|,2,𒅖,𒍏𒅖,U+1234F; U+12156,
U+12157,|KA.NU|,|KA.NUN|,1,𒅗,𒅗𒉣,U+12157; U+12263,
U+12263,|KA.NU|,|KA.NUN|,2,𒉣,𒅗𒉣,U+12157; U+12263,
U+12157,|KA×(AD.KU₃)|,|KA.AD.KU₃|,1,𒅗,𒅗𒀜𒆬,U+12157; U+1201C; U+121AC,MZL034 [Standard Babylonian (any period) | Akkado-Babylonian]; SLLHA020 [Standard Babylonian (any period) | Akkado-Babylonian]
U+1201C,|KA×(AD.KU₃)|,|KA.AD.KU₃|,2,𒀜,𒅗𒀜𒆬,U+12157; U+1201C; U+121AC,MZL034 [Standard Babylonian (any period) | Akkado-Babylonian]; SLLHA020 [Standard Babylonian (any period) | Akkado-Babylonian]
U+121AC,|KA×(AD.KU₃)|,|KA.AD.KU₃|,3,𒆬,𒅗𒀜𒆬,U+12157; U+1201C; U+121AC,MZL034 [Standard Babylonian (any period) | Akkado-Babylonian]; SLLHA020 [Standard Babylonian (any period) | Akkado-Babylonian]
U+12183,|KA×GAN₂@t.ŠA|,|KA×ŠU.ŠA|,1,𒆃,𒆃𒊭,U+12183; U+122AD,RSP202^a [Early Dynastic (~2900–2340 BCE) | Presargonic Lagash]
U+122AD,|KA×GAN₂@t.ŠA|,|KA×ŠU.ŠA|,2,𒊭,𒆃𒊭,U+12183; U+122AD,RSP202^a [Early Dynastic (~2900–2340 BCE) | Presargonic Lagash]
U+12157,|KA×GAR|,|KA.GAR|,1,𒅗,𒅗𒃻,U+12157; U+120FB,LAK330 [Uruk IV–III (~3400–3000 BCE) | Archaic / Uruk]; ABZL329 [Old Babylonian (~2000–1600 BCE) | School texts]; BAU231 [Early Dynastic (~2900–2340 BCE) | Lagash]; GCSL146 [Gudea period (~2100 BCE) | Lagash / Girsu]; HZL149 [Hittite period (~1650–1180 BCE) | Hittite]; KWU425 [Ur III (~2112–2004 BCE) | Administrative]; MZL065 [Standard Babylonian (any period) | Akkado-Babylonian]; PTACE170 [Early Dynastic (~2900–2340 BCE) | Ebla]; RSP200 [Early Dynastic (~2900–2340 BCE) | Presargonic Lagash]; SLLHA036 [Standard Babylonian (any period) | Akkado-Babylonian]
U+120FB,|KA×GAR|,|KA.GAR|,2,𒃻,𒅗𒃻,U+12157; U+120FB,LAK330 [Uruk IV–III (~3400–3000 BCE) | Archaic / Uruk]; ABZL329 [Old Babylonian (~2000–1600 BCE) | School texts]; BAU231 [Early Dynastic (~2900–2340 BCE) | Lagash]; GCSL146 [Gudea period (~2100 BCE) | Lagash / Girsu]; HZL149 [Hittite period (~1650–1180 BCE) | Hittite]; KWU425 [Ur III (~2112–2004 BCE) | Administrative]; MZL065 [Standard Babylonian (any period) | Akkado-Babylonian]; PTACE170 [Early Dynastic (~2900–2340 BCE) | Ebla]; RSP200 [Early Dynastic (~2900–2340 BCE) | Presargonic Lagash]; SLLHA036 [Standard Babylonian (any period) | Akkado-Babylonian]
U+12157,|KA×(GIŠ%GIŠ)|,|KA.GIŠ%GIŠ|,1,𒅗,𒅗𒄒,U+12157; U+12112,MZL037 [Standard Babylonian (any period) | Akkado-Babylonian]; SLLHA023 [Standard Babylonian (any period) | Akkado-Babylonian]
U+12112,|KA×(GIŠ%GIŠ)|,|KA.GIŠ%GIŠ|,2,𒄒,𒅗𒄒,U+12157; U+12112,MZL037 [Standard Babylonian (any period) | Akkado-Babylonian]; SLLHA023 [Standard Babylonian (any period) | Akkado-Babylonian]
U+12157,|KA×IM|,|KA.IM|,1,𒅗,𒅗𒅎,U+12157; U+1214E,LAK326 [Uruk IV–III (~3400–3000 BCE) | Archaic / Uruk]; ABZL322 [Old Babylonian (~2000–1600 BCE) | School texts]; HZL144 [Hittite period (~1650–1180 BCE) | Hittite]; KWU421 [Ur III (~2112–2004 BCE) | Administrative]; MZL054 [Standard Babylonian (any period) | Akkado-Babylonian]; RSP203 [Early Dynastic (~2900–2340 BCE) | Presargonic Lagash]; SLLHA030 [Standard Babylonian (any period) | Akkado-Babylonian]
U+1214E,|KA×IM|,|KA.IM|,2,𒅎,𒅗𒅎,U+12157; U+1214E,LAK326 [Uruk IV–III (~3400–3000 BCE) | Archaic / Uruk]; ABZL322 [Old Babylonian (~2000–1600 BCE) | School texts]; HZL144 [Hittite period (~1650–1180 BCE) | Hittite]; KWU421 [Ur III (~2112–2004 BCE) | Administrative]; MZL054 [Standard Babylonian (any period) | Akkado-Babylonian]; RSP203 [Early Dynastic (~2900–2340 BCE) | Presargonic Lagash]; SLLHA030 [Standard Babylonian (any period) | Akkado-Babylonian]
U+12157,|KA×LI|,|KA.LI|,1,𒅗,𒅗𒇷,U+12157; U+121F7,ABZL325 [Old Babylonian (~2000–1600 BCE) | School texts]; HZL146 [Hittite period (~1650–1180 BCE) | Hittite]; MZL026 [Standard Babylonian (any period) | Akkado-Babylonian]; SLLHA016 [Standard Babylonian (any period) | Akkado-Babylonian]
U+121F7,|KA×LI|,|KA.LI|,2,𒇷,𒅗𒇷,U+12157; U+121F7,ABZL325 [Old Babylonian (~2000–1600 BCE) | School texts]; HZL146 [Hittite period (~1650–1180 BCE) | Hittite]; MZL026 [Standard Babylonian (any period) | Akkado-Babylonian]; SLLHA016 [Standard Babylonian (any period) | Akkado-Babylonian]
U+12157,|KA×LUM|,|KA.LUM|,1,𒅗,𒅗𒈝,U+12157; U+1221D,HZL142 [Hittite period (~1650–1180 BCE) | Hittite]; MZL070 [Standard Babylonian (any period) | Akkado-Babylonian]
U+1221D,|KA×LUM|,|KA.LUM|,2,𒈝,𒅗𒈝,U+12157; U+1221D,HZL142 [Hittite period (~1650–1180 BCE) | Hittite]; MZL070 [Standard Babylonian (any period) | Akkado-Babylonian]
U+12157,|KA×ME|,|KA.ME|,1,𒅗,𒅗𒈨,U+12157; U+12228,LAK334 [Uruk IV–III (~3400–3000 BCE) | Archaic / Uruk]; ASY019 [Standard Babylonian (any period) | Akkadian syllabary]; ABZL326 [Old Babylonian (~2000–1600 BCE) | School texts]; ELLES187 [Early Dynastic (~2900–2340 BCE) | Ebla]; GCSL147 [Gudea period (~2100 BCE) | Lagash / Girsu]; HZL147 [Hittite period (~1650–1180 BCE) | Hittite]; KWU426 [Ur III (~2112–2004 BCE) | Administrative]; MZL061 [Standard Babylonian (any period) | Akkado-Babylonian]; PTACE171 [Early Dynastic (~2900–2340 BCE) | Ebla]; RSP198 [Early Dynastic (~2900–2340 BCE) | Presargonic Lagash]; SLLHA032 [Standard Babylonian (any period) | Akkado-Babylonian]
U+12228,|KA×ME|,|KA.ME|,2,𒈨,𒅗𒈨,U+12157; U+12228,LAK334 [Uruk IV–III (~3400–3000 BCE) | Archaic / Uruk]; ASY019 [Standard Babylonian (any period) | Akkadian syllabary]; ABZL326 [Old Babylonian (~2000–1600 BCE) | School texts]; ELLES187 [Early Dynastic (~2900–2340 BCE) | Ebla]; GCSL147 [Gudea period (~2100 BCE) | Lagash / Girsu]; HZL147 [Hittite period (~1650–1180 BCE) | Hittite]; KWU426 [Ur III (~2112–2004 BCE) | Administrative]; MZL061 [Standard Babylonian (any period) | Akkado-Babylonian]; PTACE171 [Early Dynastic (~2900–2340 BCE) | Ebla]; RSP198 [Early Dynastic (~2900–2340 BCE) | Presargonic Lagash]; SLLHA032 [Standard Babylonian (any period) | Akkado-Babylonian]
U+12157,|KA×NE|,|KA.NE|,1,𒅗,𒅗𒉈,U+12157; U+12248,ABZL313 [Old Babylonian (~2000–1600 BCE) | School texts]; MZL035 [Standard Babylonian (any period) | Akkado-Babylonian]; SLLHA022x [Standard Babylonian (any period) | Akkado-Babylonian]
U+12248,|KA×NE|,|KA.NE|,2,𒉈,𒅗𒉈,U+12157; U+12248,ABZL313 [Old Babylonian (~2000–1600 BCE) | School texts]; MZL035 [Standard Babylonian (any period) | Akkado-Babylonian]; SLLHA022x [Standard Babylonian (any period) | Akkado-Babylonian]
U+12157,|KA×SAR|,|KA.SAR|,1,𒅗,𒅗𒊬,U+12157; U+122AC,LAK325 [Uruk IV–III (~3400–3000 BCE) | Archaic / Uruk]; ABZL324 [Old Babylonian (~2000–1600 BCE) | School texts]; BAU235 [Early Dynastic (~2900–2340 BCE) | Lagash]; KWU424 [Ur III (~2112–2004 BCE) | Administrative]; MZL045 [Standard Babylonian (any period) | Akkado-Babylonian]; RSP207 [Early Dynastic (~2900–2340 BCE) | Presargonic Lagash]; SLLHA021 [Standard Babylonian (any period) | Akkado-Babylonian]
U+122AC,|KA×SAR|,|KA.SAR|,2,𒊬,𒅗𒊬,U+12157; U+122AC,LAK325 [Uruk IV–III (~3400–3000 BCE) | Archaic / Uruk]; ABZL324 [Old Babylonian (~2000–1600 BCE) | School texts]; BAU235 [Early Dynastic (~2900–2340 BCE) | Lagash]; KWU424 [Ur III (~2112–2004 BCE) | Administrative]; MZL045 [Standard Babylonian (any period) | Akkado-Babylonian]; RSP207 [Early Dynastic (~2900–2340 BCE) | Presargonic Lagash]; SLLHA021 [Standard Babylonian (any period) | Akkado-Babylonian]
U+122BA,|KA×ŠE|,|ŠE.KA|,1,𒊺,𒊺𒅗,U+122BA; U+12157,LAK322 [Uruk IV–III (~3400–3000 BCE) | Archaic / Uruk]; ABZL323 [Old Babylonian (~2000–1600 BCE) | School texts]; HZL145 [Hittite period (~1650–1180 BCE) | Hittite]; KWU423 [Ur III (~2112–2004 BCE) | Administrative]; MZL050 [Standard Babylonian (any period) | Akkado-Babylonian]; RSP205 [Early Dynastic (~2900–2340 BCE) | Presargonic Lagash]; SLLHA027 [Standard Babylonian (any period) | Akkado-Babylonian]
U+12157,|KA×ŠE|,|ŠE.KA|,2,𒅗,𒊺𒅗,U+122BA; U+12157,LAK322 [Uruk IV–III (~3400–3000 BCE) | Archaic / Uruk]; ABZL323 [Old Babylonian (~2000–1600 BCE) | School texts]; HZL145 [Hittite period (~1650–1180 BCE) | Hittite]; KWU423 [Ur III (~2112–2004 BCE) | Administrative]; MZL050 [Standard Babylonian (any period) | Akkado-Babylonian]; RSP205 [Early Dynastic (~2900–2340 BCE) | Presargonic Lagash]; SLLHA027 [Standard Babylonian (any period) | Akkado-Babylonian]
U+12157,|KA×TAR|,|KA.TAR|,1,𒅗,𒅗𒋻,U+12157; U+122FB,
U+122FB,|KA×TAR|,|KA.TAR|,2,𒋻,𒅗𒋻,U+12157; U+122FB,
U+12157,|KA×X|,|KA.X|,1,𒅗,𒅗X,U+12157; O,
O,|KA×X|,|KA.X|,2,,𒅗X,U+12157; O,
U+12195,|KAK.GIŠ|,|KAK+DIŠ|,1,𒆕,𒆕𒁹,U+12195; U+12079,LAK505 [Uruk IV–III (~3400–3000 BCE) | Archaic / Uruk]; ELLES260 [Early Dynastic (~2900–2340 BCE) | Ebla]; PTACE217 [Early Dynastic (~2900–2340 BCE) | Ebla]
U+12079,|KAK.GIŠ|,|KAK+DIŠ|,2,𒁹,𒆕𒁹,U+12195; U+12079,LAK505 [Uruk IV–III (~3400–3000 BCE) | Archaic / Uruk]; ELLES260 [Early Dynastic (~2900–2340 BCE) | Ebla]; PTACE217 [Early Dynastic (~2900–2340 BCE) | Ebla]
U+1219C,|KASKAL.HI×NUN|,|KASKAL.HI|,1,𒆜,𒆜𒄭,U+1219C; U+1212D,MZL306 [Standard Babylonian (any period) | Akkado-Babylonian]; SLLHA166+398 [Standard Babylonian (any period) | Akkado-Babylonian]
U+1212D,|KASKAL.HI×NUN|,|KASKAL.HI|,2,𒄭,𒆜𒄭,U+1219C; U+1212D,MZL306 [Standard Babylonian (any period) | Akkado-Babylonian]; SLLHA166+398 [Standard Babylonian (any period) | Akkado-Babylonian]
X,|KASKAL&KASKAL.LAGAB&LAGAB|,|KASKAL&KASKAL.DU&DU.BAD&BAD|,1,,X𒁻󰂅,X; U+1207B; U+F0085,
U+1207B,|KASKAL&KASKAL.LAGAB&LAGAB|,|KASKAL&KASKAL.DU&DU.BAD&BAD|,2,𒁻,X𒁻󰂅,X; U+1207B; U+F0085,
U+F0085,|KASKAL&KASKAL.LAGAB&LAGAB|,|KASKAL&KASKAL.DU&DU.BAD&BAD|,3,,X𒁻󰂅,X; U+1207B; U+F0085,
U+12049,|KI.BI|,|BI.KI|,1,𒁉,𒁉𒆠,U+12049; U+121A0,
U+121A0,|KI.BI|,|BI.KI|,2,𒆠,𒁉𒆠,U+12049; U+121A0,
U+12049,|KI.BI.GAR|,|BI.KI.GAR|,1,𒁉,𒁉𒆠𒃻,U+12049; U+121A0; U+120FB,
U+121A0,|KI.BI.GAR|,|BI.KI.GAR|,2,𒆠,𒁉𒆠𒃻,U+12049; U+121A0; U+120FB,
U+120FB,|KI.BI.GAR|,|BI.KI.GAR|,3,𒃻,𒁉𒆠𒃻,U+12049; U+121A0; U+120FB,
U+121A0,|KI.BI.GAR|,|KI.GAR.BI|,1,𒆠,𒆠𒃻𒁉,U+121A0; U+120FB; U+12049,
U+120FB,|KI.BI.GAR|,|KI.GAR.BI|,2,𒃻,𒆠𒃻𒁉,U+121A0; U+120FB; U+12049,
U+12049,|KI.BI.GAR|,|KI.GAR.BI|,3,𒁉,𒆠𒃻𒁉,U+121A0; U+120FB; U+12049,
U+121A0,|KI.KAL×BAD|,|KI.KAL.BAD|,1,𒆠,𒆠𒆗𒁁,U+121A0; U+12197; U+12041,
U+12197,|KI.KAL×BAD|,|KI.KAL.BAD|,2,𒆗,𒆠𒆗𒁁,U+121A0; U+12197; U+12041,
U+12041,|KI.KAL×BAD|,|KI.KAL.BAD|,3,𒁁,𒆠𒆗𒁁,U+121A0; U+12197; U+12041,
U+121A0,|KI.KAL×BAD|,|KI.KAL.IDIM|,1,𒆠,𒆠𒆗𒅂,U+121A0; U+12197; U+12142,
U+12197,|KI.KAL×BAD|,|KI.KAL.IDIM|,2,𒆗,𒆠𒆗𒅂,U+121A0; U+12197; U+12142,
U+12142,|KI.KAL×BAD|,|KI.KAL.IDIM|,3,𒅂,𒆠𒆗𒅂,U+121A0; U+12197; U+12142,
U+12217,|KI.LUGAL.DU|,|LUGAL.KI.DU|,1,𒈗,𒈗𒆠𒁺,U+12217; U+121A0; U+1207A,
U+121A0,|KI.LUGAL.DU|,|LUGAL.KI.DU|,2,𒆠,𒈗𒆠𒁺,U+12217; U+121A0; U+1207A,
U+1207A,|KI.LUGAL.DU|,|LUGAL.KI.DU|,3,𒁺,𒈗𒆠𒁺,U+12217; U+121A0; U+1207A,
U+121A0,|KI.NE|,|KI.NE@s|,1,𒆠,𒆠𒉋,U+121A0; U+1224B,
U+1224B,|KI.NE|,|KI.NE@s|,2,𒉋,𒆠𒉋,U+121A0; U+1224B,
U+121A0,|KI.SAG.SAL|,|KI.KA.SAL|,1,𒆠,𒆠𒅗𒊩,U+121A0; U+12157; U+122A9,
U+12157,|KI.SAG.SAL|,|KI.KA.SAL|,2,𒅗,𒆠𒅗𒊩,U+121A0; U+12157; U+122A9,
U+122A9,|KI.SAG.SAL|,|KI.KA.SAL|,3,𒊩,𒆠𒅗𒊩,U+121A0; U+12157; U+122A9,
U+121A0,|KI.SU.LU.EŠ₂.GAR|,|KI.LU.EŠ₂|,1,𒆠,𒆠𒇻𒂠,U+121A0; U+121FB; U+120A0,
U+121FB,|KI.SU.LU.EŠ₂.GAR|,|KI.LU.EŠ₂|,2,𒇻,𒆠𒇻𒂠,U+121A0; U+121FB; U+120A0,
U+120A0,|KI.SU.LU.EŠ₂.GAR|,|KI.LU.EŠ₂|,3,𒂠,𒆠𒇻𒂠,U+121A0; U+121FB; U+120A0,
U+121A0,|KI.SU.LU.EŠ₂.GAR|,|KI.LU.EŠ₂.GAR|,1,𒆠,𒆠𒇻𒂠𒃻,U+121A0; U+121FB; U+120A0; U+120FB,
U+121FB,|KI.SU.LU.EŠ₂.GAR|,|KI.LU.EŠ₂.GAR|,2,𒇻,𒆠𒇻𒂠𒃻,U+121A0; U+121FB; U+120A0; U+120FB,
U+120A0,|KI.SU.LU.EŠ₂.GAR|,|KI.LU.EŠ₂.GAR|,3,𒂠,𒆠𒇻𒂠𒃻,U+121A0; U+121FB; U+120A0; U+120FB,
U+120FB,|KI.SU.LU.EŠ₂.GAR|,|KI.LU.EŠ₂.GAR|,4,𒃻,𒆠𒇻𒂠𒃻,U+121A0; U+121FB; U+120A0; U+120FB,
U+121A0,|KI.SU.LU.EŠ₂.GAR|,|KI.LU.EŠ₂.GAR.SU.GAR.RA|,1,𒆠,𒆠𒇻𒂠𒃻𒋢𒃻𒊏,U+121A0; U+121FB; U+120A0; U+120FB; U+122E2; U+120FB; U+1228F,
U+121FB,|KI.SU.LU.EŠ₂.GAR|,|KI.LU.EŠ₂.GAR.SU.GAR.RA|,2,𒇻,𒆠𒇻𒂠𒃻𒋢𒃻𒊏,U+121A0; U+121FB; U+120A0; U+120FB; U+122E2; U+120FB; U+1228F,
U+120A0,|KI.SU.LU.EŠ₂.GAR|,|KI.LU.EŠ₂.GAR.SU.GAR.RA|,3,𒂠,𒆠𒇻𒂠𒃻𒋢𒃻𒊏,U+121A0; U+121FB; U+120A0; U+120FB; U+122E2; U+120FB; U+1228F,
U+120FB,|KI.SU.LU.EŠ₂.GAR|,|KI.LU.EŠ₂.GAR.SU.GAR.RA|,4,𒃻,𒆠𒇻𒂠𒃻𒋢𒃻𒊏,U+121A0; U+121FB; U+120A0; U+120FB; U+122E2; U+120FB; U+1228F,
U+122E2,|KI.SU.LU.EŠ₂.GAR|,|KI.LU.EŠ₂.GAR.SU.GAR.RA|,5,𒋢,𒆠𒇻𒂠𒃻𒋢𒃻𒊏,U+121A0; U+121FB; U+120A0; U+120FB; U+122E2; U+120FB; U+1228F,
U+120FB,|KI.SU.LU.EŠ₂.GAR|,|KI.LU.EŠ₂.GAR.SU.GAR.RA|,6,𒃻,𒆠𒇻𒂠𒃻𒋢𒃻𒊏,U+121A0; U+121FB; U+120A0; U+120FB; U+122E2; U+120FB; U+1228F,
U+1228F,|KI.SU.LU.EŠ₂.GAR|,|KI.LU.EŠ₂.GAR.SU.GAR.RA|,7,𒊏,𒆠𒇻𒂠𒃻𒋢𒃻𒊏,U+121A0; U+121FB; U+120A0; U+120FB; U+122E2; U+120FB; U+1228F,
U+121A0,|KI.SU.LU.EŠ₂.GAR|,|KI.SU.GAR.RA|,1,𒆠,𒆠𒋢𒃻𒊏,U+121A0; U+122E2; U+120FB; U+1228F,
U+122E2,|KI.SU.LU.EŠ₂.GAR|,|KI.SU.GAR.RA|,2,𒋢,𒆠𒋢𒃻𒊏,U+121A0; U+122E2; U+120FB; U+1228F,
U+120FB,|KI.SU.LU.EŠ₂.GAR|,|KI.SU.GAR.RA|,3,𒃻,𒆠𒋢𒃻𒊏,U+121A0; U+122E2; U+120FB; U+1228F,
U+1228F,|KI.SU.LU.EŠ₂.GAR|,|KI.SU.GAR.RA|,4,𒊏,𒆠𒋢𒃻𒊏,U+121A0; U+122E2; U+120FB; U+1228F,
U+121A0,|KI.SU.LU.EŠ₂.GAR|,|KI.SU.LU.EŠ₂|,1,𒆠,𒆠𒋢𒇻𒂠,U+121A0; U+122E2; U+121FB; U+120A0,
U+122E2,|KI.SU.LU.EŠ₂.GAR|,|KI.SU.LU.EŠ₂|,2,𒋢,𒆠𒋢𒇻𒂠,U+121A0; U+122E2; U+121FB; U+120A0,
U+121FB,|KI.SU.LU.EŠ₂.GAR|,|KI.SU.LU.EŠ₂|,3,𒇻,𒆠𒋢𒇻𒂠,U+121A0; U+122E2; U+121FB; U+120A0,
U+120A0,|KI.SU.LU.EŠ₂.GAR|,|KI.SU.LU.EŠ₂|,4,𒂠,𒆠𒋢𒇻𒂠,U+121A0; U+122E2; U+121FB; U+120A0,
U+121A0,|KI.SU.LU.EŠ₂.GAR|,|KI.SU.LU.EŠ₂.GAR.KI|,1,𒆠,𒆠𒋢𒇻𒂠𒃻𒆠,U+121A0; U+122E2; U+121FB; U+120A0; U+120FB; U+121A0,
U+122E2,|KI.SU.LU.EŠ₂.GAR|,|KI.SU.LU.EŠ₂.GAR.KI|,2,𒋢,𒆠𒋢𒇻𒂠𒃻𒆠,U+121A0; U+122E2; U+121FB; U+120A0; U+120FB; U+121A0,
U+121FB,|KI.SU.LU.EŠ₂.GAR|,|KI.SU.LU.EŠ₂.GAR.KI|,3,𒇻,𒆠𒋢𒇻𒂠𒃻𒆠,U+121A0; U+122E2; U+121FB; U+120A0; U+120FB; U+121A0,
U+120A0,|KI.SU.LU.EŠ₂.GAR|,|KI.SU.LU.EŠ₂.GAR.KI|,4,𒂠,𒆠𒋢𒇻𒂠𒃻𒆠,U+121A0; U+122E2; U+121FB; U+120A0; U+120FB; U+121A0,
U+120FB,|KI.SU.LU.EŠ₂.GAR|,|KI.SU.LU.EŠ₂.GAR.KI|,5,𒃻,𒆠𒋢𒇻𒂠𒃻𒆠,U+121A0; U+122E2; U+121FB; U+120A0; U+120FB; U+121A0,
U+121A0,|KI.SU.LU.EŠ₂.GAR|,|KI.SU.LU.EŠ₂.GAR.KI|,6,𒆠,𒆠𒋢𒇻𒂠𒃻𒆠,U+121A0; U+122E2; U+121FB; U+120A0; U+120FB; U+121A0,
U+121A0,|KI.SU.LU.EŠ₂.GAR|,|KI.SU.LU.EŠ₂.GAR.RA|,1,𒆠,𒆠𒋢𒇻𒂠𒃻𒊏,U+121A0; U+122E2; U+121FB; U+120A0; U+120FB; U+1228F,
U+122E2,|KI.SU.LU.EŠ₂.GAR|,|KI.SU.LU.EŠ₂.GAR.RA|,2,𒋢,𒆠𒋢𒇻𒂠𒃻𒊏,U+121A0; U+122E2; U+121FB; U+120A0; U+120FB; U+1228F,
U+121FB,|KI.SU.LU.EŠ₂.GAR|,|KI.SU.LU.EŠ₂.GAR.RA|,3,𒇻,𒆠𒋢𒇻𒂠𒃻𒊏,U+121A0; U+122E2; U+121FB; U+120A0; U+120FB; U+1228F,
U+120A0,|KI.SU.LU.EŠ₂.GAR|,|KI.SU.LU.EŠ₂.GAR.RA|,4,𒂠,𒆠𒋢𒇻𒂠𒃻𒊏,U+121A0; U+122E2; U+121FB; U+120A0; U+120FB; U+1228F,
U+120FB,|KI.SU.LU.EŠ₂.GAR|,|KI.SU.LU.EŠ₂.GAR.RA|,5,𒃻,𒆠𒋢𒇻𒂠𒃻𒊏,U+121A0; U+122E2; U+121FB; U+120A0; U+120FB; U+1228F,
U+1228F,|KI.SU.LU.EŠ₂.GAR|,|KI.SU.LU.EŠ₂.GAR.RA|,6,𒊏,𒆠𒋢𒇻𒂠𒃻𒊏,U+121A0; U+122E2; U+121FB; U+120A0; U+120FB; U+1228F,
U+121A0,|KI.SU.LU.EŠ₂.GAR|,|KI.SU.LU.EŠ₂.KI.GAR|,1,𒆠,𒆠𒋢𒇻𒂠𒆠𒃻,U+121A0; U+122E2; U+121FB; U+120A0; U+121A0; U+120FB,
U+122E2,|KI.SU.LU.EŠ₂.GAR|,|KI.SU.LU.EŠ₂.KI.GAR|,2,𒋢,𒆠𒋢𒇻𒂠𒆠𒃻,U+121A0; U+122E2; U+121FB; U+120A0; U+121A0; U+120FB,
U+121FB,|KI.SU.LU.EŠ₂.GAR|,|KI.SU.LU.EŠ₂.KI.GAR|,3,𒇻,𒆠𒋢𒇻𒂠𒆠𒃻,U+121A0; U+122E2; U+121FB; U+120A0; U+121A0; U+120FB,
U+120A0,|KI.SU.LU.EŠ₂.GAR|,|KI.SU.LU.EŠ₂.KI.GAR|,4,𒂠,𒆠𒋢𒇻𒂠𒆠𒃻,U+121A0; U+122E2; U+121FB; U+120A0; U+121A0; U+120FB,
U+121A0,|KI.SU.LU.EŠ₂.GAR|,|KI.SU.LU.EŠ₂.KI.GAR|,5,𒆠,𒆠𒋢𒇻𒂠𒆠𒃻,U+121A0; U+122E2; U+121FB; U+120A0; U+121A0; U+120FB,
U+120FB,|KI.SU.LU.EŠ₂.GAR|,|KI.SU.LU.EŠ₂.KI.GAR|,6,𒃻,𒆠𒋢𒇻𒂠𒆠𒃻,U+121A0; U+122E2; U+121FB; U+120A0; U+121A0; U+120FB,
U+121A0,|KI.SU.LU.EŠ₂.GAR|,|KI.SU.LU.GAR|,1,𒆠,𒆠𒋢𒇻𒃻,U+121A0; U+122E2; U+121FB; U+120FB,
U+122E2,|KI.SU.LU.EŠ₂.GAR|,|KI.SU.LU.GAR|,2,𒋢,𒆠𒋢𒇻𒃻,U+121A0; U+122E2; U+121FB; U+120FB,
U+121FB,|KI.SU.LU.EŠ₂.GAR|,|KI.SU.LU.GAR|,3,𒇻,𒆠𒋢𒇻𒃻,U+121A0; U+122E2; U+121FB; U+120FB,
U+120FB,|KI.SU.LU.EŠ₂.GAR|,|KI.SU.LU.GAR|,4,𒃻,𒆠𒋢𒇻𒃻,U+121A0; U+122E2; U+121FB; U+120FB,
U+121A0,|KI.SU.LU.EŠ₂.GAR|,|KI.SU.LU.GAR.EŠ₂|,1,𒆠,𒆠𒋢𒇻𒃻𒂠,U+121A0; U+122E2; U+121FB; U+120FB; U+120A0,
U+122E2,|KI.SU.LU.EŠ₂.GAR|,|KI.SU.LU.GAR.EŠ₂|,2,𒋢,𒆠𒋢𒇻𒃻𒂠,U+121A0; U+122E2; U+121FB; U+120FB; U+120A0,
U+121FB,|KI.SU.LU.EŠ₂.GAR|,|KI.SU.LU.GAR.EŠ₂|,3,𒇻,𒆠𒋢𒇻𒃻𒂠,U+121A0; U+122E2; U+121FB; U+120FB; U+120A0,
U+120FB,|KI.SU.LU.EŠ₂.GAR|,|KI.SU.LU.GAR.EŠ₂|,4,𒃻,𒆠𒋢𒇻𒃻𒂠,U+121A0; U+122E2; U+121FB; U+120FB; U+120A0,
U+120A0,|KI.SU.LU.EŠ₂.GAR|,|KI.SU.LU.GAR.EŠ₂|,5,𒂠,𒆠𒋢𒇻𒃻𒂠,U+121A0; U+122E2; U+121FB; U+120FB; U+120A0,
U+121A0,|KI.SU.LU.EŠ₂.GAR|,|KI.SU.LU.GAR.KI|,1,𒆠,𒆠𒋢𒇻𒃻𒆠,U+121A0; U+122E2; U+121FB; U+120FB; U+121A0,
U+122E2,|KI.SU.LU.EŠ₂.GAR|,|KI.SU.LU.GAR.KI|,2,𒋢,𒆠𒋢𒇻𒃻𒆠,U+121A0; U+122E2; U+121FB; U+120FB; U+121A0,
U+121FB,|KI.SU.LU.EŠ₂.GAR|,|KI.SU.LU.GAR.KI|,3,𒇻,𒆠𒋢𒇻𒃻𒆠,U+121A0; U+122E2; U+121FB; U+120FB; U+121A0,
U+120FB,|KI.SU.LU.EŠ₂.GAR|,|KI.SU.LU.GAR.KI|,4,𒃻,𒆠𒋢𒇻𒃻𒆠,U+121A0; U+122E2; U+121FB; U+120FB; U+121A0,
U+121A0,|KI.SU.LU.EŠ₂.GAR|,|KI.SU.LU.GAR.KI|,5,𒆠,𒆠𒋢𒇻𒃻𒆠,U+121A0; U+122E2; U+121FB; U+120FB; U+121A0,
U+121A0,|KI.SU.LU.EŠ₂.GAR|,|KI.SU.LU.KI.GAR|,1,𒆠,𒆠𒋢𒇻𒆠𒃻,U+121A0; U+122E2; U+121FB; U+121A0; U+120FB,
U+122E2,|KI.SU.LU.EŠ₂.GAR|,|KI.SU.LU.KI.GAR|,2,𒋢,𒆠𒋢𒇻𒆠𒃻,U+121A0; U+122E2; U+121FB; U+121A0; U+120FB,
U+121FB,|KI.SU.LU.EŠ₂.GAR|,|KI.SU.LU.KI.GAR|,3,𒇻,𒆠𒋢𒇻𒆠𒃻,U+121A0; U+122E2; U+121FB; U+121A0; U+120FB,
U+121A0,|KI.SU.LU.EŠ₂.GAR|,|KI.SU.LU.KI.GAR|,4,𒆠,𒆠𒋢𒇻𒆠𒃻,U+121A0; U+122E2; U+121FB; U+121A0; U+120FB,
U+120FB,|KI.SU.LU.EŠ₂.GAR|,|KI.SU.LU.KI.GAR|,5,𒃻,𒆠𒋢𒇻𒆠𒃻,U+121A0; U+122E2; U+121FB; U+121A0; U+120FB,
U+121A0,|KI.SU.LU.EŠ₂.GAR|,|KI.SU.LU.LAGAB×U.GAR|,1,𒆠,𒆠𒋢𒇻𒇥𒃻,U+121A0; U+122E2; U+121FB; U+121E5; U+120FB,
U+122E2,|KI.SU.LU.EŠ₂.GAR|,|KI.SU.LU.LAGAB×U.GAR|,2,𒋢,𒆠𒋢𒇻𒇥𒃻,U+121A0; U+122E2; U+121FB; U+121E5; U+120FB,
U+121FB,|KI.SU.LU.EŠ₂.GAR|,|KI.SU.LU.LAGAB×U.GAR|,3,𒇻,𒆠𒋢𒇻𒇥𒃻,U+121A0; U+122E2; U+121FB; U+121E5; U+120FB,
U+121E5,|KI.SU.LU.EŠ₂.GAR|,|KI.SU.LU.LAGAB×U.GAR|,4,𒇥,𒆠𒋢𒇻𒇥𒃻,U+121A0; U+122E2; U+121FB; U+121E5; U+120FB,
U+120FB,|KI.SU.LU.EŠ₂.GAR|,|KI.SU.LU.LAGAB×U.GAR|,5,𒃻,𒆠𒋢𒇻𒇥𒃻,U+121A0; U+122E2; U+121FB; U+121E5; U+120FB,
U+121A0,|KI.SU.LU.EŠ₂.GAR|,|KI.SU.LU.ŠU.GAR|,1,𒆠,𒆠𒋢𒇻𒋗𒃻,U+121A0; U+122E2; U+121FB; U+122D7; U+120FB,
U+122E2,|KI.SU.LU.EŠ₂.GAR|,|KI.SU.LU.ŠU.GAR|,2,𒋢,𒆠𒋢𒇻𒋗𒃻,U+121A0; U+122E2; U+121FB; U+122D7; U+120FB,
U+121FB,|KI.SU.LU.EŠ₂.GAR|,|KI.SU.LU.ŠU.GAR|,3,𒇻,𒆠𒋢𒇻𒋗𒃻,U+121A0; U+122E2; U+121FB; U+122D7; U+120FB,
U+122D7,|KI.SU.LU.EŠ₂.GAR|,|KI.SU.LU.ŠU.GAR|,4,𒋗,𒆠𒋢𒇻𒋗𒃻,U+121A0; U+122E2; U+121FB; U+122D7; U+120FB,
U+120FB,|KI.SU.LU.EŠ₂.GAR|,|KI.SU.LU.ŠU.GAR|,5,𒃻,𒆠𒋢𒇻𒋗𒃻,U+121A0; U+122E2; U+121FB; U+122D7; U+120FB,
U+121A0,|KI.SU.LU.EŠ₂.GAR|,|KI.SU.ZA.LU.EŠ₂|,1,𒆠,𒆠𒋢𒍝𒇻𒂠,U+121A0; U+122E2; U+1235D; U+121FB; U+120A0,
U+122E2,|KI.SU.LU.EŠ₂.GAR|,|KI.SU.ZA.LU.EŠ₂|,2,𒋢,𒆠𒋢𒍝𒇻𒂠,U+121A0; U+122E2; U+1235D; U+121FB; U+120A0,
U+1235D,|KI.SU.LU.EŠ₂.GAR|,|KI.SU.ZA.LU.EŠ₂|,3,𒍝,𒆠𒋢𒍝𒇻𒂠,U+121A0; U+122E2; U+1235D; U+121FB; U+120A0,
U+121FB,|KI.SU.LU.EŠ₂.GAR|,|KI.SU.ZA.LU.EŠ₂|,4,𒇻,𒆠𒋢𒍝𒇻𒂠,U+121A0; U+122E2; U+1235D; U+121FB; U+120A0,
U+120A0,|KI.SU.LU.EŠ₂.GAR|,|KI.SU.ZA.LU.EŠ₂|,5,𒂠,𒆠𒋢𒍝𒇻𒂠,U+121A0; U+122E2; U+1235D; U+121FB; U+120A0,
U+121FB,|KI.SU.LU.EŠ₂.GAR|,|LU.EŠ₂.GAR.KI|,1,𒇻,𒇻𒂠𒃻𒆠,U+121FB; U+120A0; U+120FB; U+121A0,
U+120A0,|KI.SU.LU.EŠ₂.GAR|,|LU.EŠ₂.GAR.KI|,2,𒂠,𒇻𒂠𒃻𒆠,U+121FB; U+120A0; U+120FB; U+121A0,
U+120FB,|KI.SU.LU.EŠ₂.GAR|,|LU.EŠ₂.GAR.KI|,3,𒃻,𒇻𒂠𒃻𒆠,U+121FB; U+120A0; U+120FB; U+121A0,
U+121A0,|KI.SU.LU.EŠ₂.GAR|,|LU.EŠ₂.GAR.KI|,4,𒆠,𒇻𒂠𒃻𒆠,U+121FB; U+120A0; U+120FB; U+121A0,
U+122E2,|KI.SU.LU.EŠ₂.GAR|,|SU.KI.LU.EŠ₂.KI|,1,𒋢,𒋢𒆠𒇻𒂠𒆠,U+122E2; U+121A0; U+121FB; U+120A0; U+121A0,
U+121A0,|KI.SU.LU.EŠ₂.GAR|,|SU.KI.LU.EŠ₂.KI|,2,𒆠,𒋢𒆠𒇻𒂠𒆠,U+122E2; U+121A0; U+121FB; U+120A0; U+121A0,
U+121FB,|KI.SU.LU.EŠ₂.GAR|,|SU.KI.LU.EŠ₂.KI|,3,𒇻,𒋢𒆠𒇻𒂠𒆠,U+122E2; U+121A0; U+121FB; U+120A0; U+121A0,
U+120A0,|KI.SU.LU.EŠ₂.GAR|,|SU.KI.LU.EŠ₂.KI|,4,𒂠,𒋢𒆠𒇻𒂠𒆠,U+122E2; U+121A0; U+121FB; U+120A0; U+121A0,
U+121A0,|KI.SU.LU.EŠ₂.GAR|,|SU.KI.LU.EŠ₂.KI|,5,𒆠,𒋢𒆠𒇻𒂠𒆠,U+122E2; U+121A0; U+121FB; U+120A0; U+121A0,
U+122E2,|KI.SU.LU.EŠ₂.GAR|,|SU.LU.EŠ₂.KI.GAR|,1,𒋢,𒋢𒇻𒂠𒆠𒃻,U+122E2; U+121FB; U+120A0; U+121A0; U+120FB,
U+121FB,|KI.SU.LU.EŠ₂.GAR|,|SU.LU.EŠ₂.KI.GAR|,2,𒇻,𒋢𒇻𒂠𒆠𒃻,U+122E2; U+121FB; U+120A0; U+121A0; U+120FB,
U+120A0,|KI.SU.LU.EŠ₂.GAR|,|SU.LU.EŠ₂.KI.GAR|,3,𒂠,𒋢𒇻𒂠𒆠𒃻,U+122E2; U+121FB; U+120A0; U+121A0; U+120FB,
U+121A0,|KI.SU.LU.EŠ₂.GAR|,|SU.LU.EŠ₂.KI.GAR|,4,𒆠,𒋢𒇻𒂠𒆠𒃻,U+122E2; U+121FB; U+120A0; U+121A0; U+120FB,
U+120FB,|KI.SU.LU.EŠ₂.GAR|,|SU.LU.EŠ₂.KI.GAR|,5,𒃻,𒋢𒇻𒂠𒆠𒃻,U+122E2; U+121FB; U+120A0; U+121A0; U+120FB,
U+122E2,|KI.SU.LU.EŠ₂.GAR|,|SU.LU.EŠ₂.KI.GAR.RA|,1,𒋢,𒋢𒇻𒂠𒆠𒃻𒊏,U+122E2; U+121FB; U+120A0; U+121A0; U+120FB; U+1228F,
U+121FB,|KI.SU.LU.EŠ₂.GAR|,|SU.LU.EŠ₂.KI.GAR.RA|,2,𒇻,𒋢𒇻𒂠𒆠𒃻𒊏,U+122E2; U+121FB; U+120A0; U+121A0; U+120FB; U+1228F,
U+120A0,|KI.SU.LU.EŠ₂.GAR|,|SU.LU.EŠ₂.KI.GAR.RA|,3,𒂠,𒋢𒇻𒂠𒆠𒃻𒊏,U+122E2; U+121FB; U+120A0; U+121A0; U+120FB; U+1228F,
U+121A0,|KI.SU.LU.EŠ₂.GAR|,|SU.LU.EŠ₂.KI.GAR.RA|,4,𒆠,𒋢𒇻𒂠𒆠𒃻𒊏,U+122E2; U+121FB; U+120A0; U+121A0; U+120FB; U+1228F,
U+120FB,|KI.SU.LU.EŠ₂.GAR|,|SU.LU.EŠ₂.KI.GAR.RA|,5,𒃻,𒋢𒇻𒂠𒆠𒃻𒊏,U+122E2; U+121FB; U+120A0; U+121A0; U+120FB; U+1228F,
U+1228F,|KI.SU.LU.EŠ₂.GAR|,|SU.LU.EŠ₂.KI.GAR.RA|,6,𒊏,𒋢𒇻𒂠𒆠𒃻𒊏,U+122E2; U+121FB; U+120A0; U+121A0; U+120FB; U+1228F,
U+122E2,|KI.SU.LU.EŠ₂.GAR|,|SU.LU.ŠU.KI.GAR|,1,𒋢,𒋢𒇻𒋗𒆠𒃻,U+122E2; U+121FB; U+122D7; U+121A0; U+120FB,
U+121FB,|KI.SU.LU.EŠ₂.GAR|,|SU.LU.ŠU.KI.GAR|,2,𒇻,𒋢𒇻𒋗𒆠𒃻,U+122E2; U+121FB; U+122D7; U+121A0; U+120FB,
U+122D7,|KI.SU.LU.EŠ₂.GAR|,|SU.LU.ŠU.KI.GAR|,3,𒋗,𒋢𒇻𒋗𒆠𒃻,U+122E2; U+121FB; U+122D7; U+121A0; U+120FB,
U+121A0,|KI.SU.LU.EŠ₂.GAR|,|SU.LU.ŠU.KI.GAR|,4,𒆠,𒋢𒇻𒋗𒆠𒃻,U+122E2; U+121FB; U+122D7; U+121A0; U+120FB,
U+120FB,|KI.SU.LU.EŠ₂.GAR|,|SU.LU.ŠU.KI.GAR|,5,𒃻,𒋢𒇻𒋗𒆠𒃻,U+122E2; U+121FB; U+122D7; U+121A0; U+120FB,
U+121A0,|KI.ŠEŠ.KAK|,|KI.ŠEŠ.KAK.A|,1,𒆠,𒆠𒋀𒆕𒀀,U+121A0; U+122C0; U+12195; U+12000,
U+122C0,|KI.ŠEŠ.KAK|,|KI.ŠEŠ.KAK.A|,2,𒋀,𒆠𒋀𒆕𒀀,U+121A0; U+122C0; U+12195; U+12000,
U+12195,|KI.ŠEŠ.KAK|,|KI.ŠEŠ.KAK.A|,3,𒆕,𒆠𒋀𒆕𒀀,U+121A0; U+122C0; U+12195; U+12000,
U+12000,|KI.ŠEŠ.KAK|,|KI.ŠEŠ.KAK.A|,4,𒀀,𒆠𒋀𒆕𒀀,U+121A0; U+122C0; U+12195; U+12000,
U+12046,|KID.BALAG|,|BALAG.KID|,1,𒁆,𒁆𒆤,U+12046; U+121A4,
U+121A4,|KID.BALAG|,|BALAG.KID|,2,𒆤,𒁆𒆤,U+12046; U+121A4,
U+1208D,|KID.BALAG|,|E₂.BALAG|,1,𒂍,𒂍𒁆,U+1208D; U+12046,
U+12046,|KID.BALAG|,|E₂.BALAG|,2,𒁆,𒂍𒁆,U+1208D; U+12046,
U+121A4,|KID.ŠU₂.MA₂|,|KID.MA₂.ŠU₂|,1,𒆤,𒆤𒈣𒋙,U+121A4; U+12223; U+122D9,
U+12223,|KID.ŠU₂.MA₂|,|KID.MA₂.ŠU₂|,2,𒈣,𒆤𒈣𒋙,U+121A4; U+12223; U+122D9,
U+122D9,|KID.ŠU₂.MA₂|,|KID.MA₂.ŠU₂|,3,𒋙,𒆤𒈣𒋙,U+121A4; U+12223; U+122D9,
U+121A4,|KID.ŠU₂.MA₂|,|KID.MA₂.ŠU₂.A|,1,𒆤,𒆤𒈣𒋙𒀀,U+121A4; U+12223; U+122D9; U+12000,
U+12223,|KID.ŠU₂.MA₂|,|KID.MA₂.ŠU₂.A|,2,𒈣,𒆤𒈣𒋙𒀀,U+121A4; U+12223; U+122D9; U+12000,
U+122D9,|KID.ŠU₂.MA₂|,|KID.MA₂.ŠU₂.A|,3,𒋙,𒆤𒈣𒋙𒀀,U+121A4; U+12223; U+122D9; U+12000,
U+12000,|KID.ŠU₂.MA₂|,|KID.MA₂.ŠU₂.A|,4,𒀀,𒆤𒈣𒋙𒀀,U+121A4; U+12223; U+122D9; U+12000,
U+121B5,|KUŠU₂.AN.MUŠ₃|,|KUŠU₂.AN.MUŠ₃@g|,1,𒆵,𒆵𒀭𒈽,U+121B5; U+1202D; U+1223D,
U+1202D,|KUŠU₂.AN.MUŠ₃|,|KUŠU₂.AN.MUŠ₃@g|,2,𒀭,𒆵𒀭𒈽,U+121B5; U+1202D; U+1223D,
U+1223D,|KUŠU₂.AN.MUŠ₃|,|KUŠU₂.AN.MUŠ₃@g|,3,𒈽,𒆵𒀭𒈽,U+121B5; U+1202D; U+1223D,
U+121B5,|KUŠU₂.AN.MUŠ₃|,|KUŠU₂.MUŠ₃|,1,𒆵,𒆵𒈹,U+121B5; U+12239,
U+12239,|KUŠU₂.AN.MUŠ₃|,|KUŠU₂.MUŠ₃|,2,𒈹,𒆵𒈹,U+121B5; U+12239,
U+12239,|KUŠU₂.AN.MUŠ₃|,|MUŠ₃.KUŠU₂|,1,𒈹,𒈹𒆵,U+12239; U+121B5,
U+121B5,|KUŠU₂.AN.MUŠ₃|,|MUŠ₃.KUŠU₂|,2,𒆵,𒈹𒆵,U+12239; U+121B5,
U+F0073,|KUŠU₂.AN.MUŠ₃|,|LAK526.MUŠ₃|,1,,󰁳𒈹,U+F0073; U+12239,ELLES175a [Early Dynastic (~2900–2340 BCE) | Ebla]
U+12239,|KUŠU₂.AN.MUŠ₃|,|LAK526.MUŠ₃|,2,𒈹,󰁳𒈹,U+F0073; U+12239,ELLES175a [Early Dynastic (~2900–2340 BCE) | Ebla]
U+12000,|LAGAB×A|,|A.LAGAB×A|,1,𒀀,𒀀𒆹,U+12000; U+121B9,LAK785 [Uruk IV–III (~3400–3000 BCE) | Archaic / Uruk]; ASY285 [Standard Babylonian (any period) | Akkadian syllabary]; ABZL414 [Old Babylonian (~2000–1600 BCE) | School texts]; BAU271 [Early Dynastic (~2900–2340 BCE) | Lagash]; ELLES375 [Early Dynastic (~2900–2340 BCE) | Ebla]; ELLES384 [Early Dynastic (~2900–2340 BCE) | Ebla]; GCSL321 [Gudea period (~2100 BCE) | Lagash / Girsu]; HZL182 [Hittite period (~1650–1180 BCE) | Hittite]; KWU890 [Ur III (~2112–2004 BCE) | Administrative]; MZL795 [Standard Babylonian (any period) | Akkado-Babylonian]; PTACE322 [Early Dynastic (~2900–2340 BCE) | Ebla]; RSP263 [Early Dynastic (~2900–2340 BCE) | Presargonic Lagash]; SLLHA522 [Standard Babylonian (any period) | Akkado-Babylonian]; SYA250 [Standard Babylonian (any period) | Akkadian syllabary]
U+121B9,|LAGAB×A|,|A.LAGAB×A|,2,𒆹,𒀀𒆹,U+12000; U+121B9,LAK785 [Uruk IV–III (~3400–3000 BCE) | Archaic / Uruk]; ASY285 [Standard Babylonian (any period) | Akkadian syllabary]; ABZL414 [Old Babylonian (~2000–1600 BCE) | School texts]; BAU271 [Early Dynastic (~2900–2340 BCE) | Lagash]; ELLES375 [Early Dynastic (~2900–2340 BCE) | Ebla]; ELLES384 [Early Dynastic (~2900–2340 BCE) | Ebla]; GCSL321 [Gudea period (~2100 BCE) | Lagash / Girsu]; HZL182 [Hittite period (~1650–1180 BCE) | Hittite]; KWU890 [Ur III (~2112–2004 BCE) | Administrative]; MZL795 [Standard Babylonian (any period) | Akkado-Babylonian]; PTACE322 [Early Dynastic (~2900–2340 BCE) | Ebla]; RSP263 [Early Dynastic (~2900–2340 BCE) | Presargonic Lagash]; SLLHA522 [Standard Babylonian (any period) | Akkado-Babylonian]; SYA250 [Standard Babylonian (any period) | Akkadian syllabary]
U+121B8,|LAGAB×DAR|,|LAGAB.DAR|,1,𒆸,𒆸𒁯,U+121B8; U+1206F,MZL765 [Standard Babylonian (any period) | Akkado-Babylonian]; SLLHA489 [Standard Babylonian (any period) | Akkado-Babylonian]
U+1206F,|LAGAB×DAR|,|LAGAB.DAR|,2,𒁯,𒆸𒁯,U+121B8; U+1206F,MZL765 [Standard Babylonian (any period) | Akkado-Babylonian]; SLLHA489 [Standard Babylonian (any period) | Akkado-Babylonian]
U+121CB,|LAGAB×IGI@g|,|LAGAB×IGI@g.ME|,1,𒇋,𒇋𒈨,U+121CB; U+12228,LAK782 [Uruk IV–III (~3400–3000 BCE) | Archaic / Uruk]; ABZL409 [Old Babylonian (~2000–1600 BCE) | School texts]; MZL776 [Standard Babylonian (any period) | Akkado-Babylonian]; PTACE318 [Early Dynastic (~2900–2340 BCE) | Ebla]; RSP265 [Early Dynastic (~2900–2340 BCE) | Presargonic Lagash]
U+12228,|LAGAB×IGI@g|,|LAGAB×IGI@g.ME|,2,𒈨,𒇋𒈨,U+121CB; U+12228,LAK782 [Uruk IV–III (~3400–3000 BCE) | Archaic / Uruk]; ABZL409 [Old Babylonian (~2000–1600 BCE) | School texts]; MZL776 [Standard Babylonian (any period) | Akkado-Babylonian]; PTACE318 [Early Dynastic (~2900–2340 BCE) | Ebla]; RSP265 [Early Dynastic (~2900–2340 BCE) | Presargonic Lagash]
X,|LAGAR@g&LAGAR@g.ŠE|,|LAGAR@g&LAGAR@g.LAGAR@g&LAGAR@g.LAGAR@g&LAGAR@g|,1,,XXX,X; X; X,ABZL335 [Old Babylonian (~2000–1600 BCE) | School texts]; SLLHA459an2 [Standard Babylonian (any period) | Akkado-Babylonian]
X,|LAGAR@g&LAGAR@g.ŠE|,|LAGAR@g&LAGAR@g.LAGAR@g&LAGAR@g.LAGAR@g&LAGAR@g|,2,,XXX,X; X; X,ABZL335 [Old Babylonian (~2000–1600 BCE) | School texts]; SLLHA459an2 [Standard Babylonian (any period) | Akkado-Babylonian]
X,|LAGAR@g&LAGAR@g.ŠE|,|LAGAR@g&LAGAR@g.LAGAR@g&LAGAR@g.LAGAR@g&LAGAR@g|,3,,XXX,X; X; X,ABZL335 [Old Babylonian (~2000–1600 BCE) | School texts]; SLLHA459an2 [Standard Babylonian (any period) | Akkado-Babylonian]
X,|LAGAR@g&LAGAR@g.ŠE|,|LAGAR@g&LAGAR@g.SAR|,1,,X𒊬,X; U+122AC,ABZL335 [Old Babylonian (~2000–1600 BCE) | School texts]; SLLHA459an2 [Standard Babylonian (any period) | Akkado-Babylonian]
U+122AC,|LAGAR@g&LAGAR@g.ŠE|,|LAGAR@g&LAGAR@g.SAR|,2,𒊬,X𒊬,X; U+122AC,ABZL335 [Old Babylonian (~2000–1600 BCE) | School texts]; SLLHA459an2 [Standard Babylonian (any period) | Akkado-Babylonian]
U+122BA,|LAGAR@g&LAGAR@g.ŠE|,|ŠE+SAR.ZU&ZU|,1,𒊺,𒊺𒊬X,U+122BA; U+122AC; X,ABZL335 [Old Babylonian (~2000–1600 BCE) | School texts]; SLLHA459an2 [Standard Babylonian (any period) | Akkado-Babylonian]
U+122AC,|LAGAR@g&LAGAR@g.ŠE|,|ŠE+SAR.ZU&ZU|,2,𒊬,𒊺𒊬X,U+122BA; U+122AC; X,ABZL335 [Old Babylonian (~2000–1600 BCE) | School texts]; SLLHA459an2 [Standard Babylonian (any period) | Akkado-Babylonian]
X,|LAGAR@g&LAGAR@g.ŠE|,|ŠE+SAR.ZU&ZU|,3,,𒊺𒊬X,U+122BA; U+122AC; X,ABZL335 [Old Babylonian (~2000–1600 BCE) | School texts]; SLLHA459an2 [Standard Babylonian (any period) | Akkado-Babylonian]
U+12134,LAHŠU,|HI×NUN.ME.BAD|,1,𒄴,𒄴𒈨𒁁,U+12134; U+12228; U+12041,LAK442 [Uruk IV–III (~3400–3000 BCE) | Archaic / Uruk]; ELLES229 [Early Dynastic (~2900–2340 BCE) | Ebla]; KWU482a [Ur III (~2112–2004 BCE) | Administrative]; RSP333 [Early Dynastic (~2900–2340 BCE) | Presargonic Lagash]
U+12228,LAHŠU,|HI×NUN.ME.BAD|,2,𒈨,𒄴𒈨𒁁,U+12134; U+12228; U+12041,LAK442 [Uruk IV–III (~3400–3000 BCE) | Archaic / Uruk]; ELLES229 [Early Dynastic (~2900–2340 BCE) | Ebla]; KWU482a [Ur III (~2112–2004 BCE) | Administrative]; RSP333 [Early Dynastic (~2900–2340 BCE) | Presargonic Lagash]
U+12041,LAHŠU,|HI×NUN.ME.BAD|,3,𒁁,𒄴𒈨𒁁,U+12134; U+12228; U+12041,LAK442 [Uruk IV–III (~3400–3000 BCE) | Archaic / Uruk]; ELLES229 [Early Dynastic (~2900–2340 BCE) | Ebla]; KWU482a [Ur III (~2112–2004 BCE) | Administrative]; RSP333 [Early Dynastic (~2900–2340 BCE) | Presargonic Lagash]
U+12134,LAHŠU,|HI×NUN.ME.U|,1,𒄴,𒄴𒈨𒌋,U+12134; U+12228; U+1230B,MZL639 [Standard Babylonian (any period) | Akkado-Babylonian]; SLLHA398_72 [Standard Babylonian (any period) | Akkado-Babylonian]; LAK442 [Uruk IV–III (~3400–3000 BCE) | Archaic / Uruk]; ELLES229 [Early Dynastic (~2900–2340 BCE) | Ebla]; KWU482a [Ur III (~2112–2004 BCE) | Administrative]; RSP333 [Early Dynastic (~2900–2340 BCE) | Presargonic Lagash]
U+12228,LAHŠU,|HI×NUN.ME.U|,2,𒈨,𒄴𒈨𒌋,U+12134; U+12228; U+1230B,MZL639 [Standard Babylonian (any period) | Akkado-Babylonian]; SLLHA398_72 [Standard Babylonian (any period) | Akkado-Babylonian]; LAK442 [Uruk IV–III (~3400–3000 BCE) | Archaic / Uruk]; ELLES229 [Early Dynastic (~2900–2340 BCE) | Ebla]; KWU482a [Ur III (~2112–2004 BCE) | Administrative]; RSP333 [Early Dynastic (~2900–2340 BCE) | Presargonic Lagash]
U+1230B,LAHŠU,|HI×NUN.ME.U|,3,𒌋,𒄴𒈨𒌋,U+12134; U+12228; U+1230B,MZL639 [Standard Babylonian (any period) | Akkado-Babylonian]; SLLHA398_72 [Standard Babylonian (any period) | Akkado-Babylonian]; LAK442 [Uruk IV–III (~3400–3000 BCE) | Archaic / Uruk]; ELLES229 [Early Dynastic (~2900–2340 BCE) | Ebla]; KWU482a [Ur III (~2112–2004 BCE) | Administrative]; RSP333 [Early Dynastic (~2900–2340 BCE) | Presargonic Lagash]
U+121F3,|LAL₂.DU|,|LAL₂.DU.DU|,1,𒇳,𒇳𒁺𒁺,U+121F3; U+1207A; U+1207A,LAK763 [Uruk IV–III (~3400–3000 BCE) | Archaic / Uruk]; ABZL466 [Old Babylonian (~2000–1600 BCE) | School texts]
U+1207A,|LAL₂.DU|,|LAL₂.DU.DU|,2,𒁺,𒇳𒁺𒁺,U+121F3; U+1207A; U+1207A,LAK763 [Uruk IV–III (~3400–3000 BCE) | Archaic / Uruk]; ABZL466 [Old Babylonian (~2000–1600 BCE) | School texts]
U+1207A,|LAL₂.DU|,|LAL₂.DU.DU|,3,𒁺,𒇳𒁺𒁺,U+121F3; U+1207A; U+1207A,LAK763 [Uruk IV–III (~3400–3000 BCE) | Archaic / Uruk]; ABZL466 [Old Babylonian (~2000–1600 BCE) | School texts]
U+121F2,|LAL₂.TUG₂|,|LAL.TUG₂|,1,𒇲,𒇲𒌆,U+121F2; U+12306,
U+12306,|LAL₂.TUG₂|,|LAL.TUG₂|,2,𒌆,𒇲𒌆,U+121F2; U+12306,
U+121F3,|LAL₂.URU×MIN|,|LAL₂.URU|,1,𒇳,𒇳𒌷,U+121F3; U+12337,
U+12337,|LAL₂.URU×MIN|,|LAL₂.URU|,2,𒌷,𒇳𒌷,U+121F3; U+12337,
U+121F4,|LAM×(KUR.RU)|,|LAM.KUR.RU|,1,𒇴,𒇴𒆳𒊒,U+121F4; U+121B3; U+12292,
U+121B3,|LAM×(KUR.RU)|,|LAM.KUR.RU|,2,𒆳,𒇴𒆳𒊒,U+121F4; U+121B3; U+12292,
U+12292,|LAM×(KUR.RU)|,|LAM.KUR.RU|,3,𒊒,𒇴𒆳𒊒,U+121F4; U+121B3; U+12292,
U+121F4,|LAM×(KUR.RU)|,|LAM.RU|,1,𒇴,𒇴𒊒,U+121F4; U+12292,
U+12292,|LAM×(KUR.RU)|,|LAM.RU|,2,𒊒,𒇴𒊒,U+121F4; U+12292,
U+121F5,|LAM×(KUR.RU)|,|LAM×KUR.RU|,1,𒇵,𒇵𒊒,U+121F5; U+12292,
U+12292,|LAM×(KUR.RU)|,|LAM×KUR.RU|,2,𒊒,𒇵𒊒,U+121F5; U+12292,
U+1226D,|LAK449×(PAP.PAP.LU₃)|,|NUNUZ.AB₂×LU₃|,1,𒉭,𒉭X,U+1226D; X,LAK453 [Uruk IV–III (~3400–3000 BCE) | Archaic / Uruk]; ELLES237 [Early Dynastic (~2900–2340 BCE) | Ebla]; RSP353 [Early Dynastic (~2900–2340 BCE) | Presargonic Lagash]
X,|LAK449×(PAP.PAP.LU₃)|,|NUNUZ.AB₂×LU₃|,2,,𒉭X,U+1226D; X,LAK453 [Uruk IV–III (~3400–3000 BCE) | Archaic / Uruk]; ELLES237 [Early Dynastic (~2900–2340 BCE) | Ebla]; RSP353 [Early Dynastic (~2900–2340 BCE) | Presargonic Lagash]
U+1226D,|LAK449×(PAP.PAP.LU₃)|,|NUNUZ.KISIM₅×(LU₃.PAP.PAP)|,1,𒉭,𒉭X,U+1226D; X,LAK453 [Uruk IV–III (~3400–3000 BCE) | Archaic / Uruk]; ELLES237 [Early Dynastic (~2900–2340 BCE) | Ebla]; RSP353 [Early Dynastic (~2900–2340 BCE) | Presargonic Lagash]
X,|LAK449×(PAP.PAP.LU₃)|,|NUNUZ.KISIM₅×(LU₃.PAP.PAP)|,2,,𒉭X,U+1226D; X,LAK453 [Uruk IV–III (~3400–3000 BCE) | Archaic / Uruk]; ELLES237 [Early Dynastic (~2900–2340 BCE) | Ebla]; RSP353 [Early Dynastic (~2900–2340 BCE) | Presargonic Lagash]
U+122E2,|(LU.EŠ₂)&(LU.EŠ₂)|,|SU.LU.EŠ₂|,1,𒋢,𒋢𒇻𒂠,U+122E2; U+121FB; U+120A0,
U+121FB,|(LU.EŠ₂)&(LU.EŠ₂)|,|SU.LU.EŠ₂|,2,𒇻,𒋢𒇻𒂠,U+122E2; U+121FB; U+120A0,
U+120A0,|(LU.EŠ₂)&(LU.EŠ₂)|,|SU.LU.EŠ₂|,3,𒂠,𒋢𒇻𒂠,U+122E2; U+121FB; U+120A0,
U+122E2,|(LU.EŠ₂)&(LU.EŠ₂)|,|SU.SU.LU.LU.EŠ₂.EŠ₂|,1,𒋢,𒋢𒋢𒇻𒇻𒂠𒂠,U+122E2; U+122E2; U+121FB; U+121FB; U+120A0; U+120A0,
U+122E2,|(LU.EŠ₂)&(LU.EŠ₂)|,|SU.SU.LU.LU.EŠ₂.EŠ₂|,2,𒋢,𒋢𒋢𒇻𒇻𒂠𒂠,U+122E2; U+122E2; U+121FB; U+121FB; U+120A0; U+120A0,
U+121FB,|(LU.EŠ₂)&(LU.EŠ₂)|,|SU.SU.LU.LU.EŠ₂.EŠ₂|,3,𒇻,𒋢𒋢𒇻𒇻𒂠𒂠,U+122E2; U+122E2; U+121FB; U+121FB; U+120A0; U+120A0,
U+121FB,|(LU.EŠ₂)&(LU.EŠ₂)|,|SU.SU.LU.LU.EŠ₂.EŠ₂|,4,𒇻,𒋢𒋢𒇻𒇻𒂠𒂠,U+122E2; U+122E2; U+121FB; U+121FB; U+120A0; U+120A0,
U+120A0,|(LU.EŠ₂)&(LU.EŠ₂)|,|SU.SU.LU.LU.EŠ₂.EŠ₂|,5,𒂠,𒋢𒋢𒇻𒇻𒂠𒂠,U+122E2; U+122E2; U+121FB; U+121FB; U+120A0; U+120A0,
U+120A0,|(LU.EŠ₂)&(LU.EŠ₂)|,|SU.SU.LU.LU.EŠ₂.EŠ₂|,6,𒂠,𒋢𒋢𒇻𒇻𒂠𒂠,U+122E2; U+122E2; U+121FB; U+121FB; U+120A0; U+120A0,
U+121FB,|LU×BAD|,|LU.BAD|,1,𒇻,𒇻𒁁,U+121FB; U+12041,KWU871 [Ur III (~2112–2004 BCE) | Administrative]; MZL814 [Standard Babylonian (any period) | Akkado-Babylonian]
U+12041,|LU×BAD|,|LU.BAD|,2,𒁁,𒇻𒁁,U+121FB; U+12041,KWU871 [Ur III (~2112–2004 BCE) | Administrative]; MZL814 [Standard Babylonian (any period) | Akkado-Babylonian]
U+121FD,|LU₂@LU₂|,|LU₂.LU₂|,1,𒇽,𒇽𒇽,U+121FD; U+121FD,ABZL255 [Old Babylonian (~2000–1600 BCE) | School texts]; SLLHA330_60 [Standard Babylonian (any period) | Akkado-Babylonian]
U+121FD,|LU₂@LU₂|,|LU₂.LU₂|,2,𒇽,𒇽𒇽,U+121FD; U+121FD,ABZL255 [Old Babylonian (~2000–1600 BCE) | School texts]; SLLHA330_60 [Standard Babylonian (any period) | Akkado-Babylonian]
U+121FD,|4×LU₂|,|LU₂.LU₂.LU₂.LU₂|,1,𒇽,𒇽𒇽𒇽𒇽,U+121FD; U+121FD; U+121FD; U+121FD,SLLHA330_60n2 [Standard Babylonian (any period) | Akkado-Babylonian]
U+121FD,|4×LU₂|,|LU₂.LU₂.LU₂.LU₂|,2,𒇽,𒇽𒇽𒇽𒇽,U+121FD; U+121FD; U+121FD; U+121FD,SLLHA330_60n2 [Standard Babylonian (any period) | Akkado-Babylonian]
U+121FD,|4×LU₂|,|LU₂.LU₂.LU₂.LU₂|,3,𒇽,𒇽𒇽𒇽𒇽,U+121FD; U+121FD; U+121FD; U+121FD,SLLHA330_60n2 [Standard Babylonian (any period) | Akkado-Babylonian]
U+121FD,|4×LU₂|,|LU₂.LU₂.LU₂.LU₂|,4,𒇽,𒇽𒇽𒇽𒇽,U+121FD; U+121FD; U+121FD; U+121FD,SLLHA330_60n2 [Standard Babylonian (any period) | Akkado-Babylonian]
U+121FD,|LU₂×AL|,|LU₂.AL|,1,𒇽,𒇽𒀠,U+121FD; U+12020,MZL523 [Standard Babylonian (any period) | Akkado-Babylonian]; SLLHA330_7an1 [Standard Babylonian (any period) | Akkado-Babylonian]
U+12020,|LU₂×AL|,|LU₂.AL|,2,𒀠,𒇽𒀠,U+121FD; U+12020,MZL523 [Standard Babylonian (any period) | Akkado-Babylonian]; SLLHA330_7an1 [Standard Babylonian (any period) | Akkado-Babylonian]
U+121FD,|LU₂×BAD|,|LU₂.BAD|,1,𒇽,𒇽𒁁,U+121FD; U+12041,LAK344 [Uruk IV–III (~3400–3000 BCE) | Archaic / Uruk]; ASY181 [Standard Babylonian (any period) | Akkadian syllabary]; ABZL256 [Old Babylonian (~2000–1600 BCE) | School texts]; BAU237 [Early Dynastic (~2900–2340 BCE) | Lagash]; KWU082 [Ur III (~2112–2004 BCE) | Administrative]; MZL517 [Standard Babylonian (any period) | Akkado-Babylonian]; PTACE018 [Early Dynastic (~2900–2340 BCE) | Ebla]; RSP397 [Early Dynastic (~2900–2340 BCE) | Presargonic Lagash]; SLLHA330_6 [Standard Babylonian (any period) | Akkado-Babylonian]
U+12041,|LU₂×BAD|,|LU₂.BAD|,2,𒁁,𒇽𒁁,U+121FD; U+12041,LAK344 [Uruk IV–III (~3400–3000 BCE) | Archaic / Uruk]; ASY181 [Standard Babylonian (any period) | Akkadian syllabary]; ABZL256 [Old Babylonian (~2000–1600 BCE) | School texts]; BAU237 [Early Dynastic (~2900–2340 BCE) | Lagash]; KWU082 [Ur III (~2112–2004 BCE) | Administrative]; MZL517 [Standard Babylonian (any period) | Akkado-Babylonian]; PTACE018 [Early Dynastic (~2900–2340 BCE) | Ebla]; RSP397 [Early Dynastic (~2900–2340 BCE) | Presargonic Lagash]; SLLHA330_6 [Standard Babylonian (any period) | Akkado-Babylonian]
U+121FD,|LU₂×BAD|,|LU₂.LAGAB×U|,1,𒇽,𒇽𒇥,U+121FD; U+121E5,LAK344 [Uruk IV–III (~3400–3000 BCE) | Archaic / Uruk]; ASY181 [Standard Babylonian (any period) | Akkadian syllabary]; ABZL256 [Old Babylonian (~2000–1600 BCE) | School texts]; BAU237 [Early Dynastic (~2900–2340 BCE) | Lagash]; KWU082 [Ur III (~2112–2004 BCE) | Administrative]; MZL517 [Standard Babylonian (any period) | Akkado-Babylonian]; PTACE018 [Early Dynastic (~2900–2340 BCE) | Ebla]; RSP397 [Early Dynastic (~2900–2340 BCE) | Presargonic Lagash]; SLLHA330_6 [Standard Babylonian (any period) | Akkado-Babylonian]
U+121E5,|LU₂×BAD|,|LU₂.LAGAB×U|,2,𒇥,𒇽𒇥,U+121FD; U+121E5,LAK344 [Uruk IV–III (~3400–3000 BCE) | Archaic / Uruk]; ASY181 [Standard Babylonian (any period) | Akkadian syllabary]; ABZL256 [Old Babylonian (~2000–1600 BCE) | School texts]; BAU237 [Early Dynastic (~2900–2340 BCE) | Lagash]; KWU082 [Ur III (~2112–2004 BCE) | Administrative]; MZL517 [Standard Babylonian (any period) | Akkado-Babylonian]; PTACE018 [Early Dynastic (~2900–2340 BCE) | Ebla]; RSP397 [Early Dynastic (~2900–2340 BCE) | Presargonic Lagash]; SLLHA330_6 [Standard Babylonian (any period) | Akkado-Babylonian]
U+121FD,|LU₂×(EŠ₂.LAL)|,|LU₂.EŠ₂.LAL|,1,𒇽,𒇽𒂠𒇲,U+121FD; U+120A0; U+121F2,
U+120A0,|LU₂×(EŠ₂.LAL)|,|LU₂.EŠ₂.LAL|,2,𒂠,𒇽𒂠𒇲,U+121FD; U+120A0; U+121F2,
U+121F2,|LU₂×(EŠ₂.LAL)|,|LU₂.EŠ₂.LAL|,3,𒇲,𒇽𒂠𒇲,U+121FD; U+120A0; U+121F2,
U+121FD,|LU₂×EŠ₂@t|,|LU₂.EŠ₂|,1,𒇽,𒇽𒂠,U+121FD; U+120A0,MZL531 [Standard Babylonian (any period) | Akkado-Babylonian]; SLLHA330_7cn [Standard Babylonian (any period) | Akkado-Babylonian]
U+120A0,|LU₂×EŠ₂@t|,|LU₂.EŠ₂|,2,𒂠,𒇽𒂠,U+121FD; U+120A0,MZL531 [Standard Babylonian (any period) | Akkado-Babylonian]; SLLHA330_7cn [Standard Babylonian (any period) | Akkado-Babylonian]
U+121FD,|LU₂×EŠ₂@t|,|LU₂.EŠ₂@t|,1,𒇽,𒇽󰁤,U+121FD; U+F0064,MZL531 [Standard Babylonian (any period) | Akkado-Babylonian]; SLLHA330_7cn [Standard Babylonian (any period) | Akkado-Babylonian]
U+F0064,|LU₂×EŠ₂@t|,|LU₂.EŠ₂@t|,2,,𒇽󰁤,U+121FD; U+F0064,MZL531 [Standard Babylonian (any period) | Akkado-Babylonian]; SLLHA330_7cn [Standard Babylonian (any period) | Akkado-Babylonian]
U+121FD,|LU₂×EŠ₂@t|,|LU₂.ŠU|,1,𒇽,𒇽𒋗,U+121FD; U+122D7,MZL531 [Standard Babylonian (any period) | Akkado-Babylonian]; SLLHA330_7cn [Standard Babylonian (any period) | Akkado-Babylonian]
U+122D7,|LU₂×EŠ₂@t|,|LU₂.ŠU|,2,𒋗,𒇽𒋗,U+121FD; U+122D7,MZL531 [Standard Babylonian (any period) | Akkado-Babylonian]; SLLHA330_7cn [Standard Babylonian (any period) | Akkado-Babylonian]
U+121FD,|LU₂×GAN₂@t|,|LU₂.GAN₂@t|,1,𒇽,𒇽𒃸,U+121FD; U+120F8,ABZL258 [Old Babylonian (~2000–1600 BCE) | School texts]; ELLES189 [Early Dynastic (~2900–2340 BCE) | Ebla]; MZL521 [Standard Babylonian (any period) | Akkado-Babylonian]; PTACE019 [Early Dynastic (~2900–2340 BCE) | Ebla]; SLLHA330_7 [Standard Babylonian (any period) | Akkado-Babylonian]
U+120F8,|LU₂×GAN₂@t|,|LU₂.GAN₂@t|,2,𒃸,𒇽𒃸,U+121FD; U+120F8,ABZL258 [Old Babylonian (~2000–1600 BCE) | School texts]; ELLES189 [Early Dynastic (~2900–2340 BCE) | Ebla]; MZL521 [Standard Babylonian (any period) | Akkado-Babylonian]; PTACE019 [Early Dynastic (~2900–2340 BCE) | Ebla]; SLLHA330_7 [Standard Babylonian (any period) | Akkado-Babylonian]
U+121FD,|LU₂×GAN₂@t|,|LU₂.ŠA₃|,1,𒇽,𒇽𒊮,U+121FD; U+122AE,ABZL258 [Old Babylonian (~2000–1600 BCE) | School texts]; ELLES189 [Early Dynastic (~2900–2340 BCE) | Ebla]; MZL521 [Standard Babylonian (any period) | Akkado-Babylonian]; PTACE019 [Early Dynastic (~2900–2340 BCE) | Ebla]; SLLHA330_7 [Standard Babylonian (any period) | Akkado-Babylonian]
U+122AE,|LU₂×GAN₂@t|,|LU₂.ŠA₃|,2,𒊮,𒇽𒊮,U+121FD; U+122AE,ABZL258 [Old Babylonian (~2000–1600 BCE) | School texts]; ELLES189 [Early Dynastic (~2900–2340 BCE) | Ebla]; MZL521 [Standard Babylonian (any period) | Akkado-Babylonian]; PTACE019 [Early Dynastic (~2900–2340 BCE) | Ebla]; SLLHA330_7 [Standard Babylonian (any period) | Akkado-Babylonian]
U+121FD,|LU₂×HI×BAD|,|LU₂.HI.BAD|,1,𒇽,𒇽𒄭𒁁,U+121FD; U+1212D; U+12041,MZL525 [Standard Babylonian (any period) | Akkado-Babylonian]; SLLHA330_7an3v [Standard Babylonian (any period) | Akkado-Babylonian]
U+1212D,|LU₂×HI×BAD|,|LU₂.HI.BAD|,2,𒄭,𒇽𒄭𒁁,U+121FD; U+1212D; U+12041,MZL525 [Standard Babylonian (any period) | Akkado-Babylonian]; SLLHA330_7an3v [Standard Babylonian (any period) | Akkado-Babylonian]
U+12041,|LU₂×HI×BAD|,|LU₂.HI.BAD|,3,𒁁,𒇽𒄭𒁁,U+121FD; U+1212D; U+12041,MZL525 [Standard Babylonian (any period) | Akkado-Babylonian]; SLLHA330_7an3v [Standard Babylonian (any period) | Akkado-Babylonian]
U+121FD,|LU₂×NE|,|LU₂.NE|,1,𒇽,𒇽𒉈,U+121FD; U+12248,ABZL257 [Old Babylonian (~2000–1600 BCE) | School texts]; MZL522 [Standard Babylonian (any period) | Akkado-Babylonian]; SLLHA330_7a [Standard Babylonian (any period) | Akkado-Babylonian]
U+12248,|LU₂×NE|,|LU₂.NE|,2,𒉈,𒇽𒉈,U+121FD; U+12248,ABZL257 [Old Babylonian (~2000–1600 BCE) | School texts]; MZL522 [Standard Babylonian (any period) | Akkado-Babylonian]; SLLHA330_7a [Standard Babylonian (any period) | Akkado-Babylonian]
U+121FD,|LU₂×NU|,|LU₂.NU|,1,𒇽,𒇽𒉡,U+121FD; U+12261,
U+12261,|LU₂×NU|,|LU₂.NU|,2,𒉡,𒇽𒉡,U+121FD; U+12261,
U+121FD,LU₂@s,|LU₂.GAM|,1,𒇽,𒇽𒃵,U+121FD; U+120F5,ABZL254 [Old Babylonian (~2000–1600 BCE) | School texts]; BAU277 [Early Dynastic (~2900–2340 BCE) | Lagash]; KWU081 [Ur III (~2112–2004 BCE) | Administrative]; MZL516 [Standard Babylonian (any period) | Akkado-Babylonian]; REC290 [Uruk IV–III (~3400–3000 BCE) | Archaic / Uruk]; RSP398 [Early Dynastic (~2900–2340 BCE) | Presargonic Lagash]; SLLHA330_8n [Standard Babylonian (any period) | Akkado-Babylonian]
U+120F5,LU₂@s,|LU₂.GAM|,2,𒃵,𒇽𒃵,U+121FD; U+120F5,ABZL254 [Old Babylonian (~2000–1600 BCE) | School texts]; BAU277 [Early Dynastic (~2900–2340 BCE) | Lagash]; KWU081 [Ur III (~2112–2004 BCE) | Administrative]; MZL516 [Standard Babylonian (any period) | Akkado-Babylonian]; REC290 [Uruk IV–III (~3400–3000 BCE) | Archaic / Uruk]; RSP398 [Early Dynastic (~2900–2340 BCE) | Presargonic Lagash]; SLLHA330_8n [Standard Babylonian (any period) | Akkado-Babylonian]
U+121FD,LU₂@s,|LU₂.GAN|,1,𒇽,𒇽𒃶,U+121FD; U+120F6,ABZL254 [Old Babylonian (~2000–1600 BCE) | School texts]; BAU277 [Early Dynastic (~2900–2340 BCE) | Lagash]; KWU081 [Ur III (~2112–2004 BCE) | Administrative]; MZL516 [Standard Babylonian (any period) | Akkado-Babylonian]; REC290 [Uruk IV–III (~3400–3000 BCE) | Archaic / Uruk]; RSP398 [Early Dynastic (~2900–2340 BCE) | Presargonic Lagash]; SLLHA330_8n [Standard Babylonian (any period) | Akkado-Babylonian]
U+120F6,LU₂@s,|LU₂.GAN|,2,𒃶,𒇽𒃶,U+121FD; U+120F6,ABZL254 [Old Babylonian (~2000–1600 BCE) | School texts]; BAU277 [Early Dynastic (~2900–2340 BCE) | Lagash]; KWU081 [Ur III (~2112–2004 BCE) | Administrative]; MZL516 [Standard Babylonian (any period) | Akkado-Babylonian]; REC290 [Uruk IV–III (~3400–3000 BCE) | Archaic / Uruk]; RSP398 [Early Dynastic (~2900–2340 BCE) | Presargonic Lagash]; SLLHA330_8n [Standard Babylonian (any period) | Akkado-Babylonian]
U+12048,|LU₃.PAP.PAP|,|BARA₂.PAP.PAP|,1,𒁈,𒁈𒉽𒉽,U+12048; U+1227D; U+1227D,
U+1227D,|LU₃.PAP.PAP|,|BARA₂.PAP.PAP|,2,𒉽,𒁈𒉽𒉽,U+12048; U+1227D; U+1227D,
U+1227D,|LU₃.PAP.PAP|,|BARA₂.PAP.PAP|,3,𒉽,𒁈𒉽𒉽,U+12048; U+1227D; U+1227D,
U+12048,|LU₃.PAP.PAP|,|BARA₂.PAP.ŠE.PAP|,1,𒁈,𒁈𒉽𒊺𒉽,U+12048; U+1227D; U+122BA; U+1227D,
U+1227D,|LU₃.PAP.PAP|,|BARA₂.PAP.ŠE.PAP|,2,𒉽,𒁈𒉽𒊺𒉽,U+12048; U+1227D; U+122BA; U+1227D,
U+122BA,|LU₃.PAP.PAP|,|BARA₂.PAP.ŠE.PAP|,3,𒊺,𒁈𒉽𒊺𒉽,U+12048; U+1227D; U+122BA; U+1227D,
U+1227D,|LU₃.PAP.PAP|,|BARA₂.PAP.ŠE.PAP|,4,𒉽,𒁈𒉽𒊺𒉽,U+12048; U+1227D; U+122BA; U+1227D,
U+1227D,|LU₃.PAP.PAP|,|PAP.PAP.LU₃|,1,𒉽,𒉽𒉽𒈖,U+1227D; U+1227D; U+12216,
U+1227D,|LU₃.PAP.PAP|,|PAP.PAP.LU₃|,2,𒉽,𒉽𒉽𒈖,U+1227D; U+1227D; U+12216,
U+12216,|LU₃.PAP.PAP|,|PAP.PAP.LU₃|,3,𒈖,𒉽𒉽𒈖,U+1227D; U+1227D; U+12216,
U+12137,|MA₂.HU|,|HU.MA₂|,1,𒄷,𒄷𒈣,U+12137; U+12223,
U+12223,|MA₂.HU|,|HU.MA₂|,2,𒈣,𒄷𒈣,U+12137; U+12223,
U+12223,|MA₂.IGI@g|,|MA₂.IGI|,1,𒈣,𒈣𒅆,U+12223; U+12146,
U+12146,|MA₂.IGI@g|,|MA₂.IGI|,2,𒅆,𒈣𒅆,U+12223; U+12146,
U+12223,|MA₂.LIŠ|,|MA₂.HI.DIŠ|,1,𒈣,𒈣𒄭𒁹,U+12223; U+1212D; U+12079,
U+1212D,|MA₂.LIŠ|,|MA₂.HI.DIŠ|,2,𒄭,𒈣𒄭𒁹,U+12223; U+1212D; U+12079,
U+12079,|MA₂.LIŠ|,|MA₂.HI.DIŠ|,3,𒁹,𒈣𒄭𒁹,U+12223; U+1212D; U+12079,
U+12223,|MA₂.MUG|,|MA₂.KAK|,1,𒈣,𒈣𒆕,U+12223; U+12195,ABZL051 [Old Babylonian (~2000–1600 BCE) | School texts]; MZL202 [Standard Babylonian (any period) | Akkado-Babylonian]; SLLHA122a [Standard Babylonian (any period) | Akkado-Babylonian]
U+12195,|MA₂.MUG|,|MA₂.KAK|,2,𒆕,𒈣𒆕,U+12223; U+12195,ABZL051 [Old Babylonian (~2000–1600 BCE) | School texts]; MZL202 [Standard Babylonian (any period) | Akkado-Babylonian]; SLLHA122a [Standard Babylonian (any period) | Akkado-Babylonian]
U+1227D,|MAŠ.GU₂.GAR₃|,|PAP.GU₂.GAR₃|,1,𒉽,𒉽𒄘𒃼,U+1227D; U+12118; U+120FC,LAK063^a [Uruk IV–III (~3400–3000 BCE) | Archaic / Uruk]; ABZL030 [Old Babylonian (~2000–1600 BCE) | School texts]; GCSL028 [Gudea period (~2100 BCE) | Lagash / Girsu]; HZL253 [Hittite period (~1650–1180 BCE) | Hittite]; KWU104 [Ur III (~2112–2004 BCE) | Administrative]; KWU105 [Ur III (~2112–2004 BCE) | Administrative]; MZL124 [Standard Babylonian (any period) | Akkado-Babylonian]; RSP347 [Early Dynastic (~2900–2340 BCE) | Presargonic Lagash]; SLLHA074_238 [Standard Babylonian (any period) | Akkado-Babylonian]
U+12118,|MAŠ.GU₂.GAR₃|,|PAP.GU₂.GAR₃|,2,𒄘,𒉽𒄘𒃼,U+1227D; U+12118; U+120FC,LAK063^a [Uruk IV–III (~3400–3000 BCE) | Archaic / Uruk]; ABZL030 [Old Babylonian (~2000–1600 BCE) | School texts]; GCSL028 [Gudea period (~2100 BCE) | Lagash / Girsu]; HZL253 [Hittite period (~1650–1180 BCE) | Hittite]; KWU104 [Ur III (~2112–2004 BCE) | Administrative]; KWU105 [Ur III (~2112–2004 BCE) | Administrative]; MZL124 [Standard Babylonian (any period) | Akkado-Babylonian]; RSP347 [Early Dynastic (~2900–2340 BCE) | Presargonic Lagash]; SLLHA074_238 [Standard Babylonian (any period) | Akkado-Babylonian]
U+120FC,|MAŠ.GU₂.GAR₃|,|PAP.GU₂.GAR₃|,3,𒃼,𒉽𒄘𒃼,U+1227D; U+12118; U+120FC,LAK063^a [Uruk IV–III (~3400–3000 BCE) | Archaic / Uruk]; ABZL030 [Old Babylonian (~2000–1600 BCE) | School texts]; GCSL028 [Gudea period (~2100 BCE) | Lagash / Girsu]; HZL253 [Hittite period (~1650–1180 BCE) | Hittite]; KWU104 [Ur III (~2112–2004 BCE) | Administrative]; KWU105 [Ur III (~2112–2004 BCE) | Administrative]; MZL124 [Standard Babylonian (any period) | Akkado-Babylonian]; RSP347 [Early Dynastic (~2900–2340 BCE) | Presargonic Lagash]; SLLHA074_238 [Standard Babylonian (any period) | Akkado-Babylonian]
U+1222C,|MU&MU|,|MU.MU|,1,𒈬,𒈬𒈬,U+1222C; U+1222C,LAK015 [Uruk IV–III (~3400–3000 BCE) | Archaic / Uruk]; ASY119 [Standard Babylonian (any period) | Akkadian syllabary]; ABZL142 [Old Babylonian (~2000–1600 BCE) | School texts]; GCSL052 [Gudea period (~2100 BCE) | Lagash / Girsu]; HZL171 [Hittite period (~1650–1180 BCE) | Hittite]; KWU049 [Ur III (~2112–2004 BCE) | Administrative]; MZL301 [Standard Babylonian (any period) | Akkado-Babylonian]; PTACE025 [Early Dynastic (~2900–2340 BCE) | Ebla]; RSP439 [Early Dynastic (~2900–2340 BCE) | Presargonic Lagash]; SLLHA169 [Standard Babylonian (any period) | Akkado-Babylonian]; SYA103 [Standard Babylonian (any period) | Akkadian syllabary]
U+1222C,|MU&MU|,|MU.MU|,2,𒈬,𒈬𒈬,U+1222C; U+1222C,LAK015 [Uruk IV–III (~3400–3000 BCE) | Archaic / Uruk]; ASY119 [Standard Babylonian (any period) | Akkadian syllabary]; ABZL142 [Old Babylonian (~2000–1600 BCE) | School texts]; GCSL052 [Gudea period (~2100 BCE) | Lagash / Girsu]; HZL171 [Hittite period (~1650–1180 BCE) | Hittite]; KWU049 [Ur III (~2112–2004 BCE) | Administrative]; MZL301 [Standard Babylonian (any period) | Akkado-Babylonian]; PTACE025 [Early Dynastic (~2900–2340 BCE) | Ebla]; RSP439 [Early Dynastic (~2900–2340 BCE) | Presargonic Lagash]; SLLHA169 [Standard Babylonian (any period) | Akkado-Babylonian]; SYA103 [Standard Babylonian (any period) | Akkadian syllabary]
U+1222E,MUG,|MUG.DIŠ|,1,𒈮,𒈮𒁹,U+1222E; U+12079,LAK048 [Uruk IV–III (~3400–3000 BCE) | Archaic / Uruk]; ASY003 [Standard Babylonian (any period) | Akkadian syllabary]; ABZL012 [Old Babylonian (~2000–1600 BCE) | School texts]; ELLES029 [Early Dynastic (~2900–2340 BCE) | Ebla]; HZL022 [Hittite period (~1650–1180 BCE) | Hittite]; KWU084 [Ur III (~2112–2004 BCE) | Administrative]; MZL012 [Standard Babylonian (any period) | Akkado-Babylonian]; PTACE060 [Early Dynastic (~2900–2340 BCE) | Ebla]; RSP168 [Early Dynastic (~2900–2340 BCE) | Presargonic Lagash]; SLLHA003 [Standard Babylonian (any period) | Akkado-Babylonian]; SYA003 [Standard Babylonian (any period) | Akkadian syllabary]
U+12079,MUG,|MUG.DIŠ|,2,𒁹,𒈮𒁹,U+1222E; U+12079,LAK048 [Uruk IV–III (~3400–3000 BCE) | Archaic / Uruk]; ASY003 [Standard Babylonian (any period) | Akkadian syllabary]; ABZL012 [Old Babylonian (~2000–1600 BCE) | School texts]; ELLES029 [Early Dynastic (~2900–2340 BCE) | Ebla]; HZL022 [Hittite period (~1650–1180 BCE) | Hittite]; KWU084 [Ur III (~2112–2004 BCE) | Administrative]; MZL012 [Standard Babylonian (any period) | Akkado-Babylonian]; PTACE060 [Early Dynastic (~2900–2340 BCE) | Ebla]; RSP168 [Early Dynastic (~2900–2340 BCE) | Presargonic Lagash]; SLLHA003 [Standard Babylonian (any period) | Akkado-Babylonian]; SYA003 [Standard Babylonian (any period) | Akkadian syllabary]
U+1227A,MUNSUB,|PA.MUNSUB|,1,𒉺,𒉺𒈰,U+1227A; U+12230,LAK672^b [Uruk IV–III (~3400–3000 BCE) | Archaic / Uruk]; ABZL397 [Old Babylonian (~2000–1600 BCE) | School texts]; ELLES329 [Early Dynastic (~2900–2340 BCE) | Ebla]; PTACE275 [Early Dynastic (~2900–2340 BCE) | Ebla]; MZL820 [Standard Babylonian (any period) | Akkado-Babylonian]; SLLHA543 [Standard Babylonian (any period) | Akkado-Babylonian]
U+12230,MUNSUB,|PA.MUNSUB|,2,𒈰,𒉺𒈰,U+1227A; U+12230,LAK672^b [Uruk IV–III (~3400–3000 BCE) | Archaic / Uruk]; ABZL397 [Old Babylonian (~2000–1600 BCE) | School texts]; ELLES329 [Early Dynastic (~2900–2340 BCE) | Ebla]; PTACE275 [Early Dynastic (~2900–2340 BCE) | Ebla]; MZL820 [Standard Babylonian (any period) | Akkado-Babylonian]; SLLHA543 [Standard Babylonian (any period) | Akkado-Babylonian]
U+122E0,MUNSUB,|SIK₂.SUHUR|,1,𒋠,𒋠𒋦,U+122E0; U+122E6,LAK672^b [Uruk IV–III (~3400–3000 BCE) | Archaic / Uruk]; ABZL397 [Old Babylonian (~2000–1600 BCE) | School texts]; ELLES329 [Early Dynastic (~2900–2340 BCE) | Ebla]; PTACE275 [Early Dynastic (~2900–2340 BCE) | Ebla]; MZL820 [Standard Babylonian (any period) | Akkado-Babylonian]; SLLHA543 [Standard Babylonian (any period) | Akkado-Babylonian]
U+122E6,MUNSUB,|SIK₂.SUHUR|,2,𒋦,𒋠𒋦,U+122E0; U+122E6,LAK672^b [Uruk IV–III (~3400–3000 BCE) | Archaic / Uruk]; ABZL397 [Old Babylonian (~2000–1600 BCE) | School texts]; ELLES329 [Early Dynastic (~2900–2340 BCE) | Ebla]; PTACE275 [Early Dynastic (~2900–2340 BCE) | Ebla]; MZL820 [Standard Babylonian (any period) | Akkado-Babylonian]; SLLHA543 [Standard Babylonian (any period) | Akkado-Babylonian]
U+12046,|MUŠ.DIN.ŠE.NUN&NUN.BALAG|,|BALAG.DIN.AN.MUŠ|,1,𒁆,𒁆𒁷𒀭𒈲,U+12046; U+12077; U+1202D; U+12232,
U+12077,|MUŠ.DIN.ŠE.NUN&NUN.BALAG|,|BALAG.DIN.AN.MUŠ|,2,𒁷,𒁆𒁷𒀭𒈲,U+12046; U+12077; U+1202D; U+12232,
U+1202D,|MUŠ.DIN.ŠE.NUN&NUN.BALAG|,|BALAG.DIN.AN.MUŠ|,3,𒀭,𒁆𒁷𒀭𒈲,U+12046; U+12077; U+1202D; U+12232,
U+12232,|MUŠ.DIN.ŠE.NUN&NUN.BALAG|,|BALAG.DIN.AN.MUŠ|,4,𒈲,𒁆𒁷𒀭𒈲,U+12046; U+12077; U+1202D; U+12232,
U+1204D,|MUŠ.DIN.ŠE.NUN&NUN.BALAG|,|BU.DIN.BALAG.DAR|,1,𒁍,𒁍𒁷𒁆𒁯,U+1204D; U+12077; U+12046; U+1206F,
U+12077,|MUŠ.DIN.ŠE.NUN&NUN.BALAG|,|BU.DIN.BALAG.DAR|,2,𒁷,𒁍𒁷𒁆𒁯,U+1204D; U+12077; U+12046; U+1206F,
U+12046,|MUŠ.DIN.ŠE.NUN&NUN.BALAG|,|BU.DIN.BALAG.DAR|,3,𒁆,𒁍𒁷𒁆𒁯,U+1204D; U+12077; U+12046; U+1206F,
U+1206F,|MUŠ.DIN.ŠE.NUN&NUN.BALAG|,|BU.DIN.BALAG.DAR|,4,𒁯,𒁍𒁷𒁆𒁯,U+1204D; U+12077; U+12046; U+1206F,
U+1204D,|MUŠ.DIN.ŠE.NUN&NUN.BALAG|,|BU.DIN.BALAG.NUN|,1,𒁍,𒁍𒁷𒁆𒉣,U+1204D; U+12077; U+12046; U+12263,
U+12077,|MUŠ.DIN.ŠE.NUN&NUN.BALAG|,|BU.DIN.BALAG.NUN|,2,𒁷,𒁍𒁷𒁆𒉣,U+1204D; U+12077; U+12046; U+12263,
U+12046,|MUŠ.DIN.ŠE.NUN&NUN.BALAG|,|BU.DIN.BALAG.NUN|,3,𒁆,𒁍𒁷𒁆𒉣,U+1204D; U+12077; U+12046; U+12263,
U+12263,|MUŠ.DIN.ŠE.NUN&NUN.BALAG|,|BU.DIN.BALAG.NUN|,4,𒉣,𒁍𒁷𒁆𒉣,U+1204D; U+12077; U+12046; U+12263,
U+12155,|MUŠ.DIN.ŠE.NUN&NUN.BALAG|,|IR.MUŠ.HA.DIN.BALAG|,1,𒅕,𒅕𒈲𒄩𒁷𒁆,U+12155; U+12232; U+12129; U+12077; U+12046,
U+12232,|MUŠ.DIN.ŠE.NUN&NUN.BALAG|,|IR.MUŠ.HA.DIN.BALAG|,2,𒈲,𒅕𒈲𒄩𒁷𒁆,U+12155; U+12232; U+12129; U+12077; U+12046,
U+12129,|MUŠ.DIN.ŠE.NUN&NUN.BALAG|,|IR.MUŠ.HA.DIN.BALAG|,3,𒄩,𒅕𒈲𒄩𒁷𒁆,U+12155; U+12232; U+12129; U+12077; U+12046,
U+12077,|MUŠ.DIN.ŠE.NUN&NUN.BALAG|,|IR.MUŠ.HA.DIN.BALAG|,4,𒁷,𒅕𒈲𒄩𒁷𒁆,U+12155; U+12232; U+12129; U+12077; U+12046,
U+12046,|MUŠ.DIN.ŠE.NUN&NUN.BALAG|,|IR.MUŠ.HA.DIN.BALAG|,5,𒁆,𒅕𒈲𒄩𒁷𒁆,U+12155; U+12232; U+12129; U+12077; U+12046,
U+12232,|MUŠ.DIN.ŠE.NUN&NUN.BALAG|,|MUŠ.DIN.BALAG|,1,𒈲,𒈲𒁷𒁆,U+12232; U+12077; U+12046,
U+12077,|MUŠ.DIN.ŠE.NUN&NUN.BALAG|,|MUŠ.DIN.BALAG|,2,𒁷,𒈲𒁷𒁆,U+12232; U+12077; U+12046,
U+12046,|MUŠ.DIN.ŠE.NUN&NUN.BALAG|,|MUŠ.DIN.BALAG|,3,𒁆,𒈲𒁷𒁆,U+12232; U+12077; U+12046,
U+12232,|MUŠ.DIN.ŠE.NUN&NUN.BALAG|,|MUŠ.DIN.BALAG.DAR|,1,𒈲,𒈲𒁷𒁆𒁯,U+12232; U+12077; U+12046; U+1206F,
U+12077,|MUŠ.DIN.ŠE.NUN&NUN.BALAG|,|MUŠ.DIN.BALAG.DAR|,2,𒁷,𒈲𒁷𒁆𒁯,U+12232; U+12077; U+12046; U+1206F,
U+12046,|MUŠ.DIN.ŠE.NUN&NUN.BALAG|,|MUŠ.DIN.BALAG.DAR|,3,𒁆,𒈲𒁷𒁆𒁯,U+12232; U+12077; U+12046; U+1206F,
U+1206F,|MUŠ.DIN.ŠE.NUN&NUN.BALAG|,|MUŠ.DIN.BALAG.DAR|,4,𒁯,𒈲𒁷𒁆𒁯,U+12232; U+12077; U+12046; U+1206F,
U+12232,|MUŠ.DIN.ŠE.NUN&NUN.BALAG|,|MUŠ.IR.HA.DIN.BALAG|,1,𒈲,𒈲𒅕𒄩𒁷𒁆,U+12232; U+12155; U+12129; U+12077; U+12046,
U+12155,|MUŠ.DIN.ŠE.NUN&NUN.BALAG|,|MUŠ.IR.HA.DIN.BALAG|,2,𒅕,𒈲𒅕𒄩𒁷𒁆,U+12232; U+12155; U+12129; U+12077; U+12046,
U+12129,|MUŠ.DIN.ŠE.NUN&NUN.BALAG|,|MUŠ.IR.HA.DIN.BALAG|,3,𒄩,𒈲𒅕𒄩𒁷𒁆,U+12232; U+12155; U+12129; U+12077; U+12046,
U+12077,|MUŠ.DIN.ŠE.NUN&NUN.BALAG|,|MUŠ.IR.HA.DIN.BALAG|,4,𒁷,𒈲𒅕𒄩𒁷𒁆,U+12232; U+12155; U+12129; U+12077; U+12046,
U+12046,|MUŠ.DIN.ŠE.NUN&NUN.BALAG|,|MUŠ.IR.HA.DIN.BALAG|,5,𒁆,𒈲𒅕𒄩𒁷𒁆,U+12232; U+12155; U+12129; U+12077; U+12046,
X,|MUŠ.DIN.ŠE.NUN&NUN.BALAG|,|MUŠ@90.MUŠ@90|,1,,XX,X; X,
X,|MUŠ.DIN.ŠE.NUN&NUN.BALAG|,|MUŠ@90.MUŠ@90|,2,,XX,X; X,
U+12238,|(MUŠ&MUŠ)×KAK|,|MUŠ%MUŠ.HI|,1,𒈸,𒈸𒄭,U+12238; U+1212D,
U+1212D,|(MUŠ&MUŠ)×KAK|,|MUŠ%MUŠ.HI|,2,𒄭,𒈸𒄭,U+12238; U+1212D,
U+12238,|(MUŠ&MUŠ)×KAK|,|MUŠ%MUŠ.KAK|,1,𒈸,𒈸𒆕,U+12238; U+12195,
U+12195,|(MUŠ&MUŠ)×KAK|,|MUŠ%MUŠ.KAK|,2,𒆕,𒈸𒆕,U+12238; U+12195,
U+1204D,|MUŠ%MUŠ|,|BU.BU|,1,𒁍,𒁍𒁍,U+1204D; U+1204D,LAK236 [Uruk IV–III (~3400–3000 BCE) | Archaic / Uruk]; RSP338 [Early Dynastic (~2900–2340 BCE) | Presargonic Lagash]
U+1204D,|MUŠ%MUŠ|,|BU.BU|,2,𒁍,𒁍𒁍,U+1204D; U+1204D,LAK236 [Uruk IV–III (~3400–3000 BCE) | Archaic / Uruk]; RSP338 [Early Dynastic (~2900–2340 BCE) | Presargonic Lagash]
U+12232,|MUŠ%MUŠ|,|MUŠ.MUŠ|,1,𒈲,𒈲𒈲,U+12232; U+12232,LAK236 [Uruk IV–III (~3400–3000 BCE) | Archaic / Uruk]; RSP338 [Early Dynastic (~2900–2340 BCE) | Presargonic Lagash]
U+12232,|MUŠ%MUŠ|,|MUŠ.MUŠ|,2,𒈲,𒈲𒈲,U+12232; U+12232,LAK236 [Uruk IV–III (~3400–3000 BCE) | Archaic / Uruk]; RSP338 [Early Dynastic (~2900–2340 BCE) | Presargonic Lagash]
U+12000,|MUŠ₃.DI|,|A.MUŠ₃|,1,𒀀,𒀀𒈹,U+12000; U+12239,
U+12239,|MUŠ₃.DI|,|A.MUŠ₃|,2,𒈹,𒀀𒈹,U+12000; U+12239,
U+12000,|MUŠ₃.DI|,|A.MUŠ₃.A.DI|,1,𒀀,𒀀𒈹𒀀𒁲,U+12000; U+12239; U+12000; U+12072,
U+12239,|MUŠ₃.DI|,|A.MUŠ₃.A.DI|,2,𒈹,𒀀𒈹𒀀𒁲,U+12000; U+12239; U+12000; U+12072,
U+12000,|MUŠ₃.DI|,|A.MUŠ₃.A.DI|,3,𒀀,𒀀𒈹𒀀𒁲,U+12000; U+12239; U+12000; U+12072,
U+12072,|MUŠ₃.DI|,|A.MUŠ₃.A.DI|,4,𒁲,𒀀𒈹𒀀𒁲,U+12000; U+12239; U+12000; U+12072,
U+12000,|MUŠ₃.DI|,|A.MUŠ₃.DI|,1,𒀀,𒀀𒈹𒁲,U+12000; U+12239; U+12072,
U+12239,|MUŠ₃.DI|,|A.MUŠ₃.DI|,2,𒈹,𒀀𒈹𒁲,U+12000; U+12239; U+12072,
U+12072,|MUŠ₃.DI|,|A.MUŠ₃.DI|,3,𒁲,𒀀𒈹𒁲,U+12000; U+12239; U+12072,
U+12000,|MUŠ₃.DI|,|A.MUŠ₃×A.DI|,1,𒀀,𒀀𒈺𒁲,U+12000; U+1223A; U+12072,
U+1223A,|MUŠ₃.DI|,|A.MUŠ₃×A.DI|,2,𒈺,𒀀𒈺𒁲,U+12000; U+1223A; U+12072,
U+12072,|MUŠ₃.DI|,|A.MUŠ₃×A.DI|,3,𒁲,𒀀𒈺𒁲,U+12000; U+1223A; U+12072,
U+12000,|MUŠ₃.DI|,|A.MUŠ₃@g|,1,𒀀,𒀀𒈽,U+12000; U+1223D,
U+1223D,|MUŠ₃.DI|,|A.MUŠ₃@g|,2,𒈽,𒀀𒈽,U+12000; U+1223D,
U+12000,|MUŠ₃.DI|,|A.MUŠ₃@g.DI|,1,𒀀,𒀀𒈽𒁲,U+12000; U+1223D; U+12072,
U+1223D,|MUŠ₃.DI|,|A.MUŠ₃@g.DI|,2,𒈽,𒀀𒈽𒁲,U+12000; U+1223D; U+12072,
U+12072,|MUŠ₃.DI|,|A.MUŠ₃@g.DI|,3,𒁲,𒀀𒈽𒁲,U+12000; U+1223D; U+12072,
U+1223D,|MUŠ₃.DI|,|MUŠ₃@g.DI|,1,𒈽,𒈽𒁲,U+1223D; U+12072,
U+12072,|MUŠ₃.DI|,|MUŠ₃@g.DI|,2,𒁲,𒈽𒁲,U+1223D; U+12072,
U+1235D,|MUŠ₃.DI|,|ZA.MUŠ₃.DI|,1,𒍝,𒍝𒈹𒁲,U+1235D; U+12239; U+12072,
U+12239,|MUŠ₃.DI|,|ZA.MUŠ₃.DI|,2,𒈹,𒍝𒈹𒁲,U+1235D; U+12239; U+12072,
U+12072,|MUŠ₃.DI|,|ZA.MUŠ₃.DI|,3,𒁲,𒍝𒈹𒁲,U+1235D; U+12239; U+12072,
U+1235D,|MUŠ₃.DI|,|ZA.MUŠ₃@g.DI|,1,𒍝,𒍝𒈽𒁲,U+1235D; U+1223D; U+12072,
U+1223D,|MUŠ₃.DI|,|ZA.MUŠ₃@g.DI|,2,𒈽,𒍝𒈽𒁲,U+1235D; U+1223D; U+12072,
U+12072,|MUŠ₃.DI|,|ZA.MUŠ₃@g.DI|,3,𒁲,𒍝𒈽𒁲,U+1235D; U+1223D; U+12072,
U+12239,|MUŠ₃.EREN|,|MUŠ₃.ŠEŠ₂|,1,𒈹,𒈹𒋁,U+12239; U+122C1,RSP100 [Early Dynastic (~2900–2340 BCE) | Presargonic Lagash]
U+122C1,|MUŠ₃.EREN|,|MUŠ₃.ŠEŠ₂|,2,𒋁,𒈹𒋁,U+12239; U+122C1,RSP100 [Early Dynastic (~2900–2340 BCE) | Presargonic Lagash]
U+1223D,|MUŠ₃.EREN|,|MUŠ₃@g.ŠEŠ₂|,1,𒈽,𒈽𒋁,U+1223D; U+122C1,RSP100 [Early Dynastic (~2900–2340 BCE) | Presargonic Lagash]
U+122C1,|MUŠ₃.EREN|,|MUŠ₃@g.ŠEŠ₂|,2,𒋁,𒈽𒋁,U+1223D; U+122C1,RSP100 [Early Dynastic (~2900–2340 BCE) | Presargonic Lagash]
U+12239,|MUŠ₃.ZA|,|MUŠ₃.ZA₇|,1,𒈹,𒈹𒕁,U+12239; U+12541,RSP099 [Early Dynastic (~2900–2340 BCE) | Presargonic Lagash]
U+12541,|MUŠ₃.ZA|,|MUŠ₃.ZA₇|,2,𒕁,𒈹𒕁,U+12239; U+12541,RSP099 [Early Dynastic (~2900–2340 BCE) | Presargonic Lagash]
U+122BA,NAGA,|ŠE.NAGA|,1,𒊺,𒊺𒉀,U+122BA; U+12240,GCSL106 [Gudea period (~2100 BCE) | Lagash / Girsu]; LAK209 [Uruk IV–III (~3400–3000 BCE) | Archaic / Uruk]; ASY115a [Standard Babylonian (any period) | Akkadian syllabary]; ABZL377 [Old Babylonian (~2000–1600 BCE) | School texts]; BAU132 [Early Dynastic (~2900–2340 BCE) | Lagash]; ELLES121 [Early Dynastic (~2900–2340 BCE) | Ebla]; KWU592 [Ur III (~2112–2004 BCE) | Administrative]; MZL293 [Standard Babylonian (any period) | Akkado-Babylonian]; PTACE050 [Early Dynastic (~2900–2340 BCE) | Ebla]; RSP448 [Early Dynastic (~2900–2340 BCE) | Presargonic Lagash]; SLLHA165 [Standard Babylonian (any period) | Akkado-Babylonian]
U+12240,NAGA,|ŠE.NAGA|,2,𒉀,𒊺𒉀,U+122BA; U+12240,GCSL106 [Gudea period (~2100 BCE) | Lagash / Girsu]; LAK209 [Uruk IV–III (~3400–3000 BCE) | Archaic / Uruk]; ASY115a [Standard Babylonian (any period) | Akkadian syllabary]; ABZL377 [Old Babylonian (~2000–1600 BCE) | School texts]; BAU132 [Early Dynastic (~2900–2340 BCE) | Lagash]; ELLES121 [Early Dynastic (~2900–2340 BCE) | Ebla]; KWU592 [Ur III (~2112–2004 BCE) | Administrative]; MZL293 [Standard Babylonian (any period) | Akkado-Babylonian]; PTACE050 [Early Dynastic (~2900–2340 BCE) | Ebla]; RSP448 [Early Dynastic (~2900–2340 BCE) | Presargonic Lagash]; SLLHA165 [Standard Babylonian (any period) | Akkado-Babylonian]
U+122BA,|NAGA@NAGA|,|ŠE.NAGA@ŠE.NAGA|,1,𒊺,𒊺X𒉀,U+122BA; X; U+12240,SLLHA165+165n1 [Standard Babylonian (any period) | Akkado-Babylonian]
X,|NAGA@NAGA|,|ŠE.NAGA@ŠE.NAGA|,2,,𒊺X𒉀,U+122BA; X; U+12240,SLLHA165+165n1 [Standard Babylonian (any period) | Akkado-Babylonian]
U+12240,|NAGA@NAGA|,|ŠE.NAGA@ŠE.NAGA|,3,𒉀,𒊺X𒉀,U+122BA; X; U+12240,SLLHA165+165n1 [Standard Babylonian (any period) | Akkado-Babylonian]
U+12311,|NAGA@NAGA|,|U₂.NAGA@U₂.NAGA|,1,𒌑,𒌑X𒉀,U+12311; X; U+12240,SLLHA165+165n1 [Standard Babylonian (any period) | Akkado-Babylonian]
X,|NAGA@NAGA|,|U₂.NAGA@U₂.NAGA|,2,,𒌑X𒉀,U+12311; X; U+12240,SLLHA165+165n1 [Standard Babylonian (any period) | Akkado-Babylonian]
U+12240,|NAGA@NAGA|,|U₂.NAGA@U₂.NAGA|,3,𒉀,𒌑X𒉀,U+12311; X; U+12240,SLLHA165+165n1 [Standard Babylonian (any period) | Akkado-Babylonian]
U+1204D,|NAGAR.BU|,|BU.NAGAR|,1,𒁍,𒁍𒉄,U+1204D; U+12244,
U+12244,|NAGAR.BU|,|BU.NAGAR|,2,𒉄,𒁍𒉄,U+1204D; U+12244,
U+1235E,|NAGAR.ZA@t|,|ZA@t.NAGAR|,1,𒍞,𒍞𒉄,U+1235E; U+12244,MZL894 [Standard Babylonian (any period) | Akkado-Babylonian]; SLLHA561 [Standard Babylonian (any period) | Akkado-Babylonian]
U+12244,|NAGAR.ZA@t|,|ZA@t.NAGAR|,2,𒉄,𒍞𒉄,U+1235E; U+12244,MZL894 [Standard Babylonian (any period) | Akkado-Babylonian]; SLLHA561 [Standard Babylonian (any period) | Akkado-Babylonian]
U+12306,|NAM.LUGAL|,|TUG₂.NAM.LUGAL|,1,𒌆,𒌆𒉆𒈗,U+12306; U+12246; U+12217,
U+12246,|NAM.LUGAL|,|TUG₂.NAM.LUGAL|,2,𒉆,𒌆𒉆𒈗,U+12306; U+12246; U+12217,
U+12217,|NAM.LUGAL|,|TUG₂.NAM.LUGAL|,3,𒈗,𒌆𒉆𒈗,U+12306; U+12246; U+12217,
U+12111,NE@s,|GIŠ.NE.PAP|,1,𒄑,𒄑𒉈𒉽,U+12111; U+12248; U+1227D,ASY124 [Standard Babylonian (any period) | Akkadian syllabary]; ABZL117 [Old Babylonian (~2000–1600 BCE) | School texts]; BAU103c [Early Dynastic (~2900–2340 BCE) | Lagash]; GCSL064 [Gudea period (~2100 BCE) | Lagash / Girsu]; HZL172 [Hittite period (~1650–1180 BCE) | Hittite]; KWU281 [Ur III (~2112–2004 BCE) | Administrative]; MZL312 [Standard Babylonian (any period) | Akkado-Babylonian]; RSP364 [Early Dynastic (~2900–2340 BCE) | Presargonic Lagash]; RSP364bis [Early Dynastic (~2900–2340 BCE) | Presargonic Lagash]; SLLHA173 [Standard Babylonian (any period) | Akkado-Babylonian]; SYA107 [Standard Babylonian (any period) | Akkadian syllabary]
U+12248,NE@s,|GIŠ.NE.PAP|,2,𒉈,𒄑𒉈𒉽,U+12111; U+12248; U+1227D,ASY124 [Standard Babylonian (any period) | Akkadian syllabary]; ABZL117 [Old Babylonian (~2000–1600 BCE) | School texts]; BAU103c [Early Dynastic (~2900–2340 BCE) | Lagash]; GCSL064 [Gudea period (~2100 BCE) | Lagash / Girsu]; HZL172 [Hittite period (~1650–1180 BCE) | Hittite]; KWU281 [Ur III (~2112–2004 BCE) | Administrative]; MZL312 [Standard Babylonian (any period) | Akkado-Babylonian]; RSP364 [Early Dynastic (~2900–2340 BCE) | Presargonic Lagash]; RSP364bis [Early Dynastic (~2900–2340 BCE) | Presargonic Lagash]; SLLHA173 [Standard Babylonian (any period) | Akkado-Babylonian]; SYA107 [Standard Babylonian (any period) | Akkadian syllabary]
U+1227D,NE@s,|GIŠ.NE.PAP|,3,𒉽,𒄑𒉈𒉽,U+12111; U+12248; U+1227D,ASY124 [Standard Babylonian (any period) | Akkadian syllabary]; ABZL117 [Old Babylonian (~2000–1600 BCE) | School texts]; BAU103c [Early Dynastic (~2900–2340 BCE) | Lagash]; GCSL064 [Gudea period (~2100 BCE) | Lagash / Girsu]; HZL172 [Hittite period (~1650–1180 BCE) | Hittite]; KWU281 [Ur III (~2112–2004 BCE) | Administrative]; MZL312 [Standard Babylonian (any period) | Akkado-Babylonian]; RSP364 [Early Dynastic (~2900–2340 BCE) | Presargonic Lagash]; RSP364bis [Early Dynastic (~2900–2340 BCE) | Presargonic Lagash]; SLLHA173 [Standard Babylonian (any period) | Akkado-Babylonian]; SYA107 [Standard Babylonian (any period) | Akkadian syllabary]
U+12111,NE@s,|GIŠ.PAP.NE|,1,𒄑,𒄑𒉽𒉈,U+12111; U+1227D; U+12248,ASY124 [Standard Babylonian (any period) | Akkadian syllabary]; ABZL117 [Old Babylonian (~2000–1600 BCE) | School texts]; BAU103c [Early Dynastic (~2900–2340 BCE) | Lagash]; GCSL064 [Gudea period (~2100 BCE) | Lagash / Girsu]; HZL172 [Hittite period (~1650–1180 BCE) | Hittite]; KWU281 [Ur III (~2112–2004 BCE) | Administrative]; MZL312 [Standard Babylonian (any period) | Akkado-Babylonian]; RSP364 [Early Dynastic (~2900–2340 BCE) | Presargonic Lagash]; RSP364bis [Early Dynastic (~2900–2340 BCE) | Presargonic Lagash]; SLLHA173 [Standard Babylonian (any period) | Akkado-Babylonian]; SYA107 [Standard Babylonian (any period) | Akkadian syllabary]
U+1227D,NE@s,|GIŠ.PAP.NE|,2,𒉽,𒄑𒉽𒉈,U+12111; U+1227D; U+12248,ASY124 [Standard Babylonian (any period) | Akkadian syllabary]; ABZL117 [Old Babylonian (~2000–1600 BCE) | School texts]; BAU103c [Early Dynastic (~2900–2340 BCE) | Lagash]; GCSL064 [Gudea period (~2100 BCE) | Lagash / Girsu]; HZL172 [Hittite period (~1650–1180 BCE) | Hittite]; KWU281 [Ur III (~2112–2004 BCE) | Administrative]; MZL312 [Standard Babylonian (any period) | Akkado-Babylonian]; RSP364 [Early Dynastic (~2900–2340 BCE) | Presargonic Lagash]; RSP364bis [Early Dynastic (~2900–2340 BCE) | Presargonic Lagash]; SLLHA173 [Standard Babylonian (any period) | Akkado-Babylonian]; SYA107 [Standard Babylonian (any period) | Akkadian syllabary]
U+12248,NE@s,|GIŠ.PAP.NE|,3,𒉈,𒄑𒉽𒉈,U+12111; U+1227D; U+12248,ASY124 [Standard Babylonian (any period) | Akkadian syllabary]; ABZL117 [Old Babylonian (~2000–1600 BCE) | School texts]; BAU103c [Early Dynastic (~2900–2340 BCE) | Lagash]; GCSL064 [Gudea period (~2100 BCE) | Lagash / Girsu]; HZL172 [Hittite period (~1650–1180 BCE) | Hittite]; KWU281 [Ur III (~2112–2004 BCE) | Administrative]; MZL312 [Standard Babylonian (any period) | Akkado-Babylonian]; RSP364 [Early Dynastic (~2900–2340 BCE) | Presargonic Lagash]; RSP364bis [Early Dynastic (~2900–2340 BCE) | Presargonic Lagash]; SLLHA173 [Standard Babylonian (any period) | Akkado-Babylonian]; SYA107 [Standard Babylonian (any period) | Akkadian syllabary]
U+12111,NE@s,|GIŠ.PAP.NE@s|,1,𒄑,𒄑𒉽𒉋,U+12111; U+1227D; U+1224B,ASY124 [Standard Babylonian (any period) | Akkadian syllabary]; ABZL117 [Old Babylonian (~2000–1600 BCE) | School texts]; BAU103c [Early Dynastic (~2900–2340 BCE) | Lagash]; GCSL064 [Gudea period (~2100 BCE) | Lagash / Girsu]; HZL172 [Hittite period (~1650–1180 BCE) | Hittite]; KWU281 [Ur III (~2112–2004 BCE) | Administrative]; MZL312 [Standard Babylonian (any period) | Akkado-Babylonian]; RSP364 [Early Dynastic (~2900–2340 BCE) | Presargonic Lagash]; RSP364bis [Early Dynastic (~2900–2340 BCE) | Presargonic Lagash]; SLLHA173 [Standard Babylonian (any period) | Akkado-Babylonian]; SYA107 [Standard Babylonian (any period) | Akkadian syllabary]
U+1227D,NE@s,|GIŠ.PAP.NE@s|,2,𒉽,𒄑𒉽𒉋,U+12111; U+1227D; U+1224B,ASY124 [Standard Babylonian (any period) | Akkadian syllabary]; ABZL117 [Old Babylonian (~2000–1600 BCE) | School texts]; BAU103c [Early Dynastic (~2900–2340 BCE) | Lagash]; GCSL064 [Gudea period (~2100 BCE) | Lagash / Girsu]; HZL172 [Hittite period (~1650–1180 BCE) | Hittite]; KWU281 [Ur III (~2112–2004 BCE) | Administrative]; MZL312 [Standard Babylonian (any period) | Akkado-Babylonian]; RSP364 [Early Dynastic (~2900–2340 BCE) | Presargonic Lagash]; RSP364bis [Early Dynastic (~2900–2340 BCE) | Presargonic Lagash]; SLLHA173 [Standard Babylonian (any period) | Akkado-Babylonian]; SYA107 [Standard Babylonian (any period) | Akkadian syllabary]
U+1224B,NE@s,|GIŠ.PAP.NE@s|,3,𒉋,𒄑𒉽𒉋,U+12111; U+1227D; U+1224B,ASY124 [Standard Babylonian (any period) | Akkadian syllabary]; ABZL117 [Old Babylonian (~2000–1600 BCE) | School texts]; BAU103c [Early Dynastic (~2900–2340 BCE) | Lagash]; GCSL064 [Gudea period (~2100 BCE) | Lagash / Girsu]; HZL172 [Hittite period (~1650–1180 BCE) | Hittite]; KWU281 [Ur III (~2112–2004 BCE) | Administrative]; MZL312 [Standard Babylonian (any period) | Akkado-Babylonian]; RSP364 [Early Dynastic (~2900–2340 BCE) | Presargonic Lagash]; RSP364bis [Early Dynastic (~2900–2340 BCE) | Presargonic Lagash]; SLLHA173 [Standard Babylonian (any period) | Akkado-Babylonian]; SYA107 [Standard Babylonian (any period) | Akkadian syllabary]
U+12248,NE@s,|NE.GIŠ~v|,1,𒉈,𒉈X,U+12248; X,ASY124 [Standard Babylonian (any period) | Akkadian syllabary]; ABZL117 [Old Babylonian (~2000–1600 BCE) | School texts]; BAU103c [Early Dynastic (~2900–2340 BCE) | Lagash]; GCSL064 [Gudea period (~2100 BCE) | Lagash / Girsu]; HZL172 [Hittite period (~1650–1180 BCE) | Hittite]; KWU281 [Ur III (~2112–2004 BCE) | Administrative]; MZL312 [Standard Babylonian (any period) | Akkado-Babylonian]; RSP364 [Early Dynastic (~2900–2340 BCE) | Presargonic Lagash]; RSP364bis [Early Dynastic (~2900–2340 BCE) | Presargonic Lagash]; SLLHA173 [Standard Babylonian (any period) | Akkado-Babylonian]; SYA107 [Standard Babylonian (any period) | Akkadian syllabary]
X,NE@s,|NE.GIŠ~v|,2,,𒉈X,U+12248; X,ASY124 [Standard Babylonian (any period) | Akkadian syllabary]; ABZL117 [Old Babylonian (~2000–1600 BCE) | School texts]; BAU103c [Early Dynastic (~2900–2340 BCE) | Lagash]; GCSL064 [Gudea period (~2100 BCE) | Lagash / Girsu]; HZL172 [Hittite period (~1650–1180 BCE) | Hittite]; KWU281 [Ur III (~2112–2004 BCE) | Administrative]; MZL312 [Standard Babylonian (any period) | Akkado-Babylonian]; RSP364 [Early Dynastic (~2900–2340 BCE) | Presargonic Lagash]; RSP364bis [Early Dynastic (~2900–2340 BCE) | Presargonic Lagash]; SLLHA173 [Standard Babylonian (any period) | Akkado-Babylonian]; SYA107 [Standard Babylonian (any period) | Akkadian syllabary]
U+12248,NE@s,|NE.PAP|,1,𒉈,𒉈𒉽,U+12248; U+1227D,ASY124 [Standard Babylonian (any period) | Akkadian syllabary]; ABZL117 [Old Babylonian (~2000–1600 BCE) | School texts]; BAU103c [Early Dynastic (~2900–2340 BCE) | Lagash]; GCSL064 [Gudea period (~2100 BCE) | Lagash / Girsu]; HZL172 [Hittite period (~1650–1180 BCE) | Hittite]; KWU281 [Ur III (~2112–2004 BCE) | Administrative]; MZL312 [Standard Babylonian (any period) | Akkado-Babylonian]; RSP364 [Early Dynastic (~2900–2340 BCE) | Presargonic Lagash]; RSP364bis [Early Dynastic (~2900–2340 BCE) | Presargonic Lagash]; SLLHA173 [Standard Babylonian (any period) | Akkado-Babylonian]; SYA107 [Standard Babylonian (any period) | Akkadian syllabary]
U+1227D,NE@s,|NE.PAP|,2,𒉽,𒉈𒉽,U+12248; U+1227D,ASY124 [Standard Babylonian (any period) | Akkadian syllabary]; ABZL117 [Old Babylonian (~2000–1600 BCE) | School texts]; BAU103c [Early Dynastic (~2900–2340 BCE) | Lagash]; GCSL064 [Gudea period (~2100 BCE) | Lagash / Girsu]; HZL172 [Hittite period (~1650–1180 BCE) | Hittite]; KWU281 [Ur III (~2112–2004 BCE) | Administrative]; MZL312 [Standard Babylonian (any period) | Akkado-Babylonian]; RSP364 [Early Dynastic (~2900–2340 BCE) | Presargonic Lagash]; RSP364bis [Early Dynastic (~2900–2340 BCE) | Presargonic Lagash]; SLLHA173 [Standard Babylonian (any period) | Akkado-Babylonian]; SYA107 [Standard Babylonian (any period) | Akkadian syllabary]
U+12248,NE@s,|NE.PAP.MES|,1,𒉈,𒉈𒉽𒈩,U+12248; U+1227D; U+12229,ASY124 [Standard Babylonian (any period) | Akkadian syllabary]; ABZL117 [Old Babylonian (~2000–1600 BCE) | School texts]; BAU103c [Early Dynastic (~2900–2340 BCE) | Lagash]; GCSL064 [Gudea period (~2100 BCE) | Lagash / Girsu]; HZL172 [Hittite period (~1650–1180 BCE) | Hittite]; KWU281 [Ur III (~2112–2004 BCE) | Administrative]; MZL312 [Standard Babylonian (any period) | Akkado-Babylonian]; RSP364 [Early Dynastic (~2900–2340 BCE) | Presargonic Lagash]; RSP364bis [Early Dynastic (~2900–2340 BCE) | Presargonic Lagash]; SLLHA173 [Standard Babylonian (any period) | Akkado-Babylonian]; SYA107 [Standard Babylonian (any period) | Akkadian syllabary]
U+1227D,NE@s,|NE.PAP.MES|,2,𒉽,𒉈𒉽𒈩,U+12248; U+1227D; U+12229,ASY124 [Standard Babylonian (any period) | Akkadian syllabary]; ABZL117 [Old Babylonian (~2000–1600 BCE) | School texts]; BAU103c [Early Dynastic (~2900–2340 BCE) | Lagash]; GCSL064 [Gudea period (~2100 BCE) | Lagash / Girsu]; HZL172 [Hittite period (~1650–1180 BCE) | Hittite]; KWU281 [Ur III (~2112–2004 BCE) | Administrative]; MZL312 [Standard Babylonian (any period) | Akkado-Babylonian]; RSP364 [Early Dynastic (~2900–2340 BCE) | Presargonic Lagash]; RSP364bis [Early Dynastic (~2900–2340 BCE) | Presargonic Lagash]; SLLHA173 [Standard Babylonian (any period) | Akkado-Babylonian]; SYA107 [Standard Babylonian (any period) | Akkadian syllabary]
U+12229,NE@s,|NE.PAP.MES|,3,𒈩,𒉈𒉽𒈩,U+12248; U+1227D; U+12229,ASY124 [Standard Babylonian (any period) | Akkadian syllabary]; ABZL117 [Old Babylonian (~2000–1600 BCE) | School texts]; BAU103c [Early Dynastic (~2900–2340 BCE) | Lagash]; GCSL064 [Gudea period (~2100 BCE) | Lagash / Girsu]; HZL172 [Hittite period (~1650–1180 BCE) | Hittite]; KWU281 [Ur III (~2112–2004 BCE) | Administrative]; MZL312 [Standard Babylonian (any period) | Akkado-Babylonian]; RSP364 [Early Dynastic (~2900–2340 BCE) | Presargonic Lagash]; RSP364bis [Early Dynastic (~2900–2340 BCE) | Presargonic Lagash]; SLLHA173 [Standard Babylonian (any period) | Akkado-Babylonian]; SYA107 [Standard Babylonian (any period) | Akkadian syllabary]
U+12248,NE@s,|NE.PAP.GIŠ|,1,𒉈,𒉈𒉽𒄑,U+12248; U+1227D; U+12111,ASY124 [Standard Babylonian (any period) | Akkadian syllabary]; ABZL117 [Old Babylonian (~2000–1600 BCE) | School texts]; BAU103c [Early Dynastic (~2900–2340 BCE) | Lagash]; GCSL064 [Gudea period (~2100 BCE) | Lagash / Girsu]; HZL172 [Hittite period (~1650–1180 BCE) | Hittite]; KWU281 [Ur III (~2112–2004 BCE) | Administrative]; MZL312 [Standard Babylonian (any period) | Akkado-Babylonian]; RSP364 [Early Dynastic (~2900–2340 BCE) | Presargonic Lagash]; RSP364bis [Early Dynastic (~2900–2340 BCE) | Presargonic Lagash]; SLLHA173 [Standard Babylonian (any period) | Akkado-Babylonian]; SYA107 [Standard Babylonian (any period) | Akkadian syllabary]
U+1227D,NE@s,|NE.PAP.GIŠ|,2,𒉽,𒉈𒉽𒄑,U+12248; U+1227D; U+12111,ASY124 [Standard Babylonian (any period) | Akkadian syllabary]; ABZL117 [Old Babylonian (~2000–1600 BCE) | School texts]; BAU103c [Early Dynastic (~2900–2340 BCE) | Lagash]; GCSL064 [Gudea period (~2100 BCE) | Lagash / Girsu]; HZL172 [Hittite period (~1650–1180 BCE) | Hittite]; KWU281 [Ur III (~2112–2004 BCE) | Administrative]; MZL312 [Standard Babylonian (any period) | Akkado-Babylonian]; RSP364 [Early Dynastic (~2900–2340 BCE) | Presargonic Lagash]; RSP364bis [Early Dynastic (~2900–2340 BCE) | Presargonic Lagash]; SLLHA173 [Standard Babylonian (any period) | Akkado-Babylonian]; SYA107 [Standard Babylonian (any period) | Akkadian syllabary]
U+12111,NE@s,|NE.PAP.GIŠ|,3,𒄑,𒉈𒉽𒄑,U+12248; U+1227D; U+12111,ASY124 [Standard Babylonian (any period) | Akkadian syllabary]; ABZL117 [Old Babylonian (~2000–1600 BCE) | School texts]; BAU103c [Early Dynastic (~2900–2340 BCE) | Lagash]; GCSL064 [Gudea period (~2100 BCE) | Lagash / Girsu]; HZL172 [Hittite period (~1650–1180 BCE) | Hittite]; KWU281 [Ur III (~2112–2004 BCE) | Administrative]; MZL312 [Standard Babylonian (any period) | Akkado-Babylonian]; RSP364 [Early Dynastic (~2900–2340 BCE) | Presargonic Lagash]; RSP364bis [Early Dynastic (~2900–2340 BCE) | Presargonic Lagash]; SLLHA173 [Standard Babylonian (any period) | Akkado-Babylonian]; SYA107 [Standard Babylonian (any period) | Akkadian syllabary]
U+12248,NE@s,|NE.PAP.GIŠ~v|,1,𒉈,𒉈𒉽X,U+12248; U+1227D; X,ASY124 [Standard Babylonian (any period) | Akkadian syllabary]; ABZL117 [Old Babylonian (~2000–1600 BCE) | School texts]; BAU103c [Early Dynastic (~2900–2340 BCE) | Lagash]; GCSL064 [Gudea period (~2100 BCE) | Lagash / Girsu]; HZL172 [Hittite period (~1650–1180 BCE) | Hittite]; KWU281 [Ur III (~2112–2004 BCE) | Administrative]; MZL312 [Standard Babylonian (any period) | Akkado-Babylonian]; RSP364 [Early Dynastic (~2900–2340 BCE) | Presargonic Lagash]; RSP364bis [Early Dynastic (~2900–2340 BCE) | Presargonic Lagash]; SLLHA173 [Standard Babylonian (any period) | Akkado-Babylonian]; SYA107 [Standard Babylonian (any period) | Akkadian syllabary]
U+1227D,NE@s,|NE.PAP.GIŠ~v|,2,𒉽,𒉈𒉽X,U+12248; U+1227D; X,ASY124 [Standard Babylonian (any period) | Akkadian syllabary]; ABZL117 [Old Babylonian (~2000–1600 BCE) | School texts]; BAU103c [Early Dynastic (~2900–2340 BCE) | Lagash]; GCSL064 [Gudea period (~2100 BCE) | Lagash / Girsu]; HZL172 [Hittite period (~1650–1180 BCE) | Hittite]; KWU281 [Ur III (~2112–2004 BCE) | Administrative]; MZL312 [Standard Babylonian (any period) | Akkado-Babylonian]; RSP364 [Early Dynastic (~2900–2340 BCE) | Presargonic Lagash]; RSP364bis [Early Dynastic (~2900–2340 BCE) | Presargonic Lagash]; SLLHA173 [Standard Babylonian (any period) | Akkado-Babylonian]; SYA107 [Standard Babylonian (any period) | Akkadian syllabary]
X,NE@s,|NE.PAP.GIŠ~v|,3,,𒉈𒉽X,U+12248; U+1227D; X,ASY124 [Standard Babylonian (any period) | Akkadian syllabary]; ABZL117 [Old Babylonian (~2000–1600 BCE) | School texts]; BAU103c [Early Dynastic (~2900–2340 BCE) | Lagash]; GCSL064 [Gudea period (~2100 BCE) | Lagash / Girsu]; HZL172 [Hittite period (~1650–1180 BCE) | Hittite]; KWU281 [Ur III (~2112–2004 BCE) | Administrative]; MZL312 [Standard Babylonian (any period) | Akkado-Babylonian]; RSP364 [Early Dynastic (~2900–2340 BCE) | Presargonic Lagash]; RSP364bis [Early Dynastic (~2900–2340 BCE) | Presargonic Lagash]; SLLHA173 [Standard Babylonian (any period) | Akkado-Babylonian]; SYA107 [Standard Babylonian (any period) | Akkadian syllabary]
U+1227D,NE@s,|PAP.GIŠ.NE|,1,𒉽,𒉽𒄑𒉈,U+1227D; U+12111; U+12248,ASY124 [Standard Babylonian (any period) | Akkadian syllabary]; ABZL117 [Old Babylonian (~2000–1600 BCE) | School texts]; BAU103c [Early Dynastic (~2900–2340 BCE) | Lagash]; GCSL064 [Gudea period (~2100 BCE) | Lagash / Girsu]; HZL172 [Hittite period (~1650–1180 BCE) | Hittite]; KWU281 [Ur III (~2112–2004 BCE) | Administrative]; MZL312 [Standard Babylonian (any period) | Akkado-Babylonian]; RSP364 [Early Dynastic (~2900–2340 BCE) | Presargonic Lagash]; RSP364bis [Early Dynastic (~2900–2340 BCE) | Presargonic Lagash]; SLLHA173 [Standard Babylonian (any period) | Akkado-Babylonian]; SYA107 [Standard Babylonian (any period) | Akkadian syllabary]
U+12111,NE@s,|PAP.GIŠ.NE|,2,𒄑,𒉽𒄑𒉈,U+1227D; U+12111; U+12248,ASY124 [Standard Babylonian (any period) | Akkadian syllabary]; ABZL117 [Old Babylonian (~2000–1600 BCE) | School texts]; BAU103c [Early Dynastic (~2900–2340 BCE) | Lagash]; GCSL064 [Gudea period (~2100 BCE) | Lagash / Girsu]; HZL172 [Hittite period (~1650–1180 BCE) | Hittite]; KWU281 [Ur III (~2112–2004 BCE) | Administrative]; MZL312 [Standard Babylonian (any period) | Akkado-Babylonian]; RSP364 [Early Dynastic (~2900–2340 BCE) | Presargonic Lagash]; RSP364bis [Early Dynastic (~2900–2340 BCE) | Presargonic Lagash]; SLLHA173 [Standard Babylonian (any period) | Akkado-Babylonian]; SYA107 [Standard Babylonian (any period) | Akkadian syllabary]
U+12248,NE@s,|PAP.GIŠ.NE|,3,𒉈,𒉽𒄑𒉈,U+1227D; U+12111; U+12248,ASY124 [Standard Babylonian (any period) | Akkadian syllabary]; ABZL117 [Old Babylonian (~2000–1600 BCE) | School texts]; BAU103c [Early Dynastic (~2900–2340 BCE) | Lagash]; GCSL064 [Gudea period (~2100 BCE) | Lagash / Girsu]; HZL172 [Hittite period (~1650–1180 BCE) | Hittite]; KWU281 [Ur III (~2112–2004 BCE) | Administrative]; MZL312 [Standard Babylonian (any period) | Akkado-Babylonian]; RSP364 [Early Dynastic (~2900–2340 BCE) | Presargonic Lagash]; RSP364bis [Early Dynastic (~2900–2340 BCE) | Presargonic Lagash]; SLLHA173 [Standard Babylonian (any period) | Akkado-Babylonian]; SYA107 [Standard Babylonian (any period) | Akkadian syllabary]
U+1227D,NE@s,|PAP.NE|,1,𒉽,𒉽𒉈,U+1227D; U+12248,ASY124 [Standard Babylonian (any period) | Akkadian syllabary]; ABZL117 [Old Babylonian (~2000–1600 BCE) | School texts]; BAU103c [Early Dynastic (~2900–2340 BCE) | Lagash]; GCSL064 [Gudea period (~2100 BCE) | Lagash / Girsu]; HZL172 [Hittite period (~1650–1180 BCE) | Hittite]; KWU281 [Ur III (~2112–2004 BCE) | Administrative]; MZL312 [Standard Babylonian (any period) | Akkado-Babylonian]; RSP364 [Early Dynastic (~2900–2340 BCE) | Presargonic Lagash]; RSP364bis [Early Dynastic (~2900–2340 BCE) | Presargonic Lagash]; SLLHA173 [Standard Babylonian (any period) | Akkado-Babylonian]; SYA107 [Standard Babylonian (any period) | Akkadian syllabary]
U+12248,NE@s,|PAP.NE|,2,𒉈,𒉽𒉈,U+1227D; U+12248,ASY124 [Standard Babylonian (any period) | Akkadian syllabary]; ABZL117 [Old Babylonian (~2000–1600 BCE) | School texts]; BAU103c [Early Dynastic (~2900–2340 BCE) | Lagash]; GCSL064 [Gudea period (~2100 BCE) | Lagash / Girsu]; HZL172 [Hittite period (~1650–1180 BCE) | Hittite]; KWU281 [Ur III (~2112–2004 BCE) | Administrative]; MZL312 [Standard Babylonian (any period) | Akkado-Babylonian]; RSP364 [Early Dynastic (~2900–2340 BCE) | Presargonic Lagash]; RSP364bis [Early Dynastic (~2900–2340 BCE) | Presargonic Lagash]; SLLHA173 [Standard Babylonian (any period) | Akkado-Babylonian]; SYA107 [Standard Babylonian (any period) | Akkadian syllabary]
U+1227D,NE@s,|PAP.NE.GIŠ|,1,𒉽,𒉽𒉈𒄑,U+1227D; U+12248; U+12111,ASY124 [Standard Babylonian (any period) | Akkadian syllabary]; ABZL117 [Old Babylonian (~2000–1600 BCE) | School texts]; BAU103c [Early Dynastic (~2900–2340 BCE) | Lagash]; GCSL064 [Gudea period (~2100 BCE) | Lagash / Girsu]; HZL172 [Hittite period (~1650–1180 BCE) | Hittite]; KWU281 [Ur III (~2112–2004 BCE) | Administrative]; MZL312 [Standard Babylonian (any period) | Akkado-Babylonian]; RSP364 [Early Dynastic (~2900–2340 BCE) | Presargonic Lagash]; RSP364bis [Early Dynastic (~2900–2340 BCE) | Presargonic Lagash]; SLLHA173 [Standard Babylonian (any period) | Akkado-Babylonian]; SYA107 [Standard Babylonian (any period) | Akkadian syllabary]
U+12248,NE@s,|PAP.NE.GIŠ|,2,𒉈,𒉽𒉈𒄑,U+1227D; U+12248; U+12111,ASY124 [Standard Babylonian (any period) | Akkadian syllabary]; ABZL117 [Old Babylonian (~2000–1600 BCE) | School texts]; BAU103c [Early Dynastic (~2900–2340 BCE) | Lagash]; GCSL064 [Gudea period (~2100 BCE) | Lagash / Girsu]; HZL172 [Hittite period (~1650–1180 BCE) | Hittite]; KWU281 [Ur III (~2112–2004 BCE) | Administrative]; MZL312 [Standard Babylonian (any period) | Akkado-Babylonian]; RSP364 [Early Dynastic (~2900–2340 BCE) | Presargonic Lagash]; RSP364bis [Early Dynastic (~2900–2340 BCE) | Presargonic Lagash]; SLLHA173 [Standard Babylonian (any period) | Akkado-Babylonian]; SYA107 [Standard Babylonian (any period) | Akkadian syllabary]
U+12111,NE@s,|PAP.NE.GIŠ|,3,𒄑,𒉽𒉈𒄑,U+1227D; U+12248; U+12111,ASY124 [Standard Babylonian (any period) | Akkadian syllabary]; ABZL117 [Old Babylonian (~2000–1600 BCE) | School texts]; BAU103c [Early Dynastic (~2900–2340 BCE) | Lagash]; GCSL064 [Gudea period (~2100 BCE) | Lagash / Girsu]; HZL172 [Hittite period (~1650–1180 BCE) | Hittite]; KWU281 [Ur III (~2112–2004 BCE) | Administrative]; MZL312 [Standard Babylonian (any period) | Akkado-Babylonian]; RSP364 [Early Dynastic (~2900–2340 BCE) | Presargonic Lagash]; RSP364bis [Early Dynastic (~2900–2340 BCE) | Presargonic Lagash]; SLLHA173 [Standard Babylonian (any period) | Akkado-Babylonian]; SYA107 [Standard Babylonian (any period) | Akkadian syllabary]
U+12313,|NI.HUB₂|,|UD.NI.HUB₂|,1,𒌓,𒌓𒉌𒄸,U+12313; U+1224C; U+12138,
U+1224C,|NI.HUB₂|,|UD.NI.HUB₂|,2,𒉌,𒌓𒉌𒄸,U+12313; U+1224C; U+12138,
U+12138,|NI.HUB₂|,|UD.NI.HUB₂|,3,𒄸,𒌓𒉌𒄸,U+12313; U+1224C; U+12138,
U+122A9,|NI.TUK|,|SAL.TUK|,1,𒊩,𒊩𒌇,U+122A9; U+12307,ABZL462 [Old Babylonian (~2000–1600 BCE) | School texts]; LAK514 [Uruk IV–III (~3400–3000 BCE) | Archaic / Uruk]; BAU409 [Early Dynastic (~2900–2340 BCE) | Lagash]; ELLES268 [Early Dynastic (~2900–2340 BCE) | Ebla]; PTACE220 [Early Dynastic (~2900–2340 BCE) | Ebla]; RSP150 [Early Dynastic (~2900–2340 BCE) | Presargonic Lagash]
U+12307,|NI.TUK|,|SAL.TUK|,2,𒌇,𒊩𒌇,U+122A9; U+12307,ABZL462 [Old Babylonian (~2000–1600 BCE) | School texts]; LAK514 [Uruk IV–III (~3400–3000 BCE) | Archaic / Uruk]; BAU409 [Early Dynastic (~2900–2340 BCE) | Lagash]; ELLES268 [Early Dynastic (~2900–2340 BCE) | Ebla]; PTACE220 [Early Dynastic (~2900–2340 BCE) | Ebla]; RSP150 [Early Dynastic (~2900–2340 BCE) | Presargonic Lagash]
U+12313,|NI.UD|,|UD.NI|,1,𒌓,𒌓𒉌,U+12313; U+1224C,LAK511 [Uruk IV–III (~3400–3000 BCE) | Archaic / Uruk]; ASY143 [Standard Babylonian (any period) | Akkadian syllabary]; ABZL262 [Old Babylonian (~2000–1600 BCE) | School texts]; BAU407 [Early Dynastic (~2900–2340 BCE) | Lagash]; ELLES266 [Early Dynastic (~2900–2340 BCE) | Ebla]; HZL073 [Hittite period (~1650–1180 BCE) | Hittite]; KWU779 [Ur III (~2112–2004 BCE) | Administrative]; MZL385 [Standard Babylonian (any period) | Akkado-Babylonian]; PTACE219 [Early Dynastic (~2900–2340 BCE) | Ebla]; RSP149 [Early Dynastic (~2900–2340 BCE) | Presargonic Lagash]; SLLHA229n [Standard Babylonian (any period) | Akkado-Babylonian]; SYA125 [Standard Babylonian (any period) | Akkadian syllabary]
U+1224C,|NI.UD|,|UD.NI|,2,𒉌,𒌓𒉌,U+12313; U+1224C,LAK511 [Uruk IV–III (~3400–3000 BCE) | Archaic / Uruk]; ASY143 [Standard Babylonian (any period) | Akkadian syllabary]; ABZL262 [Old Babylonian (~2000–1600 BCE) | School texts]; BAU407 [Early Dynastic (~2900–2340 BCE) | Lagash]; ELLES266 [Early Dynastic (~2900–2340 BCE) | Ebla]; HZL073 [Hittite period (~1650–1180 BCE) | Hittite]; KWU779 [Ur III (~2112–2004 BCE) | Administrative]; MZL385 [Standard Babylonian (any period) | Akkado-Babylonian]; PTACE219 [Early Dynastic (~2900–2340 BCE) | Ebla]; RSP149 [Early Dynastic (~2900–2340 BCE) | Presargonic Lagash]; SLLHA229n [Standard Babylonian (any period) | Akkado-Babylonian]; SYA125 [Standard Babylonian (any period) | Akkadian syllabary]
U+12252,|NINDA₂×(AŠ.AŠ)|,|NINDA₂.AŠ.AŠ|,1,𒉒,𒉒𒀸𒀸,U+12252; U+12038; U+12038,MZL318 [Standard Babylonian (any period) | Akkado-Babylonian]; SLLHA177n [Standard Babylonian (any period) | Akkado-Babylonian]
U+12038,|NINDA₂×(AŠ.AŠ)|,|NINDA₂.AŠ.AŠ|,2,𒀸,𒉒𒀸𒀸,U+12252; U+12038; U+12038,MZL318 [Standard Babylonian (any period) | Akkado-Babylonian]; SLLHA177n [Standard Babylonian (any period) | Akkado-Babylonian]
U+12038,|NINDA₂×(AŠ.AŠ)|,|NINDA₂.AŠ.AŠ|,3,𒀸,𒉒𒀸𒀸,U+12252; U+12038; U+12038,MZL318 [Standard Babylonian (any period) | Akkado-Babylonian]; SLLHA177n [Standard Babylonian (any period) | Akkado-Babylonian]
U+12252,|NINDA₂×GUD|,|NINDA₂.GUD|,1,𒉒,𒉒𒄞,U+12252; U+1211E,LAK104 [Uruk IV–III (~3400–3000 BCE) | Archaic / Uruk]; MZL327 [Standard Babylonian (any period) | Akkado-Babylonian]; SLLHA184 [Standard Babylonian (any period) | Akkado-Babylonian]
U+1211E,|NINDA₂×GUD|,|NINDA₂.GUD|,2,𒄞,𒉒𒄞,U+12252; U+1211E,LAK104 [Uruk IV–III (~3400–3000 BCE) | Archaic / Uruk]; MZL327 [Standard Babylonian (any period) | Akkado-Babylonian]; SLLHA184 [Standard Babylonian (any period) | Akkado-Babylonian]
U+1225A,|NINDA₂×ŠE|,|NINDA₂×ŠE.A|,1,𒉚,𒉚𒀀,U+1225A; U+12000,LAK105 [Uruk IV–III (~3400–3000 BCE) | Archaic / Uruk]; LAK108 [Uruk IV–III (~3400–3000 BCE) | Archaic / Uruk]; ASY127 [Standard Babylonian (any period) | Akkadian syllabary]; BAU066 [Early Dynastic (~2900–2340 BCE) | Lagash]; KWU160 [Ur III (~2112–2004 BCE) | Administrative]; PTACE069 [Early Dynastic (~2900–2340 BCE) | Ebla]; RSP108 [Early Dynastic (~2900–2340 BCE) | Presargonic Lagash]; SLLHA187v5 [Standard Babylonian (any period) | Akkado-Babylonian]
U+12000,|NINDA₂×ŠE|,|NINDA₂×ŠE.A|,2,𒀀,𒉚𒀀,U+1225A; U+12000,LAK105 [Uruk IV–III (~3400–3000 BCE) | Archaic / Uruk]; LAK108 [Uruk IV–III (~3400–3000 BCE) | Archaic / Uruk]; ASY127 [Standard Babylonian (any period) | Akkadian syllabary]; BAU066 [Early Dynastic (~2900–2340 BCE) | Lagash]; KWU160 [Ur III (~2112–2004 BCE) | Administrative]; PTACE069 [Early Dynastic (~2900–2340 BCE) | Ebla]; RSP108 [Early Dynastic (~2900–2340 BCE) | Presargonic Lagash]; SLLHA187v5 [Standard Babylonian (any period) | Akkado-Babylonian]
U+1225A,|NINDA₂×ŠE|,|NINDA₂×ŠE.A.AN|,1,𒉚,𒉚𒀀𒀭,U+1225A; U+12000; U+1202D,LAK105 [Uruk IV–III (~3400–3000 BCE) | Archaic / Uruk]; LAK108 [Uruk IV–III (~3400–3000 BCE) | Archaic / Uruk]; ASY127 [Standard Babylonian (any period) | Akkadian syllabary]; BAU066 [Early Dynastic (~2900–2340 BCE) | Lagash]; KWU160 [Ur III (~2112–2004 BCE) | Administrative]; PTACE069 [Early Dynastic (~2900–2340 BCE) | Ebla]; RSP108 [Early Dynastic (~2900–2340 BCE) | Presargonic Lagash]; SLLHA187v5 [Standard Babylonian (any period) | Akkado-Babylonian]
U+12000,|NINDA₂×ŠE|,|NINDA₂×ŠE.A.AN|,2,𒀀,𒉚𒀀𒀭,U+1225A; U+12000; U+1202D,LAK105 [Uruk IV–III (~3400–3000 BCE) | Archaic / Uruk]; LAK108 [Uruk IV–III (~3400–3000 BCE) | Archaic / Uruk]; ASY127 [Standard Babylonian (any period) | Akkadian syllabary]; BAU066 [Early Dynastic (~2900–2340 BCE) | Lagash]; KWU160 [Ur III (~2112–2004 BCE) | Administrative]; PTACE069 [Early Dynastic (~2900–2340 BCE) | Ebla]; RSP108 [Early Dynastic (~2900–2340 BCE) | Presargonic Lagash]; SLLHA187v5 [Standard Babylonian (any period) | Akkado-Babylonian]
U+1202D,|NINDA₂×ŠE|,|NINDA₂×ŠE.A.AN|,3,𒀭,𒉚𒀀𒀭,U+1225A; U+12000; U+1202D,LAK105 [Uruk IV–III (~3400–3000 BCE) | Archaic / Uruk]; LAK108 [Uruk IV–III (~3400–3000 BCE) | Archaic / Uruk]; ASY127 [Standard Babylonian (any period) | Akkadian syllabary]; BAU066 [Early Dynastic (~2900–2340 BCE) | Lagash]; KWU160 [Ur III (~2112–2004 BCE) | Administrative]; PTACE069 [Early Dynastic (~2900–2340 BCE) | Ebla]; RSP108 [Early Dynastic (~2900–2340 BCE) | Presargonic Lagash]; SLLHA187v5 [Standard Babylonian (any period) | Akkado-Babylonian]
U+1225A,|NINDA₂×ŠE|,|NINDA₂×(ŠE.AN)|,1,𒉚,𒉚𒀭,U+1225A; U+1202D,LAK105 [Uruk IV–III (~3400–3000 BCE) | Archaic / Uruk]; LAK108 [Uruk IV–III (~3400–3000 BCE) | Archaic / Uruk]; ASY127 [Standard Babylonian (any period) | Akkadian syllabary]; BAU066 [Early Dynastic (~2900–2340 BCE) | Lagash]; KWU160 [Ur III (~2112–2004 BCE) | Administrative]; PTACE069 [Early Dynastic (~2900–2340 BCE) | Ebla]; RSP108 [Early Dynastic (~2900–2340 BCE) | Presargonic Lagash]; SLLHA187v5 [Standard Babylonian (any period) | Akkado-Babylonian]
U+1202D,|NINDA₂×ŠE|,|NINDA₂×(ŠE.AN)|,2,𒀭,𒉚𒀭,U+1225A; U+1202D,LAK105 [Uruk IV–III (~3400–3000 BCE) | Archaic / Uruk]; LAK108 [Uruk IV–III (~3400–3000 BCE) | Archaic / Uruk]; ASY127 [Standard Babylonian (any period) | Akkadian syllabary]; BAU066 [Early Dynastic (~2900–2340 BCE) | Lagash]; KWU160 [Ur III (~2112–2004 BCE) | Administrative]; PTACE069 [Early Dynastic (~2900–2340 BCE) | Ebla]; RSP108 [Early Dynastic (~2900–2340 BCE) | Presargonic Lagash]; SLLHA187v5 [Standard Babylonian (any period) | Akkado-Babylonian]
U+122BA,|NINDA₂×ŠE|,|ŠE.NINDA₂@180×ZA|,1,𒊺,𒊺X,U+122BA; X,LAK105 [Uruk IV–III (~3400–3000 BCE) | Archaic / Uruk]; LAK108 [Uruk IV–III (~3400–3000 BCE) | Archaic / Uruk]; ASY127 [Standard Babylonian (any period) | Akkadian syllabary]; BAU066 [Early Dynastic (~2900–2340 BCE) | Lagash]; KWU160 [Ur III (~2112–2004 BCE) | Administrative]; PTACE069 [Early Dynastic (~2900–2340 BCE) | Ebla]; RSP108 [Early Dynastic (~2900–2340 BCE) | Presargonic Lagash]; SLLHA187v5 [Standard Babylonian (any period) | Akkado-Babylonian]
X,|NINDA₂×ŠE|,|ŠE.NINDA₂@180×ZA|,2,,𒊺X,U+122BA; X,LAK105 [Uruk IV–III (~3400–3000 BCE) | Archaic / Uruk]; LAK108 [Uruk IV–III (~3400–3000 BCE) | Archaic / Uruk]; ASY127 [Standard Babylonian (any period) | Akkadian syllabary]; BAU066 [Early Dynastic (~2900–2340 BCE) | Lagash]; KWU160 [Ur III (~2112–2004 BCE) | Administrative]; PTACE069 [Early Dynastic (~2900–2340 BCE) | Ebla]; RSP108 [Early Dynastic (~2900–2340 BCE) | Presargonic Lagash]; SLLHA187v5 [Standard Babylonian (any period) | Akkado-Babylonian]
U+12252,|NINDA₂×(U₂.AŠ)|,|NINDA₂.AŠ|,1,𒉒,𒉒𒀸,U+12252; U+12038,MZL330 [Standard Babylonian (any period) | Akkado-Babylonian]; SLLHA185 [Standard Babylonian (any period) | Akkado-Babylonian]
U+12038,|NINDA₂×(U₂.AŠ)|,|NINDA₂.AŠ|,2,𒀸,𒉒𒀸,U+12252; U+12038,MZL330 [Standard Babylonian (any period) | Akkado-Babylonian]; SLLHA185 [Standard Babylonian (any period) | Akkado-Babylonian]
U+12262,NU₁₁,|NU₁₁.GIŠ|,1,𒉢,𒉢𒄑,U+12262; U+12111,LAK024 [Uruk IV–III (~3400–3000 BCE) | Archaic / Uruk]; ABZL028 [Old Babylonian (~2000–1600 BCE) | School texts]; BAU017 [Early Dynastic (~2900–2340 BCE) | Lagash]; ELLES016 [Early Dynastic (~2900–2340 BCE) | Ebla]; GCSL013 [Gudea period (~2100 BCE) | Lagash / Girsu]; KWU042 [Ur III (~2112–2004 BCE) | Administrative]; MZL115b [Standard Babylonian (any period) | Akkado-Babylonian]; PTACE023 [Early Dynastic (~2900–2340 BCE) | Ebla]; RSP341 [Early Dynastic (~2900–2340 BCE) | Presargonic Lagash]
U+12111,NU₁₁,|NU₁₁.GIŠ|,2,𒄑,𒉢𒄑,U+12262; U+12111,LAK024 [Uruk IV–III (~3400–3000 BCE) | Archaic / Uruk]; ABZL028 [Old Babylonian (~2000–1600 BCE) | School texts]; BAU017 [Early Dynastic (~2900–2340 BCE) | Lagash]; ELLES016 [Early Dynastic (~2900–2340 BCE) | Ebla]; GCSL013 [Gudea period (~2100 BCE) | Lagash / Girsu]; KWU042 [Ur III (~2112–2004 BCE) | Administrative]; MZL115b [Standard Babylonian (any period) | Akkado-Babylonian]; PTACE023 [Early Dynastic (~2900–2340 BCE) | Ebla]; RSP341 [Early Dynastic (~2900–2340 BCE) | Presargonic Lagash]
U+12053,|NU₁₁.BUR|,|BUR.NU₁₁|,1,𒁓,𒁓𒉢,U+12053; U+12262,PTACE110 [Early Dynastic (~2900–2340 BCE) | Ebla]
U+12262,|NU₁₁.BUR|,|BUR.NU₁₁|,2,𒉢,𒁓𒉢,U+12053; U+12262,PTACE110 [Early Dynastic (~2900–2340 BCE) | Ebla]
U+12262,|NU₁₁.BUR.LA|,|NU₁₁.BUR.HU|,1,𒉢,𒉢𒁓𒄷,U+12262; U+12053; U+12137,
U+12053,|NU₁₁.BUR.LA|,|NU₁₁.BUR.HU|,2,𒁓,𒉢𒁓𒄷,U+12262; U+12053; U+12137,
U+12137,|NU₁₁.BUR.LA|,|NU₁₁.BUR.HU|,3,𒄷,𒉢𒁓𒄷,U+12262; U+12053; U+12137,
U+12262,|NU₁₁.BUR.LA|,|NU₁₁.BUR.LA.HU|,1,𒉢,𒉢𒁓𒆷𒄷,U+12262; U+12053; U+121B7; U+12137,
U+12053,|NU₁₁.BUR.LA|,|NU₁₁.BUR.LA.HU|,2,𒁓,𒉢𒁓𒆷𒄷,U+12262; U+12053; U+121B7; U+12137,
U+121B7,|NU₁₁.BUR.LA|,|NU₁₁.BUR.LA.HU|,3,𒆷,𒉢𒁓𒆷𒄷,U+12262; U+12053; U+121B7; U+12137,
U+12137,|NU₁₁.BUR.LA|,|NU₁₁.BUR.LA.HU|,4,𒄷,𒉢𒁓𒆷𒄷,U+12262; U+12053; U+121B7; U+12137,
U+12262,|NU₁₁.BUR.LA|,|NU₁₁.BUR.SU.LA.HU|,1,𒉢,𒉢𒁓𒋢𒆷𒄷,U+12262; U+12053; U+122E2; U+121B7; U+12137,
U+12053,|NU₁₁.BUR.LA|,|NU₁₁.BUR.SU.LA.HU|,2,𒁓,𒉢𒁓𒋢𒆷𒄷,U+12262; U+12053; U+122E2; U+121B7; U+12137,
U+122E2,|NU₁₁.BUR.LA|,|NU₁₁.BUR.SU.LA.HU|,3,𒋢,𒉢𒁓𒋢𒆷𒄷,U+12262; U+12053; U+122E2; U+121B7; U+12137,
U+121B7,|NU₁₁.BUR.LA|,|NU₁₁.BUR.SU.LA.HU|,4,𒆷,𒉢𒁓𒋢𒆷𒄷,U+12262; U+12053; U+122E2; U+121B7; U+12137,
U+12137,|NU₁₁.BUR.LA|,|NU₁₁.BUR.SU.LA.HU|,5,𒄷,𒉢𒁓𒋢𒆷𒄷,U+12262; U+12053; U+122E2; U+121B7; U+12137,
U+12262,|NU₁₁.BUR.LA|,|NU₁₁.LA.BUR|,1,𒉢,𒉢𒆷𒁓,U+12262; U+121B7; U+12053,RSP342 [Early Dynastic (~2900–2340 BCE) | Presargonic Lagash]
U+121B7,|NU₁₁.BUR.LA|,|NU₁₁.LA.BUR|,2,𒆷,𒉢𒆷𒁓,U+12262; U+121B7; U+12053,RSP342 [Early Dynastic (~2900–2340 BCE) | Presargonic Lagash]
U+12053,|NU₁₁.BUR.LA|,|NU₁₁.LA.BUR|,3,𒁓,𒉢𒆷𒁓,U+12262; U+121B7; U+12053,RSP342 [Early Dynastic (~2900–2340 BCE) | Presargonic Lagash]
U+121B7,|NU₁₁.BUR.LA|,|LA.NU₁₁.BUR|,1,𒆷,𒆷𒉢𒁓,U+121B7; U+12262; U+12053,
U+12262,|NU₁₁.BUR.LA|,|LA.NU₁₁.BUR|,2,𒉢,𒆷𒉢𒁓,U+121B7; U+12262; U+12053,
U+12053,|NU₁₁.BUR.LA|,|LA.NU₁₁.BUR|,3,𒁓,𒆷𒉢𒁓,U+121B7; U+12262; U+12053,
U+12053,|NU₁₁.BUR.LA|,|BUR.NU₁₁.LA|,1,𒁓,𒁓𒉢𒆷,U+12053; U+12262; U+121B7,
U+12262,|NU₁₁.BUR.LA|,|BUR.NU₁₁.LA|,2,𒉢,𒁓𒉢𒆷,U+12053; U+12262; U+121B7,
U+121B7,|NU₁₁.BUR.LA|,|BUR.NU₁₁.LA|,3,𒆷,𒁓𒉢𒆷,U+12053; U+12262; U+121B7,
U+12053,|NU₁₁.BUR.LA|,|BUR.NU₁₁.LA.HU|,1,𒁓,𒁓𒉢𒆷𒄷,U+12053; U+12262; U+121B7; U+12137,
U+12262,|NU₁₁.BUR.LA|,|BUR.NU₁₁.LA.HU|,2,𒉢,𒁓𒉢𒆷𒄷,U+12053; U+12262; U+121B7; U+12137,
U+121B7,|NU₁₁.BUR.LA|,|BUR.NU₁₁.LA.HU|,3,𒆷,𒁓𒉢𒆷𒄷,U+12053; U+12262; U+121B7; U+12137,
U+12137,|NU₁₁.BUR.LA|,|BUR.NU₁₁.LA.HU|,4,𒄷,𒁓𒉢𒆷𒄷,U+12053; U+12262; U+121B7; U+12137,
U+12262,|NU₁₁.BUR.LA|,|NU₁₁.BUR.SU.HU.LA|,1,𒉢,𒉢𒁓𒋢𒄷𒆷,U+12262; U+12053; U+122E2; U+12137; U+121B7,
U+12053,|NU₁₁.BUR.LA|,|NU₁₁.BUR.SU.HU.LA|,2,𒁓,𒉢𒁓𒋢𒄷𒆷,U+12262; U+12053; U+122E2; U+12137; U+121B7,
U+122E2,|NU₁₁.BUR.LA|,|NU₁₁.BUR.SU.HU.LA|,3,𒋢,𒉢𒁓𒋢𒄷𒆷,U+12262; U+12053; U+122E2; U+12137; U+121B7,
U+12137,|NU₁₁.BUR.LA|,|NU₁₁.BUR.SU.HU.LA|,4,𒄷,𒉢𒁓𒋢𒄷𒆷,U+12262; U+12053; U+122E2; U+12137; U+121B7,
U+121B7,|NU₁₁.BUR.LA|,|NU₁₁.BUR.SU.HU.LA|,5,𒆷,𒉢𒁓𒋢𒄷𒆷,U+12262; U+12053; U+122E2; U+12137; U+121B7,
U+12262,|NU₁₁.BUR.LA|,|NU₁₁.LA.HU|,1,𒉢,𒉢𒆷𒄷,U+12262; U+121B7; U+12137,
U+121B7,|NU₁₁.BUR.LA|,|NU₁₁.LA.HU|,2,𒆷,𒉢𒆷𒄷,U+12262; U+121B7; U+12137,
U+12137,|NU₁₁.BUR.LA|,|NU₁₁.LA.HU|,3,𒄷,𒉢𒆷𒄷,U+12262; U+121B7; U+12137,
U+12263,|NUN.LAGAR×GAR|,|NUN.LA.GA₂×GAR|,1,𒉣,𒉣𒆷𒃌,U+12263; U+121B7; U+120CC,"MZL146"" [Standard Babylonian (any period) | Akkado-Babylonian]; SLLHA087cn [Standard Babylonian (any period) | Akkado-Babylonian]"
U+121B7,|NUN.LAGAR×GAR|,|NUN.LA.GA₂×GAR|,2,𒆷,𒉣𒆷𒃌,U+12263; U+121B7; U+120CC,"MZL146"" [Standard Babylonian (any period) | Akkado-Babylonian]; SLLHA087cn [Standard Babylonian (any period) | Akkado-Babylonian]"
U+120CC,|NUN.LAGAR×GAR|,|NUN.LA.GA₂×GAR|,3,𒃌,𒉣𒆷𒃌,U+12263; U+121B7; U+120CC,"MZL146"" [Standard Babylonian (any period) | Akkado-Babylonian]; SLLHA087cn [Standard Babylonian (any period) | Akkado-Babylonian]"
U+12079,|NUN.LAGAR×SAL|,|DIŠ+NUN.LAGAR|,1,𒁹,𒁹𒉣𒇬,U+12079; U+12263; U+121EC,LAK078 [Uruk IV–III (~3400–3000 BCE) | Archaic / Uruk]; ABZL049 [Old Babylonian (~2000–1600 BCE) | School texts]; MZL147 [Standard Babylonian (any period) | Akkado-Babylonian]
U+12263,|NUN.LAGAR×SAL|,|DIŠ+NUN.LAGAR|,2,𒉣,𒁹𒉣𒇬,U+12079; U+12263; U+121EC,LAK078 [Uruk IV–III (~3400–3000 BCE) | Archaic / Uruk]; ABZL049 [Old Babylonian (~2000–1600 BCE) | School texts]; MZL147 [Standard Babylonian (any period) | Akkado-Babylonian]
U+121EC,|NUN.LAGAR×SAL|,|DIŠ+NUN.LAGAR|,3,𒇬,𒁹𒉣𒇬,U+12079; U+12263; U+121EC,LAK078 [Uruk IV–III (~3400–3000 BCE) | Archaic / Uruk]; ABZL049 [Old Babylonian (~2000–1600 BCE) | School texts]; MZL147 [Standard Babylonian (any period) | Akkado-Babylonian]
U+12263,|NUN.LAGAR×SAL|,|NUN.LAGAR|,1,𒉣,𒉣𒇬,U+12263; U+121EC,LAK077 [Uruk IV–III (~3400–3000 BCE) | Archaic / Uruk]; ASY063a [Standard Babylonian (any period) | Akkadian syllabary]; BAU060 [Early Dynastic (~2900–2340 BCE) | Lagash]; GCSL042 [Gudea period (~2100 BCE) | Lagash / Girsu]; RSP186 [Early Dynastic (~2900–2340 BCE) | Presargonic Lagash]; ABZL049 [Old Babylonian (~2000–1600 BCE) | School texts]; MZL147 [Standard Babylonian (any period) | Akkado-Babylonian]
U+121EC,|NUN.LAGAR×SAL|,|NUN.LAGAR|,2,𒇬,𒉣𒇬,U+12263; U+121EC,LAK077 [Uruk IV–III (~3400–3000 BCE) | Archaic / Uruk]; ASY063a [Standard Babylonian (any period) | Akkadian syllabary]; BAU060 [Early Dynastic (~2900–2340 BCE) | Lagash]; GCSL042 [Gudea period (~2100 BCE) | Lagash / Girsu]; RSP186 [Early Dynastic (~2900–2340 BCE) | Presargonic Lagash]; ABZL049 [Old Babylonian (~2000–1600 BCE) | School texts]; MZL147 [Standard Babylonian (any period) | Akkado-Babylonian]
U+12263,|NUN.LAGAR×UŠ|,|NUN.LA.GA₂×UŠ|,1,𒉣,𒉣𒆷X,U+12263; U+121B7; X,MZL146' [Standard Babylonian (any period) | Akkado-Babylonian]
U+121B7,|NUN.LAGAR×UŠ|,|NUN.LA.GA₂×UŠ|,2,𒆷,𒉣𒆷X,U+12263; U+121B7; X,MZL146' [Standard Babylonian (any period) | Akkado-Babylonian]
X,|NUN.LAGAR×UŠ|,|NUN.LA.GA₂×UŠ|,3,,𒉣𒆷X,U+12263; U+121B7; X,MZL146' [Standard Babylonian (any period) | Akkado-Babylonian]
U+12263,|NUN.ME|,|NUN.ME.KA×GAN₂@t|,1,𒉣,𒉣𒈨𒅤,U+12263; U+12228; U+12164,RSP095 [Early Dynastic (~2900–2340 BCE) | Presargonic Lagash]
U+12228,|NUN.ME|,|NUN.ME.KA×GAN₂@t|,2,𒈨,𒉣𒈨𒅤,U+12263; U+12228; U+12164,RSP095 [Early Dynastic (~2900–2340 BCE) | Presargonic Lagash]
U+12164,|NUN.ME|,|NUN.ME.KA×GAN₂@t|,3,𒅤,𒉣𒈨𒅤,U+12263; U+12228; U+12164,RSP095 [Early Dynastic (~2900–2340 BCE) | Presargonic Lagash]
U+12263,|NUN.ME|,|NUN.ME.KA×ME|,1,𒉣,𒉣𒈨𒅴,U+12263; U+12228; U+12174,RSP095 [Early Dynastic (~2900–2340 BCE) | Presargonic Lagash]
U+12228,|NUN.ME|,|NUN.ME.KA×ME|,2,𒈨,𒉣𒈨𒅴,U+12263; U+12228; U+12174,RSP095 [Early Dynastic (~2900–2340 BCE) | Presargonic Lagash]
U+12174,|NUN.ME|,|NUN.ME.KA×ME|,3,𒅴,𒉣𒈨𒅴,U+12263; U+12228; U+12174,RSP095 [Early Dynastic (~2900–2340 BCE) | Presargonic Lagash]
U+12016,|NUN.ME.DU|,|AB₂.NUN.ME|,1,𒀖,𒀖𒉣𒈨,U+12016; U+12263; U+12228,
U+12263,|NUN.ME.DU|,|AB₂.NUN.ME|,2,𒉣,𒀖𒉣𒈨,U+12016; U+12263; U+12228,
U+12228,|NUN.ME.DU|,|AB₂.NUN.ME|,3,𒈨,𒀖𒉣𒈨,U+12016; U+12263; U+12228,
U+12016,|NUN.ME.DU|,|AB₂.NUN.ME.DU|,1,𒀖,𒀖𒉣𒈨𒁺,U+12016; U+12263; U+12228; U+1207A,
U+12263,|NUN.ME.DU|,|AB₂.NUN.ME.DU|,2,𒉣,𒀖𒉣𒈨𒁺,U+12016; U+12263; U+12228; U+1207A,
U+12228,|NUN.ME.DU|,|AB₂.NUN.ME.DU|,3,𒈨,𒀖𒉣𒈨𒁺,U+12016; U+12263; U+12228; U+1207A,
U+1207A,|NUN.ME.DU|,|AB₂.NUN.ME.DU|,4,𒁺,𒀖𒉣𒈨𒁺,U+12016; U+12263; U+12228; U+1207A,
U+12228,|NUN.ME.DU|,|ME.NUN.DU|,1,𒈨,𒈨𒉣𒁺,U+12228; U+12263; U+1207A,
U+12263,|NUN.ME.DU|,|ME.NUN.DU|,2,𒉣,𒈨𒉣𒁺,U+12228; U+12263; U+1207A,
U+1207A,|NUN.ME.DU|,|ME.NUN.DU|,3,𒁺,𒈨𒉣𒁺,U+12228; U+12263; U+1207A,
U+12263,|NUN.ME.DU|,|NUN.AB₂.DU|,1,𒉣,𒉣𒀖𒁺,U+12263; U+12016; U+1207A,
U+12016,|NUN.ME.DU|,|NUN.AB₂.DU|,2,𒀖,𒉣𒀖𒁺,U+12263; U+12016; U+1207A,
U+1207A,|NUN.ME.DU|,|NUN.AB₂.DU|,3,𒁺,𒉣𒀖𒁺,U+12263; U+12016; U+1207A,
U+12263,|NUN.ME.DU|,|NUN.ME.AB₂.DU|,1,𒉣,𒉣𒈨𒀖𒁺,U+12263; U+12228; U+12016; U+1207A,
U+12228,|NUN.ME.DU|,|NUN.ME.AB₂.DU|,2,𒈨,𒉣𒈨𒀖𒁺,U+12263; U+12228; U+12016; U+1207A,
U+12016,|NUN.ME.DU|,|NUN.ME.AB₂.DU|,3,𒀖,𒉣𒈨𒀖𒁺,U+12263; U+12228; U+12016; U+1207A,
U+1207A,|NUN.ME.DU|,|NUN.ME.AB₂.DU|,4,𒁺,𒉣𒈨𒀖𒁺,U+12263; U+12228; U+12016; U+1207A,
U+12263,|NUN.ME.TAG|,|NUN.ME.TAG.GA|,1,𒉣,𒉣𒈨𒋳𒂵,U+12263; U+12228; U+122F3; U+120B5,RSP096 [Early Dynastic (~2900–2340 BCE) | Presargonic Lagash]
U+12228,|NUN.ME.TAG|,|NUN.ME.TAG.GA|,2,𒈨,𒉣𒈨𒋳𒂵,U+12263; U+12228; U+122F3; U+120B5,RSP096 [Early Dynastic (~2900–2340 BCE) | Presargonic Lagash]
U+122F3,|NUN.ME.TAG|,|NUN.ME.TAG.GA|,3,𒋳,𒉣𒈨𒋳𒂵,U+12263; U+12228; U+122F3; U+120B5,RSP096 [Early Dynastic (~2900–2340 BCE) | Presargonic Lagash]
U+120B5,|NUN.ME.TAG|,|NUN.ME.TAG.GA|,4,𒂵,𒉣𒈨𒋳𒂵,U+12263; U+12228; U+122F3; U+120B5,RSP096 [Early Dynastic (~2900–2340 BCE) | Presargonic Lagash]
U+12263,|NUN&NUN|,|NUN.NUN|,1,𒉣,𒉣𒉣,U+12263; U+12263,LAK122 [Uruk IV–III (~3400–3000 BCE) | Archaic / Uruk]; ASY175 [Standard Babylonian (any period) | Akkadian syllabary]; ABZL148 [Old Babylonian (~2000–1600 BCE) | School texts]; BAU059 [Early Dynastic (~2900–2340 BCE) | Lagash]; ELLES066 [Early Dynastic (~2900–2340 BCE) | Ebla]; GCSL058 [Gudea period (~2100 BCE) | Lagash / Girsu]; HZL204 [Hittite period (~1650–1180 BCE) | Hittite]; KWU130 [Ur III (~2112–2004 BCE) | Administrative]; KWU637 [Ur III (~2112–2004 BCE) | Administrative]; MZL502 [Standard Babylonian (any period) | Akkado-Babylonian]; RSP102 [Early Dynastic (~2900–2340 BCE) | Presargonic Lagash]; SLLHA325 [Standard Babylonian (any period) | Akkado-Babylonian]; SYA153 [Standard Babylonian (any period) | Akkadian syllabary]
U+12263,|NUN&NUN|,|NUN.NUN|,2,𒉣,𒉣𒉣,U+12263; U+12263,LAK122 [Uruk IV–III (~3400–3000 BCE) | Archaic / Uruk]; ASY175 [Standard Babylonian (any period) | Akkadian syllabary]; ABZL148 [Old Babylonian (~2000–1600 BCE) | School texts]; BAU059 [Early Dynastic (~2900–2340 BCE) | Lagash]; ELLES066 [Early Dynastic (~2900–2340 BCE) | Ebla]; GCSL058 [Gudea period (~2100 BCE) | Lagash / Girsu]; HZL204 [Hittite period (~1650–1180 BCE) | Hittite]; KWU130 [Ur III (~2112–2004 BCE) | Administrative]; KWU637 [Ur III (~2112–2004 BCE) | Administrative]; MZL502 [Standard Babylonian (any period) | Akkado-Babylonian]; RSP102 [Early Dynastic (~2900–2340 BCE) | Presargonic Lagash]; SLLHA325 [Standard Babylonian (any period) | Akkado-Babylonian]; SYA153 [Standard Babylonian (any period) | Akkadian syllabary]
U+12263,|NUN@t.KI|,|NUN.KI|,1,𒉣,𒉣𒆠,U+12263; U+121A0,
U+121A0,|NUN@t.KI|,|NUN.KI|,2,𒆠,𒉣𒆠,U+12263; U+121A0,
U+1226D,LAK449,|NUNUZ.AB₂|,1,𒉭,𒉭𒀖,U+1226D; U+12016,LAK449 [Uruk IV–III (~3400–3000 BCE) | Archaic / Uruk]; ELLES233 [Early Dynastic (~2900–2340 BCE) | Ebla]; RSP350 [Early Dynastic (~2900–2340 BCE) | Presargonic Lagash]
U+12016,LAK449,|NUNUZ.AB₂|,2,𒀖,𒉭𒀖,U+1226D; U+12016,LAK449 [Uruk IV–III (~3400–3000 BCE) | Archaic / Uruk]; ELLES233 [Early Dynastic (~2900–2340 BCE) | Ebla]; RSP350 [Early Dynastic (~2900–2340 BCE) | Presargonic Lagash]
U+1226D,|NUNUZ.AB₂×BI|,|NUNUZ.AB₂×NI|,1,𒉭,𒉭X,U+1226D; X,MZL621 [Standard Babylonian (any period) | Akkado-Babylonian]; SLLHA394d [Standard Babylonian (any period) | Akkado-Babylonian]
X,|NUNUZ.AB₂×BI|,|NUNUZ.AB₂×NI|,2,,𒉭X,U+1226D; X,MZL621 [Standard Babylonian (any period) | Akkado-Babylonian]; SLLHA394d [Standard Babylonian (any period) | Akkado-Babylonian]
U+1226D,|NUNUZ.AB₂×BI|,|NUNUZ.KISIM₅×KAK|,1,𒉭,𒉭X,U+1226D; X,MZL621 [Standard Babylonian (any period) | Akkado-Babylonian]; SLLHA394d [Standard Babylonian (any period) | Akkado-Babylonian]
X,|NUNUZ.AB₂×BI|,|NUNUZ.KISIM₅×KAK|,2,,𒉭X,U+1226D; X,MZL621 [Standard Babylonian (any period) | Akkado-Babylonian]; SLLHA394d [Standard Babylonian (any period) | Akkado-Babylonian]
U+12448,P₂,|9(DIŠ~b)+9(DIŠ~b)|,1,𒑈,𒑈𒑈,U+12448; U+12448,HZL248 [Hittite period (~1650–1180 BCE) | Hittite]; MZL592 [Standard Babylonian (any period) | Akkado-Babylonian]; SLLHA377n1 [Standard Babylonian (any period) | Akkado-Babylonian]
U+12448,P₂,|9(DIŠ~b)+9(DIŠ~b)|,2,𒑈,𒑈𒑈,U+12448; U+12448,HZL248 [Hittite period (~1650–1180 BCE) | Hittite]; MZL592 [Standard Babylonian (any period) | Akkado-Babylonian]; SLLHA377n1 [Standard Babylonian (any period) | Akkado-Babylonian]
U+12020,|PA.AL|,|AL.PA|,1,𒀠,𒀠𒉺,U+12020; U+1227A,KWU196 [Ur III (~2112–2004 BCE) | Administrative]
U+1227A,|PA.AL|,|AL.PA|,2,𒉺,𒀠𒉺,U+12020; U+1227A,KWU196 [Ur III (~2112–2004 BCE) | Administrative]
U+1227A,|PA.DAG.KISIM₅×KAK|,|PA.DAG.KISIM₅×PAP|,1,𒉺,𒉺𒁖X,U+1227A; U+12056; X,
U+12056,|PA.DAG.KISIM₅×KAK|,|PA.DAG.KISIM₅×PAP|,2,𒁖,𒉺𒁖X,U+1227A; U+12056; X,
X,|PA.DAG.KISIM₅×KAK|,|PA.DAG.KISIM₅×PAP|,3,,𒉺𒁖X,U+1227A; U+12056; X,
U+1227A,|PA.DAG.KISIM₅×KAK|,|PA.X.X|,1,𒉺,𒉺OO,U+1227A; O; O,
O,|PA.DAG.KISIM₅×KAK|,|PA.X.X|,2,,𒉺OO,U+1227A; O; O,
O,|PA.DAG.KISIM₅×KAK|,|PA.X.X|,3,,𒉺OO,U+1227A; O; O,
U+1227A,|PA.DAG.KISIM₅×(LU.MAŠ₂)|,|PA.DAG.KISIM₅×LU|,1,𒉺,𒉺𒁥,U+1227A; U+12065,
U+12065,|PA.DAG.KISIM₅×(LU.MAŠ₂)|,|PA.DAG.KISIM₅×LU|,2,𒁥,𒉺𒁥,U+1227A; U+12065,
U+12096,|PA.EL.BU@g|,|EL.SUD|,1,𒂖,𒂖𒋤,U+12096; U+122E4,
U+122E4,|PA.EL.BU@g|,|EL.SUD|,2,𒋤,𒂖𒋤,U+12096; U+122E4,
U+1227A,|PA.EL.BU@g|,|PA.BU.EL|,1,𒉺,𒉺𒁍𒂖,U+1227A; U+1204D; U+12096,
U+1204D,|PA.EL.BU@g|,|PA.BU.EL|,2,𒁍,𒉺𒁍𒂖,U+1227A; U+1204D; U+12096,
U+12096,|PA.EL.BU@g|,|PA.BU.EL|,3,𒂖,𒉺𒁍𒂖,U+1227A; U+1204D; U+12096,
U+1227A,|PA.EL.BU@g|,|PA.EL|,1,𒉺,𒉺𒂖,U+1227A; U+12096,
U+12096,|PA.EL.BU@g|,|PA.EL|,2,𒂖,𒉺𒂖,U+1227A; U+12096,
U+1227A,|PA.EL.BU@g|,|PA.EL.SUD|,1,𒉺,𒉺𒂖𒋤,U+1227A; U+12096; U+122E4,
U+12096,|PA.EL.BU@g|,|PA.EL.SUD|,2,𒂖,𒉺𒂖𒋤,U+1227A; U+12096; U+122E4,
U+122E4,|PA.EL.BU@g|,|PA.EL.SUD|,3,𒋤,𒉺𒂖𒋤,U+1227A; U+12096; U+122E4,
U+1227A,|PA.GU₂@g|,|PA.GU₂×NUN|,1,𒉺,𒉺𒄛,U+1227A; U+1211B,
U+1211B,|PA.GU₂@g|,|PA.GU₂×NUN|,2,𒄛,𒉺𒄛,U+1227A; U+1211B,
U+1227A,|PA.LU|,|PA.EŠ₂|,1,𒉺,𒉺𒂠,U+1227A; U+120A0,ASY155 [Standard Babylonian (any period) | Akkadian syllabary]; GCSL057 [Gudea period (~2100 BCE) | Lagash / Girsu]; HZL177 [Hittite period (~1650–1180 BCE) | Hittite]; MZL468 [Standard Babylonian (any period) | Akkado-Babylonian]; RSP057 [Early Dynastic (~2900–2340 BCE) | Presargonic Lagash]; SLLHA295m [Standard Babylonian (any period) | Akkado-Babylonian]; SYA136 [Standard Babylonian (any period) | Akkadian syllabary]
U+120A0,|PA.LU|,|PA.EŠ₂|,2,𒂠,𒉺𒂠,U+1227A; U+120A0,ASY155 [Standard Babylonian (any period) | Akkadian syllabary]; GCSL057 [Gudea period (~2100 BCE) | Lagash / Girsu]; HZL177 [Hittite period (~1650–1180 BCE) | Hittite]; MZL468 [Standard Babylonian (any period) | Akkado-Babylonian]; RSP057 [Early Dynastic (~2900–2340 BCE) | Presargonic Lagash]; SLLHA295m [Standard Babylonian (any period) | Akkado-Babylonian]; SYA136 [Standard Babylonian (any period) | Akkadian syllabary]
U+122A9,|PA.SAL.HUB₂.DU|,|SAL.HUB₂.DU|,1,𒊩,𒊩𒄸𒁺,U+122A9; U+12138; U+1207A,
U+12138,|PA.SAL.HUB₂.DU|,|SAL.HUB₂.DU|,2,𒄸,𒊩𒄸𒁺,U+122A9; U+12138; U+1207A,
U+1207A,|PA.SAL.HUB₂.DU|,|SAL.HUB₂.DU|,3,𒁺,𒊩𒄸𒁺,U+122A9; U+12138; U+1207A,
U+1227A,|PA.TE.SI.GAR|,|PA.GAR.TE.SI|,1,𒉺,𒉺𒃻𒋼𒋛,U+1227A; U+120FB; U+122FC; U+122DB,
U+120FB,|PA.TE.SI.GAR|,|PA.GAR.TE.SI|,2,𒃻,𒉺𒃻𒋼𒋛,U+1227A; U+120FB; U+122FC; U+122DB,
U+122FC,|PA.TE.SI.GAR|,|PA.GAR.TE.SI|,3,𒋼,𒉺𒃻𒋼𒋛,U+1227A; U+120FB; U+122FC; U+122DB,
U+122DB,|PA.TE.SI.GAR|,|PA.GAR.TE.SI|,4,𒋛,𒉺𒃻𒋼𒋛,U+1227A; U+120FB; U+122FC; U+122DB,
U+1227A,|PA.TUG₂|,|PA.LU|,1,𒉺,,U+1227A; U+121FB,ASY155 [Standard Babylonian (any period) | Akkadian syllabary]; GCSL057 [Gudea period (~2100 BCE) | Lagash / Girsu]; RSP057 [Early Dynastic (~2900–2340 BCE) | Presargonic Lagash]; KWU200 [Ur III (~2112–2004 BCE) | Administrative]; MZL467 [Standard Babylonian (any period) | Akkado-Babylonian]; SLLHA295l [Standard Babylonian (any period) | Akkado-Babylonian]
U+121FB,|PA.TUG₂|,|PA.LU|,2,𒇻,,U+1227A; U+121FB,ASY155 [Standard Babylonian (any period) | Akkadian syllabary]; GCSL057 [Gudea period (~2100 BCE) | Lagash / Girsu]; RSP057 [Early Dynastic (~2900–2340 BCE) | Presargonic Lagash]; KWU200 [Ur III (~2112–2004 BCE) | Administrative]; MZL467 [Standard Babylonian (any period) | Akkado-Babylonian]; SLLHA295l [Standard Babylonian (any period) | Akkado-Babylonian]
U+1227A,|PA.TUG₂|,|PA.NAM₂|,1,𒉺,𒉺𒉇,U+1227A; U+12247,KWU200 [Ur III (~2112–2004 BCE) | Administrative]; MZL467 [Standard Babylonian (any period) | Akkado-Babylonian]; SLLHA295l [Standard Babylonian (any period) | Akkado-Babylonian]
U+12247,|PA.TUG₂|,|PA.NAM₂|,2,𒉇,𒉺𒉇,U+1227A; U+12247,KWU200 [Ur III (~2112–2004 BCE) | Administrative]; MZL467 [Standard Babylonian (any period) | Akkado-Babylonian]; SLLHA295l [Standard Babylonian (any period) | Akkado-Babylonian]
U+1227A,|PA.URU×MIN|,|PA.URU|,1,𒉺,𒉺𒌷,U+1227A; U+12337,
U+12337,|PA.URU×MIN|,|PA.URU|,2,𒌷,𒉺𒌷,U+1227A; U+12337,
U+1227B,PAD,|PAD.UD|,1,𒉻,𒉻𒌓,U+1227B; U+12313,LAK398 [Uruk IV–III (~3400–3000 BCE) | Archaic / Uruk]; ASY273 [Standard Babylonian (any period) | Akkadian syllabary]; ABZL362 [Old Babylonian (~2000–1600 BCE) | School texts]; BAU180 [Early Dynastic (~2900–2340 BCE) | Lagash]; BAU218 [Early Dynastic (~2900–2340 BCE) | Lagash]; ELLES216 [Early Dynastic (~2900–2340 BCE) | Ebla]; GCSL187 [Gudea period (~2100 BCE) | Lagash / Girsu]; HZL295 [Hittite period (~1650–1180 BCE) | Hittite]; KWU569 [Ur III (~2112–2004 BCE) | Administrative]; MZL746 [Standard Babylonian (any period) | Akkado-Babylonian]; PTACE157 [Early Dynastic (~2900–2340 BCE) | Ebla]; RSP171 [Early Dynastic (~2900–2340 BCE) | Presargonic Lagash]; SLLHA469 [Standard Babylonian (any period) | Akkado-Babylonian]; SYA239 [Standard Babylonian (any period) | Akkadian syllabary]
U+12313,PAD,|PAD.UD|,2,𒌓,𒉻𒌓,U+1227B; U+12313,LAK398 [Uruk IV–III (~3400–3000 BCE) | Archaic / Uruk]; ASY273 [Standard Babylonian (any period) | Akkadian syllabary]; ABZL362 [Old Babylonian (~2000–1600 BCE) | School texts]; BAU180 [Early Dynastic (~2900–2340 BCE) | Lagash]; BAU218 [Early Dynastic (~2900–2340 BCE) | Lagash]; ELLES216 [Early Dynastic (~2900–2340 BCE) | Ebla]; GCSL187 [Gudea period (~2100 BCE) | Lagash / Girsu]; HZL295 [Hittite period (~1650–1180 BCE) | Hittite]; KWU569 [Ur III (~2112–2004 BCE) | Administrative]; MZL746 [Standard Babylonian (any period) | Akkado-Babylonian]; PTACE157 [Early Dynastic (~2900–2340 BCE) | Ebla]; RSP171 [Early Dynastic (~2900–2340 BCE) | Presargonic Lagash]; SLLHA469 [Standard Babylonian (any period) | Akkado-Babylonian]; SYA239 [Standard Babylonian (any period) | Akkadian syllabary]
U+12239,|PAD.MUŠ₃|,|MUŠ₃.PAD|,1,𒈹,𒈹𒉻,U+12239; U+1227B,PTACE158 [Early Dynastic (~2900–2340 BCE) | Ebla]
U+1227B,|PAD.MUŠ₃|,|MUŠ₃.PAD|,2,𒉻,𒈹𒉻,U+12239; U+1227B,PTACE158 [Early Dynastic (~2900–2340 BCE) | Ebla]
U+1214A,|PAP.IGI@g.NUN.ME|,|IGI@g.PAP.NUN.ME|,1,𒅊,𒅊𒉽𒉣𒈨,U+1214A; U+1227D; U+12263; U+12228,
U+1227D,|PAP.IGI@g.NUN.ME|,|IGI@g.PAP.NUN.ME|,2,𒉽,𒅊𒉽𒉣𒈨,U+1214A; U+1227D; U+12263; U+12228,
U+12263,|PAP.IGI@g.NUN.ME|,|IGI@g.PAP.NUN.ME|,3,𒉣,𒅊𒉽𒉣𒈨,U+1214A; U+1227D; U+12263; U+12228,
U+12228,|PAP.IGI@g.NUN.ME|,|IGI@g.PAP.NUN.ME|,4,𒈨,𒅊𒉽𒉣𒈨,U+1214A; U+1227D; U+12263; U+12228,
U+1227D,|PAP.ŠE.PAP|,|PAP.PAP.ŠE|,1,𒉽,𒉽𒉽𒊺,U+1227D; U+1227D; U+122BA,
U+1227D,|PAP.ŠE.PAP|,|PAP.PAP.ŠE|,2,𒉽,𒉽𒉽𒊺,U+1227D; U+1227D; U+122BA,
U+122BA,|PAP.ŠE.PAP|,|PAP.PAP.ŠE|,3,𒊺,𒉽𒉽𒊺,U+1227D; U+1227D; U+122BA,
U+1210A,|PIRIG@PIRIG|,|GIR₃.GIR₃|,1,𒄊,𒄊𒄊,U+1210A; U+1210A,SLLHA444n2 [Standard Babylonian (any period) | Akkado-Babylonian]
U+1210A,|PIRIG@PIRIG|,|GIR₃.GIR₃|,2,𒄊,𒄊𒄊,U+1210A; U+1210A,SLLHA444n2 [Standard Babylonian (any period) | Akkado-Babylonian]
U+1228A,|PIRIG@PIRIG|,|PIRIG.KIŠ|,1,𒊊,𒊊𒆧,U+1228A; U+121A7,SLLHA444n2 [Standard Babylonian (any period) | Akkado-Babylonian]
U+121A7,|PIRIG@PIRIG|,|PIRIG.KIŠ|,2,𒆧,𒊊𒆧,U+1228A; U+121A7,SLLHA444n2 [Standard Babylonian (any period) | Akkado-Babylonian]
U+1228A,|PIRIG@PIRIG|,|PIRIG.PIRIG|,1,𒊊,𒊊𒊊,U+1228A; U+1228A,SLLHA444n2 [Standard Babylonian (any period) | Akkado-Babylonian]
U+1228A,|PIRIG@PIRIG|,|PIRIG.PIRIG|,2,𒊊,𒊊𒊊,U+1228A; U+1228A,SLLHA444n2 [Standard Babylonian (any period) | Akkado-Babylonian]
U+1210A,|PIRIG.AB@g.GAL|,|GIR₃.AB@g.GAL|,1,𒄊,𒄊𒀕𒃲,U+1210A; U+12015; U+120F2,
U+12015,|PIRIG.AB@g.GAL|,|GIR₃.AB@g.GAL|,2,𒀕,𒄊𒀕𒃲,U+1210A; U+12015; U+120F2,
U+120F2,|PIRIG.AB@g.GAL|,|GIR₃.AB@g.GAL|,3,𒃲,𒄊𒀕𒃲,U+1210A; U+12015; U+120F2,
U+122E2,|PIRIG×UD|,|SU.PIRIG|,1,𒋢,𒋢𒊊,U+122E2; U+1228A,LAK259 [Uruk IV–III (~3400–3000 BCE) | Archaic / Uruk]; ASY096 [Standard Babylonian (any period) | Akkadian syllabary]; ABZL179 [Old Babylonian (~2000–1600 BCE) | School texts]; GCSL132 [Gudea period (~2100 BCE) | Lagash / Girsu]; GCSL133 [Gudea period (~2100 BCE) | Lagash / Girsu]; HZL093 [Hittite period (~1650–1180 BCE) | Hittite]; KWU437 [Ur III (~2112–2004 BCE) | Administrative]; MZL296 [Standard Babylonian (any period) | Akkado-Babylonian]; SLLHA130 [Standard Babylonian (any period) | Akkado-Babylonian]; SYA084 [Standard Babylonian (any period) | Akkadian syllabary]
U+1228A,|PIRIG×UD|,|SU.PIRIG|,2,𒊊,𒋢𒊊,U+122E2; U+1228A,LAK259 [Uruk IV–III (~3400–3000 BCE) | Archaic / Uruk]; ASY096 [Standard Babylonian (any period) | Akkadian syllabary]; ABZL179 [Old Babylonian (~2000–1600 BCE) | School texts]; GCSL132 [Gudea period (~2100 BCE) | Lagash / Girsu]; GCSL133 [Gudea period (~2100 BCE) | Lagash / Girsu]; HZL093 [Hittite period (~1650–1180 BCE) | Hittite]; KWU437 [Ur III (~2112–2004 BCE) | Administrative]; MZL296 [Standard Babylonian (any period) | Akkado-Babylonian]; SLLHA130 [Standard Babylonian (any period) | Akkado-Babylonian]; SYA084 [Standard Babylonian (any period) | Akkadian syllabary]
U+1236A,|PIRIG×UD|,|ZU.PIRIG|,1,𒍪,𒍪𒊊,U+1236A; U+1228A,LAK259 [Uruk IV–III (~3400–3000 BCE) | Archaic / Uruk]; ASY096 [Standard Babylonian (any period) | Akkadian syllabary]; ABZL179 [Old Babylonian (~2000–1600 BCE) | School texts]; GCSL132 [Gudea period (~2100 BCE) | Lagash / Girsu]; GCSL133 [Gudea period (~2100 BCE) | Lagash / Girsu]; HZL093 [Hittite period (~1650–1180 BCE) | Hittite]; KWU437 [Ur III (~2112–2004 BCE) | Administrative]; MZL296 [Standard Babylonian (any period) | Akkado-Babylonian]; SLLHA130 [Standard Babylonian (any period) | Akkado-Babylonian]; SYA084 [Standard Babylonian (any period) | Akkadian syllabary]
U+1228A,|PIRIG×UD|,|ZU.PIRIG|,2,𒊊,𒍪𒊊,U+1236A; U+1228A,LAK259 [Uruk IV–III (~3400–3000 BCE) | Archaic / Uruk]; ASY096 [Standard Babylonian (any period) | Akkadian syllabary]; ABZL179 [Old Babylonian (~2000–1600 BCE) | School texts]; GCSL132 [Gudea period (~2100 BCE) | Lagash / Girsu]; GCSL133 [Gudea period (~2100 BCE) | Lagash / Girsu]; HZL093 [Hittite period (~1650–1180 BCE) | Hittite]; KWU437 [Ur III (~2112–2004 BCE) | Administrative]; MZL296 [Standard Babylonian (any period) | Akkado-Babylonian]; SLLHA130 [Standard Babylonian (any period) | Akkado-Babylonian]; SYA084 [Standard Babylonian (any period) | Akkadian syllabary]
U+1235D,|PIRIG×ZA|,|ZA.LAK247|,1,𒍝,𒍝󰂀,U+1235D; U+F0080,LAK261 [Uruk IV–III (~3400–3000 BCE) | Archaic / Uruk]; ASY097 [Standard Babylonian (any period) | Akkadian syllabary]; ABZL180 [Old Babylonian (~2000–1600 BCE) | School texts]; BAU164 [Early Dynastic (~2900–2340 BCE) | Lagash]; ELLES147 [Early Dynastic (~2900–2340 BCE) | Ebla]; HZL092 [Hittite period (~1650–1180 BCE) | Hittite]; KWU445 [Ur III (~2112–2004 BCE) | Administrative]; MZL297 [Standard Babylonian (any period) | Akkado-Babylonian]; PTACE136 [Early Dynastic (~2900–2340 BCE) | Ebla]; RSP461 [Early Dynastic (~2900–2340 BCE) | Presargonic Lagash]; SLLHA131 [Standard Babylonian (any period) | Akkado-Babylonian]; SYA085 [Standard Babylonian (any period) | Akkadian syllabary]
U+F0080,|PIRIG×ZA|,|ZA.LAK247|,2,,𒍝󰂀,U+1235D; U+F0080,LAK261 [Uruk IV–III (~3400–3000 BCE) | Archaic / Uruk]; ASY097 [Standard Babylonian (any period) | Akkadian syllabary]; ABZL180 [Old Babylonian (~2000–1600 BCE) | School texts]; BAU164 [Early Dynastic (~2900–2340 BCE) | Lagash]; ELLES147 [Early Dynastic (~2900–2340 BCE) | Ebla]; HZL092 [Hittite period (~1650–1180 BCE) | Hittite]; KWU445 [Ur III (~2112–2004 BCE) | Administrative]; MZL297 [Standard Babylonian (any period) | Akkado-Babylonian]; PTACE136 [Early Dynastic (~2900–2340 BCE) | Ebla]; RSP461 [Early Dynastic (~2900–2340 BCE) | Presargonic Lagash]; SLLHA131 [Standard Babylonian (any period) | Akkado-Babylonian]; SYA085 [Standard Babylonian (any period) | Akkadian syllabary]
U+1235D,|PIRIG×ZA|,|ZA.PIRIG|,1,𒍝,𒍝𒊊,U+1235D; U+1228A,LAK261 [Uruk IV–III (~3400–3000 BCE) | Archaic / Uruk]; ASY097 [Standard Babylonian (any period) | Akkadian syllabary]; ABZL180 [Old Babylonian (~2000–1600 BCE) | School texts]; BAU164 [Early Dynastic (~2900–2340 BCE) | Lagash]; ELLES147 [Early Dynastic (~2900–2340 BCE) | Ebla]; HZL092 [Hittite period (~1650–1180 BCE) | Hittite]; KWU445 [Ur III (~2112–2004 BCE) | Administrative]; MZL297 [Standard Babylonian (any period) | Akkado-Babylonian]; PTACE136 [Early Dynastic (~2900–2340 BCE) | Ebla]; RSP461 [Early Dynastic (~2900–2340 BCE) | Presargonic Lagash]; SLLHA131 [Standard Babylonian (any period) | Akkado-Babylonian]; SYA085 [Standard Babylonian (any period) | Akkadian syllabary]
U+1228A,|PIRIG×ZA|,|ZA.PIRIG|,2,𒊊,𒍝𒊊,U+1235D; U+1228A,LAK261 [Uruk IV–III (~3400–3000 BCE) | Archaic / Uruk]; ASY097 [Standard Babylonian (any period) | Akkadian syllabary]; ABZL180 [Old Babylonian (~2000–1600 BCE) | School texts]; BAU164 [Early Dynastic (~2900–2340 BCE) | Lagash]; ELLES147 [Early Dynastic (~2900–2340 BCE) | Ebla]; HZL092 [Hittite period (~1650–1180 BCE) | Hittite]; KWU445 [Ur III (~2112–2004 BCE) | Administrative]; MZL297 [Standard Babylonian (any period) | Akkado-Babylonian]; PTACE136 [Early Dynastic (~2900–2340 BCE) | Ebla]; RSP461 [Early Dynastic (~2900–2340 BCE) | Presargonic Lagash]; SLLHA131 [Standard Babylonian (any period) | Akkado-Babylonian]; SYA085 [Standard Babylonian (any period) | Akkadian syllabary]
U+12295,|SAG.EZEN|,|SAG.KEŠ₂|,1,𒊕,𒊕𒆟,U+12295; U+1219F,
U+1219F,|SAG.EZEN|,|SAG.KEŠ₂|,2,𒆟,𒊕𒆟,U+12295; U+1219F,
U+12295,|SAG×DU|,|SAG.DU|,1,𒊕,𒊕𒁺,U+12295; U+1207A,LAK314 [Uruk IV–III (~3400–3000 BCE) | Archaic / Uruk]; KWU434 [Ur III (~2112–2004 BCE) | Administrative]; MZL187 [Standard Babylonian (any period) | Akkado-Babylonian]; SLLHA121_6 [Standard Babylonian (any period) | Akkado-Babylonian]
U+1207A,|SAG×DU|,|SAG.DU|,2,𒁺,𒊕𒁺,U+12295; U+1207A,LAK314 [Uruk IV–III (~3400–3000 BCE) | Archaic / Uruk]; KWU434 [Ur III (~2112–2004 BCE) | Administrative]; MZL187 [Standard Babylonian (any period) | Akkado-Babylonian]; SLLHA121_6 [Standard Babylonian (any period) | Akkado-Babylonian]
U+12295,|SAG×KAK|,|SAG.NI|,1,𒊕,𒊕𒉌,U+12295; U+1224C,LAK312 [Uruk IV–III (~3400–3000 BCE) | Archaic / Uruk]; ABZL330 [Old Babylonian (~2000–1600 BCE) | School texts]; MZL188 [Standard Babylonian (any period) | Akkado-Babylonian]; RSP195 [Early Dynastic (~2900–2340 BCE) | Presargonic Lagash]; SLLHA116 [Standard Babylonian (any period) | Akkado-Babylonian]
U+1224C,|SAG×KAK|,|SAG.NI|,2,𒉌,𒊕𒉌,U+12295; U+1224C,LAK312 [Uruk IV–III (~3400–3000 BCE) | Archaic / Uruk]; ABZL330 [Old Babylonian (~2000–1600 BCE) | School texts]; MZL188 [Standard Babylonian (any period) | Akkado-Babylonian]; RSP195 [Early Dynastic (~2900–2340 BCE) | Presargonic Lagash]; SLLHA116 [Standard Babylonian (any period) | Akkado-Babylonian]
U+12311,|SAG×U₂|,|U₂.SAG|,1,𒌑,𒌑𒊕,U+12311; U+12295,MZL192 [Standard Babylonian (any period) | Akkado-Babylonian]; SLLHA121_8 [Standard Babylonian (any period) | Akkado-Babylonian]
U+12295,|SAG×U₂|,|U₂.SAG|,2,𒊕,𒌑𒊕,U+12311; U+12295,MZL192 [Standard Babylonian (any period) | Akkado-Babylonian]; SLLHA121_8 [Standard Babylonian (any period) | Akkado-Babylonian]
U+122A9,|SAL.HUB₂|,|SAL.HUB₂.AL|,1,𒊩,𒊩𒄸𒀠,U+122A9; U+12138; U+12020,ABZL463 [Old Babylonian (~2000–1600 BCE) | School texts]; KWU795 [Ur III (~2112–2004 BCE) | Administrative]
U+12138,|SAL.HUB₂|,|SAL.HUB₂.AL|,2,𒄸,𒊩𒄸𒀠,U+122A9; U+12138; U+12020,ABZL463 [Old Babylonian (~2000–1600 BCE) | School texts]; KWU795 [Ur III (~2112–2004 BCE) | Administrative]
U+12020,|SAL.HUB₂|,|SAL.HUB₂.AL|,3,𒀠,𒊩𒄸𒀠,U+122A9; U+12138; U+12020,ABZL463 [Old Babylonian (~2000–1600 BCE) | School texts]; KWU795 [Ur III (~2112–2004 BCE) | Administrative]
U+12313,|SAL.HUB₂|,|UD.HUB₂|,1,𒌓,𒌓𒄸,U+12313; U+12138,ABZL463 [Old Babylonian (~2000–1600 BCE) | School texts]; KWU795 [Ur III (~2112–2004 BCE) | Administrative]
U+12138,|SAL.HUB₂|,|UD.HUB₂|,2,𒄸,𒌓𒄸,U+12313; U+12138,ABZL463 [Old Babylonian (~2000–1600 BCE) | School texts]; KWU795 [Ur III (~2112–2004 BCE) | Administrative]
U+12313,|SAL.HUB₂|,|UD.SAL.HUB₂|,1,𒌓,𒌓𒊩𒄸,U+12313; U+122A9; U+12138,MZL610 [Standard Babylonian (any period) | Akkado-Babylonian]; SLLHA391 [Standard Babylonian (any period) | Akkado-Babylonian]; ABZL463 [Old Babylonian (~2000–1600 BCE) | School texts]; KWU795 [Ur III (~2112–2004 BCE) | Administrative]
U+122A9,|SAL.HUB₂|,|UD.SAL.HUB₂|,2,𒊩,𒌓𒊩𒄸,U+12313; U+122A9; U+12138,MZL610 [Standard Babylonian (any period) | Akkado-Babylonian]; SLLHA391 [Standard Babylonian (any period) | Akkado-Babylonian]; ABZL463 [Old Babylonian (~2000–1600 BCE) | School texts]; KWU795 [Ur III (~2112–2004 BCE) | Administrative]
U+12138,|SAL.HUB₂|,|UD.SAL.HUB₂|,3,𒄸,𒌓𒊩𒄸,U+12313; U+122A9; U+12138,MZL610 [Standard Babylonian (any period) | Akkado-Babylonian]; SLLHA391 [Standard Babylonian (any period) | Akkado-Babylonian]; ABZL463 [Old Babylonian (~2000–1600 BCE) | School texts]; KWU795 [Ur III (~2112–2004 BCE) | Administrative]
U+122D6,|SAL.ME|,|ŠITA.GIŠ.ME|,1,𒋖,𒋖𒄑𒈨,U+122D6; U+12111; U+12228,KWU791a [Ur III (~2112–2004 BCE) | Administrative]; RSP154 [Early Dynastic (~2900–2340 BCE) | Presargonic Lagash]
U+12111,|SAL.ME|,|ŠITA.GIŠ.ME|,2,𒄑,𒋖𒄑𒈨,U+122D6; U+12111; U+12228,KWU791a [Ur III (~2112–2004 BCE) | Administrative]; RSP154 [Early Dynastic (~2900–2340 BCE) | Presargonic Lagash]
U+12228,|SAL.ME|,|ŠITA.GIŠ.ME|,3,𒈨,𒋖𒄑𒈨,U+122D6; U+12111; U+12228,KWU791a [Ur III (~2112–2004 BCE) | Administrative]; RSP154 [Early Dynastic (~2900–2340 BCE) | Presargonic Lagash]
U+1238F,|SAL.TUG₂.PAP.IGI@g.NUN.ME.EZEN×KASKAL|,|SAL.TUG₂.IGI@g.NUN.ME.EZEN×KASKAL|,1,𒎏,𒎏𒅊𒉣𒈨𒂬,U+1238F; U+1214A; U+12263; U+12228; U+120AC,
U+1214A,|SAL.TUG₂.PAP.IGI@g.NUN.ME.EZEN×KASKAL|,|SAL.TUG₂.IGI@g.NUN.ME.EZEN×KASKAL|,2,𒅊,𒎏𒅊𒉣𒈨𒂬,U+1238F; U+1214A; U+12263; U+12228; U+120AC,
U+12263,|SAL.TUG₂.PAP.IGI@g.NUN.ME.EZEN×KASKAL|,|SAL.TUG₂.IGI@g.NUN.ME.EZEN×KASKAL|,3,𒉣,𒎏𒅊𒉣𒈨𒂬,U+1238F; U+1214A; U+12263; U+12228; U+120AC,
U+12228,|SAL.TUG₂.PAP.IGI@g.NUN.ME.EZEN×KASKAL|,|SAL.TUG₂.IGI@g.NUN.ME.EZEN×KASKAL|,4,𒈨,𒎏𒅊𒉣𒈨𒂬,U+1238F; U+1214A; U+12263; U+12228; U+120AC,
U+120AC,|SAL.TUG₂.PAP.IGI@g.NUN.ME.EZEN×KASKAL|,|SAL.TUG₂.IGI@g.NUN.ME.EZEN×KASKAL|,5,𒂬,𒎏𒅊𒉣𒈨𒂬,U+1238F; U+1214A; U+12263; U+12228; U+120AC,
U+1238F,|SAL.TUG₂.PAP.IGI@g.NUN.ME.EZEN×KASKAL|,|SAL.TUG₂.ME.DAG.X|,1,𒎏,𒎏𒈨𒁖X,U+1238F; U+12228; U+12056; O,
U+12228,|SAL.TUG₂.PAP.IGI@g.NUN.ME.EZEN×KASKAL|,|SAL.TUG₂.ME.DAG.X|,2,𒈨,𒎏𒈨𒁖X,U+1238F; U+12228; U+12056; O,
U+12056,|SAL.TUG₂.PAP.IGI@g.NUN.ME.EZEN×KASKAL|,|SAL.TUG₂.ME.DAG.X|,3,𒁖,𒎏𒈨𒁖X,U+1238F; U+12228; U+12056; O,
O,|SAL.TUG₂.PAP.IGI@g.NUN.ME.EZEN×KASKAL|,|SAL.TUG₂.ME.DAG.X|,4,,𒎏𒈨𒁖X,U+1238F; U+12228; U+12056; O,
U+1238F,|SAL.TUG₂.PAP.IGI@g.NUN.ME.EZEN×KASKAL|,|SAL.TUG₂.PAP.IGI@g.ME.EZEN×KASKAL|,1,𒎏,𒎏𒉽𒅊𒈨𒂬,U+1238F; U+1227D; U+1214A; U+12228; U+120AC,
U+1227D,|SAL.TUG₂.PAP.IGI@g.NUN.ME.EZEN×KASKAL|,|SAL.TUG₂.PAP.IGI@g.ME.EZEN×KASKAL|,2,𒉽,𒎏𒉽𒅊𒈨𒂬,U+1238F; U+1227D; U+1214A; U+12228; U+120AC,
U+1214A,|SAL.TUG₂.PAP.IGI@g.NUN.ME.EZEN×KASKAL|,|SAL.TUG₂.PAP.IGI@g.ME.EZEN×KASKAL|,3,𒅊,𒎏𒉽𒅊𒈨𒂬,U+1238F; U+1227D; U+1214A; U+12228; U+120AC,
U+12228,|SAL.TUG₂.PAP.IGI@g.NUN.ME.EZEN×KASKAL|,|SAL.TUG₂.PAP.IGI@g.ME.EZEN×KASKAL|,4,𒈨,𒎏𒉽𒅊𒈨𒂬,U+1238F; U+1227D; U+1214A; U+12228; U+120AC,
U+120AC,|SAL.TUG₂.PAP.IGI@g.NUN.ME.EZEN×KASKAL|,|SAL.TUG₂.PAP.IGI@g.ME.EZEN×KASKAL|,5,𒂬,𒎏𒉽𒅊𒈨𒂬,U+1238F; U+1227D; U+1214A; U+12228; U+120AC,
U+1238F,|SAL.TUG₂.PAP.IGI@g.NUN.ME.EZEN×KASKAL|,|SAL.TUG₂.PAP.IGI@g.NUN.EZEN×KASKAL|,1,𒎏,𒎏𒉽𒅊𒉣𒂬,U+1238F; U+1227D; U+1214A; U+12263; U+120AC,
U+1227D,|SAL.TUG₂.PAP.IGI@g.NUN.ME.EZEN×KASKAL|,|SAL.TUG₂.PAP.IGI@g.NUN.EZEN×KASKAL|,2,𒉽,𒎏𒉽𒅊𒉣𒂬,U+1238F; U+1227D; U+1214A; U+12263; U+120AC,
U+1214A,|SAL.TUG₂.PAP.IGI@g.NUN.ME.EZEN×KASKAL|,|SAL.TUG₂.PAP.IGI@g.NUN.EZEN×KASKAL|,3,𒅊,𒎏𒉽𒅊𒉣𒂬,U+1238F; U+1227D; U+1214A; U+12263; U+120AC,
U+12263,|SAL.TUG₂.PAP.IGI@g.NUN.ME.EZEN×KASKAL|,|SAL.TUG₂.PAP.IGI@g.NUN.EZEN×KASKAL|,4,𒉣,𒎏𒉽𒅊𒉣𒂬,U+1238F; U+1227D; U+1214A; U+12263; U+120AC,
U+120AC,|SAL.TUG₂.PAP.IGI@g.NUN.ME.EZEN×KASKAL|,|SAL.TUG₂.PAP.IGI@g.NUN.EZEN×KASKAL|,5,𒂬,𒎏𒉽𒅊𒉣𒂬,U+1238F; U+1227D; U+1214A; U+12263; U+120AC,
U+122A9,|SAL.UŠ.DAM|,|SAL.UŠ.DI.DAM|,1,𒊩,𒊩𒍑𒁲𒁮,U+122A9; U+12351; U+12072; U+1206E,
U+12351,|SAL.UŠ.DAM|,|SAL.UŠ.DI.DAM|,2,𒍑,𒊩𒍑𒁲𒁮,U+122A9; U+12351; U+12072; U+1206E,
U+12072,|SAL.UŠ.DAM|,|SAL.UŠ.DI.DAM|,3,𒁲,𒊩𒍑𒁲𒁮,U+122A9; U+12351; U+12072; U+1206E,
U+1206E,|SAL.UŠ.DAM|,|SAL.UŠ.DI.DAM|,4,𒁮,𒊩𒍑𒁲𒁮,U+122A9; U+12351; U+12072; U+1206E,
U+122A9,|SAL.UŠ.DI|,|SAL.DI.UŠ|,1,𒊩,𒊩𒁲𒍑,U+122A9; U+12072; U+12351,RSP157 [Early Dynastic (~2900–2340 BCE) | Presargonic Lagash]
U+12072,|SAL.UŠ.DI|,|SAL.DI.UŠ|,2,𒁲,𒊩𒁲𒍑,U+122A9; U+12072; U+12351,RSP157 [Early Dynastic (~2900–2340 BCE) | Presargonic Lagash]
U+12351,|SAL.UŠ.DI|,|SAL.DI.UŠ|,3,𒍑,𒊩𒁲𒍑,U+122A9; U+12072; U+12351,RSP157 [Early Dynastic (~2900–2340 BCE) | Presargonic Lagash]
U+122A9,|SAL.UŠ.DI|,|SAL.UŠ.DI.E₂|,1,𒊩,𒊩𒍑𒁲𒂍,U+122A9; U+12351; U+12072; U+1208D,RSP157 [Early Dynastic (~2900–2340 BCE) | Presargonic Lagash]
U+12351,|SAL.UŠ.DI|,|SAL.UŠ.DI.E₂|,2,𒍑,𒊩𒍑𒁲𒂍,U+122A9; U+12351; U+12072; U+1208D,RSP157 [Early Dynastic (~2900–2340 BCE) | Presargonic Lagash]
U+12072,|SAL.UŠ.DI|,|SAL.UŠ.DI.E₂|,3,𒁲,𒊩𒍑𒁲𒂍,U+122A9; U+12351; U+12072; U+1208D,RSP157 [Early Dynastic (~2900–2340 BCE) | Presargonic Lagash]
U+1208D,|SAL.UŠ.DI|,|SAL.UŠ.DI.E₂|,4,𒂍,𒊩𒍑𒁲𒂍,U+122A9; U+12351; U+12072; U+1208D,RSP157 [Early Dynastic (~2900–2340 BCE) | Presargonic Lagash]
U+122A9,|SAL.UŠ.DI|,|SAL.UŠ.DI.KID|,1,𒊩,𒊩𒍑𒁲𒆤,U+122A9; U+12351; U+12072; U+121A4,RSP158 [Early Dynastic (~2900–2340 BCE) | Presargonic Lagash]; RSP157 [Early Dynastic (~2900–2340 BCE) | Presargonic Lagash]
U+12351,|SAL.UŠ.DI|,|SAL.UŠ.DI.KID|,2,𒍑,𒊩𒍑𒁲𒆤,U+122A9; U+12351; U+12072; U+121A4,RSP158 [Early Dynastic (~2900–2340 BCE) | Presargonic Lagash]; RSP157 [Early Dynastic (~2900–2340 BCE) | Presargonic Lagash]
U+12072,|SAL.UŠ.DI|,|SAL.UŠ.DI.KID|,3,𒁲,𒊩𒍑𒁲𒆤,U+122A9; U+12351; U+12072; U+121A4,RSP158 [Early Dynastic (~2900–2340 BCE) | Presargonic Lagash]; RSP157 [Early Dynastic (~2900–2340 BCE) | Presargonic Lagash]
U+121A4,|SAL.UŠ.DI|,|SAL.UŠ.DI.KID|,4,𒆤,𒊩𒍑𒁲𒆤,U+122A9; U+12351; U+12072; U+121A4,RSP158 [Early Dynastic (~2900–2340 BCE) | Presargonic Lagash]; RSP157 [Early Dynastic (~2900–2340 BCE) | Presargonic Lagash]
U+122A9,|SAL.UŠ.DI|,|SAL.UŠ.E₂.DI|,1,𒊩,𒊩𒍑𒂍𒁲,U+122A9; U+12351; U+1208D; U+12072,RSP157 [Early Dynastic (~2900–2340 BCE) | Presargonic Lagash]
U+12351,|SAL.UŠ.DI|,|SAL.UŠ.E₂.DI|,2,𒍑,𒊩𒍑𒂍𒁲,U+122A9; U+12351; U+1208D; U+12072,RSP157 [Early Dynastic (~2900–2340 BCE) | Presargonic Lagash]
U+1208D,|SAL.UŠ.DI|,|SAL.UŠ.E₂.DI|,3,𒂍,𒊩𒍑𒂍𒁲,U+122A9; U+12351; U+1208D; U+12072,RSP157 [Early Dynastic (~2900–2340 BCE) | Presargonic Lagash]
U+12072,|SAL.UŠ.DI|,|SAL.UŠ.E₂.DI|,4,𒁲,𒊩𒍑𒂍𒁲,U+122A9; U+12351; U+1208D; U+12072,RSP157 [Early Dynastic (~2900–2340 BCE) | Presargonic Lagash]
U+122A9,|SAL.UŠ.DI|,|SAL.UŠ.KID|,1,𒊩,𒊩𒍑𒆤,U+122A9; U+12351; U+121A4,RSP157 [Early Dynastic (~2900–2340 BCE) | Presargonic Lagash]
U+12351,|SAL.UŠ.DI|,|SAL.UŠ.KID|,2,𒍑,𒊩𒍑𒆤,U+122A9; U+12351; U+121A4,RSP157 [Early Dynastic (~2900–2340 BCE) | Presargonic Lagash]
U+121A4,|SAL.UŠ.DI|,|SAL.UŠ.KID|,3,𒆤,𒊩𒍑𒆤,U+122A9; U+12351; U+121A4,RSP157 [Early Dynastic (~2900–2340 BCE) | Presargonic Lagash]
U+120B5,SANGA₂,|GA.BALAG|,1,𒂵,𒂵𒁆,U+120B5; U+12046,LAK175 [Uruk IV–III (~3400–3000 BCE) | Archaic / Uruk]; ABZL205 [Old Babylonian (~2000–1600 BCE) | School texts]; ELLES102 [Early Dynastic (~2900–2340 BCE) | Ebla]; RSP276 [Early Dynastic (~2900–2340 BCE) | Presargonic Lagash]
U+12046,SANGA₂,|GA.BALAG|,2,𒁆,𒂵𒁆,U+120B5; U+12046,LAK175 [Uruk IV–III (~3400–3000 BCE) | Archaic / Uruk]; ABZL205 [Old Babylonian (~2000–1600 BCE) | School texts]; ELLES102 [Early Dynastic (~2900–2340 BCE) | Ebla]; RSP276 [Early Dynastic (~2900–2340 BCE) | Presargonic Lagash]
U+120B5,SANGA₂,|GA.DUB₂|,1,𒂵,𒂵𒂀,U+120B5; U+12080,LAK175 [Uruk IV–III (~3400–3000 BCE) | Archaic / Uruk]; ABZL205 [Old Babylonian (~2000–1600 BCE) | School texts]; ELLES102 [Early Dynastic (~2900–2340 BCE) | Ebla]; RSP276 [Early Dynastic (~2900–2340 BCE) | Presargonic Lagash]
U+12080,SANGA₂,|GA.DUB₂|,2,𒂀,𒂵𒂀,U+120B5; U+12080,LAK175 [Uruk IV–III (~3400–3000 BCE) | Archaic / Uruk]; ABZL205 [Old Babylonian (~2000–1600 BCE) | School texts]; ELLES102 [Early Dynastic (~2900–2340 BCE) | Ebla]; RSP276 [Early Dynastic (~2900–2340 BCE) | Presargonic Lagash]
U+120B5,SANGA₂,|GA.MA₂.IGI@g|,1,𒂵,𒂵𒈣𒅊,U+120B5; U+12223; U+1214A,LAK175 [Uruk IV–III (~3400–3000 BCE) | Archaic / Uruk]; ABZL205 [Old Babylonian (~2000–1600 BCE) | School texts]; ELLES102 [Early Dynastic (~2900–2340 BCE) | Ebla]; RSP276 [Early Dynastic (~2900–2340 BCE) | Presargonic Lagash]
U+12223,SANGA₂,|GA.MA₂.IGI@g|,2,𒈣,𒂵𒈣𒅊,U+120B5; U+12223; U+1214A,LAK175 [Uruk IV–III (~3400–3000 BCE) | Archaic / Uruk]; ABZL205 [Old Babylonian (~2000–1600 BCE) | School texts]; ELLES102 [Early Dynastic (~2900–2340 BCE) | Ebla]; RSP276 [Early Dynastic (~2900–2340 BCE) | Presargonic Lagash]
U+1214A,SANGA₂,|GA.MA₂.IGI@g|,3,𒅊,𒂵𒈣𒅊,U+120B5; U+12223; U+1214A,LAK175 [Uruk IV–III (~3400–3000 BCE) | Archaic / Uruk]; ABZL205 [Old Babylonian (~2000–1600 BCE) | School texts]; ELLES102 [Early Dynastic (~2900–2340 BCE) | Ebla]; RSP276 [Early Dynastic (~2900–2340 BCE) | Presargonic Lagash]
U+120B5,SANGA₂,|GA.UZ₃|,1,𒂵,𒂵𒍚,U+120B5; U+1235A,LAK175 [Uruk IV–III (~3400–3000 BCE) | Archaic / Uruk]; ABZL205 [Old Babylonian (~2000–1600 BCE) | School texts]; ELLES102 [Early Dynastic (~2900–2340 BCE) | Ebla]; RSP276 [Early Dynastic (~2900–2340 BCE) | Presargonic Lagash]
U+1235A,SANGA₂,|GA.UZ₃|,2,𒍚,𒂵𒍚,U+120B5; U+1235A,LAK175 [Uruk IV–III (~3400–3000 BCE) | Archaic / Uruk]; ABZL205 [Old Babylonian (~2000–1600 BCE) | School texts]; ELLES102 [Early Dynastic (~2900–2340 BCE) | Ebla]; RSP276 [Early Dynastic (~2900–2340 BCE) | Presargonic Lagash]
U+120B5,SANGA₂,|GA.UZ₃.HI|,1,𒂵,𒂵𒍚𒄭,U+120B5; U+1235A; U+1212D,LAK175 [Uruk IV–III (~3400–3000 BCE) | Archaic / Uruk]; ABZL205 [Old Babylonian (~2000–1600 BCE) | School texts]; ELLES102 [Early Dynastic (~2900–2340 BCE) | Ebla]; RSP276 [Early Dynastic (~2900–2340 BCE) | Presargonic Lagash]
U+1235A,SANGA₂,|GA.UZ₃.HI|,2,𒍚,𒂵𒍚𒄭,U+120B5; U+1235A; U+1212D,LAK175 [Uruk IV–III (~3400–3000 BCE) | Archaic / Uruk]; ABZL205 [Old Babylonian (~2000–1600 BCE) | School texts]; ELLES102 [Early Dynastic (~2900–2340 BCE) | Ebla]; RSP276 [Early Dynastic (~2900–2340 BCE) | Presargonic Lagash]
U+1212D,SANGA₂,|GA.UZ₃.HI|,3,𒄭,𒂵𒍚𒄭,U+120B5; U+1235A; U+1212D,LAK175 [Uruk IV–III (~3400–3000 BCE) | Archaic / Uruk]; ABZL205 [Old Babylonian (~2000–1600 BCE) | School texts]; ELLES102 [Early Dynastic (~2900–2340 BCE) | Ebla]; RSP276 [Early Dynastic (~2900–2340 BCE) | Presargonic Lagash]
U+120B5,SANGA₂,|GA.UZ₃.IGI@g|,1,𒂵,𒂵𒍚𒅊,U+120B5; U+1235A; U+1214A,LAK175 [Uruk IV–III (~3400–3000 BCE) | Archaic / Uruk]; ABZL205 [Old Babylonian (~2000–1600 BCE) | School texts]; ELLES102 [Early Dynastic (~2900–2340 BCE) | Ebla]; RSP276 [Early Dynastic (~2900–2340 BCE) | Presargonic Lagash]
U+1235A,SANGA₂,|GA.UZ₃.IGI@g|,2,𒍚,𒂵𒍚𒅊,U+120B5; U+1235A; U+1214A,LAK175 [Uruk IV–III (~3400–3000 BCE) | Archaic / Uruk]; ABZL205 [Old Babylonian (~2000–1600 BCE) | School texts]; ELLES102 [Early Dynastic (~2900–2340 BCE) | Ebla]; RSP276 [Early Dynastic (~2900–2340 BCE) | Presargonic Lagash]
U+1214A,SANGA₂,|GA.UZ₃.IGI@g|,3,𒅊,𒂵𒍚𒅊,U+120B5; U+1235A; U+1214A,LAK175 [Uruk IV–III (~3400–3000 BCE) | Archaic / Uruk]; ABZL205 [Old Babylonian (~2000–1600 BCE) | School texts]; ELLES102 [Early Dynastic (~2900–2340 BCE) | Ebla]; RSP276 [Early Dynastic (~2900–2340 BCE) | Presargonic Lagash]
U+1214D,SANGA₂,|IL₂.DUB₂|,1,𒅍,𒅍𒂀,U+1214D; U+12080,LAK175 [Uruk IV–III (~3400–3000 BCE) | Archaic / Uruk]; ABZL205 [Old Babylonian (~2000–1600 BCE) | School texts]; ELLES102 [Early Dynastic (~2900–2340 BCE) | Ebla]; RSP276 [Early Dynastic (~2900–2340 BCE) | Presargonic Lagash]
U+12080,SANGA₂,|IL₂.DUB₂|,2,𒂀,𒅍𒂀,U+1214D; U+12080,LAK175 [Uruk IV–III (~3400–3000 BCE) | Archaic / Uruk]; ABZL205 [Old Babylonian (~2000–1600 BCE) | School texts]; ELLES102 [Early Dynastic (~2900–2340 BCE) | Ebla]; RSP276 [Early Dynastic (~2900–2340 BCE) | Presargonic Lagash]
U+1214D,SANGA₂,|IL₂.MA₂.DUB₂|,1,𒅍,𒅍𒈣𒂀,U+1214D; U+12223; U+12080,ABZL205 [Old Babylonian (~2000–1600 BCE) | School texts]; LAK175 [Uruk IV–III (~3400–3000 BCE) | Archaic / Uruk]; ELLES102 [Early Dynastic (~2900–2340 BCE) | Ebla]; RSP276 [Early Dynastic (~2900–2340 BCE) | Presargonic Lagash]
U+12223,SANGA₂,|IL₂.MA₂.DUB₂|,2,𒈣,𒅍𒈣𒂀,U+1214D; U+12223; U+12080,ABZL205 [Old Babylonian (~2000–1600 BCE) | School texts]; LAK175 [Uruk IV–III (~3400–3000 BCE) | Archaic / Uruk]; ELLES102 [Early Dynastic (~2900–2340 BCE) | Ebla]; RSP276 [Early Dynastic (~2900–2340 BCE) | Presargonic Lagash]
U+12080,SANGA₂,|IL₂.MA₂.DUB₂|,3,𒂀,𒅍𒈣𒂀,U+1214D; U+12223; U+12080,ABZL205 [Old Babylonian (~2000–1600 BCE) | School texts]; LAK175 [Uruk IV–III (~3400–3000 BCE) | Archaic / Uruk]; ELLES102 [Early Dynastic (~2900–2340 BCE) | Ebla]; RSP276 [Early Dynastic (~2900–2340 BCE) | Presargonic Lagash]
U+1214D,SANGA₂,|IL₂.MA₂.IGI@g|,1,𒅍,𒅍𒈣𒅊,U+1214D; U+12223; U+1214A,LAK175 [Uruk IV–III (~3400–3000 BCE) | Archaic / Uruk]; ABZL205 [Old Babylonian (~2000–1600 BCE) | School texts]; ELLES102 [Early Dynastic (~2900–2340 BCE) | Ebla]; RSP276 [Early Dynastic (~2900–2340 BCE) | Presargonic Lagash]
U+12223,SANGA₂,|IL₂.MA₂.IGI@g|,2,𒈣,𒅍𒈣𒅊,U+1214D; U+12223; U+1214A,LAK175 [Uruk IV–III (~3400–3000 BCE) | Archaic / Uruk]; ABZL205 [Old Babylonian (~2000–1600 BCE) | School texts]; ELLES102 [Early Dynastic (~2900–2340 BCE) | Ebla]; RSP276 [Early Dynastic (~2900–2340 BCE) | Presargonic Lagash]
U+1214A,SANGA₂,|IL₂.MA₂.IGI@g|,3,𒅊,𒅍𒈣𒅊,U+1214D; U+12223; U+1214A,LAK175 [Uruk IV–III (~3400–3000 BCE) | Archaic / Uruk]; ABZL205 [Old Babylonian (~2000–1600 BCE) | School texts]; ELLES102 [Early Dynastic (~2900–2340 BCE) | Ebla]; RSP276 [Early Dynastic (~2900–2340 BCE) | Presargonic Lagash]
U+12000,|SI.A|,|A.SI|,1,𒀀,𒀀𒋛,U+12000; U+122DB,ELLES051 [Early Dynastic (~2900–2340 BCE) | Ebla]; PTACE031 [Early Dynastic (~2900–2340 BCE) | Ebla]; LAK084 [Uruk IV–III (~3400–3000 BCE) | Archaic / Uruk]; ASY089 [Standard Babylonian (any period) | Akkadian syllabary]; ABZL164 [Old Babylonian (~2000–1600 BCE) | School texts]; BAU032 [Early Dynastic (~2900–2340 BCE) | Lagash]; HZL089 [Hittite period (~1650–1180 BCE) | Hittite]; KWU095 [Ur III (~2112–2004 BCE) | Administrative]; MZL207 [Standard Babylonian (any period) | Akkado-Babylonian]; RSP292 [Early Dynastic (~2900–2340 BCE) | Presargonic Lagash]; SLLHA123 [Standard Babylonian (any period) | Akkado-Babylonian]; SYA078 [Standard Babylonian (any period) | Akkadian syllabary]
U+122DB,|SI.A|,|A.SI|,2,𒋛,𒀀𒋛,U+12000; U+122DB,ELLES051 [Early Dynastic (~2900–2340 BCE) | Ebla]; PTACE031 [Early Dynastic (~2900–2340 BCE) | Ebla]; LAK084 [Uruk IV–III (~3400–3000 BCE) | Archaic / Uruk]; ASY089 [Standard Babylonian (any period) | Akkadian syllabary]; ABZL164 [Old Babylonian (~2000–1600 BCE) | School texts]; BAU032 [Early Dynastic (~2900–2340 BCE) | Lagash]; HZL089 [Hittite period (~1650–1180 BCE) | Hittite]; KWU095 [Ur III (~2112–2004 BCE) | Administrative]; MZL207 [Standard Babylonian (any period) | Akkado-Babylonian]; RSP292 [Early Dynastic (~2900–2340 BCE) | Presargonic Lagash]; SLLHA123 [Standard Babylonian (any period) | Akkado-Babylonian]; SYA078 [Standard Babylonian (any period) | Akkadian syllabary]
X,|SIG₄&SIG₄.ŠU₂|,|SIG₄%SIG₄.ŠU₂|,1,,X𒋙,X; U+122D9,MZL907 [Standard Babylonian (any period) | Akkado-Babylonian]; SLLHA568 [Standard Babylonian (any period) | Akkado-Babylonian]
U+122D9,|SIG₄&SIG₄.ŠU₂|,|SIG₄%SIG₄.ŠU₂|,2,𒋙,X𒋙,X; U+122D9,MZL907 [Standard Babylonian (any period) | Akkado-Babylonian]; SLLHA568 [Standard Babylonian (any period) | Akkado-Babylonian]
U+122E0,|SIK₂.SUD|,|SIK₂.BU|,1,𒋠,𒋠𒁍,U+122E0; U+1204D,
U+1204D,|SIK₂.SUD|,|SIK₂.BU|,2,𒁍,𒋠𒁍,U+122E0; U+1204D,
U+120EE,|SILA₃.ŠU.GABA|,|GABA.ŠU.SILA₃|,1,𒃮,𒃮𒋗𒋡,U+120EE; U+122D7; U+122E1,
U+122D7,|SILA₃.ŠU.GABA|,|GABA.ŠU.SILA₃|,2,𒋗,𒃮𒋗𒋡,U+120EE; U+122D7; U+122E1,
U+122E1,|SILA₃.ŠU.GABA|,|GABA.ŠU.SILA₃|,3,𒋡,𒃮𒋗𒋡,U+120EE; U+122D7; U+122E1,
U+122E1,|SILA₃.ŠU.GABA|,|SILA₃.GABA|,1,𒋡,𒋡𒃮,U+122E1; U+120EE,
U+120EE,|SILA₃.ŠU.GABA|,|SILA₃.GABA|,2,𒃮,𒋡𒃮,U+122E1; U+120EE,
U+122E1,|SILA₃.ŠU.GABA|,|SILA₃.GABA.A|,1,𒋡,𒋡𒃮𒀀,U+122E1; U+120EE; U+12000,
U+120EE,|SILA₃.ŠU.GABA|,|SILA₃.GABA.A|,2,𒃮,𒋡𒃮𒀀,U+122E1; U+120EE; U+12000,
U+12000,|SILA₃.ŠU.GABA|,|SILA₃.GABA.A|,3,𒀀,𒋡𒃮𒀀,U+122E1; U+120EE; U+12000,
U+122E1,|SILA₃.ŠU.GABA|,|SILA₃.ŠU|,1,𒋡,𒋡𒋗,U+122E1; U+122D7,
U+122D7,|SILA₃.ŠU.GABA|,|SILA₃.ŠU|,2,𒋗,𒋡𒋗,U+122E1; U+122D7,
U+122E1,|SILA₃.ŠU.GABA|,|SILA₃.ŠU.GABA.A|,1,𒋡,𒋡𒋗𒃮𒀀,U+122E1; U+122D7; U+120EE; U+12000,
U+122D7,|SILA₃.ŠU.GABA|,|SILA₃.ŠU.GABA.A|,2,𒋗,𒋡𒋗𒃮𒀀,U+122E1; U+122D7; U+120EE; U+12000,
U+120EE,|SILA₃.ŠU.GABA|,|SILA₃.ŠU.GABA.A|,3,𒃮,𒋡𒋗𒃮𒀀,U+122E1; U+122D7; U+120EE; U+12000,
U+12000,|SILA₃.ŠU.GABA|,|SILA₃.ŠU.GABA.A|,4,𒀀,𒋡𒋗𒃮𒀀,U+122E1; U+122D7; U+120EE; U+12000,
U+122D7,|SILA₃.ŠU.GABA|,|ŠU.GABA.A|,1,𒋗,𒋗𒃮𒀀,U+122D7; U+120EE; U+12000,
U+120EE,|SILA₃.ŠU.GABA|,|ŠU.GABA.A|,2,𒃮,𒋗𒃮𒀀,U+122D7; U+120EE; U+12000,
U+12000,|SILA₃.ŠU.GABA|,|ŠU.GABA.A|,3,𒀀,𒋗𒃮𒀀,U+122D7; U+120EE; U+12000,
U+122D7,|SILA₃.ŠU.GABA|,|ŠU.SILA₃.GABA|,1,𒋗,𒋗𒋡𒃮,U+122D7; U+122E1; U+120EE,
U+122E1,|SILA₃.ŠU.GABA|,|ŠU.SILA₃.GABA|,2,𒋡,𒋗𒋡𒃮,U+122D7; U+122E1; U+120EE,
U+120EE,|SILA₃.ŠU.GABA|,|ŠU.SILA₃.GABA|,3,𒃮,𒋗𒋡𒃮,U+122D7; U+122E1; U+120EE,
U+122D7,|SILA₃.ŠU.GABA|,|ŠU.SILA₃.GABA.A|,1,𒋗,𒋗𒋡𒃮𒀀,U+122D7; U+122E1; U+120EE; U+12000,
U+122E1,|SILA₃.ŠU.GABA|,|ŠU.SILA₃.GABA.A|,2,𒋡,𒋗𒋡𒃮𒀀,U+122D7; U+122E1; U+120EE; U+12000,
U+120EE,|SILA₃.ŠU.GABA|,|ŠU.SILA₃.GABA.A|,3,𒃮,𒋗𒋡𒃮𒀀,U+122D7; U+122E1; U+120EE; U+12000,
U+12000,|SILA₃.ŠU.GABA|,|ŠU.SILA₃.GABA.A|,4,𒀀,𒋗𒋡𒃮𒀀,U+122D7; U+122E1; U+120EE; U+12000,
U+122FA,|SILA₃.ŠU.GABA|,|TAK₄.SILA₃.GABA|,1,𒋺,𒋺𒋡𒃮,U+122FA; U+122E1; U+120EE,
U+122E1,|SILA₃.ŠU.GABA|,|TAK₄.SILA₃.GABA|,2,𒋡,𒋺𒋡𒃮,U+122FA; U+122E1; U+120EE,
U+120EE,|SILA₃.ŠU.GABA|,|TAK₄.SILA₃.GABA|,3,𒃮,𒋺𒋡𒃮,U+122FA; U+122E1; U+120EE,
U+12000,|SU.A|,|A.ZU|,1,𒀀,𒀀𒍪,U+12000; U+1236A,
U+1236A,|SU.A|,|A.ZU|,2,𒍪,𒀀𒍪,U+12000; U+1236A,
U+122E2,|SU.KUR.RU|,|SU.LAM.KUR.RU|,1,𒋢,𒋢𒇴𒆳𒊒,U+122E2; U+121F4; U+121B3; U+12292,LAK294 [Uruk IV–III (~3400–3000 BCE) | Archaic / Uruk]; BAU122 [Early Dynastic (~2900–2340 BCE) | Lagash]
U+121F4,|SU.KUR.RU|,|SU.LAM.KUR.RU|,2,𒇴,𒋢𒇴𒆳𒊒,U+122E2; U+121F4; U+121B3; U+12292,LAK294 [Uruk IV–III (~3400–3000 BCE) | Archaic / Uruk]; BAU122 [Early Dynastic (~2900–2340 BCE) | Lagash]
U+121B3,|SU.KUR.RU|,|SU.LAM.KUR.RU|,3,𒆳,𒋢𒇴𒆳𒊒,U+122E2; U+121F4; U+121B3; U+12292,LAK294 [Uruk IV–III (~3400–3000 BCE) | Archaic / Uruk]; BAU122 [Early Dynastic (~2900–2340 BCE) | Lagash]
U+12292,|SU.KUR.RU|,|SU.LAM.KUR.RU|,4,𒊒,𒋢𒇴𒆳𒊒,U+122E2; U+121F4; U+121B3; U+12292,LAK294 [Uruk IV–III (~3400–3000 BCE) | Archaic / Uruk]; BAU122 [Early Dynastic (~2900–2340 BCE) | Lagash]
U+1235A,SUR₉,|UZ₃.IGI@g|,1,𒍚,𒍚𒅊,U+1235A; U+1214A,ABZL055 [Old Babylonian (~2000–1600 BCE) | School texts]; MZL205 [Standard Babylonian (any period) | Akkado-Babylonian]; SLLHA122d [Standard Babylonian (any period) | Akkado-Babylonian]
U+1214A,SUR₉,|UZ₃.IGI@g|,2,𒅊,𒍚𒅊,U+1235A; U+1214A,ABZL055 [Old Babylonian (~2000–1600 BCE) | School texts]; MZL205 [Standard Babylonian (any period) | Akkado-Babylonian]; SLLHA122d [Standard Babylonian (any period) | Akkado-Babylonian]
U+1235A,SUR₉,|UZ₃.IGI@g.IGI@g|,1,𒍚,𒍚𒅊𒅊,U+1235A; U+1214A; U+1214A,ABZL055 [Old Babylonian (~2000–1600 BCE) | School texts]; MZL205 [Standard Babylonian (any period) | Akkado-Babylonian]; SLLHA122d [Standard Babylonian (any period) | Akkado-Babylonian]
U+1214A,SUR₉,|UZ₃.IGI@g.IGI@g|,2,𒅊,𒍚𒅊𒅊,U+1235A; U+1214A; U+1214A,ABZL055 [Old Babylonian (~2000–1600 BCE) | School texts]; MZL205 [Standard Babylonian (any period) | Akkado-Babylonian]; SLLHA122d [Standard Babylonian (any period) | Akkado-Babylonian]
U+1214A,SUR₉,|UZ₃.IGI@g.IGI@g|,3,𒅊,𒍚𒅊𒅊,U+1235A; U+1214A; U+1214A,ABZL055 [Old Babylonian (~2000–1600 BCE) | School texts]; MZL205 [Standard Babylonian (any period) | Akkado-Babylonian]; SLLHA122d [Standard Babylonian (any period) | Akkado-Babylonian]
U+12100,|ŠA₃.GI|,|GI.ŠA₃.GI|,1,𒄀,𒄀𒊮𒄀,U+12100; U+122AE; U+12100,
U+122AE,|ŠA₃.GI|,|GI.ŠA₃.GI|,2,𒊮,𒄀𒊮𒄀,U+12100; U+122AE; U+12100,
U+12100,|ŠA₃.GI|,|GI.ŠA₃.GI|,3,𒄀,𒄀𒊮𒄀,U+12100; U+122AE; U+12100,
U+12248,|ŠA₃×NE|,|NE.NE|,1,𒉈,𒉈𒉈,U+12248; U+12248,ABZL434 [Old Babylonian (~2000–1600 BCE) | School texts]; MZL602 [Standard Babylonian (any period) | Akkado-Babylonian]; SLLHA385 [Standard Babylonian (any period) | Akkado-Babylonian]
U+12248,|ŠA₃×NE|,|NE.NE|,2,𒉈,𒉈𒉈,U+12248; U+12248,ABZL434 [Old Babylonian (~2000–1600 BCE) | School texts]; MZL602 [Standard Babylonian (any period) | Akkado-Babylonian]; SLLHA385 [Standard Babylonian (any period) | Akkado-Babylonian]
U+122AE,|ŠA₃×TUR|,|ŠA₃.TUR|,1,𒊮,𒊮𒌉,U+122AE; U+12309,ABZL435 [Old Babylonian (~2000–1600 BCE) | School texts]; MZL601 [Standard Babylonian (any period) | Akkado-Babylonian]; SLLHA384a [Standard Babylonian (any period) | Akkado-Babylonian]
U+12309,|ŠA₃×TUR|,|ŠA₃.TUR|,2,𒌉,𒊮𒌉,U+122AE; U+12309,ABZL435 [Old Babylonian (~2000–1600 BCE) | School texts]; MZL601 [Standard Babylonian (any period) | Akkado-Babylonian]; SLLHA384a [Standard Babylonian (any period) | Akkado-Babylonian]
U+122E0,ŠA₆,|SIK₂.E|,1,𒋠,𒋠𒂊,U+122E0; U+1208A,LAK177a [Uruk IV–III (~3400–3000 BCE) | Archaic / Uruk]; LAK196 [Uruk IV–III (~3400–3000 BCE) | Archaic / Uruk]; ASY208 [Standard Babylonian (any period) | Akkadian syllabary]; ABZL228 [Old Babylonian (~2000–1600 BCE) | School texts]; BAU124 [Early Dynastic (~2900–2340 BCE) | Lagash]; ELLES116 [Early Dynastic (~2900–2340 BCE) | Ebla]; GCSL069 [Gudea period (~2100 BCE) | Lagash / Girsu]; HZL070 [Hittite period (~1650–1180 BCE) | Hittite]; KWU925 [Ur III (~2112–2004 BCE) | Administrative]; MZL571 [Standard Babylonian (any period) | Akkado-Babylonian]; PTACE212 [Early Dynastic (~2900–2340 BCE) | Ebla]; RSP345 [Early Dynastic (~2900–2340 BCE) | Presargonic Lagash]; SLLHA356 [Standard Babylonian (any period) | Akkado-Babylonian]
U+1208A,ŠA₆,|SIK₂.E|,2,𒂊,𒋠𒂊,U+122E0; U+1208A,LAK177a [Uruk IV–III (~3400–3000 BCE) | Archaic / Uruk]; LAK196 [Uruk IV–III (~3400–3000 BCE) | Archaic / Uruk]; ASY208 [Standard Babylonian (any period) | Akkadian syllabary]; ABZL228 [Old Babylonian (~2000–1600 BCE) | School texts]; BAU124 [Early Dynastic (~2900–2340 BCE) | Lagash]; ELLES116 [Early Dynastic (~2900–2340 BCE) | Ebla]; GCSL069 [Gudea period (~2100 BCE) | Lagash / Girsu]; HZL070 [Hittite period (~1650–1180 BCE) | Hittite]; KWU925 [Ur III (~2112–2004 BCE) | Administrative]; MZL571 [Standard Babylonian (any period) | Akkado-Babylonian]; PTACE212 [Early Dynastic (~2900–2340 BCE) | Ebla]; RSP345 [Early Dynastic (~2900–2340 BCE) | Presargonic Lagash]; SLLHA356 [Standard Babylonian (any period) | Akkado-Babylonian]
U+12309,|ŠA₆.TUR|,|TUR.ŠA₆|,1,𒌉,𒌉𒊷,U+12309; U+122B7,
U+122B7,|ŠA₆.TUR|,|TUR.ŠA₆|,2,𒊷,𒌉𒊷,U+12309; U+122B7,
U+120A0,|ŠE.BU.NUN.EŠ₂|,|EŠ₂.NUN.BU|,1,𒂠,𒂠𒉣𒁍,U+120A0; U+12263; U+1204D,
U+12263,|ŠE.BU.NUN.EŠ₂|,|EŠ₂.NUN.BU|,2,𒉣,𒂠𒉣𒁍,U+120A0; U+12263; U+1204D,
U+1204D,|ŠE.BU.NUN.EŠ₂|,|EŠ₂.NUN.BU|,3,𒁍,𒂠𒉣𒁍,U+120A0; U+12263; U+1204D,
U+120A0,|ŠE.BU.NUN.EŠ₂|,|EŠ₂.NUN.BU.ŠE|,1,𒂠,𒂠𒉣𒁍𒊺,U+120A0; U+12263; U+1204D; U+122BA,
U+12263,|ŠE.BU.NUN.EŠ₂|,|EŠ₂.NUN.BU.ŠE|,2,𒉣,𒂠𒉣𒁍𒊺,U+120A0; U+12263; U+1204D; U+122BA,
U+1204D,|ŠE.BU.NUN.EŠ₂|,|EŠ₂.NUN.BU.ŠE|,3,𒁍,𒂠𒉣𒁍𒊺,U+120A0; U+12263; U+1204D; U+122BA,
U+122BA,|ŠE.BU.NUN.EŠ₂|,|EŠ₂.NUN.BU.ŠE|,4,𒊺,𒂠𒉣𒁍𒊺,U+120A0; U+12263; U+1204D; U+122BA,
U+12263,|ŠE.BU.NUN.EŠ₂|,|NUN.EŠ₂.AB.BU|,1,𒉣,𒉣𒂠𒀊𒁍,U+12263; U+120A0; U+1200A; U+1204D,
U+120A0,|ŠE.BU.NUN.EŠ₂|,|NUN.EŠ₂.AB.BU|,2,𒂠,𒉣𒂠𒀊𒁍,U+12263; U+120A0; U+1200A; U+1204D,
U+1200A,|ŠE.BU.NUN.EŠ₂|,|NUN.EŠ₂.AB.BU|,3,𒀊,𒉣𒂠𒀊𒁍,U+12263; U+120A0; U+1200A; U+1204D,
U+1204D,|ŠE.BU.NUN.EŠ₂|,|NUN.EŠ₂.AB.BU|,4,𒁍,𒉣𒂠𒀊𒁍,U+12263; U+120A0; U+1200A; U+1204D,
U+12263,|ŠE.BU.NUN.EŠ₂|,|NUN.EŠ₂.ŠE.BU|,1,𒉣,𒉣𒂠𒊺𒁍,U+12263; U+120A0; U+122BA; U+1204D,
U+120A0,|ŠE.BU.NUN.EŠ₂|,|NUN.EŠ₂.ŠE.BU|,2,𒂠,𒉣𒂠𒊺𒁍,U+12263; U+120A0; U+122BA; U+1204D,
U+122BA,|ŠE.BU.NUN.EŠ₂|,|NUN.EŠ₂.ŠE.BU|,3,𒊺,𒉣𒂠𒊺𒁍,U+12263; U+120A0; U+122BA; U+1204D,
U+1204D,|ŠE.BU.NUN.EŠ₂|,|NUN.EŠ₂.ŠE.BU|,4,𒁍,𒉣𒂠𒊺𒁍,U+12263; U+120A0; U+122BA; U+1204D,
U+122E4,|ŠE.BU.NUN.EŠ₂|,|SUD.ŠE.NUN.EŠ₂|,1,𒋤,𒋤𒊺𒉣𒂠,U+122E4; U+122BA; U+12263; U+120A0,
U+122BA,|ŠE.BU.NUN.EŠ₂|,|SUD.ŠE.NUN.EŠ₂|,2,𒊺,𒋤𒊺𒉣𒂠,U+122E4; U+122BA; U+12263; U+120A0,
U+12263,|ŠE.BU.NUN.EŠ₂|,|SUD.ŠE.NUN.EŠ₂|,3,𒉣,𒋤𒊺𒉣𒂠,U+122E4; U+122BA; U+12263; U+120A0,
U+120A0,|ŠE.BU.NUN.EŠ₂|,|SUD.ŠE.NUN.EŠ₂|,4,𒂠,𒋤𒊺𒉣𒂠,U+122E4; U+122BA; U+12263; U+120A0,
U+122BA,|ŠE.BU.NUN.EŠ₂|,|ŠE.EŠ₂.BU|,1,𒊺,𒊺𒂠𒁍,U+122BA; U+120A0; U+1204D,
U+120A0,|ŠE.BU.NUN.EŠ₂|,|ŠE.EŠ₂.BU|,2,𒂠,𒊺𒂠𒁍,U+122BA; U+120A0; U+1204D,
U+1204D,|ŠE.BU.NUN.EŠ₂|,|ŠE.EŠ₂.BU|,3,𒁍,𒊺𒂠𒁍,U+122BA; U+120A0; U+1204D,
U+122BA,|ŠE.NAGA|,|ŠE.NAGA×A|,1,𒊺,𒊺X,U+122BA; X,ABZL383 [Old Babylonian (~2000–1600 BCE) | School texts]; GCSL106 [Gudea period (~2100 BCE) | Lagash / Girsu]; KWU642 [Ur III (~2112–2004 BCE) | Administrative]
X,|ŠE.NAGA|,|ŠE.NAGA×A|,2,,𒊺X,U+122BA; X,ABZL383 [Old Babylonian (~2000–1600 BCE) | School texts]; GCSL106 [Gudea period (~2100 BCE) | Lagash / Girsu]; KWU642 [Ur III (~2112–2004 BCE) | Administrative]
U+12311,|(ŠE.NUN&NUN)&(ŠE.NUN&NUN)|,|U₂.(ŠE.NUN&NUN)&(ŠE.NUN&NUN)|,1,𒌑,𒌑𒌃,U+12311; U+12303,SLLHA375_45 [Standard Babylonian (any period) | Akkado-Babylonian]
U+12303,|(ŠE.NUN&NUN)&(ŠE.NUN&NUN)|,|U₂.(ŠE.NUN&NUN)&(ŠE.NUN&NUN)|,2,𒌃,𒌑𒌃,U+12311; U+12303,SLLHA375_45 [Standard Babylonian (any period) | Akkado-Babylonian]
U+12311,|(ŠE.NUN&NUN)&(ŠE.NUN&NUN)|,|U₂.(ŠE.NUN&NUN)%(ŠE.NUN&NUN)|,1,𒌑,𒌑X,U+12311; X,SLLHA375_45 [Standard Babylonian (any period) | Akkado-Babylonian]
X,|(ŠE.NUN&NUN)&(ŠE.NUN&NUN)|,|U₂.(ŠE.NUN&NUN)%(ŠE.NUN&NUN)|,2,,𒌑X,U+12311; X,SLLHA375_45 [Standard Babylonian (any period) | Akkado-Babylonian]
U+12303,|(ŠE.NUN&NUN)&(ŠE.NUN&NUN).GAD&GAD.GAR&GAR|,|(ŠE.NUN&NUN)&(ŠE.NUN&NUN).GAD&GAD|,1,𒌃,𒌃X,U+12303; X,MZL588 [Standard Babylonian (any period) | Akkado-Babylonian]; SLLHA375_46 [Standard Babylonian (any period) | Akkado-Babylonian]
X,|(ŠE.NUN&NUN)&(ŠE.NUN&NUN).GAD&GAD.GAR&GAR|,|(ŠE.NUN&NUN)&(ŠE.NUN&NUN).GAD&GAD|,2,,𒌃X,U+12303; X,MZL588 [Standard Babylonian (any period) | Akkado-Babylonian]; SLLHA375_46 [Standard Babylonian (any period) | Akkado-Babylonian]
U+12303,|(ŠE.NUN&NUN)&(ŠE.NUN&NUN).GAD&GAD.GAR&GAR|,|(ŠE.NUN&NUN)&(ŠE.NUN&NUN).GAR|,1,𒌃,𒌃𒃻,U+12303; U+120FB,MZL588 [Standard Babylonian (any period) | Akkado-Babylonian]; SLLHA375_46 [Standard Babylonian (any period) | Akkado-Babylonian]
U+120FB,|(ŠE.NUN&NUN)&(ŠE.NUN&NUN).GAD&GAD.GAR&GAR|,|(ŠE.NUN&NUN)&(ŠE.NUN&NUN).GAR|,2,𒃻,𒌃𒃻,U+12303; U+120FB,MZL588 [Standard Babylonian (any period) | Akkado-Babylonian]; SLLHA375_46 [Standard Babylonian (any period) | Akkado-Babylonian]
U+12303,|(ŠE.NUN&NUN)&(ŠE.NUN&NUN).LAGAB.LAGAB|,|(ŠE.NUN&NUN)&(ŠE.NUN&NUN).LAGAB|,1,𒌃,𒌃𒆸,U+12303; U+121B8,
U+121B8,|(ŠE.NUN&NUN)&(ŠE.NUN&NUN).LAGAB.LAGAB|,|(ŠE.NUN&NUN)&(ŠE.NUN&NUN).LAGAB|,2,𒆸,𒌃𒆸,U+12303; U+121B8,
U+1212D,|ŠE+SAR.HI.ZU&ZU|,|HI.ŠE+SAR.ZU&ZU|,1,𒄭,𒄭𒊺𒊬X,U+1212D; U+122BA; U+122AC; X,
U+122BA,|ŠE+SAR.HI.ZU&ZU|,|HI.ŠE+SAR.ZU&ZU|,2,𒊺,𒄭𒊺𒊬X,U+1212D; U+122BA; U+122AC; X,
U+122AC,|ŠE+SAR.HI.ZU&ZU|,|HI.ŠE+SAR.ZU&ZU|,3,𒊬,𒄭𒊺𒊬X,U+1212D; U+122BA; U+122AC; X,
X,|ŠE+SAR.HI.ZU&ZU|,|HI.ŠE+SAR.ZU&ZU|,4,,𒄭𒊺𒊬X,U+1212D; U+122BA; U+122AC; X,
U+1200A,|ŠEŠ.AB|,|AB.ŠEŠ|,1,𒀊,𒀊𒋀,U+1200A; U+122C0,
U+122C0,|ŠEŠ.AB|,|AB.ŠEŠ|,2,𒋀,𒀊𒋀,U+1200A; U+122C0,
U+122C0,|ŠEŠ.KI|,|ŠEŠ.NA|,1,𒋀,𒋀𒈾,U+122C0; U+1223E,BAU012 [Early Dynastic (~2900–2340 BCE) | Lagash]; LAK033 [Uruk IV–III (~3400–3000 BCE) | Archaic / Uruk]; ASY183 [Standard Babylonian (any period) | Akkadian syllabary]; ABZL022 [Old Babylonian (~2000–1600 BCE) | School texts]; GCSL008 [Gudea period (~2100 BCE) | Lagash / Girsu]; KWU033 [Ur III (~2112–2004 BCE) | Administrative]; RSP092 [Early Dynastic (~2900–2340 BCE) | Presargonic Lagash]
U+1223E,|ŠEŠ.KI|,|ŠEŠ.NA|,2,𒈾,𒋀𒈾,U+122C0; U+1223E,BAU012 [Early Dynastic (~2900–2340 BCE) | Lagash]; LAK033 [Uruk IV–III (~3400–3000 BCE) | Archaic / Uruk]; ASY183 [Standard Babylonian (any period) | Akkadian syllabary]; ABZL022 [Old Babylonian (~2000–1600 BCE) | School texts]; GCSL008 [Gudea period (~2100 BCE) | Lagash / Girsu]; KWU033 [Ur III (~2112–2004 BCE) | Administrative]; RSP092 [Early Dynastic (~2900–2340 BCE) | Presargonic Lagash]
U+122C6,|ŠIM×BULUG|,|ŠIM.BULUG|,1,𒋆,𒋆𒁑,U+122C6; U+12051,MZL367 [Standard Babylonian (any period) | Akkado-Babylonian]; SLLHA218 [Standard Babylonian (any period) | Akkado-Babylonian]
U+12051,|ŠIM×BULUG|,|ŠIM.BULUG|,2,𒁑,𒋆𒁑,U+122C6; U+12051,MZL367 [Standard Babylonian (any period) | Akkado-Babylonian]; SLLHA218 [Standard Babylonian (any period) | Akkado-Babylonian]
U+122C6,|ŠIM×GAR|,|ŠIM.GAR|,1,𒋆,𒋆𒃻,U+122C6; U+120FB,LAK659 [Uruk IV–III (~3400–3000 BCE) | Archaic / Uruk]; ABZL085 [Old Babylonian (~2000–1600 BCE) | School texts]; BAU354 [Early Dynastic (~2900–2340 BCE) | Lagash]; BAU355 [Early Dynastic (~2900–2340 BCE) | Lagash]; ELLES320 [Early Dynastic (~2900–2340 BCE) | Ebla]; HZL163 [Hittite period (~1650–1180 BCE) | Hittite]; KWU758 [Ur III (~2112–2004 BCE) | Administrative]; MZL373 [Standard Babylonian (any period) | Akkado-Babylonian]; PTACE255 [Early Dynastic (~2900–2340 BCE) | Ebla]; SLLHA225 [Standard Babylonian (any period) | Akkado-Babylonian]
U+120FB,|ŠIM×GAR|,|ŠIM.GAR|,2,𒃻,𒋆𒃻,U+122C6; U+120FB,LAK659 [Uruk IV–III (~3400–3000 BCE) | Archaic / Uruk]; ABZL085 [Old Babylonian (~2000–1600 BCE) | School texts]; BAU354 [Early Dynastic (~2900–2340 BCE) | Lagash]; BAU355 [Early Dynastic (~2900–2340 BCE) | Lagash]; ELLES320 [Early Dynastic (~2900–2340 BCE) | Ebla]; HZL163 [Hittite period (~1650–1180 BCE) | Hittite]; KWU758 [Ur III (~2112–2004 BCE) | Administrative]; MZL373 [Standard Babylonian (any period) | Akkado-Babylonian]; PTACE255 [Early Dynastic (~2900–2340 BCE) | Ebla]; SLLHA225 [Standard Babylonian (any period) | Akkado-Babylonian]
U+122C6,|ŠIM×MUG|,|ŠIM.MUG|,1,𒋆,𒋆𒈮,U+122C6; U+1222E,MZL365 [Standard Babylonian (any period) | Akkado-Babylonian]; SLLHA216 [Standard Babylonian (any period) | Akkado-Babylonian]
U+1222E,|ŠIM×MUG|,|ŠIM.MUG|,2,𒈮,𒋆𒈮,U+122C6; U+1222E,MZL365 [Standard Babylonian (any period) | Akkado-Babylonian]; SLLHA216 [Standard Babylonian (any period) | Akkado-Babylonian]
U+122C6,|ŠIM×SAL|,|ŠIM.SAL|,1,𒋆,𒋆𒊩,U+122C6; U+122A9,MZL374 [Standard Babylonian (any period) | Akkado-Babylonian]; SLLHA222 [Standard Babylonian (any period) | Akkado-Babylonian]
U+122A9,|ŠIM×SAL|,|ŠIM.SAL|,2,𒊩,𒋆𒊩,U+122C6; U+122A9,MZL374 [Standard Babylonian (any period) | Akkado-Babylonian]; SLLHA222 [Standard Babylonian (any period) | Akkado-Babylonian]
U+120F0,ŠINIG,|GAD.NAGA|,1,𒃰,𒃰𒉀,U+120F0; U+12240,ABZL302 [Old Babylonian (~2000–1600 BCE) | School texts]; GCSL129 [Gudea period (~2100 BCE) | Lagash / Girsu]; HZL085 [Hittite period (~1650–1180 BCE) | Hittite]; KWU405 [Ur III (~2112–2004 BCE) | Administrative]; MZL162 [Standard Babylonian (any period) | Akkado-Babylonian]; RSP449 [Early Dynastic (~2900–2340 BCE) | Presargonic Lagash]; SLLHA093 [Standard Babylonian (any period) | Akkado-Babylonian]
U+12240,ŠINIG,|GAD.NAGA|,2,𒉀,𒃰𒉀,U+120F0; U+12240,ABZL302 [Old Babylonian (~2000–1600 BCE) | School texts]; GCSL129 [Gudea period (~2100 BCE) | Lagash / Girsu]; HZL085 [Hittite period (~1650–1180 BCE) | Hittite]; KWU405 [Ur III (~2112–2004 BCE) | Administrative]; MZL162 [Standard Babylonian (any period) | Akkado-Babylonian]; RSP449 [Early Dynastic (~2900–2340 BCE) | Presargonic Lagash]; SLLHA093 [Standard Babylonian (any period) | Akkado-Babylonian]
U+1224C,|ŠITA.GIŠ|,|NI.DIŠ.GIŠ|,1,𒉌,𒉌𒁹𒄑,U+1224C; U+12079; U+12111,LAK489 [Uruk IV–III (~3400–3000 BCE) | Archaic / Uruk]; ABZL460 [Old Babylonian (~2000–1600 BCE) | School texts]; GCSL233 [Gudea period (~2100 BCE) | Lagash / Girsu]; ZATU147 [Uruk IV–III (~3400–3000 BCE) | Archaic / Uruk]
U+12079,|ŠITA.GIŠ|,|NI.DIŠ.GIŠ|,2,𒁹,𒉌𒁹𒄑,U+1224C; U+12079; U+12111,LAK489 [Uruk IV–III (~3400–3000 BCE) | Archaic / Uruk]; ABZL460 [Old Babylonian (~2000–1600 BCE) | School texts]; GCSL233 [Gudea period (~2100 BCE) | Lagash / Girsu]; ZATU147 [Uruk IV–III (~3400–3000 BCE) | Archaic / Uruk]
U+12111,|ŠITA.GIŠ|,|NI.DIŠ.GIŠ|,3,𒄑,𒉌𒁹𒄑,U+1224C; U+12079; U+12111,LAK489 [Uruk IV–III (~3400–3000 BCE) | Archaic / Uruk]; ABZL460 [Old Babylonian (~2000–1600 BCE) | School texts]; GCSL233 [Gudea period (~2100 BCE) | Lagash / Girsu]; ZATU147 [Uruk IV–III (~3400–3000 BCE) | Archaic / Uruk]
U+122A9,|ŠITA.GIŠ|,|SAL.GIŠ|,1,𒊩,𒊩𒄑,U+122A9; U+12111,LAK489 [Uruk IV–III (~3400–3000 BCE) | Archaic / Uruk]; ABZL460 [Old Babylonian (~2000–1600 BCE) | School texts]; GCSL233 [Gudea period (~2100 BCE) | Lagash / Girsu]; ZATU147 [Uruk IV–III (~3400–3000 BCE) | Archaic / Uruk]
U+12111,|ŠITA.GIŠ|,|SAL.GIŠ|,2,𒄑,𒊩𒄑,U+122A9; U+12111,LAK489 [Uruk IV–III (~3400–3000 BCE) | Archaic / Uruk]; ABZL460 [Old Babylonian (~2000–1600 BCE) | School texts]; GCSL233 [Gudea period (~2100 BCE) | Lagash / Girsu]; ZATU147 [Uruk IV–III (~3400–3000 BCE) | Archaic / Uruk]
U+122D6,|ŠITA.GIŠ.TUG₂|,|ŠITA.GIŠ.NAM₂|,1,𒋖,𒋖𒄑𒉇,U+122D6; U+12111; U+12247,BAU391 [Early Dynastic (~2900–2340 BCE) | Lagash]; ELLES261 [Early Dynastic (~2900–2340 BCE) | Ebla]
U+12111,|ŠITA.GIŠ.TUG₂|,|ŠITA.GIŠ.NAM₂|,2,𒄑,𒋖𒄑𒉇,U+122D6; U+12111; U+12247,BAU391 [Early Dynastic (~2900–2340 BCE) | Lagash]; ELLES261 [Early Dynastic (~2900–2340 BCE) | Ebla]
U+12247,|ŠITA.GIŠ.TUG₂|,|ŠITA.GIŠ.NAM₂|,3,𒉇,𒋖𒄑𒉇,U+122D6; U+12111; U+12247,BAU391 [Early Dynastic (~2900–2340 BCE) | Lagash]; ELLES261 [Early Dynastic (~2900–2340 BCE) | Ebla]
X,|ŠITA.GIŠ.TUG₂|,|ŠITA~a.GIŠ.NAM₂|,1,,X𒄑𒉇,X; U+12111; U+12247,
U+12111,|ŠITA.GIŠ.TUG₂|,|ŠITA~a.GIŠ.NAM₂|,2,𒄑,X𒄑𒉇,X; U+12111; U+12247,
U+12247,|ŠITA.GIŠ.TUG₂|,|ŠITA~a.GIŠ.NAM₂|,3,𒉇,X𒄑𒉇,X; U+12111; U+12247,
U+122D7,|ŠU.BAD|,|ŠU.KAK|,1,𒋗,𒋗𒆕,U+122D7; U+12195,
U+12195,|ŠU.BAD|,|ŠU.KAK|,2,𒆕,𒋗𒆕,U+122D7; U+12195,
U+122D7,|ŠU.DI.U.U.U|,|ŠU.U.U.U.DI|,1,𒋗,𒋗𒌍𒁲,U+122D7; U+1230D; U+12072,
U+1230D,|ŠU.DI.U.U.U|,|ŠU.U.U.U.DI|,2,𒌍,𒋗𒌍𒁲,U+122D7; U+1230D; U+12072,
U+12072,|ŠU.DI.U.U.U|,|ŠU.U.U.U.DI|,3,𒁲,𒋗𒌍𒁲,U+122D7; U+1230D; U+12072,
U+120FB,|ŠU.GAR.TUR.LAL|,|GAR.ŠU.TUR|,1,𒃻,𒃻𒋗𒌉,U+120FB; U+122D7; U+12309,
U+122D7,|ŠU.GAR.TUR.LAL|,|GAR.ŠU.TUR|,2,𒋗,𒃻𒋗𒌉,U+120FB; U+122D7; U+12309,
U+12309,|ŠU.GAR.TUR.LAL|,|GAR.ŠU.TUR|,3,𒌉,𒃻𒋗𒌉,U+120FB; U+122D7; U+12309,
U+120FB,|ŠU.GAR.TUR.LAL|,|GAR.ŠU.TUR.LAL|,1,𒃻,𒃻𒋗𒌉𒇲,U+120FB; U+122D7; U+12309; U+121F2,
U+122D7,|ŠU.GAR.TUR.LAL|,|GAR.ŠU.TUR.LAL|,2,𒋗,𒃻𒋗𒌉𒇲,U+120FB; U+122D7; U+12309; U+121F2,
U+12309,|ŠU.GAR.TUR.LAL|,|GAR.ŠU.TUR.LAL|,3,𒌉,𒃻𒋗𒌉𒇲,U+120FB; U+122D7; U+12309; U+121F2,
U+121F2,|ŠU.GAR.TUR.LAL|,|GAR.ŠU.TUR.LAL|,4,𒇲,𒃻𒋗𒌉𒇲,U+120FB; U+122D7; U+12309; U+121F2,
U+122D7,|ŠU.GAR.TUR.LAL|,|ŠU.GAR|,1,𒋗,𒋗𒃻,U+122D7; U+120FB,
U+120FB,|ŠU.GAR.TUR.LAL|,|ŠU.GAR|,2,𒃻,𒋗𒃻,U+122D7; U+120FB,
U+122D7,|ŠU.GAR.TUR.LAL|,|ŠU.GAR.TUR.RU.LAL|,1,𒋗,𒋗𒃻𒌉𒊒𒇲,U+122D7; U+120FB; U+12309; U+12292; U+121F2,
U+120FB,|ŠU.GAR.TUR.LAL|,|ŠU.GAR.TUR.RU.LAL|,2,𒃻,𒋗𒃻𒌉𒊒𒇲,U+122D7; U+120FB; U+12309; U+12292; U+121F2,
U+12309,|ŠU.GAR.TUR.LAL|,|ŠU.GAR.TUR.RU.LAL|,3,𒌉,𒋗𒃻𒌉𒊒𒇲,U+122D7; U+120FB; U+12309; U+12292; U+121F2,
U+12292,|ŠU.GAR.TUR.LAL|,|ŠU.GAR.TUR.RU.LAL|,4,𒊒,𒋗𒃻𒌉𒊒𒇲,U+122D7; U+120FB; U+12309; U+12292; U+121F2,
U+121F2,|ŠU.GAR.TUR.LAL|,|ŠU.GAR.TUR.RU.LAL|,5,𒇲,𒋗𒃻𒌉𒊒𒇲,U+122D7; U+120FB; U+12309; U+12292; U+121F2,
U+122D7,|ŠU.GAR.TUR.LAL|,|ŠU.TUR|,1,𒋗,𒋗𒌉,U+122D7; U+12309,
U+12309,|ŠU.GAR.TUR.LAL|,|ŠU.TUR|,2,𒌉,𒋗𒌉,U+122D7; U+12309,
U+122D7,|ŠU.GAR.TUR.LAL.BI|,|ŠU.GAR.TUR|,1,𒋗,𒋗𒃻𒌉,U+122D7; U+120FB; U+12309,
U+120FB,|ŠU.GAR.TUR.LAL.BI|,|ŠU.GAR.TUR|,2,𒃻,𒋗𒃻𒌉,U+122D7; U+120FB; U+12309,
U+12309,|ŠU.GAR.TUR.LAL.BI|,|ŠU.GAR.TUR|,3,𒌉,𒋗𒃻𒌉,U+122D7; U+120FB; U+12309,
U+122D7,|ŠU.GAR.TUR.LAL.BI|,|ŠU.GAR.TUR.LAL.EŠ₂|,1,𒋗,𒋗𒃻𒌉𒇲𒂠,U+122D7; U+120FB; U+12309; U+121F2; U+120A0,
U+120FB,|ŠU.GAR.TUR.LAL.BI|,|ŠU.GAR.TUR.LAL.EŠ₂|,2,𒃻,𒋗𒃻𒌉𒇲𒂠,U+122D7; U+120FB; U+12309; U+121F2; U+120A0,
U+12309,|ŠU.GAR.TUR.LAL.BI|,|ŠU.GAR.TUR.LAL.EŠ₂|,3,𒌉,𒋗𒃻𒌉𒇲𒂠,U+122D7; U+120FB; U+12309; U+121F2; U+120A0,
U+121F2,|ŠU.GAR.TUR.LAL.BI|,|ŠU.GAR.TUR.LAL.EŠ₂|,4,𒇲,𒋗𒃻𒌉𒇲𒂠,U+122D7; U+120FB; U+12309; U+121F2; U+120A0,
U+120A0,|ŠU.GAR.TUR.LAL.BI|,|ŠU.GAR.TUR.LAL.EŠ₂|,5,𒂠,𒋗𒃻𒌉𒇲𒂠,U+122D7; U+120FB; U+12309; U+121F2; U+120A0,
U+122D7,|ŠU.GAR.TUR.LAL.BI|,|ŠU.LAL.TUR|,1,𒋗,𒋗𒇲𒌉,U+122D7; U+121F2; U+12309,
U+121F2,|ŠU.GAR.TUR.LAL.BI|,|ŠU.LAL.TUR|,2,𒇲,𒋗𒇲𒌉,U+122D7; U+121F2; U+12309,
U+12309,|ŠU.GAR.TUR.LAL.BI|,|ŠU.LAL.TUR|,3,𒌉,𒋗𒇲𒌉,U+122D7; U+121F2; U+12309,
U+122D7,|ŠU.GAR.TUR.LAL.BI|,|ŠU.ME.GAR.BI|,1,𒋗,𒋗𒈨𒃻𒁉,U+122D7; U+12228; U+120FB; U+12049,
U+12228,|ŠU.GAR.TUR.LAL.BI|,|ŠU.ME.GAR.BI|,2,𒈨,𒋗𒈨𒃻𒁉,U+122D7; U+12228; U+120FB; U+12049,
U+120FB,|ŠU.GAR.TUR.LAL.BI|,|ŠU.ME.GAR.BI|,3,𒃻,𒋗𒈨𒃻𒁉,U+122D7; U+12228; U+120FB; U+12049,
U+12049,|ŠU.GAR.TUR.LAL.BI|,|ŠU.ME.GAR.BI|,4,𒁉,𒋗𒈨𒃻𒁉,U+122D7; U+12228; U+120FB; U+12049,
U+122D7,|ŠU.HA|,|ŠU.HA@g|,1,𒋗,𒋗𒄫,U+122D7; U+1212B,
U+1212B,|ŠU.HA|,|ŠU.HA@g|,2,𒄫,𒋗𒄫,U+122D7; U+1212B,
U+122D7,|ŠU.KAD₄|,|ŠU.KAD₅|,1,𒋗,𒋗𒆓,U+122D7; U+12193,
U+12193,|ŠU.KAD₄|,|ŠU.KAD₅|,2,𒆓,𒋗𒆓,U+122D7; U+12193,
U+122D7,|ŠU.NAGA|,|ŠU.SUM.KAK|,1,𒋗,𒋗𒋧𒆕,U+122D7; U+122E7; U+12195,KWU323 [Ur III (~2112–2004 BCE) | Administrative]; RSP125 [Early Dynastic (~2900–2340 BCE) | Presargonic Lagash]
U+122E7,|ŠU.NAGA|,|ŠU.SUM.KAK|,2,𒋧,𒋗𒋧𒆕,U+122D7; U+122E7; U+12195,KWU323 [Ur III (~2112–2004 BCE) | Administrative]; RSP125 [Early Dynastic (~2900–2340 BCE) | Presargonic Lagash]
U+12195,|ŠU.NAGA|,|ŠU.SUM.KAK|,3,𒆕,𒋗𒋧𒆕,U+122D7; U+122E7; U+12195,KWU323 [Ur III (~2112–2004 BCE) | Administrative]; RSP125 [Early Dynastic (~2900–2340 BCE) | Presargonic Lagash]
U+12047,|ŠU₂.AN|,|BAR.AN|,1,𒁇,𒁇𒀭,U+12047; U+1202D,MZL123 [Standard Babylonian (any period) | Akkado-Babylonian]; SLLHA074_182 [Standard Babylonian (any period) | Akkado-Babylonian]; LAK356 [Uruk IV–III (~3400–3000 BCE) | Archaic / Uruk]; MZL870 [Standard Babylonian (any period) | Akkado-Babylonian]; SLLHA546 [Standard Babylonian (any period) | Akkado-Babylonian]
U+1202D,|ŠU₂.AN|,|BAR.AN|,2,𒀭,𒁇𒀭,U+12047; U+1202D,MZL123 [Standard Babylonian (any period) | Akkado-Babylonian]; SLLHA074_182 [Standard Babylonian (any period) | Akkado-Babylonian]; LAK356 [Uruk IV–III (~3400–3000 BCE) | Archaic / Uruk]; MZL870 [Standard Babylonian (any period) | Akkado-Babylonian]; SLLHA546 [Standard Babylonian (any period) | Akkado-Babylonian]
U+1202F,|ŠU₂.3×AN|,|3×AN.BAR|,1,𒀯,𒀯𒁇,U+1202F; U+12047,ABZL424 [Old Babylonian (~2000–1600 BCE) | School texts]; MZL872 [Standard Babylonian (any period) | Akkado-Babylonian]; SLLHA547 [Standard Babylonian (any period) | Akkado-Babylonian]
U+12047,|ŠU₂.3×AN|,|3×AN.BAR|,2,𒁇,𒀯𒁇,U+1202F; U+12047,ABZL424 [Old Babylonian (~2000–1600 BCE) | School texts]; MZL872 [Standard Babylonian (any period) | Akkado-Babylonian]; SLLHA547 [Standard Babylonian (any period) | Akkado-Babylonian]
U+12047,|ŠU₂.3×AN|,|BAR.3×AN|,1,𒁇,𒁇𒀯,U+12047; U+1202F,ABZL424 [Old Babylonian (~2000–1600 BCE) | School texts]; MZL872 [Standard Babylonian (any period) | Akkado-Babylonian]; SLLHA547 [Standard Babylonian (any period) | Akkado-Babylonian]
U+1202F,|ŠU₂.3×AN|,|BAR.3×AN|,2,𒀯,𒁇𒀯,U+12047; U+1202F,ABZL424 [Old Babylonian (~2000–1600 BCE) | School texts]; MZL872 [Standard Babylonian (any period) | Akkado-Babylonian]; SLLHA547 [Standard Babylonian (any period) | Akkado-Babylonian]
U+1202D,|ŠU₂.AN.HI×GAD|,|AN.HI×GAD|,1,𒀭,𒀭𒄲,U+1202D; U+12132,LAK357 [Uruk IV–III (~3400–3000 BCE) | Archaic / Uruk]; ABZL423^a [Old Babylonian (~2000–1600 BCE) | School texts]; KWU510 [Ur III (~2112–2004 BCE) | Administrative]; MZL871 [Standard Babylonian (any period) | Akkado-Babylonian]; SLLHA546_6 [Standard Babylonian (any period) | Akkado-Babylonian]
U+12132,|ŠU₂.AN.HI×GAD|,|AN.HI×GAD|,2,𒄲,𒀭𒄲,U+1202D; U+12132,LAK357 [Uruk IV–III (~3400–3000 BCE) | Archaic / Uruk]; ABZL423^a [Old Babylonian (~2000–1600 BCE) | School texts]; KWU510 [Ur III (~2112–2004 BCE) | Administrative]; MZL871 [Standard Babylonian (any period) | Akkado-Babylonian]; SLLHA546_6 [Standard Babylonian (any period) | Akkado-Babylonian]
U+122D9,|ŠU₂.AN.HI×GAD|,|ŠU₂.AN|,1,𒋙,𒋙𒀭,U+122D9; U+1202D,LAK356 [Uruk IV–III (~3400–3000 BCE) | Archaic / Uruk]; LAK357 [Uruk IV–III (~3400–3000 BCE) | Archaic / Uruk]; ABZL423^a [Old Babylonian (~2000–1600 BCE) | School texts]; KWU510 [Ur III (~2112–2004 BCE) | Administrative]; MZL871 [Standard Babylonian (any period) | Akkado-Babylonian]; SLLHA546_6 [Standard Babylonian (any period) | Akkado-Babylonian]
U+1202D,|ŠU₂.AN.HI×GAD|,|ŠU₂.AN|,2,𒀭,𒋙𒀭,U+122D9; U+1202D,LAK356 [Uruk IV–III (~3400–3000 BCE) | Archaic / Uruk]; LAK357 [Uruk IV–III (~3400–3000 BCE) | Archaic / Uruk]; ABZL423^a [Old Babylonian (~2000–1600 BCE) | School texts]; KWU510 [Ur III (~2112–2004 BCE) | Administrative]; MZL871 [Standard Babylonian (any period) | Akkado-Babylonian]; SLLHA546_6 [Standard Babylonian (any period) | Akkado-Babylonian]
U+122D9,|ŠU₂.AN.HI×GAD|,|ŠU₂.AN.HI.GAD|,1,𒋙,𒋙𒀭𒄭𒃰,U+122D9; U+1202D; U+1212D; U+120F0,LAK357 [Uruk IV–III (~3400–3000 BCE) | Archaic / Uruk]; ABZL423^a [Old Babylonian (~2000–1600 BCE) | School texts]; KWU510 [Ur III (~2112–2004 BCE) | Administrative]; MZL871 [Standard Babylonian (any period) | Akkado-Babylonian]; SLLHA546_6 [Standard Babylonian (any period) | Akkado-Babylonian]
U+1202D,|ŠU₂.AN.HI×GAD|,|ŠU₂.AN.HI.GAD|,2,𒀭,𒋙𒀭𒄭𒃰,U+122D9; U+1202D; U+1212D; U+120F0,LAK357 [Uruk IV–III (~3400–3000 BCE) | Archaic / Uruk]; ABZL423^a [Old Babylonian (~2000–1600 BCE) | School texts]; KWU510 [Ur III (~2112–2004 BCE) | Administrative]; MZL871 [Standard Babylonian (any period) | Akkado-Babylonian]; SLLHA546_6 [Standard Babylonian (any period) | Akkado-Babylonian]
U+1212D,|ŠU₂.AN.HI×GAD|,|ŠU₂.AN.HI.GAD|,3,𒄭,𒋙𒀭𒄭𒃰,U+122D9; U+1202D; U+1212D; U+120F0,LAK357 [Uruk IV–III (~3400–3000 BCE) | Archaic / Uruk]; ABZL423^a [Old Babylonian (~2000–1600 BCE) | School texts]; KWU510 [Ur III (~2112–2004 BCE) | Administrative]; MZL871 [Standard Babylonian (any period) | Akkado-Babylonian]; SLLHA546_6 [Standard Babylonian (any period) | Akkado-Babylonian]
U+120F0,|ŠU₂.AN.HI×GAD|,|ŠU₂.AN.HI.GAD|,4,𒃰,𒋙𒀭𒄭𒃰,U+122D9; U+1202D; U+1212D; U+120F0,LAK357 [Uruk IV–III (~3400–3000 BCE) | Archaic / Uruk]; ABZL423^a [Old Babylonian (~2000–1600 BCE) | School texts]; KWU510 [Ur III (~2112–2004 BCE) | Administrative]; MZL871 [Standard Babylonian (any period) | Akkado-Babylonian]; SLLHA546_6 [Standard Babylonian (any period) | Akkado-Babylonian]
U+122D9,|ŠU₂.AN.HI×GAD|,|ŠU₂.AN.HI×AŠ₂|,1,𒋙,𒋙𒀭𒄯,U+122D9; U+1202D; U+1212F,ABZL423 [Old Babylonian (~2000–1600 BCE) | School texts]; LAK357 [Uruk IV–III (~3400–3000 BCE) | Archaic / Uruk]; ABZL423^a [Old Babylonian (~2000–1600 BCE) | School texts]; KWU510 [Ur III (~2112–2004 BCE) | Administrative]; MZL871 [Standard Babylonian (any period) | Akkado-Babylonian]; SLLHA546_6 [Standard Babylonian (any period) | Akkado-Babylonian]
U+1202D,|ŠU₂.AN.HI×GAD|,|ŠU₂.AN.HI×AŠ₂|,2,𒀭,𒋙𒀭𒄯,U+122D9; U+1202D; U+1212F,ABZL423 [Old Babylonian (~2000–1600 BCE) | School texts]; LAK357 [Uruk IV–III (~3400–3000 BCE) | Archaic / Uruk]; ABZL423^a [Old Babylonian (~2000–1600 BCE) | School texts]; KWU510 [Ur III (~2112–2004 BCE) | Administrative]; MZL871 [Standard Babylonian (any period) | Akkado-Babylonian]; SLLHA546_6 [Standard Babylonian (any period) | Akkado-Babylonian]
U+1212F,|ŠU₂.AN.HI×GAD|,|ŠU₂.AN.HI×AŠ₂|,3,𒄯,𒋙𒀭𒄯,U+122D9; U+1202D; U+1212F,ABZL423 [Old Babylonian (~2000–1600 BCE) | School texts]; LAK357 [Uruk IV–III (~3400–3000 BCE) | Archaic / Uruk]; ABZL423^a [Old Babylonian (~2000–1600 BCE) | School texts]; KWU510 [Ur III (~2112–2004 BCE) | Administrative]; MZL871 [Standard Babylonian (any period) | Akkado-Babylonian]; SLLHA546_6 [Standard Babylonian (any period) | Akkado-Babylonian]
U+122D9,|ŠU₂.AN.HI×GAD|,|ŠU₂.AN.HI×KAK|,1,𒋙,𒋙𒀭X,U+122D9; U+1202D; X,BAU167 [Early Dynastic (~2900–2340 BCE) | Lagash]; LAK357 [Uruk IV–III (~3400–3000 BCE) | Archaic / Uruk]; ABZL423^a [Old Babylonian (~2000–1600 BCE) | School texts]; KWU510 [Ur III (~2112–2004 BCE) | Administrative]; MZL871 [Standard Babylonian (any period) | Akkado-Babylonian]; SLLHA546_6 [Standard Babylonian (any period) | Akkado-Babylonian]
U+1202D,|ŠU₂.AN.HI×GAD|,|ŠU₂.AN.HI×KAK|,2,𒀭,𒋙𒀭X,U+122D9; U+1202D; X,BAU167 [Early Dynastic (~2900–2340 BCE) | Lagash]; LAK357 [Uruk IV–III (~3400–3000 BCE) | Archaic / Uruk]; ABZL423^a [Old Babylonian (~2000–1600 BCE) | School texts]; KWU510 [Ur III (~2112–2004 BCE) | Administrative]; MZL871 [Standard Babylonian (any period) | Akkado-Babylonian]; SLLHA546_6 [Standard Babylonian (any period) | Akkado-Babylonian]
X,|ŠU₂.AN.HI×GAD|,|ŠU₂.AN.HI×KAK|,3,,𒋙𒀭X,U+122D9; U+1202D; X,BAU167 [Early Dynastic (~2900–2340 BCE) | Lagash]; LAK357 [Uruk IV–III (~3400–3000 BCE) | Archaic / Uruk]; ABZL423^a [Old Babylonian (~2000–1600 BCE) | School texts]; KWU510 [Ur III (~2112–2004 BCE) | Administrative]; MZL871 [Standard Babylonian (any period) | Akkado-Babylonian]; SLLHA546_6 [Standard Babylonian (any period) | Akkado-Babylonian]
U+122D9,|ŠU₂.AN.HI×GAD|,|ŠU₂.HI.AN|,1,𒋙,𒋙𒄭𒀭,U+122D9; U+1212D; U+1202D,LAK357 [Uruk IV–III (~3400–3000 BCE) | Archaic / Uruk]; ABZL423^a [Old Babylonian (~2000–1600 BCE) | School texts]; KWU510 [Ur III (~2112–2004 BCE) | Administrative]; MZL871 [Standard Babylonian (any period) | Akkado-Babylonian]; SLLHA546_6 [Standard Babylonian (any period) | Akkado-Babylonian]
U+1212D,|ŠU₂.AN.HI×GAD|,|ŠU₂.HI.AN|,2,𒄭,𒋙𒄭𒀭,U+122D9; U+1212D; U+1202D,LAK357 [Uruk IV–III (~3400–3000 BCE) | Archaic / Uruk]; ABZL423^a [Old Babylonian (~2000–1600 BCE) | School texts]; KWU510 [Ur III (~2112–2004 BCE) | Administrative]; MZL871 [Standard Babylonian (any period) | Akkado-Babylonian]; SLLHA546_6 [Standard Babylonian (any period) | Akkado-Babylonian]
U+1202D,|ŠU₂.AN.HI×GAD|,|ŠU₂.HI.AN|,3,𒀭,𒋙𒄭𒀭,U+122D9; U+1212D; U+1202D,LAK357 [Uruk IV–III (~3400–3000 BCE) | Archaic / Uruk]; ABZL423^a [Old Babylonian (~2000–1600 BCE) | School texts]; KWU510 [Ur III (~2112–2004 BCE) | Administrative]; MZL871 [Standard Babylonian (any period) | Akkado-Babylonian]; SLLHA546_6 [Standard Babylonian (any period) | Akkado-Babylonian]
U+1230B,|ŠU₂.AN.HI×GAD|,|U.AN.HI×GAD|,1,𒌋,𒌋𒀭𒄲,U+1230B; U+1202D; U+12132,RSP018 [Early Dynastic (~2900–2340 BCE) | Presargonic Lagash]; LAK357 [Uruk IV–III (~3400–3000 BCE) | Archaic / Uruk]; ABZL423^a [Old Babylonian (~2000–1600 BCE) | School texts]; KWU510 [Ur III (~2112–2004 BCE) | Administrative]; MZL871 [Standard Babylonian (any period) | Akkado-Babylonian]; SLLHA546_6 [Standard Babylonian (any period) | Akkado-Babylonian]
U+1202D,|ŠU₂.AN.HI×GAD|,|U.AN.HI×GAD|,2,𒀭,𒌋𒀭𒄲,U+1230B; U+1202D; U+12132,RSP018 [Early Dynastic (~2900–2340 BCE) | Presargonic Lagash]; LAK357 [Uruk IV–III (~3400–3000 BCE) | Archaic / Uruk]; ABZL423^a [Old Babylonian (~2000–1600 BCE) | School texts]; KWU510 [Ur III (~2112–2004 BCE) | Administrative]; MZL871 [Standard Babylonian (any period) | Akkado-Babylonian]; SLLHA546_6 [Standard Babylonian (any period) | Akkado-Babylonian]
U+12132,|ŠU₂.AN.HI×GAD|,|U.AN.HI×GAD|,3,𒄲,𒌋𒀭𒄲,U+1230B; U+1202D; U+12132,RSP018 [Early Dynastic (~2900–2340 BCE) | Presargonic Lagash]; LAK357 [Uruk IV–III (~3400–3000 BCE) | Archaic / Uruk]; ABZL423^a [Old Babylonian (~2000–1600 BCE) | School texts]; KWU510 [Ur III (~2112–2004 BCE) | Administrative]; MZL871 [Standard Babylonian (any period) | Akkado-Babylonian]; SLLHA546_6 [Standard Babylonian (any period) | Akkado-Babylonian]
U+122D9,|ŠU₂.AŠ₂|,|ŠU₂.ZIB|,1,𒋙,𒋙𒍦,U+122D9; U+12366,ABZL427 [Old Babylonian (~2000–1600 BCE) | School texts]; MZL875 [Standard Babylonian (any period) | Akkado-Babylonian]; SLLHA548 [Standard Babylonian (any period) | Akkado-Babylonian]
U+12366,|ŠU₂.AŠ₂|,|ŠU₂.ZIB|,2,𒍦,𒋙𒍦,U+122D9; U+12366,ABZL427 [Old Babylonian (~2000–1600 BCE) | School texts]; MZL875 [Standard Babylonian (any period) | Akkado-Babylonian]; SLLHA548 [Standard Babylonian (any period) | Akkado-Babylonian]
U+122D9,ŠUŠANA,|ŠU₂.ŠA|,1,𒋙,𒋙𒊭,U+122D9; U+122AD,ABZL439 [Old Babylonian (~2000–1600 BCE) | School texts]; HZL048 [Hittite period (~1650–1180 BCE) | Hittite]; MZL826 [Standard Babylonian (any period) | Akkado-Babylonian]; SLLHA571 [Standard Babylonian (any period) | Akkado-Babylonian]
U+122AD,ŠUŠANA,|ŠU₂.ŠA|,2,𒊭,𒋙𒊭,U+122D9; U+122AD,ABZL439 [Old Babylonian (~2000–1600 BCE) | School texts]; HZL048 [Hittite period (~1650–1180 BCE) | Hittite]; MZL826 [Standard Babylonian (any period) | Akkado-Babylonian]; SLLHA571 [Standard Babylonian (any period) | Akkado-Babylonian]
U+12263,|TAG.NUN|,|NUN.TAG|,1,𒉣,𒉣𒋳,U+12263; U+122F3,
U+122F3,|TAG.NUN|,|NUN.TAG|,2,𒋳,𒉣𒋳,U+12263; U+122F3,
U+122F3,|TAG.TUG₂|,|TAG.LU|,1,𒋳,𒋳𒇻,U+122F3; U+121FB,
U+121FB,|TAG.TUG₂|,|TAG.LU|,2,𒇻,𒋳𒇻,U+122F3; U+121FB,
U+122D7,|TAG×ŠU|,|ŠU.TAG|,1,𒋗,𒋗𒋳,U+122D7; U+122F3,ABZL122 [Old Babylonian (~2000–1600 BCE) | School texts]; HZL091 [Hittite period (~1650–1180 BCE) | Hittite]; SLLHA126cv [Standard Babylonian (any period) | Akkado-Babylonian]
U+122F3,|TAG×ŠU|,|ŠU.TAG|,2,𒋳,𒋗𒋳,U+122D7; U+122F3,ABZL122 [Old Babylonian (~2000–1600 BCE) | School texts]; HZL091 [Hittite period (~1650–1180 BCE) | Hittite]; SLLHA126cv [Standard Babylonian (any period) | Akkado-Babylonian]
U+122F3,|TAG×ŠU|,|TAG.ŠU|,1,𒋳,𒋳𒋗,U+122F3; U+122D7,ABZL122 [Old Babylonian (~2000–1600 BCE) | School texts]; HZL091 [Hittite period (~1650–1180 BCE) | Hittite]; SLLHA126cv [Standard Babylonian (any period) | Akkado-Babylonian]
U+122D7,|TAG×ŠU|,|TAG.ŠU|,2,𒋗,𒋳𒋗,U+122F3; U+122D7,ABZL122 [Old Babylonian (~2000–1600 BCE) | School texts]; HZL091 [Hittite period (~1650–1180 BCE) | Hittite]; SLLHA126cv [Standard Babylonian (any period) | Akkado-Babylonian]
U+122C6,|TAG×TUG₂|,|ŠIM.TUG₂|,1,𒋆,𒋆𒌆,U+122C6; U+12306,ABZL122 [Old Babylonian (~2000–1600 BCE) | School texts]; HZL091 [Hittite period (~1650–1180 BCE) | Hittite]; SLLHA126fv [Standard Babylonian (any period) | Akkado-Babylonian]
U+12306,|TAG×TUG₂|,|ŠIM.TUG₂|,2,𒌆,𒋆𒌆,U+122C6; U+12306,ABZL122 [Old Babylonian (~2000–1600 BCE) | School texts]; HZL091 [Hittite period (~1650–1180 BCE) | Hittite]; SLLHA126fv [Standard Babylonian (any period) | Akkado-Babylonian]
U+12306,|TAG×TUG₂|,|TUG₂.TAG|,1,𒌆,𒌆𒋳,U+12306; U+122F3,ABZL122 [Old Babylonian (~2000–1600 BCE) | School texts]; HZL091 [Hittite period (~1650–1180 BCE) | Hittite]; SLLHA126fv [Standard Babylonian (any period) | Akkado-Babylonian]
U+122F3,|TAG×TUG₂|,|TUG₂.TAG|,2,𒋳,𒌆𒋳,U+12306; U+122F3,ABZL122 [Old Babylonian (~2000–1600 BCE) | School texts]; HZL091 [Hittite period (~1650–1180 BCE) | Hittite]; SLLHA126fv [Standard Babylonian (any period) | Akkado-Babylonian]
U+122F3,|TAG×UD|,|TAG.UD|,1,𒋳,𒋳𒌓,U+122F3; U+12313,ABZL122 [Old Babylonian (~2000–1600 BCE) | School texts]; HZL091 [Hittite period (~1650–1180 BCE) | Hittite]; SLLHA126dv [Standard Babylonian (any period) | Akkado-Babylonian]
U+12313,|TAG×UD|,|TAG.UD|,2,𒌓,𒋳𒌓,U+122F3; U+12313,ABZL122 [Old Babylonian (~2000–1600 BCE) | School texts]; HZL091 [Hittite period (~1650–1180 BCE) | Hittite]; SLLHA126dv [Standard Babylonian (any period) | Akkado-Babylonian]
U+1200A,|TE.AB|,|AB.TE|,1,𒀊,𒀊𒋼,U+1200A; U+122FC,KWU497 [Ur III (~2112–2004 BCE) | Administrative]
U+122FC,|TE.AB|,|AB.TE|,2,𒋼,𒀊𒋼,U+1200A; U+122FC,KWU497 [Ur III (~2112–2004 BCE) | Administrative]
U+12309,|TUR&TUR.ZA&ZA|,|TUR.ZA|,1,𒌉,𒌉𒍝,U+12309; U+1235D,MZL257 [Standard Babylonian (any period) | Akkado-Babylonian]; SLLHA144f [Standard Babylonian (any period) | Akkado-Babylonian]
U+1235D,|TUR&TUR.ZA&ZA|,|TUR.ZA|,2,𒍝,𒌉𒍝,U+12309; U+1235D,MZL257 [Standard Babylonian (any period) | Akkado-Babylonian]; SLLHA144f [Standard Babylonian (any period) | Akkado-Babylonian]
U+1230A,|TUR&TUR.ZA&ZA|,|TUR&TUR.ZA&ZA.NA|,1,𒌊,𒌊𒈾,U+1230A; U+1223E,MZL257 [Standard Babylonian (any period) | Akkado-Babylonian]; SLLHA144f [Standard Babylonian (any period) | Akkado-Babylonian]
U+1223E,|TUR&TUR.ZA&ZA|,|TUR&TUR.ZA&ZA.NA|,2,𒈾,𒌊𒈾,U+1230A; U+1223E,MZL257 [Standard Babylonian (any period) | Akkado-Babylonian]; SLLHA144f [Standard Babylonian (any period) | Akkado-Babylonian]
U+122D9,|U.AD|,|ŠU₂.AD|,1,𒋙,𒋙𒀜,U+122D9; U+1201C,LAK414 [Uruk IV–III (~3400–3000 BCE) | Archaic / Uruk]; ABZL342 [Old Babylonian (~2000–1600 BCE) | School texts]; BAU181 [Early Dynastic (~2900–2340 BCE) | Lagash]; GCSL206 [Gudea period (~2100 BCE) | Lagash / Girsu]; HZL266 [Hittite period (~1650–1180 BCE) | Hittite]; KWU545 [Ur III (~2112–2004 BCE) | Administrative]; MZL683 [Standard Babylonian (any period) | Akkado-Babylonian]; RSP015 [Early Dynastic (~2900–2340 BCE) | Presargonic Lagash]; SLLHA430 [Standard Babylonian (any period) | Akkado-Babylonian]
U+1201C,|U.AD|,|ŠU₂.AD|,2,𒀜,𒋙𒀜,U+122D9; U+1201C,LAK414 [Uruk IV–III (~3400–3000 BCE) | Archaic / Uruk]; ABZL342 [Old Babylonian (~2000–1600 BCE) | School texts]; BAU181 [Early Dynastic (~2900–2340 BCE) | Lagash]; GCSL206 [Gudea period (~2100 BCE) | Lagash / Girsu]; HZL266 [Hittite period (~1650–1180 BCE) | Hittite]; KWU545 [Ur III (~2112–2004 BCE) | Administrative]; MZL683 [Standard Babylonian (any period) | Akkado-Babylonian]; RSP015 [Early Dynastic (~2900–2340 BCE) | Presargonic Lagash]; SLLHA430 [Standard Babylonian (any period) | Akkado-Babylonian]
U+12079,|U.DAR|,|DIŠ.DAR|,1,𒁹,𒁹𒁯,U+12079; U+1206F,HZL263 [Hittite period (~1650–1180 BCE) | Hittite]; MZL670 [Standard Babylonian (any period) | Akkado-Babylonian]; SLLHA418 [Standard Babylonian (any period) | Akkado-Babylonian]
U+1206F,|U.DAR|,|DIŠ.DAR|,2,𒁯,𒁹𒁯,U+12079; U+1206F,HZL263 [Hittite period (~1650–1180 BCE) | Hittite]; MZL670 [Standard Babylonian (any period) | Akkado-Babylonian]; SLLHA418 [Standard Babylonian (any period) | Akkado-Babylonian]
U+12039,|U.DAR|,|AŠ@t.DAR|,1,𒀹,𒀹𒁯,U+12039; U+1206F,LAK179 [Uruk IV–III (~3400–3000 BCE) | Archaic / Uruk]; RSP011 [Early Dynastic (~2900–2340 BCE) | Presargonic Lagash]; HZL263 [Hittite period (~1650–1180 BCE) | Hittite]; MZL670 [Standard Babylonian (any period) | Akkado-Babylonian]; SLLHA418 [Standard Babylonian (any period) | Akkado-Babylonian]
U+1206F,|U.DAR|,|AŠ@t.DAR|,2,𒁯,𒀹𒁯,U+12039; U+1206F,LAK179 [Uruk IV–III (~3400–3000 BCE) | Archaic / Uruk]; RSP011 [Early Dynastic (~2900–2340 BCE) | Presargonic Lagash]; HZL263 [Hittite period (~1650–1180 BCE) | Hittite]; MZL670 [Standard Babylonian (any period) | Akkado-Babylonian]; SLLHA418 [Standard Babylonian (any period) | Akkado-Babylonian]
U+1230B,|U.EDIN|,|U.BAHAR₂|,1,𒌋,𒌋𒁃,U+1230B; U+12043,
U+12043,|U.EDIN|,|U.BAHAR₂|,2,𒁃,𒌋𒁃,U+1230B; U+12043,
U+1230B,|U.GAN|,|U.GAN@s|,1,𒌋,𒌋X,U+1230B; X,LAK407^a [Uruk IV–III (~3400–3000 BCE) | Archaic / Uruk]; ABZL345 [Old Babylonian (~2000–1600 BCE) | School texts]; BAU279 [Early Dynastic (~2900–2340 BCE) | Lagash]; HZL270 [Hittite period (~1650–1180 BCE) | Hittite]; KWU547 [Ur III (~2112–2004 BCE) | Administrative]; MZL684 [Standard Babylonian (any period) | Akkado-Babylonian]; RSP016 [Early Dynastic (~2900–2340 BCE) | Presargonic Lagash]; SLLHA428 [Standard Babylonian (any period) | Akkado-Babylonian]
X,|U.GAN|,|U.GAN@s|,2,,𒌋X,U+1230B; X,LAK407^a [Uruk IV–III (~3400–3000 BCE) | Archaic / Uruk]; ABZL345 [Old Babylonian (~2000–1600 BCE) | School texts]; BAU279 [Early Dynastic (~2900–2340 BCE) | Lagash]; HZL270 [Hittite period (~1650–1180 BCE) | Hittite]; KWU547 [Ur III (~2112–2004 BCE) | Administrative]; MZL684 [Standard Babylonian (any period) | Akkado-Babylonian]; RSP016 [Early Dynastic (~2900–2340 BCE) | Presargonic Lagash]; SLLHA428 [Standard Babylonian (any period) | Akkado-Babylonian]
U+122D9,|U.GUD|,|ŠU₂.GUD|,1,𒋙,𒋙𒄞,U+122D9; U+1211E,LAK299 [Uruk IV–III (~3400–3000 BCE) | Archaic / Uruk]; LAK300 [Uruk IV–III (~3400–3000 BCE) | Archaic / Uruk]; ASY258 [Standard Babylonian (any period) | Akkadian syllabary]; ABZL344 [Old Babylonian (~2000–1600 BCE) | School texts]; BAU221 [Early Dynastic (~2900–2340 BCE) | Lagash]; ELLES173 [Early Dynastic (~2900–2340 BCE) | Ebla]; GCSL199 [Gudea period (~2100 BCE) | Lagash / Girsu]; HZL275 [Hittite period (~1650–1180 BCE) | Hittite]; KWU502 [Ur III (~2112–2004 BCE) | Administrative]; MZL698 [Standard Babylonian (any period) | Akkado-Babylonian]; PTACE150 [Early Dynastic (~2900–2340 BCE) | Ebla]; RSP012 [Early Dynastic (~2900–2340 BCE) | Presargonic Lagash]; SLLHA441 [Standard Babylonian (any period) | Akkado-Babylonian]; SYA226 [Standard Babylonian (any period) | Akkadian syllabary]
U+1211E,|U.GUD|,|ŠU₂.GUD|,2,𒄞,𒋙𒄞,U+122D9; U+1211E,LAK299 [Uruk IV–III (~3400–3000 BCE) | Archaic / Uruk]; LAK300 [Uruk IV–III (~3400–3000 BCE) | Archaic / Uruk]; ASY258 [Standard Babylonian (any period) | Akkadian syllabary]; ABZL344 [Old Babylonian (~2000–1600 BCE) | School texts]; BAU221 [Early Dynastic (~2900–2340 BCE) | Lagash]; ELLES173 [Early Dynastic (~2900–2340 BCE) | Ebla]; GCSL199 [Gudea period (~2100 BCE) | Lagash / Girsu]; HZL275 [Hittite period (~1650–1180 BCE) | Hittite]; KWU502 [Ur III (~2112–2004 BCE) | Administrative]; MZL698 [Standard Babylonian (any period) | Akkado-Babylonian]; PTACE150 [Early Dynastic (~2900–2340 BCE) | Ebla]; RSP012 [Early Dynastic (~2900–2340 BCE) | Presargonic Lagash]; SLLHA441 [Standard Babylonian (any period) | Akkado-Babylonian]; SYA226 [Standard Babylonian (any period) | Akkadian syllabary]
U+1230B,|U.KA|,|U.SAG×PAP|,1,𒌋,𒌋X,U+1230B; X,LAK413 [Uruk IV–III (~3400–3000 BCE) | Archaic / Uruk]; ASY243 [Standard Babylonian (any period) | Akkadian syllabary]; ABZL358 [Old Babylonian (~2000–1600 BCE) | School texts]; HZL272 [Hittite period (~1650–1180 BCE) | Hittite]; KWU514 [Ur III (~2112–2004 BCE) | Administrative]; MZL663 [Standard Babylonian (any period) | Akkado-Babylonian]; RSP013 [Early Dynastic (~2900–2340 BCE) | Presargonic Lagash]; SLLHA412 [Standard Babylonian (any period) | Akkado-Babylonian]; SYA214 [Standard Babylonian (any period) | Akkadian syllabary]
X,|U.KA|,|U.SAG×PAP|,2,,𒌋X,U+1230B; X,LAK413 [Uruk IV–III (~3400–3000 BCE) | Archaic / Uruk]; ASY243 [Standard Babylonian (any period) | Akkadian syllabary]; ABZL358 [Old Babylonian (~2000–1600 BCE) | School texts]; HZL272 [Hittite period (~1650–1180 BCE) | Hittite]; KWU514 [Ur III (~2112–2004 BCE) | Administrative]; MZL663 [Standard Babylonian (any period) | Akkado-Babylonian]; RSP013 [Early Dynastic (~2900–2340 BCE) | Presargonic Lagash]; SLLHA412 [Standard Babylonian (any period) | Akkado-Babylonian]; SYA214 [Standard Babylonian (any period) | Akkadian syllabary]
U+1230B,|U.KID|,|U.GA₂|,1,𒌋,𒌋𒂷,U+1230B; U+120B7,ABZL346 [Old Babylonian (~2000–1600 BCE) | School texts]; MZL699 [Standard Babylonian (any period) | Akkado-Babylonian]; SLLHA442 [Standard Babylonian (any period) | Akkado-Babylonian]
U+120B7,|U.KID|,|U.GA₂|,2,𒂷,𒌋𒂷,U+1230B; U+120B7,ABZL346 [Old Babylonian (~2000–1600 BCE) | School texts]; MZL699 [Standard Babylonian (any period) | Akkado-Babylonian]; SLLHA442 [Standard Babylonian (any period) | Akkado-Babylonian]
U+1230B,|U.MU|,|U.KUL|,1,𒌋,𒌋𒆰,U+1230B; U+121B0,ABZL340 [Old Babylonian (~2000–1600 BCE) | School texts]; HZL264 [Hittite period (~1650–1180 BCE) | Hittite]; MZL665 [Standard Babylonian (any period) | Akkado-Babylonian]; SLLHA415 [Standard Babylonian (any period) | Akkado-Babylonian]
U+121B0,|U.MU|,|U.KUL|,2,𒆰,𒌋𒆰,U+1230B; U+121B0,ABZL340 [Old Babylonian (~2000–1600 BCE) | School texts]; HZL264 [Hittite period (~1650–1180 BCE) | Hittite]; MZL665 [Standard Babylonian (any period) | Akkado-Babylonian]; SLLHA415 [Standard Babylonian (any period) | Akkado-Babylonian]
U+12295,|U.SAG|,|SAG.ŠU₂|,1,𒊕,𒊕𒋙,U+12295; U+122D9,LAK316 [Uruk IV–III (~3400–3000 BCE) | Archaic / Uruk]; ABZL357 [Old Babylonian (~2000–1600 BCE) | School texts]; BAU179 [Early Dynastic (~2900–2340 BCE) | Lagash]; ELLES180 [Early Dynastic (~2900–2340 BCE) | Ebla]; KWU513 [Ur III (~2112–2004 BCE) | Administrative]; MZL671 [Standard Babylonian (any period) | Akkado-Babylonian]; PTACE156 [Early Dynastic (~2900–2340 BCE) | Ebla]; SLLHA419 [Standard Babylonian (any period) | Akkado-Babylonian]
U+122D9,|U.SAG|,|SAG.ŠU₂|,2,𒋙,𒊕𒋙,U+12295; U+122D9,LAK316 [Uruk IV–III (~3400–3000 BCE) | Archaic / Uruk]; ABZL357 [Old Babylonian (~2000–1600 BCE) | School texts]; BAU179 [Early Dynastic (~2900–2340 BCE) | Lagash]; ELLES180 [Early Dynastic (~2900–2340 BCE) | Ebla]; KWU513 [Ur III (~2112–2004 BCE) | Administrative]; MZL671 [Standard Babylonian (any period) | Akkado-Babylonian]; PTACE156 [Early Dynastic (~2900–2340 BCE) | Ebla]; SLLHA419 [Standard Babylonian (any period) | Akkado-Babylonian]
U+12295,|U.SAG|,|SAG.U|,1,𒊕,𒊕𒌋,U+12295; U+1230B,LAK316 [Uruk IV–III (~3400–3000 BCE) | Archaic / Uruk]; ABZL357 [Old Babylonian (~2000–1600 BCE) | School texts]; BAU179 [Early Dynastic (~2900–2340 BCE) | Lagash]; ELLES180 [Early Dynastic (~2900–2340 BCE) | Ebla]; KWU513 [Ur III (~2112–2004 BCE) | Administrative]; MZL671 [Standard Babylonian (any period) | Akkado-Babylonian]; PTACE156 [Early Dynastic (~2900–2340 BCE) | Ebla]; SLLHA419 [Standard Babylonian (any period) | Akkado-Babylonian]
U+1230B,|U.SAG|,|SAG.U|,2,𒌋,𒊕𒌋,U+12295; U+1230B,LAK316 [Uruk IV–III (~3400–3000 BCE) | Archaic / Uruk]; ABZL357 [Old Babylonian (~2000–1600 BCE) | School texts]; BAU179 [Early Dynastic (~2900–2340 BCE) | Lagash]; ELLES180 [Early Dynastic (~2900–2340 BCE) | Ebla]; KWU513 [Ur III (~2112–2004 BCE) | Administrative]; MZL671 [Standard Babylonian (any period) | Akkado-Babylonian]; PTACE156 [Early Dynastic (~2900–2340 BCE) | Ebla]; SLLHA419 [Standard Babylonian (any period) | Akkado-Babylonian]
U+12311,|U₂.GIR₂@g|,|U₂.GIR₂|,1,𒌑,𒌑𒄈,U+12311; U+12108,
U+12108,|U₂.GIR₂@g|,|U₂.GIR₂|,2,𒄈,𒌑𒄈,U+12311; U+12108,
U+12157,|U₂.KA|,|KA.U₂|,1,𒅗,𒅗𒌑,U+12157; U+12311,
U+12311,|U₂.KA|,|KA.U₂|,2,𒌑,𒅗𒌑,U+12157; U+12311,
U+12311,|U₂.KI.SUM.GA|,|U₂.KI.SUM|,1,𒌑,𒌑𒆠𒋧,U+12311; U+121A0; U+122E7,
U+121A0,|U₂.KI.SUM.GA|,|U₂.KI.SUM|,2,𒆠,𒌑𒆠𒋧,U+12311; U+121A0; U+122E7,
U+122E7,|U₂.KI.SUM.GA|,|U₂.KI.SUM|,3,𒋧,𒌑𒆠𒋧,U+12311; U+121A0; U+122E7,
U+12311,|U₂.KUR.NI.TUK.KI|,|U₂.KUR.SAL.TUK|,1,𒌑,𒌑𒆳𒊩𒌇,U+12311; U+121B3; U+122A9; U+12307,
U+121B3,|U₂.KUR.NI.TUK.KI|,|U₂.KUR.SAL.TUK|,2,𒆳,𒌑𒆳𒊩𒌇,U+12311; U+121B3; U+122A9; U+12307,
U+122A9,|U₂.KUR.NI.TUK.KI|,|U₂.KUR.SAL.TUK|,3,𒊩,𒌑𒆳𒊩𒌇,U+12311; U+121B3; U+122A9; U+12307,
U+12307,|U₂.KUR.NI.TUK.KI|,|U₂.KUR.SAL.TUK|,4,𒌇,𒌑𒆳𒊩𒌇,U+12311; U+121B3; U+122A9; U+12307,
U+121B3,|U₂.KUR.RA|,|KUR.RA|,1,𒆳,𒆳𒊏,U+121B3; U+1228F,
U+1228F,|U₂.KUR.RA|,|KUR.RA|,2,𒊏,𒆳𒊏,U+121B3; U+1228F,
U+12311,|U₂.KUR.RA|,|U₂.KUR|,1,𒌑,𒌑𒆳,U+12311; U+121B3,
U+121B3,|U₂.KUR.RA|,|U₂.KUR|,2,𒆳,𒌑𒆳,U+12311; U+121B3,
U+121B3,|U₂.KUR.ZA.MUŠ₃@g.KI|,|KUR.MUŠ₃|,1,𒆳,𒆳𒈹,U+121B3; U+12239,
U+12239,|U₂.KUR.ZA.MUŠ₃@g.KI|,|KUR.MUŠ₃|,2,𒈹,𒆳𒈹,U+121B3; U+12239,
U+121B3,|U₂.KUR.ZA.MUŠ₃@g.KI|,|KUR.MUŠ₃@g.ZA|,1,𒆳,𒆳𒈽𒍝,U+121B3; U+1223D; U+1235D,
U+1223D,|U₂.KUR.ZA.MUŠ₃@g.KI|,|KUR.MUŠ₃@g.ZA|,2,𒈽,𒆳𒈽𒍝,U+121B3; U+1223D; U+1235D,
U+1235D,|U₂.KUR.ZA.MUŠ₃@g.KI|,|KUR.MUŠ₃@g.ZA|,3,𒍝,𒆳𒈽𒍝,U+121B3; U+1223D; U+1235D,
U+120B5,|U₂.NAGA.GA|,|GA.NAGA|,1,𒂵,𒂵𒉀,U+120B5; U+12240,
U+12240,|U₂.NAGA.GA|,|GA.NAGA|,2,𒉀,𒂵𒉀,U+120B5; U+12240,
U+12240,|U₂.NAGA.GA|,|NAGA.U₂|,1,𒉀,𒉀𒌑,U+12240; U+12311,
U+12311,|U₂.NAGA.GA|,|NAGA.U₂|,2,𒌑,𒉀𒌑,U+12240; U+12311,
U+12311,|U₂.NAGA.GA|,|U₂.NAGA|,1,𒌑,𒌑𒉀,U+12311; U+12240,
U+12240,|U₂.NAGA.GA|,|U₂.NAGA|,2,𒉀,𒌑𒉀,U+12311; U+12240,
U+12311,|U₂.NAGA.GA|,|U₂.NAGA.A|,1,𒌑,𒌑𒉀𒀀,U+12311; U+12240; U+12000,
U+12240,|U₂.NAGA.GA|,|U₂.NAGA.A|,2,𒉀,𒌑𒉀𒀀,U+12311; U+12240; U+12000,
U+12000,|U₂.NAGA.GA|,|U₂.NAGA.A|,3,𒀀,𒌑𒉀𒀀,U+12311; U+12240; U+12000,
U+1202D,|UD.AN.UD|,|AN.UD.AN.UD|,1,𒀭,𒀭𒌓𒀭𒌓,U+1202D; U+12313; U+1202D; U+12313,
U+12313,|UD.AN.UD|,|AN.UD.AN.UD|,2,𒌓,𒀭𒌓𒀭𒌓,U+1202D; U+12313; U+1202D; U+12313,
U+1202D,|UD.AN.UD|,|AN.UD.AN.UD|,3,𒀭,𒀭𒌓𒀭𒌓,U+1202D; U+12313; U+1202D; U+12313,
U+12313,|UD.AN.UD|,|AN.UD.AN.UD|,4,𒌓,𒀭𒌓𒀭𒌓,U+1202D; U+12313; U+1202D; U+12313,
U+12000,|UD.GIŠ%GIŠ.NUN|,|A.GIŠ%GIŠ.NUN|,1,𒀀,𒀀𒄒𒉣,U+12000; U+12112; U+12263,
U+12112,|UD.GIŠ%GIŠ.NUN|,|A.GIŠ%GIŠ.NUN|,2,𒄒,𒀀𒄒𒉣,U+12000; U+12112; U+12263,
U+12263,|UD.GIŠ%GIŠ.NUN|,|A.GIŠ%GIŠ.NUN|,3,𒉣,𒀀𒄒𒉣,U+12000; U+12112; U+12263,
U+12112,|UD.GIŠ%GIŠ.NUN|,|GIŠ%GIŠ.NUN|,1,𒄒,𒄒𒉣,U+12112; U+12263,
U+12263,|UD.GIŠ%GIŠ.NUN|,|GIŠ%GIŠ.NUN|,2,𒉣,𒄒𒉣,U+12112; U+12263,
U+12263,|UD.GIŠ%GIŠ.NUN|,|NUN.GIŠ%GIŠ|,1,𒉣,𒉣𒄒,U+12263; U+12112,
U+12112,|UD.GIŠ%GIŠ.NUN|,|NUN.GIŠ%GIŠ|,2,𒄒,𒉣𒄒,U+12263; U+12112,
U+12313,|UD.GIŠ%GIŠ.NUN|,|UD.AN.(GIŠ%GIŠ)@g|,1,𒌓,𒌓𒀭X,U+12313; U+1202D; X,
U+1202D,|UD.GIŠ%GIŠ.NUN|,|UD.AN.(GIŠ%GIŠ)@g|,2,𒀭,𒌓𒀭X,U+12313; U+1202D; X,
X,|UD.GIŠ%GIŠ.NUN|,|UD.AN.(GIŠ%GIŠ)@g|,3,,𒌓𒀭X,U+12313; U+1202D; X,
U+12313,|UD.GIŠ%GIŠ.NUN|,|UD.(GIŠ%GIŠ)@g.AN|,1,𒌓,𒌓X𒀭,U+12313; X; U+1202D,
X,|UD.GIŠ%GIŠ.NUN|,|UD.(GIŠ%GIŠ)@g.AN|,2,,𒌓X𒀭,U+12313; X; U+1202D,
U+1202D,|UD.GIŠ%GIŠ.NUN|,|UD.(GIŠ%GIŠ)@g.AN|,3,𒀭,𒌓X𒀭,U+12313; X; U+1202D,
U+12313,|UD.GIŠ%GIŠ.NUN|,|UD.GIŠ%GIŠ.NUN.KI|,1,𒌓,𒌓𒄒𒉣𒆠,U+12313; U+12112; U+12263; U+121A0,
U+12112,|UD.GIŠ%GIŠ.NUN|,|UD.GIŠ%GIŠ.NUN.KI|,2,𒄒,𒌓𒄒𒉣𒆠,U+12313; U+12112; U+12263; U+121A0,
U+12263,|UD.GIŠ%GIŠ.NUN|,|UD.GIŠ%GIŠ.NUN.KI|,3,𒉣,𒌓𒄒𒉣𒆠,U+12313; U+12112; U+12263; U+121A0,
U+121A0,|UD.GIŠ%GIŠ.NUN|,|UD.GIŠ%GIŠ.NUN.KI|,4,𒆠,𒌓𒄒𒉣𒆠,U+12313; U+12112; U+12263; U+121A0,
U+12313,|UD.GIŠ%GIŠ.NUN|,|UD.LAM.NUN|,1,𒌓,𒌓𒇴𒉣,U+12313; U+121F4; U+12263,
U+121F4,|UD.GIŠ%GIŠ.NUN|,|UD.LAM.NUN|,2,𒇴,𒌓𒇴𒉣,U+12313; U+121F4; U+12263,
U+12263,|UD.GIŠ%GIŠ.NUN|,|UD.LAM.NUN|,3,𒉣,𒌓𒇴𒉣,U+12313; U+121F4; U+12263,
U+12313,|UD.GIŠ%GIŠ.NUN|,|UD.NUN.GIŠ%GIŠ|,1,𒌓,𒌓𒉣𒄒,U+12313; U+12263; U+12112,
U+12263,|UD.GIŠ%GIŠ.NUN|,|UD.NUN.GIŠ%GIŠ|,2,𒉣,𒌓𒉣𒄒,U+12313; U+12263; U+12112,
U+12112,|UD.GIŠ%GIŠ.NUN|,|UD.NUN.GIŠ%GIŠ|,3,𒄒,𒌓𒉣𒄒,U+12313; U+12263; U+12112,
U+12313,|UD.HU.HI.NUN|,|UD.HI.HU.HI.NUN.NA|,1,𒌓,𒌓𒄭𒄷𒄭𒉣𒈾,U+12313; U+1212D; U+12137; U+1212D; U+12263; U+1223E,
U+1212D,|UD.HU.HI.NUN|,|UD.HI.HU.HI.NUN.NA|,2,𒄭,𒌓𒄭𒄷𒄭𒉣𒈾,U+12313; U+1212D; U+12137; U+1212D; U+12263; U+1223E,
U+12137,|UD.HU.HI.NUN|,|UD.HI.HU.HI.NUN.NA|,3,𒄷,𒌓𒄭𒄷𒄭𒉣𒈾,U+12313; U+1212D; U+12137; U+1212D; U+12263; U+1223E,
U+1212D,|UD.HU.HI.NUN|,|UD.HI.HU.HI.NUN.NA|,4,𒄭,𒌓𒄭𒄷𒄭𒉣𒈾,U+12313; U+1212D; U+12137; U+1212D; U+12263; U+1223E,
U+12263,|UD.HU.HI.NUN|,|UD.HI.HU.HI.NUN.NA|,5,𒉣,𒌓𒄭𒄷𒄭𒉣𒈾,U+12313; U+1212D; U+12137; U+1212D; U+12263; U+1223E,
U+1223E,|UD.HU.HI.NUN|,|UD.HI.HU.HI.NUN.NA|,6,𒈾,𒌓𒄭𒄷𒄭𒉣𒈾,U+12313; U+1212D; U+12137; U+1212D; U+12263; U+1223E,
U+12313,|UD.HU.HI.NUN|,|UD.HU.HI.HU.KI|,1,𒌓,𒌓𒄷𒄭𒄷𒆠,U+12313; U+12137; U+1212D; U+12137; U+121A0,
U+12137,|UD.HU.HI.NUN|,|UD.HU.HI.HU.KI|,2,𒄷,𒌓𒄷𒄭𒄷𒆠,U+12313; U+12137; U+1212D; U+12137; U+121A0,
U+1212D,|UD.HU.HI.NUN|,|UD.HU.HI.HU.KI|,3,𒄭,𒌓𒄷𒄭𒄷𒆠,U+12313; U+12137; U+1212D; U+12137; U+121A0,
U+12137,|UD.HU.HI.NUN|,|UD.HU.HI.HU.KI|,4,𒄷,𒌓𒄷𒄭𒄷𒆠,U+12313; U+12137; U+1212D; U+12137; U+121A0,
U+121A0,|UD.HU.HI.NUN|,|UD.HU.HI.HU.KI|,5,𒆠,𒌓𒄷𒄭𒄷𒆠,U+12313; U+12137; U+1212D; U+12137; U+121A0,
U+12313,|UD.HU.HI.NUN|,|UD.HU.HI.NUN.KI|,1,𒌓,𒌓𒄷𒄭𒉣𒆠,U+12313; U+12137; U+1212D; U+12263; U+121A0,
U+12137,|UD.HU.HI.NUN|,|UD.HU.HI.NUN.KI|,2,𒄷,𒌓𒄷𒄭𒉣𒆠,U+12313; U+12137; U+1212D; U+12263; U+121A0,
U+1212D,|UD.HU.HI.NUN|,|UD.HU.HI.NUN.KI|,3,𒄭,𒌓𒄷𒄭𒉣𒆠,U+12313; U+12137; U+1212D; U+12263; U+121A0,
U+12263,|UD.HU.HI.NUN|,|UD.HU.HI.NUN.KI|,4,𒉣,𒌓𒄷𒄭𒉣𒆠,U+12313; U+12137; U+1212D; U+12263; U+121A0,
U+121A0,|UD.HU.HI.NUN|,|UD.HU.HI.NUN.KI|,5,𒆠,𒌓𒄷𒄭𒉣𒆠,U+12313; U+12137; U+1212D; U+12263; U+121A0,
U+12313,|UD.HU.HI.NUN|,|UD.HU.HI.NUN.NA|,1,𒌓,𒌓𒄷𒄭𒉣𒈾,U+12313; U+12137; U+1212D; U+12263; U+1223E,
U+12137,|UD.HU.HI.NUN|,|UD.HU.HI.NUN.NA|,2,𒄷,𒌓𒄷𒄭𒉣𒈾,U+12313; U+12137; U+1212D; U+12263; U+1223E,
U+1212D,|UD.HU.HI.NUN|,|UD.HU.HI.NUN.NA|,3,𒄭,𒌓𒄷𒄭𒉣𒈾,U+12313; U+12137; U+1212D; U+12263; U+1223E,
U+12263,|UD.HU.HI.NUN|,|UD.HU.HI.NUN.NA|,4,𒉣,𒌓𒄷𒄭𒉣𒈾,U+12313; U+12137; U+1212D; U+12263; U+1223E,
U+1223E,|UD.HU.HI.NUN|,|UD.HU.HI.NUN.NA|,5,𒈾,𒌓𒄷𒄭𒉣𒈾,U+12313; U+12137; U+1212D; U+12263; U+1223E,
U+12313,|UD.HU.HI.NUN|,|UD.HU.HI.NUN.NA.KI|,1,𒌓,𒌓𒄷𒄭𒉣𒈾𒆠,U+12313; U+12137; U+1212D; U+12263; U+1223E; U+121A0,
U+12137,|UD.HU.HI.NUN|,|UD.HU.HI.NUN.NA.KI|,2,𒄷,𒌓𒄷𒄭𒉣𒈾𒆠,U+12313; U+12137; U+1212D; U+12263; U+1223E; U+121A0,
U+1212D,|UD.HU.HI.NUN|,|UD.HU.HI.NUN.NA.KI|,3,𒄭,𒌓𒄷𒄭𒉣𒈾𒆠,U+12313; U+12137; U+1212D; U+12263; U+1223E; U+121A0,
U+12263,|UD.HU.HI.NUN|,|UD.HU.HI.NUN.NA.KI|,4,𒉣,𒌓𒄷𒄭𒉣𒈾𒆠,U+12313; U+12137; U+1212D; U+12263; U+1223E; U+121A0,
U+1223E,|UD.HU.HI.NUN|,|UD.HU.HI.NUN.NA.KI|,5,𒈾,𒌓𒄷𒄭𒉣𒈾𒆠,U+12313; U+12137; U+1212D; U+12263; U+1223E; U+121A0,
U+121A0,|UD.HU.HI.NUN|,|UD.HU.HI.NUN.NA.KI|,6,𒆠,𒌓𒄷𒄭𒉣𒈾𒆠,U+12313; U+12137; U+1212D; U+12263; U+1223E; U+121A0,
U+12157,|UD.KA.BAR|,|KA.BAR|,1,𒅗,𒅗𒁇,U+12157; U+12047,GCSL172 [Gudea period (~2100 BCE) | Lagash / Girsu]
U+12047,|UD.KA.BAR|,|KA.BAR|,2,𒁇,𒅗𒁇,U+12157; U+12047,GCSL172 [Gudea period (~2100 BCE) | Lagash / Girsu]
U+12157,|UD.KA.BAR|,|KA.UD.AŠ|,1,𒅗,𒅗𒌓𒀸,U+12157; U+12313; U+12038,GCSL172 [Gudea period (~2100 BCE) | Lagash / Girsu]
U+12313,|UD.KA.BAR|,|KA.UD.AŠ|,2,𒌓,𒅗𒌓𒀸,U+12157; U+12313; U+12038,GCSL172 [Gudea period (~2100 BCE) | Lagash / Girsu]
U+12038,|UD.KA.BAR|,|KA.UD.AŠ|,3,𒀸,𒅗𒌓𒀸,U+12157; U+12313; U+12038,GCSL172 [Gudea period (~2100 BCE) | Lagash / Girsu]
U+12157,|UD.KA.BAR|,|KA.UD.BAR|,1,𒅗,𒅗𒌓𒁇,U+12157; U+12313; U+12047,GCSL172 [Gudea period (~2100 BCE) | Lagash / Girsu]
U+12313,|UD.KA.BAR|,|KA.UD.BAR|,2,𒌓,𒅗𒌓𒁇,U+12157; U+12313; U+12047,GCSL172 [Gudea period (~2100 BCE) | Lagash / Girsu]
U+12047,|UD.KA.BAR|,|KA.UD.BAR|,3,𒁇,𒅗𒌓𒁇,U+12157; U+12313; U+12047,GCSL172 [Gudea period (~2100 BCE) | Lagash / Girsu]
U+12313,|UD.KA.BAR|,|UD.KA.AŠ|,1,𒌓,𒌓𒅗𒀸,U+12313; U+12157; U+12038,LAK329 [Uruk IV–III (~3400–3000 BCE) | Archaic / Uruk]; GCSL172 [Gudea period (~2100 BCE) | Lagash / Girsu]
U+12157,|UD.KA.BAR|,|UD.KA.AŠ|,2,𒅗,𒌓𒅗𒀸,U+12313; U+12157; U+12038,LAK329 [Uruk IV–III (~3400–3000 BCE) | Archaic / Uruk]; GCSL172 [Gudea period (~2100 BCE) | Lagash / Girsu]
U+12038,|UD.KA.BAR|,|UD.KA.AŠ|,3,𒀸,𒌓𒅗𒀸,U+12313; U+12157; U+12038,LAK329 [Uruk IV–III (~3400–3000 BCE) | Archaic / Uruk]; GCSL172 [Gudea period (~2100 BCE) | Lagash / Girsu]
U+12313,|UD.KA.BAR|,|UD.KA×BAR|,1,𒌓,𒌓𒅞,U+12313; U+1215E,GCSL172 [Gudea period (~2100 BCE) | Lagash / Girsu]
U+1215E,|UD.KA.BAR|,|UD.KA×BAR|,2,𒅞,𒌓𒅞,U+12313; U+1215E,GCSL172 [Gudea period (~2100 BCE) | Lagash / Girsu]
U+12313,|UD×MI|,|UD.MI|,1,𒌓,𒌓𒈪,U+12313; U+1222A,MZL597 [Standard Babylonian (any period) | Akkado-Babylonian]; SLLHA382v [Standard Babylonian (any period) | Akkado-Babylonian]
U+1222A,|UD×MI|,|UD.MI|,2,𒈪,𒌓𒈪,U+12313; U+1222A,MZL597 [Standard Babylonian (any period) | Akkado-Babylonian]; SLLHA382v [Standard Babylonian (any period) | Akkado-Babylonian]
U+1207E,|UM.ME|,|DUB.ME|,1,𒁾,𒁾𒈨,U+1207E; U+12228,ABZL114 [Old Babylonian (~2000–1600 BCE) | School texts]
U+12228,|UM.ME|,|DUB.ME|,2,𒈨,𒁾𒈨,U+1207E; U+12228,ABZL114 [Old Babylonian (~2000–1600 BCE) | School texts]
U+12228,|UM.ME|,|ME.UM|,1,𒈨,𒈨𒌝,U+12228; U+1231D,ABZL114 [Old Babylonian (~2000–1600 BCE) | School texts]
U+1231D,|UM.ME|,|ME.UM|,2,𒌝,𒈨𒌝,U+12228; U+1231D,ABZL114 [Old Babylonian (~2000–1600 BCE) | School texts]
U+120F0,UMBIN,|GAD.TAK₄.UR₂|,1,𒃰,𒃰𒋺𒌫,U+120F0; U+122FA; U+1232B,LAK289 [Uruk IV–III (~3400–3000 BCE) | Archaic / Uruk]; ABZL301 [Old Babylonian (~2000–1600 BCE) | School texts]; ELLES169 [Early Dynastic (~2900–2340 BCE) | Ebla]; GCSL130 [Gudea period (~2100 BCE) | Lagash / Girsu]; HZL166 [Hittite period (~1650–1180 BCE) | Hittite]; KWU403 [Ur III (~2112–2004 BCE) | Administrative]; MZL160 [Standard Babylonian (any period) | Akkado-Babylonian]; RSP062 [Early Dynastic (~2900–2340 BCE) | Presargonic Lagash]; SLLHA092b [Standard Babylonian (any period) | Akkado-Babylonian]
U+122FA,UMBIN,|GAD.TAK₄.UR₂|,2,𒋺,𒃰𒋺𒌫,U+120F0; U+122FA; U+1232B,LAK289 [Uruk IV–III (~3400–3000 BCE) | Archaic / Uruk]; ABZL301 [Old Babylonian (~2000–1600 BCE) | School texts]; ELLES169 [Early Dynastic (~2900–2340 BCE) | Ebla]; GCSL130 [Gudea period (~2100 BCE) | Lagash / Girsu]; HZL166 [Hittite period (~1650–1180 BCE) | Hittite]; KWU403 [Ur III (~2112–2004 BCE) | Administrative]; MZL160 [Standard Babylonian (any period) | Akkado-Babylonian]; RSP062 [Early Dynastic (~2900–2340 BCE) | Presargonic Lagash]; SLLHA092b [Standard Babylonian (any period) | Akkado-Babylonian]
U+1232B,UMBIN,|GAD.TAK₄.UR₂|,3,𒌫,𒃰𒋺𒌫,U+120F0; U+122FA; U+1232B,LAK289 [Uruk IV–III (~3400–3000 BCE) | Archaic / Uruk]; ABZL301 [Old Babylonian (~2000–1600 BCE) | School texts]; ELLES169 [Early Dynastic (~2900–2340 BCE) | Ebla]; GCSL130 [Gudea period (~2100 BCE) | Lagash / Girsu]; HZL166 [Hittite period (~1650–1180 BCE) | Hittite]; KWU403 [Ur III (~2112–2004 BCE) | Administrative]; MZL160 [Standard Babylonian (any period) | Akkado-Babylonian]; RSP062 [Early Dynastic (~2900–2340 BCE) | Presargonic Lagash]; SLLHA092b [Standard Babylonian (any period) | Akkado-Babylonian]
U+12337,|URU×A|,|URU.A|,1,𒌷,𒌷𒀀,U+12337; U+12000,LAK597 [Uruk IV–III (~3400–3000 BCE) | Archaic / Uruk]; ABZL190 [Old Babylonian (~2000–1600 BCE) | School texts]; BAU337 [Early Dynastic (~2900–2340 BCE) | Lagash]; GCSL258 [Gudea period (~2100 BCE) | Lagash / Girsu]; MZL081 [Standard Babylonian (any period) | Akkado-Babylonian]; RSP303 [Early Dynastic (~2900–2340 BCE) | Presargonic Lagash]; SLLHA046xxx [Standard Babylonian (any period) | Akkado-Babylonian]
U+12000,|URU×A|,|URU.A|,2,𒀀,𒌷𒀀,U+12337; U+12000,LAK597 [Uruk IV–III (~3400–3000 BCE) | Archaic / Uruk]; ABZL190 [Old Babylonian (~2000–1600 BCE) | School texts]; BAU337 [Early Dynastic (~2900–2340 BCE) | Lagash]; GCSL258 [Gudea period (~2100 BCE) | Lagash / Girsu]; MZL081 [Standard Babylonian (any period) | Akkado-Babylonian]; RSP303 [Early Dynastic (~2900–2340 BCE) | Presargonic Lagash]; SLLHA046xxx [Standard Babylonian (any period) | Akkado-Babylonian]
U+12347,|URU×IGI|,|URU×MIN+AŠ|,1,𒍇,𒍇𒀸,U+12347; U+12038,ELLES317^a [Early Dynastic (~2900–2340 BCE) | Ebla]; ABZL184 [Old Babylonian (~2000–1600 BCE) | School texts]; GCSL274 [Gudea period (~2100 BCE) | Lagash / Girsu]; KWU228 [Ur III (~2112–2004 BCE) | Administrative]; MZL079 [Standard Babylonian (any period) | Akkado-Babylonian]; RSP281 [Early Dynastic (~2900–2340 BCE) | Presargonic Lagash]; SLLHA044 [Standard Babylonian (any period) | Akkado-Babylonian]
U+12038,|URU×IGI|,|URU×MIN+AŠ|,2,𒀸,𒍇𒀸,U+12347; U+12038,ELLES317^a [Early Dynastic (~2900–2340 BCE) | Ebla]; ABZL184 [Old Babylonian (~2000–1600 BCE) | School texts]; GCSL274 [Gudea period (~2100 BCE) | Lagash / Girsu]; KWU228 [Ur III (~2112–2004 BCE) | Administrative]; MZL079 [Standard Babylonian (any period) | Akkado-Babylonian]; RSP281 [Early Dynastic (~2900–2340 BCE) | Presargonic Lagash]; SLLHA044 [Standard Babylonian (any period) | Akkado-Babylonian]
U+1214E,|URU×MIN|,|IM.LAK648|,1,𒅎,𒅎𒔍,U+1214E; U+1250D,ASY024 [Standard Babylonian (any period) | Akkadian syllabary]; ABZL189 [Old Babylonian (~2000–1600 BCE) | School texts]; ELLES314 [Early Dynastic (~2900–2340 BCE) | Ebla]; KWU226 [Ur III (~2112–2004 BCE) | Administrative]; MZL080 [Standard Babylonian (any period) | Akkado-Babylonian]; PTACE081 [Early Dynastic (~2900–2340 BCE) | Ebla]; SLLHA049x [Standard Babylonian (any period) | Akkado-Babylonian]; SYA019 [Standard Babylonian (any period) | Akkadian syllabary]
U+1250D,|URU×MIN|,|IM.LAK648|,2,𒔍,𒅎𒔍,U+1214E; U+1250D,ASY024 [Standard Babylonian (any period) | Akkadian syllabary]; ABZL189 [Old Babylonian (~2000–1600 BCE) | School texts]; ELLES314 [Early Dynastic (~2900–2340 BCE) | Ebla]; KWU226 [Ur III (~2112–2004 BCE) | Administrative]; MZL080 [Standard Babylonian (any period) | Akkado-Babylonian]; PTACE081 [Early Dynastic (~2900–2340 BCE) | Ebla]; SLLHA049x [Standard Babylonian (any period) | Akkado-Babylonian]; SYA019 [Standard Babylonian (any period) | Akkadian syllabary]
U+12337,|URU×URUDA|,|URU.URUDA|,1,𒌷,𒌷𒍏,U+12337; U+1234F,ABZL182 [Old Babylonian (~2000–1600 BCE) | School texts]; GCSL275 [Gudea period (~2100 BCE) | Lagash / Girsu]; KWU229 [Ur III (~2112–2004 BCE) | Administrative]; MZL075 [Standard Babylonian (any period) | Akkado-Babylonian]; RSP282 [Early Dynastic (~2900–2340 BCE) | Presargonic Lagash]; SLLHA041 [Standard Babylonian (any period) | Akkado-Babylonian]
U+1234F,|URU×URUDA|,|URU.URUDA|,2,𒍏,𒌷𒍏,U+12337; U+1234F,ABZL182 [Old Babylonian (~2000–1600 BCE) | School texts]; GCSL275 [Gudea period (~2100 BCE) | Lagash / Girsu]; KWU229 [Ur III (~2112–2004 BCE) | Administrative]; MZL075 [Standard Babylonian (any period) | Akkado-Babylonian]; RSP282 [Early Dynastic (~2900–2340 BCE) | Presargonic Lagash]; SLLHA041 [Standard Babylonian (any period) | Akkado-Babylonian]
U+12350,|URUDA×U.U|,|URUDA×U.U.UM|,1,𒍐,𒍐𒌋𒌝,U+12350; U+1230B; U+1231D,
U+1230B,|URUDA×U.U|,|URUDA×U.U.UM|,2,𒌋,𒍐𒌋𒌝,U+12350; U+1230B; U+1231D,
U+1231D,|URUDA×U.U|,|URUDA×U.U.UM|,3,𒌝,𒍐𒌋𒌝,U+12350; U+1230B; U+1231D,
U+12351,|UŠ.GA|,|UŠ.GA₂|,1,𒍑,𒍑𒂷,U+12351; U+120B7,
U+120B7,|UŠ.GA|,|UŠ.GA₂|,2,𒂷,𒍑𒂷,U+12351; U+120B7,
U+121FD,|UŠ.KU|,|LU₂.KU|,1,𒇽,𒇽𒆪,U+121FD; U+121AA,RSP417 [Early Dynastic (~2900–2340 BCE) | Presargonic Lagash]
U+121AA,|UŠ.KU|,|LU₂.KU|,2,𒆪,𒇽𒆪,U+121FD; U+121AA,RSP417 [Early Dynastic (~2900–2340 BCE) | Presargonic Lagash]
U+1235A,|UZ₃×BALAG|,|UZ₃.BALAG|,1,𒍚,𒍚𒁆,U+1235A; U+12046,
U+12046,|UZ₃×BALAG|,|UZ₃.BALAG|,2,𒁆,𒍚𒁆,U+1235A; U+12046,
U+1235D,|ZA.MUŠ₃|,|ZA.AN.MUŠ₃|,1,𒍝,𒍝𒀭𒈹,U+1235D; U+1202D; U+12239,
U+1202D,|ZA.MUŠ₃|,|ZA.AN.MUŠ₃|,2,𒀭,𒍝𒀭𒈹,U+1235D; U+1202D; U+12239,
U+12239,|ZA.MUŠ₃|,|ZA.AN.MUŠ₃|,3,𒈹,𒍝𒀭𒈹,U+1235D; U+1202D; U+12239,
U+1235D,|ZA.MUŠ₃|,|ZA.ZA₇.MUŠ₃|,1,𒍝,𒍝𒕁𒈹,U+1235D; U+12541; U+12239,
U+12541,|ZA.MUŠ₃|,|ZA.ZA₇.MUŠ₃|,2,𒕁,𒍝𒕁𒈹,U+1235D; U+12541; U+12239,
U+12239,|ZA.MUŠ₃|,|ZA.ZA₇.MUŠ₃|,3,𒈹,𒍝𒕁𒈹,U+1235D; U+12541; U+12239,
U+1235D,|ZA.MUŠ₃.AB@g|,|ZA.MUŠ₃|,1,𒍝,𒍝𒈹,U+1235D; U+12239,
U+12239,|ZA.MUŠ₃.AB@g|,|ZA.MUŠ₃|,2,𒈹,𒍝𒈹,U+1235D; U+12239,
U+1235D,|ZA.MUŠ₃.AB@g|,|ZA.MUŠ₃@g.AB×(U.U.U)|,1,𒍝,𒍝𒈽𒀔,U+1235D; U+1223D; U+12014,
U+1223D,|ZA.MUŠ₃.AB@g|,|ZA.MUŠ₃@g.AB×(U.U.U)|,2,𒈽,𒍝𒈽𒀔,U+1235D; U+1223D; U+12014,
U+12014,|ZA.MUŠ₃.AB@g|,|ZA.MUŠ₃@g.AB×(U.U.U)|,3,𒀔,𒍝𒈽𒀔,U+1235D; U+1223D; U+12014,
U+12541,|ZA.MUŠ₃.AB@g|,|ZA₇.MUŠ₃.AB@g|,1,𒕁,𒕁𒈹𒀕,U+12541; U+12239; U+12015,
U+12239,|ZA.MUŠ₃.AB@g|,|ZA₇.MUŠ₃.AB@g|,2,𒈹,𒕁𒈹𒀕,U+12541; U+12239; U+12015,
U+12015,|ZA.MUŠ₃.AB@g|,|ZA₇.MUŠ₃.AB@g|,3,𒀕,𒕁𒈹𒀕,U+12541; U+12239; U+12015,
U+12363,|ZI&ZI.A|,|ZI.ZI|,1,𒍣,𒍣𒍣,U+12363; U+12363,ABZL151 [Old Babylonian (~2000–1600 BCE) | School texts]; MZL104 [Standard Babylonian (any period) | Akkado-Babylonian]; SLLHA066a [Standard Babylonian (any period) | Akkado-Babylonian]
U+12363,|ZI&ZI.A|,|ZI.ZI|,2,𒍣,𒍣𒍣,U+12363; U+12363,ABZL151 [Old Babylonian (~2000–1600 BCE) | School texts]; MZL104 [Standard Babylonian (any period) | Akkado-Babylonian]; SLLHA066a [Standard Babylonian (any period) | Akkado-Babylonian]
U+12363,|ZI&ZI.A|,|ZI.ZI.A|,1,𒍣,𒍣𒍣𒀀,U+12363; U+12363; U+12000,ABZL151 [Old Babylonian (~2000–1600 BCE) | School texts]; MZL104 [Standard Babylonian (any period) | Akkado-Babylonian]; SLLHA066a [Standard Babylonian (any period) | Akkado-Babylonian]
U+12363,|ZI&ZI.A|,|ZI.ZI.A|,2,𒍣,𒍣𒍣𒀀,U+12363; U+12363; U+12000,ABZL151 [Old Babylonian (~2000–1600 BCE) | School texts]; MZL104 [Standard Babylonian (any period) | Akkado-Babylonian]; SLLHA066a [Standard Babylonian (any period) | Akkado-Babylonian]
U+12000,|ZI&ZI.A|,|ZI.ZI.A|,3,𒀀,𒍣𒍣𒀀,U+12363; U+12363; U+12000,ABZL151 [Old Babylonian (~2000–1600 BCE) | School texts]; MZL104 [Standard Babylonian (any period) | Akkado-Babylonian]; SLLHA066a [Standard Babylonian (any period) | Akkado-Babylonian]
U+12364,|ZI&ZI.EŠ₂|,|ZI&ZI.LAGAB|,1,𒍤,𒍤𒆸,U+12364; U+121B8,ABZL150 [Old Babylonian (~2000–1600 BCE) | School texts]; MZL103 [Standard Babylonian (any period) | Akkado-Babylonian]; SLLHA066b [Standard Babylonian (any period) | Akkado-Babylonian]
U+121B8,|ZI&ZI.EŠ₂|,|ZI&ZI.LAGAB|,2,𒆸,𒍤𒆸,U+12364; U+121B8,ABZL150 [Old Babylonian (~2000–1600 BCE) | School texts]; MZL103 [Standard Babylonian (any period) | Akkado-Babylonian]; SLLHA066b [Standard Babylonian (any period) | Akkado-Babylonian]
U+12364,|ZI&ZI.EŠ₂|,|ZI&ZI.LAGAB×AŠ|,1,𒍤,𒍤X,U+12364; X,ABZL150 [Old Babylonian (~2000–1600 BCE) | School texts]; MZL103 [Standard Babylonian (any period) | Akkado-Babylonian]; SLLHA066b [Standard Babylonian (any period) | Akkado-Babylonian]
X,|ZI&ZI.EŠ₂|,|ZI&ZI.LAGAB×AŠ|,2,,𒍤X,U+12364; X,ABZL150 [Old Babylonian (~2000–1600 BCE) | School texts]; MZL103 [Standard Babylonian (any period) | Akkado-Babylonian]; SLLHA066b [Standard Babylonian (any period) | Akkado-Babylonian]
U+12364,|ZI&ZI.LAGAB|,|ZI&ZI.LAGAB&LAGAB|,1,𒍤,𒍤X,U+12364; X,ABZL149 [Old Babylonian (~2000–1600 BCE) | School texts]; KWU128 [Ur III (~2112–2004 BCE) | Administrative]; MZL102 [Standard Babylonian (any period) | Akkado-Babylonian]; SLLHA066c [Standard Babylonian (any period) | Akkado-Babylonian]
X,|ZI&ZI.LAGAB|,|ZI&ZI.LAGAB&LAGAB|,2,,𒍤X,U+12364; X,ABZL149 [Old Babylonian (~2000–1600 BCE) | School texts]; KWU128 [Ur III (~2112–2004 BCE) | Administrative]; MZL102 [Standard Babylonian (any period) | Akkado-Babylonian]; SLLHA066c [Standard Babylonian (any period) | Akkado-Babylonian]
X,|ZI&ZI.LAGAB|,|ZI%ZI.LAGAB|,1,,X𒆸,X; U+121B8,ABZL149 [Old Babylonian (~2000–1600 BCE) | School texts]; KWU128 [Ur III (~2112–2004 BCE) | Administrative]; MZL102 [Standard Babylonian (any period) | Akkado-Babylonian]; SLLHA066c [Standard Babylonian (any period) | Akkado-Babylonian]
U+121B8,|ZI&ZI.LAGAB|,|ZI%ZI.LAGAB|,2,𒆸,X𒆸,X; U+121B8,ABZL149 [Old Babylonian (~2000–1600 BCE) | School texts]; KWU128 [Ur III (~2112–2004 BCE) | Administrative]; MZL102 [Standard Babylonian (any period) | Akkado-Babylonian]; SLLHA066c [Standard Babylonian (any period) | Akkado-Babylonian]
U+12308,ZIG,|TUM.AŠ₂|,1,𒌈,𒌈𒀾,U+12308; U+1203E,ASY128 [Standard Babylonian (any period) | Akkadian syllabary]; ABZL140 [Old Babylonian (~2000–1600 BCE) | School texts]; MZL336 [Standard Babylonian (any period) | Akkado-Babylonian]; SLLHA190 [Standard Babylonian (any period) | Akkado-Babylonian]; SYA111 [Standard Babylonian (any period) | Akkadian syllabary]
U+1203E,ZIG,|TUM.AŠ₂|,2,𒀾,𒌈𒀾,U+12308; U+1203E,ASY128 [Standard Babylonian (any period) | Akkadian syllabary]; ABZL140 [Old Babylonian (~2000–1600 BCE) | School texts]; MZL336 [Standard Babylonian (any period) | Akkado-Babylonian]; SLLHA190 [Standard Babylonian (any period) | Akkado-Babylonian]; SYA111 [Standard Babylonian (any period) | Akkadian syllabary]
U+12308,ZIG,|TUM.KAD₃|,1,𒌈,𒌈𒆑,U+12308; U+12191,ASY128 [Standard Babylonian (any period) | Akkadian syllabary]; ABZL140 [Old Babylonian (~2000–1600 BCE) | School texts]; MZL336 [Standard Babylonian (any period) | Akkado-Babylonian]; SLLHA190 [Standard Babylonian (any period) | Akkado-Babylonian]; SYA111 [Standard Babylonian (any period) | Akkadian syllabary]
U+12191,ZIG,|TUM.KAD₃|,2,𒆑,𒌈𒆑,U+12308; U+12191,ASY128 [Standard Babylonian (any period) | Akkadian syllabary]; ABZL140 [Old Babylonian (~2000–1600 BCE) | School texts]; MZL336 [Standard Babylonian (any period) | Akkado-Babylonian]; SLLHA190 [Standard Babylonian (any period) | Akkado-Babylonian]; SYA111 [Standard Babylonian (any period) | Akkadian syllabary]
U+12308,ZIG,|TUM.U.U.U|,1,𒌈,𒌈𒌍,U+12308; U+1230D,ASY128 [Standard Babylonian (any period) | Akkadian syllabary]; ABZL140 [Old Babylonian (~2000–1600 BCE) | School texts]; MZL336 [Standard Babylonian (any period) | Akkado-Babylonian]; SLLHA190 [Standard Babylonian (any period) | Akkado-Babylonian]; SYA111 [Standard Babylonian (any period) | Akkadian syllabary]
U+1230D,ZIG,|TUM.U.U.U|,2,𒌍,𒌈𒌍,U+12308; U+1230D,ASY128 [Standard Babylonian (any period) | Akkadian syllabary]; ABZL140 [Old Babylonian (~2000–1600 BCE) | School texts]; MZL336 [Standard Babylonian (any period) | Akkado-Babylonian]; SLLHA190 [Standard Babylonian (any period) | Akkado-Babylonian]; SYA111 [Standard Babylonian (any period) | Akkadian syllabary]
U+12369,|ZIZ₂.AN.AN|,|ZIZ₂.AN.AN.AN|,1,𒍩,𒍩𒀭𒀭𒀭,U+12369; U+1202D; U+1202D; U+1202D,
U+1202D,|ZIZ₂.AN.AN|,|ZIZ₂.AN.AN.AN|,2,𒀭,𒍩𒀭𒀭𒀭,U+12369; U+1202D; U+1202D; U+1202D,
U+1202D,|ZIZ₂.AN.AN|,|ZIZ₂.AN.AN.AN|,3,𒀭,𒍩𒀭𒀭𒀭,U+12369; U+1202D; U+1202D; U+1202D,
U+1202D,|ZIZ₂.AN.AN|,|ZIZ₂.AN.AN.AN|,4,𒀭,𒍩𒀭𒀭𒀭,U+12369; U+1202D; U+1202D; U+1202D,
U+1236E,|ZUM×TUG₂|,|ZUM.SI|,1,𒍮,𒍮𒋛,U+1236E; U+122DB,LAK524 [Uruk IV–III (~3400–3000 BCE) | Archaic / Uruk]; ELLES279 [Early Dynastic (~2900–2340 BCE) | Ebla]; MZL885 [Standard Babylonian (any period) | Akkado-Babylonian]; REC333 [Uruk IV–III (~3400–3000 BCE) | Archaic / Uruk]
U+122DB,|ZUM×TUG₂|,|ZUM.SI|,2,𒋛,𒍮𒋛,U+1236E; U+122DB,LAK524 [Uruk IV–III (~3400–3000 BCE) | Archaic / Uruk]; ELLES279 [Early Dynastic (~2900–2340 BCE) | Ebla]; MZL885 [Standard Babylonian (any period) | Akkado-Babylonian]; REC333 [Uruk IV–III (~3400–3000 BCE) | Archaic / Uruk]
