unicode_id,allograph_sign,allograph_form,allograph_ucun,signList_analogue
U+12000,A,LAK797,𒀀,LAK795 [Uruk IV–III (~3400–3000 BCE) | Archaic / Uruk]; ASY311 [Standard Babylonian (any period) | Akkadian syllabary]; ABZL470 [Old Babylonian (~2000–1600 BCE) | School texts]; BAU416 [Early Dynastic (~2900–2340 BCE) | Lagash]; ELLES393 [Early Dynastic (~2900–2340 BCE) | Ebla]; GCSL324 [Gudea period (~2100 BCE) | Lagash / Girsu]; KWU901 [Ur III (~2112–2004 BCE) | Administrative]; MZL839 [Standard Babylonian (any period) | Akkado-Babylonian]; PTACE328 [Early Dynastic (~2900–2340 BCE) | Ebla]; RSP051 [Early Dynastic (~2900–2340 BCE) | Presargonic Lagash]; SYA274 [Standard Babylonian (any period) | Akkadian syllabary]
,|A.HA.TAR.DU|,BU,𒀀𒄩𒋻𒁺,LAK232 [Uruk IV–III (~3400–3000 BCE) | Archaic / Uruk]; ASY213 [Standard Babylonian (any period) | Akkadian syllabary]; ABZL265 [Old Babylonian (~2000–1600 BCE) | School texts]; BAU148 [Early Dynastic (~2900–2340 BCE) | Lagash]; ELLES131 [Early Dynastic (~2900–2340 BCE) | Ebla]; GCSL115 [Gudea period (~2100 BCE) | Lagash / Girsu]; HZL339 [Hittite period (~1650–1180 BCE) | Hittite]; KWU385 [Ur III (~2112–2004 BCE) | Administrative]; MZL580 [Standard Babylonian (any period) | Akkado-Babylonian]; PTACE123 [Early Dynastic (~2900–2340 BCE) | Ebla]; RSP335 [Early Dynastic (~2900–2340 BCE) | Presargonic Lagash]; SLLHA371 [Standard Babylonian (any period) | Akkado-Babylonian]
,|A.IGI|,|IGI.A|,𒀀𒅆,ASY313 [Standard Babylonian (any period) | Akkadian syllabary]; KWU903 [Ur III (~2112–2004 BCE) | Administrative]; RSP052 [Early Dynastic (~2900–2340 BCE) | Presargonic Lagash]; SYA276 [Standard Babylonian (any period) | Akkadian syllabary]
,|A.LAGAB×HAL|,|GA₂×(HAL.A)|,𒀀𒇉,ASY314 [Standard Babylonian (any period) | Akkadian syllabary]; KWU904 [Ur III (~2112–2004 BCE) | Administrative]; RSP054 [Early Dynastic (~2900–2340 BCE) | Presargonic Lagash]
,|A.SU|,SU,𒀀𒋢,LAK293 [Uruk IV–III (~3400–3000 BCE) | Archaic / Uruk]; ASY006 [Standard Babylonian (any period) | Akkadian syllabary]; BAU226 [Early Dynastic (~2900–2340 BCE) | Lagash]; ELLES172 [Early Dynastic (~2900–2340 BCE) | Ebla]; GCSL137 [Gudea period (~2100 BCE) | Lagash / Girsu]; MZL016 [Standard Babylonian (any period) | Akkado-Babylonian]; PTACE120 [Early Dynastic (~2900–2340 BCE) | Ebla]; RSP143 [Early Dynastic (~2900–2340 BCE) | Presargonic Lagash]
,|A.TU.GABA.LIŠ|,|ASAL₂×A|,𒀀𒌅𒃮𒇺,ELLES123 [Early Dynastic (~2900–2340 BCE) | Ebla]; RSP055 [Early Dynastic (~2900–2340 BCE) | Presargonic Lagash]
U+12009,A₂,DA,𒀉,LAK143 [Uruk IV–III (~3400–3000 BCE) | Archaic / Uruk]; ASY191 [Standard Babylonian (any period) | Akkadian syllabary]; BAU097 [Early Dynastic (~2900–2340 BCE) | Lagash]; BAU101 [Early Dynastic (~2900–2340 BCE) | Lagash]; ELLES077 [Early Dynastic (~2900–2340 BCE) | Ebla]; GCSL087 [Gudea period (~2100 BCE) | Lagash / Girsu]; PTACE088 [Early Dynastic (~2900–2340 BCE) | Ebla]; RSP419 [Early Dynastic (~2900–2340 BCE) | Presargonic Lagash]; LAK144 [Uruk IV–III (~3400–3000 BCE) | Archaic / Uruk]; ASY187 [Standard Babylonian (any period) | Akkadian syllabary]; ABZL230 [Old Babylonian (~2000–1600 BCE) | School texts]; BAU102 [Early Dynastic (~2900–2340 BCE) | Lagash]; ELLES078 [Early Dynastic (~2900–2340 BCE) | Ebla]; GCSL088 [Gudea period (~2100 BCE) | Lagash / Girsu]; HZL215 [Hittite period (~1650–1180 BCE) | Hittite]; KWU326 [Ur III (~2112–2004 BCE) | Administrative]; MZL560 [Standard Babylonian (any period) | Akkado-Babylonian]; PTACE089 [Early Dynastic (~2900–2340 BCE) | Ebla]; RSP420 [Early Dynastic (~2900–2340 BCE) | Presargonic Lagash]; SLLHA334 [Standard Babylonian (any period) | Akkado-Babylonian]; SYA162 [Standard Babylonian (any period) | Akkadian syllabary]
U+1200B,|AB×AŠ₂|,|AB×NUN@t|,𒀋,LAK541 [Uruk IV–III (~3400–3000 BCE) | Archaic / Uruk]; LAK540 [Uruk IV–III (~3400–3000 BCE) | Archaic / Uruk]; ABZL127 [Old Babylonian (~2000–1600 BCE) | School texts]; MZL227 [Standard Babylonian (any period) | Akkado-Babylonian]; PTACE241 [Early Dynastic (~2900–2340 BCE) | Ebla]; RSP225 [Early Dynastic (~2900–2340 BCE) | Presargonic Lagash]; SLLHA200an [Standard Babylonian (any period) | Akkado-Babylonian]
U+1200C,|AB×DUN₃@g|,|NINDA₂×DUN₃@g|,𒀌,MZL235 [Standard Babylonian (any period) | Akkado-Babylonian]; SLLHA199 [Standard Babylonian (any period) | Akkado-Babylonian]
U+1200D,|AB×GAL|,|NINDA₂×GAL|,𒀍,ABZL128 [Old Babylonian (~2000–1600 BCE) | School texts]; MZL228 [Standard Babylonian (any period) | Akkado-Babylonian]; SLLHA194 [Standard Babylonian (any period) | Akkado-Babylonian]
U+12010,|AB×IGI@g|,|NINDA₂×IGI@g|,𒀐,MZL229 [Standard Babylonian (any period) | Akkado-Babylonian]; SLLHA196 [Standard Babylonian (any period) | Akkado-Babylonian]
U+12015,AB@g,AB,𒀕,LAK536 [Uruk IV–III (~3400–3000 BCE) | Archaic / Uruk]; ASY093 [Standard Babylonian (any period) | Akkadian syllabary]; BAU333 [Early Dynastic (~2900–2340 BCE) | Lagash]; ELLES285 [Early Dynastic (~2900–2340 BCE) | Ebla]; GCSL251 [Gudea period (~2100 BCE) | Lagash / Girsu]; PTACE240 [Early Dynastic (~2900–2340 BCE) | Ebla]; RSP223 [Early Dynastic (~2900–2340 BCE) | Presargonic Lagash]; LAK537 [Uruk IV–III (~3400–3000 BCE) | Archaic / Uruk]; ABZL129 [Old Babylonian (~2000–1600 BCE) | School texts]; BAU334 [Early Dynastic (~2900–2340 BCE) | Lagash]; BAU335 [Early Dynastic (~2900–2340 BCE) | Lagash]; ELLES286 [Early Dynastic (~2900–2340 BCE) | Ebla]; HZL111 [Hittite period (~1650–1180 BCE) | Hittite]; KWU826 [Ur III (~2112–2004 BCE) | Administrative]; MZL232 [Standard Babylonian (any period) | Akkado-Babylonian]; RSP224 [Early Dynastic (~2900–2340 BCE) | Presargonic Lagash]; SLLHA195 [Standard Babylonian (any period) | Akkado-Babylonian]
U+12015,AB@g,MURUB₄,𒀕,ASY189 [Standard Babylonian (any period) | Akkadian syllabary]; LAK537 [Uruk IV–III (~3400–3000 BCE) | Archaic / Uruk]; ABZL129 [Old Babylonian (~2000–1600 BCE) | School texts]; BAU334 [Early Dynastic (~2900–2340 BCE) | Lagash]; BAU335 [Early Dynastic (~2900–2340 BCE) | Lagash]; ELLES286 [Early Dynastic (~2900–2340 BCE) | Ebla]; HZL111 [Hittite period (~1650–1180 BCE) | Hittite]; KWU826 [Ur III (~2112–2004 BCE) | Administrative]; MZL232 [Standard Babylonian (any period) | Akkado-Babylonian]; RSP224 [Early Dynastic (~2900–2340 BCE) | Presargonic Lagash]; SLLHA195 [Standard Babylonian (any period) | Akkado-Babylonian]
,|AB₂.KU|,|AB₂×KU|,𒀖𒆪,RSP160 [Early Dynastic (~2900–2340 BCE) | Presargonic Lagash]
,|AB₂.ŠA₃|,LAK386,𒀖𒊮,LAK386 [Uruk IV–III (~3400–3000 BCE) | Archaic / Uruk]; LAK404 [Uruk IV–III (~3400–3000 BCE) | Archaic / Uruk]; GCSL205 [Gudea period (~2100 BCE) | Lagash / Girsu]; RSP161 [Early Dynastic (~2900–2340 BCE) | Presargonic Lagash]
U+12017,|AB₂×BALAG|,|AB₂×DUB₂|,𒀗,MZL676 [Standard Babylonian (any period) | Akkado-Babylonian]; SLLHA422 [Standard Babylonian (any period) | Akkado-Babylonian]
U+12018,|AB₂×GAN₂@t|,|AB₂×TAK₄|,𒀘,LAK406 [Uruk IV–III (~3400–3000 BCE) | Archaic / Uruk]; ASY245 [Standard Babylonian (any period) | Akkadian syllabary]; ABZL354 [Old Babylonian (~2000–1600 BCE) | School texts]; MZL674 [Standard Babylonian (any period) | Akkado-Babylonian]; SLLHA423 [Standard Babylonian (any period) | Akkado-Babylonian]
U+1202B,AMAR,|AMAR×PAP|,𒀫,LAK267 [Uruk IV–III (~3400–3000 BCE) | Archaic / Uruk]; ASY255 [Standard Babylonian (any period) | Akkadian syllabary]; ABZL367 [Old Babylonian (~2000–1600 BCE) | School texts]; BAU146 [Early Dynastic (~2900–2340 BCE) | Lagash]; ELLES152 [Early Dynastic (~2900–2340 BCE) | Ebla]; GCSL120 [Gudea period (~2100 BCE) | Lagash / Girsu]; HZL155 [Hittite period (~1650–1180 BCE) | Hittite]; KWU571 [Ur III (~2112–2004 BCE) | Administrative]; MZL695 [Standard Babylonian (any period) | Akkado-Babylonian]; PTACE128 [Early Dynastic (~2900–2340 BCE) | Ebla]; RSP110 [Early Dynastic (~2900–2340 BCE) | Presargonic Lagash]; SLLHA437 [Standard Babylonian (any period) | Akkado-Babylonian]; SYA223 [Standard Babylonian (any period) | Akkadian syllabary]
,|AMAR.AMAR|,|AMAR&AMAR|,𒀫𒀫,BAU146b [Early Dynastic (~2900–2340 BCE) | Lagash]
,|AN.AŠ.AN|,|AN.AN|,𒀭𒀸𒀭,
,|AN.AŠ.AN|,|AN&AŠ&AN|,𒀭𒀸𒀭,LAK009^a [Uruk IV–III (~3400–3000 BCE) | Archaic / Uruk]
U+12030,|(AN.NAGA)@(AN.NAGA)|,|(SUM.IR)@(SUM.IR)|,𒀰,SLLHA165v [Standard Babylonian (any period) | Akkado-Babylonian]
U+12032,ANŠE,KIŠ,𒀲,LAK240 [Uruk IV–III (~3400–3000 BCE) | Archaic / Uruk]; ASY247 [Standard Babylonian (any period) | Akkadian syllabary]; LAK253 [Uruk IV–III (~3400–3000 BCE) | Archaic / Uruk]; ABZL292 [Old Babylonian (~2000–1600 BCE) | School texts]; BAU161a [Early Dynastic (~2900–2340 BCE) | Lagash]; BAU161c [Early Dynastic (~2900–2340 BCE) | Lagash]; ELLES140 [Early Dynastic (~2900–2340 BCE) | Ebla]; GCSL167 [Gudea period (~2100 BCE) | Lagash / Girsu]; HZL302 [Hittite period (~1650–1180 BCE) | Hittite]; KWU460 [Ur III (~2112–2004 BCE) | Administrative]; MZL353 [Standard Babylonian (any period) | Akkado-Babylonian]; PTACE134 [Early Dynastic (~2900–2340 BCE) | Ebla]; RSP466 [Early Dynastic (~2900–2340 BCE) | Presargonic Lagash]; SLLHA208 [Standard Babylonian (any period) | Akkado-Babylonian]
U+12032,ANŠE,LAK239,𒀲,LAK239 [Uruk IV–III (~3400–3000 BCE) | Archaic / Uruk]; LAK253 [Uruk IV–III (~3400–3000 BCE) | Archaic / Uruk]; ABZL292 [Old Babylonian (~2000–1600 BCE) | School texts]; BAU161a [Early Dynastic (~2900–2340 BCE) | Lagash]; BAU161c [Early Dynastic (~2900–2340 BCE) | Lagash]; ELLES140 [Early Dynastic (~2900–2340 BCE) | Ebla]; GCSL167 [Gudea period (~2100 BCE) | Lagash / Girsu]; HZL302 [Hittite period (~1650–1180 BCE) | Hittite]; KWU460 [Ur III (~2112–2004 BCE) | Administrative]; MZL353 [Standard Babylonian (any period) | Akkado-Babylonian]; PTACE134 [Early Dynastic (~2900–2340 BCE) | Ebla]; RSP466 [Early Dynastic (~2900–2340 BCE) | Presargonic Lagash]; SLLHA208 [Standard Babylonian (any period) | Akkado-Babylonian]
U+12032,ANŠE,LAK240,𒀲,GCSL119 [Gudea period (~2100 BCE) | Lagash / Girsu]; LAK253 [Uruk IV–III (~3400–3000 BCE) | Archaic / Uruk]; ABZL292 [Old Babylonian (~2000–1600 BCE) | School texts]; BAU161a [Early Dynastic (~2900–2340 BCE) | Lagash]; BAU161c [Early Dynastic (~2900–2340 BCE) | Lagash]; ELLES140 [Early Dynastic (~2900–2340 BCE) | Ebla]; GCSL167 [Gudea period (~2100 BCE) | Lagash / Girsu]; HZL302 [Hittite period (~1650–1180 BCE) | Hittite]; KWU460 [Ur III (~2112–2004 BCE) | Administrative]; MZL353 [Standard Babylonian (any period) | Akkado-Babylonian]; PTACE134 [Early Dynastic (~2900–2340 BCE) | Ebla]; RSP466 [Early Dynastic (~2900–2340 BCE) | Presargonic Lagash]; SLLHA208 [Standard Babylonian (any period) | Akkado-Babylonian]
U+12032,ANŠE,LAK248@g,𒀲,LAK253 [Uruk IV–III (~3400–3000 BCE) | Archaic / Uruk]; ABZL292 [Old Babylonian (~2000–1600 BCE) | School texts]; BAU161a [Early Dynastic (~2900–2340 BCE) | Lagash]; BAU161c [Early Dynastic (~2900–2340 BCE) | Lagash]; ELLES140 [Early Dynastic (~2900–2340 BCE) | Ebla]; GCSL167 [Gudea period (~2100 BCE) | Lagash / Girsu]; HZL302 [Hittite period (~1650–1180 BCE) | Hittite]; KWU460 [Ur III (~2112–2004 BCE) | Administrative]; MZL353 [Standard Babylonian (any period) | Akkado-Babylonian]; PTACE134 [Early Dynastic (~2900–2340 BCE) | Ebla]; RSP466 [Early Dynastic (~2900–2340 BCE) | Presargonic Lagash]; SLLHA208 [Standard Babylonian (any period) | Akkado-Babylonian]
U+12032,ANŠE,LAK248b,𒀲,LAK248^a [Uruk IV–III (~3400–3000 BCE) | Archaic / Uruk]; LAK253 [Uruk IV–III (~3400–3000 BCE) | Archaic / Uruk]; ABZL292 [Old Babylonian (~2000–1600 BCE) | School texts]; BAU161a [Early Dynastic (~2900–2340 BCE) | Lagash]; BAU161c [Early Dynastic (~2900–2340 BCE) | Lagash]; ELLES140 [Early Dynastic (~2900–2340 BCE) | Ebla]; GCSL167 [Gudea period (~2100 BCE) | Lagash / Girsu]; HZL302 [Hittite period (~1650–1180 BCE) | Hittite]; KWU460 [Ur III (~2112–2004 BCE) | Administrative]; MZL353 [Standard Babylonian (any period) | Akkado-Babylonian]; PTACE134 [Early Dynastic (~2900–2340 BCE) | Ebla]; RSP466 [Early Dynastic (~2900–2340 BCE) | Presargonic Lagash]; SLLHA208 [Standard Babylonian (any period) | Akkado-Babylonian]
,|ANŠE.IGI.EŠ₂|,|IGI.EŠ₂|,𒀲𒅆𒂠,LAK434 [Uruk IV–III (~3400–3000 BCE) | Archaic / Uruk]; BAU244 [Early Dynastic (~2900–2340 BCE) | Lagash]; PTACE204 [Early Dynastic (~2900–2340 BCE) | Ebla]
U+12038,AŠ,AŠ@c@90,𒀸,LAK001 [Uruk IV–III (~3400–3000 BCE) | Archaic / Uruk]; LAK820^b [Uruk IV–III (~3400–3000 BCE) | Archaic / Uruk]; LAK839^b [Uruk IV–III (~3400–3000 BCE) | Archaic / Uruk]; LAK855^b [Uruk IV–III (~3400–3000 BCE) | Archaic / Uruk]; ASY001 [Standard Babylonian (any period) | Akkadian syllabary]; ABZL001 [Old Babylonian (~2000–1600 BCE) | School texts]; BAU001 [Early Dynastic (~2900–2340 BCE) | Lagash]; ELLES001 [Early Dynastic (~2900–2340 BCE) | Ebla]; GCSL001 [Gudea period (~2100 BCE) | Lagash / Girsu]; HZL001 [Hittite period (~1650–1180 BCE) | Hittite]; MZL001 [Standard Babylonian (any period) | Akkado-Babylonian]; PTACE001 [Early Dynastic (~2900–2340 BCE) | Ebla]; RSP001 [Early Dynastic (~2900–2340 BCE) | Presargonic Lagash]; SLLHA001 [Standard Babylonian (any period) | Akkado-Babylonian]; SYA001 [Standard Babylonian (any period) | Akkadian syllabary]; RSP024 [Early Dynastic (~2900–2340 BCE) | Presargonic Lagash]
U+12038,AŠ,AŠ@c@v,𒀸,LAK001 [Uruk IV–III (~3400–3000 BCE) | Archaic / Uruk]; LAK820^b [Uruk IV–III (~3400–3000 BCE) | Archaic / Uruk]; LAK839^b [Uruk IV–III (~3400–3000 BCE) | Archaic / Uruk]; LAK855^b [Uruk IV–III (~3400–3000 BCE) | Archaic / Uruk]; ASY001 [Standard Babylonian (any period) | Akkadian syllabary]; ABZL001 [Old Babylonian (~2000–1600 BCE) | School texts]; BAU001 [Early Dynastic (~2900–2340 BCE) | Lagash]; ELLES001 [Early Dynastic (~2900–2340 BCE) | Ebla]; GCSL001 [Gudea period (~2100 BCE) | Lagash / Girsu]; HZL001 [Hittite period (~1650–1180 BCE) | Hittite]; MZL001 [Standard Babylonian (any period) | Akkado-Babylonian]; PTACE001 [Early Dynastic (~2900–2340 BCE) | Ebla]; RSP001 [Early Dynastic (~2900–2340 BCE) | Presargonic Lagash]; SLLHA001 [Standard Babylonian (any period) | Akkado-Babylonian]; SYA001 [Standard Babylonian (any period) | Akkadian syllabary]; RSP024 [Early Dynastic (~2900–2340 BCE) | Presargonic Lagash]
U+12038,AŠ,AŠ@v,𒀸,LAK001 [Uruk IV–III (~3400–3000 BCE) | Archaic / Uruk]; LAK820^b [Uruk IV–III (~3400–3000 BCE) | Archaic / Uruk]; LAK839^b [Uruk IV–III (~3400–3000 BCE) | Archaic / Uruk]; LAK855^b [Uruk IV–III (~3400–3000 BCE) | Archaic / Uruk]; ASY001 [Standard Babylonian (any period) | Akkadian syllabary]; ABZL001 [Old Babylonian (~2000–1600 BCE) | School texts]; BAU001 [Early Dynastic (~2900–2340 BCE) | Lagash]; ELLES001 [Early Dynastic (~2900–2340 BCE) | Ebla]; GCSL001 [Gudea period (~2100 BCE) | Lagash / Girsu]; HZL001 [Hittite period (~1650–1180 BCE) | Hittite]; MZL001 [Standard Babylonian (any period) | Akkado-Babylonian]; PTACE001 [Early Dynastic (~2900–2340 BCE) | Ebla]; RSP001 [Early Dynastic (~2900–2340 BCE) | Presargonic Lagash]; SLLHA001 [Standard Babylonian (any period) | Akkado-Babylonian]; SYA001 [Standard Babylonian (any period) | Akkadian syllabary]; RSP024 [Early Dynastic (~2900–2340 BCE) | Presargonic Lagash]
U+12043,BAHAR₂,EDIN,𒁃,LAK747 [Uruk IV–III (~3400–3000 BCE) | Archaic / Uruk]; ASY118 [Standard Babylonian (any period) | Akkadian syllabary]; ELLES365 [Early Dynastic (~2900–2340 BCE) | Ebla]; GCSL306 [Gudea period (~2100 BCE) | Lagash / Girsu]; PTACE293 [Early Dynastic (~2900–2340 BCE) | Ebla]; RSP433 [Early Dynastic (~2900–2340 BCE) | Presargonic Lagash]; RSP435 [Early Dynastic (~2900–2340 BCE) | Presargonic Lagash]; LAK742 [Uruk IV–III (~3400–3000 BCE) | Archaic / Uruk]; ABZL086 [Old Babylonian (~2000–1600 BCE) | School texts]; BAU370 [Early Dynastic (~2900–2340 BCE) | Lagash]; ELLES364 [Early Dynastic (~2900–2340 BCE) | Ebla]; PTACE292 [Early Dynastic (~2900–2340 BCE) | Ebla]
U+12047,BAR,AŠ,𒁇,LAK001 [Uruk IV–III (~3400–3000 BCE) | Archaic / Uruk]; LAK820^b [Uruk IV–III (~3400–3000 BCE) | Archaic / Uruk]; LAK839^b [Uruk IV–III (~3400–3000 BCE) | Archaic / Uruk]; LAK855^b [Uruk IV–III (~3400–3000 BCE) | Archaic / Uruk]; ASY001 [Standard Babylonian (any period) | Akkadian syllabary]; ABZL001 [Old Babylonian (~2000–1600 BCE) | School texts]; BAU001 [Early Dynastic (~2900–2340 BCE) | Lagash]; ELLES001 [Early Dynastic (~2900–2340 BCE) | Ebla]; GCSL001 [Gudea period (~2100 BCE) | Lagash / Girsu]; HZL001 [Hittite period (~1650–1180 BCE) | Hittite]; MZL001 [Standard Babylonian (any period) | Akkado-Babylonian]; PTACE001 [Early Dynastic (~2900–2340 BCE) | Ebla]; RSP001 [Early Dynastic (~2900–2340 BCE) | Presargonic Lagash]; SLLHA001 [Standard Babylonian (any period) | Akkado-Babylonian]; LAK752 [Uruk IV–III (~3400–3000 BCE) | Archaic / Uruk]; ASY048 [Standard Babylonian (any period) | Akkadian syllabary]; ABZL057 [Old Babylonian (~2000–1600 BCE) | School texts]; BAU252 [Early Dynastic (~2900–2340 BCE) | Lagash]; ELLES367 [Early Dynastic (~2900–2340 BCE) | Ebla]; GCSL308 [Gudea period (~2100 BCE) | Lagash / Girsu]; HZL020 [Hittite period (~1650–1180 BCE) | Hittite]; KWU671 [Ur III (~2112–2004 BCE) | Administrative]; MZL121 [Standard Babylonian (any period) | Akkado-Babylonian]; PTACE306 [Early Dynastic (~2900–2340 BCE) | Ebla]; RSP044 [Early Dynastic (~2900–2340 BCE) | Presargonic Lagash]; SLLHA074 [Standard Babylonian (any period) | Akkado-Babylonian]; SYA041 [Standard Babylonian (any period) | Akkadian syllabary]
,|BAR.AN|,|BAR×AN|,𒁇𒀭,LAK753 [Uruk IV–III (~3400–3000 BCE) | Archaic / Uruk]; KWU674 [Ur III (~2112–2004 BCE) | Administrative]; PTACE307 [Early Dynastic (~2900–2340 BCE) | Ebla]; MZL123 [Standard Babylonian (any period) | Akkado-Babylonian]; SLLHA074_182 [Standard Babylonian (any period) | Akkado-Babylonian]
,|BAR×TAB|,BAR@g,,LAK131 [Uruk IV–III (~3400–3000 BCE) | Archaic / Uruk]
U+1204E,|BU&BU.AB|,|(BU%BU)×AB|,𒁎,ABZL275 [Old Babylonian (~2000–1600 BCE) | School texts]; MZL582 [Standard Babylonian (any period) | Akkado-Babylonian]; SLLHA371a [Standard Babylonian (any period) | Akkado-Babylonian]
U+1204E,|BU&BU.AB|,|(MUŠ%MUŠ)×AB|,𒁎,ABZL275 [Old Babylonian (~2000–1600 BCE) | School texts]; MZL582 [Standard Babylonian (any period) | Akkado-Babylonian]; SLLHA371a [Standard Babylonian (any period) | Akkado-Babylonian]
U+12050,|BU%BU|,|BU&BU|,𒁐,MZL581 [Standard Babylonian (any period) | Akkado-Babylonian]; SLLHA371n3 [Standard Babylonian (any period) | Akkado-Babylonian]
U+12054,BUR₂,BUR₂@v,𒁔,LAK052 [Uruk IV–III (~3400–3000 BCE) | Archaic / Uruk]; ASY010 [Standard Babylonian (any period) | Akkadian syllabary]; ABZL013 [Old Babylonian (~2000–1600 BCE) | School texts]; BAU054 [Early Dynastic (~2900–2340 BCE) | Lagash]; BAU056 [Early Dynastic (~2900–2340 BCE) | Lagash]; ELLES030 [Early Dynastic (~2900–2340 BCE) | Ebla]; GCSL022 [Gudea period (~2100 BCE) | Lagash / Girsu]; KWU088 [Ur III (~2112–2004 BCE) | Administrative]; MZL008 [Standard Babylonian (any period) | Akkado-Babylonian]; PTACE061 [Early Dynastic (~2900–2340 BCE) | Ebla]; RSP088 [Early Dynastic (~2900–2340 BCE) | Presargonic Lagash]; SLLHA011 [Standard Babylonian (any period) | Akkado-Babylonian]; SYA010 [Standard Babylonian (any period) | Akkadian syllabary]
U+12245,BURU₅,NAM,𒉅,LAK071 [Uruk IV–III (~3400–3000 BCE) | Archaic / Uruk]; ASY054 [Standard Babylonian (any period) | Akkadian syllabary]; BAU038 [Early Dynastic (~2900–2340 BCE) | Lagash]; ELLES043 [Early Dynastic (~2900–2340 BCE) | Ebla]; GCSL040 [Gudea period (~2100 BCE) | Lagash / Girsu]; PTACE065 [Early Dynastic (~2900–2340 BCE) | Ebla]; RSP413 [Early Dynastic (~2900–2340 BCE) | Presargonic Lagash]; LAK072^b [Uruk IV–III (~3400–3000 BCE) | Archaic / Uruk]; ASY054a [Standard Babylonian (any period) | Akkadian syllabary]; ABZL043 [Old Babylonian (~2000–1600 BCE) | School texts]; ELLES044 [Early Dynastic (~2900–2340 BCE) | Ebla]; GCSL039 [Gudea period (~2100 BCE) | Lagash / Girsu]; MZL135 [Standard Babylonian (any period) | Akkado-Babylonian]; RSP414 [Early Dynastic (~2900–2340 BCE) | Presargonic Lagash]
U+12056,DAG,LAK457,𒁖,LAK457 [Uruk IV–III (~3400–3000 BCE) | Archaic / Uruk]; LAK740 [Uruk IV–III (~3400–3000 BCE) | Archaic / Uruk]; ASY151 [Standard Babylonian (any period) | Akkadian syllabary]; ASY152 [Standard Babylonian (any period) | Akkadian syllabary]; ABZL168 [Old Babylonian (~2000–1600 BCE) | School texts]; BAU362 [Early Dynastic (~2900–2340 BCE) | Lagash]; ELLES363 [Early Dynastic (~2900–2340 BCE) | Ebla]; GCSL304 [Gudea period (~2100 BCE) | Lagash / Girsu]; KWU848 [Ur III (~2112–2004 BCE) | Administrative]; PTACE299 [Early Dynastic (~2900–2340 BCE) | Ebla]; RSP134 [Early Dynastic (~2900–2340 BCE) | Presargonic Lagash]; SYA132 [Standard Babylonian (any period) | Akkadian syllabary]; SYA133 [Standard Babylonian (any period) | Akkadian syllabary]
U+12066,|DAG.KISIM₅×(LU.MAŠ₂)|,LAK388,𒁦,LAK388 [Uruk IV–III (~3400–3000 BCE) | Archaic / Uruk]; ABZL174 [Old Babylonian (~2000–1600 BCE) | School texts]; KWU893 [Ur III (~2112–2004 BCE) | Administrative]; MZL460 [Standard Babylonian (any period) | Akkado-Babylonian]; SLLHA293 [Standard Babylonian (any period) | Akkado-Babylonian]
U+12066,|DAG.KISIM₅×(LU.MAŠ₂)|,|DAG.KISIM₅×LU|,𒁦,LAK721 [Uruk IV–III (~3400–3000 BCE) | Archaic / Uruk]; RSP358 [Early Dynastic (~2900–2340 BCE) | Presargonic Lagash]; ABZL174 [Old Babylonian (~2000–1600 BCE) | School texts]; KWU893 [Ur III (~2112–2004 BCE) | Administrative]; MZL460 [Standard Babylonian (any period) | Akkado-Babylonian]; SLLHA293 [Standard Babylonian (any period) | Akkado-Babylonian]
U+1206D,|DAG.KISIM₅×UŠ|,LAK777@s,𒁭,LAK777 [Uruk IV–III (~3400–3000 BCE) | Archaic / Uruk]; ELLES380 [Early Dynastic (~2900–2340 BCE) | Ebla]; MZL449 [Standard Babylonian (any period) | Akkado-Babylonian]; SLLHA287 [Standard Babylonian (any period) | Akkado-Babylonian]
U+12071,DARA₄,DARA₄~b,𒁱,LAK670 [Uruk IV–III (~3400–3000 BCE) | Archaic / Uruk]; ABZL421 [Old Babylonian (~2000–1600 BCE) | School texts]; BAU372 [Early Dynastic (~2900–2340 BCE) | Lagash]; MZL817 [Standard Babylonian (any period) | Akkado-Babylonian]; SLLHA540 [Standard Babylonian (any period) | Akkado-Babylonian]
U+12324,DE₂,UMUM,𒌤,LAK155 [Uruk IV–III (~3400–3000 BCE) | Archaic / Uruk]; BAU093 [Early Dynastic (~2900–2340 BCE) | Lagash]; BAU094 [Early Dynastic (~2900–2340 BCE) | Lagash]; ELLES085 [Early Dynastic (~2900–2340 BCE) | Ebla]; RSP361 [Early Dynastic (~2900–2340 BCE) | Presargonic Lagash]; LAK156^a [Uruk IV–III (~3400–3000 BCE) | Archaic / Uruk]; ASY190 [Standard Babylonian (any period) | Akkadian syllabary]; ABZL215 [Old Babylonian (~2000–1600 BCE) | School texts]; KWU309b [Ur III (~2112–2004 BCE) | Administrative]; PTACE099 [Early Dynastic (~2900–2340 BCE) | Ebla]; RSP361bis [Early Dynastic (~2900–2340 BCE) | Presargonic Lagash]; SYA165 [Standard Babylonian (any period) | Akkadian syllabary]; ELLES179 [Early Dynastic (~2900–2340 BCE) | Ebla]; GCSL071 [Gudea period (~2100 BCE) | Lagash / Girsu]; KWU309 [Ur III (~2112–2004 BCE) | Administrative]; SLLHA338n1 [Standard Babylonian (any period) | Akkado-Babylonian]
U+12074,DIM,LAK061,𒁴,LAK061 [Uruk IV–III (~3400–3000 BCE) | Archaic / Uruk]; LAK053 [Uruk IV–III (~3400–3000 BCE) | Archaic / Uruk]; ASY068 [Standard Babylonian (any period) | Akkadian syllabary]; ABZL014 [Old Babylonian (~2000–1600 BCE) | School texts]; ELLES031 [Early Dynastic (~2900–2340 BCE) | Ebla]; GCSL018 [Gudea period (~2100 BCE) | Lagash / Girsu]; HZL014 [Hittite period (~1650–1180 BCE) | Hittite]; KWU085 [Ur III (~2112–2004 BCE) | Administrative]; MZL167 [Standard Babylonian (any period) | Akkado-Babylonian]; PTACE062 [Early Dynastic (~2900–2340 BCE) | Ebla]; SLLHA094 [Standard Babylonian (any period) | Akkado-Babylonian]; SYA059 [Standard Babylonian (any period) | Akkadian syllabary]
U+12075,|DIM×ŠE|,DIM@g,𒁵,LAK056 [Uruk IV–III (~3400–3000 BCE) | Archaic / Uruk]; ELLES033b [Early Dynastic (~2900–2340 BCE) | Ebla]; ELLES307b [Early Dynastic (~2900–2340 BCE) | Ebla]; GCSL019 [Gudea period (~2100 BCE) | Lagash / Girsu]; PTACE063 [Early Dynastic (~2900–2340 BCE) | Ebla]; RSP426 [Early Dynastic (~2900–2340 BCE) | Presargonic Lagash]; LAK055 [Uruk IV–III (~3400–3000 BCE) | Archaic / Uruk]; ASY069 [Standard Babylonian (any period) | Akkadian syllabary]; ABZL015 [Old Babylonian (~2000–1600 BCE) | School texts]; BAU410 [Early Dynastic (~2900–2340 BCE) | Lagash]; ELLES033a [Early Dynastic (~2900–2340 BCE) | Ebla]; HZL018 [Hittite period (~1650–1180 BCE) | Hittite]; KWU086 [Ur III (~2112–2004 BCE) | Administrative]; MZL168 [Standard Babylonian (any period) | Akkado-Babylonian]; RSP426bis [Early Dynastic (~2900–2340 BCE) | Presargonic Lagash]; SYA060 [Standard Babylonian (any period) | Akkadian syllabary]
U+12079,DIŠ,AŠ@t,𒁹,LAK178 [Uruk IV–III (~3400–3000 BCE) | Archaic / Uruk]; LAK820^c [Uruk IV–III (~3400–3000 BCE) | Archaic / Uruk]; ASY209 [Standard Babylonian (any period) | Akkadian syllabary]; LAK820^d [Uruk IV–III (~3400–3000 BCE) | Archaic / Uruk]; LAK834^a [Uruk IV–III (~3400–3000 BCE) | Archaic / Uruk]; LAK854^b [Uruk IV–III (~3400–3000 BCE) | Archaic / Uruk]; ASY276 [Standard Babylonian (any period) | Akkadian syllabary]; ABZL390 [Old Babylonian (~2000–1600 BCE) | School texts]; HZL356 [Hittite period (~1650–1180 BCE) | Hittite]; MZL748 [Standard Babylonian (any period) | Akkado-Babylonian]; RSP005 [Early Dynastic (~2900–2340 BCE) | Presargonic Lagash]; SLLHA480 [Standard Babylonian (any period) | Akkado-Babylonian]; SYA242 [Standard Babylonian (any period) | Akkadian syllabary]
U+12079,DIŠ,DIŠ@f,𒁹,LAK820^d [Uruk IV–III (~3400–3000 BCE) | Archaic / Uruk]; LAK834^a [Uruk IV–III (~3400–3000 BCE) | Archaic / Uruk]; LAK854^b [Uruk IV–III (~3400–3000 BCE) | Archaic / Uruk]; ASY276 [Standard Babylonian (any period) | Akkadian syllabary]; ABZL390 [Old Babylonian (~2000–1600 BCE) | School texts]; HZL356 [Hittite period (~1650–1180 BCE) | Hittite]; MZL748 [Standard Babylonian (any period) | Akkado-Babylonian]; RSP005 [Early Dynastic (~2900–2340 BCE) | Presargonic Lagash]; SLLHA480 [Standard Babylonian (any period) | Akkado-Babylonian]; SYA242 [Standard Babylonian (any period) | Akkadian syllabary]
U+12079,DIŠ,GAM,𒁹,LAK180 [Uruk IV–III (~3400–3000 BCE) | Archaic / Uruk]; ASY210 [Standard Babylonian (any period) | Akkadian syllabary]; GCSL091 [Gudea period (~2100 BCE) | Lagash / Girsu]; LAK820^d [Uruk IV–III (~3400–3000 BCE) | Archaic / Uruk]; LAK834^a [Uruk IV–III (~3400–3000 BCE) | Archaic / Uruk]; LAK854^b [Uruk IV–III (~3400–3000 BCE) | Archaic / Uruk]; ASY276 [Standard Babylonian (any period) | Akkadian syllabary]; ABZL390 [Old Babylonian (~2000–1600 BCE) | School texts]; HZL356 [Hittite period (~1650–1180 BCE) | Hittite]; MZL748 [Standard Babylonian (any period) | Akkado-Babylonian]; RSP005 [Early Dynastic (~2900–2340 BCE) | Presargonic Lagash]; SLLHA480 [Standard Babylonian (any period) | Akkado-Babylonian]; SYA242 [Standard Babylonian (any period) | Akkadian syllabary]
U+12079,DIŠ,MIN,𒁹,LAK417 [Uruk IV–III (~3400–3000 BCE) | Archaic / Uruk]; ASY308a [Standard Babylonian (any period) | Akkadian syllabary]; LAK820^d [Uruk IV–III (~3400–3000 BCE) | Archaic / Uruk]; LAK834^a [Uruk IV–III (~3400–3000 BCE) | Archaic / Uruk]; LAK854^b [Uruk IV–III (~3400–3000 BCE) | Archaic / Uruk]; ASY276 [Standard Babylonian (any period) | Akkadian syllabary]; ABZL390 [Old Babylonian (~2000–1600 BCE) | School texts]; HZL356 [Hittite period (~1650–1180 BCE) | Hittite]; MZL748 [Standard Babylonian (any period) | Akkado-Babylonian]; RSP005 [Early Dynastic (~2900–2340 BCE) | Presargonic Lagash]; SLLHA480 [Standard Babylonian (any period) | Akkado-Babylonian]; SYA242 [Standard Babylonian (any period) | Akkadian syllabary]
U+12079,DIŠ,PAP,𒁹,LAK229 [Uruk IV–III (~3400–3000 BCE) | Archaic / Uruk]; ASY032 [Standard Babylonian (any period) | Akkadian syllabary]; GCSL113 [Gudea period (~2100 BCE) | Lagash / Girsu]; LAK820^d [Uruk IV–III (~3400–3000 BCE) | Archaic / Uruk]; LAK834^a [Uruk IV–III (~3400–3000 BCE) | Archaic / Uruk]; LAK854^b [Uruk IV–III (~3400–3000 BCE) | Archaic / Uruk]; ASY276 [Standard Babylonian (any period) | Akkadian syllabary]; ABZL390 [Old Babylonian (~2000–1600 BCE) | School texts]; HZL356 [Hittite period (~1650–1180 BCE) | Hittite]; MZL748 [Standard Babylonian (any period) | Akkado-Babylonian]; RSP005 [Early Dynastic (~2900–2340 BCE) | Presargonic Lagash]; SLLHA480 [Standard Babylonian (any period) | Akkado-Babylonian]; SYA242 [Standard Babylonian (any period) | Akkadian syllabary]
U+12079,DIŠ,U,𒁹,LAK821^b [Uruk IV–III (~3400–3000 BCE) | Archaic / Uruk]; LAK840^b [Uruk IV–III (~3400–3000 BCE) | Archaic / Uruk]; LAK857^b [Uruk IV–III (~3400–3000 BCE) | Archaic / Uruk]; LAK859^b [Uruk IV–III (~3400–3000 BCE) | Archaic / Uruk]; ASY242 [Standard Babylonian (any period) | Akkadian syllabary]; GCSL176 [Gudea period (~2100 BCE) | Lagash / Girsu]; LAK820^d [Uruk IV–III (~3400–3000 BCE) | Archaic / Uruk]; LAK834^a [Uruk IV–III (~3400–3000 BCE) | Archaic / Uruk]; LAK854^b [Uruk IV–III (~3400–3000 BCE) | Archaic / Uruk]; ASY276 [Standard Babylonian (any period) | Akkadian syllabary]; ABZL390 [Old Babylonian (~2000–1600 BCE) | School texts]; HZL356 [Hittite period (~1650–1180 BCE) | Hittite]; MZL748 [Standard Babylonian (any period) | Akkado-Babylonian]; RSP005 [Early Dynastic (~2900–2340 BCE) | Presargonic Lagash]; SLLHA480 [Standard Babylonian (any period) | Akkado-Babylonian]; SYA242 [Standard Babylonian (any period) | Akkadian syllabary]
U+12079,DIŠ,U@c,𒁹,LAK807^a [Uruk IV–III (~3400–3000 BCE) | Archaic / Uruk]; LAK821^a [Uruk IV–III (~3400–3000 BCE) | Archaic / Uruk]; LAK840^a [Uruk IV–III (~3400–3000 BCE) | Archaic / Uruk]; LAK857^a [Uruk IV–III (~3400–3000 BCE) | Archaic / Uruk]; LAK859^a [Uruk IV–III (~3400–3000 BCE) | Archaic / Uruk]; LAK820^d [Uruk IV–III (~3400–3000 BCE) | Archaic / Uruk]; LAK834^a [Uruk IV–III (~3400–3000 BCE) | Archaic / Uruk]; LAK854^b [Uruk IV–III (~3400–3000 BCE) | Archaic / Uruk]; ASY276 [Standard Babylonian (any period) | Akkadian syllabary]; ABZL390 [Old Babylonian (~2000–1600 BCE) | School texts]; HZL356 [Hittite period (~1650–1180 BCE) | Hittite]; MZL748 [Standard Babylonian (any period) | Akkado-Babylonian]; RSP005 [Early Dynastic (~2900–2340 BCE) | Presargonic Lagash]; SLLHA480 [Standard Babylonian (any period) | Akkado-Babylonian]; SYA242 [Standard Babylonian (any period) | Akkadian syllabary]
U+12079,DIŠ,|U.U|,𒁹,ASY274 [Standard Babylonian (any period) | Akkadian syllabary]; LAK820^d [Uruk IV–III (~3400–3000 BCE) | Archaic / Uruk]; LAK834^a [Uruk IV–III (~3400–3000 BCE) | Archaic / Uruk]; LAK854^b [Uruk IV–III (~3400–3000 BCE) | Archaic / Uruk]; ASY276 [Standard Babylonian (any period) | Akkadian syllabary]; ABZL390 [Old Babylonian (~2000–1600 BCE) | School texts]; HZL356 [Hittite period (~1650–1180 BCE) | Hittite]; MZL748 [Standard Babylonian (any period) | Akkado-Babylonian]; RSP005 [Early Dynastic (~2900–2340 BCE) | Presargonic Lagash]; SLLHA480 [Standard Babylonian (any period) | Akkado-Babylonian]; SYA242 [Standard Babylonian (any period) | Akkadian syllabary]
U+12079,DIŠ,P₂,𒁹,LAK820^d [Uruk IV–III (~3400–3000 BCE) | Archaic / Uruk]; LAK834^a [Uruk IV–III (~3400–3000 BCE) | Archaic / Uruk]; LAK854^b [Uruk IV–III (~3400–3000 BCE) | Archaic / Uruk]; ASY276 [Standard Babylonian (any period) | Akkadian syllabary]; ABZL390 [Old Babylonian (~2000–1600 BCE) | School texts]; HZL356 [Hittite period (~1650–1180 BCE) | Hittite]; MZL748 [Standard Babylonian (any period) | Akkado-Babylonian]; RSP005 [Early Dynastic (~2900–2340 BCE) | Presargonic Lagash]; SLLHA480 [Standard Babylonian (any period) | Akkado-Babylonian]; SYA242 [Standard Babylonian (any period) | Akkadian syllabary]
U+12079,DIŠ,4(DIŠ),𒁹,LAK837^b [Uruk IV–III (~3400–3000 BCE) | Archaic / Uruk]; LAK820^d [Uruk IV–III (~3400–3000 BCE) | Archaic / Uruk]; LAK834^a [Uruk IV–III (~3400–3000 BCE) | Archaic / Uruk]; LAK854^b [Uruk IV–III (~3400–3000 BCE) | Archaic / Uruk]; ASY276 [Standard Babylonian (any period) | Akkadian syllabary]; ABZL390 [Old Babylonian (~2000–1600 BCE) | School texts]; HZL356 [Hittite period (~1650–1180 BCE) | Hittite]; MZL748 [Standard Babylonian (any period) | Akkado-Babylonian]; RSP005 [Early Dynastic (~2900–2340 BCE) | Presargonic Lagash]; SLLHA480 [Standard Babylonian (any period) | Akkado-Babylonian]; SYA242 [Standard Babylonian (any period) | Akkadian syllabary]
U+12079,DIŠ,5(DIŠ),𒁹,ASY324 [Standard Babylonian (any period) | Akkadian syllabary]; LAK820^d [Uruk IV–III (~3400–3000 BCE) | Archaic / Uruk]; LAK834^a [Uruk IV–III (~3400–3000 BCE) | Archaic / Uruk]; LAK854^b [Uruk IV–III (~3400–3000 BCE) | Archaic / Uruk]; ASY276 [Standard Babylonian (any period) | Akkadian syllabary]; ABZL390 [Old Babylonian (~2000–1600 BCE) | School texts]; HZL356 [Hittite period (~1650–1180 BCE) | Hittite]; MZL748 [Standard Babylonian (any period) | Akkado-Babylonian]; RSP005 [Early Dynastic (~2900–2340 BCE) | Presargonic Lagash]; SLLHA480 [Standard Babylonian (any period) | Akkado-Babylonian]; SYA242 [Standard Babylonian (any period) | Akkadian syllabary]
,|DIŠ.DIŠ.DIŠ|,3(DIŠ)~a,𒁹𒁹𒁹,
U+1207B,|DU&DU|,|DU%DU|,𒁻,ASY136 [Standard Babylonian (any period) | Akkadian syllabary]; ABZL197 [Old Babylonian (~2000–1600 BCE) | School texts]; KWU706 [Ur III (~2112–2004 BCE) | Administrative]; RSP370^a [Early Dynastic (~2900–2340 BCE) | Presargonic Lagash]; SLLHA206a [Standard Babylonian (any period) | Akkado-Babylonian]
U+1207C,DU@g,DU,𒁼,LAK484 [Uruk IV–III (~3400–3000 BCE) | Archaic / Uruk]; ASY135 [Standard Babylonian (any period) | Akkadian syllabary]; BAU374 [Early Dynastic (~2900–2340 BCE) | Lagash]; ELLES252 [Early Dynastic (~2900–2340 BCE) | Ebla]; GCSL224 [Gudea period (~2100 BCE) | Lagash / Girsu]; PTACE236 [Early Dynastic (~2900–2340 BCE) | Ebla]; RSP369 [Early Dynastic (~2900–2340 BCE) | Presargonic Lagash]; LAK486 [Uruk IV–III (~3400–3000 BCE) | Archaic / Uruk]; ASY132 [Standard Babylonian (any period) | Akkadian syllabary]; ABZL065 [Old Babylonian (~2000–1600 BCE) | School texts]; KWU708 [Ur III (~2112–2004 BCE) | Administrative]; MZL351 [Standard Babylonian (any period) | Akkado-Babylonian]; PTACE238 [Early Dynastic (~2900–2340 BCE) | Ebla]; RSP372 [Early Dynastic (~2900–2340 BCE) | Presargonic Lagash]; SLLHA201 [Standard Babylonian (any period) | Akkado-Babylonian]; SYA115 [Standard Babylonian (any period) | Akkadian syllabary]
U+1207C,DU@g,DU@s@g,𒁼,RSP373 [Early Dynastic (~2900–2340 BCE) | Presargonic Lagash]; LAK486 [Uruk IV–III (~3400–3000 BCE) | Archaic / Uruk]; ASY132 [Standard Babylonian (any period) | Akkadian syllabary]; ABZL065 [Old Babylonian (~2000–1600 BCE) | School texts]; KWU708 [Ur III (~2112–2004 BCE) | Administrative]; MZL351 [Standard Babylonian (any period) | Akkado-Babylonian]; PTACE238 [Early Dynastic (~2900–2340 BCE) | Ebla]; RSP372 [Early Dynastic (~2900–2340 BCE) | Presargonic Lagash]; SLLHA201 [Standard Babylonian (any period) | Akkado-Babylonian]; SYA115 [Standard Babylonian (any period) | Akkadian syllabary]
U+1207D,DU@s,DU,𒁽,LAK484 [Uruk IV–III (~3400–3000 BCE) | Archaic / Uruk]; ASY135 [Standard Babylonian (any period) | Akkadian syllabary]; BAU374 [Early Dynastic (~2900–2340 BCE) | Lagash]; ELLES252 [Early Dynastic (~2900–2340 BCE) | Ebla]; GCSL224 [Gudea period (~2100 BCE) | Lagash / Girsu]; PTACE236 [Early Dynastic (~2900–2340 BCE) | Ebla]; RSP369 [Early Dynastic (~2900–2340 BCE) | Presargonic Lagash]; ASY133 [Standard Babylonian (any period) | Akkadian syllabary]; ABZL066 [Old Babylonian (~2000–1600 BCE) | School texts]; BAU376 [Early Dynastic (~2900–2340 BCE) | Lagash]; GCSL225 [Gudea period (~2100 BCE) | Lagash / Girsu]; HZL129 [Hittite period (~1650–1180 BCE) | Hittite]; KWU707 [Ur III (~2112–2004 BCE) | Administrative]; MZL352 [Standard Babylonian (any period) | Akkado-Babylonian]; RSP371 [Early Dynastic (~2900–2340 BCE) | Presargonic Lagash]; SLLHA202 [Standard Babylonian (any period) | Akkado-Babylonian]; SYA116 [Standard Babylonian (any period) | Akkadian syllabary]
U+1207D,DU@s,|DU×KASKAL|,𒁽,LAK485 [Uruk IV–III (~3400–3000 BCE) | Archaic / Uruk]; ELLES253 [Early Dynastic (~2900–2340 BCE) | Ebla]; PTACE237 [Early Dynastic (~2900–2340 BCE) | Ebla]; ASY133 [Standard Babylonian (any period) | Akkadian syllabary]; ABZL066 [Old Babylonian (~2000–1600 BCE) | School texts]; BAU376 [Early Dynastic (~2900–2340 BCE) | Lagash]; GCSL225 [Gudea period (~2100 BCE) | Lagash / Girsu]; HZL129 [Hittite period (~1650–1180 BCE) | Hittite]; KWU707 [Ur III (~2112–2004 BCE) | Administrative]; MZL352 [Standard Babylonian (any period) | Akkado-Babylonian]; RSP371 [Early Dynastic (~2900–2340 BCE) | Presargonic Lagash]; SLLHA202 [Standard Babylonian (any period) | Akkado-Babylonian]; SYA116 [Standard Babylonian (any period) | Akkadian syllabary]
,|DU@s.DU@s|,|DU@s&DU@s|,𒁽𒁽,
U+12085,DUN₃,DUN₃@g,𒂅,LAK667 [Uruk IV–III (~3400–3000 BCE) | Archaic / Uruk]; BAU339 [Early Dynastic (~2900–2340 BCE) | Lagash]; ELLES325 [Early Dynastic (~2900–2340 BCE) | Ebla]; GCSL314 [Gudea period (~2100 BCE) | Lagash / Girsu]; PTACE269 [Early Dynastic (~2900–2340 BCE) | Ebla]; RSP305 [Early Dynastic (~2900–2340 BCE) | Presargonic Lagash]; LAK666 [Uruk IV–III (~3400–3000 BCE) | Archaic / Uruk]; ASY322 [Standard Babylonian (any period) | Akkadian syllabary]; ABZL401a [Old Babylonian (~2000–1600 BCE) | School texts]; BAU280 [Early Dynastic (~2900–2340 BCE) | Lagash]; BAU340 [Early Dynastic (~2900–2340 BCE) | Lagash]; GCSL400 [Gudea period (~2100 BCE) | Lagash / Girsu]; HZL223 [Hittite period (~1650–1180 BCE) | Hittite]; KWU858 [Ur III (~2112–2004 BCE) | Administrative]; MZL836 [Standard Babylonian (any period) | Akkado-Babylonian]; RSP306 [Early Dynastic (~2900–2340 BCE) | Presargonic Lagash]; SLLHA595 [Standard Babylonian (any period) | Akkado-Babylonian]; SYA282 [Standard Babylonian (any period) | Akkadian syllabary]
U+12085,DUN₃,LAK786,𒂅,LAK786 [Uruk IV–III (~3400–3000 BCE) | Archaic / Uruk]; ELLES385 [Early Dynastic (~2900–2340 BCE) | Ebla]; LAK666 [Uruk IV–III (~3400–3000 BCE) | Archaic / Uruk]; ASY322 [Standard Babylonian (any period) | Akkadian syllabary]; ABZL401a [Old Babylonian (~2000–1600 BCE) | School texts]; BAU280 [Early Dynastic (~2900–2340 BCE) | Lagash]; BAU340 [Early Dynastic (~2900–2340 BCE) | Lagash]; GCSL400 [Gudea period (~2100 BCE) | Lagash / Girsu]; HZL223 [Hittite period (~1650–1180 BCE) | Hittite]; KWU858 [Ur III (~2112–2004 BCE) | Administrative]; MZL836 [Standard Babylonian (any period) | Akkado-Babylonian]; RSP306 [Early Dynastic (~2900–2340 BCE) | Presargonic Lagash]; SLLHA595 [Standard Babylonian (any period) | Akkado-Babylonian]; SYA282 [Standard Babylonian (any period) | Akkadian syllabary]
U+12087,DUN₃@g@g,AGA~a,𒂇,ABZL219a [Old Babylonian (~2000–1600 BCE) | School texts]; LAK154 [Uruk IV–III (~3400–3000 BCE) | Archaic / Uruk]; ASY198 [Standard Babylonian (any period) | Akkadian syllabary]; ABZL219b [Old Babylonian (~2000–1600 BCE) | School texts]; ELLES084 [Early Dynastic (~2900–2340 BCE) | Ebla]; GCSL072 [Gudea period (~2100 BCE) | Lagash / Girsu]; HZL096 [Hittite period (~1650–1180 BCE) | Hittite]; KWU311 [Ur III (~2112–2004 BCE) | Administrative]; MZL556 [Standard Babylonian (any period) | Akkado-Babylonian]; RSP275 [Early Dynastic (~2900–2340 BCE) | Presargonic Lagash]; SLLHA347 [Standard Babylonian (any period) | Akkado-Babylonian]; SYA173 [Standard Babylonian (any period) | Akkadian syllabary]
U+12088,DUN₄,|DUN₃@g×(MU.KAK)|,𒂈,ABZL220 [Old Babylonian (~2000–1600 BCE) | School texts]; BAU156 [Early Dynastic (~2900–2340 BCE) | Lagash]; GCSL312 [Gudea period (~2100 BCE) | Lagash / Girsu]; HZL088 [Hittite period (~1650–1180 BCE) | Hittite]; KWU185 [Ur III (~2112–2004 BCE) | Administrative]; MZL557 [Standard Babylonian (any period) | Akkado-Babylonian]; SLLHA348 [Standard Babylonian (any period) | Akkado-Babylonian]
U+12089,DUR₂,|LAGAB×AŠ@c|,𒂉,LAK772 [Uruk IV–III (~3400–3000 BCE) | Archaic / Uruk]; BAU268 [Early Dynastic (~2900–2340 BCE) | Lagash]; LAK791^a [Uruk IV–III (~3400–3000 BCE) | Archaic / Uruk]; ABZL415 [Old Babylonian (~2000–1600 BCE) | School texts]; ELLES388 [Early Dynastic (~2900–2340 BCE) | Ebla]; RSP253 [Early Dynastic (~2900–2340 BCE) | Presargonic Lagash]; SYA254 [Standard Babylonian (any period) | Akkadian syllabary]
,|DUR₂.DUR₂|,|DUR₂&DUR₂|,𒂉𒂉,
U+12095,EGIR,KWU732,𒂕,LAK499 [Uruk IV–III (~3400–3000 BCE) | Archaic / Uruk]; ABZL076 [Old Babylonian (~2000–1600 BCE) | School texts]; GCSL230 [Gudea period (~2100 BCE) | Lagash / Girsu]; HZL126 [Hittite period (~1650–1180 BCE) | Hittite]; KWU731 [Ur III (~2112–2004 BCE) | Administrative]; MZL356 [Standard Babylonian (any period) | Akkado-Babylonian]; RSP403 [Early Dynastic (~2900–2340 BCE) | Presargonic Lagash]; SLLHA209 [Standard Babylonian (any period) | Akkado-Babylonian]
U+12097,EN,LAK530,𒂗,LAK530 [Uruk IV–III (~3400–3000 BCE) | Archaic / Uruk]; ELLES283 [Early Dynastic (~2900–2340 BCE) | Ebla]; PTACE256 [Early Dynastic (~2900–2340 BCE) | Ebla]; LAK532 [Uruk IV–III (~3400–3000 BCE) | Archaic / Uruk]; ASY071 [Standard Babylonian (any period) | Akkadian syllabary]; ABZL062 [Old Babylonian (~2000–1600 BCE) | School texts]; BAU296 [Early Dynastic (~2900–2340 BCE) | Lagash]; GCSL248 [Gudea period (~2100 BCE) | Lagash / Girsu]; HZL040 [Hittite period (~1650–1180 BCE) | Hittite]; KWU075 [Ur III (~2112–2004 BCE) | Administrative]; MZL164 [Standard Babylonian (any period) | Akkado-Babylonian]; RSP271 [Early Dynastic (~2900–2340 BCE) | Presargonic Lagash]; SLLHA099 [Standard Babylonian (any period) | Akkado-Babylonian]; SYA062 [Standard Babylonian (any period) | Akkadian syllabary]
U+120A0,EŠ₂,EŠ₂@90,𒂠,LAK794 [Uruk IV–III (~3400–3000 BCE) | Archaic / Uruk]; ASY291 [Standard Babylonian (any period) | Akkadian syllabary]; ABZL420 [Old Babylonian (~2000–1600 BCE) | School texts]; BAU386a [Early Dynastic (~2900–2340 BCE) | Lagash]; ELLES392 [Early Dynastic (~2900–2340 BCE) | Ebla]; GCSL323 [Gudea period (~2100 BCE) | Lagash / Girsu]; PTACE325 [Early Dynastic (~2900–2340 BCE) | Ebla]; RSP256 [Early Dynastic (~2900–2340 BCE) | Presargonic Lagash]; SYA256 [Standard Babylonian (any period) | Akkadian syllabary]
U+120A1,EZEN,KEŠ₂,𒂡,LAK612 [Uruk IV–III (~3400–3000 BCE) | Archaic / Uruk]; BAU307 [Early Dynastic (~2900–2340 BCE) | Lagash]; ELLES300 [Early Dynastic (~2900–2340 BCE) | Ebla]; GCSL264 [Gudea period (~2100 BCE) | Lagash / Girsu]; PTACE265 [Early Dynastic (~2900–2340 BCE) | Ebla]; RSP285 [Early Dynastic (~2900–2340 BCE) | Presargonic Lagash]; LAK611 [Uruk IV–III (~3400–3000 BCE) | Archaic / Uruk]; ASY113 [Standard Babylonian (any period) | Akkadian syllabary]; ABZL152a [Old Babylonian (~2000–1600 BCE) | School texts]; BAU298 [Early Dynastic (~2900–2340 BCE) | Lagash]; ELLES303 [Early Dynastic (~2900–2340 BCE) | Ebla]; GCSL261 [Gudea period (~2100 BCE) | Lagash / Girsu]; KWU835 [Ur III (~2112–2004 BCE) | Administrative]; MZL272 [Standard Babylonian (any period) | Akkado-Babylonian]; PTACE262 [Early Dynastic (~2900–2340 BCE) | Ebla]; RSP284 [Early Dynastic (~2900–2340 BCE) | Presargonic Lagash]; SLLHA152_8b [Standard Babylonian (any period) | Akkado-Babylonian]; SYA099 [Standard Babylonian (any period) | Akkadian syllabary]
U+120A1,EZEN,ŠIR₃~a,𒂡,ABZL152b [Old Babylonian (~2000–1600 BCE) | School texts]; LAK611 [Uruk IV–III (~3400–3000 BCE) | Archaic / Uruk]; ASY113 [Standard Babylonian (any period) | Akkadian syllabary]; ABZL152a [Old Babylonian (~2000–1600 BCE) | School texts]; BAU298 [Early Dynastic (~2900–2340 BCE) | Lagash]; ELLES303 [Early Dynastic (~2900–2340 BCE) | Ebla]; GCSL261 [Gudea period (~2100 BCE) | Lagash / Girsu]; KWU835 [Ur III (~2112–2004 BCE) | Administrative]; MZL272 [Standard Babylonian (any period) | Akkado-Babylonian]; PTACE262 [Early Dynastic (~2900–2340 BCE) | Ebla]; RSP284 [Early Dynastic (~2900–2340 BCE) | Presargonic Lagash]; SLLHA152_8b [Standard Babylonian (any period) | Akkado-Babylonian]; SYA099 [Standard Babylonian (any period) | Akkadian syllabary]
U+120A6,|EZEN×BAD|,|EZEN×AŠ|,𒂦,ASY114 [Standard Babylonian (any period) | Akkadian syllabary]; ABZL153 [Old Babylonian (~2000–1600 BCE) | School texts]; GCSL262 [Gudea period (~2100 BCE) | Lagash / Girsu]; HZL114 [Hittite period (~1650–1180 BCE) | Hittite]; KWU837 [Ur III (~2112–2004 BCE) | Administrative]; MZL275 [Standard Babylonian (any period) | Akkado-Babylonian]; PTACE263 [Early Dynastic (~2900–2340 BCE) | Ebla]; RSP286 [Early Dynastic (~2900–2340 BCE) | Presargonic Lagash]; SLLHA152_8 [Standard Babylonian (any period) | Akkado-Babylonian]
U+120A7,|EZEN×DUN₃@g|,|EZEN×GAN₂@t|,𒂧,
U+120AF,|EZEN×LA|,EZEN,𒂯,LAK611 [Uruk IV–III (~3400–3000 BCE) | Archaic / Uruk]; ASY113 [Standard Babylonian (any period) | Akkadian syllabary]; BAU298 [Early Dynastic (~2900–2340 BCE) | Lagash]; ELLES303 [Early Dynastic (~2900–2340 BCE) | Ebla]; GCSL261 [Gudea period (~2100 BCE) | Lagash / Girsu]; PTACE262 [Early Dynastic (~2900–2340 BCE) | Ebla]; RSP284 [Early Dynastic (~2900–2340 BCE) | Presargonic Lagash]; LAK615 [Uruk IV–III (~3400–3000 BCE) | Archaic / Uruk]; ABZL154 [Old Babylonian (~2000–1600 BCE) | School texts]; KWU839 [Ur III (~2112–2004 BCE) | Administrative]; MZL274 [Standard Babylonian (any period) | Akkado-Babylonian]; RSP288 [Early Dynastic (~2900–2340 BCE) | Presargonic Lagash]; SLLHA152_9 [Standard Babylonian (any period) | Akkado-Babylonian]
U+120B0,|EZEN×LAL₂|,EZEN,𒂰,LAK611 [Uruk IV–III (~3400–3000 BCE) | Archaic / Uruk]; ASY113 [Standard Babylonian (any period) | Akkadian syllabary]; BAU298 [Early Dynastic (~2900–2340 BCE) | Lagash]; ELLES303 [Early Dynastic (~2900–2340 BCE) | Ebla]; GCSL261 [Gudea period (~2100 BCE) | Lagash / Girsu]; PTACE262 [Early Dynastic (~2900–2340 BCE) | Ebla]; RSP284 [Early Dynastic (~2900–2340 BCE) | Presargonic Lagash]; ABZL158 [Old Babylonian (~2000–1600 BCE) | School texts]; MZL285 [Standard Babylonian (any period) | Akkado-Babylonian]; SLLHA156 [Standard Babylonian (any period) | Akkado-Babylonian]
U+1245E,F₂,NIGIDAMIN@c,𒑞,LAK835^a [Uruk IV–III (~3400–3000 BCE) | Archaic / Uruk]; LAK818 [Uruk IV–III (~3400–3000 BCE) | Archaic / Uruk]; RSP010 [Early Dynastic (~2900–2340 BCE) | Presargonic Lagash]
U+1245E,F₂,2(DIŠ@c)~a,𒑞,LAK818 [Uruk IV–III (~3400–3000 BCE) | Archaic / Uruk]; RSP010 [Early Dynastic (~2900–2340 BCE) | Presargonic Lagash]
U+120B8,|GA₂×(A.DA.HA)|,|GA₂×HA|,𒂸,LAK694 [Uruk IV–III (~3400–3000 BCE) | Archaic / Uruk]; ELLES336 [Early Dynastic (~2900–2340 BCE) | Ebla]; ZATU173 [Uruk IV–III (~3400–3000 BCE) | Archaic / Uruk]; ZATU180 [Uruk IV–III (~3400–3000 BCE) | Archaic / Uruk]
U+120B8,|GA₂×(A.DA.HA)|,|GA₂×(HA.HA)|,𒂸,LAK695 [Uruk IV–III (~3400–3000 BCE) | Archaic / Uruk]; ELLES347 [Early Dynastic (~2900–2340 BCE) | Ebla]; ZATU174 [Uruk IV–III (~3400–3000 BCE) | Archaic / Uruk]
U+120B8,|GA₂×(A.DA.HA)|,|LAGAB×HA|,𒂸,LAK784^a [Uruk IV–III (~3400–3000 BCE) | Archaic / Uruk]
U+120B8,|GA₂×(A.DA.HA)|,|LAGAB×(HA.A)|,𒂸,LAK784 [Uruk IV–III (~3400–3000 BCE) | Archaic / Uruk]
U+120BB,|GA₂×(AB₂@t.TAB)|,|GA₂×(AB₂×GAN₂@t.TAB)|,𒂻,
U+120BB,|GA₂×(AB₂@t.TAB)|,|GA₂×(AB₂×ŠA₃.TAB)|,𒂻,
U+120D1,|GA₂×(HA.LU.EŠ₂)|,|GA₂×(HA.LU.UB)|,𒃑,MZL430 [Standard Babylonian (any period) | Akkado-Babylonian]; SLLHA277 [Standard Babylonian (any period) | Akkado-Babylonian]
,|GA₂×(IGI@g.ME)|,|GA₂×IGI@g|,,
U+120DE,|GA₂×(ME.EN)|,|GA₂×(EN.ME)|,𒃞,LAK683 [Uruk IV–III (~3400–3000 BCE) | Archaic / Uruk]; ABZL102 [Old Babylonian (~2000–1600 BCE) | School texts]; GCSL292 [Gudea period (~2100 BCE) | Lagash / Girsu]; MZL427 [Standard Babylonian (any period) | Akkado-Babylonian]; SLLHA270 [Standard Babylonian (any period) | Akkado-Babylonian]
U+124C5,|GA₂×(NE.E₂)|,|GA₂×(E₂.NE)|,𒓅,LAK692 [Uruk IV–III (~3400–3000 BCE) | Archaic / Uruk]; ELLES374 [Early Dynastic (~2900–2340 BCE) | Ebla]; ZATU251 [Uruk IV–III (~3400–3000 BCE) | Archaic / Uruk]
U+120E0,|GA₂×NUN|,|LAGAB×NUN|,𒃠,LAK678 [Uruk IV–III (~3400–3000 BCE) | Archaic / Uruk]; ABZL096 [Old Babylonian (~2000–1600 BCE) | School texts]; BAU318 [Early Dynastic (~2900–2340 BCE) | Lagash]; KWU813 [Ur III (~2112–2004 BCE) | Administrative]; MZL397 [Standard Babylonian (any period) | Akkado-Babylonian]; RSP241 [Early Dynastic (~2900–2340 BCE) | Presargonic Lagash]; SLLHA244v [Standard Babylonian (any period) | Akkado-Babylonian]
,|GA₂×(SILA₃.ME)|,|GA×SILA₃|,,
U+120EB,|GA₂×UD|,|GA₂×ERIN₂|,𒃫,LAK697 [Uruk IV–III (~3400–3000 BCE) | Archaic / Uruk]; ELLES343 [Early Dynastic (~2900–2340 BCE) | Ebla]; MZL420 [Standard Babylonian (any period) | Akkado-Babylonian]; SLLHA262 [Standard Babylonian (any period) | Akkado-Babylonian]
,SUKUD,|TA×ŠE|,,RSP211 [Early Dynastic (~2900–2340 BCE) | Presargonic Lagash]; ABZL133 [Old Babylonian (~2000–1600 BCE) | School texts]; MZL338 [Standard Babylonian (any period) | Akkado-Babylonian]
U+120F6,GAN,|GAN×HI|,𒃶,BAU048 [Early Dynastic (~2900–2340 BCE) | Lagash]; LAK644 [Uruk IV–III (~3400–3000 BCE) | Archaic / Uruk]; ASY105 [Standard Babylonian (any period) | Akkadian syllabary]; ABZL120 [Old Babylonian (~2000–1600 BCE) | School texts]; BAU047 [Early Dynastic (~2900–2340 BCE) | Lagash]; GCSL273 [Gudea period (~2100 BCE) | Lagash / Girsu]; HZL113 [Hittite period (~1650–1180 BCE) | Hittite]; KWU747 [Ur III (~2112–2004 BCE) | Administrative]; MZL253 [Standard Babylonian (any period) | Akkado-Babylonian]; PTACE058 [Early Dynastic (~2900–2340 BCE) | Ebla]; RSP428 [Early Dynastic (~2900–2340 BCE) | Presargonic Lagash]; SLLHA143 [Standard Babylonian (any period) | Akkado-Babylonian]; SYA092 [Standard Babylonian (any period) | Akkadian syllabary]
,GAN@s,|GAN×KASKAL|,,LAK645 [Uruk IV–III (~3400–3000 BCE) | Archaic / Uruk]
U+120F7,GAN₂,GAN₂@c@v,𒃷,LAK089 [Uruk IV–III (~3400–3000 BCE) | Archaic / Uruk]; ASY077 [Standard Babylonian (any period) | Akkadian syllabary]; ABZL106 [Old Babylonian (~2000–1600 BCE) | School texts]; BAU061 [Early Dynastic (~2900–2340 BCE) | Lagash]; ELLES055 [Early Dynastic (~2900–2340 BCE) | Ebla]; ELLES322 [Early Dynastic (~2900–2340 BCE) | Ebla]; GCSL026 [Gudea period (~2100 BCE) | Lagash / Girsu]; HZL061 [Hittite period (~1650–1180 BCE) | Hittite]; KWU100 [Ur III (~2112–2004 BCE) | Administrative]; MZL174 [Standard Babylonian (any period) | Akkado-Babylonian]; PTACE056 [Early Dynastic (~2900–2340 BCE) | Ebla]; RSP247 [Early Dynastic (~2900–2340 BCE) | Presargonic Lagash]; SLLHA105 [Standard Babylonian (any period) | Akkado-Babylonian]; SYA067 [Standard Babylonian (any period) | Akkadian syllabary]
U+120F7,GAN₂,GAN₂@t,𒃷,LAK186 [Uruk IV–III (~3400–3000 BCE) | Archaic / Uruk]; ASY078 [Standard Babylonian (any period) | Akkadian syllabary]; GCSL095 [Gudea period (~2100 BCE) | Lagash / Girsu]; LAK089 [Uruk IV–III (~3400–3000 BCE) | Archaic / Uruk]; ASY077 [Standard Babylonian (any period) | Akkadian syllabary]; ABZL106 [Old Babylonian (~2000–1600 BCE) | School texts]; BAU061 [Early Dynastic (~2900–2340 BCE) | Lagash]; ELLES055 [Early Dynastic (~2900–2340 BCE) | Ebla]; ELLES322 [Early Dynastic (~2900–2340 BCE) | Ebla]; GCSL026 [Gudea period (~2100 BCE) | Lagash / Girsu]; HZL061 [Hittite period (~1650–1180 BCE) | Hittite]; KWU100 [Ur III (~2112–2004 BCE) | Administrative]; MZL174 [Standard Babylonian (any period) | Akkado-Babylonian]; PTACE056 [Early Dynastic (~2900–2340 BCE) | Ebla]; RSP247 [Early Dynastic (~2900–2340 BCE) | Presargonic Lagash]; SLLHA105 [Standard Babylonian (any period) | Akkado-Babylonian]; SYA067 [Standard Babylonian (any period) | Akkadian syllabary]
U+120F8,GAN₂@t,GAN₂,𒃸,LAK089 [Uruk IV–III (~3400–3000 BCE) | Archaic / Uruk]; LAK186 [Uruk IV–III (~3400–3000 BCE) | Archaic / Uruk]; ASY078 [Standard Babylonian (any period) | Akkadian syllabary]; ABZL246 [Old Babylonian (~2000–1600 BCE) | School texts]; ELLES110 [Early Dynastic (~2900–2340 BCE) | Ebla]; GCSL095 [Gudea period (~2100 BCE) | Lagash / Girsu]; KWU349 [Ur III (~2112–2004 BCE) | Administrative]; MZL175 [Standard Babylonian (any period) | Akkado-Babylonian]; PTACE326 [Early Dynastic (~2900–2340 BCE) | Ebla]; SLLHA105 [Standard Babylonian (any period) | Akkado-Babylonian]; SYA068 [Standard Babylonian (any period) | Akkadian syllabary]
U+12103,|GI%GI|,|GI₄%GI₄|,𒄃,ASY177 [Standard Babylonian (any period) | Akkadian syllabary]; LAK465 [Uruk IV–III (~3400–3000 BCE) | Archaic / Uruk]; ASY039 [Standard Babylonian (any period) | Akkadian syllabary]; ABZL250 [Old Babylonian (~2000–1600 BCE) | School texts]; ELLES244 [Early Dynastic (~2900–2340 BCE) | Ebla]; HZL258 [Hittite period (~1650–1180 BCE) | Hittite]; KWU124 [Ur III (~2112–2004 BCE) | Administrative]; MZL105 [Standard Babylonian (any period) | Akkado-Babylonian]; PTACE126 [Early Dynastic (~2900–2340 BCE) | Ebla]; RSP452 [Early Dynastic (~2900–2340 BCE) | Presargonic Lagash]; SLLHA067 [Standard Babylonian (any period) | Akkado-Babylonian]; SYA032 [Standard Babylonian (any period) | Akkadian syllabary]
U+12108,GIR₂,GIR₂@g,𒄈,LAK007 [Uruk IV–III (~3400–3000 BCE) | Archaic / Uruk]; LAK006 [Uruk IV–III (~3400–3000 BCE) | Archaic / Uruk]; ASY009 [Standard Babylonian (any period) | Akkadian syllabary]; ABZL008 [Old Babylonian (~2000–1600 BCE) | School texts]; BAU003 [Early Dynastic (~2900–2340 BCE) | Lagash]; ELLES003 [Early Dynastic (~2900–2340 BCE) | Ebla]; GCSL002 [Gudea period (~2100 BCE) | Lagash / Girsu]; HZL006 [Hittite period (~1650–1180 BCE) | Hittite]; KWU020 [Ur III (~2112–2004 BCE) | Administrative]; MZL006 [Standard Babylonian (any period) | Akkado-Babylonian]; PTACE005 [Early Dynastic (~2900–2340 BCE) | Ebla]; RSP339 [Early Dynastic (~2900–2340 BCE) | Presargonic Lagash]; SLLHA010 [Standard Babylonian (any period) | Akkado-Babylonian]; SYA009 [Standard Babylonian (any period) | Akkadian syllabary]
U+12109,GIR₂@g,GIR₂,𒄉,LAK006 [Uruk IV–III (~3400–3000 BCE) | Archaic / Uruk]; ASY009 [Standard Babylonian (any period) | Akkadian syllabary]; LAK007 [Uruk IV–III (~3400–3000 BCE) | Archaic / Uruk]; ABZL008 [Old Babylonian (~2000–1600 BCE) | School texts]; BAU004 [Early Dynastic (~2900–2340 BCE) | Lagash]; BAU005 [Early Dynastic (~2900–2340 BCE) | Lagash]; ELLES004 [Early Dynastic (~2900–2340 BCE) | Ebla]; GCSL003 [Gudea period (~2100 BCE) | Lagash / Girsu]; HZL006 [Hittite period (~1650–1180 BCE) | Hittite]; KWU021 [Ur III (~2112–2004 BCE) | Administrative]; MZL007 [Standard Babylonian (any period) | Akkado-Babylonian]; PTACE006 [Early Dynastic (~2900–2340 BCE) | Ebla]; RSP339bis [Early Dynastic (~2900–2340 BCE) | Presargonic Lagash]; SLLHA010 [Standard Babylonian (any period) | Akkado-Babylonian]; SYA009 [Standard Babylonian (any period) | Akkadian syllabary]
U+1210A,GIR₃,KIŠ,𒄊,LAK240 [Uruk IV–III (~3400–3000 BCE) | Archaic / Uruk]; ASY247 [Standard Babylonian (any period) | Akkadian syllabary]; LAK248 [Uruk IV–III (~3400–3000 BCE) | Archaic / Uruk]; ASY259 [Standard Babylonian (any period) | Akkadian syllabary]; ABZL291b [Old Babylonian (~2000–1600 BCE) | School texts]; BAU161a [Early Dynastic (~2900–2340 BCE) | Lagash]; BAU161c [Early Dynastic (~2900–2340 BCE) | Lagash]; ELLES137 [Early Dynastic (~2900–2340 BCE) | Ebla]; GCSL165 [Gudea period (~2100 BCE) | Lagash / Girsu]; HZL301 [Hittite period (~1650–1180 BCE) | Hittite]; KWU457 [Ur III (~2112–2004 BCE) | Administrative]; MZL701 [Standard Babylonian (any period) | Akkado-Babylonian]; PTACE133 [Early Dynastic (~2900–2340 BCE) | Ebla]; RSP463 [Early Dynastic (~2900–2340 BCE) | Presargonic Lagash]; SLLHA444 [Standard Babylonian (any period) | Akkado-Babylonian]
U+1210B,|GIR₃×(A.IGI)|,KIŠ,𒄋,LAK240 [Uruk IV–III (~3400–3000 BCE) | Archaic / Uruk]; ASY247 [Standard Babylonian (any period) | Akkadian syllabary]; ABZL295 [Old Babylonian (~2000–1600 BCE) | School texts]; HZL303 [Hittite period (~1650–1180 BCE) | Hittite]; KWU464 [Ur III (~2112–2004 BCE) | Administrative]; MZL703 [Standard Babylonian (any period) | Akkado-Babylonian]; SLLHA421 [Standard Babylonian (any period) | Akkado-Babylonian]
U+1210C,|GIR₃×GAN₂@t|,KIŠ,𒄌,LAK240 [Uruk IV–III (~3400–3000 BCE) | Archaic / Uruk]; ASY247 [Standard Babylonian (any period) | Akkadian syllabary]; LAK251 [Uruk IV–III (~3400–3000 BCE) | Archaic / Uruk]; ABZL293 [Old Babylonian (~2000–1600 BCE) | School texts]; BAU165 [Early Dynastic (~2900–2340 BCE) | Lagash]; KWU462 [Ur III (~2112–2004 BCE) | Administrative]; MZL675 [Standard Babylonian (any period) | Akkado-Babylonian]; RSP464 [Early Dynastic (~2900–2340 BCE) | Presargonic Lagash]; SLLHA423 [Standard Babylonian (any period) | Akkado-Babylonian]
U+1210E,|GIR₃×(LU.IGI)|,|GIR₃×(IGI.LU)|,𒄎,GCSL168 [Gudea period (~2100 BCE) | Lagash / Girsu]; LAK250 [Uruk IV–III (~3400–3000 BCE) | Archaic / Uruk]; ELLES142 [Early Dynastic (~2900–2340 BCE) | Ebla]; GCSL169 [Gudea period (~2100 BCE) | Lagash / Girsu]; KWU467 [Ur III (~2112–2004 BCE) | Administrative]; MZL702 [Standard Babylonian (any period) | Akkado-Babylonian]; PTACE138 [Early Dynastic (~2900–2340 BCE) | Ebla]; SLLHA421a [Standard Babylonian (any period) | Akkado-Babylonian]
U+12110,GISAL,GISAL,𒄐,LAK589 [Uruk IV–III (~3400–3000 BCE) | Archaic / Uruk]; ABZL081 [Old Babylonian (~2000–1600 BCE) | School texts]; ELLES294 [Early Dynastic (~2900–2340 BCE) | Ebla]; MZL376 [Standard Babylonian (any period) | Akkado-Babylonian]; RSP217 [Early Dynastic (~2900–2340 BCE) | Presargonic Lagash]; RSP367 [Early Dynastic (~2900–2340 BCE) | Presargonic Lagash]; SLLHA226 [Standard Babylonian (any period) | Akkado-Babylonian]
U+12110,GISAL,|GUD.GIŠ×TAK₄|,𒄐,LAK590 [Uruk IV–III (~3400–3000 BCE) | Archaic / Uruk]; LAK589 [Uruk IV–III (~3400–3000 BCE) | Archaic / Uruk]; ABZL081 [Old Babylonian (~2000–1600 BCE) | School texts]; ELLES294 [Early Dynastic (~2900–2340 BCE) | Ebla]; MZL376 [Standard Babylonian (any period) | Akkado-Babylonian]; RSP217 [Early Dynastic (~2900–2340 BCE) | Presargonic Lagash]; SLLHA226 [Standard Babylonian (any period) | Akkado-Babylonian]
U+12111,GIŠ,GIŠ~v,𒄑,BAU377 [Early Dynastic (~2900–2340 BCE) | Lagash]; LAK673 [Uruk IV–III (~3400–3000 BCE) | Archaic / Uruk]; ASY156 [Standard Babylonian (any period) | Akkadian syllabary]; ABZL160 [Old Babylonian (~2000–1600 BCE) | School texts]; BAU312 [Early Dynastic (~2900–2340 BCE) | Lagash]; ELLES331 [Early Dynastic (~2900–2340 BCE) | Ebla]; GCSL286 [Gudea period (~2100 BCE) | Lagash / Girsu]; HZL178 [Hittite period (~1650–1180 BCE) | Hittite]; KWU802 [Ur III (~2112–2004 BCE) | Administrative]; MZL469 [Standard Babylonian (any period) | Akkado-Babylonian]; PTACE279 [Early Dynastic (~2900–2340 BCE) | Ebla]; RSP231 [Early Dynastic (~2900–2340 BCE) | Presargonic Lagash]; SLLHA296 [Standard Babylonian (any period) | Akkado-Babylonian]; SYA137 [Standard Babylonian (any period) | Akkadian syllabary]
U+12117,|GU%GU|,|GU&GU|,𒄗,LAK510 [Uruk IV–III (~3400–3000 BCE) | Archaic / Uruk]; ASY308 [Standard Babylonian (any period) | Akkadian syllabary]; ABZL251 [Old Babylonian (~2000–1600 BCE) | School texts]; MZL892 [Standard Babylonian (any period) | Akkado-Babylonian]; SLLHA569 [Standard Babylonian (any period) | Akkado-Babylonian]
,|GU₂.GAR₃|,|TUM×PAP|,𒄘𒃼,LAK063 [Uruk IV–III (~3400–3000 BCE) | Archaic / Uruk]; ABZL087 [Old Babylonian (~2000–1600 BCE) | School texts]; BAU050 [Early Dynastic (~2900–2340 BCE) | Lagash]; ELLES039 [Early Dynastic (~2900–2340 BCE) | Ebla]; GCSL025 [Gudea period (~2100 BCE) | Lagash / Girsu]; KWU689 [Ur III (~2112–2004 BCE) | Administrative]
,|GU₂.GAR₃|,IDIGNA,𒄘𒃼,LAK063 [Uruk IV–III (~3400–3000 BCE) | Archaic / Uruk]; ABZL087 [Old Babylonian (~2000–1600 BCE) | School texts]; BAU050 [Early Dynastic (~2900–2340 BCE) | Lagash]; ELLES039 [Early Dynastic (~2900–2340 BCE) | Ebla]; GCSL025 [Gudea period (~2100 BCE) | Lagash / Girsu]; KWU689 [Ur III (~2112–2004 BCE) | Administrative]
U+12119,|GU₂×KAK|,LAK545,𒄙,LAK545 [Uruk IV–III (~3400–3000 BCE) | Archaic / Uruk]; LAK549 [Uruk IV–III (~3400–3000 BCE) | Archaic / Uruk]; ABZL088 [Old Babylonian (~2000–1600 BCE) | School texts]; BAU332 [Early Dynastic (~2900–2340 BCE) | Lagash]; ELLES289 [Early Dynastic (~2900–2340 BCE) | Ebla]; HZL202 [Hittite period (~1650–1180 BCE) | Hittite]; KWU153 [Ur III (~2112–2004 BCE) | Administrative]; KWU691 [Ur III (~2112–2004 BCE) | Administrative]; MZL178 [Standard Babylonian (any period) | Akkado-Babylonian]; PTACE243 [Early Dynastic (~2900–2340 BCE) | Ebla]; RSP356 [Early Dynastic (~2900–2340 BCE) | Presargonic Lagash]; SLLHA108 [Standard Babylonian (any period) | Akkado-Babylonian]; SYA070 [Standard Babylonian (any period) | Akkadian syllabary]
U+12128,GURUŠ,KAL,𒄨,LAK709^b [Uruk IV–III (~3400–3000 BCE) | Archaic / Uruk]; ASY173 [Standard Babylonian (any period) | Akkadian syllabary]; GCSL293 [Gudea period (~2100 BCE) | Lagash / Girsu]; LAK709^a [Uruk IV–III (~3400–3000 BCE) | Archaic / Uruk]; ABZL176 [Old Babylonian (~2000–1600 BCE) | School texts]; BAU308 [Early Dynastic (~2900–2340 BCE) | Lagash]; ELLES348 [Early Dynastic (~2900–2340 BCE) | Ebla]; KWU803 [Ur III (~2112–2004 BCE) | Administrative]; PTACE287 [Early Dynastic (~2900–2340 BCE) | Ebla]
U+12129,HA,HA@g,𒄩,LAK353 [Uruk IV–III (~3400–3000 BCE) | Archaic / Uruk]; ASY197 [Standard Babylonian (any period) | Akkadian syllabary]; BAU210 [Early Dynastic (~2900–2340 BCE) | Lagash]; ELLES196 [Early Dynastic (~2900–2340 BCE) | Ebla]; GCSL191 [Gudea period (~2100 BCE) | Lagash / Girsu]; PTACE188 [Early Dynastic (~2900–2340 BCE) | Ebla]; RSP182 [Early Dynastic (~2900–2340 BCE) | Presargonic Lagash]; LAK351 [Uruk IV–III (~3400–3000 BCE) | Archaic / Uruk]; ASY317 [Standard Babylonian (any period) | Akkadian syllabary]; ABZL475 [Old Babylonian (~2000–1600 BCE) | School texts]; BAU207 [Early Dynastic (~2900–2340 BCE) | Lagash]; ELLES194 [Early Dynastic (~2900–2340 BCE) | Ebla]; GCSL190 [Gudea period (~2100 BCE) | Lagash / Girsu]; HZL367 [Hittite period (~1650–1180 BCE) | Hittite]; KWU916 [Ur III (~2112–2004 BCE) | Administrative]; MZL856 [Standard Babylonian (any period) | Akkado-Babylonian]; PTACE187 [Early Dynastic (~2900–2340 BCE) | Ebla]; RSP181 [Early Dynastic (~2900–2340 BCE) | Presargonic Lagash]; SLLHA589 [Standard Babylonian (any period) | Akkado-Babylonian]; SYA279 [Standard Babylonian (any period) | Akkadian syllabary]
U+1212B,HA@g,HA,𒄫,LAK351 [Uruk IV–III (~3400–3000 BCE) | Archaic / Uruk]; ASY317 [Standard Babylonian (any period) | Akkadian syllabary]; BAU207 [Early Dynastic (~2900–2340 BCE) | Lagash]; ELLES194 [Early Dynastic (~2900–2340 BCE) | Ebla]; GCSL190 [Gudea period (~2100 BCE) | Lagash / Girsu]; PTACE187 [Early Dynastic (~2900–2340 BCE) | Ebla]; RSP181 [Early Dynastic (~2900–2340 BCE) | Presargonic Lagash]; LAK353 [Uruk IV–III (~3400–3000 BCE) | Archaic / Uruk]; ASY197 [Standard Babylonian (any period) | Akkadian syllabary]; ABZL222 [Old Babylonian (~2000–1600 BCE) | School texts]; BAU210 [Early Dynastic (~2900–2340 BCE) | Lagash]; ELLES196 [Early Dynastic (~2900–2340 BCE) | Ebla]; GCSL191 [Gudea period (~2100 BCE) | Lagash / Girsu]; HZL244A [Hittite period (~1650–1180 BCE) | Hittite]; KWU330 [Ur III (~2112–2004 BCE) | Administrative]; MZL558 [Standard Babylonian (any period) | Akkado-Babylonian]; PTACE188 [Early Dynastic (~2900–2340 BCE) | Ebla]; RSP182 [Early Dynastic (~2900–2340 BCE) | Presargonic Lagash]; SLLHA346 [Standard Babylonian (any period) | Akkado-Babylonian]; SYA172 [Standard Babylonian (any period) | Akkadian syllabary]
U+1212D,HI,DIN,𒄭,LAK237 [Uruk IV–III (~3400–3000 BCE) | Archaic / Uruk]; ASY270 [Standard Babylonian (any period) | Akkadian syllabary]; GCSL118 [Gudea period (~2100 BCE) | Lagash / Girsu]; PTACE127 [Early Dynastic (~2900–2340 BCE) | Ebla]; LAK359 [Uruk IV–III (~3400–3000 BCE) | Archaic / Uruk]; ASY229 [Standard Babylonian (any period) | Akkadian syllabary]; ABZL277 [Old Babylonian (~2000–1600 BCE) | School texts]; BAU184 [Early Dynastic (~2900–2340 BCE) | Lagash]; ELLES197 [Early Dynastic (~2900–2340 BCE) | Ebla]; GCSL149 [Gudea period (~2100 BCE) | Lagash / Girsu]; HZL335 [Hittite period (~1650–1180 BCE) | Hittite]; KWU446 [Ur III (~2112–2004 BCE) | Administrative]; MZL631 [Standard Babylonian (any period) | Akkado-Babylonian]; PTACE173 [Early Dynastic (~2900–2340 BCE) | Ebla]; RSP309 [Early Dynastic (~2900–2340 BCE) | Presargonic Lagash]; SLLHA396 [Standard Babylonian (any period) | Akkado-Babylonian]; SYA201 [Standard Babylonian (any period) | Akkadian syllabary]
U+1237D,|HI.GIR₃|,|GIR₃×HI|,𒍽,KWU474 [Ur III (~2112–2004 BCE) | Administrative]; ASY239 [Standard Babylonian (any period) | Akkadian syllabary]; ABZL294 [Old Babylonian (~2000–1600 BCE) | School texts]; MZL645 [Standard Babylonian (any period) | Akkado-Babylonian]; RSP467 [Early Dynastic (~2900–2340 BCE) | Presargonic Lagash]; SLLHA402 [Standard Babylonian (any period) | Akkado-Babylonian]; SYA210 [Standard Babylonian (any period) | Akkadian syllabary]
U+1237D,|HI.GIR₃|,KIŠ,𒍽,LAK240 [Uruk IV–III (~3400–3000 BCE) | Archaic / Uruk]; ASY247 [Standard Babylonian (any period) | Akkadian syllabary]; ASY239 [Standard Babylonian (any period) | Akkadian syllabary]; ABZL294 [Old Babylonian (~2000–1600 BCE) | School texts]; MZL645 [Standard Babylonian (any period) | Akkado-Babylonian]; RSP467 [Early Dynastic (~2900–2340 BCE) | Presargonic Lagash]; SLLHA402 [Standard Babylonian (any period) | Akkado-Babylonian]; SYA210 [Standard Babylonian (any period) | Akkadian syllabary]
U+1237D,|HI.GIR₃|,LAK240,𒍽,GCSL119 [Gudea period (~2100 BCE) | Lagash / Girsu]; ASY239 [Standard Babylonian (any period) | Akkadian syllabary]; ABZL294 [Old Babylonian (~2000–1600 BCE) | School texts]; MZL645 [Standard Babylonian (any period) | Akkado-Babylonian]; RSP467 [Early Dynastic (~2900–2340 BCE) | Presargonic Lagash]; SLLHA402 [Standard Babylonian (any period) | Akkado-Babylonian]; SYA210 [Standard Babylonian (any period) | Akkadian syllabary]
U+1212E,|HI×AŠ|,|HI×BAD|,𒄮,LAK366 [Uruk IV–III (~3400–3000 BCE) | Archaic / Uruk]; LAK361 [Uruk IV–III (~3400–3000 BCE) | Archaic / Uruk]; ABZL278 [Old Babylonian (~2000–1600 BCE) | School texts]; MZL634 [Standard Babylonian (any period) | Akkado-Babylonian]; PTACE174 [Early Dynastic (~2900–2340 BCE) | Ebla]; SLLHA405v2 [Standard Babylonian (any period) | Akkado-Babylonian]
U+1212E,|HI×AŠ|,|HI×MAŠ|,𒄮,ELLES199 [Early Dynastic (~2900–2340 BCE) | Ebla]; RSP312^a [Early Dynastic (~2900–2340 BCE) | Presargonic Lagash]; LAK361 [Uruk IV–III (~3400–3000 BCE) | Archaic / Uruk]; ABZL278 [Old Babylonian (~2000–1600 BCE) | School texts]; MZL634 [Standard Babylonian (any period) | Akkado-Babylonian]; PTACE174 [Early Dynastic (~2900–2340 BCE) | Ebla]; SLLHA405v2 [Standard Babylonian (any period) | Akkado-Babylonian]
U+12130,|HI×BAD|,|HI×AŠ|,𒄰,LAK361 [Uruk IV–III (~3400–3000 BCE) | Archaic / Uruk]; PTACE174 [Early Dynastic (~2900–2340 BCE) | Ebla]; LAK366 [Uruk IV–III (~3400–3000 BCE) | Archaic / Uruk]; ASY235 [Standard Babylonian (any period) | Akkadian syllabary]; ABZL279 [Old Babylonian (~2000–1600 BCE) | School texts]; GCSL152 [Gudea period (~2100 BCE) | Lagash / Girsu]; KWU452 [Ur III (~2112–2004 BCE) | Administrative]; RSP312 [Early Dynastic (~2900–2340 BCE) | Presargonic Lagash]; SYA206 [Standard Babylonian (any period) | Akkadian syllabary]
U+12130,|HI×BAD|,|HI×AŠ@c|,𒄰,LAK366 [Uruk IV–III (~3400–3000 BCE) | Archaic / Uruk]; ASY235 [Standard Babylonian (any period) | Akkadian syllabary]; ABZL279 [Old Babylonian (~2000–1600 BCE) | School texts]; GCSL152 [Gudea period (~2100 BCE) | Lagash / Girsu]; KWU452 [Ur III (~2112–2004 BCE) | Administrative]; RSP312 [Early Dynastic (~2900–2340 BCE) | Presargonic Lagash]; SYA206 [Standard Babylonian (any period) | Akkadian syllabary]
U+12130,|HI×BAD|,|HI×AŠ@t|,𒄰,GCSL162 [Gudea period (~2100 BCE) | Lagash / Girsu]; LAK366 [Uruk IV–III (~3400–3000 BCE) | Archaic / Uruk]; ASY235 [Standard Babylonian (any period) | Akkadian syllabary]; ABZL279 [Old Babylonian (~2000–1600 BCE) | School texts]; GCSL152 [Gudea period (~2100 BCE) | Lagash / Girsu]; KWU452 [Ur III (~2112–2004 BCE) | Administrative]; RSP312 [Early Dynastic (~2900–2340 BCE) | Presargonic Lagash]; SYA206 [Standard Babylonian (any period) | Akkadian syllabary]
U+12130,|HI×BAD|,|HI×DIŠ|,𒄰,LAK366 [Uruk IV–III (~3400–3000 BCE) | Archaic / Uruk]; ASY235 [Standard Babylonian (any period) | Akkadian syllabary]; ABZL279 [Old Babylonian (~2000–1600 BCE) | School texts]; GCSL152 [Gudea period (~2100 BCE) | Lagash / Girsu]; KWU452 [Ur III (~2112–2004 BCE) | Administrative]; RSP312 [Early Dynastic (~2900–2340 BCE) | Presargonic Lagash]; SYA206 [Standard Babylonian (any period) | Akkadian syllabary]
U+12130,|HI×BAD|,|HI×MAŠ|,𒄰,ELLES199 [Early Dynastic (~2900–2340 BCE) | Ebla]; RSP312^a [Early Dynastic (~2900–2340 BCE) | Presargonic Lagash]; LAK366 [Uruk IV–III (~3400–3000 BCE) | Archaic / Uruk]; ASY235 [Standard Babylonian (any period) | Akkadian syllabary]; ABZL279 [Old Babylonian (~2000–1600 BCE) | School texts]; GCSL152 [Gudea period (~2100 BCE) | Lagash / Girsu]; KWU452 [Ur III (~2112–2004 BCE) | Administrative]; RSP312 [Early Dynastic (~2900–2340 BCE) | Presargonic Lagash]; SYA206 [Standard Babylonian (any period) | Akkadian syllabary]
U+12130,|HI×BAD|,|HI×U|,𒄰,LAK366 [Uruk IV–III (~3400–3000 BCE) | Archaic / Uruk]; ASY235 [Standard Babylonian (any period) | Akkadian syllabary]; ABZL279 [Old Babylonian (~2000–1600 BCE) | School texts]; GCSL152 [Gudea period (~2100 BCE) | Lagash / Girsu]; KWU452 [Ur III (~2112–2004 BCE) | Administrative]; RSP312 [Early Dynastic (~2900–2340 BCE) | Presargonic Lagash]; SYA206 [Standard Babylonian (any period) | Akkadian syllabary]
U+12130,|HI×BAD|,KAM@v,𒄰,LAK366 [Uruk IV–III (~3400–3000 BCE) | Archaic / Uruk]; ASY235 [Standard Babylonian (any period) | Akkadian syllabary]; ABZL279 [Old Babylonian (~2000–1600 BCE) | School texts]; GCSL152 [Gudea period (~2100 BCE) | Lagash / Girsu]; KWU452 [Ur III (~2112–2004 BCE) | Administrative]; RSP312 [Early Dynastic (~2900–2340 BCE) | Presargonic Lagash]; SYA206 [Standard Babylonian (any period) | Akkadian syllabary]
U+12134,|HI×NUN|,|HI×(U.U.U)|,𒄴,LAK367 [Uruk IV–III (~3400–3000 BCE) | Archaic / Uruk]; ASY234 [Standard Babylonian (any period) | Akkadian syllabary]; ABZL280 [Old Babylonian (~2000–1600 BCE) | School texts]; ELLES201 [Early Dynastic (~2900–2340 BCE) | Ebla]; GCSL153 [Gudea period (~2100 BCE) | Lagash / Girsu]; HZL332 [Hittite period (~1650–1180 BCE) | Hittite]; KWU485 [Ur III (~2112–2004 BCE) | Administrative]; MZL636 [Standard Babylonian (any period) | Akkado-Babylonian]; PTACE175 [Early Dynastic (~2900–2340 BCE) | Ebla]; SLLHA398 [Standard Babylonian (any period) | Akkado-Babylonian]; SYA205 [Standard Babylonian (any period) | Akkadian syllabary]
U+12135,|HI×ŠE|,|HI×KUR|,𒄵,LAK372 [Uruk IV–III (~3400–3000 BCE) | Archaic / Uruk]; ASY237 [Standard Babylonian (any period) | Akkadian syllabary]; ABZL287 [Old Babylonian (~2000–1600 BCE) | School texts]; BAU188 [Early Dynastic (~2900–2340 BCE) | Lagash]; HZL334 [Hittite period (~1650–1180 BCE) | Hittite]; MZL643 [Standard Babylonian (any period) | Akkado-Babylonian]; SLLHA400 [Standard Babylonian (any period) | Akkado-Babylonian]; SYA208 [Standard Babylonian (any period) | Akkadian syllabary]
U+12137,HU,RI,𒄷,LAK075 [Uruk IV–III (~3400–3000 BCE) | Archaic / Uruk]; ASY061 [Standard Babylonian (any period) | Akkadian syllabary]; GCSL178a [Gudea period (~2100 BCE) | Lagash / Girsu]; PTACE064 [Early Dynastic (~2900–2340 BCE) | Ebla]; LAK064 [Uruk IV–III (~3400–3000 BCE) | Archaic / Uruk]; ASY052 [Standard Babylonian (any period) | Akkadian syllabary]; ABZL034 [Old Babylonian (~2000–1600 BCE) | School texts]; BAU034 [Early Dynastic (~2900–2340 BCE) | Lagash]; ELLES040 [Early Dynastic (~2900–2340 BCE) | Ebla]; GCSL031 [Gudea period (~2100 BCE) | Lagash / Girsu]; HZL024 [Hittite period (~1650–1180 BCE) | Hittite]; KWU111 [Ur III (~2112–2004 BCE) | Administrative]; MZL132 [Standard Babylonian (any period) | Akkado-Babylonian]; PTACE040 [Early Dynastic (~2900–2340 BCE) | Ebla]; RSP406 [Early Dynastic (~2900–2340 BCE) | Presargonic Lagash]; SLLHA078 [Standard Babylonian (any period) | Akkado-Babylonian]; SYA045 [Standard Babylonian (any period) | Akkadian syllabary]
U+1213F,I,I@t,𒄿,LAK135 [Uruk IV–III (~3400–3000 BCE) | Archaic / Uruk]; ASY103 [Standard Babylonian (any period) | Akkadian syllabary]; ABZL192 [Old Babylonian (~2000–1600 BCE) | School texts]; BAU085 [Early Dynastic (~2900–2340 BCE) | Lagash]; ELLES073 [Early Dynastic (~2900–2340 BCE) | Ebla]; HZL217 [Hittite period (~1650–1180 BCE) | Hittite]; KWU230 [Ur III (~2112–2004 BCE) | Administrative]; MZL252 [Standard Babylonian (any period) | Akkado-Babylonian]; PTACE091 [Early Dynastic (~2900–2340 BCE) | Ebla]; SLLHA142 [Standard Babylonian (any period) | Akkado-Babylonian]; SYA090 [Standard Babylonian (any period) | Akkadian syllabary]
U+12142,IDIM,BAD,𒅂,LAK016 [Uruk IV–III (~3400–3000 BCE) | Archaic / Uruk]; ASY042 [Standard Babylonian (any period) | Akkadian syllabary]; BAU009 [Early Dynastic (~2900–2340 BCE) | Lagash]; ELLES009 [Early Dynastic (~2900–2340 BCE) | Ebla]; GCSL010 [Gudea period (~2100 BCE) | Lagash / Girsu]; GCSL209 [Gudea period (~2100 BCE) | Lagash / Girsu]; PTACE010 [Early Dynastic (~2900–2340 BCE) | Ebla]; RSP048bis [Early Dynastic (~2900–2340 BCE) | Presargonic Lagash]; LAK004 [Uruk IV–III (~3400–3000 BCE) | Archaic / Uruk]; ABZL025 [Old Babylonian (~2000–1600 BCE) | School texts]; MZL113b [Standard Babylonian (any period) | Akkado-Babylonian]; RSP048 [Early Dynastic (~2900–2340 BCE) | Presargonic Lagash]; SYA035 [Standard Babylonian (any period) | Akkadian syllabary]
U+12147,|IGI.DIB|,LAK433,𒅇,LAK433 [Uruk IV–III (~3400–3000 BCE) | Archaic / Uruk]; LAK432 [Uruk IV–III (~3400–3000 BCE) | Archaic / Uruk]; ASY264 [Standard Babylonian (any period) | Akkadian syllabary]; ABZL239b [Old Babylonian (~2000–1600 BCE) | School texts]; ELLES225 [Early Dynastic (~2900–2340 BCE) | Ebla]; GCSL186 [Gudea period (~2100 BCE) | Lagash / Girsu]; HZL265 [Hittite period (~1650–1180 BCE) | Hittite]; MZL731 [Standard Babylonian (any period) | Akkado-Babylonian]; PTACE203 [Early Dynastic (~2900–2340 BCE) | Ebla]; RSP070 [Early Dynastic (~2900–2340 BCE) | Presargonic Lagash]; SLLHA455 [Standard Babylonian (any period) | Akkado-Babylonian]; SYA231 [Standard Babylonian (any period) | Akkadian syllabary]
,|IGI.NAGAR|,NAGAR,𒅆𒉄,LAK512 [Uruk IV–III (~3400–3000 BCE) | Archaic / Uruk]; ASY303a [Standard Babylonian (any period) | Akkadian syllabary]; BAU408 [Early Dynastic (~2900–2340 BCE) | Lagash]; ELLES267 [Early Dynastic (~2900–2340 BCE) | Ebla]; PTACE222 [Early Dynastic (~2900–2340 BCE) | Ebla]; RSP177 [Early Dynastic (~2900–2340 BCE) | Presargonic Lagash]
U+1214E,IM,NI₂,𒅎,LAK377 [Uruk IV–III (~3400–3000 BCE) | Archaic / Uruk]; BAU389 [Early Dynastic (~2900–2340 BCE) | Lagash]; GCSL163 [Gudea period (~2100 BCE) | Lagash / Girsu]; LAK376 [Uruk IV–III (~3400–3000 BCE) | Archaic / Uruk]; ASY236 [Standard Babylonian (any period) | Akkadian syllabary]; ABZL297 [Old Babylonian (~2000–1600 BCE) | School texts]; BAU388 [Early Dynastic (~2900–2340 BCE) | Lagash]; ELLES205 [Early Dynastic (~2900–2340 BCE) | Ebla]; HZL337 [Hittite period (~1650–1180 BCE) | Hittite]; KWU476 [Ur III (~2112–2004 BCE) | Administrative]; MZL641 [Standard Babylonian (any period) | Akkado-Babylonian]; PTACE184 [Early Dynastic (~2900–2340 BCE) | Ebla]; RSP331 [Early Dynastic (~2900–2340 BCE) | Presargonic Lagash]; SLLHA399 [Standard Babylonian (any period) | Akkado-Babylonian]; SYA207 [Standard Babylonian (any period) | Akkadian syllabary]
U+12150,|IM%IM|,|IM&IM|,𒅐,SLLHA399xn [Standard Babylonian (any period) | Akkado-Babylonian]
U+1215D,|KA×BALAG|,KA,𒅝,LAK318 [Uruk IV–III (~3400–3000 BCE) | Archaic / Uruk]; ASY015 [Standard Babylonian (any period) | Akkadian syllabary]; BAU233 [Early Dynastic (~2900–2340 BCE) | Lagash]; ELLES182 [Early Dynastic (~2900–2340 BCE) | Ebla]; GCSL141 [Gudea period (~2100 BCE) | Lagash / Girsu]; PTACE167 [Early Dynastic (~2900–2340 BCE) | Ebla]; RSP197 [Early Dynastic (~2900–2340 BCE) | Presargonic Lagash]; ABZL317 [Old Babylonian (~2000–1600 BCE) | School texts]; MZL047 [Standard Babylonian (any period) | Akkado-Babylonian]; SLLHA025b [Standard Babylonian (any period) | Akkado-Babylonian]
U+12163,|KA×GAL|,|KA×(A.GAL)|,𒅣,
U+12164,|KA×GAN₂@t|,|KA×GAN₂|,𒅤,RSP206 [Early Dynastic (~2900–2340 BCE) | Presargonic Lagash]; LAK324 [Uruk IV–III (~3400–3000 BCE) | Archaic / Uruk]; ASY017^b [Standard Babylonian (any period) | Akkadian syllabary]; ABZL321 [Old Babylonian (~2000–1600 BCE) | School texts]; BAU234 [Early Dynastic (~2900–2340 BCE) | Lagash]; ELLES186 [Early Dynastic (~2900–2340 BCE) | Ebla]; GCSL144 [Gudea period (~2100 BCE) | Lagash / Girsu]; GCSL145 [Gudea period (~2100 BCE) | Lagash / Girsu]; KWU428 [Ur III (~2112–2004 BCE) | Administrative]; MZL033 [Standard Babylonian (any period) | Akkado-Babylonian]; PTACE168 [Early Dynastic (~2900–2340 BCE) | Ebla]; SLLHA019 [Standard Babylonian (any period) | Akkado-Babylonian]; SYA014 [Standard Babylonian (any period) | Akkadian syllabary]
U+12164,|KA×GAN₂@t|,|KA×ŠU|,𒅤,LAK323 [Uruk IV–III (~3400–3000 BCE) | Archaic / Uruk]; ASY017 [Standard Babylonian (any period) | Akkadian syllabary]; ELLES183 [Early Dynastic (~2900–2340 BCE) | Ebla]; GCSL143 [Gudea period (~2100 BCE) | Lagash / Girsu]; RSP201 [Early Dynastic (~2900–2340 BCE) | Presargonic Lagash]; LAK324 [Uruk IV–III (~3400–3000 BCE) | Archaic / Uruk]; ASY017^b [Standard Babylonian (any period) | Akkadian syllabary]; ABZL321 [Old Babylonian (~2000–1600 BCE) | School texts]; BAU234 [Early Dynastic (~2900–2340 BCE) | Lagash]; ELLES186 [Early Dynastic (~2900–2340 BCE) | Ebla]; GCSL144 [Gudea period (~2100 BCE) | Lagash / Girsu]; GCSL145 [Gudea period (~2100 BCE) | Lagash / Girsu]; KWU428 [Ur III (~2112–2004 BCE) | Administrative]; MZL033 [Standard Babylonian (any period) | Akkado-Babylonian]; PTACE168 [Early Dynastic (~2900–2340 BCE) | Ebla]; SLLHA019 [Standard Babylonian (any period) | Akkado-Babylonian]; SYA014 [Standard Babylonian (any period) | Akkadian syllabary]
U+12164,|KA×GAN₂@t|,|SAG×GAN₂@t|,𒅤,LAK324 [Uruk IV–III (~3400–3000 BCE) | Archaic / Uruk]; ASY017^b [Standard Babylonian (any period) | Akkadian syllabary]; ABZL321 [Old Babylonian (~2000–1600 BCE) | School texts]; BAU234 [Early Dynastic (~2900–2340 BCE) | Lagash]; ELLES186 [Early Dynastic (~2900–2340 BCE) | Ebla]; GCSL144 [Gudea period (~2100 BCE) | Lagash / Girsu]; GCSL145 [Gudea period (~2100 BCE) | Lagash / Girsu]; KWU428 [Ur III (~2112–2004 BCE) | Administrative]; MZL033 [Standard Babylonian (any period) | Akkado-Babylonian]; PTACE168 [Early Dynastic (~2900–2340 BCE) | Ebla]; SLLHA019 [Standard Babylonian (any period) | Akkado-Babylonian]; SYA014 [Standard Babylonian (any period) | Akkadian syllabary]
,|KA×GAN₂@t.ŠA|,|KA×(GAN₂@t.ŠA)|,𒅤𒊭,RSP202 [Early Dynastic (~2900–2340 BCE) | Presargonic Lagash]; RSP202^a [Early Dynastic (~2900–2340 BCE) | Presargonic Lagash]
U+12165,|KA×GAR|,KA,𒅥,LAK318 [Uruk IV–III (~3400–3000 BCE) | Archaic / Uruk]; ASY015 [Standard Babylonian (any period) | Akkadian syllabary]; BAU233 [Early Dynastic (~2900–2340 BCE) | Lagash]; ELLES182 [Early Dynastic (~2900–2340 BCE) | Ebla]; GCSL141 [Gudea period (~2100 BCE) | Lagash / Girsu]; PTACE167 [Early Dynastic (~2900–2340 BCE) | Ebla]; RSP197 [Early Dynastic (~2900–2340 BCE) | Presargonic Lagash]; LAK330 [Uruk IV–III (~3400–3000 BCE) | Archaic / Uruk]; ABZL329 [Old Babylonian (~2000–1600 BCE) | School texts]; BAU231 [Early Dynastic (~2900–2340 BCE) | Lagash]; GCSL146 [Gudea period (~2100 BCE) | Lagash / Girsu]; HZL149 [Hittite period (~1650–1180 BCE) | Hittite]; KWU425 [Ur III (~2112–2004 BCE) | Administrative]; MZL065 [Standard Babylonian (any period) | Akkado-Babylonian]; PTACE170 [Early Dynastic (~2900–2340 BCE) | Ebla]; RSP200 [Early Dynastic (~2900–2340 BCE) | Presargonic Lagash]; SLLHA036 [Standard Babylonian (any period) | Akkado-Babylonian]
U+12165,|KA×GAR|,|KA×(GI%GI)|,𒅥,LAK330 [Uruk IV–III (~3400–3000 BCE) | Archaic / Uruk]; ABZL329 [Old Babylonian (~2000–1600 BCE) | School texts]; BAU231 [Early Dynastic (~2900–2340 BCE) | Lagash]; GCSL146 [Gudea period (~2100 BCE) | Lagash / Girsu]; HZL149 [Hittite period (~1650–1180 BCE) | Hittite]; KWU425 [Ur III (~2112–2004 BCE) | Administrative]; MZL065 [Standard Babylonian (any period) | Akkado-Babylonian]; PTACE170 [Early Dynastic (~2900–2340 BCE) | Ebla]; RSP200 [Early Dynastic (~2900–2340 BCE) | Presargonic Lagash]; SLLHA036 [Standard Babylonian (any period) | Akkado-Babylonian]
U+1216E,|KA×IM|,|LAK648×IM|,𒅮,LAK326 [Uruk IV–III (~3400–3000 BCE) | Archaic / Uruk]; ABZL322 [Old Babylonian (~2000–1600 BCE) | School texts]; HZL144 [Hittite period (~1650–1180 BCE) | Hittite]; KWU421 [Ur III (~2112–2004 BCE) | Administrative]; MZL054 [Standard Babylonian (any period) | Akkado-Babylonian]; RSP203 [Early Dynastic (~2900–2340 BCE) | Presargonic Lagash]; SLLHA030 [Standard Babylonian (any period) | Akkado-Babylonian]
U+1217E,|KA×SA|,|KA×(U.U.U)|,𒅾,LAK328 [Uruk IV–III (~3400–3000 BCE) | Archaic / Uruk]; LAK333 [Uruk IV–III (~3400–3000 BCE) | Archaic / Uruk]; ABZL316 [Old Babylonian (~2000–1600 BCE) | School texts]; ELLES185 [Early Dynastic (~2900–2340 BCE) | Ebla]; HZL136 [Hittite period (~1650–1180 BCE) | Hittite]; KWU429 [Ur III (~2112–2004 BCE) | Administrative]; MZL032 [Standard Babylonian (any period) | Akkado-Babylonian]; PTACE169 [Early Dynastic (~2900–2340 BCE) | Ebla]; SLLHA018x [Standard Babylonian (any period) | Akkado-Babylonian]
U+1217E,|KA×SA|,LAK328,𒅾,LAK333 [Uruk IV–III (~3400–3000 BCE) | Archaic / Uruk]; ABZL316 [Old Babylonian (~2000–1600 BCE) | School texts]; ELLES185 [Early Dynastic (~2900–2340 BCE) | Ebla]; HZL136 [Hittite period (~1650–1180 BCE) | Hittite]; KWU429 [Ur III (~2112–2004 BCE) | Administrative]; MZL032 [Standard Babylonian (any period) | Akkado-Babylonian]; PTACE169 [Early Dynastic (~2900–2340 BCE) | Ebla]; SLLHA018x [Standard Babylonian (any period) | Akkado-Babylonian]
U+1217E,|KA×SA|,LAK332,𒅾,LAK332 [Uruk IV–III (~3400–3000 BCE) | Archaic / Uruk]; LAK333 [Uruk IV–III (~3400–3000 BCE) | Archaic / Uruk]; ABZL316 [Old Babylonian (~2000–1600 BCE) | School texts]; ELLES185 [Early Dynastic (~2900–2340 BCE) | Ebla]; HZL136 [Hittite period (~1650–1180 BCE) | Hittite]; KWU429 [Ur III (~2112–2004 BCE) | Administrative]; MZL032 [Standard Babylonian (any period) | Akkado-Babylonian]; PTACE169 [Early Dynastic (~2900–2340 BCE) | Ebla]; SLLHA018x [Standard Babylonian (any period) | Akkado-Babylonian]
U+12183,|KA×ŠU|,|SAG×ŠU|,𒆃,LAK323 [Uruk IV–III (~3400–3000 BCE) | Archaic / Uruk]; ASY017 [Standard Babylonian (any period) | Akkadian syllabary]; ABZL320 [Old Babylonian (~2000–1600 BCE) | School texts]; ELLES183 [Early Dynastic (~2900–2340 BCE) | Ebla]; GCSL143 [Gudea period (~2100 BCE) | Lagash / Girsu]; KWU418 [Ur III (~2112–2004 BCE) | Administrative]; MZL049 [Standard Babylonian (any period) | Akkado-Babylonian]; RSP201 [Early Dynastic (~2900–2340 BCE) | Presargonic Lagash]; SLLHA026 [Standard Babylonian (any period) | Akkado-Babylonian]
U+1218F,KAB,KAB@s,𒆏,LAK147 [Uruk IV–III (~3400–3000 BCE) | Archaic / Uruk]; ASY064 [Standard Babylonian (any period) | Akkadian syllabary]; ABZL226 [Old Babylonian (~2000–1600 BCE) | School texts]; BAU099 [Early Dynastic (~2900–2340 BCE) | Lagash]; BAU100 [Early Dynastic (~2900–2340 BCE) | Lagash]; ELLES079 [Early Dynastic (~2900–2340 BCE) | Ebla]; GCSL089 [Gudea period (~2100 BCE) | Lagash / Girsu]; HZL049 [Hittite period (~1650–1180 BCE) | Hittite]; MZL148 [Standard Babylonian (any period) | Akkado-Babylonian]; PTACE090 [Early Dynastic (~2900–2340 BCE) | Ebla]; RSP421 [Early Dynastic (~2900–2340 BCE) | Presargonic Lagash]; SLLHA088 [Standard Babylonian (any period) | Akkado-Babylonian]; SYA055 [Standard Babylonian (any period) | Akkadian syllabary]
U+12197,KAL,GURUŠ,𒆗,LAK709^a [Uruk IV–III (~3400–3000 BCE) | Archaic / Uruk]; BAU308 [Early Dynastic (~2900–2340 BCE) | Lagash]; ELLES348 [Early Dynastic (~2900–2340 BCE) | Ebla]; LAK709^b [Uruk IV–III (~3400–3000 BCE) | Archaic / Uruk]; ASY173 [Standard Babylonian (any period) | Akkadian syllabary]; ABZL176 [Old Babylonian (~2000–1600 BCE) | School texts]; BAU326 [Early Dynastic (~2900–2340 BCE) | Lagash]; ELLES349 [Early Dynastic (~2900–2340 BCE) | Ebla]; GCSL293 [Gudea period (~2100 BCE) | Lagash / Girsu]; HZL196 [Hittite period (~1650–1180 BCE) | Hittite]; MZL496 [Standard Babylonian (any period) | Akkado-Babylonian]; PTACE288 [Early Dynastic (~2900–2340 BCE) | Ebla]; RSP237 [Early Dynastic (~2900–2340 BCE) | Presargonic Lagash]; SLLHA322 [Standard Babylonian (any period) | Akkado-Babylonian]; SYA151 [Standard Babylonian (any period) | Akkadian syllabary]
U+12197,KAL,KAL@v,𒆗,LAK709^b [Uruk IV–III (~3400–3000 BCE) | Archaic / Uruk]; ASY173 [Standard Babylonian (any period) | Akkadian syllabary]; ABZL176 [Old Babylonian (~2000–1600 BCE) | School texts]; BAU326 [Early Dynastic (~2900–2340 BCE) | Lagash]; ELLES349 [Early Dynastic (~2900–2340 BCE) | Ebla]; GCSL293 [Gudea period (~2100 BCE) | Lagash / Girsu]; HZL196 [Hittite period (~1650–1180 BCE) | Hittite]; MZL496 [Standard Babylonian (any period) | Akkado-Babylonian]; PTACE288 [Early Dynastic (~2900–2340 BCE) | Ebla]; RSP237 [Early Dynastic (~2900–2340 BCE) | Presargonic Lagash]; SLLHA322 [Standard Babylonian (any period) | Akkado-Babylonian]; SYA151 [Standard Babylonian (any period) | Akkadian syllabary]
U+1219F,KEŠ₂,EZEN,𒆟,LAK611 [Uruk IV–III (~3400–3000 BCE) | Archaic / Uruk]; ASY113 [Standard Babylonian (any period) | Akkadian syllabary]; BAU298 [Early Dynastic (~2900–2340 BCE) | Lagash]; ELLES303 [Early Dynastic (~2900–2340 BCE) | Ebla]; GCSL261 [Gudea period (~2100 BCE) | Lagash / Girsu]; PTACE262 [Early Dynastic (~2900–2340 BCE) | Ebla]; RSP284 [Early Dynastic (~2900–2340 BCE) | Presargonic Lagash]; LAK612 [Uruk IV–III (~3400–3000 BCE) | Archaic / Uruk]; ABZL152c [Old Babylonian (~2000–1600 BCE) | School texts]; BAU307 [Early Dynastic (~2900–2340 BCE) | Lagash]; ELLES300 [Early Dynastic (~2900–2340 BCE) | Ebla]; GCSL264 [Gudea period (~2100 BCE) | Lagash / Girsu]; KWU841 [Ur III (~2112–2004 BCE) | Administrative]; PTACE265 [Early Dynastic (~2900–2340 BCE) | Ebla]; RSP285 [Early Dynastic (~2900–2340 BCE) | Presargonic Lagash]; SYA099 [Standard Babylonian (any period) | Akkadian syllabary]
U+121A4,KID,E₂,𒆤,LAK732 [Uruk IV–III (~3400–3000 BCE) | Archaic / Uruk]; ASY174 [Standard Babylonian (any period) | Akkadian syllabary]; BAU365 [Early Dynastic (~2900–2340 BCE) | Lagash]; ELLES359 [Early Dynastic (~2900–2340 BCE) | Ebla]; GCSL299 [Gudea period (~2100 BCE) | Lagash / Girsu]; PTACE295 [Early Dynastic (~2900–2340 BCE) | Ebla]; RSP250 [Early Dynastic (~2900–2340 BCE) | Presargonic Lagash]; LAK733 [Uruk IV–III (~3400–3000 BCE) | Archaic / Uruk]; ASY166 [Standard Babylonian (any period) | Akkadian syllabary]; ABZL163 [Old Babylonian (~2000–1600 BCE) | School texts]; BAU366 [Early Dynastic (~2900–2340 BCE) | Lagash]; ELLES361 [Early Dynastic (~2900–2340 BCE) | Ebla]; HZL194 [Hittite period (~1650–1180 BCE) | Hittite]; MZL484 [Standard Babylonian (any period) | Akkado-Babylonian]; PTACE298 [Early Dynastic (~2900–2340 BCE) | Ebla]; RSP252 [Early Dynastic (~2900–2340 BCE) | Presargonic Lagash]; SLLHA313 [Standard Babylonian (any period) | Akkado-Babylonian]; SYA144 [Standard Babylonian (any period) | Akkadian syllabary]
U+121AD,KU₄,LIL,𒆭,LAK094 [Uruk IV–III (~3400–3000 BCE) | Archaic / Uruk]; ASY188 [Standard Babylonian (any period) | Akkadian syllabary]; GCSL054 [Gudea period (~2100 BCE) | Lagash / Girsu]; KWU147 [Ur III (~2112–2004 BCE) | Administrative]; REC056 [Uruk IV–III (~3400–3000 BCE) | Archaic / Uruk]; ABZL375 [Old Babylonian (~2000–1600 BCE) | School texts]; GCSL105 [Gudea period (~2100 BCE) | Lagash / Girsu]; KWU636 [Ur III (~2112–2004 BCE) | Administrative]; LAK141^a [Uruk IV–III (~3400–3000 BCE) | Archaic / Uruk]; MZL087 [Standard Babylonian (any period) | Akkado-Babylonian]; REC144 [Uruk IV–III (~3400–3000 BCE) | Archaic / Uruk]; SLLHA058 [Standard Babylonian (any period) | Akkado-Babylonian]
U+121AD,KU₄,REC145,𒆭,LAK208 [Uruk IV–III (~3400–3000 BCE) | Archaic / Uruk]; KWU634 [Ur III (~2112–2004 BCE) | Administrative]; REC145 [Uruk IV–III (~3400–3000 BCE) | Archaic / Uruk]; RSP444 [Early Dynastic (~2900–2340 BCE) | Presargonic Lagash]; ABZL375 [Old Babylonian (~2000–1600 BCE) | School texts]; GCSL105 [Gudea period (~2100 BCE) | Lagash / Girsu]; KWU636 [Ur III (~2112–2004 BCE) | Administrative]; LAK141^a [Uruk IV–III (~3400–3000 BCE) | Archaic / Uruk]; MZL087 [Standard Babylonian (any period) | Akkado-Babylonian]; REC144 [Uruk IV–III (~3400–3000 BCE) | Archaic / Uruk]; SLLHA058 [Standard Babylonian (any period) | Akkado-Babylonian]
U+121B0,KUL,KUL@d,𒆰,LAK012 [Uruk IV–III (~3400–3000 BCE) | Archaic / Uruk]; ASY045 [Standard Babylonian (any period) | Akkadian syllabary]; ABZL026 [Old Babylonian (~2000–1600 BCE) | School texts]; BAU041 [Early Dynastic (~2900–2340 BCE) | Lagash]; ELLES007 [Early Dynastic (~2900–2340 BCE) | Ebla]; GCSL011 [Gudea period (~2100 BCE) | Lagash / Girsu]; HZL012 [Hittite period (~1650–1180 BCE) | Hittite]; KWU007 [Ur III (~2112–2004 BCE) | Administrative]; MZL117 [Standard Babylonian (any period) | Akkado-Babylonian]; PTACE003 [Early Dynastic (~2900–2340 BCE) | Ebla]; RSP085 [Early Dynastic (~2900–2340 BCE) | Presargonic Lagash]; SLLHA072 [Standard Babylonian (any period) | Akkado-Babylonian]; SLLHA072a [Standard Babylonian (any period) | Akkado-Babylonian]; SYA038 [Standard Babylonian (any period) | Akkadian syllabary]
U+121B2,KUN,MAŠ₂@g,𒆲,KWU108 [Ur III (~2112–2004 BCE) | Administrative]; LAK044 [Uruk IV–III (~3400–3000 BCE) | Archaic / Uruk]; LAK026 [Uruk IV–III (~3400–3000 BCE) | Archaic / Uruk]; LAK754 [Uruk IV–III (~3400–3000 BCE) | Archaic / Uruk]; ASY051 [Standard Babylonian (any period) | Akkadian syllabary]; ABZL032 [Old Babylonian (~2000–1600 BCE) | School texts]; ELLES368 [Early Dynastic (~2900–2340 BCE) | Ebla]; GCSL309 [Gudea period (~2100 BCE) | Lagash / Girsu]; HZL035 [Hittite period (~1650–1180 BCE) | Hittite]; KWU109 [Ur III (~2112–2004 BCE) | Administrative]; MZL131 [Standard Babylonian (any period) | Akkado-Babylonian]; PTACE308 [Early Dynastic (~2900–2340 BCE) | Ebla]; RSP343 [Early Dynastic (~2900–2340 BCE) | Presargonic Lagash]; SLLHA077 [Standard Babylonian (any period) | Akkado-Babylonian]; SYA044 [Standard Babylonian (any period) | Akkadian syllabary]
U+121B3,KUR,LAK461a,𒆳,ELLES241^a [Early Dynastic (~2900–2340 BCE) | Ebla]; LAK461 [Uruk IV–III (~3400–3000 BCE) | Archaic / Uruk]; ASY211 [Standard Babylonian (any period) | Akkadian syllabary]; ABZL369 [Old Babylonian (~2000–1600 BCE) | School texts]; BAU418 [Early Dynastic (~2900–2340 BCE) | Lagash]; ELLES241 [Early Dynastic (~2900–2340 BCE) | Ebla]; GCSL215 [Gudea period (~2100 BCE) | Lagash / Girsu]; HZL329 [Hittite period (~1650–1180 BCE) | Hittite]; KWU341 [Ur III (~2112–2004 BCE) | Administrative]; MZL578 [Standard Babylonian (any period) | Akkado-Babylonian]; PTACE215 [Early Dynastic (~2900–2340 BCE) | Ebla]; RSP065 [Early Dynastic (~2900–2340 BCE) | Presargonic Lagash]; SLLHA366 [Standard Babylonian (any period) | Akkado-Babylonian]; SYA183 [Standard Babylonian (any period) | Akkadian syllabary]
U+121B3,KUR,LAK814,𒆳,LAK814 [Uruk IV–III (~3400–3000 BCE) | Archaic / Uruk]; LAK461 [Uruk IV–III (~3400–3000 BCE) | Archaic / Uruk]; ASY211 [Standard Babylonian (any period) | Akkadian syllabary]; ABZL369 [Old Babylonian (~2000–1600 BCE) | School texts]; BAU418 [Early Dynastic (~2900–2340 BCE) | Lagash]; ELLES241 [Early Dynastic (~2900–2340 BCE) | Ebla]; GCSL215 [Gudea period (~2100 BCE) | Lagash / Girsu]; HZL329 [Hittite period (~1650–1180 BCE) | Hittite]; KWU341 [Ur III (~2112–2004 BCE) | Administrative]; MZL578 [Standard Babylonian (any period) | Akkado-Babylonian]; PTACE215 [Early Dynastic (~2900–2340 BCE) | Ebla]; RSP065 [Early Dynastic (~2900–2340 BCE) | Presargonic Lagash]; SLLHA366 [Standard Babylonian (any period) | Akkado-Babylonian]; SYA183 [Standard Babylonian (any period) | Akkadian syllabary]
U+121B5,KUŠU₂,LAK304@270,𒆵,LAK304 [Uruk IV–III (~3400–3000 BCE) | Archaic / Uruk]; ASY304 [Standard Babylonian (any period) | Akkadian syllabary]; ABZL457 [Old Babylonian (~2000–1600 BCE) | School texts]; ELLES175 [Early Dynastic (~2900–2340 BCE) | Ebla]; KWU794 [Ur III (~2112–2004 BCE) | Administrative]; MZL896 [Standard Babylonian (any period) | Akkado-Babylonian]; SLLHA562 [Standard Babylonian (any period) | Akkado-Babylonian]; SYA268 [Standard Babylonian (any period) | Akkadian syllabary]
,KWU733,KWU734,,KWU733 [Ur III (~2112–2004 BCE) | Administrative]
U+121D5,|LAGAB×AŠ@t|,|LAGAB×LIŠ|,𒇕,MZL782 [Standard Babylonian (any period) | Akkado-Babylonian]; SLLHA503 [Standard Babylonian (any period) | Akkado-Babylonian]
U+121C0,|LAGAB×BAD|,|LAGAB×UŠ₂|,𒇀,ABZL405 [Old Babylonian (~2000–1600 BCE) | School texts]; GCSL316 [Gudea period (~2100 BCE) | Lagash / Girsu]; HZL224 [Hittite period (~1650–1180 BCE) | Hittite]; KWU870 [Ur III (~2112–2004 BCE) | Administrative]; MZL760 [Standard Babylonian (any period) | Akkado-Babylonian]; RSP259 [Early Dynastic (~2900–2340 BCE) | Presargonic Lagash]; SLLHA486 [Standard Babylonian (any period) | Akkado-Babylonian]
U+121D2,|LAGAB×KUL|,|LAGAB×ERIN₂|,𒇒,ABZL406 [Old Babylonian (~2000–1600 BCE) | School texts]; MZL761 [Standard Babylonian (any period) | Akkado-Babylonian]; SLLHA487 [Standard Babylonian (any period) | Akkado-Babylonian]
U+121D6,|LAGAB×LU|,|LAGAB×(IM.LU)|,𒇖,MZL793 [Standard Babylonian (any period) | Akkado-Babylonian]; SLLHA518 [Standard Babylonian (any period) | Akkado-Babylonian]
U+121DE,|LAGAB×(ŠITA@t.GIŠ)|,|LAGAB×(ŠITA.GIŠ)|,𒇞,MZL771 [Standard Babylonian (any period) | Akkado-Babylonian]; SLLHA497 [Standard Babylonian (any period) | Akkado-Babylonian]
U+121DE,|LAGAB×(ŠITA@t.GIŠ)|,|LAGAB×(ŠITA@t.GIŠ.ERIN₂)|,𒇞,MZL771 [Standard Babylonian (any period) | Akkado-Babylonian]; SLLHA497 [Standard Babylonian (any period) | Akkado-Babylonian]
U+121E5,|LAGAB×U|,|LAGAB×TIL|,𒇥,LAK770 [Uruk IV–III (~3400–3000 BCE) | Archaic / Uruk]; ELLES377 [Early Dynastic (~2900–2340 BCE) | Ebla]; PTACE312 [Early Dynastic (~2900–2340 BCE) | Ebla]; LAK771 [Uruk IV–III (~3400–3000 BCE) | Archaic / Uruk]; ASY283 [Standard Babylonian (any period) | Akkadian syllabary]; ABZL410 [Old Babylonian (~2000–1600 BCE) | School texts]; BAU267 [Early Dynastic (~2900–2340 BCE) | Lagash]; GCSL320 [Gudea period (~2100 BCE) | Lagash / Girsu]; HZL180 [Hittite period (~1650–1180 BCE) | Hittite]; KWU887 [Ur III (~2112–2004 BCE) | Administrative]; MZL786 [Standard Babylonian (any period) | Akkado-Babylonian]; PTACE321 [Early Dynastic (~2900–2340 BCE) | Ebla]; RSP259^a [Early Dynastic (~2900–2340 BCE) | Presargonic Lagash]; SLLHA511 [Standard Babylonian (any period) | Akkado-Babylonian]; SYA248 [Standard Babylonian (any period) | Akkadian syllabary]
U+121E5,|LAGAB×U|,|LAGAB×AŠ@c|,𒇥,LAK772 [Uruk IV–III (~3400–3000 BCE) | Archaic / Uruk]; LAK771 [Uruk IV–III (~3400–3000 BCE) | Archaic / Uruk]; ASY283 [Standard Babylonian (any period) | Akkadian syllabary]; ABZL410 [Old Babylonian (~2000–1600 BCE) | School texts]; BAU267 [Early Dynastic (~2900–2340 BCE) | Lagash]; GCSL320 [Gudea period (~2100 BCE) | Lagash / Girsu]; HZL180 [Hittite period (~1650–1180 BCE) | Hittite]; KWU887 [Ur III (~2112–2004 BCE) | Administrative]; MZL786 [Standard Babylonian (any period) | Akkado-Babylonian]; PTACE321 [Early Dynastic (~2900–2340 BCE) | Ebla]; RSP259^a [Early Dynastic (~2900–2340 BCE) | Presargonic Lagash]; SLLHA511 [Standard Babylonian (any period) | Akkado-Babylonian]; SYA248 [Standard Babylonian (any period) | Akkadian syllabary]
U+121E6,|LAGAB×(U.A)|,|LAGAB×(A.U)|,𒇦,ABZL412 [Old Babylonian (~2000–1600 BCE) | School texts]; MZL787 [Standard Babylonian (any period) | Akkado-Babylonian]; SLLHA512 [Standard Babylonian (any period) | Akkado-Babylonian]
U+121F0,|LAGAR@g&LAGAR@g.ŠE|,|LAGAR@g&LAGAR@g|,𒇰,ABZL335 [Old Babylonian (~2000–1600 BCE) | School texts]; SLLHA459an2 [Standard Babylonian (any period) | Akkado-Babylonian]
U+121F2,LAL,LAL@r,𒇲,LAK756 [Uruk IV–III (~3400–3000 BCE) | Archaic / Uruk]; LAK867 [Uruk IV–III (~3400–3000 BCE) | Archaic / Uruk]; ASY277 [Standard Babylonian (any period) | Akkadian syllabary]; ABZL391 [Old Babylonian (~2000–1600 BCE) | School texts]; BAU292 [Early Dynastic (~2900–2340 BCE) | Lagash]; ELLES370 [Early Dynastic (~2900–2340 BCE) | Ebla]; GCSL313 [Gudea period (~2100 BCE) | Lagash / Girsu]; HZL358 [Hittite period (~1650–1180 BCE) | Hittite]; KWU654 [Ur III (~2112–2004 BCE) | Administrative]; MZL750 [Standard Babylonian (any period) | Akkado-Babylonian]; PTACE304 [Early Dynastic (~2900–2340 BCE) | Ebla]; RSP040 [Early Dynastic (~2900–2340 BCE) | Presargonic Lagash]; SLLHA481 [Standard Babylonian (any period) | Akkado-Babylonian]; SYA243 [Standard Babylonian (any period) | Akkadian syllabary]
U+121F3,LAL₂,|LAL%LAL|,𒇳,LAK760 [Uruk IV–III (~3400–3000 BCE) | Archaic / Uruk]; ASY278 [Standard Babylonian (any period) | Akkadian syllabary]; ABZL902 [Old Babylonian (~2000–1600 BCE) | School texts]; ELLES371 [Early Dynastic (~2900–2340 BCE) | Ebla]; HZL362 [Hittite period (~1650–1180 BCE) | Hittite]; KWU662 [Ur III (~2112–2004 BCE) | Administrative]; KWU866 [Ur III (~2112–2004 BCE) | Administrative]; MZL751 [Standard Babylonian (any period) | Akkado-Babylonian]; PTACE305 [Early Dynastic (~2900–2340 BCE) | Ebla]; SLLHA482 [Standard Babylonian (any period) | Akkado-Babylonian]; SYA244 [Standard Babylonian (any period) | Akkadian syllabary]
,|LAL₂.HAL|,|LAL₂×HAL|,𒇳𒄬,
,|LAL₂.TUG₂|,|LAL×KU|,𒇳𒌆,
,|LAL₂.TUG₂|,|LAL₂×DUR₂|,𒇳𒌆,
,|LAL₂.TUG₂|,|LAL₂×TUG₂|,𒇳𒌆,
U+121F8,LIL,REC145,𒇸,LAK208 [Uruk IV–III (~3400–3000 BCE) | Archaic / Uruk]; KWU634 [Ur III (~2112–2004 BCE) | Administrative]; REC145 [Uruk IV–III (~3400–3000 BCE) | Archaic / Uruk]; LAK094 [Uruk IV–III (~3400–3000 BCE) | Archaic / Uruk]; ASY188 [Standard Babylonian (any period) | Akkadian syllabary]; ABZL091 [Old Babylonian (~2000–1600 BCE) | School texts]; GCSL054 [Gudea period (~2100 BCE) | Lagash / Girsu]; HZL127 [Hittite period (~1650–1180 BCE) | Hittite]; KWU147 [Ur III (~2112–2004 BCE) | Administrative]; MZL544 [Standard Babylonian (any period) | Akkado-Babylonian]; REC056 [Uruk IV–III (~3400–3000 BCE) | Archaic / Uruk]; RSP127 [Early Dynastic (~2900–2340 BCE) | Presargonic Lagash]; SLLHA336 [Standard Babylonian (any period) | Akkado-Babylonian]; SYA163 [Standard Babylonian (any period) | Akkadian syllabary]
U+121FB,LU,DIB,𒇻,LAK780 [Uruk IV–III (~3400–3000 BCE) | Archaic / Uruk]; ASY293 [Standard Babylonian (any period) | Akkadian syllabary]; LAK775 [Uruk IV–III (~3400–3000 BCE) | Archaic / Uruk]; ASY292 [Standard Babylonian (any period) | Akkadian syllabary]; ABZL416 [Old Babylonian (~2000–1600 BCE) | School texts]; BAU272 [Early Dynastic (~2900–2340 BCE) | Lagash]; ELLES378 [Early Dynastic (~2900–2340 BCE) | Ebla]; GCSL317 [Gudea period (~2100 BCE) | Lagash / Girsu]; HZL210 [Hittite period (~1650–1180 BCE) | Hittite]; KWU891 [Ur III (~2112–2004 BCE) | Administrative]; MZL812 [Standard Babylonian (any period) | Akkado-Babylonian]; PTACE314 [Early Dynastic (~2900–2340 BCE) | Ebla]; RSP260 [Early Dynastic (~2900–2340 BCE) | Presargonic Lagash]; SLLHA537 [Standard Babylonian (any period) | Akkado-Babylonian]; SYA257 [Standard Babylonian (any period) | Akkadian syllabary]
,|(LU.EŠ₂)&(LU.EŠ₂)|,|(LAGAR@g.SU.LU.EŠ₂)&(LAGAR@g.SU.LU.EŠ₂)|,,
,|(LU.EŠ₂)&(LU.EŠ₂)|,|(SU.LU.EŠ₂.LAGAR@g)&(SU.LU.EŠ₂.LAGAR@g)|,,
,|(LU.EŠ₂)&(LU.EŠ₂)|,|(SU.LU.EŠ₂)&(SU.LU.EŠ₂)|,,
U+121FD,LU₂,LU₂~v,𒇽,LAK337 [Uruk IV–III (~3400–3000 BCE) | Archaic / Uruk]; ASY180 [Standard Babylonian (any period) | Akkadian syllabary]; ABZL253 [Old Babylonian (~2000–1600 BCE) | School texts]; BAU236 [Early Dynastic (~2900–2340 BCE) | Lagash]; ELLES188 [Early Dynastic (~2900–2340 BCE) | Ebla]; GCSL218 [Gudea period (~2100 BCE) | Lagash / Girsu]; HZL078 [Hittite period (~1650–1180 BCE) | Hittite]; KWU080 [Ur III (~2112–2004 BCE) | Administrative]; MZL514 [Standard Babylonian (any period) | Akkado-Babylonian]; PTACE017 [Early Dynastic (~2900–2340 BCE) | Ebla]; RSP396 [Early Dynastic (~2900–2340 BCE) | Presargonic Lagash]; SLLHA330 [Standard Babylonian (any period) | Akkado-Babylonian]; SYA157 [Standard Babylonian (any period) | Akkadian syllabary]
U+12213,|LU₂@LU₂|,|LU₂&LU₂|,𒈓,ABZL255 [Old Babylonian (~2000–1600 BCE) | School texts]; SLLHA330_60 [Standard Babylonian (any period) | Akkado-Babylonian]
U+12214,|4×LU₂|,|3×LU₂|,𒈔,SLLHA330_60n2 [Standard Babylonian (any period) | Akkado-Babylonian]
U+121FF,|LU₂×BAD|,|LU₂×UŠ₂|,𒇿,ZATU020 [Uruk IV–III (~3400–3000 BCE) | Archaic / Uruk]; LAK344 [Uruk IV–III (~3400–3000 BCE) | Archaic / Uruk]; ASY181 [Standard Babylonian (any period) | Akkadian syllabary]; ABZL256 [Old Babylonian (~2000–1600 BCE) | School texts]; BAU237 [Early Dynastic (~2900–2340 BCE) | Lagash]; KWU082 [Ur III (~2112–2004 BCE) | Administrative]; MZL517 [Standard Babylonian (any period) | Akkado-Babylonian]; PTACE018 [Early Dynastic (~2900–2340 BCE) | Ebla]; RSP397 [Early Dynastic (~2900–2340 BCE) | Presargonic Lagash]; SLLHA330_6 [Standard Babylonian (any period) | Akkado-Babylonian]
U+12201,|LU₂×EŠ₂@t|,|LU₂×ŠU|,𒈁,MZL531 [Standard Babylonian (any period) | Akkado-Babylonian]; SLLHA330_7cn [Standard Babylonian (any period) | Akkado-Babylonian]
U+12202,|LU₂×GAN₂@t|,|LU₂×AŠ₂|,𒈂,ABZL258 [Old Babylonian (~2000–1600 BCE) | School texts]; ELLES189 [Early Dynastic (~2900–2340 BCE) | Ebla]; MZL521 [Standard Babylonian (any period) | Akkado-Babylonian]; PTACE019 [Early Dynastic (~2900–2340 BCE) | Ebla]; SLLHA330_7 [Standard Babylonian (any period) | Akkado-Babylonian]
U+12202,|LU₂×GAN₂@t|,|LU₂×EŠ₂|,𒈂,ABZL258 [Old Babylonian (~2000–1600 BCE) | School texts]; ELLES189 [Early Dynastic (~2900–2340 BCE) | Ebla]; MZL521 [Standard Babylonian (any period) | Akkado-Babylonian]; PTACE019 [Early Dynastic (~2900–2340 BCE) | Ebla]; SLLHA330_7 [Standard Babylonian (any period) | Akkado-Babylonian]
U+1251B,|LU₂×HAL|,LAK340,𒔛,LAK340 [Uruk IV–III (~3400–3000 BCE) | Archaic / Uruk]
U+1220A,|LU₂×LAGAB|,|LU₂.LAGAB|,𒈊,MZL528 [Standard Babylonian (any period) | Akkado-Babylonian]; SLLHA330_7b [Standard Babylonian (any period) | Akkado-Babylonian]
U+1220B,|LU₂×(ME.EN)|,|LU₂.ME.EN|,𒈋,MZL527' [Standard Babylonian (any period) | Akkado-Babylonian]; SLLHA330_7bn [Standard Babylonian (any period) | Akkado-Babylonian]
U+1220F,|LU₂×(SIK₂.BU)|,|LU₂×(SIK₂.SUD)|,𒈏,MZL533 [Standard Babylonian (any period) | Akkado-Babylonian]; SLLHA330_7dn [Standard Babylonian (any period) | Akkado-Babylonian]
U+12210,|LU₂×TUG₂|,|AL×TUG₂|,𒈐,MZL530 [Standard Babylonian (any period) | Akkado-Babylonian]; SLLHA330_7c [Standard Babylonian (any period) | Akkado-Babylonian]
U+12215,LU₂@s,LAK349,𒈕,LAK349 [Uruk IV–III (~3400–3000 BCE) | Archaic / Uruk]; ABZL254 [Old Babylonian (~2000–1600 BCE) | School texts]; BAU277 [Early Dynastic (~2900–2340 BCE) | Lagash]; KWU081 [Ur III (~2112–2004 BCE) | Administrative]; MZL516 [Standard Babylonian (any period) | Akkado-Babylonian]; REC290 [Uruk IV–III (~3400–3000 BCE) | Archaic / Uruk]; RSP398 [Early Dynastic (~2900–2340 BCE) | Presargonic Lagash]; SLLHA330_8n [Standard Babylonian (any period) | Akkado-Babylonian]
U+12215,LU₂@s,|LU₂×GAM|,𒈕,ABZL254 [Old Babylonian (~2000–1600 BCE) | School texts]; BAU277 [Early Dynastic (~2900–2340 BCE) | Lagash]; KWU081 [Ur III (~2112–2004 BCE) | Administrative]; MZL516 [Standard Babylonian (any period) | Akkado-Babylonian]; REC290 [Uruk IV–III (~3400–3000 BCE) | Archaic / Uruk]; RSP398 [Early Dynastic (~2900–2340 BCE) | Presargonic Lagash]; SLLHA330_8n [Standard Babylonian (any period) | Akkado-Babylonian]
U+12218,|LUGAL&LUGAL|,|LUGAL%LUGAL|,𒈘,SLLHA151vn [Standard Babylonian (any period) | Akkado-Babylonian]
U+1221C,LUL,LAK244,𒈜,LAK244 [Uruk IV–III (~3400–3000 BCE) | Archaic / Uruk]; ELLES138 [Early Dynastic (~2900–2340 BCE) | Ebla]; RSP468ter [Early Dynastic (~2900–2340 BCE) | Presargonic Lagash]; LAK242 [Uruk IV–III (~3400–3000 BCE) | Archaic / Uruk]; LAK243 [Uruk IV–III (~3400–3000 BCE) | Archaic / Uruk]; ASY207 [Standard Babylonian (any period) | Akkadian syllabary]; ABZL296 [Old Babylonian (~2000–1600 BCE) | School texts]; BAU103a [Early Dynastic (~2900–2340 BCE) | Lagash]; BAU160 [Early Dynastic (~2900–2340 BCE) | Lagash]; ELLES136 [Early Dynastic (~2900–2340 BCE) | Ebla]; GCSL164 [Gudea period (~2100 BCE) | Lagash / Girsu]; KWU455 [Ur III (~2112–2004 BCE) | Administrative]; MZL570 [Standard Babylonian (any period) | Akkado-Babylonian]; PTACE131 [Early Dynastic (~2900–2340 BCE) | Ebla]; RSP468 [Early Dynastic (~2900–2340 BCE) | Presargonic Lagash]; SLLHA355 [Standard Babylonian (any period) | Akkado-Babylonian]; SYA181 [Standard Babylonian (any period) | Akkadian syllabary]
U+1221C,LUL,RSP468bis,𒈜,RSP468bis [Early Dynastic (~2900–2340 BCE) | Presargonic Lagash]; LAK242 [Uruk IV–III (~3400–3000 BCE) | Archaic / Uruk]; LAK243 [Uruk IV–III (~3400–3000 BCE) | Archaic / Uruk]; ASY207 [Standard Babylonian (any period) | Akkadian syllabary]; ABZL296 [Old Babylonian (~2000–1600 BCE) | School texts]; BAU103a [Early Dynastic (~2900–2340 BCE) | Lagash]; BAU160 [Early Dynastic (~2900–2340 BCE) | Lagash]; ELLES136 [Early Dynastic (~2900–2340 BCE) | Ebla]; GCSL164 [Gudea period (~2100 BCE) | Lagash / Girsu]; KWU455 [Ur III (~2112–2004 BCE) | Administrative]; MZL570 [Standard Babylonian (any period) | Akkado-Babylonian]; PTACE131 [Early Dynastic (~2900–2340 BCE) | Ebla]; RSP468 [Early Dynastic (~2900–2340 BCE) | Presargonic Lagash]; SLLHA355 [Standard Babylonian (any period) | Akkado-Babylonian]; SYA181 [Standard Babylonian (any period) | Akkadian syllabary]
U+1221E,|LUM&LUM|,|LUM%LUM|,𒈞,MZL902 [Standard Babylonian (any period) | Akkado-Babylonian]
U+12222,MA@g,|MA×GAN₂@t|,𒈢,LAK035 [Uruk IV–III (~3400–3000 BCE) | Archaic / Uruk]; ABZL218 [Old Babylonian (~2000–1600 BCE) | School texts]; ELLES020 [Early Dynastic (~2900–2340 BCE) | Ebla]; HZL219 [Hittite period (~1650–1180 BCE) | Hittite]; KWU292 [Ur III (~2112–2004 BCE) | Administrative]; MZL270 [Standard Babylonian (any period) | Akkado-Babylonian]; PTACE027 [Early Dynastic (~2900–2340 BCE) | Ebla]; RSP290 [Early Dynastic (~2900–2340 BCE) | Presargonic Lagash]; SLLHA146 [Standard Babylonian (any period) | Akkado-Babylonian]
U+12224,MAH,MAH@v,𒈤,LAK057 [Uruk IV–III (~3400–3000 BCE) | Archaic / Uruk]; ASY029 [Standard Babylonian (any period) | Akkadian syllabary]; ABZL006 [Old Babylonian (~2000–1600 BCE) | School texts]; GCSL023 [Gudea period (~2100 BCE) | Lagash / Girsu]; HZL010 [Hittite period (~1650–1180 BCE) | Hittite]; KWU091 [Ur III (~2112–2004 BCE) | Administrative]; MZL091 [Standard Babylonian (any period) | Akkado-Babylonian]; PTACE242 [Early Dynastic (~2900–2340 BCE) | Ebla]; RSP368 [Early Dynastic (~2900–2340 BCE) | Presargonic Lagash]; SLLHA057 [Standard Babylonian (any period) | Akkado-Babylonian]; SYA024 [Standard Babylonian (any period) | Akkadian syllabary]
U+12226,MAŠ,MAŠ@t,𒈦,LAK042 [Uruk IV–III (~3400–3000 BCE) | Archaic / Uruk]; ASY047 [Standard Babylonian (any period) | Akkadian syllabary]; ABZL029 [Old Babylonian (~2000–1600 BCE) | School texts]; BAU045 [Early Dynastic (~2900–2340 BCE) | Lagash]; ELLES027 [Early Dynastic (~2900–2340 BCE) | Ebla]; GCSL027 [Gudea period (~2100 BCE) | Lagash / Girsu]; HZL020 [Hittite period (~1650–1180 BCE) | Hittite]; KWU107 [Ur III (~2112–2004 BCE) | Administrative]; MZL120 [Standard Babylonian (any period) | Akkado-Babylonian]; PTACE036 [Early Dynastic (~2900–2340 BCE) | Ebla]; RSP019 [Early Dynastic (~2900–2340 BCE) | Presargonic Lagash]; RSP047 [Early Dynastic (~2900–2340 BCE) | Presargonic Lagash]; SLLHA074 [Standard Babylonian (any period) | Akkado-Babylonian]; SYA040 [Standard Babylonian (any period) | Akkadian syllabary]
U+12226,MAŠ,F₇,𒈦,LAK042 [Uruk IV–III (~3400–3000 BCE) | Archaic / Uruk]; ASY047 [Standard Babylonian (any period) | Akkadian syllabary]; ABZL029 [Old Babylonian (~2000–1600 BCE) | School texts]; BAU045 [Early Dynastic (~2900–2340 BCE) | Lagash]; ELLES027 [Early Dynastic (~2900–2340 BCE) | Ebla]; GCSL027 [Gudea period (~2100 BCE) | Lagash / Girsu]; HZL020 [Hittite period (~1650–1180 BCE) | Hittite]; KWU107 [Ur III (~2112–2004 BCE) | Administrative]; MZL120 [Standard Babylonian (any period) | Akkado-Babylonian]; PTACE036 [Early Dynastic (~2900–2340 BCE) | Ebla]; RSP019 [Early Dynastic (~2900–2340 BCE) | Presargonic Lagash]; RSP047 [Early Dynastic (~2900–2340 BCE) | Presargonic Lagash]; SLLHA074 [Standard Babylonian (any period) | Akkado-Babylonian]; SYA040 [Standard Babylonian (any period) | Akkadian syllabary]
,|ME.NUN.TAG|,|TAG.NUN|,𒈨𒉣𒋳,
U+12230,MUNSUB,UŠX,𒈰,LAK672^a [Uruk IV–III (~3400–3000 BCE) | Archaic / Uruk]; LAK672^b [Uruk IV–III (~3400–3000 BCE) | Archaic / Uruk]; ABZL397 [Old Babylonian (~2000–1600 BCE) | School texts]; ELLES329 [Early Dynastic (~2900–2340 BCE) | Ebla]; PTACE275 [Early Dynastic (~2900–2340 BCE) | Ebla]; MZL820 [Standard Babylonian (any period) | Akkado-Babylonian]; SLLHA543 [Standard Babylonian (any period) | Akkado-Babylonian]
U+12231,MURGU₂,SIG₄,𒈱,LAK188 [Uruk IV–III (~3400–3000 BCE) | Archaic / Uruk]; BAU206 [Early Dynastic (~2900–2340 BCE) | Lagash]; ELLES111 [Early Dynastic (~2900–2340 BCE) | Ebla]; GCSL096 [Gudea period (~2100 BCE) | Lagash / Girsu]; PTACE214 [Early Dynastic (~2900–2340 BCE) | Ebla]; RSP114 [Early Dynastic (~2900–2340 BCE) | Presargonic Lagash]; ABZL242 [Old Babylonian (~2000–1600 BCE) | School texts]; HZL311 [Hittite period (~1650–1180 BCE) | Hittite]; KWU354 [Ur III (~2112–2004 BCE) | Administrative]; LAK193 [Uruk IV–III (~3400–3000 BCE) | Archaic / Uruk]; MZL901 [Standard Babylonian (any period) | Akkado-Babylonian]; RSP113 [Early Dynastic (~2900–2340 BCE) | Presargonic Lagash]; SLLHA565 [Standard Babylonian (any period) | Akkado-Babylonian]
U+12232,MUŠ,BAU153,𒈲,BAU153 [Early Dynastic (~2900–2340 BCE) | Lagash]; ZATU059 [Uruk IV–III (~3400–3000 BCE) | Archaic / Uruk]; LAK235 [Uruk IV–III (~3400–3000 BCE) | Archaic / Uruk]; ASY216 [Standard Babylonian (any period) | Akkadian syllabary]; ABZL267 [Old Babylonian (~2000–1600 BCE) | School texts]; BAU152 [Early Dynastic (~2900–2340 BCE) | Lagash]; ELLES133 [Early Dynastic (~2900–2340 BCE) | Ebla]; GCSL117 [Gudea period (~2100 BCE) | Lagash / Girsu]; HZL342 [Hittite period (~1650–1180 BCE) | Hittite]; KWU388 [Ur III (~2112–2004 BCE) | Administrative]; MZL585 [Standard Babylonian (any period) | Akkado-Babylonian]; RSP337 [Early Dynastic (~2900–2340 BCE) | Presargonic Lagash]; SLLHA374 [Standard Babylonian (any period) | Akkado-Babylonian]; SYA188 [Standard Babylonian (any period) | Akkadian syllabary]
U+12238,|MUŠ%MUŠ|,|MUŠ&MUŠ|,𒈸,LAK236 [Uruk IV–III (~3400–3000 BCE) | Archaic / Uruk]; RSP338 [Early Dynastic (~2900–2340 BCE) | Presargonic Lagash]
U+12238,|MUŠ%MUŠ|,|(PAP.PAP)&(PAP.PAP)|,𒈸,LAK236 [Uruk IV–III (~3400–3000 BCE) | Archaic / Uruk]; RSP338 [Early Dynastic (~2900–2340 BCE) | Presargonic Lagash]
,|MUŠ%MUŠ.A.NA|,|(MUŠ%MUŠ)×(A.NA)|,𒈸𒀀𒈾,
U+12239,MUŠ₃,MUŠ₃@g,𒈹,LAK463 [Uruk IV–III (~3400–3000 BCE) | Archaic / Uruk]; ASY074 [Standard Babylonian (any period) | Akkadian syllabary]; LAK462 [Uruk IV–III (~3400–3000 BCE) | Archaic / Uruk]; ASY062 [Standard Babylonian (any period) | Akkadian syllabary]; ASY075 [Standard Babylonian (any period) | Akkadian syllabary]; ABZL044 [Old Babylonian (~2000–1600 BCE) | School texts]; BAU249 [Early Dynastic (~2900–2340 BCE) | Lagash]; ELLES242 [Early Dynastic (~2900–2340 BCE) | Ebla]; HZL041 [Hittite period (~1650–1180 BCE) | Hittite]; KWU117 [Ur III (~2112–2004 BCE) | Administrative]; MZL153 [Standard Babylonian (any period) | Akkado-Babylonian]; RSP098 [Early Dynastic (~2900–2340 BCE) | Presargonic Lagash]; SLLHA103v [Standard Babylonian (any period) | Akkado-Babylonian]
U+12243,|NAGA@NAGA|,|4×(AN.ŠE.NAGA)|,𒉃,SLLHA165+165n1 [Standard Babylonian (any period) | Akkado-Babylonian]
U+12241,NAGA@180,NAGA@t,𒉁,ABZL298 [Old Babylonian (~2000–1600 BCE) | School texts]; MZL293 [Standard Babylonian (any period) | Akkado-Babylonian]; SLLHA165n1 [Standard Babylonian (any period) | Akkado-Babylonian]
U+1224B,NE@s,|NE×KASKAL|,𒉋,LAK150 [Uruk IV–III (~3400–3000 BCE) | Archaic / Uruk]; ELLES081 [Early Dynastic (~2900–2340 BCE) | Ebla]; PTACE096 [Early Dynastic (~2900–2340 BCE) | Ebla]; ASY124 [Standard Babylonian (any period) | Akkadian syllabary]; ABZL117 [Old Babylonian (~2000–1600 BCE) | School texts]; BAU103c [Early Dynastic (~2900–2340 BCE) | Lagash]; GCSL064 [Gudea period (~2100 BCE) | Lagash / Girsu]; HZL172 [Hittite period (~1650–1180 BCE) | Hittite]; KWU281 [Ur III (~2112–2004 BCE) | Administrative]; MZL312 [Standard Babylonian (any period) | Akkado-Babylonian]; RSP364 [Early Dynastic (~2900–2340 BCE) | Presargonic Lagash]; RSP364bis [Early Dynastic (~2900–2340 BCE) | Presargonic Lagash]; SLLHA173 [Standard Babylonian (any period) | Akkado-Babylonian]; SYA107 [Standard Babylonian (any period) | Akkadian syllabary]
U+1224B,NE@s,|NE×PAP|,𒉋,LAK149 [Uruk IV–III (~3400–3000 BCE) | Archaic / Uruk]; ASY124 [Standard Babylonian (any period) | Akkadian syllabary]; ABZL117 [Old Babylonian (~2000–1600 BCE) | School texts]; BAU103c [Early Dynastic (~2900–2340 BCE) | Lagash]; GCSL064 [Gudea period (~2100 BCE) | Lagash / Girsu]; HZL172 [Hittite period (~1650–1180 BCE) | Hittite]; KWU281 [Ur III (~2112–2004 BCE) | Administrative]; MZL312 [Standard Babylonian (any period) | Akkado-Babylonian]; RSP364 [Early Dynastic (~2900–2340 BCE) | Presargonic Lagash]; RSP364bis [Early Dynastic (~2900–2340 BCE) | Presargonic Lagash]; SLLHA173 [Standard Babylonian (any period) | Akkado-Babylonian]; SYA107 [Standard Babylonian (any period) | Akkadian syllabary]
U+12457,NIGIDAEŠ,NIGIDAEŠ~a,𒑗,LAK836^c [Uruk IV–III (~3400–3000 BCE) | Archaic / Uruk]; MZL850 [Standard Babylonian (any period) | Akkado-Babylonian]; RSP023 [Early Dynastic (~2900–2340 BCE) | Presargonic Lagash]; SLLHA585c [Standard Babylonian (any period) | Akkado-Babylonian]
U+12457,NIGIDAEŠ,NIGIDAEŠ@c~a,𒑗,LAK836^b [Uruk IV–III (~3400–3000 BCE) | Archaic / Uruk]; LAK836^c [Uruk IV–III (~3400–3000 BCE) | Archaic / Uruk]; MZL850 [Standard Babylonian (any period) | Akkado-Babylonian]; RSP023 [Early Dynastic (~2900–2340 BCE) | Presargonic Lagash]; SLLHA585c [Standard Babylonian (any period) | Akkado-Babylonian]
U+12250,|NIM×GAN₂@t|,NIM,𒉐,LAK270 [Uruk IV–III (~3400–3000 BCE) | Archaic / Uruk]; LAK271 [Uruk IV–III (~3400–3000 BCE) | Archaic / Uruk]; ASY251 [Standard Babylonian (any period) | Akkadian syllabary]; BAU141? [Early Dynastic (~2900–2340 BCE) | Lagash]; ELLES154 [Early Dynastic (~2900–2340 BCE) | Ebla]; GCSL122 [Gudea period (~2100 BCE) | Lagash / Girsu]; RSP390 [Early Dynastic (~2900–2340 BCE) | Presargonic Lagash]; LAK272 [Uruk IV–III (~3400–3000 BCE) | Archaic / Uruk]; ASY252 [Standard Babylonian (any period) | Akkadian syllabary]; ABZL356 [Old Babylonian (~2000–1600 BCE) | School texts]; ELLES155 [Early Dynastic (~2900–2340 BCE) | Ebla]; GCSL123 [Gudea period (~2100 BCE) | Lagash / Girsu]; HZL279 [Hittite period (~1650–1180 BCE) | Hittite]; KWU399 [Ur III (~2112–2004 BCE) | Administrative]; MZL691 [Standard Babylonian (any period) | Akkado-Babylonian]; PTACE118 [Early Dynastic (~2900–2340 BCE) | Ebla]; RSP391 [Early Dynastic (~2900–2340 BCE) | Presargonic Lagash]; SLLHA434 [Standard Babylonian (any period) | Akkado-Babylonian]; SYA221 [Standard Babylonian (any period) | Akkadian syllabary]
U+12250,|NIM×GAN₂@t|,|NIM×GAN₂|,𒉐,LAK272 [Uruk IV–III (~3400–3000 BCE) | Archaic / Uruk]; ASY252 [Standard Babylonian (any period) | Akkadian syllabary]; ABZL356 [Old Babylonian (~2000–1600 BCE) | School texts]; ELLES155 [Early Dynastic (~2900–2340 BCE) | Ebla]; GCSL123 [Gudea period (~2100 BCE) | Lagash / Girsu]; HZL279 [Hittite period (~1650–1180 BCE) | Hittite]; KWU399 [Ur III (~2112–2004 BCE) | Administrative]; MZL691 [Standard Babylonian (any period) | Akkado-Babylonian]; PTACE118 [Early Dynastic (~2900–2340 BCE) | Ebla]; RSP391 [Early Dynastic (~2900–2340 BCE) | Presargonic Lagash]; SLLHA434 [Standard Babylonian (any period) | Akkado-Babylonian]; SYA221 [Standard Babylonian (any period) | Akkadian syllabary]
U+12255,|NINDA₂×(AŠ.AŠ)|,|NINDA₂×2(AŠ@c)|,𒉕,ELLES058 [Early Dynastic (~2900–2340 BCE) | Ebla]; MZL318 [Standard Babylonian (any period) | Akkado-Babylonian]; SLLHA177n [Standard Babylonian (any period) | Akkado-Babylonian]
U+1225A,|NINDA₂×ŠE|,|NINDA₂×(DIŠ.ŠE.A.AN)|,𒉚,LAK105 [Uruk IV–III (~3400–3000 BCE) | Archaic / Uruk]; LAK108 [Uruk IV–III (~3400–3000 BCE) | Archaic / Uruk]; ASY127 [Standard Babylonian (any period) | Akkadian syllabary]; BAU066 [Early Dynastic (~2900–2340 BCE) | Lagash]; KWU160 [Ur III (~2112–2004 BCE) | Administrative]; PTACE069 [Early Dynastic (~2900–2340 BCE) | Ebla]; RSP108 [Early Dynastic (~2900–2340 BCE) | Presargonic Lagash]; SLLHA187v5 [Standard Babylonian (any period) | Akkado-Babylonian]
U+1225A,|NINDA₂×ŠE|,|NINDA₂×(ŠE.A.AN)|,𒉚,LAK105 [Uruk IV–III (~3400–3000 BCE) | Archaic / Uruk]; LAK108 [Uruk IV–III (~3400–3000 BCE) | Archaic / Uruk]; ASY127 [Standard Babylonian (any period) | Akkadian syllabary]; BAU066 [Early Dynastic (~2900–2340 BCE) | Lagash]; KWU160 [Ur III (~2112–2004 BCE) | Administrative]; PTACE069 [Early Dynastic (~2900–2340 BCE) | Ebla]; RSP108 [Early Dynastic (~2900–2340 BCE) | Presargonic Lagash]; SLLHA187v5 [Standard Babylonian (any period) | Akkado-Babylonian]
U+1225A,|NINDA₂×ŠE|,NINDA₂@180,𒉚,LAK105 [Uruk IV–III (~3400–3000 BCE) | Archaic / Uruk]; LAK108 [Uruk IV–III (~3400–3000 BCE) | Archaic / Uruk]; ASY127 [Standard Babylonian (any period) | Akkadian syllabary]; BAU066 [Early Dynastic (~2900–2340 BCE) | Lagash]; KWU160 [Ur III (~2112–2004 BCE) | Administrative]; PTACE069 [Early Dynastic (~2900–2340 BCE) | Ebla]; RSP108 [Early Dynastic (~2900–2340 BCE) | Presargonic Lagash]; SLLHA187v5 [Standard Babylonian (any period) | Akkado-Babylonian]
U+1252A,|NINDA₂×U|,|NINDA₂×U@c|,𒔪,LAK102 [Uruk IV–III (~3400–3000 BCE) | Archaic / Uruk]; ELLES060 [Early Dynastic (~2900–2340 BCE) | Ebla]
U+1252B,|NINDA₂×(U.U)|,|NINDA₂×(U@c.U@c)|,𒔫,LAK103 [Uruk IV–III (~3400–3000 BCE) | Archaic / Uruk]
,|NINDA₂×2(DIŠ)|,|NINDA₂×NIGIDAMIN@c|,,LAK101 [Uruk IV–III (~3400–3000 BCE) | Archaic / Uruk]; ELLES059 [Early Dynastic (~2900–2340 BCE) | Ebla]
U+1226C,|NUN%NUN.LAGAR&LAGAR|,|(NUN.LAGAR)&(NUN.LAGAR)|,𒉬,SLLHA063_27n [Standard Babylonian (any period) | Akkado-Babylonian]
U+12269,NUN@t,NUN,𒉩,LAK076 [Uruk IV–III (~3400–3000 BCE) | Archaic / Uruk]; ASY063 [Standard Babylonian (any period) | Akkadian syllabary]; ABZL241 [Old Babylonian (~2000–1600 BCE) | School texts]; MZL144 [Standard Babylonian (any period) | Akkado-Babylonian]; SLLHA087 [Standard Babylonian (any period) | Akkado-Babylonian]
U+1226D,NUNUZ,|AB₂%AB₂|,𒉭,LAK364 [Uruk IV–III (~3400–3000 BCE) | Archaic / Uruk]; ABZL371 [Old Babylonian (~2000–1600 BCE) | School texts]; BAU082a [Early Dynastic (~2900–2340 BCE) | Lagash]; ELLES200 [Early Dynastic (~2900–2340 BCE) | Ebla]; GCSL214 [Gudea period (~2100 BCE) | Lagash / Girsu]; KWU532 [Ur III (~2112–2004 BCE) | Administrative]; PTACE180 [Early Dynastic (~2900–2340 BCE) | Ebla]; RSP348 [Early Dynastic (~2900–2340 BCE) | Presargonic Lagash]
U+1226D,NUNUZ,NUNUZ~a,𒉭,LAK813 [Uruk IV–III (~3400–3000 BCE) | Archaic / Uruk]; BAU082b [Early Dynastic (~2900–2340 BCE) | Lagash]; LAK364 [Uruk IV–III (~3400–3000 BCE) | Archaic / Uruk]; ABZL371 [Old Babylonian (~2000–1600 BCE) | School texts]; BAU082a [Early Dynastic (~2900–2340 BCE) | Lagash]; ELLES200 [Early Dynastic (~2900–2340 BCE) | Ebla]; GCSL214 [Gudea period (~2100 BCE) | Lagash / Girsu]; KWU532 [Ur III (~2112–2004 BCE) | Administrative]; PTACE180 [Early Dynastic (~2900–2340 BCE) | Ebla]; RSP348 [Early Dynastic (~2900–2340 BCE) | Presargonic Lagash]
U+124F1,LAK449,|LAK449×AŠ|,𒓱,LAK449^a [Uruk IV–III (~3400–3000 BCE) | Archaic / Uruk]; RSP350^a [Early Dynastic (~2900–2340 BCE) | Presargonic Lagash]; LAK449 [Uruk IV–III (~3400–3000 BCE) | Archaic / Uruk]; ELLES233 [Early Dynastic (~2900–2340 BCE) | Ebla]; RSP350 [Early Dynastic (~2900–2340 BCE) | Presargonic Lagash]
U+12471,P₂,AŠ@t,𒑱,LAK178 [Uruk IV–III (~3400–3000 BCE) | Archaic / Uruk]; LAK820^c [Uruk IV–III (~3400–3000 BCE) | Archaic / Uruk]; ASY209 [Standard Babylonian (any period) | Akkadian syllabary]; HZL248 [Hittite period (~1650–1180 BCE) | Hittite]; MZL592 [Standard Babylonian (any period) | Akkado-Babylonian]; SLLHA377n1 [Standard Babylonian (any period) | Akkado-Babylonian]
U+12471,P₂,DIŠ,𒑱,LAK820^d [Uruk IV–III (~3400–3000 BCE) | Archaic / Uruk]; LAK834^a [Uruk IV–III (~3400–3000 BCE) | Archaic / Uruk]; LAK854^b [Uruk IV–III (~3400–3000 BCE) | Archaic / Uruk]; ASY276 [Standard Babylonian (any period) | Akkadian syllabary]; HZL248 [Hittite period (~1650–1180 BCE) | Hittite]; MZL592 [Standard Babylonian (any period) | Akkado-Babylonian]; SLLHA377n1 [Standard Babylonian (any period) | Akkado-Babylonian]
U+12471,P₂,GAM,𒑱,LAK180 [Uruk IV–III (~3400–3000 BCE) | Archaic / Uruk]; ASY210 [Standard Babylonian (any period) | Akkadian syllabary]; GCSL091 [Gudea period (~2100 BCE) | Lagash / Girsu]; HZL248 [Hittite period (~1650–1180 BCE) | Hittite]; MZL592 [Standard Babylonian (any period) | Akkado-Babylonian]; SLLHA377n1 [Standard Babylonian (any period) | Akkado-Babylonian]
U+12471,P₂,GE₂₂,𒑱,HZL248 [Hittite period (~1650–1180 BCE) | Hittite]; MZL592 [Standard Babylonian (any period) | Akkado-Babylonian]; SLLHA377n1 [Standard Babylonian (any period) | Akkado-Babylonian]
U+12471,P₂,U,𒑱,LAK821^b [Uruk IV–III (~3400–3000 BCE) | Archaic / Uruk]; LAK840^b [Uruk IV–III (~3400–3000 BCE) | Archaic / Uruk]; LAK857^b [Uruk IV–III (~3400–3000 BCE) | Archaic / Uruk]; LAK859^b [Uruk IV–III (~3400–3000 BCE) | Archaic / Uruk]; ASY242 [Standard Babylonian (any period) | Akkadian syllabary]; GCSL176 [Gudea period (~2100 BCE) | Lagash / Girsu]; HZL248 [Hittite period (~1650–1180 BCE) | Hittite]; MZL592 [Standard Babylonian (any period) | Akkado-Babylonian]; SLLHA377n1 [Standard Babylonian (any period) | Akkado-Babylonian]
U+12471,P₂,|U.U|,𒑱,ASY274 [Standard Babylonian (any period) | Akkadian syllabary]; HZL248 [Hittite period (~1650–1180 BCE) | Hittite]; MZL592 [Standard Babylonian (any period) | Akkado-Babylonian]; SLLHA377n1 [Standard Babylonian (any period) | Akkado-Babylonian]
,|PA.SAL.HUB₂.DU|,DU,𒉺𒊩𒄸𒁺,LAK484 [Uruk IV–III (~3400–3000 BCE) | Archaic / Uruk]; ASY135 [Standard Babylonian (any period) | Akkadian syllabary]; BAU374 [Early Dynastic (~2900–2340 BCE) | Lagash]; ELLES252 [Early Dynastic (~2900–2340 BCE) | Ebla]; GCSL224 [Gudea period (~2100 BCE) | Lagash / Girsu]; PTACE236 [Early Dynastic (~2900–2340 BCE) | Ebla]; RSP369 [Early Dynastic (~2900–2340 BCE) | Presargonic Lagash]
U+1227E,PEŠ₂,LAK247,𒉾,LAK247 [Uruk IV–III (~3400–3000 BCE) | Archaic / Uruk]; ELLES145 [Early Dynastic (~2900–2340 BCE) | Ebla]; PTACE137 [Early Dynastic (~2900–2340 BCE) | Ebla]; RSP460bis [Early Dynastic (~2900–2340 BCE) | Presargonic Lagash]; LAK245 [Uruk IV–III (~3400–3000 BCE) | Archaic / Uruk]; ABZL418 [Old Babylonian (~2000–1600 BCE) | School texts]; ELLES146 [Early Dynastic (~2900–2340 BCE) | Ebla]; HZL003 [Hittite period (~1650–1180 BCE) | Hittite]; MZL882 [Standard Babylonian (any period) | Akkado-Babylonian]; SLLHA596 [Standard Babylonian (any period) | Akkado-Babylonian]; ELLES138 [Early Dynastic (~2900–2340 BCE) | Ebla]; RSP468ter [Early Dynastic (~2900–2340 BCE) | Presargonic Lagash]
U+1228E,|PIRIG@PIRIG|,|GIR₃@GIR₃|,𒊎,SLLHA444n2 [Standard Babylonian (any period) | Akkado-Babylonian]
U+1228C,|PIRIG×UD|,PIRIG,𒊌,LAK256 [Uruk IV–III (~3400–3000 BCE) | Archaic / Uruk]; BAU162 [Early Dynastic (~2900–2340 BCE) | Lagash]; ELLES144 [Early Dynastic (~2900–2340 BCE) | Ebla]; GCSL131 [Gudea period (~2100 BCE) | Lagash / Girsu]; RSP460 [Early Dynastic (~2900–2340 BCE) | Presargonic Lagash]; LAK259 [Uruk IV–III (~3400–3000 BCE) | Archaic / Uruk]; ASY096 [Standard Babylonian (any period) | Akkadian syllabary]; ABZL179 [Old Babylonian (~2000–1600 BCE) | School texts]; GCSL132 [Gudea period (~2100 BCE) | Lagash / Girsu]; GCSL133 [Gudea period (~2100 BCE) | Lagash / Girsu]; HZL093 [Hittite period (~1650–1180 BCE) | Hittite]; KWU437 [Ur III (~2112–2004 BCE) | Administrative]; MZL296 [Standard Babylonian (any period) | Akkado-Babylonian]; SLLHA130 [Standard Babylonian (any period) | Akkado-Babylonian]; SYA084 [Standard Babylonian (any period) | Akkadian syllabary]
U+1228D,|PIRIG×ZA|,PIRIG,𒊍,LAK256 [Uruk IV–III (~3400–3000 BCE) | Archaic / Uruk]; BAU162 [Early Dynastic (~2900–2340 BCE) | Lagash]; ELLES144 [Early Dynastic (~2900–2340 BCE) | Ebla]; GCSL131 [Gudea period (~2100 BCE) | Lagash / Girsu]; RSP460 [Early Dynastic (~2900–2340 BCE) | Presargonic Lagash]; LAK261 [Uruk IV–III (~3400–3000 BCE) | Archaic / Uruk]; ASY097 [Standard Babylonian (any period) | Akkadian syllabary]; ABZL180 [Old Babylonian (~2000–1600 BCE) | School texts]; BAU164 [Early Dynastic (~2900–2340 BCE) | Lagash]; ELLES147 [Early Dynastic (~2900–2340 BCE) | Ebla]; HZL092 [Hittite period (~1650–1180 BCE) | Hittite]; KWU445 [Ur III (~2112–2004 BCE) | Administrative]; MZL297 [Standard Babylonian (any period) | Akkado-Babylonian]; PTACE136 [Early Dynastic (~2900–2340 BCE) | Ebla]; RSP461 [Early Dynastic (~2900–2340 BCE) | Presargonic Lagash]; SLLHA131 [Standard Babylonian (any period) | Akkado-Babylonian]; SYA085 [Standard Babylonian (any period) | Akkadian syllabary]
U+12291,RI,HU,𒊑,LAK064 [Uruk IV–III (~3400–3000 BCE) | Archaic / Uruk]; ASY052 [Standard Babylonian (any period) | Akkadian syllabary]; GCSL031 [Gudea period (~2100 BCE) | Lagash / Girsu]; PTACE040 [Early Dynastic (~2900–2340 BCE) | Ebla]; LAK075 [Uruk IV–III (~3400–3000 BCE) | Archaic / Uruk]; ASY061 [Standard Babylonian (any period) | Akkadian syllabary]; ABZL039 [Old Babylonian (~2000–1600 BCE) | School texts]; ELLES046 [Early Dynastic (~2900–2340 BCE) | Ebla]; GCSL178a [Gudea period (~2100 BCE) | Lagash / Girsu]; HZL032 [Hittite period (~1650–1180 BCE) | Hittite]; KWU120 [Ur III (~2112–2004 BCE) | Administrative]; MZL142 [Standard Babylonian (any period) | Akkado-Babylonian]; PTACE064 [Early Dynastic (~2900–2340 BCE) | Ebla]; RSP412 [Early Dynastic (~2900–2340 BCE) | Presargonic Lagash]; SLLHA086 [Standard Babylonian (any period) | Akkado-Babylonian]; SYA053 [Standard Babylonian (any period) | Akkadian syllabary]
U+12293,SA,SA@v,𒊓,LAK731 [Uruk IV–III (~3400–3000 BCE) | Archaic / Uruk]; ASY076 [Standard Babylonian (any period) | Akkadian syllabary]; ABZL147 [Old Babylonian (~2000–1600 BCE) | School texts]; BAU361 [Early Dynastic (~2900–2340 BCE) | Lagash]; ELLES357 [Early Dynastic (~2900–2340 BCE) | Ebla]; GCSL298 [Gudea period (~2100 BCE) | Lagash / Girsu]; HZL200 [Hittite period (~1650–1180 BCE) | Hittite]; KWU842 [Ur III (~2112–2004 BCE) | Administrative]; MZL172 [Standard Babylonian (any period) | Akkado-Babylonian]; PTACE294 [Early Dynastic (~2900–2340 BCE) | Ebla]; RSP132 [Early Dynastic (~2900–2340 BCE) | Presargonic Lagash]; SLLHA104 [Standard Babylonian (any period) | Akkado-Babylonian]; SYA066 [Standard Babylonian (any period) | Akkadian syllabary]
U+122A8,SAG@g,SAG,𒊨,LAK307 [Uruk IV–III (~3400–3000 BCE) | Archaic / Uruk]; ASY087 [Standard Babylonian (any period) | Akkadian syllabary]; BAU228 [Early Dynastic (~2900–2340 BCE) | Lagash]; ELLES178 [Early Dynastic (~2900–2340 BCE) | Ebla]; GCSL138 [Gudea period (~2100 BCE) | Lagash / Girsu]; PTACE163 [Early Dynastic (~2900–2340 BCE) | Ebla]; RSP192 [Early Dynastic (~2900–2340 BCE) | Presargonic Lagash]; LAK317 [Uruk IV–III (~3400–3000 BCE) | Archaic / Uruk]; ASY179 [Standard Babylonian (any period) | Akkadian syllabary]; ABZL331 [Old Babylonian (~2000–1600 BCE) | School texts]; BAU229 [Early Dynastic (~2900–2340 BCE) | Lagash]; ELLES181 [Early Dynastic (~2900–2340 BCE) | Ebla]; GCSL139 [Gudea period (~2100 BCE) | Lagash / Girsu]; KWU436 [Ur III (~2112–2004 BCE) | Administrative]; MZL512 [Standard Babylonian (any period) | Akkado-Babylonian]; PTACE166 [Early Dynastic (~2900–2340 BCE) | Ebla]; RSP193 [Early Dynastic (~2900–2340 BCE) | Presargonic Lagash]; SLLHA329 [Standard Babylonian (any period) | Akkado-Babylonian]
,|SAL.KUR|,|SAL×KUR|,𒊩𒆳,LAK049 [Uruk IV–III (~3400–3000 BCE) | Archaic / Uruk]; ELLES276 [Early Dynastic (~2900–2340 BCE) | Ebla]; PTACE231 [Early Dynastic (~2900–2340 BCE) | Ebla]; ASY303 [Standard Babylonian (any period) | Akkadian syllabary]; ABZL459 [Old Babylonian (~2000–1600 BCE) | School texts]; BAU398 [Early Dynastic (~2900–2340 BCE) | Lagash]; GCSL239 [Gudea period (~2100 BCE) | Lagash / Girsu]; HZL305 [Hittite period (~1650–1180 BCE) | Hittite]; KWU793 [Ur III (~2112–2004 BCE) | Administrative]; MZL890 [Standard Babylonian (any period) | Akkado-Babylonian]; RSP173 [Early Dynastic (~2900–2340 BCE) | Presargonic Lagash]; SLLHA558 [Standard Babylonian (any period) | Akkado-Babylonian]; SYA267 [Standard Babylonian (any period) | Akkadian syllabary]
,|SAL.LAGAR|,|SAL×LAGAR|,𒊩𒇬,MZL895 [Standard Babylonian (any period) | Akkado-Babylonian]; SLLHA554n [Standard Babylonian (any period) | Akkado-Babylonian]
U+122AB,SANGA₂,|LAGAB×SANGA₂|,𒊫,LAK175 [Uruk IV–III (~3400–3000 BCE) | Archaic / Uruk]; ABZL205 [Old Babylonian (~2000–1600 BCE) | School texts]; ELLES102 [Early Dynastic (~2900–2340 BCE) | Ebla]; RSP276 [Early Dynastic (~2900–2340 BCE) | Presargonic Lagash]
U+122AC,SAR,SAR@90,𒊬,LAK215 [Uruk IV–III (~3400–3000 BCE) | Archaic / Uruk]; ASY184 [Standard Babylonian (any period) | Akkadian syllabary]; ABZL385 [Old Babylonian (~2000–1600 BCE) | School texts]; ELLES125 [Early Dynastic (~2900–2340 BCE) | Ebla]; GCSL112 [Gudea period (~2100 BCE) | Lagash / Girsu]; HZL353 [Hittite period (~1650–1180 BCE) | Hittite]; KWU650 [Ur III (~2112–2004 BCE) | Administrative]; MZL541 [Standard Babylonian (any period) | Akkado-Babylonian]; PTACE077 [Early Dynastic (~2900–2340 BCE) | Ebla]; RSP446 [Early Dynastic (~2900–2340 BCE) | Presargonic Lagash]; SYA159 [Standard Babylonian (any period) | Akkadian syllabary]
U+122DE,SIG₄,LUM,𒋞,LAK194 [Uruk IV–III (~3400–3000 BCE) | Archaic / Uruk]; ASY307 [Standard Babylonian (any period) | Akkadian syllabary]; BAU123 [Early Dynastic (~2900–2340 BCE) | Lagash]; ELLES114 [Early Dynastic (~2900–2340 BCE) | Ebla]; GCSL100 [Gudea period (~2100 BCE) | Lagash / Girsu]; PTACE213 [Early Dynastic (~2900–2340 BCE) | Ebla]; RSP138 [Early Dynastic (~2900–2340 BCE) | Presargonic Lagash]; LAK188 [Uruk IV–III (~3400–3000 BCE) | Archaic / Uruk]; ABZL243 [Old Babylonian (~2000–1600 BCE) | School texts]; BAU206 [Early Dynastic (~2900–2340 BCE) | Lagash]; ELLES111 [Early Dynastic (~2900–2340 BCE) | Ebla]; GCSL096 [Gudea period (~2100 BCE) | Lagash / Girsu]; HZL311 [Hittite period (~1650–1180 BCE) | Hittite]; KWU355 [Ur III (~2112–2004 BCE) | Administrative]; MZL906 [Standard Babylonian (any period) | Akkado-Babylonian]; PTACE214 [Early Dynastic (~2900–2340 BCE) | Ebla]; RSP114 [Early Dynastic (~2900–2340 BCE) | Presargonic Lagash]; SLLHA567 [Standard Babylonian (any period) | Akkado-Babylonian]
,|SILA₃.ŠU.GABA|,|SILA₃.ŠU.GABA|,𒋡𒋗𒃮,
U+122E3,|SU&SU|,SU,𒋣,LAK293 [Uruk IV–III (~3400–3000 BCE) | Archaic / Uruk]; ASY006 [Standard Babylonian (any period) | Akkadian syllabary]; GCSL137 [Gudea period (~2100 BCE) | Lagash / Girsu]; PTACE120 [Early Dynastic (~2900–2340 BCE) | Ebla]
U+122E4,SUD,BU,𒋤,LAK232 [Uruk IV–III (~3400–3000 BCE) | Archaic / Uruk]; ASY213 [Standard Babylonian (any period) | Akkadian syllabary]; BAU148 [Early Dynastic (~2900–2340 BCE) | Lagash]; ELLES131 [Early Dynastic (~2900–2340 BCE) | Ebla]; GCSL115 [Gudea period (~2100 BCE) | Lagash / Girsu]; PTACE123 [Early Dynastic (~2900–2340 BCE) | Ebla]; RSP335 [Early Dynastic (~2900–2340 BCE) | Presargonic Lagash]; LAK235^a [Uruk IV–III (~3400–3000 BCE) | Archaic / Uruk]; ASY215 [Standard Babylonian (any period) | Akkadian syllabary]; ABZL266 [Old Babylonian (~2000–1600 BCE) | School texts]; BAU149 [Early Dynastic (~2900–2340 BCE) | Lagash]; BAU151 [Early Dynastic (~2900–2340 BCE) | Lagash]; GCSL116 [Gudea period (~2100 BCE) | Lagash / Girsu]; HZL341 [Hittite period (~1650–1180 BCE) | Hittite]; KWU386 [Ur III (~2112–2004 BCE) | Administrative]; MZL584 [Standard Babylonian (any period) | Akkado-Babylonian]; RSP336 [Early Dynastic (~2900–2340 BCE) | Presargonic Lagash]; SLLHA373 [Standard Babylonian (any period) | Akkado-Babylonian]; SYA187 [Standard Babylonian (any period) | Akkadian syllabary]
U+122E4,SUD,BU@g,𒋤,LAK233 [Uruk IV–III (~3400–3000 BCE) | Archaic / Uruk]; ELLES132 [Early Dynastic (~2900–2340 BCE) | Ebla]; PTACE124 [Early Dynastic (~2900–2340 BCE) | Ebla]; LAK235^a [Uruk IV–III (~3400–3000 BCE) | Archaic / Uruk]; ASY215 [Standard Babylonian (any period) | Akkadian syllabary]; ABZL266 [Old Babylonian (~2000–1600 BCE) | School texts]; BAU149 [Early Dynastic (~2900–2340 BCE) | Lagash]; BAU151 [Early Dynastic (~2900–2340 BCE) | Lagash]; GCSL116 [Gudea period (~2100 BCE) | Lagash / Girsu]; HZL341 [Hittite period (~1650–1180 BCE) | Hittite]; KWU386 [Ur III (~2112–2004 BCE) | Administrative]; MZL584 [Standard Babylonian (any period) | Akkado-Babylonian]; RSP336 [Early Dynastic (~2900–2340 BCE) | Presargonic Lagash]; SLLHA373 [Standard Babylonian (any period) | Akkado-Babylonian]; SYA187 [Standard Babylonian (any period) | Akkadian syllabary]
U+122E4,SUD,LAK233@g,𒋤,LAK235^a [Uruk IV–III (~3400–3000 BCE) | Archaic / Uruk]; ASY215 [Standard Babylonian (any period) | Akkadian syllabary]; ABZL266 [Old Babylonian (~2000–1600 BCE) | School texts]; BAU149 [Early Dynastic (~2900–2340 BCE) | Lagash]; BAU151 [Early Dynastic (~2900–2340 BCE) | Lagash]; GCSL116 [Gudea period (~2100 BCE) | Lagash / Girsu]; HZL341 [Hittite period (~1650–1180 BCE) | Hittite]; KWU386 [Ur III (~2112–2004 BCE) | Administrative]; MZL584 [Standard Babylonian (any period) | Akkado-Babylonian]; RSP336 [Early Dynastic (~2900–2340 BCE) | Presargonic Lagash]; SLLHA373 [Standard Babylonian (any period) | Akkado-Babylonian]; SYA187 [Standard Babylonian (any period) | Akkadian syllabary]
U+122E7,SUM,|SUM×DIŠ|,𒋧,LAK198 [Uruk IV–III (~3400–3000 BCE) | Archaic / Uruk]; LAK197 [Uruk IV–III (~3400–3000 BCE) | Archaic / Uruk]; ASY115 [Standard Babylonian (any period) | Akkadian syllabary]; ABZL388 [Old Babylonian (~2000–1600 BCE) | School texts]; BAU125 [Early Dynastic (~2900–2340 BCE) | Lagash]; ELLES117 [Early Dynastic (~2900–2340 BCE) | Ebla]; GCSL101 [Gudea period (~2100 BCE) | Lagash / Girsu]; HZL350 [Hittite period (~1650–1180 BCE) | Hittite]; KWU591 [Ur III (~2112–2004 BCE) | Administrative]; MZL292 [Standard Babylonian (any period) | Akkado-Babylonian]; PTACE327 [Early Dynastic (~2900–2340 BCE) | Ebla]; RSP450 [Early Dynastic (~2900–2340 BCE) | Presargonic Lagash]; SLLHA164 [Standard Babylonian (any period) | Akkado-Babylonian]; SYA100 [Standard Babylonian (any period) | Akkadian syllabary]
U+122AF,|ŠA₃×A|,|ŠA₃.A|,𒊯,ABZL436 [Old Babylonian (~2000–1600 BCE) | School texts]; MZL608 [Standard Babylonian (any period) | Akkado-Babylonian]; SLLHA390 [Standard Babylonian (any period) | Akkado-Babylonian]
U+1245B,ŠANABI,ŠANABI@t,𒑛,ABZL441 [Old Babylonian (~2000–1600 BCE) | School texts]; MZL832 [Standard Babylonian (any period) | Akkado-Babylonian]; SLLHA572 [Standard Babylonian (any period) | Akkado-Babylonian]
U+1245B,ŠANABI,ŠANABI@v,𒑛,ABZL441 [Old Babylonian (~2000–1600 BCE) | School texts]; MZL832 [Standard Babylonian (any period) | Akkado-Babylonian]; SLLHA572 [Standard Babylonian (any period) | Akkado-Babylonian]
U+12303,|(ŠE.NUN&NUN)&(ŠE.NUN&NUN)|,|(ŠE.NUN&NUN)&(ŠE.NUN&NUN).U₂|,𒌃,SLLHA375_45 [Standard Babylonian (any period) | Akkado-Babylonian]
U+12303,|(ŠE.NUN&NUN)&(ŠE.NUN&NUN)|,|(ŠE.NUN)&(ŠE.NUN)|,𒌃,SLLHA375_45 [Standard Babylonian (any period) | Akkado-Babylonian]
U+12303,|(ŠE.NUN&NUN)&(ŠE.NUN&NUN)|,|((ŠE.NUN)&(ŠE.NUN))×U₂|,𒌃,SLLHA375_45 [Standard Babylonian (any period) | Akkado-Babylonian]
U+12304,|(ŠE.NUN&NUN)&(ŠE.NUN&NUN).GAD&GAD.GAR&GAR|,|U&U.BUR&BUR|,𒌄,LAK420 [Uruk IV–III (~3400–3000 BCE) | Archaic / Uruk]; RSP380bis [Early Dynastic (~2900–2340 BCE) | Presargonic Lagash]; MZL588 [Standard Babylonian (any period) | Akkado-Babylonian]; SLLHA375_46 [Standard Babylonian (any period) | Akkado-Babylonian]
,|(ŠE.NUN&NUN)&(ŠE.NUN&NUN).LAGAB.LAGAB|,|(ŠE.NUN&NUN.LAGAB)&(ŠE.NUN&NUN.LAGAB)|,𒌃𒆸𒆸,
U+122BE,ŠEG₉,LAK263,𒊾,LAK263 [Uruk IV–III (~3400–3000 BCE) | Archaic / Uruk]; ELLES149 [Early Dynastic (~2900–2340 BCE) | Ebla]; LAK187 [Uruk IV–III (~3400–3000 BCE) | Archaic / Uruk]; ABZL429 [Old Babylonian (~2000–1600 BCE) | School texts]; GCSL310 [Gudea period (~2100 BCE) | Lagash / Girsu]; MZL878 [Standard Babylonian (any period) | Akkado-Babylonian]; RSP462 [Early Dynastic (~2900–2340 BCE) | Presargonic Lagash]; SLLHA551v [Standard Babylonian (any period) | Akkado-Babylonian]
U+122BF,ŠEN,|SU×A|,𒊿,LAK713 [Uruk IV–III (~3400–3000 BCE) | Archaic / Uruk]; ASY007 [Standard Babylonian (any period) | Akkadian syllabary]; ABZL306 [Old Babylonian (~2000–1600 BCE) | School texts]; BAU360 [Early Dynastic (~2900–2340 BCE) | Lagash]; ELLES352 [Early Dynastic (~2900–2340 BCE) | Ebla]; HZL230 [Hittite period (~1650–1180 BCE) | Hittite]; KWU894 [Ur III (~2112–2004 BCE) | Administrative]; MZL017 [Standard Babylonian (any period) | Akkado-Babylonian]; RSP299 [Early Dynastic (~2900–2340 BCE) | Presargonic Lagash]; SLLHA008 [Standard Babylonian (any period) | Akkado-Babylonian]; SYA007 [Standard Babylonian (any period) | Akkadian syllabary]
U+122C1,ŠEŠ₂,|SIK₂.LAM|,𒋁,LAK668 [Uruk IV–III (~3400–3000 BCE) | Archaic / Uruk]; ELLES326 [Early Dynastic (~2900–2340 BCE) | Ebla]; HZL063 [Hittite period (~1650–1180 BCE) | Hittite]; MZL821 [Standard Babylonian (any period) | Akkado-Babylonian]; SLLHA544 [Standard Babylonian (any period) | Akkado-Babylonian]
U+122C6,ŠIM,ŠIM@g,𒋆,LAK660 [Uruk IV–III (~3400–3000 BCE) | Archaic / Uruk]; GCSL280 [Gudea period (~2100 BCE) | Lagash / Girsu]; LAK655 [Uruk IV–III (~3400–3000 BCE) | Archaic / Uruk]; ASY141 [Standard Babylonian (any period) | Akkadian syllabary]; ABZL083 [Old Babylonian (~2000–1600 BCE) | School texts]; BAU353 [Early Dynastic (~2900–2340 BCE) | Lagash]; ELLES319 [Early Dynastic (~2900–2340 BCE) | Ebla]; HZL154 [Hittite period (~1650–1180 BCE) | Hittite]; KWU752 [Ur III (~2112–2004 BCE) | Administrative]; MZL362 [Standard Babylonian (any period) | Akkado-Babylonian]; PTACE254 [Early Dynastic (~2900–2340 BCE) | Ebla]; RSP422 [Early Dynastic (~2900–2340 BCE) | Presargonic Lagash]; SLLHA215 [Standard Babylonian (any period) | Akkado-Babylonian]; SYA123 [Standard Babylonian (any period) | Akkadian syllabary]
U+122CD,|ŠIM×IGI@g|,|GU₂×IGI|,𒋍,LAK656 [Uruk IV–III (~3400–3000 BCE) | Archaic / Uruk]; MZL368 [Standard Babylonian (any period) | Akkado-Babylonian]; RSP423 [Early Dynastic (~2900–2340 BCE) | Presargonic Lagash]; SLLHA219x [Standard Babylonian (any period) | Akkado-Babylonian]
U+122CD,|ŠIM×IGI@g|,|GU₂×IGI@g|,𒋍,LAK547 [Uruk IV–III (~3400–3000 BCE) | Archaic / Uruk]; LAK656 [Uruk IV–III (~3400–3000 BCE) | Archaic / Uruk]; MZL368 [Standard Babylonian (any period) | Akkado-Babylonian]; RSP423 [Early Dynastic (~2900–2340 BCE) | Presargonic Lagash]; SLLHA219x [Standard Babylonian (any period) | Akkado-Babylonian]
U+122CD,|ŠIM×IGI@g|,ŠIM,𒋍,LAK655 [Uruk IV–III (~3400–3000 BCE) | Archaic / Uruk]; ASY141 [Standard Babylonian (any period) | Akkadian syllabary]; BAU353 [Early Dynastic (~2900–2340 BCE) | Lagash]; ELLES319 [Early Dynastic (~2900–2340 BCE) | Ebla]; PTACE254 [Early Dynastic (~2900–2340 BCE) | Ebla]; RSP422 [Early Dynastic (~2900–2340 BCE) | Presargonic Lagash]; LAK656 [Uruk IV–III (~3400–3000 BCE) | Archaic / Uruk]; MZL368 [Standard Babylonian (any period) | Akkado-Babylonian]; RSP423 [Early Dynastic (~2900–2340 BCE) | Presargonic Lagash]; SLLHA219x [Standard Babylonian (any period) | Akkado-Babylonian]
U+122CD,|ŠIM×IGI@g|,|TA×IGI@g|,𒋍,LAK656 [Uruk IV–III (~3400–3000 BCE) | Archaic / Uruk]; MZL368 [Standard Babylonian (any period) | Akkado-Babylonian]; RSP423 [Early Dynastic (~2900–2340 BCE) | Presargonic Lagash]; SLLHA219x [Standard Babylonian (any period) | Akkado-Babylonian]
U+122D6,ŠITA,ŠITA~a,𒋖,LAK503 [Uruk IV–III (~3400–3000 BCE) | Archaic / Uruk]; ABZL270 [Old Babylonian (~2000–1600 BCE) | School texts]; BAU390 [Early Dynastic (~2900–2340 BCE) | Lagash]; BAU395 [Early Dynastic (~2900–2340 BCE) | Lagash]; ELLES259 [Early Dynastic (~2900–2340 BCE) | Ebla]; GCSL232 [Gudea period (~2100 BCE) | Lagash / Girsu]; KWU777 [Ur III (~2112–2004 BCE) | Administrative]; MZL388 [Standard Babylonian (any period) | Akkado-Babylonian]; RSP166 [Early Dynastic (~2900–2340 BCE) | Presargonic Lagash]; SLLHA233_22 [Standard Babylonian (any period) | Akkado-Babylonian]
,|ŠU₂.DUN₄|,ELLES302,𒋙𒂈,ELLES302 [Early Dynastic (~2900–2340 BCE) | Ebla]; HZL251 [Hittite period (~1650–1180 BCE) | Hittite]; KWU503 [Ur III (~2112–2004 BCE) | Administrative]; KWU570 [Ur III (~2112–2004 BCE) | Administrative]; MZL869 [Standard Babylonian (any period) | Akkado-Babylonian]; SLLHA545 [Standard Babylonian (any period) | Akkado-Babylonian]
U+122EF,TA@g,LAK654a,𒋯,LAK654^a [Uruk IV–III (~3400–3000 BCE) | Archaic / Uruk]; LAK654 [Uruk IV–III (~3400–3000 BCE) | Archaic / Uruk]; MZL249 [Standard Babylonian (any period) | Akkado-Babylonian]; SLLHA141a [Standard Babylonian (any period) | Akkado-Babylonian]
U+122EF,TA@g,|TA×IR|,𒋯,LAK654 [Uruk IV–III (~3400–3000 BCE) | Archaic / Uruk]; MZL249 [Standard Babylonian (any period) | Akkado-Babylonian]; SLLHA141a [Standard Babylonian (any period) | Akkado-Babylonian]
U+122F0,TAB,TAB@t,𒋰,LAK090 [Uruk IV–III (~3400–3000 BCE) | Archaic / Uruk]; ASY090 [Standard Babylonian (any period) | Akkadian syllabary]; ABZL109 [Old Babylonian (~2000–1600 BCE) | School texts]; BAU064 [Early Dynastic (~2900–2340 BCE) | Lagash]; HZL090 [Hittite period (~1650–1180 BCE) | Hittite]; MZL209 [Standard Babylonian (any period) | Akkado-Babylonian]; RSP039 [Early Dynastic (~2900–2340 BCE) | Presargonic Lagash]; SLLHA124 [Standard Babylonian (any period) | Akkado-Babylonian]; SYA079 [Standard Babylonian (any period) | Akkadian syllabary]
U+122F6,|TAG×ŠE|,|(TAG×NE)&(TAG×ŠE)|,𒋶,
U+122F8,|TAG×TUG₂|,|TAG.TUG₂|,𒋸,ABZL122 [Old Babylonian (~2000–1600 BCE) | School texts]; HZL091 [Hittite period (~1650–1180 BCE) | Hittite]; SLLHA126fv [Standard Babylonian (any period) | Akkado-Babylonian]
U+122F8,|TAG×TUG₂|,|TAG×KU|,𒋸,ABZL122 [Old Babylonian (~2000–1600 BCE) | School texts]; HZL091 [Hittite period (~1650–1180 BCE) | Hittite]; SLLHA126fv [Standard Babylonian (any period) | Akkado-Babylonian]
U+122FC,TE,|HI×AŠ|,𒋼,LAK361 [Uruk IV–III (~3400–3000 BCE) | Archaic / Uruk]; LAK373 [Uruk IV–III (~3400–3000 BCE) | Archaic / Uruk]; ASY218 [Standard Babylonian (any period) | Akkadian syllabary]; ABZL289 [Old Babylonian (~2000–1600 BCE) | School texts]; BAU195 [Early Dynastic (~2900–2340 BCE) | Lagash]; ELLES203 [Early Dynastic (~2900–2340 BCE) | Ebla]; GCSL159 [Gudea period (~2100 BCE) | Lagash / Girsu]; HZL249 [Hittite period (~1650–1180 BCE) | Hittite]; KWU495 [Ur III (~2112–2004 BCE) | Administrative]; MZL589 [Standard Babylonian (any period) | Akkado-Babylonian]; PTACE179 [Early Dynastic (~2900–2340 BCE) | Ebla]; RSP310 [Early Dynastic (~2900–2340 BCE) | Presargonic Lagash]; SLLHA376 [Standard Babylonian (any period) | Akkado-Babylonian]; SYA190 [Standard Babylonian (any period) | Akkadian syllabary]
U+122FC,TE,|HI×DIŠ|,𒋼,LAK373 [Uruk IV–III (~3400–3000 BCE) | Archaic / Uruk]; ASY218 [Standard Babylonian (any period) | Akkadian syllabary]; ABZL289 [Old Babylonian (~2000–1600 BCE) | School texts]; BAU195 [Early Dynastic (~2900–2340 BCE) | Lagash]; ELLES203 [Early Dynastic (~2900–2340 BCE) | Ebla]; GCSL159 [Gudea period (~2100 BCE) | Lagash / Girsu]; HZL249 [Hittite period (~1650–1180 BCE) | Hittite]; KWU495 [Ur III (~2112–2004 BCE) | Administrative]; MZL589 [Standard Babylonian (any period) | Akkado-Babylonian]; PTACE179 [Early Dynastic (~2900–2340 BCE) | Ebla]; RSP310 [Early Dynastic (~2900–2340 BCE) | Presargonic Lagash]; SLLHA376 [Standard Babylonian (any period) | Akkado-Babylonian]; SYA190 [Standard Babylonian (any period) | Akkadian syllabary]
U+122FD,TE@g,RSP329,𒋽,RSP329 [Early Dynastic (~2900–2340 BCE) | Presargonic Lagash]; LAK382 [Uruk IV–III (~3400–3000 BCE) | Archaic / Uruk]; ASY030a [Standard Babylonian (any period) | Akkadian syllabary]; ABZL283 [Old Babylonian (~2000–1600 BCE) | School texts]; ELLES208 [Early Dynastic (~2900–2340 BCE) | Ebla]; GCSL160 [Gudea period (~2100 BCE) | Lagash / Girsu]; HZL315 [Hittite period (~1650–1180 BCE) | Hittite]; KWU484 [Ur III (~2112–2004 BCE) | Administrative]; MZL088 [Standard Babylonian (any period) | Akkado-Babylonian]; PTACE183 [Early Dynastic (~2900–2340 BCE) | Ebla]; RSP330 [Early Dynastic (~2900–2340 BCE) | Presargonic Lagash]; SLLHA058 [Standard Babylonian (any period) | Akkado-Babylonian]
U+122FD,TE@g,TE,𒋽,LAK373 [Uruk IV–III (~3400–3000 BCE) | Archaic / Uruk]; ASY218 [Standard Babylonian (any period) | Akkadian syllabary]; BAU195 [Early Dynastic (~2900–2340 BCE) | Lagash]; ELLES203 [Early Dynastic (~2900–2340 BCE) | Ebla]; GCSL159 [Gudea period (~2100 BCE) | Lagash / Girsu]; PTACE179 [Early Dynastic (~2900–2340 BCE) | Ebla]; RSP310 [Early Dynastic (~2900–2340 BCE) | Presargonic Lagash]; LAK382 [Uruk IV–III (~3400–3000 BCE) | Archaic / Uruk]; ASY030a [Standard Babylonian (any period) | Akkadian syllabary]; ABZL283 [Old Babylonian (~2000–1600 BCE) | School texts]; ELLES208 [Early Dynastic (~2900–2340 BCE) | Ebla]; GCSL160 [Gudea period (~2100 BCE) | Lagash / Girsu]; HZL315 [Hittite period (~1650–1180 BCE) | Hittite]; KWU484 [Ur III (~2112–2004 BCE) | Administrative]; MZL088 [Standard Babylonian (any period) | Akkado-Babylonian]; PTACE183 [Early Dynastic (~2900–2340 BCE) | Ebla]; RSP330 [Early Dynastic (~2900–2340 BCE) | Presargonic Lagash]; SLLHA058 [Standard Babylonian (any period) | Akkado-Babylonian]
U+122FD,TE@g,|HI×GAN₂@t|,𒋽,ELLES208a [Early Dynastic (~2900–2340 BCE) | Ebla]; LAK382 [Uruk IV–III (~3400–3000 BCE) | Archaic / Uruk]; ASY030a [Standard Babylonian (any period) | Akkadian syllabary]; ABZL283 [Old Babylonian (~2000–1600 BCE) | School texts]; ELLES208 [Early Dynastic (~2900–2340 BCE) | Ebla]; GCSL160 [Gudea period (~2100 BCE) | Lagash / Girsu]; HZL315 [Hittite period (~1650–1180 BCE) | Hittite]; KWU484 [Ur III (~2112–2004 BCE) | Administrative]; MZL088 [Standard Babylonian (any period) | Akkado-Babylonian]; PTACE183 [Early Dynastic (~2900–2340 BCE) | Ebla]; RSP330 [Early Dynastic (~2900–2340 BCE) | Presargonic Lagash]; SLLHA058 [Standard Babylonian (any period) | Akkado-Babylonian]
U+12305,TU,KU₄,𒌅,GCSL105 [Gudea period (~2100 BCE) | Lagash / Girsu]; LAK211 [Uruk IV–III (~3400–3000 BCE) | Archaic / Uruk]; ASY030 [Standard Babylonian (any period) | Akkadian syllabary]; ABZL382 [Old Babylonian (~2000–1600 BCE) | School texts]; BAU133 [Early Dynastic (~2900–2340 BCE) | Lagash]; ELLES122 [Early Dynastic (~2900–2340 BCE) | Ebla]; GCSL107 [Gudea period (~2100 BCE) | Lagash / Girsu]; HZL346 [Hittite period (~1650–1180 BCE) | Hittite]; MZL086 [Standard Babylonian (any period) | Akkado-Babylonian]; PTACE048 [Early Dynastic (~2900–2340 BCE) | Ebla]; REC147 [Uruk IV–III (~3400–3000 BCE) | Archaic / Uruk]; RSP443 [Early Dynastic (~2900–2340 BCE) | Presargonic Lagash]; SLLHA058 [Standard Babylonian (any period) | Akkado-Babylonian]; SYA025 [Standard Babylonian (any period) | Akkadian syllabary]
U+12305,TU,|ŠE.ŠU|,𒌅,LAK141^a [Uruk IV–III (~3400–3000 BCE) | Archaic / Uruk]; LAK211 [Uruk IV–III (~3400–3000 BCE) | Archaic / Uruk]; ASY030 [Standard Babylonian (any period) | Akkadian syllabary]; ABZL382 [Old Babylonian (~2000–1600 BCE) | School texts]; BAU133 [Early Dynastic (~2900–2340 BCE) | Lagash]; ELLES122 [Early Dynastic (~2900–2340 BCE) | Ebla]; GCSL107 [Gudea period (~2100 BCE) | Lagash / Girsu]; HZL346 [Hittite period (~1650–1180 BCE) | Hittite]; MZL086 [Standard Babylonian (any period) | Akkado-Babylonian]; PTACE048 [Early Dynastic (~2900–2340 BCE) | Ebla]; REC147 [Uruk IV–III (~3400–3000 BCE) | Archaic / Uruk]; RSP443 [Early Dynastic (~2900–2340 BCE) | Presargonic Lagash]; SLLHA058 [Standard Babylonian (any period) | Akkado-Babylonian]; SYA025 [Standard Babylonian (any period) | Akkadian syllabary]
U+12305,TU,|ŠU×ŠE|,𒌅,LAK141 [Uruk IV–III (~3400–3000 BCE) | Archaic / Uruk]; LAK211 [Uruk IV–III (~3400–3000 BCE) | Archaic / Uruk]; ASY030 [Standard Babylonian (any period) | Akkadian syllabary]; ABZL382 [Old Babylonian (~2000–1600 BCE) | School texts]; BAU133 [Early Dynastic (~2900–2340 BCE) | Lagash]; ELLES122 [Early Dynastic (~2900–2340 BCE) | Ebla]; GCSL107 [Gudea period (~2100 BCE) | Lagash / Girsu]; HZL346 [Hittite period (~1650–1180 BCE) | Hittite]; MZL086 [Standard Babylonian (any period) | Akkado-Babylonian]; PTACE048 [Early Dynastic (~2900–2340 BCE) | Ebla]; REC147 [Uruk IV–III (~3400–3000 BCE) | Archaic / Uruk]; RSP443 [Early Dynastic (~2900–2340 BCE) | Presargonic Lagash]; SLLHA058 [Standard Babylonian (any period) | Akkado-Babylonian]; SYA025 [Standard Babylonian (any period) | Akkadian syllabary]
U+12308,TUM,LAK496,𒌈,LAK496 [Uruk IV–III (~3400–3000 BCE) | Archaic / Uruk]; GCSL228 [Gudea period (~2100 BCE) | Lagash / Girsu]; LAK494 [Uruk IV–III (~3400–3000 BCE) | Archaic / Uruk]; ASY137 [Standard Babylonian (any period) | Akkadian syllabary]; ABZL075 [Old Babylonian (~2000–1600 BCE) | School texts]; BAU378 [Early Dynastic (~2900–2340 BCE) | Lagash]; ELLES256 [Early Dynastic (~2900–2340 BCE) | Ebla]; GCSL227 [Gudea period (~2100 BCE) | Lagash / Girsu]; HZL125 [Hittite period (~1650–1180 BCE) | Hittite]; KWU730 [Ur III (~2112–2004 BCE) | Administrative]; MZL354 [Standard Babylonian (any period) | Akkado-Babylonian]; PTACE224 [Early Dynastic (~2900–2340 BCE) | Ebla]; RSP404 [Early Dynastic (~2900–2340 BCE) | Presargonic Lagash]; SLLHA207 [Standard Babylonian (any period) | Akkado-Babylonian]; SYA119 [Standard Babylonian (any period) | Akkadian syllabary]
,|U.AD|,AD,𒌋𒀜,LAK635 [Uruk IV–III (~3400–3000 BCE) | Archaic / Uruk]; ASY108 [Standard Babylonian (any period) | Akkadian syllabary]; BAU311 [Early Dynastic (~2900–2340 BCE) | Lagash]; ELLES311 [Early Dynastic (~2900–2340 BCE) | Ebla]; GCSL270 [Gudea period (~2100 BCE) | Lagash / Girsu]; PTACE249 [Early Dynastic (~2900–2340 BCE) | Ebla]; RSP227 [Early Dynastic (~2900–2340 BCE) | Presargonic Lagash]; LAK414 [Uruk IV–III (~3400–3000 BCE) | Archaic / Uruk]; ABZL342 [Old Babylonian (~2000–1600 BCE) | School texts]; BAU181 [Early Dynastic (~2900–2340 BCE) | Lagash]; GCSL206 [Gudea period (~2100 BCE) | Lagash / Girsu]; HZL266 [Hittite period (~1650–1180 BCE) | Hittite]; KWU545 [Ur III (~2112–2004 BCE) | Administrative]; MZL683 [Standard Babylonian (any period) | Akkado-Babylonian]; RSP015 [Early Dynastic (~2900–2340 BCE) | Presargonic Lagash]; SLLHA430 [Standard Babylonian (any period) | Akkado-Babylonian]
,|U.SAG|,|SAG×U|,𒌋𒊕,LAK316 [Uruk IV–III (~3400–3000 BCE) | Archaic / Uruk]; ABZL357 [Old Babylonian (~2000–1600 BCE) | School texts]; BAU179 [Early Dynastic (~2900–2340 BCE) | Lagash]; ELLES180 [Early Dynastic (~2900–2340 BCE) | Ebla]; KWU513 [Ur III (~2112–2004 BCE) | Administrative]; MZL671 [Standard Babylonian (any period) | Akkado-Babylonian]; PTACE156 [Early Dynastic (~2900–2340 BCE) | Ebla]; SLLHA419 [Standard Babylonian (any period) | Akkado-Babylonian]
U+1230D,|U.U.U|,3(AŠ@t),𒌍,LAK191 [Uruk IV–III (~3400–3000 BCE) | Archaic / Uruk]; ASY275 [Standard Babylonian (any period) | Akkadian syllabary]; ABZL366 [Old Babylonian (~2000–1600 BCE) | School texts]; HZL331 [Hittite period (~1650–1180 BCE) | Hittite]; MZL711 [Standard Babylonian (any period) | Akkado-Babylonian]; SLLHA472 [Standard Babylonian (any period) | Akkado-Babylonian]; SYA241 [Standard Babylonian (any period) | Akkadian syllabary]
U+1230D,|U.U.U|,3(U@c)@v,𒌍,ASY275 [Standard Babylonian (any period) | Akkadian syllabary]; ABZL366 [Old Babylonian (~2000–1600 BCE) | School texts]; HZL331 [Hittite period (~1650–1180 BCE) | Hittite]; MZL711 [Standard Babylonian (any period) | Akkado-Babylonian]; SLLHA472 [Standard Babylonian (any period) | Akkado-Babylonian]; SYA241 [Standard Babylonian (any period) | Akkadian syllabary]
,|U.UD.KID|,|U.KID|,𒌋𒌓𒆤,LAK402 [Uruk IV–III (~3400–3000 BCE) | Archaic / Uruk]; KWU512 [Ur III (~2112–2004 BCE) | Administrative]; MZL707 [Standard Babylonian (any period) | Akkado-Babylonian]; RSP017 [Early Dynastic (~2900–2340 BCE) | Presargonic Lagash]; SLLHA447a [Standard Babylonian (any period) | Akkado-Babylonian]
,|U.5(DIŠ)|,15,𒌋𒐊,MZL747 [Standard Babylonian (any period) | Akkado-Babylonian]; SLLHA470 [Standard Babylonian (any period) | Akkado-Babylonian]
,|U₂.GIR₂@g|,GIR₂,𒌑𒄉,LAK006 [Uruk IV–III (~3400–3000 BCE) | Archaic / Uruk]; ASY009 [Standard Babylonian (any period) | Akkadian syllabary]; GCSL002 [Gudea period (~2100 BCE) | Lagash / Girsu]; PTACE005 [Early Dynastic (~2900–2340 BCE) | Ebla]
,|UD.AB|,ARARMA₂~a,𒌓𒀊,ZATU034 [Uruk IV–III (~3400–3000 BCE) | Archaic / Uruk]; BAU201 [Early Dynastic (~2900–2340 BCE) | Lagash]
,|UD.DU|,|LAGAR@g×DU×KASKAL|,𒌓𒁺,ASY222 [Standard Babylonian (any period) | Akkadian syllabary]; BAU198a [Early Dynastic (~2900–2340 BCE) | Lagash]; GCSL173 [Gudea period (~2100 BCE) | Lagash / Girsu]; RSP326 [Early Dynastic (~2900–2340 BCE) | Presargonic Lagash]; SYA194 [Standard Babylonian (any period) | Akkadian syllabary]
U+12314,|UD.KUŠU₂|,KUŠU₂,𒌔,LAK304 [Uruk IV–III (~3400–3000 BCE) | Archaic / Uruk]; ASY304 [Standard Babylonian (any period) | Akkadian syllabary]; LAK305 [Uruk IV–III (~3400–3000 BCE) | Archaic / Uruk]; ASY225 [Standard Babylonian (any period) | Akkadian syllabary]; ABZL333 [Old Babylonian (~2000–1600 BCE) | School texts]; KWU345 [Ur III (~2112–2004 BCE) | Administrative]; MZL611 [Standard Babylonian (any period) | Akkado-Babylonian]; RSP174 [Early Dynastic (~2900–2340 BCE) | Presargonic Lagash]; SLLHA392 [Standard Babylonian (any period) | Akkado-Babylonian]; SYA197 [Standard Babylonian (any period) | Akkadian syllabary]
U+12314,|UD.KUŠU₂|,|UD×KUŠU₂|,𒌔,RSP321 [Early Dynastic (~2900–2340 BCE) | Presargonic Lagash]; LAK305 [Uruk IV–III (~3400–3000 BCE) | Archaic / Uruk]; ASY225 [Standard Babylonian (any period) | Akkadian syllabary]; ABZL333 [Old Babylonian (~2000–1600 BCE) | School texts]; KWU345 [Ur III (~2112–2004 BCE) | Administrative]; MZL611 [Standard Babylonian (any period) | Akkado-Babylonian]; RSP174 [Early Dynastic (~2900–2340 BCE) | Presargonic Lagash]; SLLHA392 [Standard Babylonian (any period) | Akkado-Babylonian]; SYA197 [Standard Babylonian (any period) | Akkadian syllabary]
,|UD.NUN|,ADAB~a,𒌓𒉣,ZATU019 [Uruk IV–III (~3400–3000 BCE) | Archaic / Uruk]; BAU200 [Early Dynastic (~2900–2340 BCE) | Lagash]; RSP325 [Early Dynastic (~2900–2340 BCE) | Presargonic Lagash]
U+12315,|UD×BAD|,|UD×PAP|,𒌕,ELLES207 [Early Dynastic (~2900–2340 BCE) | Ebla]
U+12315,|UD×BAD|,|UD@g×BAD|,𒌕,
U+12317,|UD×(U.U.U)|,|UD×DIŠ|,𒌗,LAK380^a [Uruk IV–III (~3400–3000 BCE) | Archaic / Uruk]; RSP328 [Early Dynastic (~2900–2340 BCE) | Presargonic Lagash]; ABZL334 [Old Babylonian (~2000–1600 BCE) | School texts]; HZL084 [Hittite period (~1650–1180 BCE) | Hittite]; KWU408 [Ur III (~2112–2004 BCE) | Administrative]; LAK380^c [Uruk IV–III (~3400–3000 BCE) | Archaic / Uruk]; MZL020 [Standard Babylonian (any period) | Akkado-Babylonian]; PTACE186 [Early Dynastic (~2900–2340 BCE) | Ebla]; SLLHA052 [Standard Babylonian (any period) | Akkado-Babylonian]
U+12317,|UD×(U.U.U)|,|UD×DIŠ@c|,𒌗,LAK380^b [Uruk IV–III (~3400–3000 BCE) | Archaic / Uruk]; ABZL334 [Old Babylonian (~2000–1600 BCE) | School texts]; HZL084 [Hittite period (~1650–1180 BCE) | Hittite]; KWU408 [Ur III (~2112–2004 BCE) | Administrative]; LAK380^c [Uruk IV–III (~3400–3000 BCE) | Archaic / Uruk]; MZL020 [Standard Babylonian (any period) | Akkado-Babylonian]; PTACE186 [Early Dynastic (~2900–2340 BCE) | Ebla]; SLLHA052 [Standard Babylonian (any period) | Akkado-Babylonian]
U+12318,MURUB₄,UD@g,𒌘,LAK157 [Uruk IV–III (~3400–3000 BCE) | Archaic / Uruk]; KWU257 [Ur III (~2112–2004 BCE) | Administrative]; MZL542 [Standard Babylonian (any period) | Akkado-Babylonian]; ASY189 [Standard Babylonian (any period) | Akkadian syllabary]; ABZL207b [Old Babylonian (~2000–1600 BCE) | School texts]; HZL110 [Hittite period (~1650–1180 BCE) | Hittite]; MZL545 [Standard Babylonian (any period) | Akkado-Babylonian]; SLLHA337 [Standard Babylonian (any period) | Akkado-Babylonian]; SLLHA337xn1 [Standard Babylonian (any period) | Akkado-Babylonian]; SYA164 [Standard Babylonian (any period) | Akkadian syllabary]
U+1231B,|UD@s×BAD|,|UD@s×U|,𒌛,LAK381 [Uruk IV–III (~3400–3000 BCE) | Archaic / Uruk]; GCSL175 [Gudea period (~2100 BCE) | Lagash / Girsu]; MZL021 [Standard Babylonian (any period) | Akkado-Babylonian]; SLLHA052xv [Standard Babylonian (any period) | Akkado-Babylonian]
U+12320,|UM×ŠA₃|,|DUB×ŠA₃|,𒌠,MZL244 [Standard Babylonian (any period) | Akkado-Babylonian]
U+12322,UMBIN,|UR₂×TAK₄|,𒌢,LAK289 [Uruk IV–III (~3400–3000 BCE) | Archaic / Uruk]; ABZL301 [Old Babylonian (~2000–1600 BCE) | School texts]; ELLES169 [Early Dynastic (~2900–2340 BCE) | Ebla]; GCSL130 [Gudea period (~2100 BCE) | Lagash / Girsu]; HZL166 [Hittite period (~1650–1180 BCE) | Hittite]; KWU403 [Ur III (~2112–2004 BCE) | Administrative]; MZL160 [Standard Babylonian (any period) | Akkado-Babylonian]; RSP062 [Early Dynastic (~2900–2340 BCE) | Presargonic Lagash]; SLLHA092b [Standard Babylonian (any period) | Akkado-Babylonian]
,|UMBIN×LU|,|UMBIN×MAŠ|,,
U+12323,UMUM,DE₂,𒌣,LAK156^a [Uruk IV–III (~3400–3000 BCE) | Archaic / Uruk]; ASY190 [Standard Babylonian (any period) | Akkadian syllabary]; RSP361bis [Early Dynastic (~2900–2340 BCE) | Presargonic Lagash]; LAK155 [Uruk IV–III (~3400–3000 BCE) | Archaic / Uruk]; ABZL215^a [Old Babylonian (~2000–1600 BCE) | School texts]; BAU093 [Early Dynastic (~2900–2340 BCE) | Lagash]; BAU094 [Early Dynastic (~2900–2340 BCE) | Lagash]; ELLES085 [Early Dynastic (~2900–2340 BCE) | Ebla]; HZL102 [Hittite period (~1650–1180 BCE) | Hittite]; KWU308 [Ur III (~2112–2004 BCE) | Administrative]; MZL547 [Standard Babylonian (any period) | Akkado-Babylonian]; RSP361 [Early Dynastic (~2900–2340 BCE) | Presargonic Lagash]; SLLHA338 [Standard Babylonian (any period) | Akkado-Babylonian]
U+12323,UMUM,UMUM@s,𒌣,LAK155 [Uruk IV–III (~3400–3000 BCE) | Archaic / Uruk]; ABZL215^a [Old Babylonian (~2000–1600 BCE) | School texts]; BAU093 [Early Dynastic (~2900–2340 BCE) | Lagash]; BAU094 [Early Dynastic (~2900–2340 BCE) | Lagash]; ELLES085 [Early Dynastic (~2900–2340 BCE) | Ebla]; HZL102 [Hittite period (~1650–1180 BCE) | Hittite]; KWU308 [Ur III (~2112–2004 BCE) | Administrative]; MZL547 [Standard Babylonian (any period) | Akkado-Babylonian]; RSP361 [Early Dynastic (~2900–2340 BCE) | Presargonic Lagash]; SLLHA338 [Standard Babylonian (any period) | Akkado-Babylonian]
U+12329,|UR%UR|,|UR&UR|,𒌩,ABZL252 [Old Babylonian (~2000–1600 BCE) | School texts]; HZL051 [Hittite period (~1650–1180 BCE) | Hittite]; SLLHA575a [Standard Babylonian (any period) | Akkado-Babylonian]
,|UR₂×A|,|UR₂×AŠ|,,ZATU589 [Uruk IV–III (~3400–3000 BCE) | Archaic / Uruk]
U+1232C,|UR₂×(A.HA)|,|UR₂×(HA.A)|,𒌬,MZL346 [Standard Babylonian (any period) | Akkado-Babylonian]; SLLHA204c [Standard Babylonian (any period) | Akkado-Babylonian]
U+12335,URI,LAK647,𒌵,LAK647 [Uruk IV–III (~3400–3000 BCE) | Archaic / Uruk]; LAK176 [Uruk IV–III (~3400–3000 BCE) | Archaic / Uruk]; ABZL224 [Old Babylonian (~2000–1600 BCE) | School texts]; BAU414 [Early Dynastic (~2900–2340 BCE) | Lagash]; ELLES103 [Early Dynastic (~2900–2340 BCE) | Ebla]; GCSL090 [Gudea period (~2100 BCE) | Lagash / Girsu]; HZL246 [Hittite period (~1650–1180 BCE) | Hittite]; KWU303 [Ur III (~2112–2004 BCE) | Administrative]; MZL574 [Standard Babylonian (any period) | Akkado-Babylonian]; PTACE114 [Early Dynastic (~2900–2340 BCE) | Ebla]; RSP380 [Early Dynastic (~2900–2340 BCE) | Presargonic Lagash]; SLLHA359n1 [Standard Babylonian (any period) | Akkado-Babylonian]
U+12335,URI,URI@n,𒌵,LAK125 [Uruk IV–III (~3400–3000 BCE) | Archaic / Uruk]; LAK176 [Uruk IV–III (~3400–3000 BCE) | Archaic / Uruk]; ABZL224 [Old Babylonian (~2000–1600 BCE) | School texts]; BAU414 [Early Dynastic (~2900–2340 BCE) | Lagash]; ELLES103 [Early Dynastic (~2900–2340 BCE) | Ebla]; GCSL090 [Gudea period (~2100 BCE) | Lagash / Girsu]; HZL246 [Hittite period (~1650–1180 BCE) | Hittite]; KWU303 [Ur III (~2112–2004 BCE) | Administrative]; MZL574 [Standard Babylonian (any period) | Akkado-Babylonian]; PTACE114 [Early Dynastic (~2900–2340 BCE) | Ebla]; RSP380 [Early Dynastic (~2900–2340 BCE) | Presargonic Lagash]; SLLHA359n1 [Standard Babylonian (any period) | Akkado-Babylonian]
U+1233C,|URU×GA|,|URU×GA@g|,𒌼,ABZL183 [Old Babylonian (~2000–1600 BCE) | School texts]; MZL076 [Standard Babylonian (any period) | Akkado-Babylonian]; SLLHA042 [Standard Babylonian (any period) | Akkado-Babylonian]
U+12340,|URU×GU|,|URU×(MIN.GU)|,𒍀,LAK602 [Uruk IV–III (~3400–3000 BCE) | Archaic / Uruk]; ASY023b [Standard Babylonian (any period) | Akkadian syllabary]; ABZL185 [Old Babylonian (~2000–1600 BCE) | School texts]; ELLES296 [Early Dynastic (~2900–2340 BCE) | Ebla]; GCSL257 [Gudea period (~2100 BCE) | Lagash / Girsu]; KWU771 [Ur III (~2112–2004 BCE) | Administrative]; MZL084 [Standard Babylonian (any period) | Akkado-Babylonian]; RSP302 [Early Dynastic (~2900–2340 BCE) | Presargonic Lagash]; SLLHA046 [Standard Babylonian (any period) | Akkado-Babylonian]
U+12342,|URU×IGI|,|LAK648×IGI|,𒍂,ABZL184 [Old Babylonian (~2000–1600 BCE) | School texts]; GCSL274 [Gudea period (~2100 BCE) | Lagash / Girsu]; KWU228 [Ur III (~2112–2004 BCE) | Administrative]; MZL079 [Standard Babylonian (any period) | Akkado-Babylonian]; RSP281 [Early Dynastic (~2900–2340 BCE) | Presargonic Lagash]; SLLHA044 [Standard Babylonian (any period) | Akkado-Babylonian]
U+12342,|URU×IGI|,|URU×(MIN.IGI)|,𒍂,ABZL184 [Old Babylonian (~2000–1600 BCE) | School texts]; GCSL274 [Gudea period (~2100 BCE) | Lagash / Girsu]; KWU228 [Ur III (~2112–2004 BCE) | Administrative]; MZL079 [Standard Babylonian (any period) | Akkado-Babylonian]; RSP281 [Early Dynastic (~2900–2340 BCE) | Presargonic Lagash]; SLLHA044 [Standard Babylonian (any period) | Akkado-Babylonian]
U+12347,|URU×MIN|,|LAK648×IM|,𒍇,ASY024 [Standard Babylonian (any period) | Akkadian syllabary]; ABZL189 [Old Babylonian (~2000–1600 BCE) | School texts]; ELLES314 [Early Dynastic (~2900–2340 BCE) | Ebla]; KWU226 [Ur III (~2112–2004 BCE) | Administrative]; MZL080 [Standard Babylonian (any period) | Akkado-Babylonian]; PTACE081 [Early Dynastic (~2900–2340 BCE) | Ebla]; SLLHA049x [Standard Babylonian (any period) | Akkado-Babylonian]; SYA019 [Standard Babylonian (any period) | Akkadian syllabary]
U+12347,|URU×MIN|,URU,𒍇,LAK591 [Uruk IV–III (~3400–3000 BCE) | Archaic / Uruk]; ASY022 [Standard Babylonian (any period) | Akkadian syllabary]; BAU336 [Early Dynastic (~2900–2340 BCE) | Lagash]; ELLES295 [Early Dynastic (~2900–2340 BCE) | Ebla]; GCSL256 [Gudea period (~2100 BCE) | Lagash / Girsu]; PTACE257 [Early Dynastic (~2900–2340 BCE) | Ebla]; RSP300 [Early Dynastic (~2900–2340 BCE) | Presargonic Lagash]; ASY024 [Standard Babylonian (any period) | Akkadian syllabary]; ABZL189 [Old Babylonian (~2000–1600 BCE) | School texts]; ELLES314 [Early Dynastic (~2900–2340 BCE) | Ebla]; KWU226 [Ur III (~2112–2004 BCE) | Administrative]; MZL080 [Standard Babylonian (any period) | Akkado-Babylonian]; PTACE081 [Early Dynastic (~2900–2340 BCE) | Ebla]; SLLHA049x [Standard Babylonian (any period) | Akkado-Babylonian]; SYA019 [Standard Babylonian (any period) | Akkadian syllabary]
U+12347,|URU×MIN|,|URU×(MIN.IM)|,𒍇,ASY024 [Standard Babylonian (any period) | Akkadian syllabary]; ABZL189 [Old Babylonian (~2000–1600 BCE) | School texts]; ELLES314 [Early Dynastic (~2900–2340 BCE) | Ebla]; KWU226 [Ur III (~2112–2004 BCE) | Administrative]; MZL080 [Standard Babylonian (any period) | Akkado-Babylonian]; PTACE081 [Early Dynastic (~2900–2340 BCE) | Ebla]; SLLHA049x [Standard Babylonian (any period) | Akkado-Babylonian]; SYA019 [Standard Babylonian (any period) | Akkadian syllabary]
,|URU×(MIN.NI.GA)|,|URU×(MIN.NI)|,,
U+1234E,|URU×URUDA|,|URU×(MIN.URUDA)|,𒍎,ABZL182 [Old Babylonian (~2000–1600 BCE) | School texts]; GCSL275 [Gudea period (~2100 BCE) | Lagash / Girsu]; KWU229 [Ur III (~2112–2004 BCE) | Administrative]; MZL075 [Standard Babylonian (any period) | Akkado-Babylonian]; RSP282 [Early Dynastic (~2900–2340 BCE) | Presargonic Lagash]; SLLHA041 [Standard Babylonian (any period) | Akkado-Babylonian]
U+1235C,UZU,UZU@90,𒍜,LAK120 [Uruk IV–III (~3400–3000 BCE) | Archaic / Uruk]; LAK350 [Uruk IV–III (~3400–3000 BCE) | Archaic / Uruk]; ASY121 [Standard Babylonian (any period) | Akkadian syllabary]; ABZL134 [Old Babylonian (~2000–1600 BCE) | School texts]; BAU213 [Early Dynastic (~2900–2340 BCE) | Lagash]; ELLES193 [Early Dynastic (~2900–2340 BCE) | Ebla]; HZL203 [Hittite period (~1650–1180 BCE) | Hittite]; KWU692 [Ur III (~2112–2004 BCE) | Administrative]; MZL311 [Standard Babylonian (any period) | Akkado-Babylonian]; PTACE178 [Early Dynastic (~2900–2340 BCE) | Ebla]; SLLHA171 [Standard Babylonian (any period) | Akkado-Babylonian]; SYA105 [Standard Babylonian (any period) | Akkadian syllabary]
U+1235E,ZA@t,|GAM.GAM|,𒍞,ABZL245 [Old Babylonian (~2000–1600 BCE) | School texts]; MZL854 [Standard Babylonian (any period) | Akkado-Babylonian]; SLLHA379_2 [Standard Babylonian (any period) | Akkado-Babylonian]
,|ZI&ZI.A|,|ZI&ZI|,𒍤𒀀,LAK469 [Uruk IV–III (~3400–3000 BCE) | Archaic / Uruk]; ABZL900 [Old Babylonian (~2000–1600 BCE) | School texts]; BAU259 [Early Dynastic (~2900–2340 BCE) | Lagash]; KWU127 [Ur III (~2112–2004 BCE) | Administrative]; RSP456 [Early Dynastic (~2900–2340 BCE) | Presargonic Lagash]; ABZL151 [Old Babylonian (~2000–1600 BCE) | School texts]; MZL104 [Standard Babylonian (any period) | Akkado-Babylonian]; SLLHA066a [Standard Babylonian (any period) | Akkado-Babylonian]
,|ZI&ZI.LAGAB|,|ZI&ZI|,𒍤𒆸,LAK469 [Uruk IV–III (~3400–3000 BCE) | Archaic / Uruk]; BAU259 [Early Dynastic (~2900–2340 BCE) | Lagash]; KWU127 [Ur III (~2112–2004 BCE) | Administrative]; RSP456 [Early Dynastic (~2900–2340 BCE) | Presargonic Lagash]; ABZL149 [Old Babylonian (~2000–1600 BCE) | School texts]; KWU128 [Ur III (~2112–2004 BCE) | Administrative]; MZL102 [Standard Babylonian (any period) | Akkado-Babylonian]; SLLHA066c [Standard Babylonian (any period) | Akkado-Babylonian]
U+12365,ZI₃,KU,𒍥,LAK791 [Uruk IV–III (~3400–3000 BCE) | Archaic / Uruk]; ASY290 [Standard Babylonian (any period) | Akkadian syllabary]; GCSL242a [Gudea period (~2100 BCE) | Lagash / Girsu]; ABZL420 [Old Babylonian (~2000–1600 BCE) | School texts]
U+12365,ZI₃,ZI₃@t,𒍥,ABZL420 [Old Babylonian (~2000–1600 BCE) | School texts]
U+12366,ZIB,ZIB@k,𒍦,ASY228 [Standard Babylonian (any period) | Akkadian syllabary]; MZL628 [Standard Babylonian (any period) | Akkado-Babylonian]; SLLHA395 [Standard Babylonian (any period) | Akkado-Babylonian]; SYA200 [Standard Babylonian (any period) | Akkadian syllabary]
U+12368,ZIG,|NINDA₂×(U.U.U)|,𒍨,ASY128 [Standard Babylonian (any period) | Akkadian syllabary]; ABZL140 [Old Babylonian (~2000–1600 BCE) | School texts]; MZL336 [Standard Babylonian (any period) | Akkado-Babylonian]; SLLHA190 [Standard Babylonian (any period) | Akkado-Babylonian]; SYA111 [Standard Babylonian (any period) | Akkadian syllabary]
U+12368,ZIG,|TUM×(U.U.U)|,𒍨,ASY128 [Standard Babylonian (any period) | Akkadian syllabary]; ABZL140 [Old Babylonian (~2000–1600 BCE) | School texts]; MZL336 [Standard Babylonian (any period) | Akkado-Babylonian]; SLLHA190 [Standard Babylonian (any period) | Akkado-Babylonian]; SYA111 [Standard Babylonian (any period) | Akkadian syllabary]
,|ZU.AB|,DE₂,𒍪𒀊,LAK156^a [Uruk IV–III (~3400–3000 BCE) | Archaic / Uruk]; ASY190 [Standard Babylonian (any period) | Akkadian syllabary]; GCSL071 [Gudea period (~2100 BCE) | Lagash / Girsu]; RSP361bis [Early Dynastic (~2900–2340 BCE) | Presargonic Lagash]; LAK292 [Uruk IV–III (~3400–3000 BCE) | Archaic / Uruk]; BAU225 [Early Dynastic (~2900–2340 BCE) | Lagash]; GCSL136 [Gudea period (~2100 BCE) | Lagash / Girsu]; KWU410 [Ur III (~2112–2004 BCE) | Administrative]; RSP142 [Early Dynastic (~2900–2340 BCE) | Presargonic Lagash]
,|ZU.AB|,|ZU×AB|,𒍪𒀊,LAK292 [Uruk IV–III (~3400–3000 BCE) | Archaic / Uruk]; BAU225 [Early Dynastic (~2900–2340 BCE) | Lagash]; GCSL136 [Gudea period (~2100 BCE) | Lagash / Girsu]; KWU410 [Ur III (~2112–2004 BCE) | Administrative]; RSP142 [Early Dynastic (~2900–2340 BCE) | Presargonic Lagash]
U+1236C,|ZU₅×A|,|URUDA×NUN|,𒍬,BAU341 [Early Dynastic (~2900–2340 BCE) | Lagash]; PTACE071 [Early Dynastic (~2900–2340 BCE) | Ebla]; SLLHA181n [Standard Babylonian (any period) | Akkado-Babylonian]
U+1236C,|ZU₅×A|,ZU₅,𒍬,LAK117 [Uruk IV–III (~3400–3000 BCE) | Archaic / Uruk]; ELLES062 [Early Dynastic (~2900–2340 BCE) | Ebla]; BAU341 [Early Dynastic (~2900–2340 BCE) | Lagash]; PTACE071 [Early Dynastic (~2900–2340 BCE) | Ebla]; SLLHA181n [Standard Babylonian (any period) | Akkado-Babylonian]
,ZUBI,LAK460,,LAK460 [Uruk IV–III (~3400–3000 BCE) | Archaic / Uruk]; LAK459 [Uruk IV–III (~3400–3000 BCE) | Archaic / Uruk]; ELLES240 [Early Dynastic (~2900–2340 BCE) | Ebla]; MZL097 [Standard Babylonian (any period) | Akkado-Babylonian]; PTACE125 [Early Dynastic (~2900–2340 BCE) | Ebla]
,ZUBI,|PAP.NA₂|,,MZL097 [Standard Babylonian (any period) | Akkado-Babylonian]; LAK459 [Uruk IV–III (~3400–3000 BCE) | Archaic / Uruk]; ELLES240 [Early Dynastic (~2900–2340 BCE) | Ebla]; PTACE125 [Early Dynastic (~2900–2340 BCE) | Ebla]
,|ZUM×TUG₂|,|ZUM×LAGAB|,,RSP175^a [Early Dynastic (~2900–2340 BCE) | Presargonic Lagash]; LAK524 [Uruk IV–III (~3400–3000 BCE) | Archaic / Uruk]; ELLES279 [Early Dynastic (~2900–2340 BCE) | Ebla]; MZL885 [Standard Babylonian (any period) | Akkado-Babylonian]; REC333 [Uruk IV–III (~3400–3000 BCE) | Archaic / Uruk]
U+1242F,3(ŠARU)@v,3(ŠARU@c)@v,𒐯,
U+12425,3(ŠAR₂)@v,3(ŠAR₂@c)@v,𒐥,
U+12420,3(GEŠU),3(GEŠU@c)@v,𒐠,
U+12421,4(GEŠU),4(GEŠU@c)@v,𒐡,
,7(GEŠU),7(GEŠU@c),󰀦,
U+12415,1(GEŠ₂),GEŠ₂@c@90,𒐕,LAK822^b [Uruk IV–III (~3400–3000 BCE) | Archaic / Uruk]; LAK841^b [Uruk IV–III (~3400–3000 BCE) | Archaic / Uruk]; RSP003 [Early Dynastic (~2900–2340 BCE) | Presargonic Lagash]
U+12415,1(GEŠ₂),GEŠ₂@c@v,𒐕,LAK822^b [Uruk IV–III (~3400–3000 BCE) | Archaic / Uruk]; LAK841^b [Uruk IV–III (~3400–3000 BCE) | Archaic / Uruk]; RSP003 [Early Dynastic (~2900–2340 BCE) | Presargonic Lagash]
U+12415,1(GEŠ₂),GEŠ₂@t,𒐕,LAK822^b [Uruk IV–III (~3400–3000 BCE) | Archaic / Uruk]; LAK841^b [Uruk IV–III (~3400–3000 BCE) | Archaic / Uruk]; RSP003 [Early Dynastic (~2900–2340 BCE) | Presargonic Lagash]
U+12416,2(GEŠ₂),2(GEŠ₂@t),𒐖,
U+12417,3(GEŠ₂),3(GEŠ₂@c)@v,𒐗,
U+12417,3(GEŠ₂),3(GEŠ₂@c@90),𒐗,
U+12417,3(GEŠ₂),3(GEŠ₂@t),𒐗,
U+12418,4(GEŠ₂),4(GEŠ₂@c)@v,𒐘,
U+12418,4(GEŠ₂),4(GEŠ₂@c@90),𒐘,
U+12418,4(GEŠ₂),4(GEŠ₂@t),𒐘,
U+12419,5(GEŠ₂),5(GEŠ₂@t),𒐙,
U+1241A,6(GEŠ₂),6(GEŠ₂@t),𒐚,
U+1241B,7(GEŠ₂),7(GEŠ₂@t),𒐛,
U+1241C,8(GEŠ₂),8(GEŠ₂@t),𒐜,
U+1241D,9(GEŠ₂),9(GEŠ₂@t),𒐝,
U+12405,7(AŠ),7(AŠ@c)@l,𒐅,MZL218 [Standard Babylonian (any period) | Akkado-Babylonian]; SLLHA125d [Standard Babylonian (any period) | Akkado-Babylonian]
U+1242C,1(ŠARU),1(ŠARU@v),𒐬,LAK827^b [Uruk IV–III (~3400–3000 BCE) | Archaic / Uruk]; ABZL284 [Old Babylonian (~2000–1600 BCE) | School texts]; MZL653 [Standard Babylonian (any period) | Akkado-Babylonian]; SLLHA409 [Standard Babylonian (any period) | Akkado-Babylonian]
U+1242C,1(ŠARU),ŠARU@v@c,𒐬,LAK827^a [Uruk IV–III (~3400–3000 BCE) | Archaic / Uruk]; LAK861 [Uruk IV–III (~3400–3000 BCE) | Archaic / Uruk]; ABZL284 [Old Babylonian (~2000–1600 BCE) | School texts]; MZL653 [Standard Babylonian (any period) | Akkado-Babylonian]; SLLHA409 [Standard Babylonian (any period) | Akkado-Babylonian]
U+1242D,2(ŠARU),2(ŠARU@v),𒐭,ABZL285 [Old Babylonian (~2000–1600 BCE) | School texts]; MZL655 [Standard Babylonian (any period) | Akkado-Babylonian]; SLLHA409a [Standard Babylonian (any period) | Akkado-Babylonian]
U+1242E,3(ŠARU),3(ŠARU@v),𒐮,ABZL286 [Old Babylonian (~2000–1600 BCE) | School texts]; MZL656 [Standard Babylonian (any period) | Akkado-Babylonian]; SLLHA409b [Standard Babylonian (any period) | Akkado-Babylonian]
U+12430,4(ŠARU),4(ŠARU@v),𒐰,MZL657 [Standard Babylonian (any period) | Akkado-Babylonian]; SLLHA409c [Standard Babylonian (any period) | Akkado-Babylonian]
U+12431,5(ŠARU),5(ŠARU@v),𒐱,MZL658 [Standard Babylonian (any period) | Akkado-Babylonian]; SLLHA409d [Standard Babylonian (any period) | Akkado-Babylonian]
U+1244F,1(BAN₂),BAN₂@v,𒑏,LAK816^b [Uruk IV–III (~3400–3000 BCE) | Archaic / Uruk]; LAK829^b [Uruk IV–III (~3400–3000 BCE) | Archaic / Uruk]; ABZL029 [Old Babylonian (~2000–1600 BCE) | School texts]; HZL020 [Hittite period (~1650–1180 BCE) | Hittite]; MZL122 [Standard Babylonian (any period) | Akkado-Babylonian]; RSP019bis [Early Dynastic (~2900–2340 BCE) | Presargonic Lagash]; SLLHA074 [Standard Babylonian (any period) | Akkado-Babylonian]
U+1244F,1(BAN₂),1(BAN₂@t),𒑏,LAK816^b [Uruk IV–III (~3400–3000 BCE) | Archaic / Uruk]; LAK829^b [Uruk IV–III (~3400–3000 BCE) | Archaic / Uruk]; ABZL029 [Old Babylonian (~2000–1600 BCE) | School texts]; HZL020 [Hittite period (~1650–1180 BCE) | Hittite]; MZL122 [Standard Babylonian (any period) | Akkado-Babylonian]; RSP019bis [Early Dynastic (~2900–2340 BCE) | Presargonic Lagash]; SLLHA074 [Standard Babylonian (any period) | Akkado-Babylonian]
U+1240F,4(U),4(U@c)@v,𒐏,ABZL374 [Old Babylonian (~2000–1600 BCE) | School texts]; HZL335 [Hittite period (~1650–1180 BCE) | Hittite]; MZL712 [Standard Babylonian (any period) | Akkado-Babylonian]; SLLHA473 [Standard Babylonian (any period) | Akkado-Babylonian]
U+12437,3(BURU@v),3(BURU@c)@v,𒐷,
U+1247C [unverified],6(|AŠ×DIŠ@t|),6(|BAD×DIŠ@t|),𒑼,RSP093 [Early Dynastic (~2900–2340 BCE) | Presargonic Lagash]
U+1247D [unverified],7(|AŠ×DIŠ@t|),7(|BAD×DIŠ@t|),𒑽,RSP093 [Early Dynastic (~2900–2340 BCE) | Presargonic Lagash]
U+1247E [unverified],8(|AŠ×DIŠ@t|),8(|BAD×DIŠ@t|),𒑾,RSP093 [Early Dynastic (~2900–2340 BCE) | Presargonic Lagash]
