unicode_id,sign_grapheme,unicodeTrLit,syllabarySign,PhoneticsVersion
U+12000,𒀀,a,A,'U4 | 'u4 | A | AIA2 | AYA2 | BARX(A) | BUNIĜX(A) | BURX(A) | DUR5 | DURU5 | E4 | EA | EBIR3 | EMX(A) | EPIR3 | EŠ10 | IA10 | ID5 | ME5 | MU14 | SEDX(A) | YA10 | a | aia2 | aya2 | barx(A) | buniĝx(A) | burx(A) | dur5 | duru5 | e4 | ea | ebir3 | emx(A) | epir3 | eš10 | ia10 | id5 | me5 | mu14 | sedx(A) | ya10 | ĜA10 | ĝa10 | ŠEGX(A) | šegx(A) | ŢUR5 | ţur5
U+12001,𒀁,a × a,A×A,AYA2-AYA2 | A×A | EDUR | EDURU | aya2-aya2 | edur | eduru
U+12002,𒀂,a × bad,A×BAD,AGAM | A×BAD | agam
U+12003,𒀃,a × gan₂ tenu,A×GAN2@t,A×GAN2@t
U+12004,𒀄,a × ha,A×HA,A×HA | SAH7 | SAHA7 | ZAH3 | ZAHA3 | sah7 | saha7 | zah3 | zaha3
U+12005,𒀅,a × igi,A×IGI,A×IGI | ER6 | IR6 | ISIŠ3 | er6 | ir6 | isiš3 | ŠEŠ3 | šeš3
U+12006,𒀆,a × lagar gunu,A×LAGAR@g,A×LAGAR@G | A×LAGAR@g | ŠEDU3 | šedu3
U+12007,𒀇,a × mush,A×MUŠ,AMUŠ | AMUŠA | A×MUŠ | EMUŠ | amuš | amuša | emuš
U+12008,𒀈,a × sag,A×SAG,A×SAG | ESAG | ESAĜ | esag | esaĝ
U+12009,𒀉,a₂,A2,A2 | AH5 | AHI2 | ED | ET | EŢ | ID | IDI2 | IT | IŢ | TE8 | TI8 | a2 | ah5 | ahi2 | ed | et | eţ | id | idi2 | it | iţ | te8 | ti8
U+1200A,𒀊,ab,AB,AB | ABA | ABBA | AGARINX(AB) | AP | AŠX(AB) | ERI12 | ES3 | ESA3 | EZ3 | EŞ3 | EŠ3 | EŠA3 | EŠEX(AB) | GIRABA | IRI12 | IS3 | IZ3 | IŞ3 | IŠ7 | UNU5 | ab | aba | abba | agarinx(AB) | ap | ašx(AB) | eri12 | es3 | esa3 | ez3 | eş3 | eš3 | eša3 | ešex(AB) | giraba | iri12 | is3 | iz3 | iş3 | iš7 | unu5
U+1200B,𒀋,ab × ash₂,AB×AŠ2,ABBA2 | AB×AŠ2 | abba2
U+1200C,𒀌,ab × dun₃ gunu,AB×DUN3@g,AB×DUN3@G | AB×DUN3@g | AGARIN | AĜARIN | agarin | aĝarin
U+1200D,𒀍,ab × gal,AB×GAL,AB×GAL | ERIGAL | EŠGAL | IRIGAL | UNUGI2 | URUGAL | erigal | ešgal | irigal | unugi2 | urugal
U+1200E,𒀎,ab × gan₂ tenu,AB×GAN2@t,AB×GAN2@T | AB×GAN2@t | AGARIN2 | AĜARIN2 | agarin2 | aĝarin2
U+1200F,𒀏,ab × ha,AB×HA,AB×HA | NANŠE | NAZI | NAŠŠE | NIGIN6 | NINA | NIĜIN6 | SIRARA | SIRARAN | nanše | nazi | našše | nigin6 | nina | niĝin6 | sirara | siraran
U+12010,𒀐,ab × igi gunu,AB×IGI@g,AB×IGI@G | AB×IGI@g | UNUGI | unugi
U+12011,𒀑,ab × imin,AB×IMIN,AB×IMIN | EŠEMEN4 | EŠEMIN4 | ešemen4 | ešemin4
U+12012,𒀒,ab × lagab,AB×LAGAB,AB×LAGAB | NIGINX(|AB×LAGAB|) | niginx(|AB×LAGAB|)
U+12013,𒀓,ab × shesh,AB×ŠEŠ,AB×ŠEŠ | ZE4 | ZI4 | ze4 | zi4
U+12014,𒀔,ab × u + u + u,AB×U+U+U,AB×U+U+U | ERIMX(|AB×U+U+U|) | GUNUX(|AB×U+U+U|) | GUNX(|AB×U+U+U|) | NUX(|AB×U+U+U|) | SIRARAX(|AB×U+U+U|) | UNUGX(|AB×U+U+U|) | UNUX(|AB×U+U+U|) | URUGALX(|AB×U+U+U|) | URUKX(|AB×U+U+U|) | erimx(|AB×U+U+U|) | gunux(|AB×U+U+U|) | gunx(|AB×U+U+U|) | nux(|AB×U+U+U|) | sirarax(|AB×U+U+U|) | unugx(|AB×U+U+U|) | unux(|AB×U+U+U|) | urugalx(|AB×U+U+U|) | urukx(|AB×U+U+U|) | AB×UxU+U | ERIMX(|AB×UxU+U|) | GUNUX(|AB×UxU+U|) | GUNX(|AB×UxU+U|) | NUX(|AB×UxU+U|) | SIRARAX(|AB×UxU+U|) | UNUGX(|AB×UxU+U|) | UNUX(|AB×UxU+U|) | URUGALX(|AB×UxU+U|) | URUKX(|AB×UxU+U|) | erimx(|AB×UxU+U|) | gunux(|AB×UxU+U|) | gunx(|AB×UxU+U|) | nux(|AB×UxU+U|) | sirarax(|AB×UxU+U|) | unugx(|AB×UxU+U|) | unux(|AB×UxU+U|) | urugalx(|AB×UxU+U|) | urukx(|AB×UxU+U|)
U+12015,𒀕,ab gunu,AB@g,AB4 | AB@G | AB@g | ABA4 | ERI11 | ERIM5 | ERIN5 | GUN4 | GUNA4 | GUNU4 | IRI11 | NU7 | SIRARA5 | UNU | UNUG | URUGAL2 | URUK | URUĜAL2 | ab4 | aba4 | eri11 | erim5 | erin5 | gun4 | guna4 | gunu4 | iri11 | nu7 | sirara5 | unu | unug | urugal2 | uruk | uruĝal2
U+12016,𒀖,ab₂,AB2,AB2 | AP2 | LE8 | LI8 | LID | LIT | LITI | LIŢ | LIŢI | REM2 | REME2 | RIM2 | RIMU2 | ab2 | ap2 | le8 | li8 | lid | lit | liti | liţ | liţi | rem2 | reme2 | rim2 | rimu2
U+12017,𒀗,ab₂ × balag,AB2×BALAG,AB2×BALAG | LILIS | LILIZ | lilis | liliz
U+12018,𒀘,ab₂ × gan₂ tenu,AB2×GAN2@t,AB2×GAN2@T | AB2×GAN2@t | KIR6 | QIR6 | kir6 | qir6 | ŠEM5 | šem5
U+12019,𒀙,ab₂ × me + en,AB2×ME+EN,AB2×ME+EN | MEZE | UB6 | meze | ub6 | ŠEM4 | šem4 | AB2×MExEN
U+1201A,𒀚,ab₂ × sha₃,AB2×ŠA3,AB2×ŠA3 | GIR9 | KIR2 | KIRI9 | LIBIŠ | LIPIŠ | UB3 | gir9 | kir2 | kiri9 | libiš | lipiš | ub3 | ŠAGX(|AB2×ŠA3|) | ŠEM3 | šagx(|AB2×ŠA3|) | šem3
U+1201B,𒀛,ab₂ × tak₄,AB2×TAK4,AB2×TAK4 | GIRX(|AB2×TAK4|) | KIRX(|AB2×TAK4|) | LIBIŠX(|AB2×TAK4|) | UB5 | UBA5 | girx(|AB2×TAK4|) | kirx(|AB2×TAK4|) | libišx(|AB2×TAK4|) | ub5 | uba5 | ŠAGX(|AB2×TAK4|) | ŠEM6 | šagx(|AB2×TAK4|) | šem6
U+1201C,𒀜,ad,AD,AB3 | ABA3 | AD | ADA | AP3 | AT | AŢ | ab3 | aba3 | ad | ada | ap3 | at | aţ
U+1201D,𒀝,ak,AK,A5 | AG | AK | AKA | AKIX(AK) | AQ | AQA | AĜ | KE3 | KI3 | KID3 | ME6 | NA3 | RA6 | a5 | ag | ak | aka | akix(AK) | aq | aqa | aĝ | ke3 | ki3 | kid3 | me6 | na3 | ra6 | ŠA5 | ša5
U+1201E,𒀞,ak × erin₂,AK×ERIN2,AK×ERIN2 | ME3 | me3
U+1201F,𒀟,ak × shita + gish,AK×ŠITA+GIŠ,AK×ŠITA+GIŠ | ME11 | me11 | AK×ŠITAxGIŠ
U+12020,𒀠,al,AL,AL | ALA3 | IL10 | MAH2 | MAHA2 | al | ala3 | il10 | mah2 | maha2
U+12021,𒀡,al × al,AL×AL,AL×AL | BAL3 | bal3
U+12022,𒀢,al × dim₂,AL×DIM2,AL×DIM2 | LIDIM | lidim
U+12023,𒀣,al × gish,AL×GIŠ,AL×GIŠ | GIŠBAR | GIŠMAŠ | gišbar | gišmaš | ĜEŠMAŠ | ĝešmaš
U+12024,𒀤,al × ha,AL×HA,AL×HA | HIBIRA | hibira
U+12025,𒀥,al × kad₃,AL×KAD3,AL×KAD3 | DUBAL | dubal
U+12026,𒀦,al × ki,AL×KI,AL×KI | BAL4 | DUBAL2 | bal4 | dubal2
U+12027,𒀧,al × she,AL×ŠE,AL×ŠE | IL6 | il6
U+12028,𒀨,al × ush,AL×UŠ,AL×UŠ | HIBIS2 | HIBIZ2 | hibis2 | hibiz2 | ŠUŠBAR | ŠUŠMAŠ | šušbar | šušmaš
U+12029,𒀩,alan,ALAN,AL2 | ALAG | ALALA | ALAM | ALAN | ALAĜ | BELILI | KAŠŠEBA2 | KAŠŠEBI2 | al2 | alag | alala | alam | alan | alaĝ | belili | kaššeba2 | kaššebi2
U+1202A,𒀪,aleph,ALEPH,'A | 'E | 'I | 'U | 'a | 'e | 'i | 'u | A' | AH4 | ALEPH | E' | EH2 | I' | IH2 | U' | UH5 | UMUN4 | a' | ah4 | e' | eh2 | i' | ih2 | u' | uh5 | umun4
U+1202B,𒀫,amar,AMAR,AMAR | MAR2 | MARA2 | MARAD | SURX(AMAR) | ZUR | amar | mar2 | mara2 | marad | surx(AMAR) | zur | ŞAR2 | ŞUR | ŞURU | şar2 | şur | şuru
U+1202C,𒀬,amar × she,AMAR×ŠE,AMAR×ŠE | DISGUR | SISKUR | SIZKUR | SIŠKUR | disgur | siskur | sizkur | siškur
U+1202D,𒀭,an,AN,/DIMER/ | /dimer/ | A11 | AM6 | AN | ANA2 | ANU | D | DALHAMUNX(AN) | DIBUR | DIGIR | DIMER | DIMIR | DIMMER | DINER | DINGIR | DINGIRA | DINIR | DIR3 | DIĜIR | EL3 | EŠŠU2 | IL3 | ILA | ILI | ILU | LE4 | SA8 | USANX(AN) | ZA5 | a11 | am6 | an | ana2 | anu | d | dalhamunx(AN) | dibur | digir | dimer | dimir | dimmer | diner | dingir | dingira | dinir | dir3 | diĝir | el3 | eššu2 | il3 | ila | ili | ilu | le4 | sa8 | usanx(AN) | za5 | ŞA3 | şa3 | ŠUBUL | šubul
U+1202E,𒀮,an / an,|AN&AN|,malₓ | mulₓ | nab | nap | nubₓ | tillaₓ
U+1202F,𒀯,an three ×,ANx3,ANX3 | ANx3 | KUNGA3 | KUNGI3 | MUL | MULU | MUNX(|ANX3|) | NAP2 | SUHUB2 | kunga3 | kungi3 | mul | mulu | munx(|ANx3|) | nap2 | suhub2 | ŠUHUB2 | ŠUN2 | šuhub2 | šun2
U+12030,𒀰,an + naga opposing an + naga,|(AN.NAGA)@(AN.NAGA)|,dalhamun₅ | dalhamunₓ
U+12031,𒀱,an + naga squared,|4×(AN.NAGA)|,dalhamun₄
U+12032,𒀲,anshe,ANŠE,ANŠE | ANŠU | anše | anšu | ŠAKAN3 | šakan3
U+12033,𒀳,apin,APIN,ABSIN3 | ABŠIN3 | APIN | APINA | BIN | ENGAR | ENGARA | EREŠ4 | ERIŠ4 | PIN | UR11 | URU4 | UŠ8 | absin3 | abšin3 | apin | apina | bin | engar | engara | ereš4 | eriš4 | pin | ur11 | uru4 | uš8
U+12034,𒀴,arad,ARAD,...KI | ...ki | ARAD | ARDA | ER3 | ERAD | ERI3 | ERU | ERUM | IR3 | IRDA | NINTAH2 | NINTAX(ARAD) | NITA2 | NITAH2 | SUBARRUMX(ARAD) | SUBURX(ARAD) | URDA | URDU | WAR3 | WARDU | arad | arda | er3 | erad | eri3 | eru | erum | ir3 | irda | nintah2 | nintax(ARAD) | nita2 | nitah2 | subarrumx(ARAD) | suburx(ARAD) | urda | urdu | war3 | wardu | ŠUBUR2 | šubur2
U+12035,𒀵,arad × kur,ARAD×KUR,/ĜEREŠ/ | /ĝereš/ | ARAD2 | ARAD×KUR | GE24 | GEME3 | GEREŠ3 | GIRIŠ3 | IR11 | KIRAŠ | NITAX(|ARAD×KUR|) | URDA2 | URDU2 | arad2 | ge24 | geme3 | gereš3 | giriš3 | ir11 | kiraš | nitax(|ARAD×KUR|) | urda2 | urdu2
U+12036,𒀶,arkab,GAR.IB,ARGAB | ARKAB | GAR.IB | IRKAB | argab | arkab | irkab
U+12037,𒀷,asal₂,ASAL2,ASAL2
U+12038,𒀸,ash,AŠ,1AŠ | 1aš | ANA3 | AS3 | AZ3 | AŞ3 | AŠ | AŠA | AŠŠA | DAL3 | DEL | DELE | DELI | DEŠ2 | DIL | DILI | DIŠ2 | EŠ18 | EŠ20 | GE15 | GEŠ4 | IN6 | INA | LIRI2 | LIRU2 | LIRUM2 | MAKAŠ2 | MAKKAŠ2 | RAM2 | RIM5 | RU3 | RUM | SAGTAG | SAGTAK | SALUGUB | SANTA | SANTAG | SANTAK | SAĜTAK | SIMED | TAL3 | TEŠ | TIL4 | ZUX(AŠ) | ana3 | as3 | az3 | aş3 | aš | aša | ašša | dal3 | del | dele | deli | deš2 | dil | dili | diš2 | eš18 | eš20 | ge15 | geš4 | in6 | ina | liri2 | liru2 | lirum2 | makaš2 | makkaš2 | ram2 | rim5 | ru3 | rum | sagtag | sagtak | salugub | santa | santag | santak | saĝtak | simed | tal3 | teš | til4 | zux(AŠ) | ŠUP2 | šup2 | ŢIL | ţil
U+12039,𒀹,ash zida tenu,AŠ@t,1(aš@t) | aš₁₁ | aš@t | del₄ | dele₄ | deš₅ | dil₄ | dili₄ | diš@t | 1(diš@t) | eš₁₈ | ge₂₃ | iš₈ | sagtag₃ | sagtak₃ | saŋtaₓ | saŋtak₃ | santa₃ | santag₃ | santak₃ | ubu | uburaₓ | upaₓ | upuₓ | uzaglal | uzaraₓ | 1/2(iku) | 1(iku@t) | 1(aš@t@c)
U+1203A,𒀺,ash kaba tenu,AŠ@k,ulilₓ | utaqaₓ | uzalagₓ | uzalakₓ
U+1203B,𒀻,ash / ash tug₂ / tug₂ tug₂ / tug₂ pap,|AŠ&AŠ.TUG₂&TUG₂.TUG₂&TUG₂.PAP|,gašmu
U+1203C,𒀼,ash / ash / ash,|AŠ&AŠ&AŠ|,eš₁₆ | šušur | 3(aš@v) | 3(aš~a) | eš₁₆
U+1203D,𒀽,ash / ash / ash crossing ash / ash / ash,|(AŠ&AŠ&AŠ)%(AŠ&AŠ&AŠ)|,kad₈ | šušur₂
U+1203E,𒀾,ash₂,AŠ2,AS2 | ASA2 | AZ2 | AŚ | AŞ2 | AŠ2 | AŠA2 | BAEŠ | BANEŠ | DAŠ3 | DEŠŠU | TAŠ3 | UD2 | UDEŠŠU | UT2 | UTU5 | as2 | asa2 | az2 | aś | aş2 | aš2 | aša2 | baeš | baneš | daš3 | deššu | taš3 | ud2 | udeššu | ut2 | utu5
U+1203F,𒀿,ashgab,AŠGAB,AŠGAB | ERIB | IRIB | ašgab | erib | irib | ŠIGAGU | ŠIKANGU | šigagu | šikangu
U+12040,𒁀,ba,BA,BA | BE4 | BI6 | LIBIT | PA2 | WA2 | ba | be4 | bi6 | libit | pa2 | wa2
U+12041,𒁁,bad,BAD,BA9 | BAD | BADA | BARA4 | BAT | BATA | BAŢ | BE | BI4 | BID2 | DIHI | DIM7 | EDIM | EŠ7 | IDIN | MAT2 | ME4 | MIT | MITU | MIŢ | MUD2 | MUT2 | PAD2 | PAT2 | PAX(BAD) | PAŢ2 | PE3 | PI3 | QIT3 | SUGIN | SUNGIN | TI5 | TILE | ULAL | ZAR5 | ZARA5 | ZAZ | ZIS | ZIZ | ZU4 | ZURU9 | ba9 | bad | bada | bara4 | bat | bata | baţ | be | bi4 | bid2 | dihi | dim7 | edim | eš7 | idin | mat2 | me4 | mit | mitu | miţ | mud2 | mut2 | pad2 | pat2 | pax(BAD) | paţ2 | pe3 | pi3 | qit3 | sugin | sungin | ti5 | tile | ulal | zar5 | zara5 | zaz | zis | ziz | zu4 | zuru9 | ŞIŞ | şiş | ŢIL2 | ţil2
U+12042,𒁂,bag₃,BAG3,BAG3 | BAK3 | bag3 | bak3
U+12043,𒁃,bahar₂,BAHAR2,/ALLURA/ | /allura/ | ALURX(BAHAR2) | BAHAR2 | LIL7 | LILLU | MUŠTAPTIN | NUNURRA | NUNURRU | alurx(BAHAR2) | bahar2 | lil7 | lillu | muštaptin | nunurra | nunurru
U+12044,𒁄,bal,BAL,BAL | BALA | BALAK | BUL3 | KULX(BAL) | PAL | PALA4 | PUL3 | bal | bala | balak | bul3 | kulx(BAL) | pal | pala4 | pul3
U+12045,𒁅,bal / bal,|BAL&BAL|,minbulugₓ
U+12046,𒁆,balag,BALAG,BALAG | BALAĜ | BULUG5 | BULUNX(BALAG) | BULUĜ5 | BUM2 | GUD10 | GUDU10 | LUMHA | TAKA\+ | balag | balaĝ | bulug5 | bulunx(BALAG) | buluĝ5 | bum2 | gud10 | gudu10 | lumha | taka\+
U+12047,𒁇,bar,BAR,BA15 | BAR | BARA | BARE | PAR2 | PARA2 | SUTU | WAR | ba15 | bar | bara | bare | par2 | para2 | sutu | war
U+12048,𒁈,bara₂,BARA2,BAR2 | BARA2 | BARAG | PAR6 | PARA10 | PARAG | bar2 | bara2 | barag | par6 | para10 | parag | ŠA23 | ŠAR6 | ŠARA | ša23 | šar6 | šara
U+12049,𒁉,bi,BI,BE2 | BI | BIZ | DUGX(BI) | EBIRX(BI) | EPIR2 | EŠEMEN5 | EŠEMIN5 | GAŠ | HUBURX(BI) | KA8 | KAS2 | KAŞ | KAŠ | PE2 | PI2 | SA18 | SIRIS4 | SU15 | be2 | bi | biz | dugx(BI) | ebirx(BI) | epir2 | ešemen5 | ešemin5 | gaš | huburx(BI) | ka8 | kas2 | kaş | kaš | pe2 | pi2 | sa18 | siris4 | su15 | ŠA21 | ŠU13 | ša21 | šu13
U+1204A,𒁊,bi × a,BI×A,BI×A
U+1204B,𒁋,bi × gar,BI×GAR,BAPPIR3 | BAPPIRA3 | BI×GAR | LUNGAX(|BI×GAR|) | bappir3 | bappira3 | lungax(|BI×GAR|)
U+1204C,𒁌,bi × igi gunu,BI×IGI@g,BI×IGI@G | BI×IGI@g | ŠEMBI3 | ŠIMBI3 | šembi3 | šimbi3
U+1204D,𒁍,bu,BU,BU | BUR12 | DIM13 | DUL10 | DUR7 | GAZIBU | GAZIMBI | GAZINBI | GAZINBU | GI27 | GID2 | GIDA2 | GIDI3 | GIDIM3 | GIM7 | GIT2 | GIŢ2 | GUZ2 | ILDUMX(BU) | KID10 | KIM3 | KIT10 | MADAL | MADLA | MADLU | MALLA | MUDLA | MUDLU | MUDRA3 | MUDRU3 | MUDUL | MULLA | MULLU | NUN3 | PI8 | PU | QID2 | QIT2 | RA5 | SIR2 | SIX(BU) | SU13 | SUD4 | SUGX(BU) | SURX(BU) | SUŠ3 | TUR8 | bu | bur12 | dim13 | dul10 | dur7 | gazibu | gazimbi | gazinbi | gazinbu | gi27 | gid2 | gida2 | gidi3 | gidim3 | gim7 | git2 | giţ2 | guz2 | ildumx(BU) | kid10 | kim3 | kit10 | madal | madla | madlu | malla | mudla | mudlu | mudra3 | mudru3 | mudul | mulla | mullu | nun3 | pi8 | pu | qid2 | qit2 | ra5 | sir2 | six(BU) | su13 | sud4 | sugx(BU) | surx(BU) | suš3 | tur8 | ŠAŠKI | ŠAŠKU | ŠER2 | ŠIR2 | ŠUD2 | šaški | šašku | šer2 | šir2 | šud2
U+1204E,𒁎,bu / bu ab,|BU&BU.AB|,sirsir
U+1204F,𒁏,bu / bu un,|BU&BU.KALAM@g|,gutir | kide
U+12050,𒁐,bu crossing bu,|BU%BU|,unu₁₂ | sirsirₓ
U+12051,𒁑,bulug,BULUG,BU9 | BULUG | BULUĜ | MAGAR | MAGARA | MANGARA | MUŠ6 | NAGARX(BULUG) | NIĜINX(BULUG) | bu9 | bulug | buluĝ | magar | magara | mangara | muš6 | nagarx(BULUG) | niĝinx(BULUG)
U+12052,𒁒,bulug / bulug,|BULUG&BULUG|,mebulug₂ | menbulug₂ | minbulug₂ | šembulug? | šimbulug?
U+12053,𒁓,bur,BUR,BUR | BURU | LIMX(BUR) | PUR | PURU | bur | buru | limx(BUR) | pur | puru
U+12054,𒁔,bur₂,BUR2,BAL2 | BU8 | BUL2 | BULUG2 | BUR2 | BURU2 | DU9 | DUN5 | PUL2 | SU16 | SUN5 | UŠU | UŠUM | bal2 | bu8 | bul2 | bulug2 | bur2 | buru2 | du9 | dun5 | pul2 | su16 | sun5 | ušu | ušum | ŠUM5 | šum5
U+12055,𒁕,da,DA,AX(DA) | DA | DIX(DA) | DU20 | IDI3 | LE10 | LI10 | TA2 | ax(DA) | da | dix(DA) | du20 | idi3 | le10 | li10 | ta2 | ŢA | ţa
U+12056,𒁖,dag,DAG,BAR3 | BARA3 | BARAG2 | DA8 | DAG | DAK | DAQ | PAR3 | PARA3 | TAG2 | TAK2 | TAQ2 | bar3 | bara3 | barag2 | da8 | dag | dak | daq | par3 | para3 | tag2 | tak2 | taq2 | ŢAK | ţak
U+12057,𒁗,dag kisim₅ × a + mash,DAG.KISIM5×A+MAŠ,DAG.KISIM5×A+MAŠ | MASSA2 | massa2 | DAG.KISIM5×AxMAŠ
U+12058,𒁘,dag kisim₅ × amar,DAG.KISIM5×AMAR,DAG.KISIM5×AMAR | GARIM2 | garim2 | ĜARIM2 | ĝarim2
U+12059,𒁙,dag kisim₅ × balag,DAG.KISIM5×BALAG,DAG.KISIM5×BALAG | ŠARAN | šaran
U+1205A,𒁚,dag kisim₅ × bi,DAG.KISIM5×BI,DAG.KISIM5×BI | HARA4 | HARU4 | HARX(|DAG.KISIM5×BI|) | hara4 | haru4 | harx(|DAG.KISIM5×BI|)
U+1205B,𒁛,dag kisim₅ × ga,DAG.KISIM5×GA,AKAN | AKANI | DAG.KISIM5×GA | HARAX(|DAG.KISIM5×GA|) | KISIM7 | SUBX(|DAG.KISIM5×GA|) | UBUR | akan | akani | harax(|DAG.KISIM5×GA|) | kisim7 | subx(|DAG.KISIM5×GA|) | ubur
U+1205C,𒁜,dag kisim₅ × ga + mash,DAG.KISIM5×GA+MAŠ,DAG.KISIM5×GA+MAŠ | MASSA | massa | DAG.KISIM5×GAxMAŠ
U+1205D,𒁝,dag kisim₅ × gi,DAG.KISIM5×GI,DAG.KISIM5×GI | KEŠ7 | KIŠI7 | keš7 | kiši7
U+1205E,𒁞,dag kisim₅ × gir₂,DAG.KISIM5×GIR2,DAG.KISIM5×GIR2 | KEŠ8 | KIRIM | KISIM4 | KISIX(|DAG.KISIM5×GIR2|) | KIŠI8 | keš8 | kirim | kisim4 | kisix(|DAG.KISIM5×GIR2|) | kiši8
U+1205F,𒁟,dag kisim₅ × gud,DAG.KISIM5×GUD,DAG.KISIM5×GUD | UDUL5 | UTUL5 | udul5 | utul5
U+12060,𒁠,dag kisim₅ × ha,DAG.KISIM5×HA,DAG.KISIM5×HA | HULUM3 | HUNIN | hulum3 | hunin
U+12061,𒁡,dag kisim₅ × ir,DAG.KISIM5×IR,DAG.KISIM5×IR | UBUR3 | ubur3
U+12062,𒁢,dag kisim₅ × ir + lu,DAG.KISIM5×IR+LU,DAG.KISIM5×IR+LU | UBUR4 | ubur4 | DAG.KISIM5×IRxLU
U+12063,𒁣,dag kisim₅ × kak,DAG.KISIM5×KAK,DAG.KISIM5×KAK | GABAR2 | KABAR2 | PAX(|DAG.KISIM5×KAK|) | gabar2 | kabar2 | pax(|DAG.KISIM5×KAK|)
U+12064,𒁤,dag kisim₅ × la,DAG.KISIM5×LA,DAG.KISIM5×LA | LAHTA6 | LAHTAN6 | lahta6 | lahtan6
U+12065,𒁥,dag kisim₅ × lu,DAG.KISIM5×LU,DAG.KISIM5×LU | UBUR2 | ubur2
U+12066,𒁦,dag kisim₅ × lu + mash₂,DAG.KISIM5×LU+MAŠ2,AMAŠ | AMAŠA | DAG.KISIM5×LU+MAŠ2 | HARAX(|DAG.KISIM5×LU+MAŠ2|) | KISIM3 | UA4 | UDUL3 | UTUA2 | UTUL3 | UTUWA2 | amaš | amaša | harax(|DAG.KISIM5×LU+MAŠ2|) | kisim3 | ua4 | udul3 | utua2 | utul3 | utuwa2 | DAG.KISIM5×LUxMAŠ2 | HARAX(|DAG.KISIM5×LUxMAŠ2|) | harax(|DAG.KISIM5×LUxMAŠ2|)
U+12067,𒁧,dag kisim₅ × lum,DAG.KISIM5×LUM,DAG.KISIM5×LUM | HULUM | hulum
U+12068,𒁨,dag kisim₅ × ne,DAG.KISIM5×NE,DAG.KISIM5×NE | GE28 | ge28 | ŠURIN4 | ŠURUN4 | šurin4 | šurun4
U+12069,𒁩,dag kisim₅ × pap + pap,DAG.KISIM5×PAP+PAP,DAG.KISIM5×PAP+PAP | RAPIKU | RAPIQU | rapiku | rapiqu | DAG.KISIM5×PAPxPAP
U+1206A,𒁪,dag kisim₅ × si,DAG.KISIM5×SI,DAG.KISIM5×SI | KISIM2 | kisim2
U+1206B,𒁫,dag kisim₅ × tak₄,DAG.KISIM5×TAK4,DAG.KISIM5×TAK4 | ZIBIN | zibin
U+1206C,𒁬,dag kisim₅ × u₂ + gir₂,DAG.KISIM5×U2+GIR2,DAG.KISIM5×U2+GIR2 | HARA5 | HARUB | KEŠ9 | KISIM | KIŠI9 | ZIBIN2 | hara5 | harub | keš9 | kisim | kiši9 | zibin2 | ŠARAN2 | ŠARIN | ŠURIN5 | ŠURUN5 | šaran2 | šarin | šurin5 | šurun5 | DAG.KISIM5×U2xGIR2
U+1206D,𒁭,dag kisim₅ × ush,DAG.KISIM5×UŠ,DAG.KISIM5×UŠ | UDUL6 | UTUA | UTUL6 | UTUWA | udul6 | utua | utul6 | utuwa
U+1206E,𒁮,dam,DAM,DA4 | DAM | DAMA | DUM3 | LAM3 | TA4 | TAM2 | TUM10 | da4 | dam | dama | dum3 | lam3 | ta4 | tam2 | tum10 | ŢA4 | ŢAM | ţa4 | ţam
U+1206F,𒁯,dar,DAR,DAR | DAX(DAR) | DAŠ4 | DIR2 | GUN3 | GUNU3 | GUX(DAR) | TAR2 | TIR3 | dar | dax(DAR) | daš4 | dir2 | gun3 | gunu3 | gux(DAR) | tar2 | tir3 | ŢAR2 | ŢIR4 | ţar2 | ţir4
U+12070,𒁰,dara₃,DARA3,DAR3 | DARA3 | DURAH | TAR3 | TARA3 | TARAH | dar3 | dara3 | durah | tar3 | tara3 | tarah | ŢAR3 | ţar3
U+12071,𒁱,dara₄,DARA4,DAR4 | DARA4 | DURAHX(DARA4) | GANA6 | GANAM6 | INNA | LAHAR2 | LAHRUM2 | NINA2 | NINNAX(DARA4) | TARAHX(DARA4) | U10 | UA2 | dar4 | dara4 | durahx(DARA4) | gana6 | ganam6 | inna | lahar2 | lahrum2 | nina2 | ninnax(DARA4) | tarahx(DARA4) | u10 | ua2
U+12072,𒁲,di,DI,DE | DI | DUX(DI) | SA2 | SAL2 | SALAGUD | SALGUD | SALIM | SE8 | SI8 | SILIM | SILIMA | SILIX(DI) | SIM3 | SISAX(DI) | TE10 | TI4 | de | di | dux(DI) | sa2 | sal2 | salagud | salgud | salim | se8 | si8 | silim | silima | silix(DI) | sim3 | sisax(DI) | te10 | ti4 | ŚA2 | śa2 | ŠUL3 | šul3 | ŢE | ŢI | ţe | ţi
U+12073,𒁳,dib,DIB,DAB | DABA | DABE | DAP | DEB | DIB | DIBI | DIP | DIX(DIB) | DUL8 | TIB | TIP | dab | daba | dabe | dap | deb | dib | dibi | dip | dix(DIB) | dul8 | tib | tip | ŢAB3 | ŢIB | ŢIP | ţab3 | ţib | ţip
U+12074,𒁴,dim,DIM,DI11 | DIM | DUM4 | MUN3 | TAM3 | TI3 | TIM | TUM8 | di11 | dim | dum4 | mun3 | tam3 | ti3 | tim | tum8 | ŢIM | ţim
U+12075,𒁵,dim × she,DIM×ŠE,DIM×ŠE | GAKKUL2 | KAKKUL2 | MUN | MUNU | gakkul2 | kakkul2 | mun | munu
U+12076,𒁶,dim₂,DIM2,/ŠITLAM/ | /šitlam/ | DEM2 | DIM2 | DIMA2 | DIX(DIM2) | GE18 | GEM | GEN7 | GI18 | GIM | GIMI | GIN7 | KE5 | KI5 | KIM | KIN8 | MUŠDA | MUŠDAM | MUŠDAMA | QIM | TAM6 | dem2 | dim2 | dima2 | dix(DIM2) | ge18 | gem | gen7 | gi18 | gim | gimi | gin7 | ke5 | ki5 | kim | kin8 | mušda | mušdam | mušdama | qim | tam6 | ŠIDI | ŠIDIM | ŠILAMX(DIM2) | ŠITALAMX(DIM2) | ŠITIM | šidi | šidim | šilamx(DIM2) | šitalamx(DIM2) | šitim | ŢIM2 | ţim2
U+12077,𒁷,din,DIN,DAN5 | DEN | DIN | DINI | GURUN8 | IDINX(DIN) | KURUN2 | TEN2 | TILX(DIN) | TIM3 | TIN | dan5 | den | din | dini | gurun8 | idinx(DIN) | kurun2 | ten2 | tilx(DIN) | tim3 | tin | ŢIN | ţin
U+12078,𒁸,din kaskal u gunu dish,|DIN.KASKAL.U@g.DIŠ|,sagkurun | saŋkurun
U+12079,𒁹,dish,DIŠ,anₓ | ana | aš₁₀ | barig | daš₂ | deš | diš | diša | duš₂ | eš₄ | ge₃ | il₄ | ili₆ | iš₄ | m | makaš | makkaš | muš₇ | nigida | saŋtaₓ | saŋtak₄ | salubug₂ | salugub₂ | sandak₄ | santa₄ | santag₄ | santak₄ | šantag | šantak | tal₄ | taš₂ | til₅ | tiš | tiz | ṭiš | uₓ | ukitₓ | uš₉ | 6(ban₂) | 1(barig) | 1(bariga) | 1(diš) | barig@c | bariga@c | diš@c | 1(aš@c@90) | 1/2(aš@c@90) | 1(barig@c) | 1(bariga@c) | 1(diš@c) | 1/2(iku@c) | diš@f
U+1207A,𒁺,du,DU,ARAGUB | DE6 | DI6 | DU | DULX(DU) | ER10 | GE13 | GEN | GIM6 | GIN | GINAX(DU) | GIR7 | GUB | GUBA | GUBU | GUP | IM6 | KAŠ5 | KIM6 | KIN7 | KUB | KUP | KURX(DU) | KUX(DU) | LAH6 | MEN3 | MIX(DU) | NAX(DU) | QUB | QUP | RA2 | RE6 | RI6 | TU3 | TUM2 | TUMA2 | TUMU2 | aragub | de6 | di6 | du | dulx(DU) | er10 | ge13 | gen | gim6 | gin | ginax(DU) | gir7 | gub | guba | gubu | gup | im6 | kaš5 | kim6 | kin7 | kub | kup | kurx(DU) | kux(DU) | lah6 | men3 | mix(DU) | nax(DU) | qub | qup | ra2 | re6 | ri6 | tu3 | tum2 | tuma2 | tumu2 | ĜEN | ĜIM6 | ĜIN | ĝen | ĝim6 | ĝin | ŠA4 | ŠE13 | ša4 | še13 | ŢU3 | ţu3
U+1207B,𒁻,du / du,|DU&DU|,er₁₄ | la₄? | lah₄ | laha₄ | lalah | re₇ | ri₇ | su₈ | sub₂ | sug₂ | sup₂?
U+1207C,𒁼,du gunu,DU@g,DU@G | DU@g | GIM5 | GIR6 | GIRI6 | IM5 | IŠDU | IŠDUMX(DU@G) | KAS5 | KIM5 | SUH6 | SUHUŠ | gim5 | gir6 | giri6 | im5 | išdu | išdumx(DU@g) | kas5 | kim5 | suh6 | suhuš | ŠUHUŠ | šuhuš
U+1207D,𒁽,du sheshig,DU@s,barim | gim₄ | gir₅ | giri₅ | girim₂ | im₂ | ka₇ | kaku | kamaš | kas₄ | kaš₄ | kim₄ | lah₇ | maškimₓ | parim | raₓ | rim₄ | barim⁻ | gir₅⁻ | im₂⁻ | kaš₄⁻
U+1207E,𒁾,dub,DUB,DAB4 | DEH | DEHI | DIH | DUB | DUBA | DUBBA | DUBU | DUP | KIŠIB3 | LE'UM | MEBULUG3 | MENBULUG3 | MES2 | SIMIG | TEHI | TUB | TUP | URUD2 | URUDU2 | dab4 | deh | dehi | dih | dub | duba | dubba | dubu | dup | kišib3 | le'um | mebulug3 | menbulug3 | mes2 | simig | tehi | tub | tup | urud2 | urudu2 | ŠEN4 | šen4 | ŢUP | ţup
U+1207F,𒁿,dub × esh₂,DUB×EŠ2,DUB×EŠ2 | GAZ3 | gaz3
U+12080,𒂀,dub₂,DUB2,DIM5 | DUB2 | DUBA2 | DUBU2 | DUP2 | SAGKURINI | TIG3 | TU16 | TUB2 | TUNX(DUB2) | TUP2 | dim5 | dub2 | duba2 | dubu2 | dup2 | sagkurini | tig3 | tu16 | tub2 | tunx(DUB2) | tup2 | ŢUB2 | ţub2
U+12081,𒂁,dug,DUG,DUG | DUK | DUKA | DUQ | EBIR | EPIG2 | EPIR | GURINX(DUG) | GURUN7 | KURINX(DUG) | KURUM10 | KURUN3 | LIŢ2 | LUD | LUM3 | LUMU3 | LUT | LUTU | LUŢ | LUŢU | SI14 | TUG3 | TUK3 | TUQ3 | ULUD | URRUB | URSUB | URZUB | URŞUB | ZURZUB | dug | duk | duka | duq | ebir | epig2 | epir | gurinx(DUG) | gurun7 | kurinx(DUG) | kurum10 | kurun3 | liţ2 | lud | lum3 | lumu3 | lut | lutu | luţ | luţu | si14 | tug3 | tuk3 | tuq3 | ulud | urrub | ursub | urzub | urşub | zurzub | ŞURŞUB | şurşub | ŠIKIN2 | šikin2
U+12082,𒂂,dugud,DUGUD,DUGUD | DUGUDA | DUGUX(DUGUD) | DUKUDX(DUGUD) | GI25 | KAPTU | QAPTU | dugud | duguda | dugux(DUGUD) | dukudx(DUGUD) | gi25 | kaptu | qaptu | ĜI25 | ĝi25
U+12083,𒂃,duh,GABA,DU8 | DUDDA | DUH | GA15 | GAB | GABA | GAP | IRTU | PITRU | QAB | QAP | TAH2 | TU24 | TUH | TUHU | du8 | dudda | duh | ga15 | gab | gaba | gap | irtu | pitru | qab | qap | tah2 | tu24 | tuh | tuhu | ŢAH2 | ŢU5 | ŢUH | ţah2 | ţu5 | ţuh
U+12084,𒂄,dun,DUN,DU24 | DUN | DUNA | DUR9 | DURU9 | SAH3 | SU17 | SUL | TUN4 | ZU7 | du24 | dun | duna | dur9 | duru9 | sah3 | su17 | sul | tun4 | zu7 | ŠAH2 | ŠAHAN3 | ŠUL | šah2 | šahan3 | šul
U+12085,𒂅,dun₃,DUN3,DU5 | DUG5 | DULX(DUN3) | DUN3 | SU18 | SUG5 | TU18 | TUG8 | TUN3 | TUNA3 | du5 | dug5 | dulx(DUN3) | dun3 | su18 | sug5 | tu18 | tug8 | tun3 | tuna3 | ŢU | ţu
U+12086,𒂆,dun₃ gunu,DUN3@g,AGA3 | AĜA3 | DUN3@G | DUN3@g | GE11 | GI11 | GIG4 | GIM2 | GIN2 | GINA2 | GIĜ4 | PUŠ4 | aga3 | aĝa3 | ge11 | gi11 | gig4 | gim2 | gin2 | gina2 | giĝ4 | puš4
U+12087,𒂇,dun₃ gunu gunu,DUN3@g@g,AGA | AGU | DUN3@G@G | DUN3@g@g | IR17 | MER | MERE | MIGIR | MIR | MIRI | NIGIR | NIMGIR | NIMIRX(DUN3@G@G) | NIĜIR | TEN3 | TIN3 | UKU | aga | agu | ir17 | mer | mere | migir | mir | miri | nigir | nimgir | nimirx(DUN3@g@g) | niĝir | ten3 | tin3 | uku
U+12088,𒂈,dun₄,DUN4,DUL4 | DUN4 | MIGIR2 | NIGIR2 | NIMGIR2 | TUL6 | dul4 | dun4 | migir2 | nigir2 | nimgir2 | tul6 | ŠUDUN4 | ŠUTUL4 | ŠUTUN4 | šudun4 | šutul4 | šutun4
U+12089,𒂉,dur₂,DUR2,DUR2 | DURU2 | DURUM2 | DURUN | DURUNA | TUR7 | dur2 | duru2 | durum2 | durun | duruna | tur7 | ŢUR2 | ţur2
U+1208A,𒂊,e,E,E | EG2 | EKI | I15 | IG2 | YI3 | e | eg2 | eki | i15 | ig2 | yi3 | ŠURUX(E) | šurux(E)
U+1208B,𒂋,e × pap,E×PAP,E×PAP | PAX(|E×PAP|) | pax(|E×PAP|)
U+1208C,𒂌,e / e nun / nun,|E&E.NUN&NUN|,hilibu
U+1208D,𒂍,e₂,E2,'A3 | 'a3 | A'3 | A14 | BED | BET | BID | BIT | BIŢ | BĪTU | E'3 | E2 | ISKI | PIŢ | a'3 | a14 | bed | bet | bid | bit | biţ | bītu | e'3 | e2 | iski | piţ
U+1208E,𒂎,e₂ × a + ha + da,E2×A+HA+DA,E2×A+HA+DA | EDAKUAX(|E2×A+HA+DA|) | edakuax(|E2×A+HA+DA|) | E2×AxHAxDA | EDAKUAX(|E2×AxHAxDA|) | edakuax(|E2×AxHAxDA|)
U+1208F,𒂏,e₂ × gar,E2×GAR,E2×GAR | EGARAX(|E2×GAR|) | EĜARAX(|E2×GAR|) | egarax(|E2×GAR|) | eĝarax(|E2×GAR|) | ĜALGAX(|E2×GAR|) | ĝalgax(|E2×GAR|)
U+12090,𒂐,e₂ × mi,E2×MI,E2×MI | GAGIGX(|E2×MI|) | ITIMAX(|E2×MI|) | gagigx(|E2×MI|) | itimax(|E2×MI|)
U+12091,𒂑,e₂ × sal,E2×SAL,AMAX(|E2×SAL|) | ARHUŠX(|E2×SAL|) | E2×SAL | EMEX(|E2×SAL|) | URX(|E2×SAL|) | UŠX(|E2×SAL|) | amax(|E2×SAL|) | arhušx(|E2×SAL|) | emex(|E2×SAL|) | urx(|E2×SAL|) | ušx(|E2×SAL|)
U+12092,𒂒,e₂ × she,E2×ŠE,ARAHX(|E2×ŠE|) | E2×ŠE | ESAGX(|E2×ŠE|) | USIX(|E2×ŠE|) | arahx(|E2×ŠE|) | esagx(|E2×ŠE|) | usix(|E2×ŠE|)
U+12093,𒂓,e₂ × u,E2×U,E2×U | SADX(|E2×U|) | ULAX(|E2×U|) | sadx(|E2×U|) | ulax(|E2×U|)
U+12094,𒂔,edin,EDIN,BILX(EDIN) | BIR4 | DINX(EDIN) | EDEN | EDENA | EDIMX(EDIN) | EDIN | EDINA | ERU5 | ERUA2 | GIRX(EDIN) | GURX(EDIN) | IDENX(EDIN) | LA8 | RABITA | RI10 | RIBX(EDIN) | RU6 | bilx(EDIN) | bir4 | dinx(EDIN) | eden | edena | edimx(EDIN) | edin | edina | eru5 | erua2 | girx(EDIN) | gurx(EDIN) | idenx(EDIN) | la8 | rabita | ri10 | ribx(EDIN) | ru6
U+12095,𒂕,egir,EGIR,EGER | EGERA | EGIR | EĜER | EĜERA | EĜIR | LUMHAX(EGIR) | TUM13 | eger | egera | egir | eĝer | eĝera | eĝir | lumhax(EGIR) | tum13
U+12096,𒂖,el,EL,EL | ELE2 | EŠ14 | IL5 | ILI5 | SIKIL | el | ele2 | eš14 | il5 | ili5 | sikil
U+12097,𒂗,en,EN,ADX(EN) | AMX(EN) | EN | ENA | ENI | ENU | IN4 | RU12 | URU16 | URUNX(EN) | adx(EN) | amx(EN) | en | ena | eni | enu | in4 | ru12 | uru16 | urunx(EN)
U+12098,𒂘,en × gan₂,EN×GAN2,EN×GAN2
U+12099,𒂙,en × gan₂ tenu,EN×GAN2@t,BAR8 | BUR14 | BURU14 | EBUR | EBURUX(|EN×GAN2@T|) | ENKAR | ENKARA | EN×GAN2@T | EN×GAN2@t | EŠGIRI2 | EŠKIRI2 | GIŠŠIR | RU13 | SULLIM | bar8 | bur14 | buru14 | ebur | eburux(|EN×GAN2@t|) | enkar | enkara | ešgiri2 | eškiri2 | giššir | ru13 | sullim | ĜEŠŠIR | ĜIŠŠIR | ĝeššir | ĝiššir | ŠIBIR2 | šibir2
U+1209A,𒂚,en × me,EN×ME,ENME | ENSI3 | EN×ME | enme | ensi3
U+1209B,𒂛,en crossing en,|EN%EN|,adamen₅ | adamin₅ | akarₓ | dalhamun₂ | hamunₓ | mereₓ | merimer | merimeri | mermer | mermeri | nigir₃ | nimgigri? | nimgirgirri | urbigu₂ | urbingu₂
U+1209C,𒂜,en opposing en,EN,ADX(EN) | AMX(EN) | EN | ENA | ENI | ENU | IN4 | RU12 | URU16 | URUNX(EN) | adx(EN) | amx(EN) | en | ena | eni | enu | in4 | ru12 | uru16 | urunx(EN)
U+1209D,𒂝,en squared,EN,ADX(EN) | AMX(EN) | EN | ENA | ENI | ENU | IN4 | RU12 | URU16 | URUNX(EN) | adx(EN) | amx(EN) | en | ena | eni | enu | in4 | ru12 | uru16 | urunx(EN)
U+1209E,𒂞,eren,EREN,EREN | ERENA | ERIN | ERINA | SUX(EREN) | eren | erena | erin | erina | sux(EREN) | ŠE22 | ŠEŠ4 | še22 | šeš4
U+1209F,𒂟,erin₂,ERIN2,BIR3 | EREM | EREN2 | ERENA2 | ERIM | ERIN2 | ERINA2 | HIŠ3 | LAH2 | LIH2 | NURA | NURI | NURU | PAR5 | PIR2 | RIN2 | RINA2 | SAP2 | SURX(ERIN2) | TAM5 | UDAX(ERIN2) | ZAB | ZALAG2 | ZAP | bir3 | erem | eren2 | erena2 | erim | erin2 | erina2 | hiš3 | lah2 | lih2 | nura | nuri | nuru | par5 | pir2 | rin2 | rina2 | sap2 | surx(ERIN2) | tam5 | udax(ERIN2) | zab | zalag2 | zap | ŞAB | ŞAP | ŞAPA | ŞĀBU | şab | şap | şapa | şābu
U+120A0,𒂠,esh₂,EŠ2,EGE | EGER2 | EGI | EGIR2 | EŠ2 | EŠE2 | GE7 | GER15 | GI7 | GIR15 | HUG | HUN | HUĜ | IZID | IŠ9 | NAH2 | SAMANX(EŠ2) | UB2 | UBA2 | UP2 | ege | eger2 | egi | egir2 | eš2 | eše2 | ge7 | ger15 | gi7 | gir15 | hug | hun | huĝ | izid | iš9 | nah2 | samanx(EŠ2) | ub2 | uba2 | up2 | ĜE7 | ĜER15 | ĜI7 | ĜIR15 | ĝe7 | ĝer15 | ĝi7 | ĝir15 | ŞI9 | şi9 | ŠA16 | ŠE3 | ŠI4 | ŠU3 | ša16 | še3 | ši4 | šu3
U+120A1,𒂡,ezen,EZEN,ASILALX(EZEN) | ASILAX(EZEN) | ASILX(EZEN) | BADX(EZEN) | ESEN | ESIN | EZEM | EZEMA | EZEN | EZENA | EZIN | IZEN | IZIM | IZIN | IZUN | SER3 | SIDRA | SILX(EZEN) | SIR3 | SIRDA | SIRIM2 | asilalx(EZEN) | asilax(EZEN) | asilx(EZEN) | badx(EZEN) | esen | esin | ezem | ezema | ezen | ezena | ezin | izen | izim | izin | izun | ser3 | sidra | silx(EZEN) | sir3 | sirda | sirim2 | ŠER3 | ŠIR3 | šer3 | šir3
U+120A2,𒂢,ezen × a,EZEN×A,ASIL3 | ASILA3 | ASILAL3 | ASILLAL3 | EZEN×A | MURGIŠUR | NUMGIŠUR | SIL6 | SILAL | asil3 | asila3 | asilal3 | asillal3 | murgišur | numgišur | sil6 | silal
U+120A3,𒂣,ezen × a + lal,EZEN×A+LAL,ASIL5 | ASILA5 | ASILAL5 | EZEN×A+LAL | SIL7 | asil5 | asila5 | asilal5 | sil7 | EZEN×AxLAL
U+120A4,𒂤,ezen × a + lal × lal,|EZEN×(A.LAL₂)|,asil₄ | asila₄ | asilal₄ | sil₉
U+120A5,𒂥,ezen × an,EZEN×AN,EZEN×AN | UX(|EZEN×AN|) | ux(|EZEN×AN|)
U+120A6,𒂦,ezen × bad,EZEN×BAD,ANX(|EZEN×BAD|) | BA8 | BAD3 | BADA3 | BAT3 | DUR8 | DURUM | EZEN×BAD | U9 | UBX(|EZEN×BAD|) | UG5 | UGA5 | UK5 | UN3 | UQ5 | UĜ5 | anx(|EZEN×BAD|) | ba8 | bad3 | bada3 | bat3 | dur8 | durum | u9 | ubx(|EZEN×BAD|) | ug5 | uga5 | uk5 | un3 | uq5 | uĝ5
U+120A7,𒂧,ezen × dun₃ gunu,EZEN×DUN3@g,DUGIN | DUGINA | EZEN×DUN3@G | EZEN×DUN3@g | dugin | dugina
U+120A8,𒂨,ezen × dun₃ gunu gunu,EZEN×DUN3@g@g,DUGIN2 | DUGINA2 | EZEN×DUN3@G@G | EZEN×DUN3@g@g | MIR5 | dugin2 | dugina2 | mir5
U+120A9,𒂩,ezen × ha,EZEN×HA,AKŠAKX(|EZEN×HA|) | EZEN×HA | UDNIMX(|EZEN×HA|) | akšakx(|EZEN×HA|) | udnimx(|EZEN×HA|)
U+120AA,𒂪,ezen × ha gunu,EZEN×HA@g,EZEN×HA@g
U+120AB,𒂫,ezen × igi gunu,EZEN×IGI@g,EZEN×IGI@G | EZEN×IGI@g | GUMLE | KISIG2 | UDINIM | UDNIM | gumle | kisig2 | udinim | udnim
U+120AC,𒂬,ezen × kaskal,EZEN×KASKAL,ASILAX(|EZEN×KASKAL|) | EZEN×KASKAL | KUM3 | SIL5 | SUD5 | UBAR | UBARA | UL5 | UMBARA | UN4 | USIGI | asilax(|EZEN×KASKAL|) | kum3 | sil5 | sud5 | ubar | ubara | ul5 | umbara | un4 | usigi
U+120AD,𒂭,ezen × kaskal squared,EZEN×KASKAL,ASILAX(|EZEN×KASKAL|) | EZEN×KASKAL | KUM3 | SIL5 | SUD5 | UBAR | UBARA | UL5 | UMBARA | UN4 | USIGI | asilax(|EZEN×KASKAL|) | kum3 | sil5 | sud5 | ubar | ubara | ul5 | umbara | un4 | usigi
U+120AE,𒂮,ezen × ku₃,EZEN×KU3,EZEN×KU3 | KISIG | KISIGA | KIŠAG | SILALX(|EZEN×KU3|) | UDNIMX(|EZEN×KU3|) | kisig | kisiga | kišag | silalx(|EZEN×KU3|) | udnimx(|EZEN×KU3|)
U+120AF,𒂯,ezen × la,EZEN×LA,EZEN×LA | GUBALAGA | GUBLAGA | LABAN | gubalaga | gublaga | laban
U+120B0,𒂰,ezen × lal × lal,|EZEN×LAL₂|,asil | asila | asilal | silₓ | asila⁻
U+120B1,𒂱,ezen × li,EZEN×LI,EZEN×LI | LIBIN | libin
U+120B2,𒂲,ezen × lu,EZEN×LU,EZEN×LU | LUBUN | lubun
U+120B3,𒂳,ezen × u₂,EZEN×U2,EZEN×U2 | USIL | usil
U+120B4,𒂴,ezen × ud,EZEN×UD,ASIL6 | ASILA6 | ASILAL6 | EZEN×UD | SIL10 | SILLAL | asil6 | asila6 | asilal6 | sil10 | sillal
U+120B5,𒂵,ga,GA,EBIR4 | EPIR4 | GA | GAR9 | GARA9 | GE20 | GU11 | GUR11 | HA7 | KA3 | KUR15 | QA2 | ebir4 | epir4 | ga | gar9 | gara9 | ge20 | gu11 | gur11 | ha7 | ka3 | kur15 | qa2 | ŠIZBU | šizbu
U+120B6,𒂶,ga gunu,GA@g,GA@G | GA@g | GAR2 | GARA2 | gar2 | gara2
U+120B7,𒂷,ga₂,GA2,ALBA | BA4 | BISAG | BISAN | BISAĜ | GA2 | GE26 | ILBA | MA3 | MAL | MALA | PISAG | PISAN | PISAĜ | alba | ba4 | bisag | bisan | bisaĝ | ga2 | ge26 | ilba | ma3 | mal | mala | pisag | pisan | pisaĝ | ĜA2 | ĜE26 | ĝa2 | ĝe26 | ŠA13 | ša13
U+120B8,𒂸,ga₂ × a + da + ha,GA2×A+DA+HA,EDAKUA | GA2×A+DA+HA | edakua | GA2×AxDAxHA
U+120B9,𒂹,ga₂ × a + ha,GA2×A+HA,EDAKUAX(|GA2×A+HA|) | GA2×A+HA | edakuax(|GA2×A+HA|) | EDAKUAX(|GA2×AxHA|) | GA2×AxHA | edakuax(|GA2×AxHA|)
U+120BA,𒂺,ga₂ × a + igi,GA2×A+IGI,ALIMX(|GA2×A+IGI|) | GA2×A+IGI | PI7 | PIRU | alimx(|GA2×A+IGI|) | pi7 | piru | ALIMX(|GA2×AxIGI|) | GA2×AxIGI | alimx(|GA2×AxIGI|)
U+120BB,𒂻,ga₂ × ab₂ tenu + tab,GA2×AB2@t+TAB,GA2×AB2@T+TAB | GA2×AB2@t+TAB | GAKIŞŞU | gakişşu | GA2×AB2@TxTAB | GA2×AB2@txTAB
U+120BC,𒂼,ga₂ × an,GA2×AN,/DAMAL/ | /damal/ | AMA | AME | AMI | AMMAX(|GA2×AN|) | ARHUŠ4 | DAGAL | DAGALA | DAMAL | DAĜAL | EME4 | GA2×AN | HEGAL | IMI2 | MAX(|GA2×AN|) | ama | ame | ami | ammax(|GA2×AN|) | arhuš4 | dagal | dagala | damal | daĝal | eme4 | hegal | imi2 | max(|GA2×AN|) | ŠAGANX(|GA2×AN|) | ŠAKKAN7 | šaganx(|GA2×AN|) | šakkan7
U+120BD,𒂽,ga₂ × ash,GA2×AŠ,GA2×AŠ | IKU2 | iku2 | ĜAIKU | ĝaiku
U+120BE,𒂾,ga₂ × ash₂ + gal,GA2×AŠ2+GAL,GA2×AŠ2+GAL | GAZIGAL | gazigal | GA2×AŠ2xGAL
U+120BF,𒂿,ga₂ × bad,GA2×BAD,ETUTUMX(|GA2×BAD|) | EŢUTU | GA2×BAD | SABAD2 | SAD3 | TILHAR | etutumx(|GA2×BAD|) | eţutu | sabad2 | sad3 | tilhar
U+120C0,𒃀,ga₂ × bar + ra,GA2×BAR+RA,EBURRA | GA2×BAR+RA | GABURRA | eburra | gaburra | GA2×BARxRA
U+120C1,𒃁,ga₂ × bur,GA2×BUR,GA2×BUR | ĜABURRAX(|GA2×BUR|) | ĝaburrax(|GA2×BUR|)
U+120C2,𒃂,ga₂ × bur + ra,GA2×BUR+RA,GA2×BUR+RA | GABURRA | gaburra | ĜABURRA | ĝaburra | GA2×BURxRA
U+120C3,𒃃,ga₂ × da,GA2×DA,DAN7 | GA2×DA | TAN7 | dan7 | tan7
U+120C4,𒃄,ga₂ × di,GA2×DI,EDI | GA2×DI | edi
U+120C5,𒃅,ga₂ × dim × she,GA2×DIM×ŠE,GA2×DIM×ŠE | MUNU3 | munu3
U+120C6,𒃆,ga₂ × dub,GA2×DUB,EMEDUB | GA2×DUB | GADUB | emedub | gadub
U+120C7,𒃇,ga₂ × el,GA2×EL,GA2×EL | ĜASIKILLAX(|GA2×EL|) | ĝasikillax(|GA2×EL|)
U+120C8,𒃈,ga₂ × el + la,GA2×EL+LA,E'ELLA | ESIKILLA | GA2×EL+LA | GASIKILLA | e'ella | esikilla | gasikilla | ĜASIKILLA | ĝasikilla | GA2×ELxLA
U+120C9,𒃉,ga₂ × en,GA2×EN,GA2×EN | MENX(|GA2×EN|) | menx(|GA2×EN|)
U+120CA,𒃊,ga₂ × en × gan₂ tenu,GA2×EN×GAN2@t,ESIBIR | GA2×EN×GAN2@T | GA2×EN×GAN2@t | GASIBIR | esibir | gasibir | ĜASIBIR | ĝasibir
U+120CB,𒃋,ga₂ × gan₂ tenu,GA2×GAN2@t,DAN4 | GA2×GAN2@T | GA2×GAN2@t | TAN4 | dan4 | tan4
U+120CC,𒃌,ga₂ × gar,GA2×GAR,EGARA | EĜARA | GA2×GAR | GALGA | IŠHARA | IŠHURU | MALGA | egara | eĝara | galga | išhara | išhuru | malga | ĜALGA | ĝalga
U+120CD,𒃍,ga₂ × gi,GA2×GI,BISAGX(|GA2×GI|) | BISANX(|GA2×GI|) | GA2×GI | GAGI2 | GAGIA2 | GURDUB | PISAGX(|GA2×GI|) | PISANX(|GA2×GI|) | bisagx(|GA2×GI|) | bisanx(|GA2×GI|) | gagi2 | gagia2 | gurdub | pisagx(|GA2×GI|) | pisanx(|GA2×GI|)
U+120CE,𒃎,ga₂ × gi₄,GA2×GI4,EGIA | GA2×GI4 | GAGI | GAGIA | GURDUB2 | PISAGX(|GA2×GI4|) | PISANX(|GA2×GI4|) | egia | gagi | gagia | gurdub2 | pisagx(|GA2×GI4|) | pisanx(|GA2×GI4|) | ĜAGIA | ĝagia
U+120CF,𒃏,ga₂ × gi₄ + a,GA2×GI4+A,GA2×GI4+A | ĜAGIAX(|GA2×GI4+A|) | ĝagiax(|GA2×GI4+A|) | GA2×GI4xA | ĜAGIAX(|GA2×GI4xA|) | ĝagiax(|GA2×GI4xA|)
U+120D0,𒃐,ga₂ × gir₂ + su,GA2×GIR2+SU,EGIRSU | GA2×GIR2+SU | GAGIRSU | egirsu | gagirsu | ĜAĜIRSU | ĝaĝirsu | GA2×GIR2xSU
U+120D1,𒃑,ga₂ × ha + lu + esh₂,GA2×HA+LU+EŠ2,GA2×HA+LU+EŠ2 | HALUBBA | halubba | GA2×HAxLUxEŠ2
U+120D2,𒃒,ga₂ × hal,GA2×HAL,GA2×HAL | ĜAHALLAX(|GA2×HAL|) | ĝahallax(|GA2×HAL|)
U+120D3,𒃓,ga₂ × hal + la,GA2×HAL+LA,EHALLA | GA2×HAL+LA | GAHALLA | ehalla | gahalla | ĜAHALLA | ĝahalla | GA2×HALxLA
U+120D4,𒃔,ga₂ × hi + li,GA2×HI+LI,EHILI | GA2×HI+LI | GAHILI | ehili | gahili | ĜAHILI | ĝahili | GA2×HIxLI
U+120D5,𒃕,ga₂ × hub₂,GA2×HUB2,GA2×HUB2 | GARAŠ | garaš
U+120D6,𒃖,ga₂ × igi gunu,GA2×IGI@g,BARA10 | GA2×IGI@G | GA2×IGI@g | GAGA | GALGAX(|GA2×IGI@G|) | SABAD3 | SAD4 | bara10 | gaga | galgax(|GA2×IGI@g|) | sabad3 | sad4
U+120D7,𒃗,ga₂ × ish + hu + ash,|GA₂×(IŠ.HU.AŠ)|,išhuru₅ | išhurum₅
U+120D8,𒃘,ga₂ × kak,GA2×KAK,AM4 | AMA4 | GA2×KAK | am4 | ama4
U+120D9,𒃙,ga₂ × kaskal,GA2×KASKAL,GA2×KASKAL | ME7 | me7
U+120DA,𒃚,ga₂ × kid,GA2×KID,GA2×KID | ĜALILLAX(|GA2×KID|) | ĝalillax(|GA2×KID|)
U+120DB,𒃛,ga₂ × kid + lal,GA2×KID+LAL,ELILLA | GA2×KID+LAL | GALILLA | elilla | galilla | ĜALILLA | ĝalilla | GA2×KIDxLAL
U+120DC,𒃜,ga₂ × ku₃ + an,GA2×KU3+AN,EAZAG | GA'AZAG | GA2×KU3+AN | GAZAG | eazag | ga'azag | gazag | ĜASAG | ĝasag | GA2×KU3xAN
U+120DD,𒃝,ga₂ × la,GA2×LA,DAĜALX(|GA2×LA|) | GA2×LA | daĝalx(|GA2×LA|)
U+120DE,𒃞,ga₂ × me + en,GA2×ME+EN,DAN2 | ERA3 | ERI15 | GA2×ME+EN | MEN | MENAX(|GA2×ME+EN|) | MI4 | MIN7 | TAN2 | dan2 | era3 | eri15 | men | menax(|GA2×ME+EN|) | mi4 | min7 | tan2 | GA2×MExEN | MENAX(|GA2×MExEN|) | menax(|GA2×MExEN|)
U+120DF,𒃟,ga₂ × mi,GA2×MI,GA2×MI | GAGIG | IDI | ITIM | ITIMA | UTIMA | gagig | idi | itim | itima | utima
U+120E0,𒃠,ga₂ × nun,GA2×NUN,GA2×NUN | GANUN | UŠUŠ | ganun | ušuš | ĜANUN | ĝanun
U+120E1,𒃡,ga₂ × nun / nun,|GA₂×(NUN&NUN)|,gušur? | ŋušur | ur₃ | ura₃ | uru₁₂
U+120E2,𒃢,ga₂ × pa,GA2×PA,ERA4 | ERI16 | GA2×PA | GAZAX(|GA2×PA|) | GAZI | IŠHARA4 | IŠHUR4 | IŠHURU4 | SILA4 | SILAKU | era4 | eri16 | gazax(|GA2×PA|) | gazi | išhara4 | išhur4 | išhuru4 | sila4 | silaku
U+120E3,𒃣,ga₂ × sal,GA2×SAL,AM5 | AMA5 | AME2 | AMI2 | ARHUŠ | EME8 | GA2×SAL | UR14 | UŠ3 | am5 | ama5 | ame2 | ami2 | arhuš | eme8 | ur14 | uš3
U+120E4,𒃤,ga₂ × sar,GA2×SAR,GA2×SAR | GAZI3 | gazi3
U+120E5,𒃥,ga₂ × she,GA2×ŠE,ARAH3 | ASAGX(|GA2×ŠE|) | ESAG2 | ESAĜ2 | GA2×ŠE | USI | arah3 | asagx(|GA2×ŠE|) | esag2 | esaĝ2 | usi
U+120E6,𒃦,ga₂ × she + tur,GA2×ŠE+TUR,ESAGTUR | ESAĜTUR | GA2×ŠE+TUR | esagtur | esaĝtur | GA2×ŠExTUR
U+120E7,𒃧,ga₂ × shid,GA2×ŠID,EMEDUB2 | GA2×ŠID | emedub2
U+120E8,𒃨,ga₂ × sum,GA2×SUM,GA2×SUM | GAZI2 | gazi2
U+120E9,𒃩,ga₂ × tak₄,GA2×TAK4,DAN3 | GA2×TAK4 | TAN3 | dan3 | tan3
U+120EA,𒃪,ga₂ × u,GA2×U,DAGX(|GA2×U|) | GA2×U | SABAD | SAD2 | ULA2 | dagx(|GA2×U|) | sabad | sad2 | ula2
U+120EB,𒃫,ga₂ × ud,GA2×UD,ERIM4 | ERIN4 | ETAM | GA2×UD | KARAM | erim4 | erin4 | etam | karam
U+120EC,𒃬,ga₂ × ud + du,GA2×UD+DU,...E | ...e | GA2×UD+DU | GA2×UDxDU
U+120ED,𒃭,ga₂ / ga₂,|GA₂&GA₂|,lirumₓ
U+120EE,𒃮,gaba,GABA,DU8 | DUDDA | DUH | GA15 | GAB | GABA | GAP | IRTU | PITRU | QAB | QAP | TAH2 | TU24 | TUH | TUHU | du8 | dudda | duh | ga15 | gab | gaba | gap | irtu | pitru | qab | qap | tah2 | tu24 | tuh | tuhu | ŢAH2 | ŢU5 | ŢUH | ţah2 | ţu5 | ţuh
U+120EF,𒃯,gaba crossing gaba,|GABA%GABA|,
U+120F0,𒃰,gad,GAD,GAD | GADA | GADU | GAT | GID4 | GIDA4 | KAD | KAT | KID9 | KIT9 | KUT2 | QAD3 | QAT3 | QID4 | gad | gada | gadu | gat | gid4 | gida4 | kad | kat | kid9 | kit9 | kut2 | qad3 | qat3 | qid4
U+120F1,𒃱,gad / gad gar / gar,|GAD&GAD.GAR&GAR|,kinda
U+120F2,𒃲,gal,GAL,GAL | GALA8 | GALE | KAL2 | QAL | RAB2 | RAP2 | gal | gala8 | gale | kal2 | qal | rab2 | rap2
U+120F3,𒃳,gal gad / gad gar / gar,|GAL.GAD&GAD.GAR&GAR|,kindagal | kindaŋal
U+120F4,𒃴,galam,GALAM,GALAM | GAX(GALAM) | GUD5 | SUKUD | SUKUX(GALAM) | UBI | galam | gax(GALAM) | gud5 | sukud | sukux(GALAM) | ubi
U+120F5,𒃵,gam,GAM,AR5 | GAM | GAN7 | GIRUM | GUM4 | GUR2 | GURU2 | GURUM | QAM | QUR3 | ar5 | gam | gan7 | girum | gum4 | gur2 | guru2 | gurum | qam | qur3
U+120F6,𒃶,gan,GAN,GAM4 | GAN | GANA | HE2 | HI2 | KAN | KANA | LI6 | QAN | SAG7 | SEG16 | SIG16 | gam4 | gan | gana | he2 | hi2 | kan | kana | li6 | qan | sag7 | seg16 | sig16
U+120F7,𒃷,gan₂,GAN2,AL3 | ALALX(GAN2) | AŠA5 | AŠAG | BURUX(GAN2) | EQLU | GA3 | GAN2 | GANA2 | GIRRIX(GAN2) | IKU | IŠHURU3 | IŠHURUM3 | KALAX(GAN2) | KAN2 | KANA2 | KARX(GAN2) | UL8 | ULULX(GAN2) | al3 | alalx(GAN2) | aša5 | ašag | burux(GAN2) | eqlu | ga3 | gan2 | gana2 | girrix(GAN2) | iku | išhuru3 | išhurum3 | kalax(GAN2) | kan2 | kana2 | karx(GAN2) | ul8 | ululx(GAN2) | ĜA3 | ĝa3
U+120F8,𒃸,gan₂ tenu,GAN2@t,GAN2@T | GAN2@t | GAR19 | GARAK | GUR6 | GURU6 | ILX(GAN2@T) | KAR2 | KARA2 | KIRI2 | gar19 | garak | gur6 | guru6 | ilx(GAN2@t) | kar2 | kara2 | kiri2
U+120F9,𒃹,gan₂ / gan₂,|GAN₂&GAN₂|,lirumₓ
U+120FA,𒃺,gan₂ crossing gan₂,|GAN₂%GAN₂|,alal₄? | girriₓ | ulul₂
U+120FB,𒃻,gar,GAR,GA4 | GAR | GARA | GARAK5 | INDA3 | INTA3 | KAR5 | KUX(GAR) | MAR3 | MENARI | MU8 | NI3 | NIG2 | NIGIX(GAR) | NIK2 | NIM5 | NIN6 | NINDA | NINDAN | NINNI3 | NIQ2 | NIQIX(GAR) | NITA4 | NIĜ2 | QAR3 | QARA3 | SA15 | ga4 | gar | gara | garak5 | inda3 | inta3 | kar5 | kux(GAR) | mar3 | menari | mu8 | ni3 | nig2 | nigix(GAR) | nik2 | nim5 | nin6 | ninda | nindan | ninni3 | niq2 | niqix(GAR) | nita4 | niĝ2 | qar3 | qara3 | sa15 | ĜAR | ĝar | ŠA2 | ŠIKIN | ŠU7 | ša2 | šikin | šu7
U+120FC,𒃼,gar₃,GAR3,GAR3 | GARA3 | KAR3 | QAR | QER5 | gar3 | gara3 | kar3 | qar | qer5 | ĜAR3 | ĝar3
U+120FD,𒃽,gashan,GAŠAN,GAŠAN | UGUN2 | UGUNU2 | gašan | ugun2 | ugunu2
U+120FE,𒃾,geshtin,GEŠTIN,/MUTIN/ | /mutin/ | GEŠTIN | GEŠTINA | geštin | geština | ĜEŠTIN | ĜEŠTINA | ĝeštin | ĝeština
U+120FF,𒃿,geshtin × kur,GEŠTIN×KUR,ADAR3 | GEŠTIN×KUR | ILDAG4 | adar3 | ildag4
U+12100,𒄀,gi,GI,EŠŠA3 | GE | GEN6 | GI | GIN6 | GITAG | KE2 | KI2 | QAN2 | QE3 | QI3 | SEG17 | SI22 | SIG17 | SISSIX(GI) | TAR5 | TARU5 | ešša3 | ge | gen6 | gi | gin6 | gitag | ke2 | ki2 | qan2 | qe3 | qi3 | seg17 | si22 | sig17 | sissix(GI) | tar5 | taru5
U+12101,𒄁,gi × e,GI×E,GI×E
U+12102,𒄂,gi × u,GI×U,GI×U
U+12103,𒄃,gi crossing gi,|GI%GI|,esir₄ | ge₁₆ | gel | geleŋ | gi₁₆ | gib | gig₃? | gil | gili | gilibₓ | gilim | gillim | kil₂ | kilim₂ | qil₂ | qili₂? | unu₁₀
U+12104,𒄄,gi₄,GI4,GA8 | GAGRI | GE4 | GI4 | KI8 | QE4 | QI4 | ga8 | gagri | ge4 | gi4 | ki8 | qe4 | qi4
U+12105,𒄅,gi₄ / gi₄,|GI₄&GI₄|,kilₓ
U+12106,𒄆,gi₄ crossing gi₄,|GI₄%GI₄|,esir₅ | gigi
U+12107,𒄇,gidim,GIDIM,GEDIM | GIDIM | KITIM | gedim | gidim | kitim
U+12108,𒄈,gir₂,GIR2,GARX(GIR2) | GIR2 | GIRI2 | IRX(GIR2) | MER3 | MERI3 | MIRIX(GIR2) | PATRU | UKUR | garx(GIR2) | gir2 | giri2 | irx(GIR2) | mer3 | meri3 | mirix(GIR2) | patru | ukur | ĜIR2 | ĜIRI2 | ĝir2 | ĝiri2
U+12109,𒄉,gir₂ gunu,GIR2@g,AD2 | ADDA4 | ADDU3 | AT2 | AŢ2 | GIR2@G | GIR2@g | KIŠA2 | KIŠEG2 | KIŠI17 | KIŠIG2 | KIŠIK2 | TAB2 | UL4 | ad2 | adda4 | addu3 | at2 | aţ2 | kiša2 | kišeg2 | kiši17 | kišig2 | kišik2 | tab2 | ul4
U+1210A,𒄊,gir₃,GIR3,ANŠE2 | ANŠU2 | ER9 | GER3 | GIR3 | GIRI3 | GIRU3 | HUŠ2 | IMERIX(GIR3) | IR9 | KIR10 | KIRI5 | MERX(GIR3) | MIRIX(GIR3) | QIR7 | SAKKAN | SUMUGAN | SUMUGGA | SUMUKAN | SUMUQAN | WIR | anše2 | anšu2 | er9 | ger3 | gir3 | giri3 | giru3 | huš2 | imerix(GIR3) | ir9 | kir10 | kiri5 | merx(GIR3) | mirix(GIR3) | qir7 | sakkan | sumugan | sumugga | sumukan | sumuqan | wir | ĜIR3 | ĜIRI3 | ĝir3 | ĝiri3 | ŠAKAN2 | ŠAKKAN2 | šakan2 | šakkan2
U+1210B,𒄋,gir₃ × a + igi,GIR3×A+IGI,ALIM | ALIMA | GIR3×A+IGI | alim | alima | GIR3×AxIGI
U+1210C,𒄌,gir₃ × gan₂ tenu,GIR3×GAN2@t,GIR16 | GIR3×GAN2@T | GIR3×GAN2@t | GIRI16 | GIRID2 | IRX(|GIR3×GAN2@T|) | gir16 | giri16 | girid2 | irx(|GIR3×GAN2@t|) | ĜIRI16 | ĝiri16
U+1210D,𒄍,gir₃ × igi,GIR3×IGI,ALIMX(|GIR3×IGI|) | GIR3×IGI | alimx(|GIR3×IGI|)
U+1210E,𒄎,gir₃ × lu + igi,GIR3×LU+IGI,GIR3×LU+IGI | LULIM | LULIMA | lulim | lulima | GIR3×LUxIGI
U+1210F,𒄏,gir₃ × pa,GIR3×PA,ANŠI | GIR3×PA | anši
U+12110,𒄐,gisal,GISAL,GISAL
U+12111,𒄑,gish,GIŠ,ES | EZ | EŞ | EŠ19 | GEZ | GEŠ | GIS | GIZ | GIŞ | GIŠ | GIŠA | IS | IZ | IŞ | IŞU | IŠ6 | KIS2 | MIŠ3 | MU9 | NIŠ2 | es | ez | eş | eš19 | gez | geš | gis | giz | giş | giš | giša | is | iz | iş | işu | iš6 | kis2 | miš3 | mu9 | niš2 | ĜEŠ | ĜIZZALX(GIŠ) | ĜIŠ | ĝeš | ĝizzalx(GIŠ) | ĝiš
U+12112,𒄒,gish crossing gish,|GIŠ%GIŠ|,adamen₃ | adamin₃ | alal₃ | an₂? | dara₅ | dari₅ | daru₅ | dur₄ | duru₄ | durum₄ | gib₂ | gip₂ | girriₓ | hul₃ | kib | kip | liri₃ | liru₃ | lirum₃ | qeb | qep | qib | qip | rašₓ | šallur | šennur | tur₄ | ṭur₄ | ul₃ | ullu | ulul
U+12113,𒄓,gish × bad,GIŠ×BAD,GEŠHAR | GIŠHAR | GIŠ×BAD | ZIZ4 | gešhar | gišhar | ziz4
U+12114,𒄔,gish × tak₄,GIŠ×TAK4,EZINUX(|GIŠ×TAK4|) | GIŠ×TAK4 | QIŠATX(|GIŠ×TAK4|) | TERX(|GIŠ×TAK4|) | TIRX(|GIŠ×TAK4|) | ezinux(|GIŠ×TAK4|) | qišatx(|GIŠ×TAK4|) | terx(|GIŠ×TAK4|) | tirx(|GIŠ×TAK4|) | ŠABUX(|GIŠ×TAK4|) | ŠEX(|GIŠ×TAK4|) | šabux(|GIŠ×TAK4|) | šex(|GIŠ×TAK4|)
U+12115,𒄕,gish tenu,GIŠ@t,GIŠ@T | GIŠ@t | GUR17 | GURU17 | KANA7 | gur17 | guru17 | kana7
U+12116,𒄖,gu,GU,GU | GUMX(GU) | KU8 | QU3 | gu | gumx(GU) | ku8 | qu3
U+12117,𒄗,gu crossing gu,|GU%GU|,saₓ | sah₄ | sih₅ | suh₃ | zaₓ | zih
U+12118,𒄘,gu₂,GU2,GU2 | GUN2 | KIŠĀDU | LIL6 | QU6 | TIK | TIQ | USANX(GU2) | gu2 | gun2 | kišādu | lil6 | qu6 | tik | tiq | usanx(GU2)
U+12119,𒄙,gu₂ × kak,GU2×KAK,DUR | GU2×KAK | TUR2 | USANX(|GU2×KAK|) | dur | tur2 | usanx(|GU2×KAK|) | ŢUR | ţur
U+1211A,𒄚,gu₂ × kak × igi gunu,GU2×KAK×IGI@g,GU2×KAK×IGI@G | GU2×KAK×IGI@g | UGURX(|GU2×KAK×IGI@G|) | ugurx(|GU2×KAK×IGI@g|)
U+1211B,𒄛,gu₂ × nun,GU2×NUN,GU2×NUN | MUNSUB3 | MUSUB3 | SUB3 | USAN | USIAN | UŠEN | munsub3 | musub3 | sub3 | usan | usian | ušen
U+1211C,𒄜,gu₂ × sal + tug₂,GU2×SAL+TUG2,GU2×SAL+TUG2 | GUERIŠI | gueriši | GU2×SALxTUG2
U+1211D,𒄝,gu₂ gunu,GU2@g,GU2@G | GU2@g | MUDX(GU2@G) | MUNSUB4 | MUSUB4 | USAN2 | USAX(GU2@G) | mudx(GU2@g) | munsub4 | musub4 | usan2 | usax(GU2@g)
U+1211E,𒄞,gud,GUD,ALAP | ALPU | BAHAR | DAPAR | DAPARA | DIPAR | EŠTUB | GADMA | GAR4 | GARA4 | GIDIM7 | GU4 | GUD | GUDMA | GUDU | GUGARID | GURX(GUD) | HAR2 | HARA2 | KAMUŠ | KU15 | KUŠDIM | KUŠGIM | KUŠUM3 | LAGABX(GUD) | QADMA | QUDMAX(GUD) | RUŠBAN | RUŠPAN | ZEB3 | ZIB3 | alap | alpu | bahar | dapar | dapara | dipar | eštub | gadma | gar4 | gara4 | gidim7 | gu4 | gud | gudma | gudu | gugarid | gurx(GUD) | har2 | hara2 | kamuš | ku15 | kušdim | kušgim | kušum3 | lagabx(GUD) | qadma | qudmax(GUD) | rušban | rušpan | zeb3 | zib3 | ŠUŠGIM | šušgim
U+1211F,𒄟,gud × a + kur,GUD×A+KUR,GUD×A+KUR | ILDAG2 | ildag2 | GUD×AxKUR
U+12120,𒄠,gud × kur,GUD×KUR,ADAR2 | AM | AMA2 | GUD×KUR | ILDAG3 | adar2 | am | ama2 | ildag3
U+12121,𒄡,gud / gud lugal,|GUD&GUD.LUGAL|,bišeba₃? | bišebi₃? | kaššeba₃? | kaššebi₃?
U+12122,𒄢,gul,GUL,GUL | GULU | ISI2 | ISIM2 | ISIMU2 | KUL2 | QUL2 | SI23 | SUMUN2 | SUMUNA2 | SUMUNU2 | SUN2 | SUNA2 | gul | gulu | isi2 | isim2 | isimu2 | kul2 | qul2 | si23 | sumun2 | sumuna2 | sumunu2 | sun2 | suna2 | ŠUN3 | šun3
U+12123,𒄣,gum,GUM,GAS2 | GAZ2 | GU8 | GUM | KAS6 | KU13 | KUM | KUN3 | NAGA4 | NAĜA4 | QU | QUM | gas2 | gaz2 | gu8 | gum | kas6 | ku13 | kum | kun3 | naga4 | naĝa4 | qu | qum | ŠA9 | ŠAQU3 | ša9 | šaqu3
U+12124,𒄤,gum × she,GUM×ŠE,GAS | GAZ | GAZA | GAŞ | GUM×ŠE | KAS3 | KAZ | KAŞ3 | KAŠ6 | KUMX(|GUM×ŠE|) | NAGA3 | NAĜA3 | gas | gaz | gaza | gaş | kas3 | kaz | kaş3 | kaš6 | kumx(|GUM×ŠE|) | naga3 | naĝa3
U+12125,𒄥,gur,GUR,GUR | GURA | GURU | KUR3 | QUR | TARI | TARU | gur | gura | guru | kur3 | qur | tari | taru
U+12126,𒄦,gur₇,GUR7,GUR7 | GURU7 | KARA6 | KURU13 | gur7 | guru7 | kara6 | kuru13
U+12127,𒄧,gurun,GURUN,BUR7 | BURU7 | GURIN | GURU20 | GURUMX(GURUN) | GURUN | KURRUNX(GURUN) | KURUN6 | bur7 | buru7 | gurin | guru20 | gurumx(GURUN) | gurun | kurrunx(GURUN) | kurun6
U+12128,𒄨,gurush,GURUŠ,GIREŠ2 | GIRIŠ2 | GURUŠ | MURUŠX(GURUŠ) | gireš2 | giriš2 | guruš | murušx(GURUŠ) | ĜEREŠ2 | ĜURUŠ | ĝereš2 | ĝuruš
U+12129,𒄩,ha,HA,'A4 | 'a4 | A7 | AYAX(HA) | GIR14 | HA | KIR9 | KU6 | KUA | PEŠ11 | a7 | ayax(HA) | gir14 | ha | kir9 | ku6 | kua | peš11
U+1212A,𒄪,ha tenu,HA@t,HA@T | HA@t | ZUBUD | ZUGUD | zubud | zugud
U+1212B,𒄫,ha gunu,HA@g,BIS2 | BIŠ | BUŠ2 | GIR | GIRI | HA6 | HA@G | HA@g | KAR4 | KIR | KIRI | PEŠ | PIS | PIŠ | PIŠA | PUS | PUŠ3 | QIR | QIRI | bis2 | biš | buš2 | gir | giri | ha6 | kar4 | kir | kiri | peš | pis | piš | piša | pus | puš3 | qir | qiri | ĜIR | ĜIRI | ĝir | ĝiri | ŠEGX(HA@G) | šegx(HA@g)
U+1212C,𒄬,hal,HAL,BULUH | BUR8 | BURU8 | BURUH | HAL | HALA | buluh | bur8 | buru8 | buruh | hal | hala
U+1212D,𒄭,hi,HI,'I3 | 'i3 | DA10 | DAB3 | DE8 | DI2 | DU10 | DUB3 | DUG3 | DUGU | HA4 | HE | HI | I11 | KUGU | MUX(HI) | TA8 | TE2 | TI2 | da10 | dab3 | de8 | di2 | du10 | dub3 | dug3 | dugu | ha4 | he | hi | i11 | kugu | mux(HI) | ta8 | te2 | ti2 | ŢA3 | ŢAB6 | ŢE2 | ŢI2 | ţa3 | ţab6 | ţe2 | ţi2
U+1212E,𒄮,hi × ash,HI×AŠ,HI×AŠ | KAZ8 | KAZAZA | MUL3 | MUŠ4 | SUR3 | UŠ17 | UŠŠA | ZINANUTU | ZIZ3 | kaz8 | kazaza | mul3 | muš4 | sur3 | uš17 | ušša | zinanutu | ziz3
U+1212F,𒄯,hi × ash₂,HI×AŠ2,AR3 | ARA3 | ENDIBDIM | GA11 | GADIBDIM | GIN8 | GU13 | GUDIBDIM | GUNUX(|HI×AŠ2|) | GUR14 | HAR | HARA | HIR2 | HI×AŠ2 | HU4 | HUR | HURU | IR5 | KIKKEN | KIKKIN | KIN2 | KINKIN | MAR6 | MUR | MURU | MURUM | SAGBAR | SAGGAR2 | SAĜĜAR2 | SURX(|HI×AŠ2|) | UNUX(|HI×AŠ2|) | UR5 | URA5 | URUX(|HI×AŠ2|) | ar3 | ara3 | endibdim | ga11 | gadibdim | gin8 | gu13 | gudibdim | gunux(|HI×AŠ2|) | gur14 | har | hara | hir2 | hu4 | hur | huru | ir5 | kikken | kikkin | kin2 | kinkin | mar6 | mur | muru | murum | sagbar | saggar2 | saĝĝar2 | surx(|HI×AŠ2|) | unux(|HI×AŠ2|) | ur5 | ura5 | urux(|HI×AŠ2|)
U+12130,𒄰,hi × bad,HI×BAD,DU15 | ERIŠ6 | GAM2 | GAMA2 | HI×BAD | HUD3 | KA13 | KAM | KAMA | QAM2 | TU7 | UDUL2 | UTUL2 | du15 | eriš6 | gam2 | gama2 | hud3 | ka13 | kam | kama | qam2 | tu7 | udul2 | utul2
U+12131,𒄱,hi × dish,|HI×DIŠ|,as₆ | aš₈ | šardiš? | šargalₓ | šarŋeš | 1(šargal~a) | 6(šaru)~a | umma₂? | utulₓ
U+12132,𒄲,hi × gad,HI×GAD,HI×GAD | SARGAD | sargad | ŠARGAD | ŠARGADU | šargad | šargadu
U+12133,𒄳,hi × kin,HI×KIN,GUKIN2 | HI×KIN | gukin2
U+12134,𒄴,hi × nun,HI×NUN,A'2 | AH | AHA | BI9 | DUGA3 | E'2 | EH | GIRIŠX(|HI×NUN|) | GUDUX(|HI×NUN|) | HI×NUN | I'2 | IH | NU13 | NUMUN3 | U'2 | U13 | UH | UHU | UMAN | UMUN3 | a'2 | ah | aha | bi9 | duga3 | e'2 | eh | girišx(|HI×NUN|) | gudux(|HI×NUN|) | i'2 | ih | nu13 | numun3 | u'2 | u13 | uh | uhu | uman | umun3
U+12135,𒄵,hi × she,HI×ŠE,BIR | BIRI | DUBUR | ELLAG2 | ELLAMX(|HI×ŠE|) | ELLAĜ2 | GEREŠ | GIREŠ | GIRIŠ | HI×ŠE | KALAM2 | PIR3 | URX(|HI×ŠE|) | ZANZANA | bir | biri | dubur | ellag2 | ellamx(|HI×ŠE|) | ellaĝ2 | gereš | gireš | giriš | kalam2 | pir3 | urx(|HI×ŠE|) | zanzana
U+12136,𒄶,hi × u,HI×U,DUBUR2 | HI×U | dubur2 | ŠARU | šaru
U+12137,𒄷,hu,HU,'U5 | 'u5 | BAG | BAH | BAK | BAQ | BURUX(HU) | DALX(HU) | HU | MUŠ8 | MUŠEN | MUŠENA | PA7 | PAG | PAH3 | PAK | PAQ | PUQ2 | TALX(HU) | U11 | USAN5 | bag | bah | bak | baq | burux(HU) | dalx(HU) | hu | muš8 | mušen | mušena | pa7 | pag | pah3 | pak | paq | puq2 | talx(HU) | u11 | usan5
U+12138,𒄸,hub₂,HUB2,DUX(HUB2) | HUB2 | HUP2 | KUP3 | TU11 | TUKX(HUB2) | TUMX(HUB2) | dux(HUB2) | hub2 | hup2 | kup3 | tu11 | tukx(HUB2) | tumx(HUB2)
U+12139,𒄹,hub₂ × an,HUB2×AN,HUB2×AN
U+1213A,𒄺,hub₂ × hal,HUB2×HAL,HUB2×HAL
U+1213B,𒄻,hub₂ × kaskal,HUB2×KASKAL,HUB2×KASKAL
U+1213C,𒄼,hub₂ × lish,|HUB₂×LIŠ|,
U+1213D,𒄽,hub₂ × ud,HUB2×UD,HUB | HUB2×UD | HUP | QUP2 | TU10 | TUMX(|HUB2×UD|) | hub | hup | qup2 | tu10 | tumx(|HUB2×UD|)
U+1213E,𒄾,hul₂,HUL2,BIBRA | BIBRI | GUGGAL | GUKKAL | HUL2 | HULA2 | KUNGAL | KUŠ8 | UKUŠ2 | bibra | bibri | guggal | gukkal | hul2 | hula2 | kungal | kuš8 | ukuš2
U+1213F,𒄿,i,I,I | NAT2 | i | nat2
U+12140,𒅀,i a,I.A,I.A | IA | IE | II | IU | YI2 | ia | ie | ii | iu | yi2
U+12141,𒅁,ib,IB,ARKABX(IB) | DAR2 | DARA2 | DARI2 | DARU2 | DARUM2 | DIRI2 | EB | EP | IB | IBBI | IP | URAŠ | URTA | arkabx(IB) | dar2 | dara2 | dari2 | daru2 | darum2 | diri2 | eb | ep | ib | ibbi | ip | uraš | urta
U+12142,𒅂,idim,IDIM,ARI2 | BANDA4 | DEHI4 | EŠE3 | HANIŠ | IDIM | IRI8 | KIR5 | MID | PAX(IDIM) | RAPIQU2 | SULLAT | URI4 | URUMX(IDIM) | ari2 | banda4 | dehi4 | eše3 | haniš | idim | iri8 | kir5 | mid | pax(IDIM) | rapiqu2 | sullat | uri4 | urumx(IDIM) | ŠULLAT | šullat
U+12143,𒅃,idim / idim bur,|IDIM&IDIM.BUR|,bansur₂ | banšur₂ | burₓ | buru₉ | gurinₓ | gurunₓ | kiši₁₁ | kurunₓ
U+12144,𒅄,idim / idim squared,|4×(IDIM&IDIM)|,burₓ | buruₓ | gurinₓ | gurunₓ | kurunₓ
U+12145,𒅅,ig,IG,/MAL/ | /mal/ | DA11 | EG | EK | EQ | EĜ | GA7 | GAGAL | GAL2 | GALA7 | IG | IGA | IK | IQ | KAGAR | MAL3 | da11 | eg | ek | eq | eĝ | ga7 | gagal | gal2 | gala7 | ig | iga | ik | iq | kagar | mal3 | ĜAL2 | ĝal2
U+12146,𒅆,igi,IGI,BAD5 | BADI | BAT5 | DAMU2 | GE8 | GI8 | IGAX(IGI) | IGI | IGU | INA2 | INI2 | INU2 | LAM5 | LE3 | LEM | LI3 | LIB4 | LIM | LIMA | LIMI | LUM2 | PA10 | PAD4 | PAN3 | RAX(IGI) | SI17 | bad5 | badi | bat5 | damu2 | ge8 | gi8 | igax(IGI) | igi | igu | ina2 | ini2 | inu2 | lam5 | le3 | lem | li3 | lib4 | lim | lima | limi | lum2 | pa10 | pad4 | pan3 | rax(IGI) | si17 | ŠE20 | ŠI | še20 | ši
U+12147,𒅇,igi dib,|IGI.DIB|,ša₁₇ | u₃
U+12148,𒅈,igi ri,|IGI.RI|,ar | ara₈
U+12149,𒅉,igi / igi shir / shir ud / ud,|IGI&IGI.ŠIR&ŠIR.UD&UD|,dimsar
U+1214A,𒅊,igi gunu,IGI@g,AGAR4 | IGI2 | IGI@G | IGI@g | IGIGUNUX(IGI@G) | IMMA3 | NAB4 | NAM4 | SA7 | SAG12 | SAMAG6 | SE12 | SEG7 | SI12 | SIG7 | UGUR2 | UKUR5 | ZIX(IGI@G) | agar4 | igi2 | igigunux(IGI@g) | imma3 | nab4 | nam4 | sa7 | sag12 | samag6 | se12 | seg7 | si12 | sig7 | ugur2 | ukur5 | zix(IGI@g) | ŠAMAGX(IGI@G) | ŠEX(IGI@G) | ŠI7 | šamagx(IGI@g) | šex(IGI@g) | ši7
U+1214B,𒅋,il,IL,EL2 | IL | el2 | il
U+1214C,𒅌,il × gan₂ tenu,IL×GAN2@t,EL4 | IL8 | IL×GAN2@T | IL×GAN2@t | el4 | il8
U+1214D,𒅍,il₂,IL2,DUPSIK | DUSI | DUSSU | DUSU | GA6 | GIL3 | GUR3 | GURU3 | IL2 | ILA2 | ILI2 | dupsik | dusi | dussu | dusu | ga6 | gil3 | gur3 | guru3 | il2 | ila2 | ili2 | ĜA6 | ĝa6
U+1214E,𒅎,im,IM,ADAD | ANEGI | DALHAMUNX(IM) | DID | DI[...]IG | EM | ENEGIR | ILUMER | IM | IMEX(IM) | IMI | IŠGURX(IM) | IŠKUR | KAKRA | KAKRU | KARKAR | KARKARA | MER2 | MIR2 | MUR3 | MURIM | MURU3 | TEŠUB | TID | TU15 | TUM9 | TUMU | adad | anegi | dalhamunx(IM) | di[...]ig | did | em | enegir | ilumer | im | imex(IM) | imi | išgurx(IM) | iškur | kakra | kakru | karkar | karkara | mer2 | mir2 | mur3 | murim | muru3 | tešub | tid | tu15 | tum9 | tumu | ŠAR5 | ŠARA5 | ŠEĜ7 | šar5 | šara5 | šeĝ7
U+1214F,𒅏,im × tak₄,IM×TAK4,IM×TAK4 | KID7 | TUG7 | TUK7 | kid7 | tug7 | tuk7
U+12150,𒅐,im crossing im,|IM%IM|,agar₅ | aŋar₅ | angar | dalhamun₆ | hamunₓ | merimer₃ | merimeri₃ | mermer₃ | mermeri₃ | nimgigre | nimgirgireₓ | rad₂ | zigara | zigkaru | zikara | zikaru | aŋar₅ | dalhamun₆ | mermeri₃
U+12151,𒅑,im opposing im,IM,ADAD | ANEGI | DALHAMUNX(IM) | DID | DI[...]IG | EM | ENEGIR | ILUMER | IM | IMEX(IM) | IMI | IŠGURX(IM) | IŠKUR | KAKRA | KAKRU | KARKAR | KARKARA | MER2 | MIR2 | MUR3 | MURIM | MURU3 | TEŠUB | TID | TU15 | TUM9 | TUMU | adad | anegi | dalhamunx(IM) | di[...]ig | did | em | enegir | ilumer | im | imex(IM) | imi | išgurx(IM) | iškur | kakra | kakru | karkar | karkara | mer2 | mir2 | mur3 | murim | muru3 | tešub | tid | tu15 | tum9 | tumu | ŠAR5 | ŠARA5 | ŠEĜ7 | šar5 | šara5 | šeĝ7
U+12152,𒅒,im squared,IM,ADAD | ANEGI | DALHAMUNX(IM) | DID | DI[...]IG | EM | ENEGIR | ILUMER | IM | IMEX(IM) | IMI | IŠGURX(IM) | IŠKUR | KAKRA | KAKRU | KARKAR | KARKARA | MER2 | MIR2 | MUR3 | MURIM | MURU3 | TEŠUB | TID | TU15 | TUM9 | TUMU | adad | anegi | dalhamunx(IM) | di[...]ig | did | em | enegir | ilumer | im | imex(IM) | imi | išgurx(IM) | iškur | kakra | kakru | karkar | karkara | mer2 | mir2 | mur3 | murim | muru3 | tešub | tid | tu15 | tum9 | tumu | ŠAR5 | ŠARA5 | ŠEĜ7 | šar5 | šara5 | šeĝ7
U+12153,𒅓,imin,IMIN,IMIN | IMINA | UMUN7 | UMUNAX(IMIN) | imin | imina | umun7 | umunax(IMIN)
U+12154,𒅔,in,IN,EN6 | GIR12 | IN | INI | ISIN2 | en6 | gir12 | in | ini | isin2
U+12155,𒅕,ir,IR,ER | ERE14 | EREŠ3 | EREŠU | ERI14 | IR | IRE14 | IRI14 | er | ere14 | ereš3 | erešu | eri14 | ir | ire14 | iri14
U+12156,𒅖,ish,IŠ,es₅ | eš₁₅ | is₂ | isi | isiš | iš | iši | iṣ₂ | iz₂ | kukkuda₂ | kukkuš | kukkušda | kukuda₂ | kuš₇ | kuzunₓ | mel | mil | mili | milla | sahar | sahardub | sušₓ | šen₆ | šuš₃ | ukum
U+12157,𒅗,ka,KA,/ENEĜ/ | /eneĝ/ | BUX(KA) | DA12 | DAG5 | DU11 | DUG4 | DUGA4 | E7 | EMEX(KA) | EN4 | ENEM | ENIM | GA14 | GIR17 | GIRI17 | GU3 | GUR18 | I5 | INIM | IŠ5 | KA | KAG2 | KAK2 | KIR4 | KIRI3 | MEX(KA) | NAGX(KA) | PE4 | PI4 | PU5 | QA3 | SIGX(KA) | SU11 | SUGX(KA) | SUMURX(KA) | SUMUX(KA) | UZUGX(KA) | ZIB4 | ZU2 | ZUG2 | ZUH | bux(KA) | da12 | dag5 | du11 | dug4 | duga4 | e7 | emex(KA) | en4 | enem | enim | ga14 | gir17 | giri17 | gu3 | gur18 | i5 | inim | iš5 | ka | kag2 | kak2 | kir4 | kiri3 | mex(KA) | nagx(KA) | pe4 | pi4 | pu5 | qa3 | sigx(KA) | su11 | sugx(KA) | sumurx(KA) | sumux(KA) | uzugx(KA) | zib4 | zu2 | zug2 | zuh | ŠE28 | ŠED17 | ŠEG13 | ŠIX(KA) | ŠUDX(KA) | še28 | šed17 | šeg13 | šix(KA) | šudx(KA)
U+12158,𒅘,ka × a,KA×A,EMMA2 | EMMEN2 | EMMIN2 | ENMEN2 | GAB3 | GU6 | IMMA2 | IMMELI | IMMEN2 | IMMIN2 | KAB2 | KA×A | NA8 | NAG | NAGA2 | NAK | NAMX(|KA×A|) | NAQ | NAĜ | NIK5 | emma2 | emmen2 | emmin2 | enmen2 | gab3 | gu6 | imma2 | immeli | immen2 | immin2 | kab2 | na8 | nag | naga2 | nak | namx(|KA×A|) | naq | naĝ | nik5
U+12159,𒅙,ka × ad,KA×AD,AKX(|KA×AD|) | KA×AD | akx(|KA×AD|)
U+1215A,𒅚,ka × ad + ku₃,KA×AD+KU3,KA×AD+KU3 | NAGIRI | NIGRU | nagiri | nigru | KA×ADxKU3
U+1215B,𒅛,ka × ash₂,KA×AŠ2,IBIRA2 | KA×AŠ2 | ibira2
U+1215C,𒅜,ka × bad,KA×BAD,KA×BAD | UH4 | UŠ11 | uh4 | uš11
U+1215D,𒅝,ka × balag,KA×BALAG,GUDIDDI | KA×BALAG | SI18 | SIGX(KA×BALAG) | SIGX(|KA×BALAG|) | gudiddi | si18 | sigx(KA×BALAG) | sigx(|KA×BALAG|) | ŠE26 | ŠED15 | ŠEG11 | ŠIDX(KA×BALAG) | ŠIDX(|KA×BALAG|) | ŠIGX(KA×BALAG) | ŠIGX(|KA×BALAG|) | ŠIX(KA×BALAG) | ŠIX(|KA×BALAG|) | še26 | šed15 | šeg11 | šidx(KA×BALAG) | šidx(|KA×BALAG|) | šigx(KA×BALAG) | šigx(|KA×BALAG|) | šix(KA×BALAG) | šix(|KA×BALAG|)
U+1215E,𒅞,ka × bar,KA×BAR,KA×BAR | UNKINX(|KA×BAR|) | unkinx(|KA×BAR|)
U+1215F,𒅟,ka × bi,KA×BI,KA×BI
U+12160,𒅠,ka × erin₂,KA×ERIN2,KA×ERIN2 | MEX(|KA×ERIN2|) | mex(|KA×ERIN2|)
U+12161,𒅡,ka × esh₂,KA×EŠ2,KA×EŠ2 | MA5 | MU3 | ma5 | mu3
U+12162,𒅢,ka × ga,KA×GA,KA×GA | SIMX(|KA×GA|) | SUB | simx(|KA×GA|) | sub | ŠUBX(|KA×GA|) | šubx(|KA×GA|)
U+12163,𒅣,ka × gal,KA×GAL,AGAL | KA×GAL | agal
U+12164,𒅤,ka × gan₂ tenu,KA×GAN2@t,BA11 | BU3 | BUM | BURX(|KA×GAN2@T|) | BUZUR5 | KAN6 | KANA6 | KA×GAN2@T | KA×GAN2@t | MUX(|KA×GAN2@T|) | PU3 | PUM | PUZUR5 | TUGURE | ba11 | bu3 | bum | burx(|KA×GAN2@t|) | buzur5 | kan6 | kana6 | mux(|KA×GAN2@t|) | pu3 | pum | puzur5 | tugure
U+12165,𒅥,ka × gar,KA×GAR,GU7 | KA×GAR | KU2 | KUR8 | gu7 | ku2 | kur8 | ŠAGAR | ŠAĜAR | šagar | šaĝar
U+12166,𒅦,ka × gar + sha₃ + a,KA×GAR+ŠA3+A,KA×GAR+ŠA3+A | MELEX(|KA×GAR+ŠA3+A|) | MELIX(|KA×GAR+ŠA3+A|) | melex(|KA×GAR+ŠA3+A|) | melix(|KA×GAR+ŠA3+A|) | KA×GARxŠA3xA | MELEX(|KA×GARxŠA3xA|) | MELIX(|KA×GARxŠA3xA|) | melex(|KA×GARxŠA3xA|) | melix(|KA×GARxŠA3xA|)
U+12167,𒅧,ka × gi,KA×GI,KA×GI
U+12168,𒅨,ka × gir₂,KA×GIR2,EMEX(|KA×GIR2|) | EMEX-GIR2(|KA×GIR2|) | KA×GIR2 | emex(|KA×GIR2|) | emex-gir2(|KA×GIR2|)
U+12169,𒅩,ka × gish + sar,KA×GIŠ+SAR,GUKRI | KA×GIŠ+SAR | gukri | KA×GIŠxSAR
U+1216A,𒅪,ka × gish crossing gish,|KA×(GIŠ%GIŠ)|,gasa | gaza₃ | ibira | irhandiₓ | nehandiₓ | tibira₂
U+1216B,𒅫,ka × gu,KA×GU,GURUM3 | GURX(|KA×GU|) | GUX(|KA×GU|) | KA×GU | gurum3 | gurx(|KA×GU|) | gux(|KA×GU|)
U+1216C,𒅬,ka × gur₇,KA×GUR7,KA×GUR7 | KUGRE | KUGUR | kugre | kugur
U+1216D,𒅭,ka × igi,KA×IGI,ASALX(|KA×IGI|) | KA×IGI | asalx(|KA×IGI|) | ŠILIG7 | šilig7
U+1216E,𒅮,ka × im,KA×IM,BA5 | BU13 | BUHX(|KA×IM|) | BUL4 | BUN2 | KA×IM | KIRIX(|KA×IM|) | TUX(|KA×IM|) | ba5 | bu13 | buhx(|KA×IM|) | bul4 | bun2 | kirix(|KA×IM|) | tux(|KA×IM|)
U+1216F,𒅯,ka × kak,KA×KAK,KA×KAK | KIR14 | kir14
U+12170,𒅰,ka × ki,KA×KI,GURUŠX(|KA×KI|) | KA×KI | gurušx(|KA×KI|)
U+12171,𒅱,ka × kid,KA×KID,DUNX(|KA×KID|) | KA×KID | SULX(|KA×KID|) | SUMX(|KA×KID|) | SUNX(|KA×KID|) | SUX(|KA×KID|) | dunx(|KA×KID|) | sulx(|KA×KID|) | sumx(|KA×KID|) | sunx(|KA×KID|) | sux(|KA×KID|)
U+12172,𒅲,ka × li,KA×LI,GELE3 | GELI3 | GILI3 | GILIB3 | GIRIX(|KA×LI|) | KA×LI | MEL2 | MELE2 | MELI2 | MILI2 | MU7 | MUMUNX(|KA×LI|) | MUNX(|KA×LI|) | SUG7 | TU6 | UŠ7 | ZUG4 | ZUHX(|KA×LI|) | gele3 | geli3 | gili3 | gilib3 | girix(|KA×LI|) | mel2 | mele2 | meli2 | mili2 | mu7 | mumunx(|KA×LI|) | munx(|KA×LI|) | sug7 | tu6 | uš7 | zug4 | zuhx(|KA×LI|) | ĜELI3 | ĜILI3 | ĜIRIX(|KA×LI|) | ĝeli3 | ĝili3 | ĝirix(|KA×LI|) | ŠEGX(|KA×LI|) | šegx(|KA×LI|)
U+12173,𒅳,ka × lu,KA×LU,KA×LU | PU-UDU | pu-udu
U+12174,𒅴,ka × me,KA×ME,EM4 | EME | KA×ME | ULI | em4 | eme | uli
U+12175,𒅵,ka × me + du,KA×ME+DU,KA×ME+DU | MEDU | MEŠA | medu | meša | KA×MExDU
U+12176,𒅶,ka × me + gi,KA×ME+GI,EMENGI | KA×ME+GI | emengi | KA×MExGI
U+12177,𒅷,ka × me + te,KA×ME+TE,IMMINTE | KA×ME+TE | imminte | KA×MExTE
U+12178,𒅸,ka × mi,KA×MI,GANAX(|KA×MI|) | KAN5 | KANA5 | KA×MI | ganax(|KA×MI|) | kan5 | kana5
U+12179,𒅹,ka × mi + nunuz,KA×MI+NUNUZ,KA×MI+NUNUZ | KA×MIxNUNUZ
U+1217A,𒅺,ka × ne,KA×NE,KA×NE | MURGU3 | URGU2 | murgu3 | urgu2
U+1217B,𒅻,ka × nun,KA×NUN,/ŠUMDUM/ | /šumdum/ | KA×NUN | NUMDU | NUMDUM | NUMDUN | NUNDU | NUNDUM | NUNDUN | numdu | numdum | numdun | nundu | nundum | nundun
U+1217C,𒅼,ka × pi,KA×PI,KA×PI | TERX(|KA×PI|) | UŠ14 | terx(|KA×PI|) | uš14
U+1217D,𒅽,ka × ru,KA×RU,GILIB4 | KA×RU | gilib4
U+1217E,𒅾,ka × sa,KA×SA,DUNX(|KA×SA|) | KA×SA | MANGAGA | SU6 | SUL3 | SUM4 | SUN4 | TUNX(|KA×SA|) | dunx(|KA×SA|) | mangaga | su6 | sul3 | sum4 | sun4 | tunx(|KA×SA|)
U+1217F,𒅿,ka × sar,KA×SAR,KA×SAR | MA8 | MU11 | ma8 | mu11
U+12180,𒆀,ka × sha,KA×ŠA,KA×ŠA | MU13 | mu13
U+12181,𒆁,ka × she,KA×ŠE,KA×ŠE | TUKUR2 | TUKUREX(|KA×ŠE|) | tukur2 | tukurex(|KA×ŠE|)
U+12182,𒆂,ka × shid,KA×ŠID,DILIB2 | GIGURU3 | KA×ŠID | SIGX(KA×ŠID) | SIGX(|KA×ŠID|) | SILIG6 | dilib2 | giguru3 | sigx(KA×ŠID) | sigx(|KA×ŠID|) | silig6 | ŠE25 | ŠED14 | ŠEG10 | ŠIGX(KA×ŠID) | ŠIGX(|KA×ŠID|) | ŠILIG6 | ŠIQ4 | še25 | šed14 | šeg10 | šigx(KA×ŠID) | šigx(|KA×ŠID|) | šilig6 | šiq4
U+12183,𒆃,ka × shu,KA×ŠU,BURX(|KA×ŠU|) | KA×ŠU | UŠX(|KA×ŠU|) | burx(|KA×ŠU|) | ušx(|KA×ŠU|) | ŠEDX(|KA×ŠU|) | ŠEGX(|KA×ŠU|) | ŠEX(|KA×ŠU|) | ŠIX(|KA×ŠU|) | ŠU12 | ŠUD3 | ŠUDE3 | ŠUDU3 | šedx(|KA×ŠU|) | šegx(|KA×ŠU|) | šex(|KA×ŠU|) | šix(|KA×ŠU|) | šu12 | šud3 | šude3 | šudu3
U+12184,𒆄,ka × sig,KA×SIG,EMESIG | KA×SIG | emesig
U+12185,𒆅,ka × suhur,KA×SUHUR,KA×SUHUR | MUNSUBX(|KA×SUHUR|) | munsubx(|KA×SUHUR|)
U+12186,𒆆,ka × tar,KA×TAR,KA×TAR | ZUKURA | zukura
U+12187,𒆇,ka × u,KA×U,KA×U
U+12188,𒆈,ka × u₂,KA×U2,KA×U2 | MELEX(|KA×U2|) | MELIX(|KA×U2|) | MUSUG5 | TUKUR3 | USUG5 | UZUG5 | melex(|KA×U2|) | melix(|KA×U2|) | musug5 | tukur3 | usug5 | uzug5
U+12189,𒆉,ka × ud,KA×UD,EMMA | EMMEN | EMMIN | ENMEN | IMMA | IMMEN | IMMIN | KA×UD | SI19 | SUBX(|KA×UD|) | TUX(|KA×UD|) | ZA6 | ZU9 | emma | emmen | emmin | enmen | imma | immen | immin | si19 | subx(|KA×UD|) | tux(|KA×UD|) | za6 | zu9
U+1218A,𒆊,ka × umum × pa,KA×UMUM×PA,GUDEDDE | KA×UMUM×PA | gudedde
U+1218B,𒆋,ka × ush,KA×UŠ,DURIX(|KA×UŠ|) | KA×UŠ | UGAL | durix(|KA×UŠ|) | ugal
U+1218C,𒆌,ka × zi,KA×ZI,GUZIX(|KA×ZI|) | KA×ZI | guzix(|KA×ZI|)
U+1218D,𒆍,ka₂,KA2,AGANX(KA2) | AKA4 | AKAN2 | BABA2 | BABU | GU16 | KA2 | KAN4 | KANKAN | PAPA2 | aganx(KA2) | aka4 | akan2 | baba2 | babu | gu16 | ka2 | kan4 | kankan | papa2
U+1218E,𒆎,ka₂ crossing ka₂,|KA₂%KA₂|,xₓ
U+1218F,𒆏,kab,KAB,GAB2 | GABA2 | GABU2 | GAP2 | GUB3 | GUBU3 | KAB | KAP | KAPA | QAB2 | QAP2 | gab2 | gaba2 | gabu2 | gap2 | gub3 | gubu3 | kab | kap | kapa | qab2 | qap2
U+12190,𒆐,kad₂,KAD2,GAT2 | KAD2 | KAT2 | QAD6 | QAT6 | gat2 | kad2 | kat2 | qad6 | qat6 | ŠID2 | šid2
U+12191,𒆑,kad₃,KAD3,GAT3 | KAD3 | KAT3 | KATA3 | KUD6 | QAT7 | gat3 | kad3 | kat3 | kata3 | kud6 | qat7 | ŠED4 | šed4
U+12192,𒆒,kad₄,KAD4,GEŠHUR | GEŠKAD | GIŠHUR | GIŠKAD | HAD4 | KAD4 | KAM3 | KARA4 | KARX(KAD4) | KAT4 | KID5 | KIM2 | PEŠ5 | PIŠ5 | QAT5 | UNU9 | gešhur | geškad | gišhur | giškad | had4 | kad4 | kam3 | kara4 | karx(KAD4) | kat4 | kid5 | kim2 | peš5 | piš5 | qat5 | unu9 | ŠED5 | šed5
U+12193,𒆓,kad₅,KAD5,BANSUR3 | BANŠUR3 | KAD5 | KAT5 | KID6 | KIMX(KAD5) | PEŠ6 | PIŠ6 | QAT8 | bansur3 | banšur3 | kad5 | kat5 | kid6 | kimx(KAD5) | peš6 | piš6 | qat8
U+12194,𒆔,kad₅ / kad₅,|KAD₅&KAD₅|,esirₓ
U+12195,𒆕,kak,KAK,BAN4 | DA3 | DU3 | GAG | GAK | HENBUR | KA15 | KAK | KAL3 | KAQ | KI7 | QA6 | QAQ | QI6 | RE12 | RI12 | RU2 | TU20 | USANX(KAK) | ZARX(KAK) | ban4 | da3 | du3 | gag | gak | henbur | ka15 | kak | kal3 | kaq | ki7 | qa6 | qaq | qi6 | re12 | ri12 | ru2 | tu20 | usanx(KAK) | zarx(KAK)
U+12196,𒆖,kak × igi gunu,KAK×IGI@g,KAK×IGI@g
U+12197,𒆗,kal,KAL,ALAD2 | BAŠTUM | DAN | DANA3 | DANNU | DUN6 | ESI | ESIG | EŠAX(KAL) | EŢLU | GAL9 | KAL | KALA | KALAG | KALAGA | KALGA | LA6 | LAB | LALA2 | LAMA3 | LAMASSU | LAMMA | LAMMAR | LAP | LIB2 | LIP2 | MIRX(KAL) | NIR6 | QAL4 | RAB4 | RIB | RIP | RUB | SA14 | SAG8 | SEG15 | SI21 | SIG15 | SILIM2 | SILIMA2 | SUBX(KAL) | SUN7 | SUNAX(KAL) | TAN | TANA | URRUB2 | URSUB2 | ZI8 | ZURZUB2 | alad2 | baštum | dan | dana3 | dannu | dun6 | esi | esig | ešax(KAL) | eţlu | gal9 | kal | kala | kalag | kalaga | kalga | la6 | lab | lala2 | lama3 | lamassu | lamma | lammar | lap | lib2 | lip2 | mirx(KAL) | nir6 | qal4 | rab4 | rib | rip | rub | sa14 | sag8 | seg15 | si21 | sig15 | silim2 | silima2 | subx(KAL) | sun7 | sunax(KAL) | tan | tana | urrub2 | ursub2 | zi8 | zurzub2 | ŞURŞUB2 | şurşub2 | ŠEDU | šedu | ŢAN | ţan
U+12198,𒆘,kal × bad,KAL×BAD,ALAD | KAL×BAD | alad
U+12199,𒆙,kal crossing kal,|KAL%KAL|,liri₇ | liru₇ | lirum₇
U+1219A,𒆚,kam₂,KAM2,ERIŠ7 | KAM2 | UDUL7 | UTUL7 | eriš7 | kam2 | udul7 | utul7
U+1219B,𒆛,kam₄,KAM4,GAM3 | KAM4 | ZUB | ZUBI | ZUBU | gam3 | kam4 | zub | zubi | zubu
U+1219C,𒆜,kaskal,KASKAL,BU2 | BUŠ | DANA2 | DANNA2 | EŠ8 | IR7 | IŠ2 | KAS | KASA | KASKAL | KAŠ2 | RAS | RAŠ | RIN6 | bu2 | buš | dana2 | danna2 | eš8 | ir7 | iš2 | kas | kasa | kaskal | kaš2 | ras | raš | rin6 | ŠUBTUMX(KASKAL) | šubtumx(KASKAL)
U+1219D,𒆝,kaskal lagab × u / lagab × u,|KASKAL.(LAGAB×U)&(LAGAB×U)|,šubtu₆ | šubtum₆
U+1219E,𒆞,kaskal / kaskal lagab × u / lagab × u,|(KASKAL.LAGAB×U)&(KASKAL.LAGAB×U)|,šubtu₇ | šubtum₇
U+1219F,𒆟,kesh₂,KEŠ2,GIR11 | GIRI11 | GIRID | HER | HIR | KEŠ2 | KEŠDA | KEŠE2 | KEŠI2 | KIRI7 | KIRID | KIRIS | KIRIT | KIŠ2 | KIŠI2 | gir11 | giri11 | girid | her | hir | keš2 | kešda | keše2 | keši2 | kiri7 | kirid | kiris | kirit | kiš2 | kiši2
U+121A0,𒆠,ki,KI,AMMAX(KI) | ERŞETU | GAGAR | GE5 | GI5 | GU14 | KE | KI | KU11 | QAQQARU | QE2 | QI2 | SASX(KI) | UBDAX(KI) | ammax(KI) | erşetu | gagar | ge5 | gi5 | gu14 | ke | ki | ku11 | qaqqaru | qe2 | qi2 | sasx(KI) | ubdax(KI) | ĜIŠBUNX(KI) | ĝišbunx(KI)
U+121A1,𒆡,ki × bad,KI×BAD,HABRUD2 | HABRUDA2 | KI×BAD | habrud2 | habruda2
U+121A2,𒆢,ki × u,KI×U,HABRUD | HABRUDA | HANBURUDA | HARX(|KI×U|) | KI×U | habrud | habruda | hanburuda | harx(|KI×U|)
U+121A3,𒆣,ki × ud,KI×UD,KISLAH2 | KI×UD | kislah2
U+121A4,𒆤,kid,KID,BURU6 | GE2 | GI2 | GID | GIT | GUB5 | GUP5 | KE4 | KI4 | KID | KIT | KIŢ | KUB4 | KUP4 | LEL2 | LIL2 | LILA2 | MURU12 | QI5 | QID | QIT | SAH | SIH2 | SUH4 | buru6 | ge2 | gi2 | gid | git | gub5 | gup5 | ke4 | ki4 | kid | kit | kiţ | kub4 | kup4 | lel2 | lil2 | lila2 | muru12 | qi5 | qid | qit | sah | sih2 | suh4 | ŞAH2 | şah2 | ŠAH3 | ŠIH2 | šah3 | ših2
U+121A5,𒆥,kin,KIN,GUR10 | KIG2 | KIMX(KIN) | KIN | KINGA | KIĜ2 | KUN10 | QE | QI | QIN | SAG11 | SAGA11 | SEG18 | SIG18 | SIGA18 | gur10 | kig2 | kimx(KIN) | kin | kinga | kiĝ2 | kun10 | qe | qi | qin | sag11 | saga11 | seg18 | sig18 | siga18
U+121A6,𒆦,kisal,KISAL,BUR6 | DAG4 | KISAL | LEL4 | bur6 | dag4 | kisal | lel4
U+121A7,𒆧,kish,KIŠ,erraₓ | ilₓ | keš | keše | kis | kiš | kiše | kiši | kiṣ | lazₓ | qis | qiš
U+121A8,𒆨,kisim₅,KISIM5,KISIM5 | KIŠIM5 | kisim5 | kišim5
U+121A9,𒆩,kisim₅ / kisim₅,|KISIM₅&KISIM₅|,gingira?
U+121AA,𒆪,ku,KU,BE5 | BED3 | BET3 | BI7 | BID3 | BIT3 | BU7 | BULX(KU) | DAB5 | DABA5 | DEB2 | DIB2 | DUŠ | GU5 | GUD7 | GUZ3 | HUX(KU) | KU | KUD3 | KUZ3 | NU10 | QU2 | SAHX(KU) | SU5 | SUH5 | SUR11 | SUŠ | TIBX(KU) | TUKUL | TUKULA | TUM5 | TUMA | TUŠ | TUŠU | UGU4 | ZAP2 | be5 | bed3 | bet3 | bi7 | bid3 | bit3 | bu7 | bulx(KU) | dab5 | daba5 | deb2 | dib2 | duš | gu5 | gud7 | guz3 | hux(KU) | ku | kud3 | kuz3 | nu10 | qu2 | sahx(KU) | su5 | suh5 | sur11 | suš | tibx(KU) | tukul | tukula | tum5 | tuma | tuš | tušu | ugu4 | zap2 | ŠE10 | ŠED6 | ŠI5 | še10 | šed6 | ši5
U+121AB,𒆫,ku / hi × ash₂ ku / hi × ash₂,|KU&(HI×AŠ₂).KU&(HI×AŠ₂)|,merimer₅ | merimeri₅ | mermer₅ | mermeri₅
U+121AC,𒆬,ku₃,KU3,KU3 | KUG | KUK | QU5 | ku3 | kug | kuk | qu5
U+121AD,𒆭,ku₄,KU4,HU2 | KU4 | KUR9 | LILX(KU4) | hu2 | ku4 | kur9 | lilx(KU4)
U+121AE,𒆮,ku₄ variant form,REC145,
U+121AF,𒆯,ku₇,KU7,BANDILIŠA | BUBE | DABAN | DABAŠIN | EŠDAX(KU7) | EŠQA | GAML | GURUSA | GURUŠ2 | GURUŠDA | GURUŠTA | GURUŠTI | HIRIN2 | KAKKALA | KAKKUDA | KAKKULA | KAKKUŠA | KU7 | KUD5 | KUKKUDA | KUKKUŠA | KUKULA | KURUŠ | KURUŠDA | KUŠ6 | TUBAŠIN | bandiliša | bube | daban | dabašin | ešdax(KU7) | ešqa | gaml | gurusa | guruš2 | gurušda | gurušta | gurušti | hirin2 | kakkala | kakkuda | kakkula | kakkuša | ku7 | kud5 | kukkuda | kukkuša | kukula | kuruš | kurušda | kuš6 | tubašin | ŠANDILIMMA | ŠENDILIMA | ŠINDILIB | ŠINDILIMMA | šandilimma | šendilima | šindilib | šindilimma
U+121B0,𒆰,kul,KUL,GU9 | GUL2 | KU9 | KUL | KULA | KULU | NU5 | NUMU | NUMUN | NUĜUN | QUL | TIL8 | ZAR4 | ZARAX(KUL) | ZIR | ZIRI | gu9 | gul2 | ku9 | kul | kula | kulu | nu5 | numu | numun | nuĝun | qul | til8 | zar4 | zarax(KUL) | zir | ziri | ŠABALBAL | šabalbal
U+121B1,𒆱,kul gunu,KUL@g,KUL@G | KUL@g | TILX(KUL@G) | tilx(KUL@g)
U+121B2,𒆲,kun,KUN,...NUNNAM... | ...nunnam... | KU14 | KUN | KUNU | MEGIDAX(KUN) | QUN | ku14 | kun | kunu | megidax(KUN) | qun
U+121B3,𒆳,kur,KUR,AMMA | ANUBU | GE21 | GEN3 | GIN3 | GINA3 | GUR16 | KIN3 | KUR | LAT | LAŢ | MAD | MAŢ | NAD | NAT | NATA | QUR2 | RAMAN | RAMANU | RAZU | RAŠU | SAD | SAT | SATA | ZIZANU | amma | anubu | ge21 | gen3 | gin3 | gina3 | gur16 | kin3 | kur | lat | laţ | mad | maţ | nad | nat | nata | qur2 | raman | ramanu | razu | rašu | sad | sat | sata | zizanu | ŠAD | ŠADA | ŠADU | ŠAHAN | ŠAT | ŠATA | ŠAŢ | šad | šada | šadu | šahan | šat | šata | šaţ
U+121B4,𒆴,kur opposing kur,KUR,AMMA | ANUBU | GE21 | GEN3 | GIN3 | GINA3 | GUR16 | KIN3 | KUR | LAT | LAŢ | MAD | MAŢ | NAD | NAT | NATA | QUR2 | RAMAN | RAMANU | RAZU | RAŠU | SAD | SAT | SATA | ZIZANU | amma | anubu | ge21 | gen3 | gin3 | gina3 | gur16 | kin3 | kur | lat | laţ | mad | maţ | nad | nat | nata | qur2 | raman | ramanu | razu | rašu | sad | sat | sata | zizanu | ŠAD | ŠADA | ŠADU | ŠAHAN | ŠAT | ŠATA | ŠAŢ | šad | šada | šadu | šahan | šat | šata | šaţ
U+121B5,𒆵,kushu₂,KUŠU2,KUŠ9 | KUŠU2 | UH3 | kuš9 | kušu2 | uh3
U+121B6,𒆶,kwu₃₁₈,KWU318,HIRINX(KWU318) | KWU318 | hirinx(KWU318)
U+121B7,𒆷,la,LA,LA | la | ŠIKA | ŠIKX(LA) | šika | šikx(LA)
U+121B8,𒆸,lagab,LAGAB,ELLA2 | ELLAG | ELLAĜ | GIL2 | GILI2 | GIR8 | GIRENX(LAGAB) | GIRI8 | GIRIM | GIRIN | GUD8 | GUR4 | GURUN3 | HAB | HABA | HAP | ILLAG | KEL | KELE | KIL | KILI | KILIB | KIR3 | KUR4 | KURU4 | KUX(LAGAB) | LAGAB | LUGUD2 | NI10 | NIGI2 | NIGIN2 | NIMEN2 | NIN4 | NIĜI2 | NIĜIN2 | QIL | QIR3 | RE3 | REME | RI3 | RIM | RIN | SIM4 | SURX(LAGAB) | SUX(LAGAB) | TUKU6 | TUKULX(LAGAB) | TUKUR | TUR6 | ella2 | ellag | ellaĝ | gil2 | gili2 | gir8 | girenx(LAGAB) | giri8 | girim | girin | gud8 | gur4 | gurun3 | hab | haba | hap | illag | kel | kele | kil | kili | kilib | kir3 | kur4 | kuru4 | kux(LAGAB) | lagab | lugud2 | ni10 | nigi2 | nigin2 | nimen2 | nin4 | niĝi2 | niĝin2 | qil | qir3 | re3 | reme | ri3 | rim | rin | sim4 | surx(LAGAB) | sux(LAGAB) | tuku6 | tukulx(LAGAB) | tukur | tur6
U+121B9,𒆹,lagab × a,LAGAB×A,A'A3 | A9 | ABBAR | ABBARAX(|LAGAB×A|) | ABLAL2 | AIA4 | AMBAR | AMBARA | ANBAR | AS4 | ASLUM | AYA4 | AŠTE2 | BUGIN | BUNIN | BUNIĜ | ELAMKUŠ4 | ELLAMKUŠ4 | ENGURX(|LAGAB×A|) | GUNIN2 | IDX(|LAGAB×A|) | IX(|LAGAB×A|) | KUNIN2 | LAGAB×A | NAMMAX(|LAGAB×A|) | NAMMUX(|LAGAB×A|) | PUGINX(LAGAB×A) | PUGINX(|LAGAB×A|) | SUG | SUGIX(|LAGAB×A|) | SUK | SUQ | UMUN11 | ZIKUMX(|LAGAB×A|) | ZUG | ZUK | ZUQ | a'a3 | a9 | abbar | abbarax(|LAGAB×A|) | ablal2 | aia4 | ambar | ambara | anbar | as4 | aslum | aya4 | ašte2 | bugin | bunin | buniĝ | elamkuš4 | ellamkuš4 | engurx(|LAGAB×A|) | gunin2 | idx(|LAGAB×A|) | ix(|LAGAB×A|) | kunin2 | nammax(|LAGAB×A|) | nammux(|LAGAB×A|) | puginx(LAGAB×A) | puginx(|LAGAB×A|) | sug | sugix(|LAGAB×A|) | suk | suq | umun11 | zikumx(|LAGAB×A|) | zug | zuk | zuq | ŠUK3 | šuk3
U+121BA,𒆺,lagab × a + da + ha,LAGAB×A+DA+HA,EDAKUA2 | LAGAB×A+DA+HA | edakua2 | LAGAB×AxDAxHA
U+121BB,𒆻,lagab × a + gar,LAGAB×A+GAR,AGAR3 | LAGAB×A+GAR | agar3 | LAGAB×AxGAR
U+121BC,𒆼,lagab × a + lal,LAGAB×A+LAL,ABLAL | KINBUR | LAGAB×A+LAL | ablal | kinbur | LAGAB×AxLAL
U+121BD,𒆽,lagab × al,LAGAB×AL,GALA4 | KALA4 | LAGAB×AL | gala4 | kala4
U+121BE,𒆾,lagab × an,LAGAB×AN,AMA6 | LAGAB×AN | ama6
U+121BF,𒆿,lagab × ash zida tenu,|LAGAB×AŠ@z|,
U+121C0,𒇀,lagab × bad,LAGAB×BAD,GIGIR | GIGIRA | LAGAB×BAD | PU6 | TUL8 | gigir | gigira | pu6 | tul8
U+121C1,𒇁,lagab × bi,LAGAB×BI,KUNIN3 | LAGAB×BI | kunin3
U+121C2,𒇂,lagab × dar,LAGAB×DAR,GALA11 | KALA10 | LAGAB×DAR | SIDUG | SIDUGGA | gala11 | kala10 | sidug | sidugga
U+121C3,𒇃,lagab × en,LAGAB×EN,BARA5 | LAGAB×EN | PARA5 | bara5 | para5
U+121C4,𒇄,lagab × ga,LAGAB×GA,LAGAB×GA | SIDUG2 | SIDUGA2 | SIDUGGA2 | sidug2 | siduga2 | sidugga2
U+121C5,𒇅,lagab × gar,LAGAB×GAR,ABBARX(|LAGAB×GAR|) | AMBARX(|LAGAB×GAR|) | ASLUMX(|LAGAB×GAR|) | ASX(|LAGAB×GAR|) | AYAX(|LAGAB×GAR|) | AŠTEX(|LAGAB×GAR|) | BUGIN2 | BUNIN2 | BUNIĜ2 | DELEN3 | DELENA3 | DILIM5 | DILIN3 | DILINA3 | DURUNA4 | ELLAMKUŠX(|LAGAB×GAR|) | GUNINX(|LAGAB×GAR|) | IMMINDU2 | INDA4 | KUNINX(|LAGAB×GAR|) | LAGAB×GAR | NINDA4 | NINDU | NININDU | SUGX(|LAGAB×GAR|) | TINUR3 | UMUNX(|LAGAB×GAR|) | ZUGX(|LAGAB×GAR|) | abbarx(|LAGAB×GAR|) | ambarx(|LAGAB×GAR|) | aslumx(|LAGAB×GAR|) | asx(|LAGAB×GAR|) | ayax(|LAGAB×GAR|) | aštex(|LAGAB×GAR|) | bugin2 | bunin2 | buniĝ2 | delen3 | delena3 | dilim5 | dilin3 | dilina3 | duruna4 | ellamkušx(|LAGAB×GAR|) | guninx(|LAGAB×GAR|) | immindu2 | inda4 | kuninx(|LAGAB×GAR|) | ninda4 | nindu | ninindu | sugx(|LAGAB×GAR|) | tinur3 | umunx(|LAGAB×GAR|) | zugx(|LAGAB×GAR|)
U+121C6,𒇆,lagab × gud,LAGAB×GUD,'U3 | 'u3 | DABX(|LAGAB×GUD|) | DIB5 | GANA5 | GANAM5 | LAGAB×GUD | U'3 | WAX(|LAGAB×GUD|) | dabx(|LAGAB×GUD|) | dib5 | gana5 | ganam5 | u'3 | wax(|LAGAB×GUD|) | ŠARA4 | ŠURIM3 | ŠURU3 | ŠURUM3 | ŠURUN3 | šara4 | šurim3 | šuru3 | šurum3 | šurun3
U+121C7,𒇇,lagab × gud + gud,LAGAB×GUD+GUD,DIBX(|LAGAB×GUD+GUD|) | GANA4 | GANAM4 | GAYAYU | LAGAB×GUD+GUD | LAHAR | LAHRAX(|LAGAB×GUD+GUD|) | LAHRU | LAHRUM | U8 | UA | US5 | UZ5 | WAX(|LAGAB×GUD+GUD|) | dibx(|LAGAB×GUD+GUD|) | gana4 | ganam4 | gayayu | lahar | lahrax(|LAGAB×GUD+GUD|) | lahru | lahrum | u8 | ua | us5 | uz5 | wax(|LAGAB×GUD+GUD|) | ŠERBA | ŠURIM | ŠURU | ŠURUM | ŠURUN | šerba | šurim | šuru | šurum | šurun | DIBX(|LAGAB×GUDxGUD|) | LAGAB×GUDxGUD | LAHRAX(|LAGAB×GUDxGUD|) | WAX(|LAGAB×GUDxGUD|) | dibx(|LAGAB×GUDxGUD|) | lahrax(|LAGAB×GUDxGUD|) | wax(|LAGAB×GUDxGUD|)
U+121C8,𒇈,lagab × ha,LAGAB×HA,ELAMKUŠ3 | ELLAMKUŠ3 | LAGAB×HA | elamkuš3 | ellamkuš3
U+121C9,𒇉,lagab × hal,LAGAB×HAL,ANGUR | BUNIG3 | BUNIĜ3 | ENGUR | EX(|LAGAB×HAL|) | GILUGU | GUR22 | I8 | ID3 | LAGAB×HAL | LAMMU6 | NAMMA | NAMMU | ZIKUM | ZIKUMUX(|LAGAB×HAL|) | angur | bunig3 | buniĝ3 | engur | ex(|LAGAB×HAL|) | gilugu | gur22 | i8 | id3 | lammu6 | namma | nammu | zikum | zikumux(|LAGAB×HAL|)
U+121CA,𒇊,lagab × hi × nun,LAGAB×HI×NUN,LAGAB×HI×NUN | UMUN6 | umun6
U+121CB,𒇋,lagab × igi gunu,LAGAB×IGI@g,AGAR2 | BARA7 | IMMAX(|LAGAB×IGI@G|) | LAGAB×IGI@G | LAGAB×IGI@g | PARA7 | agar2 | bara7 | immax(|LAGAB×IGI@g|) | para7 | ŠARA2 | šara2
U+121CC,𒇌,lagab × im,LAGAB×IM,BUN | DELEN | DELENA | DILIM | DILIM3 | DILIN | DILINA | DURUNA2 | ELAMKUŠ | ELLAMKUŠ | ILAMMA | ILLAMMA | IMMINDU | INDA5 | LAGAB×IM | NINDA3 | NINDU2 | NININDU2 | TINUR | TINURU | TUNUR | bun | delen | delena | dilim | dilim3 | dilin | dilina | duruna2 | elamkuš | ellamkuš | ilamma | illamma | immindu | inda5 | ninda3 | nindu2 | ninindu2 | tinur | tinuru | tunur
U+121CD,𒇍,lagab × im + ha,LAGAB×IM+HA,ELLAMKUŠX(|LAGAB×IM+HA|) | LAGAB×IM+HA | ellamkušx(|LAGAB×IM+HA|) | ELLAMKUŠX(|LAGAB×IMxHA|) | LAGAB×IMxHA | ellamkušx(|LAGAB×IMxHA|)
U+121CE,𒇎,lagab × im + lu,LAGAB×IM+LU,ELAMKUŠX(|LAGAB×IM+LU|) | ELLAMKUŠX(|LAGAB×IM+LU|) | LAGAB×IM+LU | elamkušx(|LAGAB×IM+LU|) | ellamkušx(|LAGAB×IM+LU|) | ELAMKUŠX(|LAGAB×IMxLU|) | ELLAMKUŠX(|LAGAB×IMxLU|) | LAGAB×IMxLU | elamkušx(|LAGAB×IMxLU|) | ellamkušx(|LAGAB×IMxLU|)
U+121CF,𒇏,lagab × ki,LAGAB×KI,GALA5 | KALA5 | LAGAB×KI | gala5 | kala5
U+121D0,𒇐,lagab × kin,LAGAB×KIN,ABLALX(|LAGAB×KIN|) | GUKIN | LAGAB×KIN | UDDA | ablalx(|LAGAB×KIN|) | gukin | udda
U+121D1,𒇑,lagab × ku₃,LAGAB×KU3,DAGRIM | DAGRIN | GARIM | GARIN | LAGAB×KU3 | TAGRIMX(|LAGAB×KU3|) | TAGRINX(|LAGAB×KU3|) | dagrim | dagrin | garim | garin | tagrimx(|LAGAB×KU3|) | tagrinx(|LAGAB×KU3|) | ĜARIM | ĜARIN | ĝarim | ĝarin
U+121D2,𒇒,lagab × kul,LAGAB×KUL,ESIR2 | KUNIN | LAGAB×KUL | esir2 | kunin | ŠUKUMX(|LAGAB×KUL|) | šukumx(|LAGAB×KUL|)
U+121D3,𒇓,lagab × kul + hi + a,LAGAB×KUL+HI+A,ESIRHA | ESIRHIA | LAGAB×KUL+HI+A | esirha | esirhia | LAGAB×KULxHIxA
U+121D4,𒇔,lagab × lagab,LAGAB×LAGAB,LAGAB×LAGAB | NIGINX(|LAGAB×LAGAB|) | niginx(|LAGAB×LAGAB|)
U+121D5,𒇕,lagab × lish,|LAGAB×AŠ@t|,gigir₃ | gigir₃
U+121D6,𒇖,lagab × lu,LAGAB×LU,AKAN3 | AKKAN3 | ELAMKUŠ2 | ELLAMKUŠ2 | LAGAB×LU | akan3 | akkan3 | elamkuš2 | ellamkuš2
U+121D7,𒇗,lagab × lul,LAGAB×LUL,BARA9 | IRIB2 | LAGAB×LUL | PARA9 | bara9 | irib2 | para9
U+121D8,𒇘,lagab × me,LAGAB×ME,BUGIN3 | BUNIN3 | LAGAB×ME | bugin3 | bunin3
U+121D9,𒇙,lagab × me + en,LAGAB×ME+EN,BARA6 | LAGAB×ME+EN | MEN4 | PARA6 | bara6 | men4 | para6 | LAGAB×MExEN
U+121DA,𒇚,lagab × mush,LAGAB×MUŠ,LAGAB×MUŠ | MUŠŠAGANA | muššagana
U+121DB,𒇛,lagab × ne,LAGAB×NE,LAGAB×NE | UDUB | udub
U+121DC,𒇜,lagab × she + sum,LAGAB×ŠE+SUM,LAGAB×ŠE+SUM | ŠERIMSUR | ŠERINSUR | šerimsur | šerinsur | LAGAB×ŠExSUM
U+121DD,𒇝,lagab × shita + gish + erin₂,LAGAB×ŠITA+GIŠ+ERIN2,LAGAB×ŠITA+GIŠ+ERIN2 | MEX(|LAGAB×ŠITA+GIŠ+ERIN2|) | SAGDUDUX(|LAGAB×ŠITA+GIŠ+ERIN2|) | mex(|LAGAB×ŠITA+GIŠ+ERIN2|) | sagdudux(|LAGAB×ŠITA+GIŠ+ERIN2|) | LAGAB×ŠITAxGIŠxERIN2 | MEX(|LAGAB×ŠITAxGIŠxERIN2|) | SAGDUDUX(|LAGAB×ŠITAxGIŠxERIN2|) | mex(|LAGAB×ŠITAxGIŠxERIN2|) | sagdudux(|LAGAB×ŠITAxGIŠxERIN2|)
U+121DE,𒇞,lagab × shita + gish tenu,|LAGAB×(ŠITA@t.GIŠ)|,me₉ | muššagana₂? | sagdudu | saŋdudu | me₉ | sagdudu | saŋdudu | meₓ | sagduduₓ | saŋduduₓ
U+121DF,𒇟,lagab × shu₂,LAGAB×ŠU2,LAGAB×ŠU2 | ŠU5 | ŠUŠ5 | šu5 | šuš5
U+121E0,𒇠,lagab × shu₂ + shu₂,LAGAB×ŠU2+ŠU2,LAGAB×ŠU2+ŠU2 | ŠU6 | ŠUŠ6 | šu6 | šuš6 | LAGAB×ŠU2xŠU2
U+121E1,𒇡,lagab × sum,LAGAB×SUM,BU14 | BUL5 | BURU16 | LAGAB×SUM | SAR6 | SUR8 | ZAL2 | ZAR | ZARA | ZARIH | ZUR4 | bu14 | bul5 | buru16 | sar6 | sur8 | zal2 | zar | zara | zarih | zur4 | ŞAR | ŞARA | şar | şara | ŠERIM2 | šerim2
U+121E2,𒇢,lagab × tag,LAGAB×TAG,LAGAB×TAG | SIDUGAX(|LAGAB×TAG|) | sidugax(|LAGAB×TAG|)
U+121E3,𒇣,lagab × tak₄,LAGAB×TAK4,BARA8 | LAGAB×TAK4 | NINMUŠ | PARA8 | bara8 | ninmuš | para8 | ŠARA3 | ŠURU2 | ŠURUN2 | šara3 | šuru2 | šurun2
U+121E4,𒇤,lagab × te + a + su + na,LAGAB×TE+A+SU+NA,LAGAB×TE+A+SU+NA | ŠEDUR | šedur | LAGAB×TExA+SUxNA
U+121E5,𒇥,lagab × u,LAGAB×U,BU4 | BU6 | DUL2 | GALA3 | GIGIR2 | GIGIRA2 | HAB2 | HAP2 | KALA3 | LAGAB×U | PU2 | TUKURX(|LAGAB×U|) | TUL2 | UB4 | bu4 | bu6 | dul2 | gala3 | gigir2 | gigira2 | hab2 | hap2 | kala3 | pu2 | tukurx(|LAGAB×U|) | tul2 | ub4 | ŢUL | ţul
U+121E6,𒇦,lagab × u + a,LAGAB×U+A,ABLAL3 | AMAH | BUGIN4 | BUNIN4 | HUMUH | LAGAB×U+A | UMAH | UMUH | UMUN5 | ablal3 | amah | bugin4 | bunin4 | humuh | umah | umuh | umun5 | LAGAB×UxA
U+121E7,𒇧,lagab × u + u + u,LAGAB×U+U+U,BU5 | BUL | BUR10 | BURUX(|LAGAB×U+U+U|) | LAGAB×U+U+U | NENNA2 | NENNI2 | NINNA2 | NINNI4 | NINNIM4 | NINNUX(|LAGAB×U+U+U|) | NUSSU | PUL | TU13 | TUG4 | TUK4 | TUKU4 | ZANSUR | bu5 | bul | bur10 | burux(|LAGAB×U+U+U|) | nenna2 | nenni2 | ninna2 | ninni4 | ninnim4 | ninnux(|LAGAB×U+U+U|) | nussu | pul | tu13 | tug4 | tuk4 | tuku4 | zansur | BURUX(|LAGAB×UxU+U|) | LAGAB×UxU+U | NINNUX(|LAGAB×UxU+U|) | burux(|LAGAB×UxU+U|) | ninnux(|LAGAB×UxU+U|)
U+121E8,𒇨,lagab × u₂ + ash,LAGAB×U2+AŠ,LAGAB×U2+AŠ | UGRA | UGRI | UŠERA | UŠERI | ugra | ugri | ušera | ušeri | LAGAB×U2xAŠ
U+121E9,𒇩,lagab × ud,LAGAB×UD,LAGAB×UD | UMUN12 | umun12
U+121EA,𒇪,lagab × ush,LAGAB×UŠ,LAGAB×UŠ | NIGIN11 | NIMENX(|LAGAB×UŠ|) | nigin11 | nimenx(|LAGAB×UŠ|)
U+121EB,𒇫,lagab squared,LAGAB,ELLA2 | ELLAG | ELLAĜ | GIL2 | GILI2 | GIR8 | GIRENX(LAGAB) | GIRI8 | GIRIM | GIRIN | GUD8 | GUR4 | GURUN3 | HAB | HABA | HAP | ILLAG | KEL | KELE | KIL | KILI | KILIB | KIR3 | KUR4 | KURU4 | KUX(LAGAB) | LAGAB | LUGUD2 | NI10 | NIGI2 | NIGIN2 | NIMEN2 | NIN4 | NIĜI2 | NIĜIN2 | QIL | QIR3 | RE3 | REME | RI3 | RIM | RIN | SIM4 | SURX(LAGAB) | SUX(LAGAB) | TUKU6 | TUKULX(LAGAB) | TUKUR | TUR6 | ella2 | ellag | ellaĝ | gil2 | gili2 | gir8 | girenx(LAGAB) | giri8 | girim | girin | gud8 | gur4 | gurun3 | hab | haba | hap | illag | kel | kele | kil | kili | kilib | kir3 | kur4 | kuru4 | kux(LAGAB) | lagab | lugud2 | ni10 | nigi2 | nigin2 | nimen2 | nin4 | niĝi2 | niĝin2 | qil | qir3 | re3 | reme | ri3 | rim | rin | sim4 | surx(LAGAB) | sux(LAGAB) | tuku6 | tukulx(LAGAB) | tukur | tur6
U+121EC,𒇬,lagar,LAGAR,LAGAL | LAGAR | NAGAL | lagal | lagar | nagal
U+121ED,𒇭,lagar × she,LAGAR×ŠE,LAGAR×ŠE | SU7 | SUG8 | SUL4 | SUR12 | SURA12 | su7 | sug8 | sul4 | sur12 | sura12
U+121EE,𒇮,lagar × she + sum,LAGAR×ŠE+SUM,...BUN | ...bun | LAGAR×ŠE+SUM | LUGUD4 | SUHIRIM | SUHIRIN | lugud4 | suhirim | suhirin | LAGAR×ŠExSUM
U+121EF,𒇯,lagar gunu,LAGAR@g,DU6 | DUL6 | LAGAR@G | LAGAR@g | TIL2 | TU21 | TUL5 | du6 | dul6 | til2 | tu21 | tul5 | ŢUL3 | ţul3
U+121F0,𒇰,lagar gunu / lagar gunu she,|LAGAR@g&LAGAR@g.ŠE|,sumunda | šumunₓ | šumunda
U+121F1,𒇱,lahshu,LAHŠU,LAHŠU | lahšu
U+121F2,𒇲,lal,LAL,LA2 | LAL | LUX(LAL) | SUR5 | SURU5 | ZUR5 | ZURU5 | la2 | lal | lux(LAL) | sur5 | suru5 | zur5 | zuru5 | ŠURUX(LAL) | ŠURX(LAL) | šurux(LAL) | šurx(LAL)
U+121F3,𒇳,lal × lal,LAL₂,kurnun? | la₅ | laʾu | lal-lal | lal₂ | lalʾu | lalla | lallal | papnun
U+121F4,𒇴,lam,LAM,EŠX(LAM) | LA12 | LAM | LAMA | LAMMAX(LAM) | LIM3 | LUGX(LAM) | ešx(LAM) | la12 | lam | lama | lammax(LAM) | lim3 | lugx(LAM)
U+121F5,𒇵,lam × kur,LAM×KUR,ARAD3 | EŠ22 | EŠUX(|LAM×KUR|) | IŠ11 | LAM7 | LAM×KUR | arad3 | eš22 | ešux(|LAM×KUR|) | iš11 | lam7
U+121F6,𒇶,lam × kur + ru,LAM×KUR+RU,ARATA | ARATTA | ARAŢA | LAM×KUR+RU | arata | aratta | araţa | ŠURIPAK2 | ŠURIPPAK2 | ŠURUPAK2 | ŠURUPPAK2 | šuripak2 | šurippak2 | šurupak2 | šuruppak2 | LAM×KURxRU
U+121F7,𒇷,li,LI,EN3 | GUB2 | GUP2 | LE | LI | NI8 | NU9 | en3 | gub2 | gup2 | le | li | ni8 | nu9
U+121F8,𒇸,lil,LIL,IL9 | KURX(LIL) | LIL | SUKUX(LIL) | il9 | kurx(LIL) | lil | sukux(LIL)
U+121F9,𒇹,limmu₂,LIMMU2,ARBA | ARRAP | ERBA | LAM4 | LAMMU2 | LIM2 | LIMMU2 | LIMU2 | arba | arrap | erba | lam4 | lammu2 | lim2 | limmu2 | limu2
U+121FA,𒇺,lish,LIŠ,del₂ | dili₂ | dilim₂ | li₁₂ | lih₄? | lis | liš | liz | mal₄? | šil₄
U+121FB,𒇻,lu,LU,EZE | LU | LUG | NU12 | SI6 | UDU | eze | lu | lug | nu12 | si6 | udu
U+121FC,𒇼,lu × bad,LU×BAD,AD3 | ADDA2 | LU×BAD | ad3 | adda2
U+121FD,𒇽,lu₂,LU2,ADDAX(LU2) | DUX(LU2) | GIRIX(LU2) | LU2 | NA6 | RUH2 | addax(LU2) | dux(LU2) | girix(LU2) | lu2 | na6 | ruh2 | ŠA11 | ŠAGAX(LU2) | ŠAĜAX(LU2) | ša11 | šagax(LU2) | šaĝax(LU2)
U+121FE,𒇾,lu₂ × al,LU2×AL,DUBAL5 | LU2×AL | dubal5
U+121FF,𒇿,lu₂ × bad,LU2×BAD,AD6 | ADAX(|LU2×BAD|) | ADDA | LU2×BAD | ad6 | adax(|LU2×BAD|) | adda
U+12200,𒈀,lu₂ × esh₂,LU2×EŠ2,EREX(|LU2×EŠ2|) | ERX(|LU2×EŠ2|) | LU2×EŠ2 | erex(|LU2×EŠ2|) | erx(|LU2×EŠ2|)
U+12201,𒈁,lu₂ × esh₂ tenu,LU2×EŠ2@t,ER13 | ERI13 | IR13 | LU2×EŠ2@T | LU2×EŠ2@t | er13 | eri13 | ir13
U+12202,𒈂,lu₂ × gan₂ tenu,LU2×GAN2@t,HEŠ5 | LU2×GAN2@T | LU2×GAN2@t | heš5 | ŠAGA | ŠAĜA | ŠE29 | šaga | šaĝa | še29
U+12203,𒈃,lu₂ × hi × bad,LU2×HI×BAD,KAMA5 | LU2×HI×BAD | kama5
U+12204,𒈄,lu₂ × im,LU2×IM,LU2×IM
U+12205,𒈅,lu₂ × kad₂,LU2×KAD2,DUBAL3 | LU2×KAD2 | dubal3
U+12206,𒈆,lu₂ × kad₃,LU2×KAD3,DUBAL4 | LU2×KAD3 | dubal4
U+12207,𒈇,lu₂ × kad₃ + ash,LU2×KAD3+AŠ,LU2×KAD3+AŠ | ZANABAL2 | zanabal2 | LU2×KAD3xAŠ
U+12208,𒈈,lu₂ × ki,LU2×KI,DUBAL6 | GURUD2 | LU2×KI | dubal6 | gurud2
U+12209,𒈉,lu₂ × la + ash,LU2×LA+AŠ,LU2×LA+AŠ | ZANABAL | zanabal | LU2×LAxAŠ
U+1220A,𒈊,lu₂ × lagab,LU2×LAGAB,/TEŠLUG/ | /tešlug/ | DINIG3 | EŠLUG | HAR3 | HARA3 | LU2×LAGAB | TEŠLUG | dinig3 | ešlug | har3 | hara3 | tešlug
U+1220B,𒈋,lu₂ × me + en,LU2×ME+EN,DINIG2 | LU2×ME+EN | dinig2 | LU2×MExEN
U+1220C,𒈌,lu₂ × ne,LU2×NE,DU14 | LU2×NE | du14
U+1220D,𒈍,lu₂ × nu,LU2×NU,...TALLU | ...tallu | LU2×NU
U+1220E,𒈎,lu₂ × si + ash,LU2×SI+AŠ,LU2×SI+AŠ | ZANABAL3 | zanabal3 | LU2×SIxAŠ
U+1220F,𒈏,lu₂ × sik₂ + bu,LU2×SIK2+BU,...AŠ | LU2×SIK2+BU | LU2×SIK2xBU
U+12210,𒈐,lu₂ × tug₂,LU2×TUG2,AZALAG7 | AZLAG7 | AŠLAG7 | DUBAL7 | LU2×TUG2 | azalag7 | azlag7 | ašlag7 | dubal7
U+12211,𒈑,lu₂ tenu,LU2@t,LIL8 | LU2@T | LU2@t | lil8
U+12212,𒈒,lu₂ crossing lu₂,,
U+12213,𒈓,lu₂ opposing lu₂,LU2,ADDAX(LU2) | DUX(LU2) | GIRIX(LU2) | LU2 | NA6 | RUH2 | addax(LU2) | dux(LU2) | girix(LU2) | lu2 | na6 | ruh2 | ŠA11 | ŠAGAX(LU2) | ŠAĜAX(LU2) | ša11 | šagax(LU2) | šaĝax(LU2)
U+12214,𒈔,lu₂ squared,LU2,ADDAX(LU2) | DUX(LU2) | GIRIX(LU2) | LU2 | NA6 | RUH2 | addax(LU2) | dux(LU2) | girix(LU2) | lu2 | na6 | ruh2 | ŠA11 | ŠAGAX(LU2) | ŠAĜAX(LU2) | ša11 | šagax(LU2) | šaĝax(LU2)
U+12215,𒈕,lu₂ sheshig,LU₂@s,ad₇ | addaₓ | dim₃ | irina₃ | ri₉ | rin₅ | ug₈? | kama₆ | kamad | lugam
U+12216,𒈖,lu₃,LU3,GADX(LU3) | GAR5 | GUDX(LU3) | GUG2 | KUK2 | LU3 | gadx(LU3) | gar5 | gudx(LU3) | gug2 | kuk2 | lu3
U+12217,𒈗,lugal,LUGAL,BIŠEBA | BIŠEBI | HANIŠ2 | LILLAN | LUGAL | LUGALA | NURRA | RAB3 | SAG4 | SAĜ4 | bišeba | bišebi | haniš2 | lillan | lugal | lugala | nurra | rab3 | sag4 | saĝ4 | ŠAR3 | ŠARAX(LUGAL) | ŠARRA | ŠARRU | ŠUGUR | šar3 | šarax(LUGAL) | šarra | šarru | šugur
U+12218,𒈘,lugal / lugal,|LUGAL&LUGAL|,adamen₂ | adamin₂ | dadrum? | gug₅ | kukuₓ | adamenₓ | eₓ | gug₅ | adamin₂ | gug₅
U+12219,𒈙,lugal opposing lugal,LUGAL,BIŠEBA | BIŠEBI | HANIŠ2 | LILLAN | LUGAL | LUGALA | NURRA | RAB3 | SAG4 | SAĜ4 | bišeba | bišebi | haniš2 | lillan | lugal | lugala | nurra | rab3 | sag4 | saĝ4 | ŠAR3 | ŠARAX(LUGAL) | ŠARRA | ŠARRU | ŠUGUR | šar3 | šarax(LUGAL) | šarra | šarru | šugur
U+1221A,𒈚,lugal sheshig,LUGAL@s,dimₓ
U+1221B,𒈛,luh,LUH,HULUH | LAH3 | LAHA3 | LIH3 | LUH | LUHU | NAH | RAH | RIH | RUH | SUBUR2 | SUGAL7 | SUKAL | SUKKAL | huluh | lah3 | laha3 | lih3 | luh | luhu | nah | rah | rih | ruh | subur2 | sugal7 | sukal | sukkal | ŠUKAL | ŠUKKAL | šukal | šukkal
U+1221C,𒈜,lul,LUL,BAH3 | BUH | DUGAX(LUL) | DUNGA2 | ILUMER3 | KA5 | KUŠUM2 | LAB2 | LEP | LIB | LIBI | LIP | LU5 | LUB | LUGX(LUL) | LUL | LULU | LUP | NAR | NARI | PAH | PAN2 | PIH | PUH | SAR7 | SULUG | ZULUG | bah3 | buh | dugax(LUL) | dunga2 | ilumer3 | ka5 | kušum2 | lab2 | lep | lib | libi | lip | lu5 | lub | lugx(LUL) | lul | lulu | lup | nar | nari | pah | pan2 | pih | puh | sar7 | sulug | zulug | ŠATAM | ŠATTAM | ŠAŢAM | ŠE11 | šatam | šattam | šaţam | še11
U+1221D,𒈝,lum,LUM,EGIR5 | EĜIR5 | GAMX(LUM) | GU15 | GUD6 | GUM2 | GUMU | GUN5 | GUZ | HU5 | HUM | HUMU | HUS | HUZ | KUNX(LUM) | KUS2 | KUĜX(LUM) | KUŞ2 | LAMX(LUM) | LU4 | LUM | LUMA | LUMU | NIM4 | NU4 | NUM2 | QUM3 | egir5 | eĝir5 | gamx(LUM) | gu15 | gud6 | gum2 | gumu | gun5 | guz | hu5 | hum | humu | hus | huz | kunx(LUM) | kus2 | kuĝx(LUM) | kuş2 | lamx(LUM) | lu4 | lum | luma | lumu | nim4 | nu4 | num2 | qum3
U+1221E,𒈞,lum / lum,|LUM&LUM|,gum₂-gum₂ | gumgum
U+1221F,𒈟,lum / lum gar / gar,|LUM&LUM.GAR&GAR|,lugud₃
U+12220,𒈠,ma,MA,MA | PEŠ3 | PEŠŠE | WA6 | ma | peš3 | pešše | wa6
U+12221,𒈡,ma × tak₄,MA×TAK4,MA×TAK4 | ŠIRX(|MA×TAK4|) | širx(|MA×TAK4|)
U+12222,𒈢,ma gunu,MA@g,DURBA | HAŠHUR | MA@G | MA@g | durba | hašhur
U+12223,𒈣,ma₂,MA2,HUX(MA2) | MA2 | hux(MA2) | ma2
U+12224,𒈤,mah,MAH,AL6 | MAH | MAHA | MIH | al6 | mah | maha | mih | ŠUTUR | šutur
U+12225,𒈥,mar,MAR,GAR7 | MAR | MARA | WAR2 | gar7 | mar | mara | war2 | ĜAR7 | ĝar7
U+12226,𒈦,mash,MAŠ,BA7 | BAŠ | MA7 | MAS | MAŚ | MAŞ | MAŠ | MAŠA | NAŠ | SA9 | TIL9 | WAŠ | ZIPAH | ba7 | baš | ma7 | mas | maś | maş | maš | maša | naš | sa9 | til9 | waš | zipah
U+12227,𒈧,mash₂,MAŠ2,KUN8 | MAZ2 | MAŠ2 | MAŠAKU | kun8 | maz2 | maš2 | mašaku
U+12228,𒈨,me,ME,BA13 | DEŠ4 | DIŠ4 | GALX(ME) | GAX(ME) | GEX(ME) | ISIB | IŠIB | MA6 | ME | MEN2 | MEŠ2 | MI3 | SIB | SIP | TUBA | ba13 | deš4 | diš4 | galx(ME) | gax(ME) | gex(ME) | isib | išib | ma6 | me | men2 | meš2 | mi3 | sib | sip | tuba | ŠAB4 | ŠIB | ŠIP | šab4 | šib | šip
U+12229,𒈩,mes,MES,DUBX(MES) | KIŠIB | MES | MESA | MESI | MEZ | MEŠ3 | MIS | MIŞ | MIŠ | RID | RIT | RIŢ | dubx(MES) | kišib | mes | mesa | mesi | mez | meš3 | mis | miş | miš | rid | rit | riţ
U+1222A,𒈪,mi,MI,DUGUD2 | GA12 | GE6 | GI6 | GIG2 | GIGGI | GIGI2 | GIKKI | KU10 | KU10-KU10 | KUKKU5 | KUKU5 | ME2 | MI | MUŠ9 | MUŠI | MUŠU | SIL4 | SUX(MI) | WI4 | dugud2 | ga12 | ge6 | gi6 | gig2 | giggi | gigi2 | gikki | ku10 | ku10-ku10 | kukku5 | kuku5 | me2 | mi | muš9 | muši | mušu | sil4 | sux(MI) | wi4 | ĜE6 | ĜI6 | ĝe6 | ĝi6 | ŞIL2 | şil2
U+1222B,𒈫,min,MIN,MENX(MIN) | MIN | MINA | menx(MIN) | min | mina | ŠIN2 | ŠINA | šin2 | šina
U+1222C,𒈬,mu,MU,GU10 | I14 | IA5 | MEHIDA | MEHIDI | MEHIDU | MU | MUHALDIM | MUHALDIMA | SUH7 | TAH3 | TUH3 | WU4 | gu10 | i14 | ia5 | mehida | mehidi | mehidu | mu | muhaldim | muhaldima | suh7 | tah3 | tuh3 | wu4 | ĜU10 | ĝu10 | ŠAD2 | ŠU10 | ŠUM3 | ŠUMU | šad2 | šu10 | šum3 | šumu
U+1222D,𒈭,mu / mu,|MU&MU|,dah | siskurₓ | tah | taha | tuh₂ | ṭah
U+1222E,𒈮,mug,MUG,BUK | GAGGIM | GAGIM | GAKIM | GUGGIM | GUGIM | GUKIM | MUG | MUGA | MUGUX(MUG) | MUK | MUQ | PUK | WUK | buk | gaggim | gagim | gakim | guggim | gugim | gukim | mug | muga | mugux(MUG) | muk | muq | puk | wuk | ŠUK2 | šuk2
U+1222F,𒈯,mug gunu,MUG@g,MUG@G | MUG@g | UTTU4 | UŢU4 | ZADIM | uttu4 | uţu4 | zadim
U+12230,𒈰,munsub,MUNSUB,MUNSUB | MUNŠUB | MUSUB | SUB5 | SUMUR3 | munsub | munšub | musub | sub5 | sumur3 | ŠUB4 | šub4
U+12231,𒈱,murgu₂,MURGU2,EĜIR6 | LUMX(MURGU2) | MUR7 | MUR8 | MURGU2 | eĝir6 | lumx(MURGU2) | mur7 | mur8 | murgu2
U+12232,𒈲,mush,MUŠ,IMDUDU | IRHAN | MUŠ | NERAH | NIRAH | SAHAN | ULUDI | ULUKI | WUŠ | ZER3 | ZIR3 | imdudu | irhan | muš | nerah | nirah | sahan | uludi | uluki | wuš | zer3 | zir3 | ŞIR | ŞUR2 | şir | şur2 | ŠAHAN2 | ŠER10 | ŠERAH | ŠIR10 | ŠUBAX(MUŠ) | šahan2 | šer10 | šerah | šir10 | šubax(MUŠ)
U+12233,𒈳,mush × a,MUŠ×A,MUŠ×A | ŠEX(|MUŠ×A|) | šex(|MUŠ×A|)
U+12234,𒈴,mush × kur,MUŠ×KUR,MUŠ×KUR
U+12235,𒈵,mush × za,MUŠ×ZA,MUŠ×ZA | ŠEX(|MUŠ×ZA|) | šex(|MUŠ×ZA|)
U+12236,𒈶,mush / mush,|MUŠ&MUŠ|,arinaₓ | mušₓ
U+12237,𒈷,mush / mush × a + na,|(MUŠ&MUŠ)×(A.NA)|,arinaₓ
U+12238,𒈸,mush crossing mush,|MUŠ%MUŠ|,arinaₓ | kunigara₄ | mušₓ | mušdama₂ | muškuₓ | re₈ | ri₈ | rin₄ | riₓ
U+12239,𒈹,mush₃,MUŠ3,ENNIN | GA-ŠA-AN-AN-NA | INANA | INANNA | ININI | INNANA | INNIN | IŠTAR | MIM2 | MUŠ3 | MUŠKU | NINNI6 | SAR5 | SE27 | SED6 | SEDI6 | SUBA4 | SUH10 | SUKU6 | SUKUD3 | SUKUŠ | SUS2 | SUSBU4 | SUZ2 | ZANARU | ennin | ga-ša-an-an-na | inana | inanna | inini | innana | innin | ištar | mim2 | muš3 | mušku | ninni6 | sar5 | se27 | sed6 | sedi6 | suba4 | suh10 | suku6 | sukud3 | sukuš | sus2 | susbu4 | suz2 | zanaru | ŠE23 | ŠED12 | ŠUBA4 | še23 | šed12 | šuba4
U+1223A,𒈺,mush₃ × a,MUŠ3×A,MUŠ3×A | ŠEDX(|MUŠ3×A|) | ŠEX(|MUŠ3×A|) | šedx(|MUŠ3×A|) | šex(|MUŠ3×A|)
U+1223B,𒈻,mush₃ × a + di,MUŠ3×A+DI,AMAGI | HALBA | HALBI | HALBU | MABI | MAMMI | MUŠ3×A+DI | SE9 | SED | SEDI | SID | amagi | halba | halbi | halbu | mabi | mammi | se9 | sed | sedi | sid | ŠE4 | ŠED7 | še4 | šed7 | MUŠ3×AxDI
U+1223C,𒈼,mush₃ × di,MUŠ3×DI,AMAGIX(|MUŠ3×DI|) | HALBAX(|MUŠ3×DI|) | HALBIX(|MUŠ3×DI|) | MUŠ3×DI | SEDX(|MUŠ3×DI|) | SEX(|MUŠ3×DI|) | amagix(|MUŠ3×DI|) | halbax(|MUŠ3×DI|) | halbix(|MUŠ3×DI|) | sedx(|MUŠ3×DI|) | sex(|MUŠ3×DI|) | ŠEX(|MUŠ3×DI|) | šex(|MUŠ3×DI|)
U+1223D,𒈽,mush₃ gunu,MUŠ3@g,MUŠ2 | MUŠ3@G | MUŠ3@g | SE28 | SED7 | SEDI7 | SIH4 | SU10 | SUH | SUKU5 | SUKUD2 | SUS | SUSBU2 | SUZ | SUZBU2 | SUŠBU | TIŠPAK | muš2 | se28 | sed7 | sedi7 | sih4 | su10 | suh | suku5 | sukud2 | sus | susbu2 | suz | suzbu2 | sušbu | tišpak | ŠE24 | ŠED13 | ŠUH | ŠUKX(MUŠ3@G) | ŠUSBU | ŠUŠINAKX(MUŠ3@G) | še24 | šed13 | šuh | šukx(MUŠ3@g) | šusbu | šušinakx(MUŠ3@g)
U+1223E,𒈾,na,NA,ANIKU | NA | NE6 | NU8 | aniku | na | ne6 | nu8
U+1223F,𒈿,na₂,NA2,DARAMX(NA2) | NA2 | NAD3 | NE7 | NU2 | NUD | TIMUAX(NA2) | daramx(NA2) | na2 | nad3 | ne7 | nu2 | nud | timuax(NA2) | ŠEX(NA2) | šex(NA2)
U+12240,𒉀,naga,NAGA,EREŠ2 | ERIŠ2 | HILIB2 | NAGA | NAK2 | NAMA | NANGA6 | NAĜA | NIDABA2 | NISABA2 | TE3 | TEME | TU22 | UGAX(NAGA) | ereš2 | eriš2 | hilib2 | naga | nak2 | nama | nanga6 | naĝa | nidaba2 | nisaba2 | te3 | teme | tu22 | ugax(NAGA)
U+12241,𒉁,naga inv.,NAGA@180,teme₂ | temeₓ
U+12242,𒉂,naga × shu tenu,NAGA×ŠU@t,NAGA×ŠU@T | NAGA×ŠU@t | TU23 | tu23
U+12243,𒉃,naga opposing naga,NAGA,EREŠ2 | ERIŠ2 | HILIB2 | NAGA | NAK2 | NAMA | NANGA6 | NAĜA | NIDABA2 | NISABA2 | TE3 | TEME | TU22 | UGAX(NAGA) | ereš2 | eriš2 | hilib2 | naga | nak2 | nama | nanga6 | naĝa | nidaba2 | nisaba2 | te3 | teme | tu22 | ugax(NAGA)
U+12244,𒉄,nagar,NAGAR,ALLA | BULUG4 | E10 | HAIA | HAYA | ILDUMX(NAGAR) | ILLA | LAMGA | NAGAR | NAGARA | NIMINX(NAGAR) | alla | bulug4 | e10 | haia | haya | ildumx(NAGAR) | illa | lamga | nagar | nagara | niminx(NAGAR)
U+12245,𒉅,nam nutillu,BURU₅,birₓ | bur₅ | buru₅ | parₓ | buru₅
U+12246,𒉆,nam,NAM,BIR5 | BIX(NAM) | NA7 | NAM | PIR6 | SI13 | SIM | SIN2 | bir5 | bix(NAM) | na7 | nam | pir6 | si13 | sim | sin2 | ŚIM2 | śim2 | ŠAM4 | ŠEN3 | ŠIM2 | šam4 | šen3 | šim2
U+12247,𒉇,nam₂,NAM2,NAM2 | nam2
U+12248,𒉈,ne,NE,BAR7 | BARAX(NE) | BE7 | BI2 | BIL | BILA | BILI | BIR9 | DE3 | DI7 | DIDALX(NE) | DU17 | GE9 | GI9 | GIBIL4 | GIR10 | GUM3 | IBBIX(NE) | IZI | IZU | KU16 | KUM2 | KUN9 | LAM2 | LAMA2 | LE9 | LEM4 | LI9 | LIM4 | NE | NI5 | NUNX(NE) | PE5 | PEL | PI5 | PIL | QUM2 | TE4 | TI9 | ZAH | ZIX(NE) | bar7 | barax(NE) | be7 | bi2 | bil | bila | bili | bir9 | de3 | di7 | didalx(NE) | du17 | ge9 | gi9 | gibil4 | gir10 | gum3 | ibbix(NE) | izi | izu | ku16 | kum2 | kun9 | lam2 | lama2 | le9 | lem4 | li9 | lim4 | ne | ni5 | nunx(NE) | pe5 | pel | pi5 | pil | qum2 | te4 | ti9 | zah | zix(NE) | ŞAH | ŞEH2 | şah | şeh2 | ŠARX(NE) | ŠE6 | ŠEG6 | ŠEMX(NE) | ŠEĜ6 | šarx(NE) | še6 | šeg6 | šemx(NE) | šeĝ6 | ŢE3 | ŢI5 | ţe3 | ţi5
U+12249,𒉉,ne × a,NE×A,ENTEN | ENTENA | EŠ13 | NE×A | enten | entena | eš13
U+1224A,𒉊,ne × ud,NE×UD,EMEŠ2 | EŠ12 | NE×UD | emeš2 | eš12
U+1224B,𒉋,ne sheshig,NE@s,bel₂ | bi₅ | bil₂ | ge₁₀ | gi₁₀ | gibi | gibil | gibila | gigiₓ | gil₄ | ne₈ | pel₂ | pil₂ | bilₓ | bilₓ | bilₓ | bilₓ | bilₓ | bilₓ | bilₓ | bilₓ | bilₓ | bilₓ
U+1224C,𒉌,ni,NI,BE3 | BUX(NI) | DEX(NI) | DIG | DIGI | DIK | DIQ | GAMAR | GUB4 | GUR13 | HAX(NI) | I3 | IA3 | ILIX(NI) | LE2 | LI2 | LIBX(NI) | LID2 | MU5 | NE2 | NI | SAL3 | SAR3 | SUL2 | SUŠ2 | TIQ2 | UX(NI) | YA3 | ZAGGA | ZAL | ZALA | ZALLI | ZAR2 | ZAĜA | be3 | bux(NI) | dex(NI) | dig | digi | dik | diq | gamar | gub4 | gur13 | hax(NI) | i3 | ia3 | ilix(NI) | le2 | li2 | libx(NI) | lid2 | mu5 | ne2 | ni | sal3 | sar3 | sul2 | suš2 | tiq2 | ux(NI) | ya3 | zagga | zal | zala | zalli | zar2 | zaĝa | ŞAL | şal | ŠAL3 | ŠAMNU | ŠAR8 | šal3 | šamnu | šar8 | 'a5 | 'A5 | bu16 | BU16
U+1224D,𒉍,ni × e,NI×E,NI×E
U+1224E,𒉎,ni₂,NI2,ME10 | NI2 | me10 | ni2
U+1224F,𒉏,nim,NIM,ALAMAX(NIM) | DEH3 | DEHI3 | DIH3 | DIHI3 | ELAM | ELAMA | ELAMU | ENIM2 | NAM3 | NEM | NI7 | NIM | NIMA | NU3 | NUM | RUM3 | TEHE3 | TEHI3 | TU8 | TUM4 | TUMU4 | alamax(NIM) | deh3 | dehi3 | dih3 | dihi3 | elam | elama | elamu | enim2 | nam3 | nem | ni7 | nim | nima | nu3 | num | rum3 | tehe3 | tehi3 | tu8 | tum4 | tumu4
U+12250,𒉐,nim × gan₂ tenu,NIM×GAN2@t,KUX(|NIM×GAN2@T|) | NIM×GAN2@T | NIM×GAN2@t | TU25 | TUM3 | TUMU3 | kux(|NIM×GAN2@t|) | tu25 | tum3 | tumu3
U+12251,𒉑,nim × gar + gan₂ tenu,NIM×GAR+GAN2@t,KIR7 | NIM×GAR+GAN2@T | NIM×GAR+GAN2@t | TUM11 | kir7 | tum11 | NIM×GARxGAN2@T | NIM×GARxGAN2@t
U+12252,𒉒,ninda₂,NINDA2,GUR9 | INDA | NIDA2 | NINDA2 | gur9 | inda | nida2 | ninda2
U+12253,𒉓,ninda₂ × an,NINDA2×AN,NINDA2×AN | SAMX(|NINDA2×AN|) | SAN3 | SAX(|NINDA2×AN|) | samx(|NINDA2×AN|) | san3 | sax(|NINDA2×AN|) | ŠAM3 | ŠAN | šam3 | šan
U+12254,𒉔,ninda₂ × ash,NINDA2×AŠ,INDAGARAX(|NINDA2×AŠ|) | NINDA2×AŠ | indagarax(|NINDA2×AŠ|)
U+12255,𒉕,ninda₂ × ash + ash,NINDA2×AŠ+AŠ,NINDA2×AŠ+AŠ | SAX(|NINDA2×AŠ+AŠ|) | sax(|NINDA2×AŠ+AŠ|) | NINDA2×AŠxAŠ | SAX(|NINDA2×AŠxAŠ|) | sax(|NINDA2×AŠxAŠ|)
U+12256,𒉖,ninda₂ × gud,NINDA2×GUD,INDAGRA | NINDA2×GUD | indagra
U+12257,𒉗,ninda₂ × me + gan₂ tenu,NINDA2×ME+GAN2@t,NINDA2×ME+GAN2@T | NINDA2×ME+GAN2@t | NINDAMEKAR | nindamekar | NINDA2×MExGAN2@T | NINDA2×MExGAN2@t
U+12258,𒉘,ninda₂ × ne,NINDA2×NE,AG2 | AGA2 | AKA2 | AM2 | AĜ2 | EG3 | EM3 | EĜ3 | IG3 | IM3 | IĜ3 | NINDA2×NE | RAM | RAMA | UGX(|NINDA2×NE|) | ag2 | aga2 | aka2 | am2 | aĝ2 | eg3 | em3 | eĝ3 | ig3 | im3 | iĝ3 | ram | rama | ugx(|NINDA2×NE|)
U+12259,𒉙,ninda₂ × nun,NINDA2×NUN,NINDA2×NUN
U+1225A,𒉚,ninda₂ × she,NINDA2×ŠE,AGX(|NINDA2×ŠE|) | NINDA2×ŠE | SA10 | SAM2 | agx(|NINDA2×ŠE|) | sa10 | sam2 | ŠAM2 | šam2
U+1225B,𒉛,ninda₂ × she + a an,,
U+1225C,𒉜,ninda₂ × she + ash,NINDA2×ŠE+AŠ,NINDA2×ŠE+AŠ | SAX(|NINDA2×ŠE+AŠ|) | sax(|NINDA2×ŠE+AŠ|) | NINDA2×ŠExAŠ | SAX(|NINDA2×ŠExAŠ|) | sax(|NINDA2×ŠExAŠ|)
U+1225D,𒉝,ninda₂ × she + ash + ash,NINDA2×ŠE+AŠ+AŠ,NINDA2×ŠE+AŠ+AŠ | SAX(|NINDA2×ŠE+AŠ+AŠ|) | sax(|NINDA2×ŠE+AŠ+AŠ|) | NINDA2×ŠExAŠxAŠ | SAX(|NINDA2×ŠExAŠxAŠ|) | sax(|NINDA2×ŠExAŠxAŠ|)
U+1225E,𒉞,ninda₂ × u₂ + ash,NINDA2×U2+AŠ,MURU11 | MURUM11 | NINDA2×U2+AŠ | UBUDIL | UBUDILI | UGUDIL | UGUDILI | UR7 | URU6 | URUM | UŠBAR6 | UŠBUR6 | muru11 | murum11 | ubudil | ubudili | ugudil | ugudili | ur7 | uru6 | urum | ušbar6 | ušbur6 | NINDA2×U2xAŠ
U+1225F,𒉟,ninda₂ × ush,NINDA2×UŠ,NINDA2×UŠ | SUHUŠ2 | suhuš2
U+12260,𒉠,nisag,NISAG,MUR2 | MURI | MURU2 | MURUB4 | NESAG | NESAĜ | NISAG | NISAĜ | SAG5 | SAX(NISAG) | SAĜ5 | ZAG3 | ZAX(NISAG) | ZAĜ3 | mur2 | muri | muru2 | murub4 | nesag | nesaĝ | nisag | nisaĝ | sag5 | sax(NISAG) | saĝ5 | zag3 | zax(NISAG) | zaĝ3
U+12261,𒉡,nu,NU,LA3 | NU | SARX(NU) | SIR5 | SURX(NU) | UL2 | la3 | nu | sarx(NU) | sir5 | surx(NU) | ul2 | ŠIR5 | šir5
U+12262,𒉢,nu₁₁,NU11,DURI | ENŠAB | GEŠNU | GIŠNU | NU11 | NUMX(NU11) | NURX(NU11) | PIL6 | SAKARX(NU11) | SUDX(NU11) | duri | enšab | gešnu | gišnu | nu11 | numx(NU11) | nurx(NU11) | pil6 | sakarx(NU11) | sudx(NU11) | ĜEŠNU | ĝešnu
U+12263,𒉣,nun,NUN,...RI | ...ri | ABX(NUN) | AGARGARAX(NUN) | DABAX(NUN) | DABX(NUN) | ERIDA | ERIDU | ERIDUG | ERIDUGA | GAR6 | GARA6 | LI11 | NU6 | NUN | NUNA | NUNUN | NUĜX(NUN) | RABX(NUN) | SIL2 | ZA4 | ZALX(NUN) | ZEL | ZIL | abx(NUN) | agargarax(NUN) | dabax(NUN) | dabx(NUN) | erida | eridu | eridug | eriduga | gar6 | gara6 | li11 | nu6 | nun | nuna | nunun | nuĝx(NUN) | rabx(NUN) | sil2 | za4 | zalx(NUN) | zel | zil | ŞIL | şil
U+12264,𒉤,nun lagar × gar,|NUN.LAGAR×GAR|,gagaₓ | galgaₓ | ŋalgaₓ | gagaₓ
U+12265,𒉥,nun lagar × mash,,
U+12266,𒉦,nun lagar × sal,|NUN.LAGAR×SAL|,arhus₂ | arhuš₂ | immal₂ | šallam | šilaₓ | šilam | šillatₓ | turₓ | uš₅ | immal | šilam⁻ | arhuš₃ | immal | šalam₂ | šallam₂ | šilam₂ | turₓ | uš₆
U+12267,𒉧,nun lagar × sal / nun lagar × sal,|(NUN.LAGAR×SAL)&(NUN.LAGAR×SAL)|,akarₓ | akraₓ
U+12268,𒉨,nun lagar × ush,|NUN.LAGAR×UŠ|,xrigₓ
U+12269,𒉩,nun tenu,NUN@t,AGARGARA | GARX(NUN@T) | NAPPILU | NUN@T | NUN@t | agargara | garx(NUN@t) | nappilu
U+1226A,𒉪,nun / nun,|NUN&NUN|,lurₓ | nar₃ | naraₓ | nenerₓ | ner | ninir | nir | nira | nur | ri₅ | šer₇ | tirₓ?
U+1226B,𒉫,nun crossing nun,|NUN%NUN|,adamen₄ | adamin₄ | eribura | irburaₓ | iribura | liri₆ | liru₆ | lirum₆ | šed₃ | šeššed | šid₃ | urgilim
U+1226C,𒉬,nun crossing nun lagar / lagar,|NUN%NUN.LAGAR&LAGAR|,akar | ega₂
U+1226D,𒉭,nunuz,NUNUZ,NUNU | NUNUS | NUNUZ | NUS | NUZ | PEL5 | SUG9 | nunu | nunus | nunuz | nus | nuz | pel5 | sug9
U+1226E,𒉮,nunuz ab₂ × ashgab,NUNUZ.AB2×AŠGAB,NUNUZ.AB2×AŠGAB | SAMAN5 | USAN3 | USAN3-SUR5 | USANDUX(|NUNUZ.AB2×AŠGAB|) | USANSURUX(|NUNUZ.AB2×AŠGAB|) | USUN | UZUNX(|NUNUZ.AB2×AŠGAB|) | saman5 | usan3 | usan3-sur5 | usandux(|NUNUZ.AB2×AŠGAB|) | usansurux(|NUNUZ.AB2×AŠGAB|) | usun | uzunx(|NUNUZ.AB2×AŠGAB|) | ŠAKAN5 | šakan5
U+1226F,𒉯,nunuz ab₂ × bi,NUNUZ.AB2×BI,HARAX(|NUNUZ.AB2×BI|) | HUBUR | MUD3 | NUNUZ.AB2×BI | PIHU2 | harax(|NUNUZ.AB2×BI|) | hubur | mud3 | pihu2
U+12270,𒉰,nunuz ab₂ × dug,NUNUZ.AB2×DUG,LAHTAN5 | NUNUZ.AB2×DUG | lahtan5
U+12271,𒉱,nunuz ab₂ × gud,NUNUZ.AB2×GUD,NUNUZ.AB2×GUD | USAGX(|NUNUZ.AB2×GUD|) | USANX(|NUNUZ.AB2×GUD|) | usagx(|NUNUZ.AB2×GUD|) | usanx(|NUNUZ.AB2×GUD|)
U+12272,𒉲,nunuz ab₂ × igi gunu,NUNUZ.AB2×IGI@g,NUNUZ.AB2×IGI@G | NUNUZ.AB2×IGI@g | PIHU6 | pihu6
U+12273,𒉳,nunuz ab₂ × kad₃,NUNUZ.AB2×KAD3,MUD8 | NUNUZ.AB2×KAD3 | mud8
U+12274,𒉴,nunuz ab₂ × la,NUNUZ.AB2×LA,LAHTAN | LAHTAX(|NUNUZ.AB2×LA|) | MUDX(|NUNUZ.AB2×LA|) | NUNUZ.AB2×LA | USAGX(|NUNUZ.AB2×LA|) | lahtan | lahtax(|NUNUZ.AB2×LA|) | mudx(|NUNUZ.AB2×LA|) | usagx(|NUNUZ.AB2×LA|)
U+12275,𒉵,nunuz ab₂ × ne,NUNUZ.AB2×NE,LAHTAN4 | NUNUZ.AB2×NE | lahtan4
U+12276,𒉶,nunuz ab₂ × sila₃,NUNUZ.AB2×SILA3,LAHTAN2 | NUNUZ.AB2×SILA3 | lahtan2
U+12277,𒉷,nunuz ab₂ × u₂,NUNUZ.AB2×U2,HARUBX(|NUNUZ.AB2×U2|) | NUNUZ.AB2×U2 | harubx(|NUNUZ.AB2×U2|)
U+12278,𒉸,nunuz kisim₅ × bi,NUNUZ.KISIM5×BI,HARAX(|NUNUZ.KISIM5×BI|) | NUNUZ.KISIM5×BI | harax(|NUNUZ.KISIM5×BI|)
U+12279,𒉹,nunuz kisim₅ × bi u,|NUNUZ.KISIM₅×BI.U|,lahtan₃
U+1227A,𒉺,pa,PA,ADDIRX(PA) | ARI3 | ARU | BA2 | DUR6 | DURU6 | ENDUR | GEŠTARA | GIDAR | GIDIRX(PA) | GIDRI | GIDRU | GIŠTURU | HAD | HANIŠ3 | HAS2 | HAZ2 | HAŞ2 | HAŢ | HENDUR | HUD | KUMX(PA) | KUN2 | LAR | LU9 | LUG2 | LUN | LUĜ2 | MAŠ4 | MIDRA | MU6 | MUA | MUATI | MUATU | MUDRU | MUNSUBX(PA) | MUWA | MUWATI | MUYA | MUYATI | PA | SAG3 | SAK3 | SEG3 | SI29 | SIG3 | SIGGA2 | SIQQAX(PA) | SULLAT2 | UGULA | UGULU | UX(PA) | ZAG2 | ZAK2 | ZAQ2 | addirx(PA) | ari3 | aru | ba2 | dur6 | duru6 | endur | geštara | gidar | gidirx(PA) | gidri | gidru | gišturu | had | haniš3 | has2 | haz2 | haş2 | haţ | hendur | hud | kumx(PA) | kun2 | lar | lu9 | lug2 | lun | luĝ2 | maš4 | midra | mu6 | mua | muati | muatu | mudru | munsubx(PA) | muwa | muwati | muya | muyati | pa | sag3 | sak3 | seg3 | si29 | sig3 | sigga2 | siqqax(PA) | sullat2 | ugula | ugulu | ux(PA) | zag2 | zak2 | zaq2 | ĜEDAR | ĜEDRU | ĜEŠTURU | ĜIDRI | ĜIDRU | ĝedar | ĝedru | ĝešturu | ĝidri | ĝidru | ŠAG3 | ŠULLAT2 | šag3 | šullat2
U+1227B,𒉻,pad,PAD,BAD2 | BAT2 | BU15 | KUR6 | KURUM6 | KURUMMAX(PAD) | PAD | PADA | PAT | PATA | PAX(PAD) | PAŢ | bad2 | bat2 | bu15 | kur6 | kurum6 | kurummax(PAD) | pad | pada | pat | pata | pax(PAD) | paţ | ŠUG | ŠUK | ŠUKU | ŠUKUN3 | ŠUKUR2 | ŠUQ | ŠUTUG | šug | šuk | šuku | šukun3 | šukur2 | šuq | šutug
U+1227C,𒉼,pan,PAN,BA10 | BAN | PAN | PANA | TIR5 | ba10 | ban | pan | pana | tir5
U+1227D,𒉽,pap,PAP,AHA3 | BA14 | BAB | BAP | GUR12 | KUR2 | KURU2 | PA4 | PAB | PAP | QUR4 | aha3 | ba14 | bab | bap | gur12 | kur2 | kuru2 | pa4 | pab | pap | qur4
U+1227E,𒉾,pesh₂,PEŠ2,GE19 | GILILI | GILIM2 | GILIN | KA6 | KILIM | KILIN | KIŠ5 | KIŠI5 | KIŠIB2 | KUŠ10 | NIKA | PEŠ2 | PIŠ2 | ge19 | gilili | gilim2 | gilin | ka6 | kilim | kilin | kiš5 | kiši5 | kišib2 | kuš10 | nika | peš2 | piš2
U+1227F,𒉿,pi,PI,A3 | AM7 | AW | BAX(PI) | BE6 | BI3 | BUX(PI) | DAX(PI) | EW | EX(PI) | GELTAN | GEŠDU | GEŠTU | GEŠTUG | GEŠTUNUX(PI) | GIŠDU | GIŠTU | GIŠTUG | GIŠTUNUX(PI) | I16 | IU2 | IW | MA9 | ME8 | MEŠTUNUX(PI) | MI5 | MIŠTUNUX(PI) | MUŠTU | MUŠTUG | NEDA | PA12 | PE | PI | TA7 | TAL2 | TALA2 | TIL7 | U17 | UW | UŠTU | UŠTUG | WA | WE | WI | WU | YA | YE | YI | YU | a3 | am7 | aw | bax(PI) | be6 | bi3 | bux(PI) | dax(PI) | ew | ex(PI) | geltan | gešdu | geštu | geštug | geštunux(PI) | gišdu | gištu | gištug | gištunux(PI) | i16 | iu2 | iw | ma9 | me8 | meštunux(PI) | mi5 | mištunux(PI) | muštu | muštug | neda | pa12 | pe | pi | ta7 | tal2 | tala2 | til7 | u17 | uw | uštu | uštug | wa | we | wi | wu | ya | ye | yi | yu | ĜESTUG | ĜEŠDU | ĜEŠTU | ĜEŠTUG | ĜISTUG | ĜIŠDU | ĜIŠTU | ĜIŠTUG | ĝestug | ĝešdu | ĝeštu | ĝeštug | ĝistug | ĝišdu | ĝištu | ĝištug
U+12280,𒊀,pi × a,PI×A,PI×A | WA4 | wa4
U+12281,𒊁,pi × ab,PI×AB,PI×AB
U+12282,𒊂,pi × bi,PI×BI,PI×BI
U+12283,𒊃,pi × bu,PI×BU,PI×BU
U+12284,𒊄,pi × e,PI×E,PI×E | WE2 | we2
U+12285,𒊅,pi × i,PI×I,PI×I | WI2 | wi2
U+12286,𒊆,pi × ib,PI×IB,PI×IB
U+12287,𒊇,pi × u,PI×U,PI×U | WU2 | wu2
U+12288,𒊈,pi × u₂,PI×U2,PI×U2 | WU3 | wu3
U+12289,𒊉,pi crossing pi,|PI%PI|,taltal
U+1228A,𒊊,pirig,PIRIG,NE3 | NEMURX(PIRIG) | NISKU | PIL7 | PIRIG | PIRIGA | PIRIĜ | PIRIĜA | UG2 | UĜ2 | ne3 | nemurx(PIRIG) | nisku | pil7 | pirig | piriga | piriĝ | piriĝa | ug2 | uĝ2
U+1228B,𒊋,pirig × kal,PIRIG×KAL,NIB | PIRIG×KAL | nib
U+1228C,𒊌,pirig × ud,PIRIG×UD,PIRIG3 | PIRIG×UD | PIRIĜ3 | U21 | UDX(|PIRIG×UD|) | UG | UK | UKU4 | UQ | pirig3 | piriĝ3 | u21 | udx(|PIRIG×UD|) | ug | uk | uku4 | uq
U+1228D,𒊍,pirig × za,PIRIG×ZA,AS | ASA | AZ | AZA | AŞ | PIRIG×ZA | UGX(|PIRIG×ZA|) | US4 | UZ4 | UŞ4 | as | asa | az | aza | aş | ugx(|PIRIG×ZA|) | us4 | uz4 | uş4
U+1228E,𒊎,pirig opposing pirig,PIRIG,NE3 | NEMURX(PIRIG) | NISKU | PIL7 | PIRIG | PIRIGA | PIRIĜ | PIRIĜA | UG2 | UĜ2 | ne3 | nemurx(PIRIG) | nisku | pil7 | pirig | piriga | piriĝ | piriĝa | ug2 | uĝ2
U+1228F,𒊏,ra,RA,RA | RAH2 | ra | rah2
U+12290,𒊐,rab,RAB,RAB | RABA | RAP | rab | raba | rap
U+12291,𒊑,ri,RI,BAGX(RI) | BAKX(RI) | DAL | DALA | DE5 | DEGX(RI) | DI5 | EŠ11 | HUX(RI) | RE | RI | RIG5 | TAL | TALA | bagx(RI) | bakx(RI) | dal | dala | de5 | degx(RI) | di5 | eš11 | hux(RI) | re | ri | rig5 | tal | tala | ŠA7 | ša7 | ŢAL | ţal
U+12292,𒊒,ru,RU,GEŠBA | GEŠBU | ILAR | ILLAR | ILLULU | ILLUR | ILLURU | RU | SUB7 | gešba | gešbu | ilar | illar | illulu | illur | illuru | ru | sub7 | ĜEŠBA | ĜEŠBU | ĜEŠPU | ĝešba | ĝešbu | ĝešpu | ŠIB2 | ŠUB | ŠUBA5 | ŠUP | ŠUX(RU) | šib2 | šub | šuba5 | šup | šux(RU)
U+12293,𒊓,sa,SA,GID3 | SA | gid3 | sa | ŚA | śa | ŠA10 | ša10
U+12294,𒊔,sag nutillu,SAG@n,keš₄ | keše₄ | kiše₄ | kiši₄
U+12295,𒊕,sag,SAG,DUL7 | DUNGA | RIS | RIŠ | RĒŠU | SA12 | SAG | SAGA | SAGGAR | SAK | SAMX(SAG) | SAN | SAQ | SAĜ | SAĜA | SAĜĜAR | SUR14 | dul7 | dunga | ris | riš | rēšu | sa12 | sag | saga | saggar | sak | samx(SAG) | san | saq | saĝ | saĝa | saĝĝar | sur14 | ŠA24 | ŠAG | ŠAK | ŠAQ | ŠEGX(SAG) | ša24 | šag | šak | šaq | šegx(SAG)
U+12296,𒊖,sag × a,SAG×A,KABX(|SAG×A|) | SAG×A | kabx(|SAG×A|)
U+12297,𒊗,sag × du,SAG×DU,SAGDU | SAG×DU | sagdu
U+12298,𒊘,sag × dub,SAG×DUB,SAG×DUB | URU10 | URUM3 | uru10 | urum3
U+12299,𒊙,sag × ha,SAG×HA,HULUMX(|SAG×HA|) | SAG×HA | hulumx(|SAG×HA|)
U+1229A,𒊚,sag × kak,SAG×KAK,MUH2 | SAG×KAK | muh2
U+1229B,𒊛,sag × kur,SAG×KUR,...GUKIN | ...gukin | SAG×KUR
U+1229C,𒊜,sag × lum,SAG×LUM,HULUM2 | SAG×LUM | hulum2
U+1229D,𒊝,sag × mi,SAG×MI,KAN3 | KANA3 | SAG×MI | kan3 | kana3
U+1229E,𒊞,sag × nun,SAG×NUN,DILIB4 | SAG×NUN | dilib4
U+1229F,𒊟,sag × sal,SAG×SAL,DILIB6 | ERU3 | ERUM3 | SAG×SAL | dilib6 | eru3 | erum3
U+122A0,𒊠,sag × shid,SAG×ŠID,DILIB3 | SAG×ŠID | dilib3
U+122A1,𒊡,sag × tab,SAG×TAB,SAG×TAB
U+122A2,𒊢,sag × u₂,SAG×U2,SAG×U2 | USAG | USUG3 | ZUG3 | usag | usug3 | zug3
U+122A3,𒊣,sag × ub,SAG×UB,MUH3 | SAG×UB | muh3
U+122A4,𒊤,sag × um,SAG×UM,LIB5 | SAG×UM | lib5
U+122A5,𒊥,sag × ur,SAG×UR,GUD2 | GUDA3 | GUDU2 | SAG×UR | gud2 | guda3 | gudu2
U+122A6,𒊦,sag × ush,SAG×UŠ,DILIB5 | SAG×UŠ | dilib5
U+122A7,𒊧,sag / sag,|SAG&SAG|,sagminₓ | saŋminₓ
U+122A8,𒊨,sag gunu,SAG@g,DILX(SAG@G) | DUL3 | KUŠ2 | KUŠU4 | MUH4 | MUHHU | SAG@G | SAG@g | SUMUR | SUR2 | UGU5 | dilx(SAG@g) | dul3 | kuš2 | kušu4 | muh4 | muhhu | sumur | sur2 | ugu5 | ŚUR2 | śur2 | ŞALMU | şalmu | ŠUR2 | šur2
U+122A9,𒊩,sal,SAL,F | GAL4 | GAMBIX(SAL) | KAL4 | LAGARX(SAL) | MAM2 | MAN2 | MEM | MEX(SAL) | MI2 | MIM | MIN2 | MU10 | MUG2 | MUK3 | MUNUS | MUNUZ | MURUB | NUNUSX(SAL) | RAG | RAK | RAQ | SAL | SALA | f | gal4 | gambix(SAL) | kal4 | lagarx(SAL) | mam2 | man2 | mem | mex(SAL) | mi2 | mim | min2 | mu10 | mug2 | muk3 | munus | munuz | murub | nunusx(SAL) | rag | rak | raq | sal | sala | ĜAL4 | ĝal4 | ŠA12 | ŠAL | ŠEL4 | ša12 | šal | šel4
U+122AA,𒊪,sal lagab × ash₂,,
U+122AB,𒊫,sanga₂,SANGA2,SANGA2 | SAĜA2 | sanga2 | saĝa2
U+122AC,𒊬,sar,SAR,KIRI6 | MA4 | MU2 | MUD6 | NISAX(SAR) | NISIG | NISIX(SAR) | NISSA | NIŠA | SAHAR2 | SAKAR | SAR | SARA | SARIX(SAR) | SE15 | SI15 | SIGX(SAR) | kiri6 | ma4 | mu2 | mud6 | nisax(SAR) | nisig | nisix(SAR) | nissa | niša | sahar2 | sakar | sar | sara | sarix(SAR) | se15 | si15 | sigx(SAR) | ŚAR | śar | ŠA8 | ŠAKAR | ŠAR | ŠARA7 | ŠER9 | ŠIR9 | ša8 | šakar | šar | šara7 | šer9 | šir9
U+122AD,𒊭,sha,ŠA,ARA | EN8 | LI5 | NA5 | SA19 | ZUR8 | ara | en8 | li5 | na5 | sa19 | zur8 | ŠA | ša
U+122AE,𒊮,sha₃,ŠA3,DIDALA | LIB3 | PEŠX(ŠA3) | didala | lib3 | pešx(ŠA3) | ŠA3 | ŠAB2 | ŠAG4 | ŠALAMBI | ša3 | šab2 | šag4 | šalambi
U+122AF,𒊯,sha₃ × a,ŠA3×A,BER7 | BIR7 | IŠKILA | IŠKILI | IŠLA | IŠLI | KIRI4 | PEŠ4 | PIŠ4 | SUR4 | ber7 | bir7 | iškila | iškili | išla | išli | kiri4 | peš4 | piš4 | sur4 | ŠA3×A
U+122B0,𒊰,sha₃ × bad,ŠA3×BAD,HABBURUDAX(|ŠA3×BAD|) | HABRUD3 | HABRUDA3 | NANAM2 | habburudax(|ŠA3×BAD|) | habrud3 | habruda3 | nanam2 | ŠA3×BAD
U+122B1,𒊱,sha₃ × gish,ŠA3×GIŠ,ŠA3×GIŠ
U+122B2,𒊲,sha₃ × ne,ŠA3×NE,NANAM | NENIM | NINIM | nanam | nenim | ninim | ŠA3×NE
U+122B3,𒊳,sha₃ × shu₂,ŠA3×ŠU2,GUDU5 | gudu5 | ŠA3×ŠU2 | ŠAX(|ŠA3×ŠU2|) | šax(|ŠA3×ŠU2|)
U+122B4,𒊴,sha₃ × tur,ŠA3×TUR,PEŠ13 | peš13 | ŠA3×TUR
U+122B5,𒊵,sha₃ × u,ŠA3×U,HABBURUDAX(|ŠA3×U|) | HABRUD4 | HABRUDA4 | habburudax(|ŠA3×U|) | habrud4 | habruda4 | ŠA3×U
U+122B6,𒊶,sha₃ × u + a,ŠA3×U+A,BER6 | BIR6 | ber6 | bir6 | ŠA3×U+A | ŠA3×UxA
U+122B7,𒊷,sha₆,ŠA6,A10 | GEŠIMMAR | GEŠNIMBAR | GIŠIMMAR | HAD3 | HUD4 | NIMBAR | PA9 | SA6 | SAG9 | SEG6 | SIG6 | a10 | gešimmar | gešnimbar | gišimmar | had3 | hud4 | nimbar | pa9 | sa6 | sag9 | seg6 | sig6 | ĜEŠIMMAR | ĜEŠNIMBAR | ĜIŠIMMAR | ĜIŠNIMBAR | ĝešimmar | ĝešnimbar | ĝišimmar | ĝišnimbar | ŠA6 | ŠAG5 | ša6 | šag5
U+122B8,𒊸,shab₆,ŠAB6,ŠAB6 | ŠAP6 | šab6 | šap6
U+122B9,𒊹,shar₂,ŠAR2,1ŠAR2 | 1šar2 | SAR2 | SARA2 | SARE2 | sar2 | sara2 | sare2 | ŠAR2 | ŠARA6 | šar2 | šara6
U+122BA,𒊺,she,ŠE,AŠNAN2 | NIGA | NIGAN | NIGU | NIGX(ŠE) | SAGX(ŠE) | U20 | ašnan2 | niga | nigan | nigu | nigx(ŠE) | sagx(ŠE) | u20 | ŠE | še
U+122BB,𒊻,she hu,|ŠE.HU|,bazbazₓ | us | uš₁₀ | uṣ | uz | uza | uzu₃
U+122BC,𒊼,she / she gad / gad gar / gar,|ŠE&ŠE.GAD&GAD.GAR&GAR|,garadin₂ | karadin₂
U+122BD,𒊽,she / she tab / tab gar / gar,|ŠE&ŠE.TAB&TAB.GAR&GAR|,garadin₃ | karadin₃
U+122BE,𒊾,sheg₉,ŠEG9,KIŠI6 | SA21 | SEG14 | SEGGA | SIG14 | SIGGA | kiši6 | sa21 | seg14 | segga | sig14 | sigga | ŠEG9 | ŠEG9-BAR | ŠEGA9 | ŠEGGA | ŠENBAR | ŠENX(ŠEG9) | šeg9 | šeg9-bar | šega9 | šegga | šenbar | šenx(ŠEG9)
U+122BF,𒊿,shen,ŠEN,DUR10 | RIK4 | RUG | RUK | RUQ | RUQU | SAN2 | SUN6 | ZIN | dur10 | rik4 | rug | ruk | ruq | ruqu | san2 | sun6 | zin | ŠEN | ŠIN | ŠUN | šen | šin | šun
U+122C0,𒋀,shesh,ŠEŠ,AH2 | AHA2 | AHI | MUN4 | MUŠ5 | NAN | SAS | SES | SIS | SIŠ | ZAHX(ŠEŠ) | ZAX(ŠEŠ) | ah2 | aha2 | ahi | mun4 | muš5 | nan | sas | ses | sis | siš | zahx(ŠEŠ) | zax(ŠEŠ) | ŠAS | ŠAŞ | ŠAŠ | ŠE16 | ŠES | ŠEŠ | ŠIZ | ŠIŞ | ŠIŠ | šas | šaş | šaš | še16 | šes | šeš | šiz | šiş | šiš
U+122C1,𒋁,shesh₂,ŠEŠ2,ŠE8 | ŠEŠ2 | ŠIŠ2 | še8 | šeš2 | šiš2
U+122C2,𒋂,sheshlam,ŠEŠLAM,ŠEŠLAM | šešlam
U+122C3,𒋃,shid,ŠID,AG3 | AK3 | AKA3 | ALAL2 | ALAMU2 | ALMU2 | AĜ3 | BISAG2 | BISAN2 | BISAĜ2 | DILIB | DIM12 | ELAL2 | GIR13 | GUD9 | KA9 | KAS7 | KID4 | KIRI8 | LA10 | LAG | LAK | LAKA | LAQ | LIK2 | LIQ2 | MER4 | NESAG2 | NESAĜ2 | NISAG2 | NISAĜ2 | PA8 | PISAG2 | PISAN2 | PISAĜ2 | SAGGA | SANGA | SANGU | SAĜA8 | SAĜĜA | SID2 | SILA11 | SILAG | SILAĜ | SINX(ŠID) | SIT2 | SUBX(ŠID) | TE6 | TU14 | TUBA3 | UBISAG | UMBISAG | UMBISAĜ | UTTU2 | UŢU2 | ZADRI | ZADRU | ZANDAR | ZANDARA | ag3 | ak3 | aka3 | alal2 | alamu2 | almu2 | aĝ3 | bisag2 | bisan2 | bisaĝ2 | dilib | dim12 | elal2 | gir13 | gud9 | ka9 | kas7 | kid4 | kiri8 | la10 | lag | lak | laka | laq | lik2 | liq2 | mer4 | nesag2 | nesaĝ2 | nisag2 | nisaĝ2 | pa8 | pisag2 | pisan2 | pisaĝ2 | sagga | sanga | sangu | saĝa8 | saĝĝa | sid2 | sila11 | silag | silaĝ | sinx(ŠID) | sit2 | subx(ŠID) | te6 | tu14 | tuba3 | ubisag | umbisag | umbisaĝ | uttu2 | uţu2 | zadri | zadru | zandar | zandara | ŠANGA | ŠE14 | ŠED | ŠID | ŠIT | ŠITA5 | ŠITI | ŠITIM2 | ŠIŢ | ŠUB6 | ŠUD4 | ŠUDUM | šanga | še14 | šed | šid | šit | šita5 | šiti | šitim2 | šiţ | šub6 | šud4 | šudum
U+122C4,𒋄,shid × a,ŠID×A,ALAL | ALALMU | ALAMU | ALAX(|ŠID×A|) | ALMU | BISAG3 | BISAN3 | BISAĜ3 | BIZEG3 | BIZEM3 | ELAL | HUBHUB | KIRBANU | MEZEG | MEZEM | MEZEĜ | MIZEG | MIZEM | PISAG3 | PISAN3 | PISAĜ3 | UBISAG2 | UMBISAG2 | UMBISAĜ2 | alal | alalmu | alamu | alax(|ŠID×A|) | almu | bisag3 | bisan3 | bisaĝ3 | bizeg3 | bizem3 | elal | hubhub | kirbanu | mezeg | mezem | mezeĝ | mizeg | mizem | pisag3 | pisan3 | pisaĝ3 | ubisag2 | umbisag2 | umbisaĝ2 | ŠID×A
U+122C5,𒋅,shid × im,ŠID×IM,HUBHUB2 | hubhub2 | ŠID×IM
U+122C6,𒋆,shim,ŠIM,ASILA2 | ASILAL2 | ASILLA2 | BAPPIR2 | BAPPIRA2 | LUMGI | LUNGA | MUD5 | MULUGX(ŠIM) | NINGI | NUGX(ŠIM) | NUNGI | RIG | RIK | RIQ | SIRAŠ | SIRIS | SIRIŠ | SU20 | asila2 | asilal2 | asilla2 | bappir2 | bappira2 | lumgi | lunga | mud5 | mulugx(ŠIM) | ningi | nugx(ŠIM) | nungi | rig | rik | riq | siraš | siris | siriš | su20 | ŠEM | ŠEMBI2 | ŠEMBIZI | ŠEMBULUGX(ŠIM) | ŠI6 | ŠIM | ŠIMBIZI | šem | šembi2 | šembizi | šembulugx(ŠIM) | ši6 | šim | šimbizi
U+122C7,𒋇,shim × a,ŠIM×A,DUMGAL | LUMGI2 | LUNGA2 | NINGI2 | NUNGI2 | SIRAŠ2 | SIRIS2 | dumgal | lumgi2 | lunga2 | ningi2 | nungi2 | siraš2 | siris2 | ŠIM×A
U+122C8,𒋈,shim × bal,ŠIM×BAL,ŠEMBULUG4 | ŠIM×BAL | šembulug4
U+122C9,𒋉,shim × bulug,ŠIM×BULUG,ŠEMBULUG5 | ŠEMMUG | ŠIMBULUG5 | ŠIMMUG | ŠIM×BULUG | šembulug5 | šemmug | šimbulug5 | šimmug
U+122CA,𒋊,shim × din,ŠIM×DIN,NUG2 | nug2 | ŠIM×DIN
U+122CB,𒋋,shim × gar,ŠIM×GAR,BAPPIR | BAPPIRA | BIRX(|ŠIM×GAR|) | LUMGI3 | LUNGA3 | NINGI3 | NUNGI3 | SIRAŠ3 | SIRIS3 | bappir | bappira | birx(|ŠIM×GAR|) | lumgi3 | lunga3 | ningi3 | nungi3 | siraš3 | siris3 | ŠIM×GAR | ŠINX(|ŠIM×GAR|) | šinx(|ŠIM×GAR|)
U+122CC,𒋌,shim × igi,ŠIM×IGI,ŠEMBULUG3 | ŠIMBULUG3 | ŠIM×IGI | šembulug3 | šimbulug3
U+122CD,𒋍,shim × igi gunu,ŠIM×IGI@g,ŠEMBI | ŠIMBI | ŠIM×IGI@G | ŠIM×IGI@g | šembi | šimbi
U+122CE,𒋎,shim × kushu₂,ŠIM×KUŠU2,ŠEMBULUGX(ŠIM×KUŠU2) | ŠIM×KUŠU2 | šembulugx(ŠIM×KUŠU2)
U+122CF,𒋏,shim × lul,ŠIM×LUL,ŠAQA2 | ŠAQU2 | ŠIM×LUL | ŠUQUX(|ŠIM×LUL|) | šaqa2 | šaqu2 | šuqux(|ŠIM×LUL|)
U+122D0,𒋐,shim × mug,ŠIM×MUG,NUG | nug | ŠIMBULUG2 | ŠIM×MUG | šimbulug2
U+122D1,𒋑,shim × sal,ŠIM×SAL,ŠEMEŠAL | ŠEMMIŠLA | ŠEMŠALA | ŠIMEŠAL | ŠIMEŠŠAL | ŠIMMEŠLA | ŠIM×SAL | šemešal | šemmišla | šemšala | šimešal | šimeššal | šimmešla
U+122D2,𒋒,shinig,ŠINIG,ŠINIG | šinig
U+122D3,𒋓,shir,ŠIR,AS5 | AŠ7 | GASAX(ŠIR) | SIL8 | SIR4 | SIRU | SIRUM | as5 | aš7 | gasax(ŠIR) | sil8 | sir4 | siru | sirum | ŠER | ŠIR | ŠUR3 | šer | šir | šur3
U+122D4,𒋔,shir tenu,ŠIR@t,ŠIR@t
U+122D5,𒋕,shir / shir bur / bur,|NU₁₁&NU₁₁.BUR&BUR|,numma
U+122D6,𒋖,shita,ŠITA,EŠDA3 | LIDDA | MEX(ŠITA) | NUX(ŠITA) | ešda3 | lidda | mex(ŠITA) | nux(ŠITA) | ŠITA | šita
U+122D7,𒋗,shu,ŠU,KAT7 | QAD | QAT | QATA | SAGIX(ŠU) | kat7 | qad | qat | qata | sagix(ŠU) | ŠU | šu
U+122D8,𒋘,shu / inv. shu,|ŠU&ŠU@180|,lilₓ? | šuₓ
U+122D9,𒋙,shu₂,ŠU2,EŠŠA2 | GALA6 | ešša2 | gala6 | ŠU2 | ŠUBARTIN | ŠUŠ2 | šu2 | šubartin | šuš2
U+122DA,𒋚,shubur,ŠUBUR,SAH2 | SIH | SUBAR | SUBIR | SUBUR | ZEH2 | ZIH2 | sah2 | sih | subar | subir | subur | zeh2 | zih2 | ŞEH | şeh | ŠAH | ŠAHA | ŠIH | ŠUBAR | ŠUBUR | ŠUBURA | ŠUH2 | šah | šaha | ših | šubar | šubur | šubura | šuh2
U+122DB,𒋛,si,SI,HUX(SI) | SE | SEG9 | SI | SIG9 | hux(SI) | se | seg9 | si | sig9 | ŚE | ŚI | śe | śi | ŞI3 | şi3 | ŠE2 | ŠI2 | še2 | ši2
U+122DC,𒋜,si gunu,SI@g,GUNUX(SI@G) | SA11 | SI4 | SI@G | SI@g | SU4 | USAN4 | gunux(SI@g) | sa11 | si4 | su4 | usan4 | ŚI2 | ŚU2 | śi2 | śu2
U+122DD,𒋝,sig,SIG,BIG | BIK | EPIG | IPIG | PIK | PIQ | SE11 | SEG | SI11 | SIG | SIGA | SIK | SIQ | ZIG2 | ZIK2 | ZIQ2 | big | bik | epig | ipig | pik | piq | se11 | seg | si11 | sig | siga | sik | siq | zig2 | zik2 | ziq2 | ŚE2 | ŚI3 | śe2 | śi3 | ŠAG6 | ŠAK6 | ŠEX(SIG) | ŠEĜ | ŠI3 | ŠIG | ŠIK | ŠIQ | šag6 | šak6 | šex(SIG) | šeĝ | ši3 | šig | šik | šiq
U+122DE,𒋞,sig₄,SIG4,BAR5 | EGIR6 | GAR8 | GARA8 | KULLA | KULLUX(SIG4) | MURGU | SEG4 | SIG4 | bar5 | egir6 | gar8 | gara8 | kulla | kullux(SIG4) | murgu | seg4 | sig4 | ĜAR8 | ĝar8 | ŠE27 | ŠEB4 | ŠED16 | ŠEG12 | še27 | šeb4 | šed16 | šeg12
U+122DF,𒋟,sig₄ / sig₄ shu₂,|SIG₄&SIG₄.ŠU₂|,guhšu | hiₓ | lahhušu | šikahara
U+122E0,𒋠,sik₂,SIK2,SEG2 | SIG2 | SIK2 | SIKI | seg2 | sig2 | sik2 | siki | ŠIK2 | ŠIQ2 | šik2 | šiq2
U+122E1,𒋡,sila₃,SILA3,GA5 | KA4 | QA | QÛ | SAL4 | SALA4 | SIL3 | SILA3 | ga5 | ka4 | qa | qû | sal4 | sala4 | sil3 | sila3 | ŠAL2 | šal2
U+122E2,𒋢,su,SU,GUŠ | KUS | KUZ | KUŠ | SU | SUG6 | SUM3 | guš | kus | kuz | kuš | su | sug6 | sum3 | ŚU | śu | ŠU11 | šu11
U+122E3,𒋣,su / su,|SU&SU|,e₆
U+122E4,𒋤,sud,SUD,SAR4 | SIR | SIX(SUD) | SU3 | SUD | SUG4 | ZIR4 | ZU6 | sar4 | sir | six(SUD) | su3 | sud | sug4 | zir4 | zu6 | ŚU3 | śu3 | ŠIR8 | ŠUD | ŠUT | ŠUX(SUD) | ŠUZ | ŠUŢ | šir8 | šud | šut | šux(SUD) | šuz | šuţ
U+122E5,𒋥,sud₂,SUD2,ADARX(SUD2) | ILDAG | RA4 | RAD | RAT | RATA | RAŢ | RIT2 | RUD | RUŢ | SUD2 | SUSU | SUSX(SUD2) | ZUSU | adarx(SUD2) | ildag | ra4 | rad | rat | rata | raţ | rit2 | rud | ruţ | sud2 | susu | susx(SUD2) | zusu | ŠIDAX(SUD2) | ŠITA3 | ŠITANX(SUD2) | ŠUŠU | šidax(SUD2) | šita3 | šitanx(SUD2) | šušu
U+122E6,𒋦,suhur,SUHUR,SUH2 | SUHUR | SUMUR2 | UBI2 | UGAB | suh2 | suhur | sumur2 | ubi2 | ugab
U+122E7,𒋧,sum,SUM,/ZEĜ/ | /zeĝ/ | ARI6 | SAR8 | SE3 | SEG10 | SI3 | SIG10 | SIK10 | SIM2 | SU12 | SUM | SUMU | SUN3 | ZAR3 | ari6 | sar8 | se3 | seg10 | si3 | sig10 | sik10 | sim2 | su12 | sum | sumu | sun3 | zar3 | ŚUM2 | śum2 | ŠE19 | ŠUM2 | ŠUMU2 | ŠUN4 | še19 | šum2 | šumu2 | šun4
U+122E8,𒋨,sumash,SUMAŠ,SUMAŠ | UŠBAR4 | UŠBUR4 | sumaš | ušbar4 | ušbur4
U+122E9,𒋩,sur,SUR,SUR | SURA | sur | sura | ŚUR | śur | ŠUR | šur | ŢIR3 | ţir3
U+122EA,𒋪,sur₉,SUR9,SUR9 | SURA9 | SURRU | ZUR2 | sur9 | sura9 | surru | zur2
U+122EB,𒋫,ta,TA,DA2 | TA | da2 | ta | ŢA2 | ţa2
U+122EC,𒋬,ta *,TAx,TA* | TAX | TAx | ta*
U+122ED,𒋭,ta × hi,TA×HI,ALAMMUŠ | ALAMUŠ | LAL3 | RU8 | TA×HI | alammuš | alamuš | lal3 | ru8
U+122EE,𒋮,ta × mi,TA×MI,GANSISX(|TA×MI|) | TA×MI | gansisx(|TA×MI|)
U+122EF,𒋯,ta gunu,TA@g,GANSIS | GANZERX(TA@G) | KABTA | TA@G | TA@g | gansis | ganzerx(TA@g) | kabta
U+122F0,𒋰,tab,TAB,DAB2 | DAP2 | DAPA2 | MIN6 | TAB | TABA | TAP | TAPA | dab2 | dap2 | dapa2 | min6 | tab | taba | tap | tapa | ŢAB | ŢAP | ţab | ţap
U+122F1,𒋱,tab / tab ni / ni dish / dish,|TAB&TAB.NI&NI.DIŠ&DIŠ|,ubišaga
U+122F2,𒋲,tab squared,TAB,DAB2 | DAP2 | DAPA2 | MIN6 | TAB | TABA | TAP | TAPA | dab2 | dap2 | dapa2 | min6 | tab | taba | tap | tapa | ŢAB | ŢAP | ţab | ţap
U+122F3,𒋳,tag,TAG,DA6 | GURUŠ4 | SUB6 | SUBU | SUHX(TAG) | SUM6 | SUX(TAG) | TA3 | TAG | TAGA | TAK | TAKA | TAQ | TIBIR | TUKU5 | UTTUX(TAG) | ZIL2 | da6 | guruš4 | sub6 | subu | suhx(TAG) | sum6 | sux(TAG) | ta3 | tag | taga | tak | taka | taq | tibir | tuku5 | uttux(TAG) | zil2 | ŚUM | śum | ŠAN2 | ŠERID | ŠERIM | ŠU14 | ŠUM | ŠUMU3 | ŠUŠ4 | šan2 | šerid | šerim | šu14 | šum | šumu3 | šuš4
U+122F4,𒋴,tag × bi,TAG×BI,TAG×BI
U+122F5,𒋵,tag × gud,TAG×GUD,SILIG4 | TAG×GUD | TIBIR5 | silig4 | tibir5
U+122F6,𒋶,tag × she,TAG×ŠE,TAG×ŠE | TIBIRX(|TAG×ŠE|) | tibirx(|TAG×ŠE|)
U+122F7,𒋷,tag × shu,TAG×ŠU,TAG×ŠU | TIBIR2 | tibir2
U+122F8,𒋸,tag × tug₂,TAG×TUG2,SILIG3 | TAG×TUG2 | TIBIR4 | UTTU | UTUX(|TAG×TUG2|) | UŢU | silig3 | tibir4 | uttu | utux(|TAG×TUG2|) | uţu
U+122F9,𒋹,tag × ud,TAG×UD,SILIG2 | TAG×UD | TIBIR3 | silig2 | tibir3
U+122FA,𒋺,tak₄,TAK4,AZAD2 | DA13 | DAD | DAT | ERBURA | GID6 | GUDIBIR | GUDX(TAK4) | IRBURA | KAMX(TAK4) | KID2 | KIT2 | TA6 | TAD | TAG4 | TAK4 | TAKA4 | TAT | TUKX(TAK4) | URX(TAK4) | azad2 | da13 | dad | dat | erbura | gid6 | gudibir | gudx(TAK4) | irbura | kamx(TAK4) | kid2 | kit2 | ta6 | tad | tag4 | tak4 | taka4 | tat | tukx(TAK4) | urx(TAK4) | ŠURU6 | ŠURUM6 | ŠUX(TAK4) | šuru6 | šurum6 | šux(TAK4) | ŢAT | ţat
U+122FB,𒋻,tar,TAR,DAR6 | GUD4 | HAS | HAZ | HAŞ | HAŠ | HUS2 | KU5 | KUD | KUDMA | KUKSU | KUR5 | KURU5 | KURUM5 | KUT | KUTU | QADMAX(TAR) | QADMU | QUD | QUDMA | QUDMU | QUMX(TAR) | QUT | QUTU | SIL | SILA | SIX(TAR) | SULU | TAR | TARA | TAX(TAR) | TIR2 | URSAGSIM | URSAĜSIM | ZIL3 | dar6 | gud4 | has | haz | haş | haš | hus2 | ku5 | kud | kudma | kuksu | kur5 | kuru5 | kurum5 | kut | kutu | qadmax(TAR) | qadmu | qud | qudma | qudmu | qumx(TAR) | qut | qutu | sil | sila | six(TAR) | sulu | tar | tara | tax(TAR) | tir2 | ursagsim | ursaĝsim | zil3 | ŠAR7 | ŠIL | šar7 | šil | ŢAR | ŢIR2 | ţar | ţir2
U+122FC,𒋼,te,TE,DE4 | DI12 | GAL5 | GALLAX(TE) | GUL3 | MUL2 | TE | TEG3 | TEMEN | TEMENNAX(TE) | TEMX(TE) | TEN | TEĜ3 | TI7 | UNUX(TE) | de4 | di12 | gal5 | gallax(TE) | gul3 | mul2 | te | teg3 | temen | temennax(TE) | temx(TE) | ten | teĝ3 | ti7 | unux(TE) | ŢE4 | ŢI4 | ţe4 | ţi4
U+122FD,𒋽,te gunu,TE@g,GAR13 | GUR8 | GURA8 | GURU8 | QURX(TE@G) | RU10 | TE@G | TE@g | TEX(TE@G) | UR12 | URU5 | gar13 | gur8 | gura8 | guru8 | qurx(TE@g) | ru10 | tex(TE@g) | ur12 | uru5
U+122FE,𒋾,ti,TI,DE9 | DI3 | TE9 | TEĜ4 | TI | TIG4 | TIL3 | TILA3 | TIĜ4 | de9 | di3 | te9 | teĝ4 | ti | tig4 | til3 | tila3 | tiĝ4 | ŢE6 | ŢI3 | ţe6 | ţi3
U+122FF,𒋿,ti tenu,TI@t,...A | ...a | TI@T | TI@t | TIBNU | tibnu
U+12300,𒌀,til,TIL,SUMUN | SUN | SUNA | TEL | TIL | sumun | sun | suna | tel | til | ŠUM4 | ŠUMUN | šum4 | šumun
U+12301,𒌁,tir,ŠE.NUN&NUN,DIR4 | EZINU3 | GAMUN2 | NINNI8 | PANAX(|ŠE.NUN&NUN|) | QIŠAT | TER | TIR | dir4 | ezinu3 | gamun2 | ninni8 | panax(|ŠE.NUN&NUN|) | qišat | ter | tir | ŠABU | ŠE.NUN&NUN | ŠE15 | šabu | še15 | ŢIR5 | ţir5
U+12302,𒌂,tir × tak₄,|(ŠE.NUN&NUN)×TAK₄|,ezinaₓ | ezinuₓ
U+12303,𒌃,tir / tir,|(ŠE.NUN&NUN)&(ŠE.NUN&NUN)|,garadin₆? | karadin₆? | nenni₅ | ninni₅ | ninniₓ | ninniₓ | ninniₓ
U+12304,𒌄,tir / tir gad / gad gar / gar,|(ŠE.NUN&NUN)&(ŠE.NUN&NUN).GAD&GAD.GAR&GAR|,garadin | karadin
U+12305,𒌅,tu,TU,DU2 | DUD2 | DUR11 | HU2 | HUDUŠ | NAMŠEŠE | TU | TUD | TUM12 | TUR5 | du2 | dud2 | dur11 | hu2 | huduš | namšeše | tu | tud | tum12 | tur5 | ŢU2 | ţu2
U+12306,𒌆,tug₂,TUG2,AZALAG2 | AZLAG2 | AŠLAG2 | DUL5 | I6 | MU4 | MUR10 | TASKARIN | TAŠKARIN | TE5 | TIŠKARIN | TIŠKARINI | TU9 | TUBAX(TUG2) | TUG2 | TUK2 | TUKU2 | UMUŠ | UŠ4 | azalag2 | azlag2 | ašlag2 | dul5 | i6 | mu4 | mur10 | taskarin | taškarin | te5 | tiškarin | tiškarini | tu9 | tubax(TUG2) | tug2 | tuk2 | tuku2 | umuš | uš4
U+12307,𒌇,tuk,TUK,DU12 | DUK2 | RAŠ2 | TU12 | TUG | TUK | TUKU | TUQ | du12 | duk2 | raš2 | tu12 | tug | tuk | tuku | tuq
U+12308,𒌈,tum,TUM,DAM3 | DU4 | DUM | EB2 | EGER4 | EGIR4 | EP2 | GEŠKADX(TUM) | GIŠKADX(TUM) | IB2 | IP2 | RI... | SURI | TAM4 | TIM2 | TU4 | TUM | dam3 | du4 | dum | eb2 | eger4 | egir4 | ep2 | geškadx(TUM) | giškadx(TUM) | ib2 | ip2 | ri... | suri | tam4 | tim2 | tu4 | tum | ŢU4 | ŢUM | ţu4 | ţum
U+12309,𒌉,tur,TUR,BAN3 | BANDA3 | DAMU | DI4 | DU13 | DUMU | DUMX(TUR) | IBILA4 | MARU | PEŠ7 | SUHUŠX(TUR) | TU19 | TUL4 | TUR | TURA | TURU | ZERX(TUR) | ban3 | banda3 | damu | di4 | du13 | dumu | dumx(TUR) | ibila4 | maru | peš7 | suhušx(TUR) | tu19 | tul4 | tur | tura | turu | zerx(TUR) | ŠAK7 | ŠIR6 | šak7 | šir6 | ŢUR3 | ţur3
U+1230A,𒌊,tur / tur za / za,|TUR&TUR.ZA&ZA|,zazana | zazna | zezna | zizₓ | zizna | zizna
U+1230B,𒌋,u,U,1U | 1u | A6 | BARX(U) | BU12 | BUR3 | BURU3 | BURUDX(U) | BUZUR | GE14 | GEŠBURX(U) | GIBIRU | GIBURU | GIGURU | GURU12 | HA3 | HU3 | PUZUR | U | UMUN | UN2 | UTAHX(U) | UTUX(U) | UŠUR5 | a6 | barx(U) | bu12 | bur3 | buru3 | burudx(U) | buzur | ge14 | gešburx(U) | gibiru | giburu | giguru | guru12 | ha3 | hu3 | puzur | u | umun | un2 | utahx(U) | utux(U) | ušur5 | ŠIL3 | ŠU4 | ŠUŠ | šil3 | šu4 | šuš
U+1230C,𒌌,u gud,|U.GUD|,du₇ | mul₄ | raₓ | ru₅ | ul | ula | ullu₃ | ulu | ur₆?
U+1230D,𒌍,u u u,|U.U.U|,ba₃ | batu | es₂ | eš | eša₂ | eše | is₅ | iš₃ | nan₃ | sin | šib₀ | šip₀ | ṣin | uš₁₈ | ušu₃ | uzₓ | 3(bur₃) | 3(u) | eše@c | 3(bur₃@c) | 3(u@c) | 3(u@c)@v
U+1230E,𒌎,u / u pa / pa gar / gar,|U&U.PA&PA.GAR&GAR|,garadin₁₀ | karadin₁₀
U+1230F,𒌏,u / u sur / sur,|U&U.SUR&SUR|,garadin₉ | karadin₉
U+12310,𒌐,u / u u reversed / u reversed,|U&U.U@v&U@v|,bargi? | mašgi?
U+12311,𒌑,u₂,U2,BA6 | BU11 | HAZABUR | KAZAB | KAZABU | KAZABUR | KAZBI | KAZBU | KEŠX(U2) | KILIBU | KUZBI | KUZBU | KUŠ3 | KUŠUMX(U2) | MAT | MAŠAMMI | MAŠŠAM | PU11 | SAM | TEŠBI | U2 | UGAX(U2) | WA3 | WUX(U2) | ba6 | bu11 | hazabur | kazab | kazabu | kazabur | kazbi | kazbu | kešx(U2) | kilibu | kuzbi | kuzbu | kuš3 | kušumx(U2) | mat | mašammi | maššam | pu11 | sam | tešbi | u2 | ugax(U2) | wa3 | wux(U2) | ŠAM | ŠAMMI | šam | šammi
U+12312,𒌒,ub,UB,AR2 | ARA2 | UB | UBA | UBDA | UBU2 | UP | WARX(UB) | ar2 | ara2 | ub | uba | ubda | ubu2 | up | warx(UB)
U+12313,𒌓,ud,UD,A12 | AH3 | AL5 | AMNA | ARA7 | AYAX(UD) | BAB2 | BABAR | BABBAR | BAR6 | BARAX(UD) | BER2 | BEŠ12 | BIR2 | DA7 | DAG2 | DAM2 | E8 | GAL8 | HA5 | HAD2 | HADA2 | HAŠ3 | HEŠ | HUD2 | KUM4 | LA7 | LAH | LIH | LUHX(UD) | M/WĀŞIT | PAR | PARA | PEŠ12 | PIR | PIRIG2 | PIRIĜ2 | RA3 | SA16 | SALAH | SIKI2 | TA5 | TAM | TU2 | U4 | UD | UG4 | UL6 | UM2 | UN5 | UT | UTA | UTU | UŢ | ZALAG | ZALAGA | ZALAH | ZALAQAX(UD) | ZALAX(UD) | a12 | ah3 | al5 | amna | ara7 | ayax(UD) | bab2 | babar | babbar | bar6 | barax(UD) | ber2 | beš12 | bir2 | da7 | dag2 | dam2 | e8 | gal8 | ha5 | had2 | hada2 | haš3 | heš | hud2 | kum4 | la7 | lah | lih | luhx(UD) | m/wāşit | par | para | peš12 | pir | pirig2 | piriĝ2 | ra3 | sa16 | salah | siki2 | ta5 | tam | tu2 | u4 | ud | ug4 | ul6 | um2 | un5 | ut | uta | utu | uţ | zalag | zalaga | zalah | zalaqax(UD) | zalax(UD) | ŞĪTU | şītu | ŠAMAŠ | ŠARAG | šamaš | šarag | ŢAM2 | ţam2
U+12314,𒌔,ud kushu₂,|UD.KUŠU₂|,ah₆ | akšak | garu | huya | keš₁₈ | keši₁₈ | kua₂ | kuia | kušaₓ | kušu₃ | kuwa₂ | kuya₂ | uʾ₄ | uh₂ | uhu₂
U+12315,𒌕,ud × bad,UD×BAD,ITUDX(|UD×BAD|) | UD×BAD | itudx(|UD×BAD|)
U+12316,𒌖,ud × mi,UD×MI,ITIMA2 | UD×MI | UTIMA2 | itima2 | utima2
U+12317,𒌗,ud × u + u + u,UD×U+U+U,A13 | ARHU | DU16 | ID8 | ITI | ITID | ITU | ITUD | U22 | UD×U+U+U | a13 | arhu | du16 | id8 | iti | itid | itu | itud | u22 | UD×UxU+U
U+12318,𒌘,ud × u + u + u gunu,UD×U+U+U@g,MURUBX(|UD×U+U+U@G|) | MURUX(|UD×U+U+U@G|) | MURX(|UD×U+U+U@G|) | NESAĜX(|UD×U+U+U@G|) | NISAĜX(|UD×U+U+U@G|) | SAĜX(|UD×U+U+U@G|) | UD×U+U+U@G | UD×U+U+U@g | ZAĜX(|UD×U+U+U@G|) | murubx(|UD×U+U+U@g|) | murux(|UD×U+U+U@g|) | murx(|UD×U+U+U@g|) | nesaĝx(|UD×U+U+U@g|) | nisaĝx(|UD×U+U+U@g|) | saĝx(|UD×U+U+U@g|) | zaĝx(|UD×U+U+U@g|) | MURUBX(|UD×UxU+U@G|) | MURUX(|UD×UxU+U@G|) | MURX(|UD×UxU+U@G|) | NESAĜX(|UD×UxU+U@G|) | NISAĜX(|UD×UxU+U@G|) | SAĜX(|UD×UxU+U@G|) | UD×UxU+U@G | UD×UxU+U@g | ZAĜX(|UD×UxU+U@G|) | murubx(|UD×UxU+U@g|) | murux(|UD×UxU+U@g|) | murx(|UD×UxU+U@g|) | nesaĝx(|UD×UxU+U@g|) | nisaĝx(|UD×UxU+U@g|) | saĝx(|UD×UxU+U@g|) | zaĝx(|UD×UxU+U@g|)
U+12319,𒌙,ud gunu,UD@g,MURU13 | MURUB6 | MURX(UD@G) | NESAG3 | NISAG3 | SAGX(UD@G) | UD@G | UD@g | muru13 | murub6 | murx(UD@g) | nesag3 | nisag3 | sagx(UD@g)
U+1231A,𒌚,ud sheshig,UD@s,itiₓ | itudₓ
U+1231B,𒌛,ud sheshig × bad,|UD@s×BAD|,iti₂ | itid₂ | itu₂ | itud₂
U+1231C,𒌜,udug,UDUG,GIDIM4 | RĀBIŞU | UDUG | UDUX(UDUG) | UTUG | gidim4 | rābişu | udug | udux(UDUG) | utug | ŠEDU2 | ŠĒDU | šedu2 | šēdu
U+1231D,𒌝,um,UM,DEH2 | DEHI2 | DIH2 | DIHI2 | SAMAG | SUMUG | TEH2 | TEHI2 | U16 | UM | UMU | deh2 | dehi2 | dih2 | dihi2 | samag | sumug | teh2 | tehi2 | u16 | um | umu | ŠUMUGX(UM) | šumugx(UM)
U+1231E,𒌞,um × lagab,UM×LAGAB,SAMAG5 | SUMUG5 | UM×LAGAB | samag5 | sumug5
U+1231F,𒌟,um × me + da,UM×ME+DA,EMEDA3 | UMMEDA2 | UM×ME+DA | emeda3 | ummeda2 | UM×MExDA
U+12320,𒌠,um × sha₃,UM×ŠA3,SAMAG2 | SUMUG2 | UM×ŠA3 | samag2 | sumug2
U+12321,𒌡,um × u,UM×U,SAMAG3 | SUMUG3 | UM×U | samag3 | sumug3
U+12322,𒌢,umbin,UMBIN,SIGX(UMBIN) | UMBIN | sigx(UMBIN) | umbin
U+12323,𒌣,umum,UMUM,SIMUG | UMUM | UMUN2 | simug | umum | umun2
U+12324,𒌤,umum × kaskal,UMUM×KASKAL,ABZUX(|UMUM×KASKAL|) | DA9 | DE2 | DI8 | DIM6 | DU19 | MUM | MUN2 | NINAGAL | SI7 | SIU | UMUM×KASKAL | abzux(|UMUM×KASKAL|) | da9 | de2 | di8 | dim6 | du19 | mum | mun2 | ninagal | si7 | siu | ŢE5 | ţe5
U+12325,𒌥,umum × pa,UMUM×PA,DEX(|UMUM×PA|) | UMUM×PA | dex(|UMUM×PA|)
U+12326,𒌦,un,UN,KALAM | KALAMA | KANAM | KANAĜ | U12 | UG3 | UGA3 | UKU3 | UMX(UN) | UN | UNU4 | UĜ3 | kalam | kalama | kanam | kanaĝ | u12 | ug3 | uga3 | uku3 | umx(UN) | un | unu4 | uĝ3
U+12327,𒌧,un gunu,UN@g,KALAMX(UN@G) | UN@G | UN@g | kalamx(UN@g)
U+12328,𒌨,ur,UR,A8 | AIA3 | AYA3 | DAS | DAŠ | DEŠ3 | DULX(UR) | KALBU | LI7 | LIK | LIQ | LU6 | NIGX(UR) | RU7 | SURX(UR) | TAN8 | TAS | TAZ | TAŞ | TAŠ | TAŠA | TEŠ2 | TIS2 | TIZ2 | TIŞ2 | TIŠ2 | UR | URA | URU13 | a8 | aia3 | aya3 | das | daš | deš3 | dulx(UR) | kalbu | li7 | lik | liq | lu6 | nigx(UR) | ru7 | surx(UR) | tan8 | tas | taz | taş | taš | taša | teš2 | tis2 | tiz2 | tiş2 | tiš2 | ur | ura | uru13 | ŠUZI | šuzi
U+12329,𒌩,ur crossing ur,|UR%UR|,liliru | liri₈ | liru₈ | lirum₈ | urbigu | urbingu | lirum₈ | ur-ur
U+1232A,𒌪,ur sheshig,UR@s,dul₉ | šudul₅ | šudun₅ | šutul₅ | šutun₅ | tul₇ | ṭul₄
U+1232B,𒌫,ur₂,UR2,UR2 | URU8 | ur2 | uru8
U+1232C,𒌬,ur₂ × a + ha,UR2×A+HA,UR2×A+HA | URUM9 | urum9 | UR2×AxHA
U+1232D,𒌭,ur₂ × a + na,UR2×A+NA,UR2×A+NA | UR2×AxNA
U+1232E,𒌮,ur₂ × al,UR2×AL,UR2×AL
U+1232F,𒌯,ur₂ × ha,UR2×HA,EREN8 | ERIM7 | ERIN9 | UR2×HA | URUM4 | URUX(|UR2×HA|) | eren8 | erim7 | erin9 | urum4 | urux(|UR2×HA|)
U+12330,𒌰,ur₂ × nun,UR2×NUN,UR2×NUN | UŠBAR | UŠBUR | ušbar | ušbur
U+12331,𒌱,ur₂ × u₂,UR2×U2,UR2×U2 | URUM8 | UŠBAR7 | UŠBUR7 | urum8 | ušbar7 | ušbur7
U+12332,𒌲,ur₂ × u₂ + ash,UR2×U2+AŠ,MURU4 | MURUM4 | UR2×U2+AŠ | UR9 | URU7 | URUM2 | UŠBAR3 | UŠBUR3 | muru4 | murum4 | ur9 | uru7 | urum2 | ušbar3 | ušbur3 | UR2×U2xAŠ
U+12333,𒌳,ur₂ × u₂ + bi,UR2×U2+BI,AR... | UR2×U2+BI | ar... | UR2×U2xBI
U+12334,𒌴,ur₄,UR4,GUR15 | UR4 | URA4 | gur15 | ur4 | ura4
U+12335,𒌵,uri,URI,ARI | KINDA2 | TILA | TILLA | UR10 | URI | URU19 | ari | kinda2 | tila | tilla | ur10 | uri | uru19
U+12336,𒌶,uri₃,URI3,URI3 | URIMX(URI3) | URIN | URU3 | URUN | uri3 | urimx(URI3) | urin | uru3 | urun
U+12337,𒌷,uru,URU,AL8 | ALA | ALE | ALI | ALU | ER4 | ERE | ERI | IR4 | IRI | LU8 | RE2 | RI2 | RU9 | U19 | ULU4 | URU | al8 | ala | ale | ali | alu | er4 | ere | eri | ir4 | iri | lu8 | re2 | ri2 | ru9 | u19 | ulu4 | uru | ŠIGX(URU) | šigx(URU)
U+12338,𒌸,uru × a,URU×A,ARARIM | ARX(|URU×A|) | NAGX(|URU×A|) | RU14 | URU18 | URUA | URU×A | ararim | arx(|URU×A|) | nagx(|URU×A|) | ru14 | uru18 | urua
U+12339,𒌹,uru × ashgab,URU×AŠGAB,URU×AŠGAB
U+1233A,𒌺,uru × bar,URU×BAR,BARIMX(|URU×BAR|) | KIN5 | UKKEN | UKKIN | UNKEN | UNKIN | URU×BAR | barimx(|URU×BAR|) | kin5 | ukken | ukkin | unken | unkin
U+1233B,𒌻,uru × dun,URU×DUN,URU×DUN
U+1233C,𒌼,uru × ga,URU×GA,URU×GA | ŠAKIR3 | ŠAKIRA3 | ŠIKIRA3 | šakir3 | šakira3 | šikira3
U+1233D,𒌽,uru × gal,URU×GAL,ARALIX(|URU×GAL|) | URUGALX(|URU×GAL|) | URU×GAL | aralix(|URU×GAL|) | urugalx(|URU×GAL|)
U+1233E,𒌾,uru × gan₂ tenu,URU×GAN2@t,RU11 | UBX(|URU×GAN2@T|) | URU11 | URUB | URUTAMGA | URU×GAN2@T | URU×GAN2@t | ru11 | ubx(|URU×GAN2@t|) | uru11 | urub | urutamga
U+1233F,𒌿,uru × gar,URU×GAR,ERIM3 | ERIMMAX(|URU×GAR|) | ERIN3 | IRIMMAX(|URU×GAR|) | URU×GAR | erim3 | erimmax(|URU×GAR|) | erin3 | irimmax(|URU×GAR|)
U+12340,𒍀,uru × gu,URU×GU,GUR5 | GURU5 | GURUŠ3 | KUR12 | URU×GU | gur5 | guru5 | guruš3 | kur12 | ŠAKIR | ŠAKIRA | ŠAKIRI | ŠEGX(|URU×GU|) | ŠIGX(|URU×GU|) | ŠURUMX(|URU×GU|) | šakir | šakira | šakiri | šegx(|URU×GU|) | šigx(|URU×GU|) | šurumx(|URU×GU|)
U+12341,𒍁,uru × ha,URU×HA,IRIŠEB | URU×HA | URUŠEB | URUŠIB | irišeb | urušeb | urušib
U+12342,𒍂,uru × igi,URU×IGI,ASAL | ASAR | ASARA | ASARI | ASARU | ASAX(|URU×IGI|) | BANŠURX(|URU×IGI|) | ILUMER2 | IŠHURU2 | NŪR-ILI | SILIG | URU×IGI | asal | asar | asara | asari | asaru | asax(|URU×IGI|) | banšurx(|URU×IGI|) | ilumer2 | išhuru2 | nūr-ili | silig | ŠILIG | šilig
U+12343,𒍃,uru × im,URU×IM,BUNX(|URU×IM|) | URU×IM | bunx(|URU×IM|)
U+12344,𒍄,uru × ish,|URU×IŠ|,
U+12345,𒍅,uru × ki,URU×KI,URU×KI
U+12346,𒍆,uru × lum,URU×LUM,URU×LUM
U+12347,𒍇,uru × min,URU×MIN,GAL3 | GIŠGAL | LU7 | QAL3 | SUK3 | U18 | UL12 | ULU3 | URU17 | URU×MIN | ZIK3 | gal3 | gišgal | lu7 | qal3 | suk3 | u18 | ul12 | ulu3 | uru17 | zik3 | ĜIŠGAL | ĝišgal
U+12348,𒍈,uru × pa,URU×PA,URU×PA
U+12349,𒍉,uru × she,URU×ŠE,URU×ŠE | ŠEGX(|URU×ŠE|) | ŠIGX(|URU×ŠE|) | šegx(|URU×ŠE|) | šigx(|URU×ŠE|)
U+1234A,𒍊,uru × sig₄,URU×SIG4,URU×SIG4
U+1234B,𒍋,uru × tu,URU×TU,SIGX(|URU×TU|) | URU×TU | sigx(|URU×TU|) | ŠEG5 | ŠIG5 | šeg5 | šig5
U+1234C,𒍌,uru × u + gud,URU×U+GUD,URU×U+GUD | URU×UxGUD
U+1234D,𒍍,uru × ud,URU×UD,ARARIMX(|URU×UD|) | ERARIMX(|URU×UD|) | ERIM6 | ERIN6 | ERIX(|URU×UD|) | RU4 | URU2 | URUMX(|URU×UD|) | URURIM | URUTAMGA2 | URU×UD | URUŠIBX(|URU×UD|) | ararimx(|URU×UD|) | erarimx(|URU×UD|) | erim6 | erin6 | erix(|URU×UD|) | ru4 | uru2 | urumx(|URU×UD|) | ururim | urutamga2 | urušibx(|URU×UD|)
U+1234E,𒍎,uru × uruda,URU×URUDA,BANSUR | BANŠUR | BANŠURA | PANŠUR | SILIG5 | URU×URUDA | bansur | banšur | banšura | panšur | silig5 | ŠILIG5 | šilig5
U+1234F,𒍏,uruda,URUDA,DA5 | DAB6 | MEBULUG | MENBULUG | MINBULUG | URUD | URUDA | URUDU | da5 | dab6 | mebulug | menbulug | minbulug | urud | uruda | urudu | ŠEN2 | šen2
U+12350,𒍐,uruda × u,URUDA×U,SAMAGX(|URUDA×U|) | SUMUGX(|URUDA×U|) | URUDA×U | samagx(|URUDA×U|) | sumugx(|URUDA×U|)
U+12351,𒍑,ush,UŠ,GEŠ3 | GIŠ3 | GURUŠX(UŠ) | IŠ10 | MEŠX(UŠ) | MIŠX(UŠ) | NID | NINTA | NINTAH | NINTAHU | NIT | NITA | NITAH | NITAHU | NITTAX(UŠ) | NIŢ | UNU8 | US2 | USA2 | USU2 | UZ2 | UŚ | UŞ2 | UŠ | geš3 | giš3 | gurušx(UŠ) | iš10 | mešx(UŠ) | mišx(UŠ) | nid | ninta | nintah | nintahu | nit | nita | nitah | nitahu | nittax(UŠ) | niţ | unu8 | us2 | usa2 | usu2 | uz2 | uś | uş2 | uš | ĜEŠ3 | ĜIŠ3 | ĝeš3 | ĝiš3
U+12352,𒍒,ush × a,UŠ×A,KAŠ3 | KISI | UŠ×A | kaš3 | kisi
U+12353,𒍓,ush × ku,UŠ×KU,GALAX(|UŠ×KU|) | UŠ×KU | galax(|UŠ×KU|)
U+12354,𒍔,ush × kur,UŠ×KUR,GEŠX(|UŠ×KUR|) | UŠ×KUR | gešx(|UŠ×KUR|)
U+12355,𒍕,ush × tak₄,UŠ×TAK4,DAN6 | TAN6 | UŠ×TAK4 | dan6 | tan6
U+12356,𒍖,ushx,UŠX,UŠX | UŠX(UŠX) | ušx(UŠX)
U+12357,𒍗,ush₂,UŠ2,UG7 | UŠ2 | ug7 | uš2
U+12358,𒍘,ushumx,UŠUMX,UŠUMX
U+12359,𒍙,utuki,UTUKI,UTUDI | UTUKI | utudi | utuki
U+1235A,𒍚,uz₃,UZ3,SURX(UZ3) | UD5 | UDA5 | US3 | UT5 | UZ3 | UZA3 | UZUD | surx(UZ3) | ud5 | uda5 | us3 | ut5 | uz3 | uza3 | uzud
U+1235B,𒍛,uz₃ × kaskal,UZ3×KASKAL,MEX(|UZ3×KASKAL|) | QABLU | UZ3×KASKAL | mex(|UZ3×KASKAL|) | qablu
U+1235C,𒍜,uzu,UZU,USUX(UZU) | UZU | usux(UZU) | uzu | ŠER4 | ŠERU | ŠIR4 | ŠIRAM | ŠIRIM | ŠIRU | ŠIRUM | šer4 | šeru | šir4 | širam | širim | širu | širum
U+1235D,𒍝,za,ZA,SA3 | ZA | ZAGGA2 | sa3 | za | zagga2 | ŞA | şa
U+1235E,𒍞,za tenu,ZA@t,AD4 | ADDAX(ZA@T) | ADDU4 | ZA@T | ZA@t | ad4 | addax(ZA@t) | addu4
U+1235F,𒍟,za squared × kur,|(4×ZA)×KUR|,geštae | gištaʾe | gištaʾi | gištae | ŋeštae
U+12360,𒍠,zag,ZAG,BUTE | BUTI | BUTU | EN7 | PUTA | PUTE | PUTI | PUTU | SAK6 | SAX(ZAG) | ZA3 | ZAG | ZAK | ZAQ | bute | buti | butu | en7 | puta | pute | puti | putu | sak6 | sax(ZAG) | za3 | zag | zak | zaq | ŞAK | şak
U+12361,𒍡,zamx,ZAMX,ZAMX | ZAMX(ZAMX) | zamx(ZAMX)
U+12362,𒍢,ze₂,ZE2,SE20 | SI20 | ZE2 | ZI2 | se20 | si20 | ze2 | zi2 | ŞE | ŞI | şe | şi
U+12363,𒍣,zi,ZI,SE2 | SI2 | ZE | ZI | ZID | ZIG3 | se2 | si2 | ze | zi | zid | zig3 | ŞE2 | ŞI2 | şe2 | şi2
U+12364,𒍤,zi / zi,|ZI&ZI|,
U+12365,𒍥,zi₃,ZI3,GURUX(ZI3) | GURX(ZI3) | KARAX(ZI3) | KARX(ZI3) | KIRIX(ZI3) | ZI3 | ZID2 | ZUX(ZI3) | gurux(ZI3) | gurx(ZI3) | karax(ZI3) | karx(ZI3) | kirix(ZI3) | zi3 | zid2 | zux(ZI3)
U+12366,𒍦,zib,AŠ@z&AŠ@z&AŠ@z&AŠ@z,AŠ@Z&AŠ@Z&AŠ@Z&AŠ@Z | AŠ@z&AŠ@z&AŠ@z&AŠ@z | KAD6 | SIP3 | ZIB | ZIP | ZUB2 | kad6 | sip3 | zib | zip | zub2 | ŞIB | ŞIBI | ŞIP | şib | şibi | şip | ŠIB4 | šib4
U+12367,𒍧,zib kaba tenu,|AŠ@k&AŠ@k&AŠ@k&AŠ@k|,sumₓ
U+12368,𒍨,zig,ZIG,HAŠ2 | HEŠ2 | HIŠ2 | ZAQ4 | ZIB2 | ZIG | ZIK | ZIQ | ZIQI | haš2 | heš2 | hiš2 | zaq4 | zib2 | zig | zik | ziq | ziqi | ŞIB2 | şib2
U+12369,𒍩,ziz₂,ZIZ2,ZIZ2 | ziz2
U+1236A,𒍪,zu,ZU,KA14 | KI6 | SU2 | ZAX(ZU) | ZU | ka14 | ki6 | su2 | zax(ZU) | zu | ŞU2 | şu2
U+1236B,𒍫,zu₅,ZU5,ZU5 | zu5
U+1236C,𒍬,zu₅ × a,ZU5×A,AZU | UZU2 | UŠBAR2 | UŠBUR2 | ZU5×A | azu | uzu2 | ušbar2 | ušbur2
U+1236D,𒍭,zubur,ZUBUR,ZABAR2 | ZUBUR | zabar2 | zubur
U+1236E,𒍮,zum,ZUM,GARIG2 | GAZUM2 | HAL2 | HAŠ4 | RI4 | RIG2 | RIK2 | RIMX(ZUM) | RIQ2 | SIM5 | SU14 | SUM2 | ZU3 | ZUM | garig2 | gazum2 | hal2 | haš4 | ri4 | rig2 | rik2 | rimx(ZUM) | riq2 | sim5 | su14 | sum2 | zu3 | zum | ŞIM | ŞU | ŞUM | şim | şu | şum | ŠU15 | šu15
U+1236F,𒍯,kap elamite,KAP₀,kap₀
U+12370,𒍰,ab × nun,|AB×NUN|,
U+12371,𒍱,ab₂ × a,|AB₂×A|,
U+12372,𒍲,amar × kug,|AMAR×KU₃|,
U+12373,𒍳,dag kisim₅ × u₂ + mash,|DAG.KISIM₅×(U₂.MAŠ)|,
U+12374,𒍴,dag₃,NI.UD,ATUMX(|NI.UD|) | BAR4 | DAG3 | DAK3 | DAQ3 | I4 | IA4 | NA4 | NI.UD | TAK3 | TAQ3 | YA4 | ZA2 | atumx(|NI.UD|) | bar4 | dag3 | dak3 | daq3 | i4 | ia4 | na4 | tak3 | taq3 | ya4 | za2
U+12375,𒍵,dish + shu,|DIŠ+ŠU|,
U+12376,𒍶,dub × she,,
U+12377,𒍷,ezen × gud,,
U+12378,𒍸,ezen × she,EZEN×ŠE,EZEN4 | EZEN×ŠE | ezen4
U+12379,𒍹,ga₂ × an + kak + a,|GA₂×(AN.KAK.A)|,usud
U+1237A,𒍺,ga₂ × ash₂,|GA₂×AŠ₂|,gaziₓ | gazigalₓ
U+1237B,𒍻,ge₂₂,AŠ@k,AŠ@K | AŠ@k | GE22 | SANTAK2 | SAĜTAK2 | UBURA | UBURU | ULIL | UMA | UTAG | UTAK | UZALAG | UZALAK | ge22 | santak2 | saĝtak2 | ubura | uburu | ulil | uma | utag | utak | uzalag | uzalak
U+1237C,𒍼,gig,GIG,GE17 | GI17 | GIB3 | GIG | KIK | KIĜ | QIQ | SIMX(GIG) | ge17 | gi17 | gib3 | gig | kik | kiĝ | qiq | simx(GIG)
U+1237D,𒍽,hush,HI.GIR3,HI.GIR3 | HIŠ4 | HUŠ | HUŠA | HUŠUX(|HI.GIR3|) | RUŠ | hiš4 | huš | huša | hušux(|HI.GIR3|) | ruš
U+1237E,𒍾,ka × anshe,|KA×ANŠE|,
U+1237F,𒍿,ka × ash₃,|KA×6(DIŠ)|,
U+12380,𒎀,ka × gish,KA×GIŠ,KA×GIŠ
U+12381,𒎁,ka × gud,|KA×GUD|,
U+12382,𒎂,ka × hi × ash₂,KA×HI×AŠ2,KA×HI×AŠ2 | MURUMX(|KA×HI×AŠ2|) | murumx(|KA×HI×AŠ2|)
U+12383,𒎃,ka × lum,KA×LUM,KA×LUM | ZUGUZ | zuguz
U+12384,𒎄,ka × pa,KA×PA,KA×PA
U+12385,𒎅,ka × shul,|KA×DUN|,
U+12386,𒎆,ka × tu,,
U+12387,𒎇,ka × ur₂,KA×UR2,KA×UR2
U+12388,𒎈,lagab × gi,|LAGAB×GI|,
U+12389,𒎉,lu₂ sheshig × bad,|LU₂@s×BAD|,ad₈ | addaₓ
U+1238A,𒎊,lu₂ × esh₂ + lal,|LU₂×(EŠ₂.LAL)|,ereₓ | ešela | ešelal | irₓ? | xₓ | xidₓ
U+1238B,𒎋,lu₂ × shu,LU2×ŠU,EREX(|LU2×ŠU|) | ERX(|LU2×ŠU|) | LU2×ŠU | erex(|LU2×ŠU|) | erx(|LU2×ŠU|)
U+1238C,𒎌,mesh,ME.U.U.U,EŠ17 | ME.U.U.U | MES3 | MEŠ | MIŠ2 | WIŠ | eš17 | mes3 | meš | miš2 | wiš
U+1238D,𒎍,mush₃ × za,|ZA.AN.MUŠ₃@g|,šubaₓ | zannaruₓ
U+1238E,𒎎,na₄,NI.UD,ATUMX(|NI.UD|) | BAR4 | DAG3 | DAK3 | DAQ3 | I4 | IA4 | NA4 | NI.UD | TAK3 | TAQ3 | YA4 | ZA2 | atumx(|NI.UD|) | bar4 | dag3 | dak3 | daq3 | i4 | ia4 | na4 | tak3 | taq3 | ya4 | za2
U+1238F,𒎏,nin,NIN,NIN
U+12390,𒎐,nin₉,SAL.KU,E13 | NEN9 | NIN9 | SAL.KU | e13 | nen9 | nin9
U+12391,𒎑,ninda₂ × bal,|NINDA₂×BAL|,gur₂₃
U+12392,𒎒,ninda₂ × gi,|NINDA₂×GI|,giguruₓ
U+12393,𒎓,nu₁₁ rot. ninety degrees,NU₁₁@90,
U+12394,𒎔,pesh₂ *,PEŠ₂~v,
U+12395,𒎕,pir₂,ERIN2,BIR3 | EREM | EREN2 | ERENA2 | ERIM | ERIN2 | ERINA2 | HIŠ3 | LAH2 | LIH2 | NURA | NURI | NURU | PAR5 | PIR2 | RIN2 | RINA2 | SAP2 | SURX(ERIN2) | TAM5 | UDAX(ERIN2) | ZAB | ZALAG2 | ZAP | bir3 | erem | eren2 | erena2 | erim | erin2 | erina2 | hiš3 | lah2 | lih2 | nura | nuri | nuru | par5 | pir2 | rin2 | rina2 | sap2 | surx(ERIN2) | tam5 | udax(ERIN2) | zab | zalag2 | zap | ŞAB | ŞAP | ŞAPA | ŞĀBU | şab | şap | şapa | şābu
U+12396,𒎖,sag × igi gunu,|SAG×IGI@g|,
U+12397,𒎗,ti₂,HI,'I3 | 'i3 | DA10 | DAB3 | DE8 | DI2 | DU10 | DUB3 | DUG3 | DUGU | HA4 | HE | HI | I11 | KUGU | MUX(HI) | TA8 | TE2 | TI2 | da10 | dab3 | de8 | di2 | du10 | dub3 | dug3 | dugu | ha4 | he | hi | i11 | kugu | mux(HI) | ta8 | te2 | ti2 | ŢA3 | ŢAB6 | ŢE2 | ŢI2 | ţa3 | ţab6 | ţe2 | ţi2
U+12398,𒎘,um × me,|UM×ME|,
U+12399,𒎙,u u,|U.U|,amna₂ | buzur₂ | gešₓ | gišₓ | ma₁₀ | mam | man | mana | men₅ | mešₓ | mim₃ | min₃ | mina₃ | naš | nes | neš | nis | niš | niz | puzur₂ | šamaš₂ | šar₄ | šarru₂ | šušana₂ | šušanaku | utu₃ | wan | 2(bur₃) | 2(u) | 2(bur₃@c) | 2(u@c)
U+12400,𒐀,two ash,2(AŠ),2(aš) | 2(iku) | 2(aš@c) | 2(iku@c)
U+12401,𒐁,three ash,3(AŠ),eš₆ | 3(aš) | 3(iku) | 3(aš@c) | 3(iku@c)
U+12402,𒐂,four ash,4(AŠ),4(aš) | 4(iku) | arba | arrap | erba | erbe | lam₄ | lammu₂ | lim₂ | limmu₂ | limu₂ | 4(aš@c) | 4(iku@c)
U+12403,𒐃,five ash,5(AŠ),5(aš) | 5(iku) | 5(aš@c) | 5(iku@c)
U+12404,𒐄,six ash,6(AŠ),6(aš) | 6(iku) | 6(aš@c) | 6(iku@c)
U+12405,𒐅,seven ash,7(AŠ),7(aš) | 7(iku) | 7(aš@c) | 7(iku@c) | 7(aš@t) | 7(diš@t)
U+12406,𒐆,eight ash,8(AŠ),8(aš) | 8(aš@c) | 8(aš@t) | 8(diš@t)
U+12407,𒐇,nine ash,9(AŠ),9(aš) | 9(aš@c) | 9(aš@t) | 9(diš@t)
U+12408,𒐈,three dish,3(DIŠ),3(diš) | 3(diš@c)@v
U+12409,𒐉,four dish,4(DIŠ),limₓ | limmu₅ | limu₅ | nigidalimmu | 4(barig) | 4(bariga) | 4(diš) | 4(aš@c@90) | 4(barig@c) | 4(bariga@c) | 4(diš@c)
U+1240A,𒐊,five dish,5(DIŠ),i₂ | ia₂ | 5(diš) | 5(aš@c@90) | 5(barig@c) | 5(bariga@c) | 5(diš@c)
U+1240B,𒐋,six dish,6(DIŠ),aš₃ | aša₃ | ašša₃ | dešaₓ | iₓ | 6(diš) | 6(aš@c@90) | 6(barig@c) | 6(bariga@c) | 6(diš@c)
U+1240C,𒐌,seven dish,7(DIŠ),imin | imina | umun₇ | umunaₓ | 7(diš) | 7(aš@c@90) | 7(barig@c) | 7(bariga@c) | 7(diš@c)
U+1240D,𒐍,eight dish,8(DIŠ),usa | ussu | 8(diš) | ussu | 8(diš)@v | 8(diš@c) | 8(aš@c@90)
U+1240E,𒐎,nine dish,9(DIŠ),elimmuₓ | ilimₓ | ilimmuₓ | 9(diš) | 9(diš@c)~d
U+1240F,𒐏,four u,4(U),limmu₃ | limu₃ | nimin | nimina | nin₅ | nina₄ | šanabaku₂ | šanabi₂ | 4(bur₃) | 4(u) | 4(bur₃@c) | 4(u@c) | 4(u@c)@v
U+12410,𒐐,five u,5(U),illil₂ | kingusila₂ | kingusili₂ | mullil | ninniₓ | ninnu | ninuₓ | 5(bur₃) | 5(u) | 5(bur₃@c) | 5(u@c)
U+12411,𒐑,six u,6(U),ašₓ | 6(bur₃) | 6(u) | 6(bur₃@c) | 6(u@c)
U+12412,𒐒,seven u,7(U),umunₓ | 7(bur₃) | 7(u) | 7(bur₃@c) | 7(u@c)
U+12413,𒐓,eight u,8(U),ussuₓ | 8(bur₃) | 8(u) | 8(bur₃@c) | 8(u@c)
U+12414,𒐔,nine u,9(U),ilimmuₓ | 9(bur₃) | 9(u) | 9(bur₃@c) | 9(u@c)
U+12415,𒐕,one gesh₂,1(GEŠ₂),geš₂ | gešta | gi₃? | giš₂ | ŋeš₂ | ŋiš₂ | 1(geš₂) | 1(ŋeš₂) | geš₂@c | ŋeš₂@c | 1(geš₂@c) | 1(ŋeš₂@c) | geš₂@c@90 | ŋeš₂@c@90 | 1(geš₂@c@90) | 1(ŋeš₂@c@90) | geš₂@c@v | ŋeš₂@c@v | geš₂@t | 1(geš₂@t) | 1(ŋeš₂@t)
U+12416,𒐖,two gesh₂,2(GEŠ₂),2(geš₂) | 2(ŋeš₂) | 2(geš₂@c) | 2(ŋeš₂@c) | 2(geš₂@t) | 2(ŋeš₂@t)
U+12417,𒐗,three gesh₂,3(GEŠ₂),3(geš₂) | 3(ŋeš₂) | 3(geš₂@c) | 3(ŋeš₂@c) | 3(geš₂@c)@v | 3(ŋeš₂@c)@v | 3(geš₂@c@90) | 3(geš₂@t) | 3(ŋeš₂@t)
U+12418,𒐘,four gesh₂,4(GEŠ₂),4(geš₂) | 4(ŋeš₂) | 4(geš₂@c) | 4(ŋeš₂@c) | 4(geš₂@c)@v | 4(ŋeš₂@c)@v | 4(geš₂@c@90) | 4(geš₂@t) | 4(ŋeš₂@t)
U+12419,𒐙,five gesh₂,5(GEŠ₂),5(geš₂) | 5(ŋeš₂) | 5(geš₂@c) | 5(ŋeš₂@c) | 5(geš₂@t) | 5(ŋeš₂@t)
U+1241A,𒐚,six gesh₂,6(GEŠ₂),6(geš₂) | 6(ŋeš₂) | 6(geš₂@c) | 6(ŋeš₂@c) | 6(geš₂@t) | 6(ŋeš₂@t)
U+1241B,𒐛,seven gesh₂,7(GEŠ₂),7(geš₂) | 7(ŋeš₂) | 7(geš₂@c) | 7(ŋeš₂@c) | 7(geš₂@t) | 7(ŋeš₂@t)
U+1241C,𒐜,eight gesh₂,8(GEŠ₂),8(geš₂) | 8(ŋeš₂) | 8(geš₂@c) | 8(ŋeš₂@c) | 8(geš₂@t) | 8(ŋeš₂@t)
U+1241D,𒐝,nine gesh₂,9(GEŠ₂),9(geš₂) | 9(ŋeš₂) | 9(geš₂@c) | 9(ŋeš₂@c) | 9(geš₂@t) | 9(ŋeš₂@t)
U+1241E,𒐞,one geshu,1(GEŠU),deššuₓ | gešʾu | gešu | ŋešʾu | 1(gešʾu) | 1(gešu) | 1(ŋešʾu) | gešʾu@c | ŋešʾu@c | 1(gešʾu@c) | 1(ŋešʾu@c) | 1(gešu@c)
U+1241F,𒐟,two geshu,2(GEŠU),2(gešʾu) | 2(ŋešʾu) | 2(gešu) | 2(gešʾu@c) | 2(ŋešʾu@c) | 2(gešu@c)
U+12420,𒐠,three geshu,3(GEŠU),3(gešʾu) | 3(ŋešʾu) | 3(gešu) | 3(gešʾu@c) | 3(ŋešʾu@c) | 3(gešu@c) | 3(gešʾu@c)@v | 3(ŋešʾu@c)@v | 3(gešu@c)@v
U+12421,𒐡,four geshu,4(GEŠU),4(gešʾu) | 4(ŋešʾu) | 4(gešu) | 4(gešʾu@c) | 4(ŋešʾu@c) | 4(gešu@c) | 4(gešʾu@c)@v | 4(ŋešʾu@c)@v | 4(gešu@c)@v
U+12422,𒐢,five geshu,5(GEŠU),5(gešʾu) | 5(ŋešʾu) | 5(gešu) | 5(gešʾu@c) | 5(ŋešʾu@c) | 5(gešu@c)
U+12423,𒐣,two shar₂,2(ŠAR₂),2(šar₂) | 2(šargal) | 2(šar₂@c) | 2(šargal@c)
U+12424,𒐤,three shar₂,3(ŠAR₂),3(šar₂) | 3(šargal) | 3(šar₂@c) | 3(šargal@c)
U+12425,𒐥,three shar₂ variant form,3(ŠAR₂)@v,3(šar₂)@v | 3(šar₂@c)@v | 3(šargal@c)@v
U+12426,𒐦,four shar₂,4(ŠAR₂),4(šar₂) | 4(šargal) | 4(šar₂@c) | 4(šargal@c)
U+12427,𒐧,five shar₂,5(ŠAR₂),5(šar₂) | 5(šargal) | 5(šar₂@c) | 5(šargal@c)
U+12428,𒐨,six shar₂,6(ŠAR₂),6(šar₂) | 6(šargal) | 6(šar₂@c) | 6(šargal@c)
U+12429,𒐩,seven shar₂,7(ŠAR₂),7(šar₂) | 7(šargal) | 7(šar₂@c) | 7(šargal@c)
U+1242A,𒐪,eight shar₂,8(ŠAR₂),8(šar₂) | 8(šargal) | 8(šar₂@c) | 8(šargal@c)
U+1242B,𒐫,nine shar₂,9(ŠAR₂),9(šar₂) | 9(šargal) | 9(šar₂@c) | 9(šargal@c)
U+1242C,𒐬,one sharu,1(ŠARU),šarʾu | šaru | 1(šarʾu) | 1(šaru) | šarʾu@c | šaru@c | 1(šarʾu@c) | 1(šaru@c) | 1(šaruʾgal@c) | 1(šarugal@c) | šarʾu@v | šaru@v | 1(šaru@v) | 1(šarʾu@v) | 1(šaru@v@c) | 1(šarʾu@v@c)
U+1242D,𒐭,two sharu,2(ŠARU),2(šarʾu) | 2(šaru) | 2(šarʾu@c) | 2(šaru@c) | 2(šarʾu@v)
U+1242E,𒐮,three sharu,3(ŠARU),3(šarʾu) | 3(šaru) | 3(šarʾu@c) | 3(šaru@c) | 3(šaru@v) | 3(šarʾu@v)
U+1242F,𒐯,three sharu variant form,3(ŠARU)@v,3(šarʾu)@v | 3(šaru)@v | 3(šarʾu@c)@v | 3(šaru@c)@v
U+12430,𒐰,four sharu,4(ŠARU),4(šarʾu) | 4(šaru) | 4(šaru@v) | 4(šarʾu@v) | 4(šarʾu@c) | 4(šaru@c)
U+12431,𒐱,five sharu,5(ŠARU),5(šarʾu) | 5(šaru) | 5(šarʾu@c) | 5(šaru@c) | 5(šaru@v) | 5(šarʾu@v)
U+12432,𒐲,shar₂ × gal + dish,|ŠAR₂×(GAL.DIŠ)|,šargaldiš
U+12433,𒐳,shar₂ × gal + min,ŠAR2×GAL+MIN,ŠAR2×GAL+MIN | ŠARGALMIN | šargalmin | ŠAR2×GALxMIN
U+12434,𒐴,one buru,U@g,burʾu | 1(burʾu) | burʾuₓ | burʾu@c | 1(burʾu@c)
U+12435,𒐵,two buru,2(BURU),nišₓ | 2(burʾu) | 2(burʾu@c)
U+12436,𒐶,three buru,3(BURU),ušuₓ | 3(burʾu) | 3(burʾu@c)
U+12437,𒐷,three buru variant form,3(BURU@v),3(burʾu)@v | 3(burʾu@c)@v
U+12438,𒐸,four buru,4(BURU),niminₓ | 4(burʾu) | 4(burʾu@c)
U+12439,𒐹,five buru,5(BURU),buriaₓ | ninnuₓ | 5(burʾu) | 5(burʾu@c)
U+1243A,𒐺,three variant form esh₁₆,,
U+1243B,𒐻,three variant form esh₂₁,3(AŠ~b),3(aš)@v | eš₂₁ | 3(aš@c)@v | 3(iku)@v
U+1243C,𒐼,four variant form limmu,LIMMU,lammu | limmu | limu | 4(diš)@v
U+1243D,𒐽,four variant form limmu₄,4(AŠ~a),limmu₄ | 4(aš@v) | 4(aš@v@c)
U+1243E,𒐾,four variant form limmu a,LIMMU~a,limmuₓ | 4(diš@v) | 4(diš)~a
U+1243F,𒐿,four variant form limmu b,LIMMU~b,limmuₓ | 4(diš@v)~b | 4(diš)~b
U+12440,𒑀,six variant form ash₉,6(AŠ~a),6(aš@v) | aš₉ | 6(aš@v@c)
U+12441,𒑁,seven variant form imin₃,7(AŠ~a),7(aš@v) | imin₃ | 7(aš@v@c)
U+12442,𒑂,seven variant form imin a,7(DIŠ)~a,iminₓ | 7(diš)@v | 7(diš@c)@v
U+12443,𒑃,seven variant form imin b,7(DIŠ)~b,iminₓ | 7(diš)@v~b | 7(diš@c)@v~b
U+12444,𒑄,eight variant form ussu,,
U+12445,𒑅,eight variant form ussu₃,USSU₃,ussu₃ | 8(aš~a) | 8(aš@v)
U+12446,𒑆,nine variant form ilimmu,ILIMMU,ilimmu | 9(diš)~a | 9(aš@c@90) | 9(diš@c)
U+12447,𒑇,nine variant form ilimmu₃,ILIMMU₃,ilimmu₃ | 9(aš~a) | ilimmu₃ | 9(aš@v) | 9(diš@c)@v~a
U+12448,𒑈,nine variant form ilimmu₄,9(DIŠ~b),ilimmu₄ | 9(diš)@v | 9(diš@c)@v
U+12449,𒑉,nine variant form ilimmu a,9(DIŠ~c),ilimmuₓ | 9(diš@v) | 9(diš@v@c)
U+1244A,𒑊,two ash tenu,2(AŠ@t),2(aš@t) | 2(diš@t) | 2(iku@t) | 2(aš@t@c)
U+1244B,𒑋,three ash tenu,3(AŠ@t),3(aš@t) | 3(diš@t) | 3(iku@t) | 3(aš@t@c)
U+1244C,𒑌,four ash tenu,4(AŠ@t),4(aš@t) | 4(diš@t) | 4(iku@t) | 4(aš@t@c)
U+1244D,𒑍,five ash tenu,5(AŠ@t),5(aš@t) | 5(diš@t) | 5(iku@t) | 5(aš@t@c)
U+1244E,𒑎,six ash tenu,6(AŠ@t),6(aš@t) | 6(diš@t) | 6(aš@t@c)
U+1244F,𒑏,one ban₂,1(BAN₂),ban₂ | banda₂ | sutₓ | sutu | 1(ban₂) | 1/2(aš) | ban₂@v | 1/2(aš@t) | 1/2(diš@t) | 1/2(aš@c) | ban₂@c | 1(ban₂@c) | 1/2(diš@c) | 1/4(diš@c)
U+12450,𒑐,two ban₂,2(BAN₂),bamen | bamin | banmin | 2(ban₂) | 2(ban₂@c)
U+12451,𒑑,three ban₂,3(BAN₂),3(ban₂) | 3(ban₂@c) | 3(ban₂@c)@v
U+12452,𒑒,four ban₂,4(BAN₂),4(ban₂) | 4(ban₂@c)
U+12453,𒑓,four ban₂ variant form,4(BAN₂@v),4(ban₂)@v | 4(ban₂@c)@v | 4(ban₂@v@c)
U+12454,𒑔,five ban₂,5(BAN₂),5(ban₂) | 5(ban₂@c)
U+12455,𒑕,five ban₂ variant form,5(BAN₂@v),5(ban₂)@v | 5(ban₂@c)@v | 5(ban₂@v@c)
U+12456,𒑖,nigidamin,NIGIDAMIN,2BARIGA | 2bariga | NIGIDAMIN | NIGIDAMIN3 | NIMIN3 | nigidamin3 | nimin3
U+12457,𒑗,nigidaesh,NIGIDAEŠ,3BARIGA | 3bariga | NIEŠ | NIGIDAEŠ | nieš | nigidaeš
U+12458,𒑘,one eshe₃,1(EŠE₃),1(eše₃) | eše₃@c | 1(eše₃@c)
U+12459,𒑙,two eshe₃,2(EŠE₃),2(eše₃) | 2(eše₃@c)
U+1245A,𒑚,one third dish,ŠUŠANA,igišŋalₓ | šudaₓ? | šušana | šuššanₓ | 1/3(aš) | 1/3(diš) | 1/3(iku) | šušanaₓ
U+1245B,𒑛,two thirds dish,ŠANABI,šanaba | šanabi | šanapi | šudaminₓ? | 2/3(aš) | 2/3(diš) | 2/3(diš@t) | 2/3(diš@v) | 2/3(diš)~a
U+1245C,𒑜,five sixths dish,KINGUSILI,kingusila | kingusili | qimku | 5/6(aš) | 5/6(diš) | 5/6(aš@c) | 5/6(diš@c)
U+1245D,𒑝,one third variant form a,F₁,1/3(aš@c@90) | 1/3(aš@c) | 1/3(diš@c)
U+1245E,𒑞,two thirds variant form a,F₂,2/3(aš@c@90) | 2/3(aš@c) | 2/3(diš@c)
U+1245F,𒑟,one eighth ash,F₃,1/8(iku) | 1/8(iku@c) | 1/8(iku@c@v)
U+12460,𒑠,one quarter ash,F₄,1/4(iku) | 1/4(iku@c) | 1/4(aš@c) | 1/4(iku@c@v)
U+12461,𒑡,old assyrian one sixth,F₅,1/6(diš)
U+12462,𒑢,old assyrian one quarter,F₆,1/4(diš)
U+12463,𒑣,one quarter gur,1/4(GUR),1/6(diš)@v | 1/2(iku@t) | 1(barig@v) | 1(bariga)@v
U+12464,𒑤,one half gur,1/2(GUR),2(barig@v) | 2(bariga)@v
U+12465,𒑥,elamite one third,1/3(DIŠ)~e,
U+12466,𒑦,elamite two thirds,2/3(DIŠ)~e,
U+12467,𒑧,elamite forty,4(U)@v,4(u)@v
U+12468,𒑨,elamite fifty,5(U)@v,5(u)@v
U+12469,𒑩,four u variant form,4(U)~v,
U+1246A,𒑪,five u variant form,5(U)~v,
U+1246B,𒑫,six u variant form,6(U)~v,
U+1246C,𒑬,seven u variant form,7(U)~v,
U+1246D,𒑭,eight u variant form,8(U)~v,
U+1246E,𒑮,nine u variant form,9(U)~v,
U+12470,𒑰,cuneiform punctuation sign old assyrian word divider,P₁,/ | p₁
U+12471,𒑱,cuneiform punctuation sign vertical colon,P₂,: | p₂
U+12472,𒑲,cuneiform punctuation sign diagonal colon,P₃,":"" | p₃"
U+12473,𒑳,cuneiform punctuation sign diagonal tricolon,P₄,:. | p₄
U+12474,𒑴,cuneiform punctuation sign diagonal quadcolon,P₅,:: | p₅
U+12480,𒒀,ab × nun tenu,|AB×NUN@t|,
U+12481,𒒁,ab × shu₂,|AB×ŠU₂|,
U+12482,𒒂,ad × esh₂,|AD×EŠ₂|,
U+12483,𒒃,bad × dish tenu,|BAD×DIŠ@t|,
U+12484,𒒄,bahar₂ × ab₂,|BAHAR₂×AB₂|,
U+12485,𒒅,bahar₂ × ni,|BAHAR₂×NI|,
U+12486,𒒆,bahar₂ × za,|BAHAR₂×ZA|,
U+12487,𒒇,bu / bu × na₂,|(BU&BU)×NA₂|,arinaₓ
U+12488,𒒈,da × tak₄,|DA×TAK₄|,
U+12489,𒒉,dag × kur,|DAG×KUR|,
U+1248A,𒒊,dim × igi,|DIM×IGI|,
U+1248B,𒒋,dim × u u u,|DIM×(U.U.U)|,
U+1248C,𒒌,dim₂ × ud,|DIM₂×UD|,
U+1248D,𒒍,dug × anshe,|DUG×ANŠE|,
U+1248E,𒒎,dug × ash,|DUG×AŠ|,
U+1248F,𒒏,dug × ash at left,|DUG×AŠ@f|,
U+12490,𒒐,dug × din,|DUG×DIN|,
U+12491,𒒑,dug × dun,|DUG×DUN|,
U+12492,𒒒,dug × erin₂,|DUG×ERIN₂|,
U+12493,𒒓,dug × ga,|DUG×GA|,
U+12494,𒒔,dug × gi,|DUG×GI|,
U+12495,𒒕,dug × gir₂ gunu,|DUG×GIR₂@g|,
U+12496,𒒖,dug × gish,|DUG×GIŠ|,
U+12497,𒒗,dug × ha,|DUG×HA|,
U+12498,𒒘,dug × hi,|DUG×HI|,
U+12499,𒒙,dug × igi gunu,,
U+1249A,𒒚,dug × kaskal,|DUG×KASKAL|,
U+1249B,𒒛,dug × kur,|DUG×KUR|,
U+1249C,𒒜,dug × kushu₂,|DUG×KUŠU₂|,
U+1249D,𒒝,dug × kushu₂ + kaskal,|DUG×(KUŠU₂.KASKAL)|,
U+1249E,𒒞,dug × lak-020,|DUG×LAK20|,
U+1249F,𒒟,dug × lam,|DUG×LAM|,
U+124A0,𒒠,dug × lam × kur,|DUG×(LAM×KUR)|,
U+124A1,𒒡,dug × luh + gish,|DUG×(LUH.GIŠ)|,
U+124A2,𒒢,dug × mash,|DUG×MAŠ|,
U+124A3,𒒣,dug × mes,|DUG×MES|,
U+124A4,𒒤,dug × mi,|DUG×MI|,
U+124A5,𒒥,dug × ni,|DUG×NI|,šakirₓ | šugurₓ | šukurₓ
U+124A6,𒒦,dug × pi,|DUG×PI|,
U+124A7,𒒧,dug × she,|DUG×ŠE|,
U+124A8,𒒨,dug × si gunu,|DUG×SI@g|,
U+124A9,𒒩,e₂ × kur,|E₂×KUR|,
U+124AA,𒒪,e₂ × pap,E2×PAP,E2×PA4 | E2×PAP
U+124AB,𒒫,erin₂ x,|ERIN₂+X|,ditanₓ | luₓ | tidnumₓ
U+124AC,𒒬,esh₂ crossing esh₂,|EŠ₂%EŠ₂|,
U+124AD,𒒭,ezen sheshig × ash,|EZEN@s×AŠ|,
U+124AE,𒒮,ezen sheshig × hi,|EZEN@s×HI|,
U+124AF,𒒯,ezen sheshig × igi gunu,|EZEN@s×IGI@g|,
U+124B0,𒒰,ezen sheshig × la,|EZEN@s×LA|,
U+124B1,𒒱,ezen sheshig × lal,|EZEN@s×LAL|,
U+124B2,𒒲,ezen sheshig × me,|EZEN@s×ME|,
U+124B3,𒒳,ezen sheshig × mes,|EZEN@s×MES|,
U+124B4,𒒴,ezen sheshig × su,|EZEN@s×SU|,
U+124B5,𒒵,ezen × su,|EZEN×SU|,
U+124B6,𒒶,ga₂ × bahar₂,|GA₂×BAHAR₂|,
U+124B7,𒒷,ga₂ × dim gunu,|GA₂×DIM@g|,
U+124B8,𒒸,ga₂ × dug × igi gunu,|GA₂×(DUG×IGI@g)|,
U+124B9,𒒹,ga₂ × dug × kaskal,|GA₂×(DUG×KASKAL)|,
U+124BA,𒒺,ga₂ × eren,|GA₂×EREN|,
U+124BB,𒒻,ga₂ × ga,|GA₂×GA|,
U+124BC,𒒼,ga₂ × gar + di,|GA₂×(GAR.DI)|,
U+124BD,𒒽,ga₂ × gar + ne,|GA₂×(GAR.NE)|,
U+124BE,𒒾,ga₂ × ha + a,,
U+124BF,𒒿,ga₂ × kushu₂ + kaskal,|GA₂×(KUŠU₂.KASKAL)|,
U+124C0,𒓀,ga₂ × lam,|GA₂×LAM|,
U+124C1,𒓁,ga₂ × lam × kur,|GA₂×(LAM×KUR)|,
U+124C2,𒓂,ga₂ × luh,|GA₂×LUH|,
U+124C3,𒓃,ga₂ × mush,|GA₂×MUŠ|,
U+124C4,𒓄,ga₂ × ne,|GA₂×NE|,
U+124C5,𒓅,ga₂ × ne + e₂,|GA₂×(NE.E₂)|,halubₓ
U+124C6,𒓆,ga₂ × ne + gi,|GA₂×(NE.GI)|,
U+124C7,𒓇,ga₂ × shim,|GA₂×ŠIM|,
U+124C8,𒓈,ga₂ × ziz₂,|GA₂×ZIZ₂|,gazaₓ | gazi
U+124C9,𒓉,gaba rot. ninety degrees,GABA@90,gabaₓ
U+124CA,𒓊,geshtin × u,|GEŠTIN×U|,
U+124CB,𒓋,gish × gish crossing gish,|GIŠ×(GIŠ%GIŠ)|,ulₓ
U+124CC,𒓌,gu₂ × igi gunu,|GU₂×IGI@g|,
U+124CD,𒓍,gud + gish × tak₄,|GUD.GIŠ×TAK₄|,
U+124CE,𒓎,ha tenu gunu,HA@t@g,HA@T@G | HA@t@g | ZENAX(HA@T@G) | zenax(HA@t@g)
U+124CF,𒓏,hi × ash / hi × ash,|(HI×AŠ)&(HI×AŠ)|,
U+124D0,𒓐,ka × bu,|KA×BU|,
U+124D1,𒓑,ka × ka,|KA×KA|,
U+124D2,𒓒,ka × u u u,|KA×(U.U.U)|,
U+124D3,𒓓,ka × ur,|KA×UR|,
U+124D4,𒓔,lagab × zu / zu,|LAGAB×(ZU&ZU)|,
U+124D5,𒓕,lak-003,LAK3,
U+124D6,𒓖,lak-021,LAK21,
U+124D7,𒓗,lak-025,LAK25,
U+124D8,𒓘,lak-030,LAK30,
U+124D9,𒓙,lak-050,LAK50,gurₓ
U+124DA,𒓚,lak-051,,
U+124DB,𒓛,lak-062,|U.GAN|,saman₄ | šagan | šaŋan | šakan | šakkan | šaman₂ | šakan | šaman₂
U+124DC,𒓜,lak-079 / lak-079 gunu,|(LAK079&LAK079)@g|,
U+124DD,𒓝,lak-080,LAK80,
U+124DE,𒓞,lak-081 / lak-081,|LAK81&LAK81|,
U+124DF,𒓟,lak-092,LAK92,
U+124E0,𒓠,lak-130,LAK130,
U+124E1,𒓡,lak-142,LAK142,
U+124E2,𒓢,lak-210,LAK210,
U+124E3,𒓣,lak-219,|ŠE.SUHUR|,ubiₓ
U+124E4,𒓤,lak-220,LAK220,
U+124E5,𒓥,lak-225,LAK225,
U+124E6,𒓦,lak-228,LAK228,
U+124E7,𒓧,lak-238,LAK238,
U+124E8,𒓨,lak-265,LAK265,
U+124E9,𒓩,lak-266,LAK266,
U+124EA,𒓪,lak-343,LAK343,lilₓ
U+124EB,𒓫,lak-347,LAK347,
U+124EC,𒓬,lak-348,LAK348,
U+124ED,𒓭,lak-383,LAK383,
U+124EE,𒓮,lak-384,|U.ŠA|,sagₓ | saŋₓ | urum₇ | usagₓ | zaₓ | inarₓ | sagₓ | saŋₓ | utuₓ
U+124EF,𒓯,lak-390,LAK390,dugudₓ
U+124F0,𒓰,lak-441,LAK441,
U+124F1,𒓱,lak-449,LAK449,nisagga | usanₓ | usanₓ
U+124F2,𒓲,lak-449 × gu,|LAK449×GU|,
U+124F3,𒓳,lak-449 × igi,|LAK449×IGI|,
U+124F4,𒓴,lak-449 × pap + lu₃,|LAK449×(PAP.LU₃)|,
U+124F5,𒓵,lak-449 × pap + pap + lu₃,|LAK449×(PAP.PAP.LU₃)|,
U+124F6,𒓶,lak-449 × u₂ + ba,|LAK449×(U₂.BA)|,
U+124F7,𒓷,lak-450,,
U+124F8,𒓸,lak-457,LAK457,
U+124F9,𒓹,lak-470,LAK470,
U+124FA,𒓺,lak-483,LAK483,tugₓ
U+124FB,𒓻,lak-490,LAK490,gaʾar | gaʾurₓ | gamurₓ
U+124FC,𒓼,lak-492,LAK492,kidₓ? | takaₓ
U+124FD,𒓽,lak-493,,
U+124FE,𒓾,lak-495,LAK495,
U+124FF,𒓿,lak-550,LAK550,
U+12500,𒔀,lak-608,LAK608,
U+12501,𒔁,lak-617,LAK617,
U+12502,𒔂,lak-617 × ash,|LAK617×AŠ|,bunₓ | durumₓ
U+12503,𒔃,lak-617 × bad,|LAK617×BAD|,
U+12504,𒔄,lak-617 × dun₃ gunu gunu,,
U+12505,𒔅,lak-617 × ku₃,|LAK617×KU₃|,
U+12506,𒔆,lak-617 × la,,
U+12507,𒔇,lak-617 × tar,|LAK617×TAR|,
U+12508,𒔈,lak-617 × te,|LAK617×TE|,
U+12509,𒔉,lak-617 × u₂,|LAK617×U₂|,
U+1250A,𒔊,lak-617 × ud,|LAK617×UD|,
U+1250B,𒔋,lak-617 × uruda,|LAK617×URUDA|,
U+1250C,𒔌,lak-636,LAK636,ašalₓ | silaₓ
U+1250D,𒔍,lak-648,,
U+1250E,𒔎,lak-648 × dub,|LAK648×DUB|,banšurₓ
U+1250F,𒔏,lak-648 × ga,|LAK648×GA|,
U+12510,𒔐,lak-648 × igi,,
U+12511,𒔑,lak-648 × igi gunu,|LAK648×IGI@g|,
U+12512,𒔒,lak-648 × ni,|LAK648×NI|,šakirₓ
U+12513,𒔓,lak-648 × pap + pap + lu₃,|LAK648×(PAP.PAP.LU₃)|,
U+12514,𒔔,lak-648 × shesh + ki,|LAK648×(ŠEŠ.KI)|,
U+12515,𒔕,lak-648 × ud,|LAK648×UD|,
U+12516,𒔖,lak-648 × uruda,,
U+12517,𒔗,lak-724,LAK724,
U+12518,𒔘,lak-749,LAK749,
U+12519,𒔙,lu₂ gunu × ash,|LU₂@g×AŠ|,adₓ
U+1251A,𒔚,lu₂ × dish,|LU₂×DIŠ|,
U+1251B,𒔛,lu₂ × hal,|LU₂×HAL|,
U+1251C,𒔜,lu₂ × pap,|LU₂×PAP|,
U+1251D,𒔝,lu₂ × pap + pap + lu₃,|LU₂×(PAP.PAP.LU₃)|,
U+1251E,𒔞,lu₂ × tak₄,|LU₂×TAK₄|,
U+1251F,𒔟,mi + za₇,|MI.ZA₇|,
U+12520,𒔠,mush / mush × ga,|(MUŠ&MUŠ)×GA|,
U+12521,𒔡,mush / mush × kak,|(MUŠ&MUŠ)×KAK|,
U+12522,𒔢,ninda₂ × dim gunu,|NINDA₂×DIM@g|,
U+12523,𒔣,ninda₂ × gish,NINDA2xGIŠ,NINDA2xGIŠ
U+12524,𒔤,ninda₂ × gul,|NINDA₂×GUL|,
U+12525,𒔥,ninda₂ × hi,NINDA2xHI,NINDA2xHI
U+12526,𒔦,ninda₂ × kesh₂,|NINDA₂×KEŠ₂|,
U+12527,𒔧,ninda₂ × lak-050,|NINDA₂×LAK50|,
U+12528,𒔨,ninda₂ × mash,|NINDA₂×MAŠ|,gurmi
U+12529,𒔩,ninda₂ × pap + pap,|NINDA₂×(PAP.PAP)|,
U+1252A,𒔪,ninda₂ × u,|NINDA₂×U|,udugabaₓ
U+1252B,𒔫,ninda₂ × u + u,|NINDA₂×(U.U)|,minudugabaₓ
U+1252C,𒔬,ninda₂ × uruda,|NINDA₂×URUDA|,
U+1252D,𒔭,sag gunu × ha,|SAG@g×HA|,
U+1252E,𒔮,sag × en,|SAG×EN|,
U+1252F,𒔯,sag × she at left,|KA×ŠE@f|,
U+12530,𒔰,sag × tak₄,|SAG×TAK₄|,birₓ | burₓ
U+12531,𒔱,sha₆ tenu,ŠA₆@t,
U+12532,𒔲,she / she,|ŠE&ŠE|,
U+12533,𒔳,she + hub₂,|(ŠE&ŠE).HUB₂|,
U+12534,𒔴,she + nam₂,|ŠE.NAM₂|,susₓ | šušₓ | šušinₓ
U+12535,𒔵,she + sar,|SAR×ŠE|,
U+12536,𒔶,shu₂ + dug × ni,|ŠU₂.DUG×NI|,
U+12537,𒔷,shu₂ + e₂ × an,|ŠU₂.(E₂×AN)|,
U+12538,𒔸,si × tak₄,|SI×TAK₄|,giriₓ
U+12539,𒔹,tak₄ + sag,|SAG×TAK₄@f|,
U+1253A,𒔺,tum × gan₂ tenu,|TUM×GAN₂@t|,egirₓ | tumₓ
U+1253B,𒔻,tum × three dish,|TUM×(DIŠ.DIŠ.DIŠ)|,
U+1253C,𒔼,ur₂ inv.,UR₂@h,
U+1253D,𒔽,ur₂ × ud,|UR₂×UD|,
U+1253E,𒔾,uru × dara₃,|URU×DARA₃|,
U+1253F,𒔿,uru × lak-668,|URU×LAK668|,
U+12540,𒕀,uru × lu₃,URU@g,
U+12541,𒕁,za₇,ZA7,ZA7 | za7
U+12542,𒕂,zu / zu + sar,|ZU&ZU.SAR|,lumₓ?
U+12543,𒕃,zu₅ × three dish tenu,|ZU₅×(DIŠ@t.DIŠ@t.DIŠ@t)|,
