p_number,designation,period,provenience,subgenre,line_label,sumerian_reading,sign_sequence,akkadian_gloss
P227753,"PBS 05, 131",Old Babylonian,Nippur,OB Nippur Diri,r i' 3',kadra,|GAR.ŠA₃.A|,[ka]-⸢ad⸣-ru-u₂
P227753,"PBS 05, 131",Old Babylonian,Nippur,OB Nippur Diri,r i' 4',nindaba,|PAD.AN.MUŠ₃|,[ni]-⸢in⸣-da-bu-u₂
P227753,"PBS 05, 131",Old Babylonian,Nippur,OB Nippur Diri,r i' 5',ninnim₇,|PAD.AN.MUŠ₃|,[ta-ak]-⸢li⸣-im-tum
P227753,"PBS 05, 131",Old Babylonian,Nippur,OB Nippur Diri,r i' 8',kar-kar{ki},,kar-ka-ra
P227753,"PBS 05, 131",Old Babylonian,Nippur,OB Nippur Diri,r i' 9',nibru{ki},|EN.KID|{⸢ki⸣},ni-ip-pu-ru
P227753,"PBS 05, 131",Old Babylonian,Nippur,OB Nippur Diri,r i' 10',uri₂{ki},|ŠEŠ.AB|{⸢ki⸣},u₄-ru
P227753,"PBS 05, 131",Old Babylonian,Nippur,OB Nippur Diri,r i' 11',unug{ki},,u₂-ru-uk
P227753,"PBS 05, 131",Old Babylonian,Nippur,OB Nippur Diri,r i' 12',kul-ab{ki},,⸢ku⸣-ul-a-ba
P227753,"PBS 05, 131",Old Babylonian,Nippur,OB Nippur Diri,r i' 13',engiz,|EN.ME.GI|,⸢nu⸣-ha-tim-⸢mu⸣
P227753,"PBS 05, 131",Old Babylonian,Nippur,OB Nippur Diri,r i' 14',engiz,|EN.ME.GI|,⸢si⸣-ra-šu-u₂
P227753,"PBS 05, 131",Old Babylonian,Nippur,OB Nippur Diri,r i' 15',ensi,|EN.ME.LI|,⸢ša⸣-i-lum
P227753,"PBS 05, 131",Old Babylonian,Nippur,OB Nippur Diri,r ii' 1',,ANŠE-⸢X⸣,
P227753,"PBS 05, 131",Old Babylonian,Nippur,OB Nippur Diri,r ii' 2',,|ANŠE.ARAD|,⸢ša⸣-[...]
P227753,"PBS 05, 131",Old Babylonian,Nippur,OB Nippur Diri,r ii' 3',,ANŠE-A-MI,hu-⸢x⸣-[x]
P227753,"PBS 05, 131",Old Babylonian,Nippur,OB Nippur Diri,r ii' 4',,|ANŠE.SAL|,a-ta-nu
P227753,"PBS 05, 131",Old Babylonian,Nippur,OB Nippur Diri,r ii' 5',,|TAG.TAG|,du-⸢mu⸣-qum
P227753,"PBS 05, 131",Old Babylonian,Nippur,OB Nippur Diri,r ii' 6',,|TAG.TAG|,zu-hu-nu-u₂
P227753,"PBS 05, 131",Old Babylonian,Nippur,OB Nippur Diri,r ii' 7',,|TAG.TAG|,⸢ta⸣-qi₂-nu-um
P227753,"PBS 05, 131",Old Babylonian,Nippur,OB Nippur Diri,r ii' 8',,|TUR.UŠ|,⸢ap-lum⸣
P227753,"PBS 05, 131",Old Babylonian,Nippur,OB Nippur Diri,r ii' 9',⸢TUR⸣{da},,⸢ek-du-um⸣
P227753,"PBS 05, 131",Old Babylonian,Nippur,OB Nippur Diri,r ii' 10',<(TUR{da)>},,da-⸢x⸣-[x]-u₂
P227753,"PBS 05, 131",Old Babylonian,Nippur,OB Nippur Diri,r ii' 11',<(TUR{da)>},,re-du-um
P227753,"PBS 05, 131",Old Babylonian,Nippur,OB Nippur Diri,r ii' 12',<(TUR{da)>},,ṣe-⸢eh⸣-rum
P227753,"PBS 05, 131",Old Babylonian,Nippur,OB Nippur Diri,r ii' 13',<(TUR{da)>},,ta-⸢ši⸣-[im]-⸢tum⸣
P227753,"PBS 05, 131",Old Babylonian,Nippur,OB Nippur Diri,r ii' 14',,|TUR.DIŠ|,⸢x-x⸣-rum
P227753,"PBS 05, 131",Old Babylonian,Nippur,OB Nippur Diri,r ii' 15',,|EŠ₂.ŠE|,[da]-⸢pi⸣-nu-u₂
P227753,"PBS 05, 131",Old Babylonian,Nippur,OB Nippur Diri,r ii' 16',,EŠ₂-⸢IŠ⸣,[...]-u₂-⸢šu⸣
P227753,"PBS 05, 131",Old Babylonian,Nippur,OB Nippur Diri,r iii' 1',,|TE.AB@g|,⸢x⸣-[...]
P227753,"PBS 05, 131",Old Babylonian,Nippur,OB Nippur Diri,r iii' 2',,|TE.AB@g|,⸢x⸣-[...]
P227753,"PBS 05, 131",Old Babylonian,Nippur,OB Nippur Diri,r iii' 3',,|TE.AB@g|,⸢x⸣-[...]
P227753,"PBS 05, 131",Old Babylonian,Nippur,OB Nippur Diri,r iii' 4',,|TE.AB@g|,⸢x⸣-[...]
P227753,"PBS 05, 131",Old Babylonian,Nippur,OB Nippur Diri,r iii' 5',,|TE.AB@g|,na-[...]
P227753,"PBS 05, 131",Old Babylonian,Nippur,OB Nippur Diri,r iii' 6',,|EZEN×DUN₃@g|{ki},UD-[...]
P227753,"PBS 05, 131",Old Babylonian,Nippur,OB Nippur Diri,r iii' 7',,|EZEN×KU₃|{ki},UD-[...]
P227753,"PBS 05, 131",Old Babylonian,Nippur,OB Nippur Diri,r iii' 8',,|EZEN×IGI@g|{ki},⸢ki⸣-[...]
P227753,"PBS 05, 131",Old Babylonian,Nippur,OB Nippur Diri,r iii' 9',,LU₂-⸢X⸣,
P228213,"MSL 15, 009 U",Old Babylonian,Nippur,OB Nippur Diri,o 1,agrig,|IGI.DUB|,a-ba-ra-ak-kum
P228213,"MSL 15, 009 U",Old Babylonian,Nippur,OB Nippur Diri,o 2,agrig,,ag₂-ri-iq-qu₃-um
P228213,"MSL 15, 009 U",Old Babylonian,Nippur,OB Nippur Diri,o 3,imhur₄,|IGI.A|,hu-ur-hu-ma-at
P228213,"MSL 15, 009 U",Old Babylonian,Nippur,OB Nippur Diri,o 4,imhur₂,|IGI.BI|,hu-ur-hu-ma-at
P228213,"MSL 15, 009 U",Old Babylonian,Nippur,OB Nippur Diri,o 5,halib,|IGI.KUR|,ir-ka-la
P228213,"MSL 15, 009 U",Old Babylonian,Nippur,OB Nippur Diri,o 6,ganzer,|IGI.KUR.ZA|,da-ni-⸢na⸣
P228213,"MSL 15, 009 U",Old Babylonian,Nippur,OB Nippur Diri,o 7,ganzer₃,,ka-ni-sur-⸢ru⸣
P228213,"MSL 15, 009 U",Old Babylonian,Nippur,OB Nippur Diri,o 8,ganzer₃,,ba-ab
P228213,"MSL 15, 009 U",Old Babylonian,Nippur,OB Nippur Diri,r 1',gurum₂,|IGI.ERIN₂|,pi-qi₃-[it-tum]
P228592,"MSL 12, 175 E",Old Babylonian,Nippur,OB Nippur Diri,o i 1,[lu₂],,⸢mu-ha-x⸣-[...]
P228592,"MSL 12, 175 E",Old Babylonian,Nippur,OB Nippur Diri,o i 2,[lu₂],,ak-lam
P228592,"MSL 12, 175 E",Old Babylonian,Nippur,OB Nippur Diri,o i 3,[lu₂],,ak-lam
P228592,"MSL 12, 175 E",Old Babylonian,Nippur,OB Nippur Diri,o i 4,[lu₂],,la-ap-tam
P228592,"MSL 12, 175 E",Old Babylonian,Nippur,OB Nippur Diri,o i 5,[lu₂],⸢EN⸣,⸢ak-ša-am
P228592,"MSL 12, 175 E",Old Babylonian,Nippur,OB Nippur Diri,o i 6,[lu₂],,⸢ša
P228592,"MSL 12, 175 E",Old Babylonian,Nippur,OB Nippur Diri,o i 7,[lu₂,,[x]
P228592,"MSL 12, 175 E",Old Babylonian,Nippur,OB Nippur Diri,o i frg.a 1',[...]-us₂-a,,pa-⸢at⸣-nu-um
P228592,"MSL 12, 175 E",Old Babylonian,Nippur,OB Nippur Diri,o i frg.a 2',[lu₂],,ra-ap-ša-⸢am
P228592,"MSL 12, 175 E",Old Babylonian,Nippur,OB Nippur Diri,o i frg.a 3',[lu₂],,⸢ša⸣
P228592,"MSL 12, 175 E",Old Babylonian,Nippur,OB Nippur Diri,o i frg.a 4',[lu₂],,pa-⸢li-ih⸣
P228592,"MSL 12, 175 E",Old Babylonian,Nippur,OB Nippur Diri,o i frg.a 5',[lu₂,,pa-⸢li⸣-ih
P228592,"MSL 12, 175 E",Old Babylonian,Nippur,OB Nippur Diri,o i frg.a 6',[lu₂],,a-⸢di-ir
P228592,"MSL 12, 175 E",Old Babylonian,Nippur,OB Nippur Diri,o i frg.a 7',[lu₂],,⸢la⸣-aš-šum
P228592,"MSL 12, 175 E",Old Babylonian,Nippur,OB Nippur Diri,o i frg.a 8',[lu₂],,la-ab-⸢ṣum⸣
P228592,"MSL 12, 175 E",Old Babylonian,Nippur,OB Nippur Diri,r i frg.a 1',dirig,,[na-ha-al]-⸢lum⸣
P228592,"MSL 12, 175 E",Old Babylonian,Nippur,OB Nippur Diri,r i frg.a 2',dirig,,na-sa-qum
P228592,"MSL 12, 175 E",Old Babylonian,Nippur,OB Nippur Diri,r i frg.a 3',dirig,,na-sa-ku-um
P228592,"MSL 12, 175 E",Old Babylonian,Nippur,OB Nippur Diri,r i frg.a 4',dirig,,sa₆-qa₂-ru-um
P228592,"MSL 12, 175 E",Old Babylonian,Nippur,OB Nippur Diri,r i frg.a 5',dirig,,ma-ha-ru-um
P228592,"MSL 12, 175 E",Old Babylonian,Nippur,OB Nippur Diri,r i frg.a 6',dirig,,ma-hu-ru-um
P228592,"MSL 12, 175 E",Old Babylonian,Nippur,OB Nippur Diri,r i frg.a 7',puzur₄,,ra-ga
P228592,"MSL 12, 175 E",Old Babylonian,Nippur,OB Nippur Diri,r i frg.a 8',puzur₄,,⸢hi-di⸣-ir-tum
P228592,"MSL 12, 175 E",Old Babylonian,Nippur,OB Nippur Diri,r ii frg.a 1',ku₇-ku₇,KU₇-[KU₇],
P228704,"FTS, 112 fig. 13",Old Babylonian,Nippur,OB Nippur Diri,o 1,kukku₂,|MI.MI|,ek-⸢le-tum⸣
P228704,"FTS, 112 fig. 13",Old Babylonian,Nippur,OB Nippur Diri,o 2,kukku₂,|MI.MI|,⸢da-x-x-tum⸣
P228704,"FTS, 112 fig. 13",Old Babylonian,Nippur,OB Nippur Diri,o 3,kukku₂,|MI.MI|,u₂-⸢x-lum⸣
P228704,"FTS, 112 fig. 13",Old Babylonian,Nippur,OB Nippur Diri,o 4,kukku₂,|MI.MI|,du-hu-⸢mu⸣-um
P228704,"FTS, 112 fig. 13",Old Babylonian,Nippur,OB Nippur Diri,o 5,ku₇-ku₇,⸢KU₇⸣-KU₇;,ṭa-bu-um
P228704,"FTS, 112 fig. 13",Old Babylonian,Nippur,OB Nippur Diri,o 6,ku₇-ku₇,<(KU₇⸣-KU₇)>,ma-at-qum
P228704,"FTS, 112 fig. 13",Old Babylonian,Nippur,OB Nippur Diri,o 7,ku₇-ku₇,<(KU₇⸣-KU₇)>,ma-ta-qum
P228704,"FTS, 112 fig. 13",Old Babylonian,Nippur,OB Nippur Diri,o 8,ku₇-ku₇,<(KU₇⸣-KU₇)>,mu-ut-qum
P228704,"FTS, 112 fig. 13",Old Babylonian,Nippur,OB Nippur Diri,o 9,ku₇-ku₇,<(KU₇⸣-KU₇)>,⸢da-aš-pu⸣-um
P228704,"FTS, 112 fig. 13",Old Babylonian,Nippur,OB Nippur Diri,o 10,ku₇-ku₇,<(KU₇⸣-KU₇)>,du-uš-⸢šu-pu⸣-um
P228704,"FTS, 112 fig. 13",Old Babylonian,Nippur,OB Nippur Diri,o 11,du₁₂-du₁₂,|TUK.TUK|;,⸢a-ha⸣-zu
P228704,"FTS, 112 fig. 13",Old Babylonian,Nippur,OB Nippur Diri,o 12,du₁₂-du₁₂,|TUK.TUK|,⸢ra-šu⸣-u₂-um
P228704,"FTS, 112 fig. 13",Old Babylonian,Nippur,OB Nippur Diri,o 13,du₁₂-du₁₂,|TUK.TUK|,ša-ru-⸢u₂⸣-um
P228704,"FTS, 112 fig. 13",Old Babylonian,Nippur,OB Nippur Diri,o 14,du₁₂-du₁₂,|TUK.TUK|,za-ma-ru-um
P228704,"FTS, 112 fig. 13",Old Babylonian,Nippur,OB Nippur Diri,o 15,du₁₂-du₁₂,|TUK.TUK|,at-wu-⸢u₂⸣-um
P228704,"FTS, 112 fig. 13",Old Babylonian,Nippur,OB Nippur Diri,o 16,da₁₃-da₁₃,|TAK₄.TAK₄|,⸢e-ze⸣-bu-um
P228704,"FTS, 112 fig. 13",Old Babylonian,Nippur,OB Nippur Diri,o 17,da₁₃-da₁₃,|TAK₄.TAK₄|,še-e-tum
P228704,"FTS, 112 fig. 13",Old Babylonian,Nippur,OB Nippur Diri,o 18,da₁₃-da₁₃,|TAK₄.TAK₄|,ši-ta-tum
P228704,"FTS, 112 fig. 13",Old Babylonian,Nippur,OB Nippur Diri,o 19,tur-tur,TUR-TUR;,⸢ṣe⸣-eh-ru-um
P228704,"FTS, 112 fig. 13",Old Babylonian,Nippur,OB Nippur Diri,o 20,tur-tur,<(TUR-TUR)>,la-hu-tum
P228704,"FTS, 112 fig. 13",Old Babylonian,Nippur,OB Nippur Diri,o 21,tur-tur,<(TUR-TUR)>,en-⸢šu⸣-tum
P228704,"FTS, 112 fig. 13",Old Babylonian,Nippur,OB Nippur Diri,o 22,tur-tur,<(TUR-TUR)>,da-qu₃-⸢tum⸣
P228704,"FTS, 112 fig. 13",Old Babylonian,Nippur,OB Nippur Diri,o 23,tur-tur,<(TUR-TUR)>,u₂-⸢te⸣-ni-⸢x-x⸣
P228704,"FTS, 112 fig. 13",Old Babylonian,Nippur,OB Nippur Diri,o 24,tur-tur,<(TUR-TUR)>,⸢x-UZ⸣-[...]
P228704,"FTS, 112 fig. 13",Old Babylonian,Nippur,OB Nippur Diri,r 1,didla,[TUR]-⸢TUR⸣-LA₂;,⸢ṣu₂-ha-ru⸣-[um]
P228704,"FTS, 112 fig. 13",Old Babylonian,Nippur,OB Nippur Diri,r 2,didla,<([TUR]-TUR-LA₂)>,da-qu₃-[tum]
P228704,"FTS, 112 fig. 13",Old Babylonian,Nippur,OB Nippur Diri,r 3,didla,<([TUR]-TUR-LA₂)>,⸢da⸣-qu₂-[um]
P228704,"FTS, 112 fig. 13",Old Babylonian,Nippur,OB Nippur Diri,r 4,gur₄-gur₄,LAGAB-LAGAB;,⸢i⸣-ta-ag-ru-ru-[um]
P228704,"FTS, 112 fig. 13",Old Babylonian,Nippur,OB Nippur Diri,r 5,gur₄-gur₄,<(LAGAB-LAGAB)>,⸢pu-ug-gu₅⸣-[lum]
P228704,"FTS, 112 fig. 13",Old Babylonian,Nippur,OB Nippur Diri,r 6,gur₄-gur₄,<(LAGAB-LAGAB)>,⸢ka-ab-ru-tum⸣
P228704,"FTS, 112 fig. 13",Old Babylonian,Nippur,OB Nippur Diri,r 7,gur₄-gur₄,<(LAGAB-LAGAB)>,⸢kub-bu-tum⸣
P228704,"FTS, 112 fig. 13",Old Babylonian,Nippur,OB Nippur Diri,r 8,niŋin₂,|LAGAB.LAGAB|;,⸢se₂⸣-ke-⸢ru-um⸣
P228704,"FTS, 112 fig. 13",Old Babylonian,Nippur,OB Nippur Diri,r 9,niŋin₂,|LAGAB.LAGAB|,sa₃-ma-kum
P228704,"FTS, 112 fig. 13",Old Babylonian,Nippur,OB Nippur Diri,r 10,niŋin₂,|LAGAB.LAGAB|,⸢pu-uh₂-hu⸣-ru-um
P228704,"FTS, 112 fig. 13",Old Babylonian,Nippur,OB Nippur Diri,r 11,niŋin₂,|LAGAB.LAGAB|,⸢la-wi-ri⸣-[a]-nu-um
P228704,"FTS, 112 fig. 13",Old Babylonian,Nippur,OB Nippur Diri,r 12,niŋin₂,|LAGAB.LAGAB|,⸢e⸣-du-u₂-um
P228704,"FTS, 112 fig. 13",Old Babylonian,Nippur,OB Nippur Diri,r 13,niŋin₂,|LAGAB.LAGAB|,ṣa-a-⸢du⸣-um
P228704,"FTS, 112 fig. 13",Old Babylonian,Nippur,OB Nippur Diri,r 14,niŋin₂,|LAGAB.LAGAB|,sa₃-⸢ha-ru⸣-um
P228704,"FTS, 112 fig. 13",Old Babylonian,Nippur,OB Nippur Diri,r 15,niŋin₂,|LAGAB.LAGAB|,⸢la-wu⸣-u₂-um
P228704,"FTS, 112 fig. 13",Old Babylonian,Nippur,OB Nippur Diri,r 16,niŋin₂,|LAGAB.LAGAB|,ša-a-u₂
P228704,"FTS, 112 fig. 13",Old Babylonian,Nippur,OB Nippur Diri,r 17,niŋin₂,|LAGAB.LAGAB|,⸢e-ge⸣-ru-um
P228704,"FTS, 112 fig. 13",Old Babylonian,Nippur,OB Nippur Diri,r 18,niŋin₂,|LAGAB.LAGAB|,e-⸢be₂⸣-ṭum
P228704,"FTS, 112 fig. 13",Old Babylonian,Nippur,OB Nippur Diri,r 19,niŋin₂,|LAGAB.LAGAB|,i-ta-as₂-hu-rum
P228704,"FTS, 112 fig. 13",Old Babylonian,Nippur,OB Nippur Diri,r 20,niŋin₂,|LAGAB.LAGAB|,ka-na-nu-um
P228704,"FTS, 112 fig. 13",Old Babylonian,Nippur,OB Nippur Diri,r 21,tutku,|LAGAB×(U.U.U).LAGAB×(U.U.U)|;,na-a-šum
P228839,"MSL 13, 094 W1",Old Babylonian,Nippur,OB Nippur Diri,o 1,{d}nuska,{d}|PA.TUG₂|,nu-uš-⸢ka⸣
P228839,"MSL 13, 094 W1",Old Babylonian,Nippur,OB Nippur Diri,o 2,{d}nuska₂,{d}|PA.LU|,nu-uš-ka
P228839,"MSL 13, 094 W1",Old Babylonian,Nippur,OB Nippur Diri,o 3,{d}enšadu,{d}|PA.LU|,im-ša-at-tu
P228839,"MSL 13, 094 W1",Old Babylonian,Nippur,OB Nippur Diri,o 4,{d}nisaba₂,,ni-is-sa₃-ba
P228839,"MSL 13, 094 W1",Old Babylonian,Nippur,OB Nippur Diri,o 5,{d}nanibgal,{d}|AN.NAGA|,na-ni-ib-gal
P228839,"MSL 13, 094 W1",Old Babylonian,Nippur,OB Nippur Diri,o 6,{d}ha-ia₃,,ha-a-a-um
P228839,"MSL 13, 094 W1",Old Babylonian,Nippur,OB Nippur Diri,o 7,{d}bibra,,bi-ib-⸢ru⸣-um
P228839,"MSL 13, 094 W1",Old Babylonian,Nippur,OB Nippur Diri,o 8,{d}udug,,u₂-tu-uk-kum
P228839,"MSL 13, 094 W1",Old Babylonian,Nippur,OB Nippur Diri,o 9,{d}udug,,še-e-du-u₂-um
P228839,"MSL 13, 094 W1",Old Babylonian,Nippur,OB Nippur Diri,o 10,an-usan,AN-USAN,li-li-⸢a⸣-tu
P228839,"MSL 13, 094 W1",Old Babylonian,Nippur,OB Nippur Diri,o 11,{d}uraš,,an-tum
P228839,"MSL 13, 094 W1",Old Babylonian,Nippur,OB Nippur Diri,o 12,{d}lahar,{d}|LAGAB×(GUD&GUD)|,la-ha-ar
P228839,"MSL 13, 094 W1",Old Babylonian,Nippur,OB Nippur Diri,o 13,{d}šakkan₂,,ša-am-ka-an
P228839,"MSL 13, 094 W1",Old Babylonian,Nippur,OB Nippur Diri,o 14,{d}en-ki,,e₂-a
P228839,"MSL 13, 094 W1",Old Babylonian,Nippur,OB Nippur Diri,o 15,{[d}X]-⸢X⸣,,e₂-a
P228839,"MSL 13, 094 W1",Old Babylonian,Nippur,OB Nippur Diri,o 16,{d}asari,{[d]}|URU×IGI|,ma-ru-tu-uk
P228839,"MSL 13, 094 W1",Old Babylonian,Nippur,OB Nippur Diri,o 17,{d}asar-lu₂-hi,{⸢d}|URU×IGI|LU₂-HI,a-sa-lu-uh₂
P228839,"MSL 13, 094 W1",Old Babylonian,Nippur,OB Nippur Diri,o 18,{d}en-lil₂,{⸢d⸣}|EN.KID|,{d}EN.LIL₂
P228839,"MSL 13, 094 W1",Old Babylonian,Nippur,OB Nippur Diri,o 19,{d}nin-lil₂,{⸢d⸣}|SAL.TUG₂|KID,{d}NIN.LIL₂
P228839,"MSL 13, 094 W1",Old Babylonian,Nippur,OB Nippur Diri,o 20,{d}nanna,{⸢d⸣}|ŠEŠ.KI|,{d}SUEN
P228839,"MSL 13, 094 W1",Old Babylonian,Nippur,OB Nippur Diri,o 21,{d}suen,{⸢d⸣}|EN.ZU|,{[d]}⸢SUEN⸣
P228839,"MSL 13, 094 W1",Old Babylonian,Nippur,OB Nippur Diri,o 22,{d}dil-im₂-babbar,,{⸢d}SUEN⸣
P228839,"MSL 13, 094 W1",Old Babylonian,Nippur,OB Nippur Diri,o 23,{d}nin-urta,{⸢d⸣}|SAL.TUG₂|IB,{[d]}⸢NIN⸣.URTA
P228839,"MSL 13, 094 W1",Old Babylonian,Nippur,OB Nippur Diri,o 24,{d}ud-ta-u₁₈-lu,{d}UD-⸢TA-|URU×MIN|[LU],{[d]}⸢NIN⸣.URTA
P228839,"MSL 13, 094 W1",Old Babylonian,Nippur,OB Nippur Diri,o 25,{⸢d⸣}[...],,[x]-⸢AN⸣-AN
P228839,"MSL 13, 094 W1",Old Babylonian,Nippur,OB Nippur Diri,r i' 1,,|ŠU.KAL|,
P228839,"MSL 13, 094 W1",Old Babylonian,Nippur,OB Nippur Diri,r i' 2,šu-[keš₂],,
P228839,"MSL 13, 094 W1",Old Babylonian,Nippur,OB Nippur Diri,r i' 3,⸢šu⸣,,
P228839,"MSL 13, 094 W1",Old Babylonian,Nippur,OB Nippur Diri,r i' 4,⸢šu⸣,,
P228839,"MSL 13, 094 W1",Old Babylonian,Nippur,OB Nippur Diri,r i' 5,šu,,
P228839,"MSL 13, 094 W1",Old Babylonian,Nippur,OB Nippur Diri,r i' 6,šu,,
P228839,"MSL 13, 094 W1",Old Babylonian,Nippur,OB Nippur Diri,r i' 7,šu,,
P228839,"MSL 13, 094 W1",Old Babylonian,Nippur,OB Nippur Diri,r i' 8,⸢šu⸣,,
P228839,"MSL 13, 094 W1",Old Babylonian,Nippur,OB Nippur Diri,r i' 9,⸢šu⸣,,
P228839,"MSL 13, 094 W1",Old Babylonian,Nippur,OB Nippur Diri,r i' 10,⸢šu⸣,,
P228839,"MSL 13, 094 W1",Old Babylonian,Nippur,OB Nippur Diri,r i' 11,⸢šu⸣,,
P228839,"MSL 13, 094 W1",Old Babylonian,Nippur,OB Nippur Diri,r i' 12,⸢šu⸣-<<ha>>-[ku₆],,
P228839,"MSL 13, 094 W1",Old Babylonian,Nippur,OB Nippur Diri,r i' 13,⸢šu⸣-ku₆,,
P228839,"MSL 13, 094 W1",Old Babylonian,Nippur,OB Nippur Diri,r i' 14,⸢šu⸣,,
P228839,"MSL 13, 094 W1",Old Babylonian,Nippur,OB Nippur Diri,r i' 15,šu,,
P228839,"MSL 13, 094 W1",Old Babylonian,Nippur,OB Nippur Diri,r i' 16,⸢šu⸣,,
P228839,"MSL 13, 094 W1",Old Babylonian,Nippur,OB Nippur Diri,r i' 17,⸢šu,,
P228839,"MSL 13, 094 W1",Old Babylonian,Nippur,OB Nippur Diri,r i' 18,⸢šu,,
P228839,"MSL 13, 094 W1",Old Babylonian,Nippur,OB Nippur Diri,r i' 19,šu,,
P228839,"MSL 13, 094 W1",Old Babylonian,Nippur,OB Nippur Diri,r i' 20,šu,,
P228839,"MSL 13, 094 W1",Old Babylonian,Nippur,OB Nippur Diri,r i' 21,⸢šu⸣-še₃,,
P228839,"MSL 13, 094 W1",Old Babylonian,Nippur,OB Nippur Diri,r i' 22,⸢šu,,
P228839,"MSL 13, 094 W1",Old Babylonian,Nippur,OB Nippur Diri,r i' 23,⸢šu,,
P228839,"MSL 13, 094 W1",Old Babylonian,Nippur,OB Nippur Diri,r i' 24,⸢šu,,
P228839,"MSL 13, 094 W1",Old Babylonian,Nippur,OB Nippur Diri,r i' 25,šu,,
P228839,"MSL 13, 094 W1",Old Babylonian,Nippur,OB Nippur Diri,r i' 26,šu,,
P228839,"MSL 13, 094 W1",Old Babylonian,Nippur,OB Nippur Diri,r i' 27,šu,,
P228839,"MSL 13, 094 W1",Old Babylonian,Nippur,OB Nippur Diri,r i' 28,šu-⸢niŋin⸣,,
P228839,"MSL 13, 094 W1",Old Babylonian,Nippur,OB Nippur Diri,r i' 29,šu,,
P228839,"MSL 13, 094 W1",Old Babylonian,Nippur,OB Nippur Diri,r i' 30,šu,,
P228839,"MSL 13, 094 W1",Old Babylonian,Nippur,OB Nippur Diri,r i' 31,šu,,
P228839,"MSL 13, 094 W1",Old Babylonian,Nippur,OB Nippur Diri,r i' 32,šu,,
P228839,"MSL 13, 094 W1",Old Babylonian,Nippur,OB Nippur Diri,r i' 33,šu-⸢x⸣,,
P228839,"MSL 13, 094 W1",Old Babylonian,Nippur,OB Nippur Diri,r i' 34,⸢šu⸣,,
P228839,"MSL 13, 094 W1",Old Babylonian,Nippur,OB Nippur Diri,r i' 35,šu,,
P228839,"MSL 13, 094 W1",Old Babylonian,Nippur,OB Nippur Diri,r i' 36,šu,,
P228839,"MSL 13, 094 W1",Old Babylonian,Nippur,OB Nippur Diri,r i' 37,šu,,
P228839,"MSL 13, 094 W1",Old Babylonian,Nippur,OB Nippur Diri,r i' 38,šu,,
P228839,"MSL 13, 094 W1",Old Babylonian,Nippur,OB Nippur Diri,r i' 39,šu,,
P228839,"MSL 13, 094 W1",Old Babylonian,Nippur,OB Nippur Diri,r i' 40,šu,,
P228839,"MSL 13, 094 W1",Old Babylonian,Nippur,OB Nippur Diri,r ii' 1,[šu,,
P228839,"MSL 13, 094 W1",Old Babylonian,Nippur,OB Nippur Diri,r ii' 2,[šu],,
P228839,"MSL 13, 094 W1",Old Babylonian,Nippur,OB Nippur Diri,r ii' 3,[šu],,
P228839,"MSL 13, 094 W1",Old Babylonian,Nippur,OB Nippur Diri,r ii' 4,[šu],,
P228839,"MSL 13, 094 W1",Old Babylonian,Nippur,OB Nippur Diri,r ii' 5,[šu],,
P228839,"MSL 13, 094 W1",Old Babylonian,Nippur,OB Nippur Diri,r ii' 6,šu,,
P228839,"MSL 13, 094 W1",Old Babylonian,Nippur,OB Nippur Diri,r ii' 7,šu,,
P228839,"MSL 13, 094 W1",Old Babylonian,Nippur,OB Nippur Diri,r ii' 8,šu,,
P228839,"MSL 13, 094 W1",Old Babylonian,Nippur,OB Nippur Diri,r ii' 9,šu,,
P228839,"MSL 13, 094 W1",Old Babylonian,Nippur,OB Nippur Diri,r ii' 10,bar-šu,,
P228839,"MSL 13, 094 W1",Old Babylonian,Nippur,OB Nippur Diri,r ii' 11,bar-šu-⸢ŋal₂⸣,,
P228839,"MSL 13, 094 W1",Old Babylonian,Nippur,OB Nippur Diri,r ii' 12,bar-šu-ŋal₂,,
P228839,"MSL 13, 094 W1",Old Babylonian,Nippur,OB Nippur Diri,r ii' 13,sa,,
P228839,"MSL 13, 094 W1",Old Babylonian,Nippur,OB Nippur Diri,r ii' 14,sa,,
P228839,"MSL 13, 094 W1",Old Babylonian,Nippur,OB Nippur Diri,r ii' 15,sa,,
P228839,"MSL 13, 094 W1",Old Babylonian,Nippur,OB Nippur Diri,r ii' 16,sa,,
P228839,"MSL 13, 094 W1",Old Babylonian,Nippur,OB Nippur Diri,r ii' 17,⸢sa⸣,,
P228839,"MSL 13, 094 W1",Old Babylonian,Nippur,OB Nippur Diri,r ii' 18,sa,,
P228839,"MSL 13, 094 W1",Old Babylonian,Nippur,OB Nippur Diri,r ii' 19,sa,,
P228839,"MSL 13, 094 W1",Old Babylonian,Nippur,OB Nippur Diri,r ii' 20,⸢sa⸣-sa,,
P228839,"MSL 13, 094 W1",Old Babylonian,Nippur,OB Nippur Diri,r ii' 21,⸢sa⸣-dah,,
P228839,"MSL 13, 094 W1",Old Babylonian,Nippur,OB Nippur Diri,r ii' 22,še,,
P228839,"MSL 13, 094 W1",Old Babylonian,Nippur,OB Nippur Diri,r ii' 23,sa-⸢dur₂⸣,,
P228839,"MSL 13, 094 W1",Old Babylonian,Nippur,OB Nippur Diri,r ii' 24,sa-KU,,
P228839,"MSL 13, 094 W1",Old Babylonian,Nippur,OB Nippur Diri,r ii' 25,sa-KU,,
P228839,"MSL 13, 094 W1",Old Babylonian,Nippur,OB Nippur Diri,r ii' 26,gil-sa,,
P228839,"MSL 13, 094 W1",Old Babylonian,Nippur,OB Nippur Diri,r ii' 27,gil-sa,,
P228839,"MSL 13, 094 W1",Old Babylonian,Nippur,OB Nippur Diri,r ii' 28,sa-gir₁₁(KEŠ₂)⸢ra⸣,,
P228839,"MSL 13, 094 W1",Old Babylonian,Nippur,OB Nippur Diri,r ii' 29,sa,,
P228839,"MSL 13, 094 W1",Old Babylonian,Nippur,OB Nippur Diri,r ii' 30,sa-du₃,,
P228839,"MSL 13, 094 W1",Old Babylonian,Nippur,OB Nippur Diri,r ii' 31,sa,,
P228839,"MSL 13, 094 W1",Old Babylonian,Nippur,OB Nippur Diri,r ii' 32,⸢sa⸣,,
P228839,"MSL 13, 094 W1",Old Babylonian,Nippur,OB Nippur Diri,r ii' 33,⸢sa⸣,,
P228913,"MSL 15, 011 S1",Old Babylonian,Nippur,OB Nippur Diri,1,ila-ba₄,AN-GA₂,i-la-ba
P228913,"MSL 15, 011 S1",Old Babylonian,Nippur,OB Nippur Diri,2,{d}gibil₆,AN-NE-GI,gi-ri
P228913,"MSL 15, 011 S1",Old Babylonian,Nippur,OB Nippur Diri,3,{d}gira₂,AN-GIŠ-BAR,{d}NE.GI
P228913,"MSL 15, 011 S1",Old Babylonian,Nippur,OB Nippur Diri,4,{d}a-ba₄-ba₄,AN-A-GA₂-GA₂,a-ba-ba
P228913,"MSL 15, 011 S1",Old Babylonian,Nippur,OB Nippur Diri,5,{d}za-ba₄-ba₄,AN-ZA-GA₂-GA₂,za-ba-ba
P228913,"MSL 15, 011 S1",Old Babylonian,Nippur,OB Nippur Diri,6,{d}nin-gublaga,AN-SAL-TUG₂-|EZEN×LA|,ni-in-gu-ub-la-ga
P228913,"MSL 15, 011 S1",Old Babylonian,Nippur,OB Nippur Diri,7,{d}li₉-si₄,,li-si
P228913,"MSL 15, 011 S1",Old Babylonian,Nippur,OB Nippur Diri,8,,{d}sirsirₓ(|BU&BU|)e,si-ir-si-re
P228913,"MSL 15, 011 S1",Old Babylonian,Nippur,OB Nippur Diri,9,{d}marduk,AN-AMAR-UTU,ma-ru-tu-u₄
P228913,"MSL 15, 011 S1",Old Babylonian,Nippur,OB Nippur Diri,10,{d}girid₂-ra,AN-|GIR₃×GAN₂@t|RA,i-il-la
P228913,"MSL 15, 011 S1",Old Babylonian,Nippur,OB Nippur Diri,11,{d}er₃-ra,AN-ARAD-RA,er-ra
P228913,"MSL 15, 011 S1",Old Babylonian,Nippur,OB Nippur Diri,12,{d}uttu(|TAG.TUG₂|),AN-TAG-TUG₂,ut-⸢tu⸣
P228913,"MSL 15, 011 S1",Old Babylonian,Nippur,OB Nippur Diri,r 1,{d}kamad-me,,la-ma-⸢aš⸣-[tum]
P228913,"MSL 15, 011 S1",Old Babylonian,Nippur,OB Nippur Diri,r 2,{d}nin-mug,AN-SAL-TUG₂-MUG,ni-im-mu-⸢ug⸣
P228913,"MSL 15, 011 S1",Old Babylonian,Nippur,OB Nippur Diri,r 3,,AN-|LAGAB×(GUD&GUD)|MA,{d}UTU
P228913,"MSL 15, 011 S1",Old Babylonian,Nippur,OB Nippur Diri,r 4,{d}en-ŠITA₄,AN-EN-U-KID,ha-al-mu
P228913,"MSL 15, 011 S1",Old Babylonian,Nippur,OB Nippur Diri,r 5,{d}nin-ŠITA₄,AN-SAL-TUG₂-U-KID,ha-la-mu
P228913,"MSL 15, 011 S1",Old Babylonian,Nippur,OB Nippur Diri,r 6,{d}id₂-lu₂-ru-gu₂,AN-A-|LAGAB×HAL|LU₂-RU-GU₂,i-id
P228913,"MSL 15, 011 S1",Old Babylonian,Nippur,OB Nippur Diri,r 7,{d}dim₃-kug,,ha-lu-la-a-a
P228913,"MSL 15, 011 S1",Old Babylonian,Nippur,OB Nippur Diri,r 8,{d}dim₃-kug,,iš-ka-ri-su₂-u₄
P228913,"MSL 15, 011 S1",Old Babylonian,Nippur,OB Nippur Diri,r 9,tilla₂,AN-AŠ-AN,su₂-qum
P229042,"MSL 15, 008 E",Old Babylonian,Nippur,OB Nippur Diri,o i 1,dirig,{[...]}|SI.A|,wa-at-ru-⸢um⸣
P229042,"MSL 15, 008 E",Old Babylonian,Nippur,OB Nippur Diri,o i 2,dirig,|SI.A|,šu-tu-ru-⸢um⸣
P229042,"MSL 15, 008 E",Old Babylonian,Nippur,OB Nippur Diri,o i 3,dirig,|SI.A|,ni-qe₃-el-pu-⸢um⸣
P229042,"MSL 15, 008 E",Old Babylonian,Nippur,OB Nippur Diri,o i 4,dirig,|SI.A|,a-ša-⸢šum⸣
P229042,"MSL 15, 008 E",Old Babylonian,Nippur,OB Nippur Diri,o i 5,dirig,|SI.A|,e-⸢li⸣
P229042,"MSL 15, 008 E",Old Babylonian,Nippur,OB Nippur Diri,o i 6,dirig,|SI.A|,el-⸢x⸣
P229042,"MSL 15, 008 E",Old Babylonian,Nippur,OB Nippur Diri,o i 7,dirig,|SI.A|,ka-pi-⸢dum⸣
P229042,"MSL 15, 008 E",Old Babylonian,Nippur,OB Nippur Diri,o i 8,dirig,|SI.A|,[x]-⸢x-ru-x⸣
P229042,"MSL 15, 008 E",Old Babylonian,Nippur,OB Nippur Diri,r 1',du₉-du₉,|BUR₂.BUR₂|,⸢ma-a⸣-[ṣum]
P229042,"MSL 15, 008 E",Old Babylonian,Nippur,OB Nippur Diri,r 2',dun₅-dun₅,|BUR₂.BUR₂|,na-a-qu₂-⸢um⸣
P229042,"MSL 15, 008 E",Old Babylonian,Nippur,OB Nippur Diri,r 3',bur₂-bur₂,{[bu]-⸢ur⸣-bu-ur}|BUR₂.BUR₂|,pa-ša-a-rum
P229042,"MSL 15, 008 E",Old Babylonian,Nippur,OB Nippur Diri,r 4',bur₂-bur₂,|BUR₂.BUR₂|,wa-ša(AL-)ru-um
P229042,"MSL 15, 008 E",Old Babylonian,Nippur,OB Nippur Diri,r 5',bur₂-bur₂,|BUR₂.BUR₂|,ša-al-ṭu₃-tum
P229042,"MSL 15, 008 E",Old Babylonian,Nippur,OB Nippur Diri,r 6',ara₅,{[a]-ra}|HI×AŠ₂.HI×AŠ₂|,sa₃-ma-du-um
P229042,"MSL 15, 008 E",Old Babylonian,Nippur,OB Nippur Diri,r 7',ara₅,|HI×AŠ₂.HI×AŠ₂|,ṭe-e-nu-um
P229042,"MSL 15, 008 E",Old Babylonian,Nippur,OB Nippur Diri,r 8',ara₅,|HI×AŠ₂.HI×AŠ₂|,a-ra-ru-um
P229042,"MSL 15, 008 E",Old Babylonian,Nippur,OB Nippur Diri,r 9',lilib,{[...]}|IGI.IGI|,sa₃-a-ru-um
P229044,"MSL 15, 010 J1",Old Babylonian,Nippur,OB Nippur Diri,o 4,,[X-X]-LAL,na-du-u₂-um
P229044,"MSL 15, 010 J1",Old Babylonian,Nippur,OB Nippur Diri,o 5,,[X-X]-SI,ku-ur-ku-u₂-um
P229044,"MSL 15, 010 J1",Old Babylonian,Nippur,OB Nippur Diri,o 6,,|SU.LU.EŠ₂|,lu-up-pu-um
P229044,"MSL 15, 010 J1",Old Babylonian,Nippur,OB Nippur Diri,o 7,[ba]-⸢e⸣,,za-zum
P229044,"MSL 15, 010 J1",Old Babylonian,Nippur,OB Nippur Diri,o 8,[za-e],,⸢at⸣-ta
P229044,"MSL 15, 010 J1",Old Babylonian,Nippur,OB Nippur Diri,o 9,[ŋa₂-e],,[a]-⸢na⸣-ku-u₂
P229044,"MSL 15, 010 J1",Old Babylonian,Nippur,OB Nippur Diri,r 1',[...]-ur,,
P229044,"MSL 15, 010 J1",Old Babylonian,Nippur,OB Nippur Diri,r 2',[...]-⸢x,,
P229410,"MSL 14, 020 Ci, 021 Dp",Old Babylonian,Nippur,OB Nippur Diri,o 1',,|GIŠ.TUG₂.PI.A.SILA₃|,⸢uz⸣-[...]
P229410,"MSL 14, 020 Ci, 021 Dp",Old Babylonian,Nippur,OB Nippur Diri,o 2',,|GIŠ.TUG₂.PI.A.SILA₃|,ha-si-[su₂-um]
P229410,"MSL 14, 020 Ci, 021 Dp",Old Babylonian,Nippur,OB Nippur Diri,o 3',,|GIŠ.TUG₂.PI.A.SILA₃|,qa₂-⸢a⸣-[lum]
P229410,"MSL 14, 020 Ci, 021 Dp",Old Babylonian,Nippur,OB Nippur Diri,o 4',,|GIŠ.TUG₂.PI.A.SILA₃|,u₂-⸢te⸣-[...]
P229410,"MSL 14, 020 Ci, 021 Dp",Old Babylonian,Nippur,OB Nippur Diri,o 5',,{ŋeš}|URU×(MIN.URUDA)|,pa-aš-[šu-ru-um]
P229410,"MSL 14, 020 Ci, 021 Dp",Old Babylonian,Nippur,OB Nippur Diri,o 6',,{ŋeš}|GA₂×(NUN&NUN)|,⸢gu⸣-[...]
P229410,"MSL 14, 020 Ci, 021 Dp",Old Babylonian,Nippur,OB Nippur Diri,o 7',{ŋeš}RA,,⸢BU⸣-[...]
P229410,"MSL 14, 020 Ci, 021 Dp",Old Babylonian,Nippur,OB Nippur Diri,o 8',,{⸢ŋeš⸣}|GIŠ.MA₂.RA|,⸢x⸣-[...]
P229410,"MSL 14, 020 Ci, 021 Dp",Old Babylonian,Nippur,OB Nippur Diri,o 9',{ŋeš}X-X-⸢X⸣,,
P229410,"MSL 14, 020 Ci, 021 Dp",Old Babylonian,Nippur,OB Nippur Diri,o 14',{⸢ŋeš⸣}[LUGAL],,
P229410,"MSL 14, 020 Ci, 021 Dp",Old Babylonian,Nippur,OB Nippur Diri,o 15',,{ŋeš}|IGI.DIB|LUH,⸢pe-er-hu⸣-[um]
P229410,"MSL 14, 020 Ci, 021 Dp",Old Babylonian,Nippur,OB Nippur Diri,o 16',,{<(ŋeš}|IGI.DIB|LUH,ta-ar-mi-⸢ku⸣
P229410,"MSL 14, 020 Ci, 021 Dp",Old Babylonian,Nippur,OB Nippur Diri,o 17',,{<(ŋeš}|IGI.DIB|LUH,ha-aṭ-ṭu₃
P229410,"MSL 14, 020 Ci, 021 Dp",Old Babylonian,Nippur,OB Nippur Diri,o 18',,|GIŠ.NE@s|,ṣe-eh-ru-um
P229410,"MSL 14, 020 Ci, 021 Dp",Old Babylonian,Nippur,OB Nippur Diri,r i' 1,bu₅,|LAGAB×(U.U.U)|,
P229410,"MSL 14, 020 Ci, 021 Dp",Old Babylonian,Nippur,OB Nippur Diri,r i' 2,zar,|LAGAB×SUM|,
P229410,"MSL 14, 020 Ci, 021 Dp",Old Babylonian,Nippur,OB Nippur Diri,r i' 3,buru₁₆,|LAGAB×SUM|,
P229410,"MSL 14, 020 Ci, 021 Dp",Old Babylonian,Nippur,OB Nippur Diri,r i' 4,[x]-⸢x⸣,|LAGAB×X|,
P229410,"MSL 14, 020 Ci, 021 Dp",Old Babylonian,Nippur,OB Nippur Diri,r ii' 1,umuš,⸢TUG₂⸣,
P229410,"MSL 14, 020 Ci, 021 Dp",Old Babylonian,Nippur,OB Nippur Diri,r ii' 2,dul,|U.TUG₂|,
P229410,"MSL 14, 020 Ci, 021 Dp",Old Babylonian,Nippur,OB Nippur Diri,r ii' 3,me,⸢ME⸣,
P229410,"MSL 14, 020 Ci, 021 Dp",Old Babylonian,Nippur,OB Nippur Diri,r ii' 4,isib,ME,
P229410,"MSL 14, 020 Ci, 021 Dp",Old Babylonian,Nippur,OB Nippur Diri,r ii' 9,⸢u₂⸣-[...],,
P229410,"MSL 14, 020 Ci, 021 Dp",Old Babylonian,Nippur,OB Nippur Diri,r ii' 10,niŋin₅,,
P229410,"MSL 14, 020 Ci, 021 Dp",Old Babylonian,Nippur,OB Nippur Diri,r ii' 11,laʾu,⸢X⸣-[X],
P229410,"MSL 14, 020 Ci, 021 Dp",Old Babylonian,Nippur,OB Nippur Diri,r ii' 12,ha-al,LAL₂-⸢X⸣,
P229410,"MSL 14, 020 Ci, 021 Dp",Old Babylonian,Nippur,OB Nippur Diri,r ii' 13,pa₄,PAP,
P229410,"MSL 14, 020 Ci, 021 Dp",Old Babylonian,Nippur,OB Nippur Diri,r ii' 14,kur₂,PAP,
P229410,"MSL 14, 020 Ci, 021 Dp",Old Babylonian,Nippur,OB Nippur Diri,r ii' 15,pa₅,PAP,
P229410,"MSL 14, 020 Ci, 021 Dp",Old Babylonian,Nippur,OB Nippur Diri,r ii' 16,sila₃,⸢SILA₃⸣,
P229672,"MSL 15, 008 A",Old Babylonian,Nippur,OB Nippur Diri,o i 1',dirig,|SI.A|,[...]-⸢um⸣
P229672,"MSL 15, 008 A",Old Babylonian,Nippur,OB Nippur Diri,o i 2',dirig,|SI.A|,ra-ap-šum
P229672,"MSL 15, 008 A",Old Babylonian,Nippur,OB Nippur Diri,o i 3',dirig,|SI.A|,ša-ba-bu-um
P229672,"MSL 15, 008 A",Old Babylonian,Nippur,OB Nippur Diri,o i 4',dirig,|SI.A|,na-ha-al-lum
P229672,"MSL 15, 008 A",Old Babylonian,Nippur,OB Nippur Diri,o i 5',dirig,|SI.A|,na-sa-qum
P229672,"MSL 15, 008 A",Old Babylonian,Nippur,OB Nippur Diri,o i 6',dirig,|SI.A|,na-sa-ku
P229672,"MSL 15, 008 A",Old Babylonian,Nippur,OB Nippur Diri,o i 7',dirig,|SI.A|,za-qa₂-ru-um
P229672,"MSL 15, 008 A",Old Babylonian,Nippur,OB Nippur Diri,o i 8',dirig,|SI.A|,ma-ha-hu-um
P229672,"MSL 15, 008 A",Old Babylonian,Nippur,OB Nippur Diri,o i 9',dirig,|SI.A|,ma-ha-ru-⸢um⸣
P229672,"MSL 15, 008 A",Old Babylonian,Nippur,OB Nippur Diri,o i 10',puzur₄,|KA×GAN₂@t.ŠA|{pu₃-⸢zu-ur₂⸣},pu-uz-ru-⸢um⸣
P229672,"MSL 15, 008 A",Old Babylonian,Nippur,OB Nippur Diri,o i 11',puzur₄,|KA×GAN₂@t.ŠA|,ra-ga-mu-um
P229672,"MSL 15, 008 A",Old Babylonian,Nippur,OB Nippur Diri,o i 12',puzur₄,|KA×GAN₂@t.ŠA|,hi-di-ir-tum
P229672,"MSL 15, 008 A",Old Babylonian,Nippur,OB Nippur Diri,o i 13',mumun,|KA×LI.KA×LI|{mu-mu-un},ri-ig-mu-um
P229672,"MSL 15, 008 A",Old Babylonian,Nippur,OB Nippur Diri,o i 14',mumun,|KA×LI.KA×LI|,ši-ip-tum
P229672,"MSL 15, 008 A",Old Babylonian,Nippur,OB Nippur Diri,o i 15',mumun,|KA×LI.KA×LI|,wa-ši-⸢pu-um⸣
P229672,"MSL 15, 008 A",Old Babylonian,Nippur,OB Nippur Diri,o i 16',mumun,|KA×LI.KA×LI|,⸢ra⸣-mi-⸢mu-um⸣
P229672,"MSL 15, 008 A",Old Babylonian,Nippur,OB Nippur Diri,o i 17',dadag,|UD.UD|{⸢da⸣-da-ag},⸢el⸣-lum
P229672,"MSL 15, 008 A",Old Babylonian,Nippur,OB Nippur Diri,o i 18',dadag,|UD.UD|,eb-bu-um
P229672,"MSL 15, 008 A",Old Babylonian,Nippur,OB Nippur Diri,o i 19',dadag,|UD.UD|,⸢na-am-ru⸣-um
P229672,"MSL 15, 008 A",Old Babylonian,Nippur,OB Nippur Diri,o i 20',huhud,|UD.UD|{hu-hu-ud},el-lum
P229672,"MSL 15, 008 A",Old Babylonian,Nippur,OB Nippur Diri,o i 21',huhud,|UD.UD|,eb-bu-um
P229672,"MSL 15, 008 A",Old Babylonian,Nippur,OB Nippur Diri,o i 22',huhud,|UD.UD|,na-am-⸢ru⸣-um
P229672,"MSL 15, 008 A",Old Babylonian,Nippur,OB Nippur Diri,o i 23',tatam,|UD.UD|{⸢ta⸣-ta-⸢am⸣},el-lum
P229672,"MSL 15, 008 A",Old Babylonian,Nippur,OB Nippur Diri,o i 24',tatam,|UD.UD|,eb-bu-um
P229672,"MSL 15, 008 A",Old Babylonian,Nippur,OB Nippur Diri,o i 25',tatam,|UD.UD|,na-am-ru-um
P229672,"MSL 15, 008 A",Old Babylonian,Nippur,OB Nippur Diri,o ii 1',tur-tur,|TUR.TUR|,
P229672,"MSL 15, 008 A",Old Babylonian,Nippur,OB Nippur Diri,o ii 2',tur-tur,|TUR.TUR|,⸢la⸣-hu-⸢tum⸣
P229672,"MSL 15, 008 A",Old Babylonian,Nippur,OB Nippur Diri,o ii 3',tur-tur,|TUR.TUR|,⸢en⸣-šu-tum
P229672,"MSL 15, 008 A",Old Babylonian,Nippur,OB Nippur Diri,o ii 4',tur-tur,|TUR.TUR|,⸢da-qu₃⸣-tum
P229672,"MSL 15, 008 A",Old Babylonian,Nippur,OB Nippur Diri,o ii 5',tur-tur,|TUR.TUR|,u₂-⸢te⸣-ni-nu-<<nu>>-um
P229672,"MSL 15, 008 A",Old Babylonian,Nippur,OB Nippur Diri,o ii 6',tur-tur,|TUR.TUR|,⸢šu-x-tum⸣
P229672,"MSL 15, 008 A",Old Babylonian,Nippur,OB Nippur Diri,o ii 7',di₄-di₄-la₂,TUR-TUR-LAL,⸢ṣu₂-ha-ru-um⸣
P229672,"MSL 15, 008 A",Old Babylonian,Nippur,OB Nippur Diri,o ii 8',di₄-di₄-la₂,<(TUR-TUR-LAL)>,⸢da-qu₃-tum⸣
P229672,"MSL 15, 008 A",Old Babylonian,Nippur,OB Nippur Diri,o ii 9',di₄-di₄-la₂,<(TUR-TUR-LAL)>,⸢da-qu₂⸣-um
P229672,"MSL 15, 008 A",Old Babylonian,Nippur,OB Nippur Diri,o ii 10',gur₄-gur₄,|LAGAB.LAGAB|,⸢i-ta-ag-ru-ru-um⸣
P229672,"MSL 15, 008 A",Old Babylonian,Nippur,OB Nippur Diri,o ii 11',gur₄-gur₄,|LAGAB.LAGAB|,⸢pu-ug-gu₅-lum⸣
P229672,"MSL 15, 008 A",Old Babylonian,Nippur,OB Nippur Diri,o ii 12',gur₄-gur₄,|LAGAB.LAGAB|,⸢ka-ab-ru-um⸣
P229672,"MSL 15, 008 A",Old Babylonian,Nippur,OB Nippur Diri,o ii 13',gur₄-gur₄,|LAGAB.LAGAB|,⸢ku⸣-bu-um
P229672,"MSL 15, 008 A",Old Babylonian,Nippur,OB Nippur Diri,o ii 14',niŋin,|LAGAB.LAGAB|,⸢se₂-ke-ru⸣-um
P229672,"MSL 15, 008 A",Old Babylonian,Nippur,OB Nippur Diri,o ii 15',niŋin,|LAGAB.LAGAB|,sa₃-⸢ma⸣-kum
P229672,"MSL 15, 008 A",Old Babylonian,Nippur,OB Nippur Diri,o ii 16',<(a)>-niŋin,|LAGAB.LAGAB|,⸢ša-qu₂⸣-um
P229672,"MSL 15, 008 A",Old Babylonian,Nippur,OB Nippur Diri,o ii 17',<(a)>-niŋin,|LAGAB.LAGAB|,a-wi-ri-a-⸢an⸣-nu-um
P229672,"MSL 15, 008 A",Old Babylonian,Nippur,OB Nippur Diri,o ii 18',<(a)>-niŋin,|LAGAB.LAGAB|,⸢e-du⸣-u₂-⸢um⸣
P229672,"MSL 15, 008 A",Old Babylonian,Nippur,OB Nippur Diri,o ii 19',niŋin,|LAGAB.LAGAB|,ṣa-a-⸢du-um⸣
P229672,"MSL 15, 008 A",Old Babylonian,Nippur,OB Nippur Diri,o ii 20',niŋin,|LAGAB.LAGAB|,sa₃-ha-ru-um
P229672,"MSL 15, 008 A",Old Babylonian,Nippur,OB Nippur Diri,o ii 21',niŋin,|LAGAB.LAGAB|,la-wu-u₂-um
P229672,"MSL 15, 008 A",Old Babylonian,Nippur,OB Nippur Diri,o ii 22',niŋin,|LAGAB.LAGAB|,⸢ša⸣-[a]-⸢u₂⸣
P229672,"MSL 15, 008 A",Old Babylonian,Nippur,OB Nippur Diri,o ii 23',niŋin,|LAGAB.LAGAB|,⸢e⸣-[ge-ru]-⸢um⸣
P229672,"MSL 15, 008 A",Old Babylonian,Nippur,OB Nippur Diri,o ii 24',niŋin,|LAGAB.LAGAB|,⸢e-be₂-ṭum⸣
P229672,"MSL 15, 008 A",Old Babylonian,Nippur,OB Nippur Diri,o iii 1',lah₅,|DU.DU|,⸢ša-la⸣-[lu-um]
P229672,"MSL 15, 008 A",Old Babylonian,Nippur,OB Nippur Diri,o iii 2',lah₅,|DU.DU|,a-la-⸢kum⸣
P229672,"MSL 15, 008 A",Old Babylonian,Nippur,OB Nippur Diri,o iii 3',lah₅-lah₅,|DU.DU.DU.DU|,bu-ub-bu-lum
P229672,"MSL 15, 008 A",Old Babylonian,Nippur,OB Nippur Diri,o iii 4',gir₅-gir₅,|DU@s.DU@s|,ṭe₃-bu-u₂-um
P229672,"MSL 15, 008 A",Old Babylonian,Nippur,OB Nippur Diri,o iii 5',gir₅-gir₅,|DU@s.DU@s|,ti-ṭe₃-bu-um
P229672,"MSL 15, 008 A",Old Babylonian,Nippur,OB Nippur Diri,o iii 6',gir₅-gir₅,|DU@s.DU@s|,ha-la-pu-um
P229672,"MSL 15, 008 A",Old Babylonian,Nippur,OB Nippur Diri,o iii 7',DU@s-DU@s,|DU@s.DU@s|,⸢as₂⸣-qu₃-du-um
P229672,"MSL 15, 008 A",Old Babylonian,Nippur,OB Nippur Diri,o iii 8',dun₅-dun₅,|BUR₂.BUR₂|,⸢da⸣-ma-mu-um
P229672,"MSL 15, 008 A",Old Babylonian,Nippur,OB Nippur Diri,o iii 9',du₉-du₉,|BUR₂.BUR₂|,da-⸢ba⸣-bu-um
P229672,"MSL 15, 008 A",Old Babylonian,Nippur,OB Nippur Diri,o iii 10',dun₅-dun₅,|BUR₂.BUR₂|,⸢ma⸣-a-ṣum
P229672,"MSL 15, 008 A",Old Babylonian,Nippur,OB Nippur Diri,o iii 11',dun₅-dun₅,|BUR₂.BUR₂|,na-a-qu₂-um
P229672,"MSL 15, 008 A",Old Babylonian,Nippur,OB Nippur Diri,o iii 12',bur₂-bur₂,|BUR₂.BUR₂|,pa-ša-a-rum
P229672,"MSL 15, 008 A",Old Babylonian,Nippur,OB Nippur Diri,o iii 13',bur₂-bur₂,|BUR₂.BUR₂|,wa-ša-ru-um
P229672,"MSL 15, 008 A",Old Babylonian,Nippur,OB Nippur Diri,o iii 14',bur₂-bur₂,|BUR₂.BUR₂|,ša-al-ṭu₃-tum
P229672,"MSL 15, 008 A",Old Babylonian,Nippur,OB Nippur Diri,o iii 15',ara₃-ara₃,|HI×AŠ₂.HI×AŠ₂|,sa₃-ma-du-um
P229672,"MSL 15, 008 A",Old Babylonian,Nippur,OB Nippur Diri,o iii 16',ara₃-ara₃,|HI×AŠ₂.HI×AŠ₂|,ṭe-e-nu-um
P229672,"MSL 15, 008 A",Old Babylonian,Nippur,OB Nippur Diri,o iii 17',ara₃-ara₃,|HI×AŠ₂.HI×AŠ₂|,a-ra-ru-um
P229672,"MSL 15, 008 A",Old Babylonian,Nippur,OB Nippur Diri,o iii 18',lilib,|IGI.IGI|,sa₃-a-ru-um
P229672,"MSL 15, 008 A",Old Babylonian,Nippur,OB Nippur Diri,o iii 19',lilib,|IGI.IGI|,ha-ab-ba-tum
P229672,"MSL 15, 008 A",Old Babylonian,Nippur,OB Nippur Diri,o iii 20',lilib,|IGI.IGI|,ša-ar-ra-qum
P229672,"MSL 15, 008 A",Old Babylonian,Nippur,OB Nippur Diri,o iii 21',lilib,|IGI.IGI|,mu-⸢ut-ta⸣-ah-li-lum
P229672,"MSL 15, 008 A",Old Babylonian,Nippur,OB Nippur Diri,o iii 22',bad₅-bad₅,|IGI.IGI|,pa-ti-a-⸢am⸣
P229672,"MSL 15, 008 A",Old Babylonian,Nippur,OB Nippur Diri,o iii 23',bad₅-bad₅,|IGI.IGI|,wa-al-ṣa
P229672,"MSL 15, 008 A",Old Babylonian,Nippur,OB Nippur Diri,o iii 24',ši-ši,|IGI.IGI|,ši-šu-u₂
P229672,"MSL 15, 008 A",Old Babylonian,Nippur,OB Nippur Diri,o iv 1',ganzer,|IGI.KUR.ZA|,
P229672,"MSL 15, 008 A",Old Babylonian,Nippur,OB Nippur Diri,o iv 2',ganzer,|IGI.KUR.ZA|,⸢ka-ni⸣-[sur-ru]
P229672,"MSL 15, 008 A",Old Babylonian,Nippur,OB Nippur Diri,o iv 3',ganzer,|IGI.KUR.ZA|,ba-ab
P229672,"MSL 15, 008 A",Old Babylonian,Nippur,OB Nippur Diri,o iv 4',igi,|IGI.KUR|,pa-ni
P229672,"MSL 15, 008 A",Old Babylonian,Nippur,OB Nippur Diri,o iv 5',,henburₓ(|IGI.KAK|),he-bu-ru-um
P229672,"MSL 15, 008 A",Old Babylonian,Nippur,OB Nippur Diri,o iv 6',dala₂,|IGI.KAK|,ṣi-il-lu-u₂
P229672,"MSL 15, 008 A",Old Babylonian,Nippur,OB Nippur Diri,o iv 7',šukur,|IGI.KAK|,⸢šu⸣-ku-ru-um
P229672,"MSL 15, 008 A",Old Babylonian,Nippur,OB Nippur Diri,o iv 8',šukur,|IGI.KAK|,⸢ha⸣-al-wu-u₂-um
P229672,"MSL 15, 008 A",Old Babylonian,Nippur,OB Nippur Diri,o iv 9',ubri₂,|IGI.DIM|,da-hi-mu-u₂-um
P229672,"MSL 15, 008 A",Old Babylonian,Nippur,OB Nippur Diri,o iv 10',ubri₂,|IGI.DIM|,⸢šu-ku⸣-ru-um
P229672,"MSL 15, 008 A",Old Babylonian,Nippur,OB Nippur Diri,o iv 11',henzer,|IGI.DIM|,⸢ṣe⸣-eh-ru-um
P229672,"MSL 15, 008 A",Old Babylonian,Nippur,OB Nippur Diri,o iv 12',henzer,|IGI.DIM|,pe-hu-u₂
P229672,"MSL 15, 008 A",Old Babylonian,Nippur,OB Nippur Diri,o iv 13',{ŋeš}ligima,{ŋeš}|IGI.TUR.TUR|,li-gi₄-mu-u₂
P229672,"MSL 15, 008 A",Old Babylonian,Nippur,OB Nippur Diri,o iv 14',{ŋeš}ligima,{<(ŋeš}|IGI.TUR.TUR|,zi-iq-pu-um
P229672,"MSL 15, 008 A",Old Babylonian,Nippur,OB Nippur Diri,o iv 15',{ŋeš}ligima,{<(ŋeš}|IGI.TUR.TUR|,ni-ip-lum
P229672,"MSL 15, 008 A",Old Babylonian,Nippur,OB Nippur Diri,o iv 16',gurum₂(|IGI.DUN|),|IGI.DUN|,pa-qa₂-du-um
P229672,"MSL 15, 008 A",Old Babylonian,Nippur,OB Nippur Diri,o iv 17',gurum₂(|IGI.DUN|),|IGI.DUN|,pi-<qi₂>-it-tum
P229672,"MSL 15, 008 A",Old Babylonian,Nippur,OB Nippur Diri,o iv 18',sig₅(|IGI.DUN|),|IGI.DUN|,ṣa-ra-pu-um
P229672,"MSL 15, 008 A",Old Babylonian,Nippur,OB Nippur Diri,o iv 19',u₆-nir,|IGI.E₂||NUN&NUN|,zi-qu₂-ra-⸢tum⸣
P229672,"MSL 15, 008 A",Old Babylonian,Nippur,OB Nippur Diri,o iv 20',u₆,|IGI.E₂|,a-⸢ma⸣-[ru-um]
P229672,"MSL 15, 008 A",Old Babylonian,Nippur,OB Nippur Diri,o iv 21',u₆,|IGI.E₂|,
P229672,"MSL 15, 008 A",Old Babylonian,Nippur,OB Nippur Diri,o iv 22',,⸢IGI⸣-[X-X],
P229672,"MSL 15, 008 A",Old Babylonian,Nippur,OB Nippur Diri,r i 1,uktin,|IGI@g.ALAN|,bu-na-nu
P229672,"MSL 15, 008 A",Old Babylonian,Nippur,OB Nippur Diri,r i 2,uktin,|IGI@g.ALAN|,bi-ne-tum
P229672,"MSL 15, 008 A",Old Babylonian,Nippur,OB Nippur Diri,r i 3,uktin,|IGI@g.ALAN|,ṣu₂-bu-ur
P229672,"MSL 15, 008 A",Old Babylonian,Nippur,OB Nippur Diri,r i 4,,zermuškuₓ(|TAK₄.ALAN|),gu-ur-gu-ru-um
P229672,"MSL 15, 008 A",Old Babylonian,Nippur,OB Nippur Diri,r i 5,tibira,|DUB.NAGAR|,gu-ur-gu-ru-um
P229672,"MSL 15, 008 A",Old Babylonian,Nippur,OB Nippur Diri,r i 6,{ŋeš}taškarin,,ta-aš₂-ga-ri-⸢nu⸣
P229672,"MSL 15, 008 A",Old Babylonian,Nippur,OB Nippur Diri,r i 7,{ŋeš}taškarin,,el-lum
P229672,"MSL 15, 008 A",Old Babylonian,Nippur,OB Nippur Diri,r i 8,{ŋeš}taškarin,,eb-bu-⸢um⸣
P229672,"MSL 15, 008 A",Old Babylonian,Nippur,OB Nippur Diri,r i 9,{ŋeš}taškarin,,šar-rum
P229672,"MSL 15, 008 A",Old Babylonian,Nippur,OB Nippur Diri,r i 10,{ŋeš}sugin,,su₂-ki-in-nu
P229672,"MSL 15, 008 A",Old Babylonian,Nippur,OB Nippur Diri,r i 11,{ŋeš}esi,,u₂-šu-u₂-um
P229672,"MSL 15, 008 A",Old Babylonian,Nippur,OB Nippur Diri,r i 12,,ŋeš-kinₓ(|HI×NUN|),ki-iš-ka-nu-um
P229672,"MSL 15, 008 A",Old Babylonian,Nippur,OB Nippur Diri,r i 13,{ŋeš}šennur,{ŋeš}|X.GIŠ%GIŠ|,ša-lu-ru-u₂-um
P229672,"MSL 15, 008 A",Old Babylonian,Nippur,OB Nippur Diri,r i 14,{ŋeš}mes,,ṣu₂-ul-mu-u₂
P229672,"MSL 15, 008 A",Old Babylonian,Nippur,OB Nippur Diri,r i 15,{ŋeš}mes,,me-su-um
P229672,"MSL 15, 008 A",Old Babylonian,Nippur,OB Nippur Diri,r i 16,{ŋeš}mes,,me-er-tu-u₂-um
P229672,"MSL 15, 008 A",Old Babylonian,Nippur,OB Nippur Diri,r i 17,{ŋeš}ha-lu-ub₂,,hu-lu-pu-um
P229672,"MSL 15, 008 A",Old Babylonian,Nippur,OB Nippur Diri,r i 18,,{ŋeš}targul(|MA₂.KAK|),te-er-gu-ul-lu-u₂
P229672,"MSL 15, 008 A",Old Babylonian,Nippur,OB Nippur Diri,r i 19,{ŋeš}madal,,er-ru-u₂
P229672,"MSL 15, 008 A",Old Babylonian,Nippur,OB Nippur Diri,r i 20,{ŋeš}madal,,ma-tu-u₂-um
P229672,"MSL 15, 008 A",Old Babylonian,Nippur,OB Nippur Diri,r i 21,{ŋeš}mudla,,ma-aš-šu-u₂-um
P229672,"MSL 15, 008 A",Old Babylonian,Nippur,OB Nippur Diri,r i 22,{ŋeš}malla,,ma-ah-la-lum
P229672,"MSL 15, 008 A",Old Babylonian,Nippur,OB Nippur Diri,r i 23,{ŋeš}gazinbu,,⸢ga⸣-ši-šum
P229672,"MSL 15, 008 A",Old Babylonian,Nippur,OB Nippur Diri,r i 24,{ŋeš}gidim₃,,[a-la]-⸢lu-u₂-um⸣
P229672,"MSL 15, 008 A",Old Babylonian,Nippur,OB Nippur Diri,r ii 1,ŋeštug₂,|GIŠ.TUG₂.PI|,uz-nu-um
P229672,"MSL 15, 008 A",Old Babylonian,Nippur,OB Nippur Diri,r ii 2,ŋeštug₃,|GIŠ.PI.TUG₂|,uz-nu-um
P229672,"MSL 15, 008 A",Old Babylonian,Nippur,OB Nippur Diri,r ii 3,ŋizzal,|GIŠ.TUG₂.PI.NU₁₁@90.SILA₃|,uz-nu-um
P229672,"MSL 15, 008 A",Old Babylonian,Nippur,OB Nippur Diri,r ii 4,ŋizzal,|GIŠ.TUG₂.PI.NU₁₁@90.SILA₃|,ha-si-su₂-um
P229672,"MSL 15, 008 A",Old Babylonian,Nippur,OB Nippur Diri,r ii 5,ŋizzal,|GIŠ.TUG₂.PI.NU₁₁@90.SILA₃|,qa₂-lum
P229672,"MSL 15, 008 A",Old Babylonian,Nippur,OB Nippur Diri,r ii 6,ŋizzal,|GIŠ.TUG₂.PI.NU₁₁@90.SILA₃|,u₂-te-qu₃-u₂-um
P229672,"MSL 15, 008 A",Old Babylonian,Nippur,OB Nippur Diri,r ii 7,{ŋeš}banšur,{ŋeš}|URU×(MIN.URUDA)|,pa-aš-šu-ru-um
P229672,"MSL 15, 008 A",Old Babylonian,Nippur,OB Nippur Diri,r ii 8,{ŋeš}ŋušur,{ŋeš}|GA₂×NUN&NUN|,gu-šu-ru-⸢um⸣
P229672,"MSL 15, 008 A",Old Babylonian,Nippur,OB Nippur Diri,r ii 9,ŋeš-par₃-ra,GIŠ-DAG-RA,pu-⸢su₂⸣-nu-um
P229672,"MSL 15, 008 A",Old Babylonian,Nippur,OB Nippur Diri,r ii 10,{ŋeš}amra,{ŋeš}|GIŠ.MA₂.RA|,am-ru-um
P229672,"MSL 15, 008 A",Old Babylonian,Nippur,OB Nippur Diri,r ii 11,{ŋeš}suhub₄,{ŋeš}|ŠU.DI.U.U.U|,me-de-lu-um
P229672,"MSL 15, 008 A",Old Babylonian,Nippur,OB Nippur Diri,r ii 12,{ŋeš}suhub₅,{ŋeš}|ŠU.GA|,na-ap-ra-kum
P229672,"MSL 15, 008 A",Old Babylonian,Nippur,OB Nippur Diri,r ii 13,{ŋeš}girah,{ŋeš}|ŠU.DIM₂|,su₂-⸢pi⸣-in
P229672,"MSL 15, 008 A",Old Babylonian,Nippur,OB Nippur Diri,r ii 14,ŋeš-giri₁₉,|GIŠ.ŠU.LU₂|,⸢ne⸣-me-tum
P229672,"MSL 15, 008 A",Old Babylonian,Nippur,OB Nippur Diri,r ii 15,ŋeš-giriₓ(LU₂),|GIŠ.LU₂|,⸢ne⸣-me-tum
P229672,"MSL 15, 008 A",Old Babylonian,Nippur,OB Nippur Diri,r ii 16,{ŋeš}raba,,ra-ap-pu-u₂
P229672,"MSL 15, 008 A",Old Babylonian,Nippur,OB Nippur Diri,r ii 17,{ŋeš}u₃-luh,{ŋeš}|IGI.DIB|LUH,pe-er-hu-um
P229672,"MSL 15, 008 A",Old Babylonian,Nippur,OB Nippur Diri,r ii 18,{ŋeš}gibil,,pe-er-hu-um
P229672,"MSL 15, 008 A",Old Babylonian,Nippur,OB Nippur Diri,r ii 19,{ŋeš}gibil,,ṣe-eh-rum
P229672,"MSL 15, 008 A",Old Babylonian,Nippur,OB Nippur Diri,r ii 20,{ŋeš}kiri₆,,{giš}KIRI₆
P229672,"MSL 15, 008 A",Old Babylonian,Nippur,OB Nippur Diri,r ii 21,{ŋeš}isimu₃{mu₂},{ŋeš}|U.AD|{mu₂},pe-er-hu-um
P229672,"MSL 15, 008 A",Old Babylonian,Nippur,OB Nippur Diri,r ii 22,{ŋeš}ildag₂,{ŋeš}|A.GUD×KUR|,a-da-ru-um
P229672,"MSL 15, 008 A",Old Babylonian,Nippur,OB Nippur Diri,r ii 23,{ŋeš}šinig,,bi-nu-um
P229672,"MSL 15, 008 A",Old Babylonian,Nippur,OB Nippur Diri,r ii 24,{ŋeš}asal₂,{ŋeš}|A.TU.GABA.LIŠ|,ṣa-ar-ba-tum(LUM)
P229672,"MSL 15, 008 A",Old Babylonian,Nippur,OB Nippur Diri,r iii 1,šuba₂,,⸢bi-x-x-mu⸣-[x]
P229672,"MSL 15, 008 A",Old Babylonian,Nippur,OB Nippur Diri,r iii 2,šuba₂,,ra-am-⸢kum⸣
P229672,"MSL 15, 008 A",Old Babylonian,Nippur,OB Nippur Diri,r iii 3,šuba₂,,⸢re⸣-ia-um
P229672,"MSL 15, 008 A",Old Babylonian,Nippur,OB Nippur Diri,r iii 4,šuba₂,,{d}da-mu
P229672,"MSL 15, 008 A",Old Babylonian,Nippur,OB Nippur Diri,r iii 5,nir₇,|ZA.DUN₃@g@g|,⸢hu⸣-la-lum
P229672,"MSL 15, 008 A",Old Babylonian,Nippur,OB Nippur Diri,r iii 6,zabalam₂{ki},|ZA.MUŠ₃.AB×(U.U.U)|{ki},⸢su₂⸣-ga-al;-⸢lum⸣
P229672,"MSL 15, 008 A",Old Babylonian,Nippur,OB Nippur Diri,r iii 7,dida,|BI.U₂.SA|,⸢bi⸣-il-⸢la⸣-tum
P229672,"MSL 15, 008 A",Old Babylonian,Nippur,OB Nippur Diri,r iii 8,{kaš}U₂,,hi-qum
P229672,"MSL 15, 008 A",Old Babylonian,Nippur,OB Nippur Diri,r iii 9,ulušin₃,|ZIZ₂.AN|,u₂-lum-še-in-um
P229672,"MSL 15, 008 A",Old Babylonian,Nippur,OB Nippur Diri,r iii 10,imŋaŋa₃,|ZIZ₂.AN|,⸢di⸣-zi-ip-tu-hi
P229672,"MSL 15, 008 A",Old Babylonian,Nippur,OB Nippur Diri,r iii 11,{u₂}ušuš(KAL),,⸢mi⸣-iṭ-rum
P229672,"MSL 15, 008 A",Old Babylonian,Nippur,OB Nippur Diri,r iii 12,,<(U₂-KAL)>,it-tu-u₂
P229672,"MSL 15, 008 A",Old Babylonian,Nippur,OB Nippur Diri,r iii 13,,|U₂.GA₂×X.TUR|,ma-ša-PI-GU
P229672,"MSL 15, 008 A",Old Babylonian,Nippur,OB Nippur Diri,r iii 14,{u₂}šalambi(KUL){sar},,i-mi-ka-ru;-⸢ru⸣
P229672,"MSL 15, 008 A",Old Babylonian,Nippur,OB Nippur Diri,r iii 15,,U₂-⸢X-X⸣,⸢i⸣-[...]-⸢x⸣
P229672,"MSL 15, 008 A",Old Babylonian,Nippur,OB Nippur Diri,r iii 16,{u₂}sullim{sar},{u₂}|EN×GAN₂@t|{⸢sar⸣},ša-⸢am-ba-li-il⸣;-tum
P229672,"MSL 15, 008 A",Old Babylonian,Nippur,OB Nippur Diri,r iii 17,,{u₂}kutraₓ(|AN.IM|),qu₂-ud-ru-um
P229672,"MSL 15, 008 A",Old Babylonian,Nippur,OB Nippur Diri,r iii 18,šimbirida{sar},|U₂.KUR|{sar},ne-nu
P229672,"MSL 15, 008 A",Old Babylonian,Nippur,OB Nippur Diri,r iii 19,{u₂}azubir{sar},{u₂}|HI×AŠ₂.SAG|{sar},a-zu-pi-ru-um
P229672,"MSL 15, 008 A",Old Babylonian,Nippur,OB Nippur Diri,r iii 20,{u₂}gamun{sar},{u₂}|DIN.ŠE.NUN&NUN|{sar},ka-⸢mu-nu⸣-um
P229672,"MSL 15, 008 A",Old Babylonian,Nippur,OB Nippur Diri,r iii 21,{u₂}sumunda{sar},{u₂}|LAGAR@g&LAGAR@g.LAGAR@g&LAGAR@g.LAGAR@g&LAGAR@g|{sar},šu-mu-ut-tum
P229672,"MSL 15, 008 A",Old Babylonian,Nippur,OB Nippur Diri,r iii 22,,⸢U₂-X-X-SAR⸣,⸢x⸣-[x]-⸢ṣi⸣-u₂
P229672,"MSL 15, 008 A",Old Babylonian,Nippur,OB Nippur Diri,r iv 1,,⸢X⸣-[X],
P229672,"MSL 15, 008 A",Old Babylonian,Nippur,OB Nippur Diri,r iv 3,,A-⸢X⸣,
P229672,"MSL 15, 008 A",Old Babylonian,Nippur,OB Nippur Diri,r iv 4,,(<(A.X)>),⸢ši⸣-[...]
P229672,"MSL 15, 008 A",Old Babylonian,Nippur,OB Nippur Diri,r iv 5,,|A.X|,ši-[...]
P229672,"MSL 15, 008 A",Old Babylonian,Nippur,OB Nippur Diri,r iv 6,a-gar₅,|A.LU₃|,a-ba-ru-⸢um⸣
P229672,"MSL 15, 008 A",Old Babylonian,Nippur,OB Nippur Diri,r iv 7,ugu₂,|A.KA|,mu-uh₂-⸢hu-um⸣
P229672,"MSL 15, 008 A",Old Babylonian,Nippur,OB Nippur Diri,r iv 8,ugu₂,|A.KA|,e-li
P229672,"MSL 15, 008 A",Old Babylonian,Nippur,OB Nippur Diri,r iv 9,ugu₂,|A.KA|,a-ṣe-er
P229672,"MSL 15, 008 A",Old Babylonian,Nippur,OB Nippur Diri,r iv 10,eša,|A.ŠE.NUN&NUN|,sa₃-as₂-ku-u₂-um
P229672,"MSL 15, 008 A",Old Babylonian,Nippur,OB Nippur Diri,r iv 11,ed₃,|LAGAR@g.DU|,e-lu-u₂-um
P229672,"MSL 15, 008 A",Old Babylonian,Nippur,OB Nippur Diri,r iv 12,ed₃,|LAGAR@g.DU|,wa-ra-du-um
P229672,"MSL 15, 008 A",Old Babylonian,Nippur,OB Nippur Diri,r iv 13,ed₃,|LAGAR@g.DU|,šu-lu-mu
P229672,"MSL 15, 008 A",Old Babylonian,Nippur,OB Nippur Diri,r iv 14,ed₃,|LAGAR@g.DU|,ša-⸢qu₃⸣-u₂-um
P229672,"MSL 15, 008 A",Old Babylonian,Nippur,OB Nippur Diri,r iv 15,e₃,|UD.DU|,wa-ṣu₂-u₂-um
P229672,"MSL 15, 008 A",Old Babylonian,Nippur,OB Nippur Diri,r iv 16,e₃,|UD.DU|,hi-a-ṭu₃-um
P229672,"MSL 15, 008 A",Old Babylonian,Nippur,OB Nippur Diri,r iv 17,<(a₂)>,|UD.DU|,ru-ub-bu-u₂
P229672,"MSL 15, 008 A",Old Babylonian,Nippur,OB Nippur Diri,r iv 18,e₃,|UD.DU|,e-ru-u₂-um
P229672,"MSL 15, 008 A",Old Babylonian,Nippur,OB Nippur Diri,r iv 19,e₃,|UD.DU|,a-ma-<<x>>-rum
P229672,"MSL 15, 008 A",Old Babylonian,Nippur,OB Nippur Diri,r iv 20,<(pa)>,|UD.DU|,šu-pu-u₂-um
P229672,"MSL 15, 008 A",Old Babylonian,Nippur,OB Nippur Diri,r iv 21,e₃,|UD.DU|,ša-ka-kum
P229672,"MSL 15, 008 A",Old Babylonian,Nippur,OB Nippur Diri,r iv 22,e₃,|UD.DU|,za-qa₂-nu-um
P229672,"MSL 15, 008 A",Old Babylonian,Nippur,OB Nippur Diri,r iv 23,a-ra₂,|A.DU|,ṭe-mu-um
P229672,"MSL 15, 008 A",Old Babylonian,Nippur,OB Nippur Diri,r iv 24,a-ra₂,|A.DU|,a-la-ak-tum
P229672,"MSL 15, 008 A",Old Babylonian,Nippur,OB Nippur Diri,r iv 25,a-ra₂,|A.DU|,a-ru-⸢ru-u₂-um⸣
P229672,"MSL 15, 008 A",Old Babylonian,Nippur,OB Nippur Diri,r iv 26,a-ra₂,⸢A-DU⸣,⸢x-x⸣-[...]
P229672,"MSL 15, 008 A",Old Babylonian,Nippur,OB Nippur Diri,r v 1',addir,|A.PA.BI.GIŠ.PAD.SI.A|,
P229672,"MSL 15, 008 A",Old Babylonian,Nippur,OB Nippur Diri,r v 2',addir,|A.PA.BI.GIŠ.PAD.SI.A|,⸢x-ru-x⸣
P229672,"MSL 15, 008 A",Old Babylonian,Nippur,OB Nippur Diri,r v 3',addir,|A.PA.BI.GIŠ.PAD.SI.A|,ni-bi-rum
P229672,"MSL 15, 008 A",Old Babylonian,Nippur,OB Nippur Diri,r v 4',addir,|A.PA.BI.GIŠ.PAD.SI.A|,iš-di-hu-um
P229672,"MSL 15, 008 A",Old Babylonian,Nippur,OB Nippur Diri,r v 5',sed₅,|A.MUŠ₃.DI|,ku-uṣ-⸢ṣum⸣
P229672,"MSL 15, 008 A",Old Babylonian,Nippur,OB Nippur Diri,r v 6',mabi₂,|A.MUŠ₃.DI|,ma-⸢mu⸣-um
P229672,"MSL 15, 008 A",Old Babylonian,Nippur,OB Nippur Diri,r v 7',halba₆,|A.MUŠ₃.DI|,šu-ri-pu-⸢um⸣
P229672,"MSL 15, 008 A",Old Babylonian,Nippur,OB Nippur Diri,r v 8',{id₂}idigna,{id₂}|GU₂.GAR₃|,⸢i⸣-di-iq-⸢la-at⸣
P229672,"MSL 15, 008 A",Old Babylonian,Nippur,OB Nippur Diri,r v 9',{id₂}buranun,{⸢id₂⸣}|UD.GIŠ%GIŠ.NUN|{ki},pu-ra-at-⸢tum⸣
P229672,"MSL 15, 008 A",Old Babylonian,Nippur,OB Nippur Diri,r v 10',{id₂}sirara₂,{⸢id₂⸣}|UD.MA₂.AB×HA.ŠIR|{ki},si-⸢ra⸣-a-ru
P229672,"MSL 15, 008 A",Old Babylonian,Nippur,OB Nippur Diri,r v 11',šab,|PA.IB|,⸢ša⸣-[ra]-mu-⸢um⸣
P229672,"MSL 15, 008 A",Old Babylonian,Nippur,OB Nippur Diri,r v 12',šab,|PA.IB|,na-⸢ka-su₂-um⸣
P229672,"MSL 15, 008 A",Old Babylonian,Nippur,OB Nippur Diri,r v 13',šab,|PA.IB|,ha-[ra]-⸢ṣu₂-um⸣
P229672,"MSL 15, 008 A",Old Babylonian,Nippur,OB Nippur Diri,r v 14',šab,|PA.IB|,ha-⸢ra-ru-um⸣
P229672,"MSL 15, 008 A",Old Babylonian,Nippur,OB Nippur Diri,r v 15',šab,|PA.IB|,e-⸢se₂⸣-[qu₂-um]
P229672,"MSL 15, 008 A",Old Babylonian,Nippur,OB Nippur Diri,r v 16',šab,|PA.IB|,na-⸢x⸣-[...]
P229672,"MSL 15, 008 A",Old Babylonian,Nippur,OB Nippur Diri,r v 17',,⸢PA⸣-[X],
P229674,"MSL 15, 008 C",Old Babylonian,Nippur,OB Nippur Diri,o i 1,dirig,|SI.A|,⸢wa-at-ru-um⸣
P229674,"MSL 15, 008 C",Old Babylonian,Nippur,OB Nippur Diri,o i 2,dirig,|SI.A|,a-ša-šum
P229674,"MSL 15, 008 C",Old Babylonian,Nippur,OB Nippur Diri,o i 3,dirig,|SI.A|,ni-qe₄-el-pu-um
P229674,"MSL 15, 008 C",Old Babylonian,Nippur,OB Nippur Diri,o i 4,dirig,|SI.A|,e-li
P229674,"MSL 15, 008 C",Old Babylonian,Nippur,OB Nippur Diri,o i 5,dirig,|SI.A|,wa-ṣu₂-u₂-um
P229674,"MSL 15, 008 C",Old Babylonian,Nippur,OB Nippur Diri,o i 6,dirig,|SI.A|,šu-⸢tu⸣-ru-um
P229674,"MSL 15, 008 C",Old Babylonian,Nippur,OB Nippur Diri,o i 7,dirig,|SI.A|,ka-pu-uš
P229674,"MSL 15, 008 C",Old Babylonian,Nippur,OB Nippur Diri,o i 8,dirig,|SI.A|,⸢i⸣-zu-uz-⸢zu⸣-um
P229674,"MSL 15, 008 C",Old Babylonian,Nippur,OB Nippur Diri,o i 9,dirig,|SI.A|,⸢na⸣-ah-du-ru-⸢um⸣
P229674,"MSL 15, 008 C",Old Babylonian,Nippur,OB Nippur Diri,o i 10,dirig,|SI.A|,[na-ga]-⸢ar-ru⸣-ru-⸢um⸣
P229674,"MSL 15, 008 C",Old Babylonian,Nippur,OB Nippur Diri,o ii 1,⸢x⸣-[x],,
P229674,"MSL 15, 008 C",Old Babylonian,Nippur,OB Nippur Diri,o ii 7,,|TAK₄.TAK₄|,
P229674,"MSL 15, 008 C",Old Babylonian,Nippur,OB Nippur Diri,r 1',gug,|ZA.GUL|,[el]-⸢lum⸣
P229674,"MSL 15, 008 C",Old Babylonian,Nippur,OB Nippur Diri,r 2',gug,|ZA.GUL|,[eb]-⸢bu⸣-um
P229674,"MSL 15, 008 C",Old Babylonian,Nippur,OB Nippur Diri,r 3',gug,|ZA.GUL|,⸢sa-am⸣-tum
P229674,"MSL 15, 008 C",Old Babylonian,Nippur,OB Nippur Diri,r 4',gug,|ZA.GUL|,⸢ši⸣-in-<nu>-um
P229674,"MSL 15, 008 C",Old Babylonian,Nippur,OB Nippur Diri,r 5',gug,|ZA.GUL|,⸢ka⸣-ak-⸢kum⸣
P229674,"MSL 15, 008 C",Old Babylonian,Nippur,OB Nippur Diri,r 6',gug,|ZA.GUL|,ka-na-kum
P229674,"MSL 15, 008 C",Old Babylonian,Nippur,OB Nippur Diri,r 7',šuba₂,|ZA.MUŠ₃|,ša-bu-u₂-um
P229674,"MSL 15, 008 C",Old Babylonian,Nippur,OB Nippur Diri,t.e. 1,{d}nisaba,,
P229676,"MSL 15, 008 F",Old Babylonian,Nippur,OB Nippur Diri,o 1',,|SI.A|,⸢x⸣-[...]
P229676,"MSL 15, 008 F",Old Babylonian,Nippur,OB Nippur Diri,o 2',,|SI.A|,GIŠ-⸢x⸣-[...]
P229676,"MSL 15, 008 F",Old Babylonian,Nippur,OB Nippur Diri,o 3',,|SI.A|,ra-ap-⸢šum⸣
P229676,"MSL 15, 008 F",Old Babylonian,Nippur,OB Nippur Diri,o 4',,|SI.A|,ša-pa-⸢pu⸣-um
P229676,"MSL 15, 008 F",Old Babylonian,Nippur,OB Nippur Diri,o 5',,|SI.A|,na-ha-al-lum
P229676,"MSL 15, 008 F",Old Babylonian,Nippur,OB Nippur Diri,o 6',,|SI.A|,na-sa-⸢qum⸣
P229676,"MSL 15, 008 F",Old Babylonian,Nippur,OB Nippur Diri,o 7',,|SI.A|,za-qa₂-ru-um
P229676,"MSL 15, 008 F",Old Babylonian,Nippur,OB Nippur Diri,o 8',,|SI.A|,[x]-⸢x-x-um⸣
P229676,"MSL 15, 008 F",Old Babylonian,Nippur,OB Nippur Diri,r 1',a-ra-ak{mušen},,⸢a-PI-x⸣-[...]
P229676,"MSL 15, 008 F",Old Babylonian,Nippur,OB Nippur Diri,r 2',erim₂,{⸢e⸣-ri-⸢im⸣}|NE.RU|,ra-ag-gu-u₂-⸢um⸣
P229676,"MSL 15, 008 F",Old Babylonian,Nippur,OB Nippur Diri,r 3',erim₂,|NE.RU|,a-a-bu-u₂-um
P229676,"MSL 15, 008 F",Old Babylonian,Nippur,OB Nippur Diri,r 4',erim₂,|NE.RU|,⸢ša-x⸣-u₂-⸢um⸣
P229677,"MSL 15, 008 H",Old Babylonian,Nippur,OB Nippur Diri,o ii' 2',,|MI.MI|,
P229677,"MSL 15, 008 H",Old Babylonian,Nippur,OB Nippur Diri,o ii' 3',,|TUR.TUR|,
P229678,"MSL 15, 008 J",Old Babylonian,Nippur,OB Nippur Diri,o 1',<([...])>,,⸢da⸣-[...]
P229678,"MSL 15, 008 J",Old Babylonian,Nippur,OB Nippur Diri,o 2',,|TUK.TUK|,a-ha-⸢zu⸣
P229678,"MSL 15, 008 J",Old Babylonian,Nippur,OB Nippur Diri,o 3',,|TUK.TUK|,ra-⸢šu⸣-[u₂-um]
P229678,"MSL 15, 008 J",Old Babylonian,Nippur,OB Nippur Diri,o 4',,|TUK.TUK|,ša-⸢ru⸣-[u₂-um]
P229678,"MSL 15, 008 J",Old Babylonian,Nippur,OB Nippur Diri,o 5',,|TUK.TUK|,za-ma-[ru-um]
P229678,"MSL 15, 008 J",Old Babylonian,Nippur,OB Nippur Diri,o 6',,|TUK.TUK|,at-⸢wu⸣-[u₂-um]
P229678,"MSL 15, 008 J",Old Babylonian,Nippur,OB Nippur Diri,o 7',,|TAK₄.TAK₄|,e-⸢ze⸣-[bu-um]
P229678,"MSL 15, 008 J",Old Babylonian,Nippur,OB Nippur Diri,o 8',,|TAK₄.TAK₄|,še-[e-tum]
P229678,"MSL 15, 008 J",Old Babylonian,Nippur,OB Nippur Diri,o 9',,|TAK₄.TAK₄|,ši-⸢ta⸣-[tum]
P229678,"MSL 15, 008 J",Old Babylonian,Nippur,OB Nippur Diri,o 10',,TUR-TUR,⸢ṣe⸣-[eh-ru-um]
P229678,"MSL 15, 008 J",Old Babylonian,Nippur,OB Nippur Diri,o 11',,<(TUR-TUR)>,⸢la⸣-[...]
P229678,"MSL 15, 008 J",Old Babylonian,Nippur,OB Nippur Diri,r 1,,[X-X-X]-⸢DA⸣,na-⸢aš⸣-[...]
P229678,"MSL 15, 008 J",Old Babylonian,Nippur,OB Nippur Diri,r 2,,<([X-X-X]-DA)>,hal-[...]
P229678,"MSL 15, 008 J",Old Babylonian,Nippur,OB Nippur Diri,r 3,,<([X-X-X]-DA)>,a-[...]
P229678,"MSL 15, 008 J",Old Babylonian,Nippur,OB Nippur Diri,r 4,,šutumₓ(|E₂.GI.NA.AB.HI|),⸢šu⸣-[tu-um-mu]
P229678,"MSL 15, 008 J",Old Babylonian,Nippur,OB Nippur Diri,r 5,abgal,|NUN.ME|,⸢ap⸣-[kal-lum]
P229678,"MSL 15, 008 J",Old Babylonian,Nippur,OB Nippur Diri,r 6,,abrig₂(|AB₂.NUN.ME.DU|),ab-[...]
P229678,"MSL 15, 008 J",Old Babylonian,Nippur,OB Nippur Diri,r 7,{na₄}algameš,{na₄}|UD.SAL.HUB₂|,⸢al⸣-[...]
P229678,"MSL 15, 008 J",Old Babylonian,Nippur,OB Nippur Diri,r 8,e₂-ŋeštug₂-{d}nisaba,⸢E₂⸣-|GIŠ.TUG₂.PI|;-|AN.ŠE.NAGA|,E₂
P229678,"MSL 15, 008 J",Old Babylonian,Nippur,OB Nippur Diri,r 9,agrun,|E₂.NUN|,⸢x⸣-[...]
P229678,"MSL 15, 008 J",Old Babylonian,Nippur,OB Nippur Diri,r 10,agrun,|E₂.NUN|,⸢x⸣-[...]
P229678,"MSL 15, 008 J",Old Babylonian,Nippur,OB Nippur Diri,r 11,agrun,|E₂.NUN|,
P229678,"MSL 15, 008 J",Old Babylonian,Nippur,OB Nippur Diri,r 12,,PIRIG-⸢X⸣,
P229678,"MSL 15, 008 J",Old Babylonian,Nippur,OB Nippur Diri,r 13,enkum,|EN.PAP.IGI@g.NUN.ME.EZEN×KASKAL|,
P229678,"MSL 15, 008 J",Old Babylonian,Nippur,OB Nippur Diri,r 14,nenkum,|SAL.TUG₂.PAP.IGI@g.NUN.ME.EZEN×KASKAL|,
P229678,"MSL 15, 008 J",Old Babylonian,Nippur,OB Nippur Diri,r 15,,X-⸢X⸣,
P229678,"MSL 15, 008 J",Old Babylonian,Nippur,OB Nippur Diri,r 16,,⸢X⸣-[X],
P229679,"MSL 15, 008 K",Old Babylonian,Nippur,OB Nippur Diri,o ii' 1,<([...])>,,ša-la-lum
P229679,"MSL 15, 008 K",Old Babylonian,Nippur,OB Nippur Diri,o ii' 2,<([...])>,,a-la-kum
P229679,"MSL 15, 008 K",Old Babylonian,Nippur,OB Nippur Diri,o ii' 3,<([...])>,,i-zu-uz-zu
P229679,"MSL 15, 008 K",Old Babylonian,Nippur,OB Nippur Diri,o ii' 4,,|DU.DU.DU.DU|,bu-ub-bu-lum
P229679,"MSL 15, 008 K",Old Babylonian,Nippur,OB Nippur Diri,o ii' 5,,|DU@s.DU@s|,ṭe₃-bu-u₂-um
P229679,"MSL 15, 008 K",Old Babylonian,Nippur,OB Nippur Diri,o ii' 6,,|DU@s.DU@s|,ti-ṭe₃-bu-um
P229679,"MSL 15, 008 K",Old Babylonian,Nippur,OB Nippur Diri,o ii' 7,,|DU@s.DU@s|,ha-la-pu-um
P229679,"MSL 15, 008 K",Old Babylonian,Nippur,OB Nippur Diri,o ii' 8,,|DU@s.DU@s|,as₂-⸢qu₃-du⸣-u₂-um
P229679,"MSL 15, 008 K",Old Babylonian,Nippur,OB Nippur Diri,o ii' 9,bur₂-bur₂,{bur₃-bur₃}|BUR₂.BUR₂|,
P229679,"MSL 15, 008 K",Old Babylonian,Nippur,OB Nippur Diri,o iii' 1,,|IGI.KAK|,
P229679,"MSL 15, 008 K",Old Babylonian,Nippur,OB Nippur Diri,o iii' 2,,|IGI.NI|,
P229679,"MSL 15, 008 K",Old Babylonian,Nippur,OB Nippur Diri,o iii' 3,,|IGI.NI|,
P229679,"MSL 15, 008 K",Old Babylonian,Nippur,OB Nippur Diri,o iii' 4,,|IGI.DIM|,⸢da⸣-[...]
P229679,"MSL 15, 008 K",Old Babylonian,Nippur,OB Nippur Diri,o iii' 5,,|IGI.DIM|,šu-[...]
P229679,"MSL 15, 008 K",Old Babylonian,Nippur,OB Nippur Diri,o iii' 6,,|IGI.DIM|,⸢ṣe⸣-[...]
P229679,"MSL 15, 008 K",Old Babylonian,Nippur,OB Nippur Diri,o iii' 7,,|IGI.DIM|,la-[...]
P229679,"MSL 15, 008 K",Old Babylonian,Nippur,OB Nippur Diri,o iii' 8,,|IGI.DIM|,ṣu₂-[...]
P229679,"MSL 15, 008 K",Old Babylonian,Nippur,OB Nippur Diri,r i' 2',addir,|A.PA.BI.GIŠ.PAD.SI.A|,ig-ru-um
P229679,"MSL 15, 008 K",Old Babylonian,Nippur,OB Nippur Diri,r i' 3',addir,|A.PA.BI.GIŠ.PAD.SI.A|,ni-bi-ru-um
P229679,"MSL 15, 008 K",Old Babylonian,Nippur,OB Nippur Diri,r i' 4',addir,|A.PA.BI.GIŠ.PAD.SI.A|,iš-di-hu-⸢um⸣
P229679,"MSL 15, 008 K",Old Babylonian,Nippur,OB Nippur Diri,r i' 5',,|A.MUŠ₃.DI|,ku-uṣ(AZ-)ṣum
P229679,"MSL 15, 008 K",Old Babylonian,Nippur,OB Nippur Diri,r ii' 2',<(a)>-tu₅,|ŠU.NAGA|,ri-im-kum
P229679,"MSL 15, 008 K",Old Babylonian,Nippur,OB Nippur Diri,r ii' 3',<(a)>-tu₅,|ŠU.NAGA|,ri-is-nu-um
P229679,"MSL 15, 008 K",Old Babylonian,Nippur,OB Nippur Diri,r ii' 4',<(a)>-tu₅,|ŠU.NAGA|,hi-tum
P229679,"MSL 15, 008 K",Old Babylonian,Nippur,OB Nippur Diri,r ii' 5',ŋešpu₂,|ŠU.PAP.PAP|,hu-ma-⸢šum⸣
P229679,"MSL 15, 008 K",Old Babylonian,Nippur,OB Nippur Diri,r ii' 6',lirum,|ŠU.KAL|,a-⸢ba⸣-[ru-um]
P229679,"MSL 15, 008 K",Old Babylonian,Nippur,OB Nippur Diri,r iii' 1',,⸢X-X⸣-[X],
P229679,"MSL 15, 008 K",Old Babylonian,Nippur,OB Nippur Diri,r iii' 2',,E₂-⸢X⸣-[X],
P229679,"MSL 15, 008 K",Old Babylonian,Nippur,OB Nippur Diri,r iii' 3',,ŠA₃-[X-X],
P229679,"MSL 15, 008 K",Old Babylonian,Nippur,OB Nippur Diri,r iii' 4',,KI-⸢X⸣-[X],
P229679,"MSL 15, 008 K",Old Babylonian,Nippur,OB Nippur Diri,r iii' 5',,⸢KI⸣-[X-X],
P229680,"MSL 14, 021 Di",Old Babylonian,Nippur,OB Nippur Diri,o 1',<([...])>  ;,,⸢ra-ha-bu⸣-[um]
P229680,"MSL 14, 021 Di",Old Babylonian,Nippur,OB Nippur Diri,o 2',bu₅-bu₅,|LAGAB×(U.U.U).LAGAB×(U.U.U)|  ;,na-ša-pu-⸢um⸣
P229680,"MSL 14, 021 Di",Old Babylonian,Nippur,OB Nippur Diri,o 3',<(in)>-bul-bul,|LAGAB×(U.U.U).LAGAB×(U.U.U)|,pu-u₂
P229680,"MSL 14, 021 Di",Old Babylonian,Nippur,OB Nippur Diri,o 4',siškur₂,|AMAR×ŠE.AMAR×ŠE|  ;,ni-qu₃-u₂
P229680,"MSL 14, 021 Di",Old Babylonian,Nippur,OB Nippur Diri,o 5',siškur₂,|AMAR×ŠE.AMAR×ŠE|,ka-⸢ra-bu-um⸣
P229680,"MSL 14, 021 Di",Old Babylonian,Nippur,OB Nippur Diri,o 6',siškur₂,|AMAR×ŠE.AMAR×ŠE|,⸢ik-ri⸣-[bu-um]
P229680,"MSL 14, 021 Di",Old Babylonian,Nippur,OB Nippur Diri,o 7',,|AMAR.AMAR|,⸢x⸣-[...]
P229680,"MSL 14, 021 Di",Old Babylonian,Nippur,OB Nippur Diri,r i' 2',⸢x⸣-[...],,
P229680,"MSL 14, 021 Di",Old Babylonian,Nippur,OB Nippur Diri,r i' 3',lal,⸢LAL⸣,
P229680,"MSL 14, 021 Di",Old Babylonian,Nippur,OB Nippur Diri,r i' 4',suru₅,LAL,
P229680,"MSL 14, 021 Di",Old Babylonian,Nippur,OB Nippur Diri,r i' 5',uku₂,|LAL₂.DU|,
P229680,"MSL 14, 021 Di",Old Babylonian,Nippur,OB Nippur Diri,r i' 6',ušur,|LAL₂.SAR|,
P229680,"MSL 14, 021 Di",Old Babylonian,Nippur,OB Nippur Diri,r i' 7',niŋin₅,|LAL₂.LAGAB|,
P229680,"MSL 14, 021 Di",Old Babylonian,Nippur,OB Nippur Diri,r ii' 1',aš,AŠ,
P229680,"MSL 14, 021 Di",Old Babylonian,Nippur,OB Nippur Diri,r ii' 2',rum,AŠ,
P229680,"MSL 14, 021 Di",Old Babylonian,Nippur,OB Nippur Diri,r ii' 3',dili,AŠ,
P229680,"MSL 14, 021 Di",Old Babylonian,Nippur,OB Nippur Diri,r ii' 4',santak₄,DIŠ,
P229680,"MSL 14, 021 Di",Old Babylonian,Nippur,OB Nippur Diri,r ii' 5',santak₃,,
P229683,"MSL 15, 009 S",Old Babylonian,Nippur,OB Nippur Diri,r i' 1',[(...)],⸢IGI-X⸣-[X],
P229683,"MSL 15, 009 S",Old Babylonian,Nippur,OB Nippur Diri,r i' 2',igištu,|IGI.DU|;,
P229683,"MSL 15, 009 S",Old Babylonian,Nippur,OB Nippur Diri,r i' 3',igištu,|IGI.DU|,
P229683,"MSL 15, 009 S",Old Babylonian,Nippur,OB Nippur Diri,r i' 4',igištu,|IGI.DU|,
P229683,"MSL 15, 009 S",Old Babylonian,Nippur,OB Nippur Diri,r i' 5',igištu,|IGI.DU|,
P229683,"MSL 15, 009 S",Old Babylonian,Nippur,OB Nippur Diri,r i' 6',ašarid,|IGI.DU|;,
P229683,"MSL 15, 009 S",Old Babylonian,Nippur,OB Nippur Diri,r i' 7',ašarid,|IGI.DU|,
P229683,"MSL 15, 009 S",Old Babylonian,Nippur,OB Nippur Diri,r i' 8',⸢x⸣-[...],|IGI.DU|;,
P229683,"MSL 15, 009 S",Old Babylonian,Nippur,OB Nippur Diri,r i' 9',<(x-[...])>,|IGI.DU|;,
P229683,"MSL 15, 009 S",Old Babylonian,Nippur,OB Nippur Diri,r i' 10',pa-⸢li⸣-[x],|IGI.EŠ₂.DU.ERIN₂|;,
P229683,"MSL 15, 009 S",Old Babylonian,Nippur,OB Nippur Diri,r i' 11',<(pa-li-[x])>,|IGI.EŠ₂.DU.ERIN₂|,
P229683,"MSL 15, 009 S",Old Babylonian,Nippur,OB Nippur Diri,r i' 12',<(pa-li-[x])>,|IGI.EŠ₂.DU.ERIN₂|,
P229683,"MSL 15, 009 S",Old Babylonian,Nippur,OB Nippur Diri,r i' 13',,IGI-[X],
P229684,"MSL 15, 009 X",Old Babylonian,Nippur,OB Nippur Diri,o 3',,|GIŠ.NE@s|,⸢pi⸣-ir-hu-[um]
P229684,"MSL 15, 009 X",Old Babylonian,Nippur,OB Nippur Diri,o 4',,|GIŠ.NE@s|,ṣi-ih-⸢ru⸣-[um]
P229684,"MSL 15, 009 X",Old Babylonian,Nippur,OB Nippur Diri,o 5',,|GIŠ.NE@s|,me-eṣ-⸢x⸣-[...]
P229684,"MSL 15, 009 X",Old Babylonian,Nippur,OB Nippur Diri,o 6',,|GIŠ.NE@s|,in-bu-[um]
P229684,"MSL 15, 009 X",Old Babylonian,Nippur,OB Nippur Diri,o 7',{ŋeš}SAR,,⸢ke⸣-e-⸢ru⸣-[um]
P229684,"MSL 15, 009 X",Old Babylonian,Nippur,OB Nippur Diri,o 8',,{ŋeš}|U.AD|{sar},pi-⸢ir⸣-[hu-um]
P229684,"MSL 15, 009 X",Old Babylonian,Nippur,OB Nippur Diri,o 9',,{ŋeš}|A.GUD×KUR|,⸢il⸣-[...]
P229684,"MSL 15, 009 X",Old Babylonian,Nippur,OB Nippur Diri,r 1,[...]-⸢x⸣,,⸢a⸣-[...]
P229684,"MSL 15, 009 X",Old Babylonian,Nippur,OB Nippur Diri,r 2,,{ŋeš}|A.TU.GAB.LIŠ|,ṣa-⸢ar⸣-[ba-tum]
P229684,"MSL 15, 009 X",Old Babylonian,Nippur,OB Nippur Diri,r 3,,{ŋeš}|KU.AN|,ka-ak-⸢kum⸣
P229684,"MSL 15, 009 X",Old Babylonian,Nippur,OB Nippur Diri,r 4,,{<(ŋeš}|KU.AN|,mi-[iṭ-ṭum]
P229684,"MSL 15, 009 X",Old Babylonian,Nippur,OB Nippur Diri,r 5,,|GIŠ.KUŠU₂|{ki},ki-⸢x⸣-[x]
P229684,"MSL 15, 009 X",Old Babylonian,Nippur,OB Nippur Diri,r 6,,{ŋeš}|I.DIB|,si₂₀-im-mi-⸢il⸣-[tum]
P229684,"MSL 15, 009 X",Old Babylonian,Nippur,OB Nippur Diri,r 7,,{[ŋeš]}|U₂.GIR₂|,a-ša-⸢gum⸣
P229684,"MSL 15, 009 X",Old Babylonian,Nippur,OB Nippur Diri,r 8,,{[ŋeš]}|ŠA₃.TAR|,ti-mi-it-⸢ta⸣;-lu-u₂
P229686,"MSL 15, 009 A1",Old Babylonian,Nippur,OB Nippur Diri,r ii 1,digbir,|KI.NE.AN.MUŠ₃|,a-ṣu₂-ur
P229686,"MSL 15, 009 A1",Old Babylonian,Nippur,OB Nippur Diri,r ii 2,ki-ki,|KI.KI|,ma-ta:tum
P229686,"MSL 15, 009 A1",Old Babylonian,Nippur,OB Nippur Diri,r ii 3,šakanka,|KI.LAM|,ma-hi-rum
P229686,"MSL 15, 009 A1",Old Babylonian,Nippur,OB Nippur Diri,r ii 4,ki-nud,KI-NA₂,ma-a-a-lum
P229686,"MSL 15, 009 A1",Old Babylonian,Nippur,OB Nippur Diri,r ii 5,eššeb,|KI.IB|,iš-tu-ud-du
P229686,"MSL 15, 009 A1",Old Babylonian,Nippur,OB Nippur Diri,r ii 6,sulummar₂,|KI.SAG@n.DU|,ṭu₃-⸢pu⸣-ul-lu
P229686,"MSL 15, 009 A1",Old Babylonian,Nippur,OB Nippur Diri,r ii 7,ki-tuš,|KI.KU|,šu-ub-⸢tum⸣
P229686,"MSL 15, 009 A1",Old Babylonian,Nippur,OB Nippur Diri,r ii 8,ki-tuš,,mu-ša-bu
P229686,"MSL 15, 009 A1",Old Babylonian,Nippur,OB Nippur Diri,r ii 9,ki-tuš,,tar-ba-ṣum
P229686,"MSL 15, 009 A1",Old Babylonian,Nippur,OB Nippur Diri,r ii 10,sur₆,|KI.GAL|,bi-ru-tum
P229686,"MSL 15, 009 A1",Old Babylonian,Nippur,OB Nippur Diri,r ii 11,,KI-LUGAL-DU,⸢e⸣-la-al-lum
P229687,"MSL 15, 010 C1",Old Babylonian,Nippur,OB Nippur Diri,o 1,,|ŠE.KAK|,⸢ni⸣-ip-[lum]
P229687,"MSL 15, 010 C1",Old Babylonian,Nippur,OB Nippur Diri,o 2,,|ŠE.LUGAL|,li-li-a-[nu-um]
P229687,"MSL 15, 010 C1",Old Babylonian,Nippur,OB Nippur Diri,o 3,,|ŠE.LUGAL|,na-x-⸢ši⸣-[...]
P229687,"MSL 15, 010 C1",Old Babylonian,Nippur,OB Nippur Diri,o 4,,|ŠE.KAK|⸢A⸣,a-[...]
P229688,"MSL 15, 010 D1",Old Babylonian,Nippur,OB Nippur Diri,o? i' 1',[...]-HU,,
P229688,"MSL 15, 010 D1",Old Babylonian,Nippur,OB Nippur Diri,o? i' 2',,|LAGAR×ŠE|,
P229688,"MSL 15, 010 D1",Old Babylonian,Nippur,OB Nippur Diri,o? i' 3',,GIŠ,
P229688,"MSL 15, 010 D1",Old Babylonian,Nippur,OB Nippur Diri,o? i' 4',[...]-⸢BUR⸣,,
P229688,"MSL 15, 010 D1",Old Babylonian,Nippur,OB Nippur Diri,o? i' 5',[...]-⸢x⸣,,
P229688,"MSL 15, 010 D1",Old Babylonian,Nippur,OB Nippur Diri,o? i' 6',[...]-⸢x⸣,,
P229688,"MSL 15, 010 D1",Old Babylonian,Nippur,OB Nippur Diri,o? i' 7',[...]-⸢x⸣,,
P229688,"MSL 15, 010 D1",Old Babylonian,Nippur,OB Nippur Diri,o? ii' 1',[...]-⸢x⸣,,hu-⸢x⸣-[...]
P229688,"MSL 15, 010 D1",Old Babylonian,Nippur,OB Nippur Diri,o? ii' 2',,|SIK₂.PA.IB|,mu-ša-[a-ṭum]
P229688,"MSL 15, 010 D1",Old Babylonian,Nippur,OB Nippur Diri,o? ii' 3',{[dug]}DUG,,u₂-lu-[uṭ-ṭum]
P229688,"MSL 15, 010 D1",Old Babylonian,Nippur,OB Nippur Diri,o? ii' 4',{[dug]}DUG,,ši-ki-⸢in⸣-[nu-um]
P229688,"MSL 15, 010 D1",Old Babylonian,Nippur,OB Nippur Diri,o? ii' 5',{⸢dug⸣}DUG,,na-al-⸢pa⸣-[tum]
P229688,"MSL 15, 010 D1",Old Babylonian,Nippur,OB Nippur Diri,o? ii' 6',{dug}KAL,,hu-ur-⸢hu⸣-[...]
P229688,"MSL 15, 010 D1",Old Babylonian,Nippur,OB Nippur Diri,o? ii' 7',{dug}KAL,,ZU-ur-[...]
P229688,"MSL 15, 010 D1",Old Babylonian,Nippur,OB Nippur Diri,o? ii' 8',{dug}KAL,,hu-ub-[ša-šum]
P229688,"MSL 15, 010 D1",Old Babylonian,Nippur,OB Nippur Diri,o? ii' 9',,|BI.U₂.SA|,bi-⸢il⸣-[la-tum]
P229688,"MSL 15, 010 D1",Old Babylonian,Nippur,OB Nippur Diri,o? ii' 10',,|BI.DIN|,ku-ru-⸢nu⸣-[um]
P229688,"MSL 15, 010 D1",Old Babylonian,Nippur,OB Nippur Diri,o? ii' 11',,|BI.DIN|,sa₃-bu-[um]
P229688,"MSL 15, 010 D1",Old Babylonian,Nippur,OB Nippur Diri,o? ii' 12',,|BI.DIN|,ši-ka-⸢rum⸣
P229688,"MSL 15, 010 D1",Old Babylonian,Nippur,OB Nippur Diri,o? ii' 13',,|BI.DIN|,da-mu-[um]
P229688,"MSL 15, 010 D1",Old Babylonian,Nippur,OB Nippur Diri,o? ii' 14',,|BI.ZIZ₂.AN|,u₂-lum-še-[nu-um]
P229688,"MSL 15, 010 D1",Old Babylonian,Nippur,OB Nippur Diri,o? ii' 15',,|BI.ZIZ₂.AN|,di-⸢ZI⸣-[...]
P229689,"MSL 15, 010 E1",Old Babylonian,Nippur,OB Nippur Diri,o 1',,|TAG.TAG|,du-um-mu-qum
P229689,"MSL 15, 010 E1",Old Babylonian,Nippur,OB Nippur Diri,o 2',,|TAG.TAG|,⸢ša⸣-ki-nu-um
P229689,"MSL 15, 010 E1",Old Babylonian,Nippur,OB Nippur Diri,o 3',,|TAG.TAG|,[zu-hu]-⸢nu⸣-um
P229693,"MSL 15, 010 L1",Old Babylonian,Nippur,OB Nippur Diri,o 1,⸢AN⸣-x-x,,x-x-[...]
P229693,"MSL 15, 010 L1",Old Babylonian,Nippur,OB Nippur Diri,o 2,{d}alla,,al-⸢la⸣
P229693,"MSL 15, 010 L1",Old Babylonian,Nippur,OB Nippur Diri,o 3,AN-{x-x}LUL-UD-DU,,e
P229693,"MSL 15, 010 L1",Old Babylonian,Nippur,OB Nippur Diri,o 4,AN-{du-un-ga}SANGA₂-MAH,{d}dungaₓ(|SANGA₂.MAH|),du-un-ga
P229693,"MSL 15, 010 L1",Old Babylonian,Nippur,OB Nippur Diri,o 5,{d}lumhaₓ(EGIR),,lum-ha
P229693,"MSL 15, 010 L1",Old Babylonian,Nippur,OB Nippur Diri,o 6,{d}ŋeškadₓ(TUM),,geš-ka-⸢ad⸣
P229693,"MSL 15, 010 L1",Old Babylonian,Nippur,OB Nippur Diri,o 7,{d}nunurra,AN-BAHAR₂,ni-na-ga-⸢al⸣
P229693,"MSL 15, 010 L1",Old Babylonian,Nippur,OB Nippur Diri,o 8,{d}ninagal,AN-SIMUG,ni-in-nu-ra
P229693,"MSL 15, 010 L1",Old Babylonian,Nippur,OB Nippur Diri,o 9,AN-{šu-la-at}PA-PA,{d}šullatₓ(|PA.PA|),i-šum
P229693,"MSL 15, 010 L1",Old Babylonian,Nippur,OB Nippur Diri,o 10,{d}hendur-saŋ,,i-šum
P229693,"MSL 15, 010 L1",Old Babylonian,Nippur,OB Nippur Diri,o 11,{d}mušdama,,muš-da-ma
P229693,"MSL 15, 010 L1",Old Babylonian,Nippur,OB Nippur Diri,o 13,,AN-GUD,ku-uk-si₂
P229693,"MSL 15, 010 L1",Old Babylonian,Nippur,OB Nippur Diri,o 14,{d}dapar,AN-GUD,⸢da⸣-pa-an
P229693,"MSL 15, 010 L1",Old Babylonian,Nippur,OB Nippur Diri,o 15,{d}gugarid,AN-GUD,gu-ga-li-ta
P229693,"MSL 15, 010 L1",Old Babylonian,Nippur,OB Nippur Diri,o 16,{d}guggimₓ(GIR₂),AN-GIR₂,qu₃-qi₄-im
P229693,"MSL 15, 010 L1",Old Babylonian,Nippur,OB Nippur Diri,o 17,{d}gaggimₓ(GIR₂),AN-GIR₂,qa₂-qi₄-im
P229693,"MSL 15, 010 L1",Old Babylonian,Nippur,OB Nippur Diri,o 18,{d}gana₂,AN-GAN₂,eq-⸢lu⸣-um
P229693,"MSL 15, 010 L1",Old Babylonian,Nippur,OB Nippur Diri,o 19,{d}nita,AN-UŠ,ni-ta
P229693,"MSL 15, 010 L1",Old Babylonian,Nippur,OB Nippur Diri,o 20,{d}idim,AN-IDIM,na-ag-bu-um
P229693,"MSL 15, 010 L1",Old Babylonian,Nippur,OB Nippur Diri,o 21,{d}alamuš,AN-|TA×HI|,a-la-mu-uš
P229693,"MSL 15, 010 L1",Old Babylonian,Nippur,OB Nippur Diri,o 22,{d}alba₂,AN-KASKAL-KUR,al-ba
P229693,"MSL 15, 010 L1",Old Babylonian,Nippur,OB Nippur Diri,o 23,{d}alha,AN-KASKAL-KUR,al-ha
P229693,"MSL 15, 010 L1",Old Babylonian,Nippur,OB Nippur Diri,o 24,{d}baliha,AN-KASKAL-KUR,ba-li-ha
P229693,"MSL 15, 010 L1",Old Babylonian,Nippur,OB Nippur Diri,o 25,{d}namma,AN-|LAGAB×HAL|,na-am-ma
P229693,"MSL 15, 010 L1",Old Babylonian,Nippur,OB Nippur Diri,o 26,{d}nanše,AN-|AB×HA|,na-aš-še
P229693,"MSL 15, 010 L1",Old Babylonian,Nippur,OB Nippur Diri,o 27,{d}ara,⸢AN⸣-ŠA,uš-mu-u₂
P229693,"MSL 15, 010 L1",Old Babylonian,Nippur,OB Nippur Diri,o 28,{d}nuska,⸢AN⸣-PA-TUG₂(KU),nu-uš-ka
P230218,"MSL 15, 008 B",Old Babylonian,Nippur,OB Nippur Diri,o 1,[i-{d]}utu,,
P230218,"MSL 15, 008 B",Old Babylonian,Nippur,OB Nippur Diri,o 2,[dum]-dam,,
P230218,"MSL 15, 008 B",Old Babylonian,Nippur,OB Nippur Diri,o 3,⸢zi⸣-ga,,
P230218,"MSL 15, 008 B",Old Babylonian,Nippur,OB Nippur Diri,o 4,zi-ga,,
P230218,"MSL 15, 008 B",Old Babylonian,Nippur,OB Nippur Diri,o 5,zig₃-ga-ab,,
P230218,"MSL 15, 008 B",Old Babylonian,Nippur,OB Nippur Diri,o 6,zi-in-bu,,
P230218,"MSL 15, 008 B",Old Babylonian,Nippur,OB Nippur Diri,o 7,zi-in-gi₄,,
P230218,"MSL 15, 008 B",Old Babylonian,Nippur,OB Nippur Diri,o 8,zi-in-gi₄-ba,,
P230218,"MSL 15, 008 B",Old Babylonian,Nippur,OB Nippur Diri,o 9,zi-šag₄-ŋal₂,,
P230218,"MSL 15, 008 B",Old Babylonian,Nippur,OB Nippur Diri,o 10,zi-ŋal₂,,
P230218,"MSL 15, 008 B",Old Babylonian,Nippur,OB Nippur Diri,o 11,zi-ir,,
P230218,"MSL 15, 008 B",Old Babylonian,Nippur,OB Nippur Diri,o 12,zi-zi,,
P230218,"MSL 15, 008 B",Old Babylonian,Nippur,OB Nippur Diri,o 13,ŋa₂-ŋa₂,,
P230218,"MSL 15, 008 B",Old Babylonian,Nippur,OB Nippur Diri,o 14,zi-im₃-⸢zi-im₃⸣,,
P230218,"MSL 15, 008 B",Old Babylonian,Nippur,OB Nippur Diri,o 15,⸢zi-im₃⸣-[...],,
P230218,"MSL 15, 008 B",Old Babylonian,Nippur,OB Nippur Diri,o 19',⸢bala,,
P230218,"MSL 15, 008 B",Old Babylonian,Nippur,OB Nippur Diri,o 20',⸢bala⸣,,
P230218,"MSL 15, 008 B",Old Babylonian,Nippur,OB Nippur Diri,o 21',⸢bala⸣,,
P230218,"MSL 15, 008 B",Old Babylonian,Nippur,OB Nippur Diri,o 22',⸢bala,,
P230218,"MSL 15, 008 B",Old Babylonian,Nippur,OB Nippur Diri,o 23',⸢bala⸣,,
P230218,"MSL 15, 008 B",Old Babylonian,Nippur,OB Nippur Diri,o 34',⸢bala⸣,,
P230218,"MSL 15, 008 B",Old Babylonian,Nippur,OB Nippur Diri,o 35',[...]-⸢x-x⸣,,
P230218,"MSL 15, 008 B",Old Babylonian,Nippur,OB Nippur Diri,o 36',[...]-⸢x-x⸣,,
P230218,"MSL 15, 008 B",Old Babylonian,Nippur,OB Nippur Diri,o 37',[...]-⸢x-x⸣,,
P230218,"MSL 15, 008 B",Old Babylonian,Nippur,OB Nippur Diri,o 38',[...]-⸢al⸣,,
P251848,"CUSAS 12, 1.4.1",Middle Babylonian,Emar,Diri,o 1,er₂,|A.IGI|,ṣi-ih-tum
P251848,"CUSAS 12, 1.4.1",Middle Babylonian,Emar,Diri,o 2,er₂,|A.IGI|,ni-is-sa₃-tum
P251848,"CUSAS 12, 1.4.1",Middle Babylonian,Emar,Diri,o 3,er₂,|A.IGI|,ta-az-zi-im-tum
P251848,"CUSAS 12, 1.4.1",Middle Babylonian,Emar,Diri,o 4,er₂,|A.IGI|,ta-aṣ-ma-an-dum
P251848,"CUSAS 12, 1.4.1",Middle Babylonian,Emar,Diri,o 5,illu,|A.KAL|,ŠU-ma
P251848,"CUSAS 12, 1.4.1",Middle Babylonian,Emar,Diri,o 6,illu,|A.KAL|,⸢hi⸣-i-lu
P251848,"CUSAS 12, 1.4.1",Middle Babylonian,Emar,Diri,b.e. 1,illu,|A.KAL|,še-eh-lum
P251848,"CUSAS 12, 1.4.1",Middle Babylonian,Emar,Diri,b.e. 2,illu,|A.KAL|,nam-pa-ʾa-u₂
P251848,"CUSAS 12, 1.4.1",Middle Babylonian,Emar,Diri,b.e. 3,illu,|A.KAL|,i-nu
P251848,"CUSAS 12, 1.4.1",Middle Babylonian,Emar,Diri,r 1,illu,|A.KAL|,ni-šu
P251848,"CUSAS 12, 1.4.1",Middle Babylonian,Emar,Diri,r 2,illu,|A.KAL|,bi-ib-lu
P251848,"CUSAS 12, 1.4.1",Middle Babylonian,Emar,Diri,r 3,,|A.U.KA|,bi-ik-⸢ru⸣
P251848,"CUSAS 12, 1.4.1",Middle Babylonian,Emar,Diri,r 4,a-gar₅,[A-LU₃],a-pa-ru
P251848,"CUSAS 12, 1.4.1",Middle Babylonian,Emar,Diri,r 5,addir,|A.PA.BI.SI.A.GA|,ŠU-ma
P251848,"CUSAS 12, 1.4.1",Middle Babylonian,Emar,Diri,r 6,addir,|A.PA.BI.SI.A.GA|,ni-id-nu
P251848,"CUSAS 12, 1.4.1",Middle Babylonian,Emar,Diri,r 7,addir,|A.PA.BI.SI.A.GA|,ig-ru
P251848,"CUSAS 12, 1.4.1",Middle Babylonian,Emar,Diri,t.e. 1,addir,|A.PA.BI.SI.A.GA|,i-ta-an
P251848,"CUSAS 12, 1.4.1",Middle Babylonian,Emar,Diri,t.e. 2,addir,|A.PA.BI.SI.A.GA|,iš-di-hu
P251848,"CUSAS 12, 1.4.1",Middle Babylonian,Emar,Diri,t.e. 3,addir,|A.PA.BI.SI.A.GA|,ne₂-be-ru
P257211,"MSL 15, 010 K1, 011 T1",Old Babylonian,Nippur,OB Nippur Diri,o i' 1',[...]-⸢e⸣,,⸢lu-ma⸣-[an]
P257211,"MSL 15, 010 K1, 011 T1",Old Babylonian,Nippur,OB Nippur Diri,o i' 2',[...]-e,,lu-ma-⸢an⸣
P257211,"MSL 15, 010 K1, 011 T1",Old Babylonian,Nippur,OB Nippur Diri,o i' 3',[...]-e,,lu-ma-an
P257211,"MSL 15, 010 K1, 011 T1",Old Babylonian,Nippur,OB Nippur Diri,o i' 4',[an]-na,[AN]-NA,a-na-<kum>
P257211,"MSL 15, 010 K1, 011 T1",Old Babylonian,Nippur,OB Nippur Diri,o i' 5',[an]-⸢zah⸣,[AN]-NE,an-za-hu
P257211,"MSL 15, 010 K1, 011 T1",Old Babylonian,Nippur,OB Nippur Diri,o i' 6',[an]-⸢bar₇⸣,[AN]-⸢NE⸣,mu-uṣ-la-⸢lum⸣
P257211,"MSL 15, 010 K1, 011 T1",Old Babylonian,Nippur,OB Nippur Diri,o i' 7',[...]-⸢x⸣,,⸢ka-ra⸣-ru-[um]
P257211,"MSL 15, 010 K1, 011 T1",Old Babylonian,Nippur,OB Nippur Diri,o i' 11',{d}utu,[AN-UD],[ša-ma]-aš
P257211,"MSL 15, 010 K1, 011 T1",Old Babylonian,Nippur,OB Nippur Diri,o ii' 1',,[AN]-⸢NAGAR⸣,⸢al⸣-[la]
P257211,"MSL 15, 010 K1, 011 T1",Old Babylonian,Nippur,OB Nippur Diri,o ii' 2',[...]-DU,,
P257211,"MSL 15, 010 K1, 011 T1",Old Babylonian,Nippur,OB Nippur Diri,o ii' 3',[...]-⸢GA⸣,,du-un-[ga]
P257211,"MSL 15, 010 K1, 011 T1",Old Babylonian,Nippur,OB Nippur Diri,o ii' 4',[...]-HA,,lum-ha
P257211,"MSL 15, 010 K1, 011 T1",Old Babylonian,Nippur,OB Nippur Diri,o ii' 5',{d}ŋeškadₓ(TUM),[AN]-TUM,geš-ka-ad
P257211,"MSL 15, 010 K1, 011 T1",Old Babylonian,Nippur,OB Nippur Diri,o ii' 6',{d}ninagal,[AN]-⸢BAHAR₂⸣,ni-na-ga-⸢na⸣
P257211,"MSL 15, 010 K1, 011 T1",Old Babylonian,Nippur,OB Nippur Diri,o ii' 7',{d}nunurra,[AN]-⸢SIMUG⸣,ni-in-nu-⸢ra⸣
P257211,"MSL 15, 010 K1, 011 T1",Old Babylonian,Nippur,OB Nippur Diri,o ii' 8',{d}šullat₂,[AN]-PA,i-[šum]
P257211,"MSL 15, 010 K1, 011 T1",Old Babylonian,Nippur,OB Nippur Diri,o ii' 9',{d}hendur-saŋ,[AN-PA]-SAG,i-[šum]
P257211,"MSL 15, 010 K1, 011 T1",Old Babylonian,Nippur,OB Nippur Diri,o ii' 1'',,[AN]-|TA×HI|,⸢a-la⸣-[mu-uš]
P257211,"MSL 15, 010 K1, 011 T1",Old Babylonian,Nippur,OB Nippur Diri,o ii' 2'',{d}alba₂,[AN]-⸢KASKAL⸣-KUR,al-[ba]
P257211,"MSL 15, 010 K1, 011 T1",Old Babylonian,Nippur,OB Nippur Diri,o ii' 3'',{d}alha,AN-KASKAL-KUR,al-[ha]
P257211,"MSL 15, 010 K1, 011 T1",Old Babylonian,Nippur,OB Nippur Diri,o ii' 4'',{d}baliha,AN-KASKAL-KUR,ba-li-[ha]
P257211,"MSL 15, 010 K1, 011 T1",Old Babylonian,Nippur,OB Nippur Diri,o ii' 5'',{d}namma,AN-|LAGAB×HAL|,na-am-[ma]
P257211,"MSL 15, 010 K1, 011 T1",Old Babylonian,Nippur,OB Nippur Diri,o ii' 6'',{d}nanše,AN-|AB×HA|,na-aš-⸢še⸣
P257211,"MSL 15, 010 K1, 011 T1",Old Babylonian,Nippur,OB Nippur Diri,o ii' 7'',{d}ara,AN-ŠA,uš-mu-<<x>>-⸢u₂⸣
P257211,"MSL 15, 010 K1, 011 T1",Old Babylonian,Nippur,OB Nippur Diri,o ii' 8'',{d}nuska,AN-PA-TUG₂,nu-uš-⸢ka⸣
P257211,"MSL 15, 010 K1, 011 T1",Old Babylonian,Nippur,OB Nippur Diri,o ii' 9'',{d}nuska₂,AN-PA-LU,nu-uš-ka
P257211,"MSL 15, 010 K1, 011 T1",Old Babylonian,Nippur,OB Nippur Diri,o ii' 10'',{d}enšadu,AN-PA-LU,im-ša-at-tu
P257211,"MSL 15, 010 K1, 011 T1",Old Babylonian,Nippur,OB Nippur Diri,o ii' 11'',{d}nisaba₂,,ni-is-sa₃-ba
P257211,"MSL 15, 010 K1, 011 T1",Old Babylonian,Nippur,OB Nippur Diri,r i' 6',tilla₂,[AN]-⸢AŠ-AN⸣,⸢re-bi⸣-tum
P257211,"MSL 15, 010 K1, 011 T1",Old Babylonian,Nippur,OB Nippur Diri,r i' 7',{d}nin-zazna{na},[AN-|SAL.TUG₂||TUR&TUR.ZA&ZA|NA,ni-in-za-az-⸢na⸣
P257211,"MSL 15, 010 K1, 011 T1",Old Babylonian,Nippur,OB Nippur Diri,r i' 8',{[d]}⸢kab⸣-ta,[AN]-⸢KAB⸣-TA,ka-ab-ta
P257211,"MSL 15, 010 K1, 011 T1",Old Babylonian,Nippur,OB Nippur Diri,r i' 9',{[d]}⸢mah-di⸣-an-na,[AN]-⸢MAH⸣-DI-AN-NA,⸢kab⸣-ta
P257211,"MSL 15, 010 K1, 011 T1",Old Babylonian,Nippur,OB Nippur Diri,r i' 10',{[d]}⸢nin-si₄-an⸣-[na],,[iš]-⸢ta-kak-ka⸣-bi
P257211,"MSL 15, 010 K1, 011 T1",Old Babylonian,Nippur,OB Nippur Diri,r i' 11',{[d]}⸢ti⸣-mu₂-a,[AN]-TI-SAR-A,iš-⸢ta-kak-ka⸣-bi
P257211,"MSL 15, 010 K1, 011 T1",Old Babylonian,Nippur,OB Nippur Diri,r i' 12',{[d]}kug-sig₁₇,[AN]-KU₃-GI,ša-la-aš
P257211,"MSL 15, 010 K1, 011 T1",Old Babylonian,Nippur,OB Nippur Diri,r i' 13',{⸢d⸣}MIR,,ni-in-ti
P257211,"MSL 15, 010 K1, 011 T1",Old Babylonian,Nippur,OB Nippur Diri,r i' 14',{d}ku₃-su₃,,ku-us₂-su₂
P257211,"MSL 15, 010 K1, 011 T1",Old Babylonian,Nippur,OB Nippur Diri,r i' 15',,{d}indagaraₓ(|NINDA₂×AŠ|),in-da-⸢ga-ra⸣
P257211,"MSL 15, 010 K1, 011 T1",Old Babylonian,Nippur,OB Nippur Diri,r i' 16',{[d]}X-U-⸢MU⸣,,
P257211,"MSL 15, 010 K1, 011 T1",Old Babylonian,Nippur,OB Nippur Diri,r ii' 2',gug₆,|KA.KAK|,ra-ba-a-[x]
P262860,"MSL 15, 102 2.5.1",Middle Babylonian,Nippur,Diri,1,kislah,|KI.UD|,ma-aš-ka-nu
P262860,"MSL 15, 102 2.5.1",Middle Babylonian,Nippur,Diri,2,kislah,,me-eš-ṭu₃-u₂
P262860,"MSL 15, 102 2.5.1",Middle Babylonian,Nippur,Diri,3,kislah,,pu-ru
P262860,"MSL 15, 102 2.5.1",Middle Babylonian,Nippur,Diri,4,kislah,,bu-la-ba-ru-u₂
P262860,"MSL 15, 102 2.5.1",Middle Babylonian,Nippur,Diri,5,,kiŋalₓ(|KI.UD|),ki-gal₂-lu
P262860,"MSL 15, 102 2.5.1",Middle Babylonian,Nippur,Diri,6,,kankalₓ(|KI.UD|),ka-gal₂-lu
P262860,"MSL 15, 102 2.5.1",Middle Babylonian,Nippur,Diri,7,,kankalₓ(|KI.UD|),ni-di-i-tum
P262860,"MSL 15, 102 2.5.1",Middle Babylonian,Nippur,Diri,8,,kankalₓ(|KI.UD|),ti-ri-iq-tum
P262860,"MSL 15, 102 2.5.1",Middle Babylonian,Nippur,Diri,9,,kankalₓ(|KI.UD|),ni-ib-bu
P262860,"MSL 15, 102 2.5.1",Middle Babylonian,Nippur,Diri,10,,kankalₓ(|KI.UD|),{<MIN(ni-ib-bu)>}
P262860,"MSL 15, 102 2.5.1",Middle Babylonian,Nippur,Diri,11,,kankalₓ(|KI.UD|),pu-ru
P262860,"MSL 15, 102 2.5.1",Middle Babylonian,Nippur,Diri,12,,kankalₓ(|KI.UD|),bu-la-ba-ru-u₂
P262860,"MSL 15, 102 2.5.1",Middle Babylonian,Nippur,Diri,13,gunni,|KI.NE|,ki-nu-nu
P262860,"MSL 15, 102 2.5.1",Middle Babylonian,Nippur,Diri,14,,gunniₓ(|KI.NE@s|),ki-nu-nu
P271495,"Emar 6/1, 276, Msk 74107ag",Middle Babylonian,Emar,Diri,1',[...]-⸢x⸣,,
P271495,"Emar 6/1, 276, Msk 74107ag",Middle Babylonian,Emar,Diri,2',[am₃]-⸢ku₄⸣-ku₄,,i-[ru-um-ma]
P271495,"Emar 6/1, 276, Msk 74107ag",Middle Babylonian,Emar,Diri,3',[nu]-si-sa₂,,ul
P271495,"Emar 6/1, 276, Msk 74107ag",Middle Babylonian,Emar,Diri,4',[ib₂]-ta-e₃,,u₂-⸢ṣi⸣-[ma]
P271495,"Emar 6/1, 276, Msk 74107ag",Middle Babylonian,Emar,Diri,5',[nu]-⸢silig⸣-ga,,⸢ul⸣
P271495,"Emar 6/1, 276, Msk 74107ag",Middle Babylonian,Emar,Diri,6',[niŋ₂]-⸢lugal⸣-ke₄,,
P271495,"Emar 6/1, 276, Msk 74107ag",Middle Babylonian,Emar,Diri,7',,[niŋ₂]-|NE.RU|,
P271622,"Emar 6/1, 326-327, Msk 74128c",Middle Babylonian,Emar,Diri,o i' 3',azugna,,[a]-⸢zu⸣-pi₂-rum
P271622,"Emar 6/1, 326-327, Msk 74128c",Middle Babylonian,Emar,Diri,o i' 4',gamun,,⸢ka⸣-mu-nu
P271622,"Emar 6/1, 326-327, Msk 74128c",Middle Babylonian,Emar,Diri,o i' 5',sullim,,[ša-ba]-li-il-tum
P271622,"Emar 6/1, 326-327, Msk 74128c",Middle Babylonian,Emar,Diri,o i' 9',muthum,,mut-hu-um-mu
P271622,"Emar 6/1, 326-327, Msk 74128c",Middle Babylonian,Emar,Diri,o i' 10',sas,,si-is-sa-tum
P271622,"Emar 6/1, 326-327, Msk 74128c",Middle Babylonian,Emar,Diri,o i' 11',hirim,,la-ar-du
P271622,"Emar 6/1, 326-327, Msk 74128c",Middle Babylonian,Emar,Diri,o i' 12',munzer,,[a]-⸢ṣu⸣-zu-tu
P271622,"Emar 6/1, 326-327, Msk 74128c",Middle Babylonian,Emar,Diri,o i' 13',gud₃,|U₂.KI.SUM.GA|,⸢qi⸣-nu-u
P271622,"Emar 6/1, 326-327, Msk 74128c",Middle Babylonian,Emar,Diri,o i' 14',gud₃,,[hi]-i-lum
P271622,"Emar 6/1, 326-327, Msk 74128c",Middle Babylonian,Emar,Diri,o i' 15',gud₃,,⸢ku⸣-ma-ṣu
P271622,"Emar 6/1, 326-327, Msk 74128c",Middle Babylonian,Emar,Diri,o i' 16',gud₃,,⸢ku⸣-ša-[ru]
P271622,"Emar 6/1, 326-327, Msk 74128c",Middle Babylonian,Emar,Diri,r i 1,gud₃,|U₂.KI.SUM.GA|,hi-⸢i⸣-lum
P271622,"Emar 6/1, 326-327, Msk 74128c",Middle Babylonian,Emar,Diri,r i 2,gud₃,|U₂.KI.SUM.GA|,
P271622,"Emar 6/1, 326-327, Msk 74128c",Middle Babylonian,Emar,Diri,r i 3,[...]-⸢al⸣,|U₂.GIŠ.MI|,[ṣi]-il-lum
P271622,"Emar 6/1, 326-327, Msk 74128c",Middle Babylonian,Emar,Diri,r i 4,,|U₂.GIŠ.MI|,⸢hi-i⸣-lum
P271622,"Emar 6/1, 326-327, Msk 74128c",Middle Babylonian,Emar,Diri,r i 5,,|U₂.GIŠ.MI|,[ku-ma]-ṣu
P271622,"Emar 6/1, 326-327, Msk 74128c",Middle Babylonian,Emar,Diri,r i 6,,|U₂.GIŠ.MI|,
P271622,"Emar 6/1, 326-327, Msk 74128c",Middle Babylonian,Emar,Diri,r i 7,,|U₂.GIŠ.MI|,
P271622,"Emar 6/1, 326-327, Msk 74128c",Middle Babylonian,Emar,Diri,r i 8,,|U₂.GIŠ.MI|,
P271622,"Emar 6/1, 326-327, Msk 74128c",Middle Babylonian,Emar,Diri,r i 1',uga,|U₂.NAGA.GA|{[mušen]},
P271622,"Emar 6/1, 326-327, Msk 74128c",Middle Babylonian,Emar,Diri,r i 2',bu-ru,buruₓ(|U₂.NAGA.GA|),
P271622,"Emar 6/1, 326-327, Msk 74128c",Middle Babylonian,Emar,Diri,r i 3',muzug₂,|U₂.KA|,
P271622,"Emar 6/1, 326-327, Msk 74128c",Middle Babylonian,Emar,Diri,r i 4',muzug,|U₂.SAG|,
P271622,"Emar 6/1, 326-327, Msk 74128c",Middle Babylonian,Emar,Diri,r i 5',muzug₄,|U₂.KUR.SAL.TUK|{⸢dal-mu⸣-[un]},
P271622,"Emar 6/1, 326-327, Msk 74128c",Middle Babylonian,Emar,Diri,r i 6',nam-ru,namruₓ(|U₂.ZA.MUŠ₃|),
P271622,"Emar 6/1, 326-327, Msk 74128c",Middle Babylonian,Emar,Diri,r i 7',[x]-⸢x-x⸣,,
P271622,"Emar 6/1, 326-327, Msk 74128c",Middle Babylonian,Emar,Diri,r ii 1',{ŋeš}⸢GURUN⸣,,
P271622,"Emar 6/1, 326-327, Msk 74128c",Middle Babylonian,Emar,Diri,r ii 2',mudul,,⸢x⸣-[...]
P271622,"Emar 6/1, 326-327, Msk 74128c",Middle Babylonian,Emar,Diri,r ii 3',madla,,MIN
P271622,"Emar 6/1, 326-327, Msk 74128c",Middle Babylonian,Emar,Diri,r ii 4',malla,,⸢GIŠ.BU⸣{[lu]}
P271622,"Emar 6/1, 326-327, Msk 74128c",Middle Babylonian,Emar,Diri,r ii 5',{ŋeš}malla,,ma-la-[lu]
P271622,"Emar 6/1, 326-327, Msk 74128c",Middle Babylonian,Emar,Diri,r ii 6',{ŋeš}alaₓ(BU),,a-la-[lu]
P271622,"Emar 6/1, 326-327, Msk 74128c",Middle Babylonian,Emar,Diri,r ii 7',gazinbu,,ga-ši-[šu]
P271622,"Emar 6/1, 326-327, Msk 74128c",Middle Babylonian,Emar,Diri,r ii 8',{ŋeš}gazinbu,,ga-⸢az-ma⸣-[nu]
P271622,"Emar 6/1, 326-327, Msk 74128c",Middle Babylonian,Emar,Diri,r ii 9',{ŋeš}irₓ(URI),,ap-pa-[tan]
P271622,"Emar 6/1, 326-327, Msk 74128c",Middle Babylonian,Emar,Diri,r ii 10',{ŋeš}irₓ(URI),,ṣi-ni-[tan]
P271622,"Emar 6/1, 326-327, Msk 74128c",Middle Babylonian,Emar,Diri,r ii 11',{ŋeš}irₓ(URI),,ṣi-ri-[tan]
P271622,"Emar 6/1, 326-327, Msk 74128c",Middle Babylonian,Emar,Diri,r ii 12',gibil₂,{ŋeš}|ŠU₂.ZIB|,⸢gi-bil₂-lu⸣
P271622,"Emar 6/1, 326-327, Msk 74128c",Middle Babylonian,Emar,Diri,r ii 13',gibil₂,{<(ŋeš}|ŠU₂.ZIB|,
P271622,"Emar 6/1, 326-327, Msk 74128c",Middle Babylonian,Emar,Diri,r ii 14',ŋušur,,
P271689,"Emar 6/1, 361, Msk 74146a",Middle Babylonian,Emar,Diri,o i' 1,,|IGI.IGI|,⸢x⸣-[...]
P271689,"Emar 6/1, 361, Msk 74146a",Middle Babylonian,Emar,Diri,o i' 2,,|IGI.IGI|,⸢pal⸣-lu-⸢su₂⸣
P271689,"Emar 6/1, 361, Msk 74146a",Middle Babylonian,Emar,Diri,o i' 3,,|IGI.IGI|,da-ab-dum
P271689,"Emar 6/1, 361, Msk 74146a",Middle Babylonian,Emar,Diri,o i' 4,,|IGI.DU|,a-ša-ri-dum
P271689,"Emar 6/1, 361, Msk 74146a",Middle Babylonian,Emar,Diri,o i' 5,,|IGI.DU|,a-lik
P271689,"Emar 6/1, 361, Msk 74146a",Middle Babylonian,Emar,Diri,o i' 6,,|IGI.DU|,a-lik
P271689,"Emar 6/1, 361, Msk 74146a",Middle Babylonian,Emar,Diri,o i' 7,,|IGI.DU|,a-lik
P271689,"Emar 6/1, 361, Msk 74146a",Middle Babylonian,Emar,Diri,o i' 8,,|IGI.DU|,{d}IGI.DU{u}
P271689,"Emar 6/1, 361, Msk 74146a",Middle Babylonian,Emar,Diri,o i' 9,,|IGI.DU|,a-ša-ri-⸢dum⸣
P271689,"Emar 6/1, 361, Msk 74146a",Middle Babylonian,Emar,Diri,o i' 10,,|IGI.DU|,a-lik
P271689,"Emar 6/1, 361, Msk 74146a",Middle Babylonian,Emar,Diri,o i' 11,,|IGI.DU|,a-lik
P271689,"Emar 6/1, 361, Msk 74146a",Middle Babylonian,Emar,Diri,o i' 1',,⸢IGI⸣-[X],
P271689,"Emar 6/1, 361, Msk 74146a",Middle Babylonian,Emar,Diri,o i' 4',u₂-⸢ia⸣,uₓ(|IGI.A|),tab-ra-⸢tum⸣
P271689,"Emar 6/1, 361, Msk 74146a",Middle Babylonian,Emar,Diri,o i' 5',<(u₂-ia)>,uₓ(|IGI.A|),hi-a-⸢ṭu₃⸣
P271689,"Emar 6/1, 361, Msk 74146a",Middle Babylonian,Emar,Diri,o i' 6',<(u₂-ia)>,uₓ(|IGI.A|),hi-a-ru
P271689,"Emar 6/1, 361, Msk 74146a",Middle Babylonian,Emar,Diri,o i' 7',<(u₂-ia)>,uₓ(|IGI.A|),⸢hi⸣-a-šu
P271689,"Emar 6/1, 361, Msk 74146a",Middle Babylonian,Emar,Diri,o i' 8',<(u₂-ia)>,uₓ(|IGI.A|),a-ma-rum
P271689,"Emar 6/1, 361, Msk 74146a",Middle Babylonian,Emar,Diri,o i' 9',igi,IGI,a-ma-[rum]
P271689,"Emar 6/1, 361, Msk 74146a",Middle Babylonian,Emar,Diri,o i' 10',igi,(<(IGI.GABA)>),nap-lu-⸢su⸣
P271689,"Emar 6/1, 361, Msk 74146a",Middle Babylonian,Emar,Diri,o i' 11',igi,|IGI.BU|,a-ma-rum
P271689,"Emar 6/1, 361, Msk 74146a",Middle Babylonian,Emar,Diri,o i' 12',igi,|IGI.BU|,nap-lu-su
P271689,"Emar 6/1, 361, Msk 74146a",Middle Babylonian,Emar,Diri,o i' 13',imhur₄,|IGI.A|,⸢hu⸣-ur-hu-ma-at
P271689,"Emar 6/1, 361, Msk 74146a",Middle Babylonian,Emar,Diri,o i' 14',imhur₂,|IGI.BI|,{<⸢MIN⸣(hu-ur-hu-ma-at)>}
P271689,"Emar 6/1, 361, Msk 74146a",Middle Babylonian,Emar,Diri,o i' 15',imhur₃,|IGI.GA|,{<⸢MIN⸣(hu-ur-hu-ma-at)>}
P271689,"Emar 6/1, 361, Msk 74146a",Middle Babylonian,Emar,Diri,o i' 16',agrig,|IGI.DUB|,ag-ri-iq-qu
P271689,"Emar 6/1, 361, Msk 74146a",Middle Babylonian,Emar,Diri,o i' 17',agrig,,a-ba-ra-ak-ku
P271689,"Emar 6/1, 361, Msk 74146a",Middle Babylonian,Emar,Diri,o i' 18',ŋiškim,|IGI.DUB|,⸢it⸣-tum
P271689,"Emar 6/1, 361, Msk 74146a",Middle Babylonian,Emar,Diri,o i' 19',ŋiškim,,⸢x⸣-me-tum
P271689,"Emar 6/1, 361, Msk 74146a",Middle Babylonian,Emar,Diri,o i' 20',ŋiškim,,⸢tak⸣-kal-tum
P271689,"Emar 6/1, 361, Msk 74146a",Middle Babylonian,Emar,Diri,o i' 21',ŋiškim,,⸢tak⸣-ka-lum
P271689,"Emar 6/1, 361, Msk 74146a",Middle Babylonian,Emar,Diri,o i' 22',ŋiškim,,⸢is⸣-qi-mu
P271689,"Emar 6/1, 361, Msk 74146a",Middle Babylonian,Emar,Diri,o i' 23',hul,|IGI.UR|,[lem]-nu
P271689,"Emar 6/1, 361, Msk 74146a",Middle Babylonian,Emar,Diri,o i' 24',hul,|IGI.UR|,[ma]-aš-ku
P271689,"Emar 6/1, 361, Msk 74146a",Middle Babylonian,Emar,Diri,o i' 25',hul,|IGI.UR|,[ṣa]-ab-⸢ru⸣
P271689,"Emar 6/1, 361, Msk 74146a",Middle Babylonian,Emar,Diri,o i' 26',hul,|IGI.UR|,⸢zi-i⸣-[ru]
P271689,"Emar 6/1, 361, Msk 74146a",Middle Babylonian,Emar,Diri,o i' 27',hul,|IGI.UR|,
P271689,"Emar 6/1, 361, Msk 74146a",Middle Babylonian,Emar,Diri,o i' 28',hul,|IGI.UR|,
P271689,"Emar 6/1, 361, Msk 74146a",Middle Babylonian,Emar,Diri,o i' 29',hul,|IGI.UR|,
P271689,"Emar 6/1, 361, Msk 74146a",Middle Babylonian,Emar,Diri,o i' 30',ni₆-ni₆,|LAGAB.LAGAB|,
P271727,"Emar 6/2, 383-384, Msk 74152a",Middle Babylonian,Emar,Diri,o? 1',ŋa₂-ŋa₂,GA₂-GA₂,ša-ka₄-[nu]
P271727,"Emar 6/2, 383-384, Msk 74152a",Middle Babylonian,Emar,Diri,o? 2',ŋa₂-ŋa₂,<(GA₂-GA₂)>,ša-⸢ka⸣-[nu]
P271727,"Emar 6/2, 383-384, Msk 74152a",Middle Babylonian,Emar,Diri,o? 3',ra,RA,ra-ha-[ṣu]
P271727,"Emar 6/2, 383-384, Msk 74152a",Middle Babylonian,Emar,Diri,o? 4',ra-ra,RA-RA,da-a-[ku]
P271727,"Emar 6/2, 383-384, Msk 74152a",Middle Babylonian,Emar,Diri,r? 6',ŋalga,|GA₂×GAR|,⸢mil⸣-ku
P271727,"Emar 6/2, 383-384, Msk 74152a",Middle Babylonian,Emar,Diri,r? 7',arhuš,|GA₂×SAL|,ra-mu
P271727,"Emar 6/2, 383-384, Msk 74152a",Middle Babylonian,Emar,Diri,r? 8',[x]-⸢UŠ⸣,,re-du-u
P271728,"Emar 6/2, 384, Msk 74152b",Middle Babylonian,Emar,Diri,1',zur-zur,[AMAR-AMAR],[ku]-⸢un⸣-nu
P271728,"Emar 6/2, 384, Msk 74152b",Middle Babylonian,Emar,Diri,2',zur-zur,,[ku]-te-en-nu-[u]
P271728,"Emar 6/2, 384, Msk 74152b",Middle Babylonian,Emar,Diri,3',zur-zur,,⸢su⸣-up-pu-u
P271728,"Emar 6/2, 384, Msk 74152b",Middle Babylonian,Emar,Diri,4',zur-zur,,⸢su⸣-ul-lu-[u]
P271728,"Emar 6/2, 384, Msk 74152b",Middle Babylonian,Emar,Diri,5',zur-zur,,ṣu-uh-hu
P271728,"Emar 6/2, 384, Msk 74152b",Middle Babylonian,Emar,Diri,6',zur-zur,,šu-te-me-qu
P271728,"Emar 6/2, 384, Msk 74152b",Middle Babylonian,Emar,Diri,7',kukku,|KU₇.KU₇|,⸢mat⸣-qu
P271728,"Emar 6/2, 384, Msk 74152b",Middle Babylonian,Emar,Diri,8',kukku,,⸢ṭa⸣-a-bu
P271728,"Emar 6/2, 384, Msk 74152b",Middle Babylonian,Emar,Diri,9',kukku,,⸢da⸣-aš-pu
P271731,"Emar 6/2, 384, Msk 74152g",Middle Babylonian,Emar,Diri,1',u₂-du-ug,⸢AN⸣-[X],
P271731,"Emar 6/2, 384, Msk 74152g",Middle Babylonian,Emar,Diri,2',<(u₂-du-ug)>,⸢AN⸣-[X],
P271731,"Emar 6/2, 384, Msk 74152g",Middle Babylonian,Emar,Diri,3',<(u₂-du-ug)>,⸢AN⸣-[X],
P271731,"Emar 6/2, 384, Msk 74152g",Middle Babylonian,Emar,Diri,4',[gi]-di-im,⸢X⸣-[X],
P271731,"Emar 6/2, 384, Msk 74152g",Middle Babylonian,Emar,Diri,5',<(gi-di-im)>,⸢X⸣-[X],
P271731,"Emar 6/2, 384, Msk 74152g",Middle Babylonian,Emar,Diri,6',<(gi-di-im)>,,
P271859,"Emar 6/2, 486, Msk 74198d",Middle Babylonian,Emar,Diri,r i 1',lah₇,|DU@s&DU@s||DU@s&DU@s|,
P271859,"Emar 6/2, 486, Msk 74198d",Middle Babylonian,Emar,Diri,r i 2',,|DU@s&DU@s||DU@s&DU@s|,
P271859,"Emar 6/2, 486, Msk 74198d",Middle Babylonian,Emar,Diri,r i 3',,|DU@s&DU@s||DU@s&DU@s|,
P271859,"Emar 6/2, 486, Msk 74198d",Middle Babylonian,Emar,Diri,r i 4',,|DU@s&DU@s||DU@s&DU@s|,
P271859,"Emar 6/2, 486, Msk 74198d",Middle Babylonian,Emar,Diri,r i 5',,|DU@s&DU@s||DU@s&DU@s|,
P271859,"Emar 6/2, 486, Msk 74198d",Middle Babylonian,Emar,Diri,r i 6',,|DU@s&DU@s||DU@s&DU@s|,⸢re⸣-[du-u]
P271859,"Emar 6/2, 486, Msk 74198d",Middle Babylonian,Emar,Diri,r i 7',,|DU@s&DU@s||DU@s&DU@s|,u₂-[...]
P271859,"Emar 6/2, 486, Msk 74198d",Middle Babylonian,Emar,Diri,r i 8',lah₇-lah₇,|DU@s&DU@s||DU@s&DU@s||DU@s&DU@s|,[a-ru-u]
P271859,"Emar 6/2, 486, Msk 74198d",Middle Babylonian,Emar,Diri,r i 9',,|DU@s&DU@s||DU@s&DU@s||DU@s&DU@s|,i-[ta-ru-u]
P271859,"Emar 6/2, 486, Msk 74198d",Middle Babylonian,Emar,Diri,r i 10',,|DU@s&DU@s||DU@s&DU@s||DU@s&DU@s|,re-[du-u]
P271859,"Emar 6/2, 486, Msk 74198d",Middle Babylonian,Emar,Diri,r i 11',,|DU@s&DU@s||DU@s&DU@s||DU@s&DU@s|,⸢ri⸣-[te-du-u]
P271859,"Emar 6/2, 486, Msk 74198d",Middle Babylonian,Emar,Diri,r i 12',,⸢X⸣-[X],
P271859,"Emar 6/2, 486, Msk 74198d",Middle Babylonian,Emar,Diri,r i 8'',su₁₆,|BUR₂.BUR₂|,
P271859,"Emar 6/2, 486, Msk 74198d",Middle Babylonian,Emar,Diri,r i 9'',su₁₆,,
P271859,"Emar 6/2, 486, Msk 74198d",Middle Babylonian,Emar,Diri,r i 10'',bur₇,GURUN-⸢GURUN⸣,
P271859,"Emar 6/2, 486, Msk 74198d",Middle Babylonian,Emar,Diri,r i 11'',⸢x-x⸣,⸢X⸣-[X],
P274517,"CTN 4, 226",Neo-Assyrian,Nimrud,Diri,i' 1',[...]-⸢ṣu⸣,,
P274517,"CTN 4, 226",Neo-Assyrian,Nimrud,Diri,i' 2',[...]-ṣu,,
P274517,"CTN 4, 226",Neo-Assyrian,Nimrud,Diri,i' 3',[...]-ṣu,,
P274517,"CTN 4, 226",Neo-Assyrian,Nimrud,Diri,i' 4',[...]-⸢x⸣,,
P274517,"CTN 4, 226",Neo-Assyrian,Nimrud,Diri,ii' 1',{urud}uš₁₅,,
P274517,"CTN 4, 226",Neo-Assyrian,Nimrud,Diri,ii' 2',{urud}nun₂,{urud}|A.HA.KUD.DU|,[...
P274517,"CTN 4, 226",Neo-Assyrian,Nimrud,Diri,ii' 3',{urud}nunmeli,{urud}|BAR.HU.KAK|,MIN
P274517,"CTN 4, 226",Neo-Assyrian,Nimrud,Diri,ii' 4',{urud}šum-gam-me,{urud}|TAG.GAM.ME|,MIN
P274518,"CTN 4, 227",Neo-Assyrian,Nimrud,Diri,2',,|GA.KASKAL.KAL.NE|,ga
P274518,"CTN 4, 227",Neo-Assyrian,Nimrud,Diri,3',,|GA.KA×GU.SAR|,ga
P274518,"CTN 4, 227",Neo-Assyrian,Nimrud,Diri,4',mud,|HU.HI|,mu-ši-en
P274518,"CTN 4, 227",Neo-Assyrian,Nimrud,Diri,14',mušen-du₃,|HU.KAK|,mu-ši-en
P274518,"CTN 4, 227",Neo-Assyrian,Nimrud,Diri,15',ta-al,RI-RI,ta-al
P274518,"CTN 4, 227",Neo-Assyrian,Nimrud,Diri,16',,⸢HU⸣-HU,mu-ši-en
P274518,"CTN 4, 227",Neo-Assyrian,Nimrud,Diri,18',,|HU.NA₂|,{<MIN(mu-ši-en)>}
P278015,NABU 2007/005,Middle Babylonian,Nippur,Diri,o i 1,usan,,[liliātu]
P278015,NABU 2007/005,Middle Babylonian,Nippur,Diri,o i 2,an-zib₂,|AN.GU₂×NUN.PA.EL|,
P278015,NABU 2007/005,Middle Babylonian,Nippur,Diri,o i 3,{d}ti-mu₂-a,,
P278015,NABU 2007/005,Middle Babylonian,Nippur,Diri,o i 4,gansis,,[eṭûtu]
P278015,NABU 2007/005,Middle Babylonian,Nippur,Diri,o i 5,gansis,,[ekletu]
P278015,NABU 2007/005,Middle Babylonian,Nippur,Diri,o i 6,kab-ta,,{[d}kab-ta]
P278015,NABU 2007/005,Middle Babylonian,Nippur,Diri,o i 7,alamuš,{an}|TA×HI|,
P278015,NABU 2007/005,Middle Babylonian,Nippur,Diri,o i 8,ziz₂-zu-um,,
P278015,NABU 2007/005,Middle Babylonian,Nippur,Diri,o i 9,ziz₂-zu-um-zu-um,,
P278015,NABU 2007/005,Middle Babylonian,Nippur,Diri,o i 10,<(ziz₂-zu-um-zu-um)>,,
P278015,NABU 2007/005,Middle Babylonian,Nippur,Diri,o i 11,⸢x⸣-zu-[...],,
P278015,NABU 2007/005,Middle Babylonian,Nippur,Diri,r i 2',ilba,,[i-la-ba]
P278015,NABU 2007/005,Middle Babylonian,Nippur,Diri,r i 3',dub,,wa-at-rum]
P278015,NABU 2007/005,Middle Babylonian,Nippur,Diri,r i 4',⸢a-li⸣-[...],,
P278015,NABU 2007/005,Middle Babylonian,Nippur,Diri,r i 5',,DIŠ,
P278738,"MSL 15, 135 S18",Middle Babylonian,Nippur,Diri,r 1',azlag₃,|GIŠ.TUG₂.PI.KAR.DU|,
P278738,"MSL 15, 135 S18",Middle Babylonian,Nippur,Diri,r 2',azlag₅,|GIŠ.TUG₂.PI.KAR|,
P278738,"MSL 15, 135 S18",Middle Babylonian,Nippur,Diri,r 3',{ŋeš}mes,,
P278738,"MSL 15, 135 S18",Middle Babylonian,Nippur,Diri,r 4',umma{ki},|GIŠ.UH₃|{ki},
P278738,"MSL 15, 135 S18",Middle Babylonian,Nippur,Diri,r 5',kib-kib,KIB-⸢KIB⸣,
P278738,"MSL 15, 135 S18",Middle Babylonian,Nippur,Diri,r 6',6,,
P282493,"MAOG 03/3, 047-055",Middle Assyrian,Assur,Diri,o i 1,,|AMAR×ŠE.AMAR×ŠE|,ni-qu-u₂
P282493,"MAOG 03/3, 047-055",Middle Assyrian,Assur,Diri,o i 2,,|AMAR×ŠE.AMAR×ŠE|,na-qu-u₂
P282493,"MAOG 03/3, 047-055",Middle Assyrian,Assur,Diri,o i 3,<([...])>,|AMAR×ŠE.AMAR×ŠE|,ik-ri-bu
P282493,"MAOG 03/3, 047-055",Middle Assyrian,Assur,Diri,o i 4,<([...])>,|AMAR×ŠE.AMAR×ŠE|,ka-ri-bu
P282493,"MAOG 03/3, 047-055",Middle Assyrian,Assur,Diri,o i 5,<([...])>,|AMAR×ŠE.AMAR×ŠE|,ka-ra-bu
P282493,"MAOG 03/3, 047-055",Middle Assyrian,Assur,Diri,o i 6,<([...])>,|AMAR×ŠE.AMAR×ŠE|,te-e-mi-qu
P282493,"MAOG 03/3, 047-055",Middle Assyrian,Assur,Diri,o i 7,<([...])>,|AMAR×ŠE.AMAR×ŠE|,su-up-pu-u₂
P282493,"MAOG 03/3, 047-055",Middle Assyrian,Assur,Diri,o i 8,<([...])>,|AMAR×ŠE.AMAR×ŠE|,su-ul-lu-u₂
P282493,"MAOG 03/3, 047-055",Middle Assyrian,Assur,Diri,o i 9,<([...])>,|AMAR×ŠE.AMAR×ŠE|,te-es-li-tu
P282493,"MAOG 03/3, 047-055",Middle Assyrian,Assur,Diri,o i 10,<([...])>,|AMAR×ŠE.AMAR×ŠE|,nu-uh-hu
P282493,"MAOG 03/3, 047-055",Middle Assyrian,Assur,Diri,o i 11,zur-zur,|AMAR.AMAR|,ku-un-nu-u₂
P282493,"MAOG 03/3, 047-055",Middle Assyrian,Assur,Diri,o i 12,zur-zur,|AMAR.AMAR|,ku-te-en-nu-u₂
P282493,"MAOG 03/3, 047-055",Middle Assyrian,Assur,Diri,o i 13,zur-zur,|AMAR.AMAR|,um(AL-)mu-qu
P282493,"MAOG 03/3, 047-055",Middle Assyrian,Assur,Diri,o i 14,zur-zur,|AMAR.AMAR|,šu-te-mu-qu
P282493,"MAOG 03/3, 047-055",Middle Assyrian,Assur,Diri,o i 15,zur-zur,|AMAR.AMAR|,šu-ta-mu-qu
P282493,"MAOG 03/3, 047-055",Middle Assyrian,Assur,Diri,o i 16,zur-zur,|AMAR.AMAR|,ṣu-uh-hu
P282493,"MAOG 03/3, 047-055",Middle Assyrian,Assur,Diri,o i 17,lah₅,|DU.DU|,ša-la-lum
P282493,"MAOG 03/3, 047-055",Middle Assyrian,Assur,Diri,o i 18,lah₅,|DU.DU|,ša-lu-u₂
P282493,"MAOG 03/3, 047-055",Middle Assyrian,Assur,Diri,o i 19,lah₅,|DU.DU|,re-du-u₂
P282493,"MAOG 03/3, 047-055",Middle Assyrian,Assur,Diri,o i 20,lah₅,|DU.DU|,ru-ʾu-u₂
P282493,"MAOG 03/3, 047-055",Middle Assyrian,Assur,Diri,o i 21,lah₅,|DU.DU|,a-ha-zu
P282493,"MAOG 03/3, 047-055",Middle Assyrian,Assur,Diri,o i 22,lah₅,|DU.DU|,e-ze-bu
P282493,"MAOG 03/3, 047-055",Middle Assyrian,Assur,Diri,o i 23,lah₅,|DU.DU|,a-ba-ʾu-u₂
P282493,"MAOG 03/3, 047-055",Middle Assyrian,Assur,Diri,o i 24,lah₅,|DU.DU|,ba-ba-lum
P282493,"MAOG 03/3, 047-055",Middle Assyrian,Assur,Diri,o i 25,lah₅,|DU.DU|,e-še-ʾu
P282493,"MAOG 03/3, 047-055",Middle Assyrian,Assur,Diri,o i 26,lah₅,|DU.DU|,e-be₂-lum
P282493,"MAOG 03/3, 047-055",Middle Assyrian,Assur,Diri,o i 27,lah₅,|DU.DU|,{<KIMIN(e-be₂-lum)>}
P282493,"MAOG 03/3, 047-055",Middle Assyrian,Assur,Diri,o i 28,lah₅,|DU.DU|,re-iu-u₂
P282493,"MAOG 03/3, 047-055",Middle Assyrian,Assur,Diri,o i 29,lah₅,|DU.DU|,ri-te-iu-u₂
P282493,"MAOG 03/3, 047-055",Middle Assyrian,Assur,Diri,o i 30,lah₄-lah₄,|DU&DU||DU&DU|,ri-te-du-u₂
P282493,"MAOG 03/3, 047-055",Middle Assyrian,Assur,Diri,o i 31,lah₄-lah₄,|DU&DU||DU&DU|,i-tar-ru
P282493,"MAOG 03/3, 047-055",Middle Assyrian,Assur,Diri,o i `32,lah₄-lah₄,|DU&DU||DU&DU|,i-tab-bu-lum
P282493,"MAOG 03/3, 047-055",Middle Assyrian,Assur,Diri,o i 33,lah₄-lah₄,|DU&DU||DU&DU|,bu-ub-bu-lum
P282493,"MAOG 03/3, 047-055",Middle Assyrian,Assur,Diri,o i 34,lah₄-lah₄,|DU&DU||DU&DU|,šu-bu-lum
P282493,"MAOG 03/3, 047-055",Middle Assyrian,Assur,Diri,o i 35,lah₄-lah₄,|DU&DU||DU&DU|,šu-ta-bu-lum
P282493,"MAOG 03/3, 047-055",Middle Assyrian,Assur,Diri,o i 36,a-li-ik,alikₓ(|DU.KI|),{<ŠU(ālik)>}
P282493,"MAOG 03/3, 047-055",Middle Assyrian,Assur,Diri,o i 37,la-si-im,lasimₓ(|DU@s.KI|),{<ŠU(lāsim)>}
P282493,"MAOG 03/3, 047-055",Middle Assyrian,Assur,Diri,o i 38,gana₃,|DU@s.A|,e-ṣi-id
P282493,"MAOG 03/3, 047-055",Middle Assyrian,Assur,Diri,o i 39,gigri₂,|DU@s.DU@s|,ṭe-e-bu-u₂
P282493,"MAOG 03/3, 047-055",Middle Assyrian,Assur,Diri,o i 40,gigri₂,|DU@s.DU@s|,ṭi-ta-bu-u₂
P282493,"MAOG 03/3, 047-055",Middle Assyrian,Assur,Diri,o i 41,gigri₂,|DU@s.DU@s|,hi-tal-lu-pu
P282493,"MAOG 03/3, 047-055",Middle Assyrian,Assur,Diri,o i 42,gigri₂,|DU@s.DU@s|,hi-tal-lu-lu
P282493,"MAOG 03/3, 047-055",Middle Assyrian,Assur,Diri,o i 43,gigri₂,|DU@s.DU@s|,hi-tal-lu-ṣu₂
P282493,"MAOG 03/3, 047-055",Middle Assyrian,Assur,Diri,o i 44,gigri₂,|DU@s.DU@s|,ša-lu-u₂
P282493,"MAOG 03/3, 047-055",Middle Assyrian,Assur,Diri,o i 45,gigri₂,|DU@s.DU@s|,na-pa-gu
P282493,"MAOG 03/3, 047-055",Middle Assyrian,Assur,Diri,o i 46,gigri₂,|DU@s.DU@s|,ra-be-e
P282493,"MAOG 03/3, 047-055",Middle Assyrian,Assur,Diri,o i 47,gigri₂,|DU@s.DU@s|,da-ra-ru
P282493,"MAOG 03/3, 047-055",Middle Assyrian,Assur,Diri,o i 48,du₉-du₉,|BUR₂.BUR₂|,ma-a-ṣu
P282493,"MAOG 03/3, 047-055",Middle Assyrian,Assur,Diri,o i 49,du₉-du₉,|BUR₂.BUR₂|,ša-a-bu
P282493,"MAOG 03/3, 047-055",Middle Assyrian,Assur,Diri,o i 50,du₉-du₉,|BUR₂.BUR₂|,ṭa-a-pu
P282493,"MAOG 03/3, 047-055",Middle Assyrian,Assur,Diri,o i 51,du₉-du₉,|BUR₂.BUR₂|,da-ʾa-<a>-mu
P282493,"MAOG 03/3, 047-055",Middle Assyrian,Assur,Diri,o i 52,du₉-du₉,|BUR₂.BUR₂|,da-a-lu
P282493,"MAOG 03/3, 047-055",Middle Assyrian,Assur,Diri,o i 53,du₉-du₉,|BUR₂.BUR₂|,du-ʾu-u₂-mu
P282493,"MAOG 03/3, 047-055",Middle Assyrian,Assur,Diri,o i 54,du₉-du₉,|BUR₂.BUR₂|,dub-bu-bu
P282493,"MAOG 03/3, 047-055",Middle Assyrian,Assur,Diri,o i 55,du₉-du₉,|BUR₂.BUR₂|,⸢ta⸣-mu-u₂
P282493,"MAOG 03/3, 047-055",Middle Assyrian,Assur,Diri,o i 56,du₉-du₉,|BUR₂.BUR₂|,AL-bu-bu
P282493,"MAOG 03/3, 047-055",Middle Assyrian,Assur,Diri,o i 57,du₉-du₉,|BUR₂.BUR₂|,na-a-qu
P282493,"MAOG 03/3, 047-055",Middle Assyrian,Assur,Diri,o i 58,du₉-du₉,|BUR₂.BUR₂|,na-a-šu
P282493,"MAOG 03/3, 047-055",Middle Assyrian,Assur,Diri,o i 59,ara₅,|HI×AŠ₂.HI×AŠ₂|,ṭe₄-e-nu
P282493,"MAOG 03/3, 047-055",Middle Assyrian,Assur,Diri,o i 60,ara₅,|HI×AŠ₂.HI×AŠ₂|,ṭe₄-ʾi-i-nu
P282493,"MAOG 03/3, 047-055",Middle Assyrian,Assur,Diri,o i 61,ara₅,|HI×AŠ₂.HI×AŠ₂|,pe-e-nu
P282493,"MAOG 03/3, 047-055",Middle Assyrian,Assur,Diri,o i 62,ara₅,|HI×AŠ₂.HI×AŠ₂|,pe-e-ṣu
P282493,"MAOG 03/3, 047-055",Middle Assyrian,Assur,Diri,o i 63,ara₅,|HI×AŠ₂.HI×AŠ₂|,a-ra-ar-ru
P282493,"MAOG 03/3, 047-055",Middle Assyrian,Assur,Diri,o i 64,ara₅,|HI×AŠ₂.HI×AŠ₂|,sa-am-du
P282493,"MAOG 03/3, 047-055",Middle Assyrian,Assur,Diri,o i 65,ara₅,|HI×AŠ₂.HI×AŠ₂|,sa-mi-du
P282493,"MAOG 03/3, 047-055",Middle Assyrian,Assur,Diri,o i 66,ara₅,|HI×AŠ₂.HI×AŠ₂|,ha-ša-lum
P282493,"MAOG 03/3, 047-055",Middle Assyrian,Assur,Diri,o i 67,kinkin₂,|HI×AŠ₂.HI×AŠ₂|,ṭe₄-e-nu
P282493,"MAOG 03/3, 047-055",Middle Assyrian,Assur,Diri,o i 68,kinkin₂,|HI×AŠ₂.HI×AŠ₂|,sa-mi-i-du
P282493,"MAOG 03/3, 047-055",Middle Assyrian,Assur,Diri,o i 69,kinkin₂,|HI×AŠ₂.HI×AŠ₂|,ma-lu-u₂
P282493,"MAOG 03/3, 047-055",Middle Assyrian,Assur,Diri,o i 70,u₂-uh,uhₓ(|HI×NUN.HI×NUN|),up-lum
P282493,"MAOG 03/3, 047-055",Middle Assyrian,Assur,Diri,o i 71,<(u₂-uh)>,uhₓ(|HI×NUN.HI×NUN|),na-a-bu
P282493,"MAOG 03/3, 047-055",Middle Assyrian,Assur,Diri,o i 72,<(u₂-uh)>,uhₓ(|HI×NUN.HI×NUN|),kal-ma-tu
P282493,"MAOG 03/3, 047-055",Middle Assyrian,Assur,Diri,o i 73,<(u₂-uh)>,uhₓ(|HI×NUN.HI×NUN|),pe-er-sa-ʾu
P282493,"MAOG 03/3, 047-055",Middle Assyrian,Assur,Diri,o i 74,<(u₂-uh)>,uhₓ(|HI×NUN.HI×NUN|),KA.KA.SI.GA
P282493,"MAOG 03/3, 047-055",Middle Assyrian,Assur,Diri,o i 75,lilib,|IGI.IGI|,sar-[ru]
P282493,"MAOG 03/3, 047-055",Middle Assyrian,Assur,Diri,o i 76,lilib,|IGI.IGI|,sar-⸢ra⸣-[ru]
P282493,"MAOG 03/3, 047-055",Middle Assyrian,Assur,Diri,o i 77,lilib,|IGI.IGI|,hab-[ba-tu]
P282493,"MAOG 03/3, 047-055",Middle Assyrian,Assur,Diri,o i 78,lilib,|IGI.IGI|,⸢mu⸣-[ut-ta-ah-li-lum]
P282493,"MAOG 03/3, 047-055",Middle Assyrian,Assur,Diri,o i 79,bad₅-bad₅,|IGI.IGI|,
P282493,"MAOG 03/3, 047-055",Middle Assyrian,Assur,Diri,o i 80,bad₅-bad₅,|IGI.IGI|,
P282493,"MAOG 03/3, 047-055",Middle Assyrian,Assur,Diri,o i 81,bad₅-bad₅,|IGI.IGI|,
P282493,"MAOG 03/3, 047-055",Middle Assyrian,Assur,Diri,o ii 1,palil,|IGI.DU|,a-[ša-re-du]
P282493,"MAOG 03/3, 047-055",Middle Assyrian,Assur,Diri,o ii 2,palil,|IGI.DU|,a-lik
P282493,"MAOG 03/3, 047-055",Middle Assyrian,Assur,Diri,o ii 3,palil,|IGI.DU|,a-lik
P282493,"MAOG 03/3, 047-055",Middle Assyrian,Assur,Diri,o ii 4,ildum,|IGI.EŠ₂.DU.ERIN₂|,il-lat
P282493,"MAOG 03/3, 047-055",Middle Assyrian,Assur,Diri,o ii 5,ildum,|IGI.EŠ₂.DU.ERIN₂|,pi-qit-ti
P282493,"MAOG 03/3, 047-055",Middle Assyrian,Assur,Diri,o ii 6,ildu₂,|IGI.NAGAR.BU|,il-lat
P282493,"MAOG 03/3, 047-055",Middle Assyrian,Assur,Diri,o ii 7,ŋiškim,|IGI.DUB|,it-tum
P282493,"MAOG 03/3, 047-055",Middle Assyrian,Assur,Diri,o ii 8,ŋiškim,|IGI.DUB|,qi₂-ip-tum
P282493,"MAOG 03/3, 047-055",Middle Assyrian,Assur,Diri,o ii 9,ŋiškim,|IGI.DUB|,tu-kul-tum
P282493,"MAOG 03/3, 047-055",Middle Assyrian,Assur,Diri,o ii 10,ŋiškim,|IGI.DUB|,ta-ka-lum
P282493,"MAOG 03/3, 047-055",Middle Assyrian,Assur,Diri,o ii 11,ŋiškim,|IGI.DUB|,wa{a}tu-u₂
P282493,"MAOG 03/3, 047-055",Middle Assyrian,Assur,Diri,o ii 12,ŋiškim,|IGI.DUB|,u₂-du-u₂
P282493,"MAOG 03/3, 047-055",Middle Assyrian,Assur,Diri,o ii 13,ŋiškim,|IGI.DUB|,u₂-te-du-u₂
P282493,"MAOG 03/3, 047-055",Middle Assyrian,Assur,Diri,o ii 14,ŋiškim,|IGI.DUB|,gis-ki-im-mu
P282493,"MAOG 03/3, 047-055",Middle Assyrian,Assur,Diri,o ii 15,agrig,|IGI.DUB|,ag-ri-iq-qu
P282493,"MAOG 03/3, 047-055",Middle Assyrian,Assur,Diri,o ii 16,agrig,|IGI.DUB|,a-ba-rak-ku
P282493,"MAOG 03/3, 047-055",Middle Assyrian,Assur,Diri,o ii 17,imhur₄,|IGI.A|,hur-hu-mat
P282493,"MAOG 03/3, 047-055",Middle Assyrian,Assur,Diri,o ii 18,imhur₂,|IGI.BI|,{<KIMIN(hur-hu-mat)>}
P282493,"MAOG 03/3, 047-055",Middle Assyrian,Assur,Diri,o ii 19,imhur₃,|IGI.GA|,{<KIMIN(hur-hu-mat)>}
P282493,"MAOG 03/3, 047-055",Middle Assyrian,Assur,Diri,o ii 20,u₃,|IGI.LU|,u₃-ia-i
P282493,"MAOG 03/3, 047-055",Middle Assyrian,Assur,Diri,o ii 21,u₃,|IGI.LU|,a-ia-i
P282493,"MAOG 03/3, 047-055",Middle Assyrian,Assur,Diri,o ii 22,u₃,|IGI.LU|,u₃
P282493,"MAOG 03/3, 047-055",Middle Assyrian,Assur,Diri,o ii 23,u₃,|IGI.LU|,ši-it-tu
P282493,"MAOG 03/3, 047-055",Middle Assyrian,Assur,Diri,o ii 24,u₃,|IGI.LU|,ka-a-ru
P282493,"MAOG 03/3, 047-055",Middle Assyrian,Assur,Diri,o ii 25,u₃,|IGI.LU|,ṣa-la-⸢lu⸣
P282493,"MAOG 03/3, 047-055",Middle Assyrian,Assur,Diri,o ii 26,u₃,|IGI.LU|,a-ma-ru
P282493,"MAOG 03/3, 047-055",Middle Assyrian,Assur,Diri,o ii 27,u₃,|IGI.LU|,lu-u₂
P282493,"MAOG 03/3, 047-055",Middle Assyrian,Assur,Diri,o ii 28,u₃,|IGI.LU|,li-i
P282493,"MAOG 03/3, 047-055",Middle Assyrian,Assur,Diri,o ii 29,u₃,|IGI.LU|,ma(GIŠ)
P282493,"MAOG 03/3, 047-055",Middle Assyrian,Assur,Diri,o ii 30,u₃,|IGI.LU|,IŠ-[x]
P282493,"MAOG 03/3, 047-055",Middle Assyrian,Assur,Diri,o ii 31,u₃,|IGI.LU|,ka-[a]
P282493,"MAOG 03/3, 047-055",Middle Assyrian,Assur,Diri,o ii 32,u₃,|IGI.LU|,a-na-[ku]
P282493,"MAOG 03/3, 047-055",Middle Assyrian,Assur,Diri,o ii 33,u₃,|IGI.LU|,at(AB-)[ta]
P282493,"MAOG 03/3, 047-055",Middle Assyrian,Assur,Diri,o ii 34,u₃,|IGI.LU|,šu-[u₂]
P282493,"MAOG 03/3, 047-055",Middle Assyrian,Assur,Diri,o ii 35,u₃,|IGI.LU|,an-na-tu
P282493,"MAOG 03/3, 047-055",Middle Assyrian,Assur,Diri,o ii 36,libir(|IGI.LU|),|IGI.LU|,la-be-⸢ru⸣
P282493,"MAOG 03/3, 047-055",Middle Assyrian,Assur,Diri,o ii 37,libir(|IGI.LU|),|IGI.LU|,la-ba-⸢ru⸣
P282493,"MAOG 03/3, 047-055",Middle Assyrian,Assur,Diri,o ii 38,si-i,si₅(|IGI.LU|),a-ga-lum
P282493,"MAOG 03/3, 047-055",Middle Assyrian,Assur,Diri,o ii 39,hul,|IGI.UR|,lem-nu
P282493,"MAOG 03/3, 047-055",Middle Assyrian,Assur,Diri,o ii 40,hul,|IGI.UR|,ma-aš₂-[ku]
P282493,"MAOG 03/3, 047-055",Middle Assyrian,Assur,Diri,o ii 41,hul,|IGI.UR|,zi-i-⸢ru⸣
P282493,"MAOG 03/3, 047-055",Middle Assyrian,Assur,Diri,o ii 42,hul,|IGI.UR|,ṣa-ab-⸢ru⸣
P282493,"MAOG 03/3, 047-055",Middle Assyrian,Assur,Diri,o ii 43,hul,|IGI.UR|,qal-lum
P282493,"MAOG 03/3, 047-055",Middle Assyrian,Assur,Diri,o ii 44,hul,|IGI.UR|,gal-lu-u₂
P282493,"MAOG 03/3, 047-055",Middle Assyrian,Assur,Diri,o ii 45,hul,|IGI.UR|,pa-ši-⸢x⸣
P282493,"MAOG 03/3, 047-055",Middle Assyrian,Assur,Diri,o ii 46,hul,|IGI.UR|,bi-iʾ-⸢šu⸣
P282493,"MAOG 03/3, 047-055",Middle Assyrian,Assur,Diri,o ii 47,hul,|IGI.UR|,pa-aš₂-⸢qu⸣
P282493,"MAOG 03/3, 047-055",Middle Assyrian,Assur,Diri,o ii 48,hul,|IGI.UR|,sa-ar-ru
P282493,"MAOG 03/3, 047-055",Middle Assyrian,Assur,Diri,o ii 49,hul,|IGI.UR|,šul-pu-tu
P282493,"MAOG 03/3, 047-055",Middle Assyrian,Assur,Diri,o ii 50,hul,|IGI.UR|,la(IŠ-)pa-tu
P282493,"MAOG 03/3, 047-055",Middle Assyrian,Assur,Diri,o ii 51,hulpad,|IGI.UR.RU.GAR|,mi-iṭ-ru
P282493,"MAOG 03/3, 047-055",Middle Assyrian,Assur,Diri,o ii 52,hilib,|IGI.KUR|,pa-an
P282493,"MAOG 03/3, 047-055",Middle Assyrian,Assur,Diri,o ii 53,hilib,|IGI.KUR|,er-ṣe-tu
P282493,"MAOG 03/3, 047-055",Middle Assyrian,Assur,Diri,o ii 54,hilib,|IGI.KUR|,ir-kal-la
P282493,"MAOG 03/3, 047-055",Middle Assyrian,Assur,Diri,o ii 55,hilib,|IGI.KUR|,dan-ni-na
P282493,"MAOG 03/3, 047-055",Middle Assyrian,Assur,Diri,o ii 56,hilib,|IGI.KUR|,ga-an-ze₂-er
P282493,"MAOG 03/3, 047-055",Middle Assyrian,Assur,Diri,o ii 57,ganzer,|IGI.KUR.ZA|,KA₂
P282493,"MAOG 03/3, 047-055",Middle Assyrian,Assur,Diri,o ii 58,ganzer,|IGI.KUR.ZA|,{d}er-ṣe-tu
P282493,"MAOG 03/3, 047-055",Middle Assyrian,Assur,Diri,o ii 59,ganzer,|IGI.KUR.ZA|,{d}ir-kal-la
P282493,"MAOG 03/3, 047-055",Middle Assyrian,Assur,Diri,o ii 60,ganzer,|IGI.KUR.ZA|,{d}dan-ni-na
P282493,"MAOG 03/3, 047-055",Middle Assyrian,Assur,Diri,o ii 61,ganzer,|IGI.KUR.ZA|,ga-an-zer₃
P282493,"MAOG 03/3, 047-055",Middle Assyrian,Assur,Diri,o ii 62,dala₂,|IGI.KAK|,ṣi-lu-u₂
P282493,"MAOG 03/3, 047-055",Middle Assyrian,Assur,Diri,o ii 63,dala₂,|IGI.KAK|,da-lu-u₂
P282493,"MAOG 03/3, 047-055",Middle Assyrian,Assur,Diri,o ii 64,dala₂,|IGI.KAK|,gub-rum(NU)
P282493,"MAOG 03/3, 047-055",Middle Assyrian,Assur,Diri,o ii 64a,dala₂,|IGI.KAK|,ŠU-pu-u₂
P282493,"MAOG 03/3, 047-055",Middle Assyrian,Assur,Diri,o ii 65,dala₂,|IGI.KAK|,da-ʾu-u₂-mu
P282493,"MAOG 03/3, 047-055",Middle Assyrian,Assur,Diri,o ii 66,šukur,|IGI.KAK|,šu-kur-rum
P282493,"MAOG 03/3, 047-055",Middle Assyrian,Assur,Diri,o ii 66a,šukur,|IGI.KAK|,gub-rum
P282493,"MAOG 03/3, 047-055",Middle Assyrian,Assur,Diri,o ii 67,ubri,|IGI.KAK|,šu-kur-ru
P282493,"MAOG 03/3, 047-055",Middle Assyrian,Assur,Diri,o ii 68,ubri,|IGI.KAK|,da-ʾu-u₂-mu
P282493,"MAOG 03/3, 047-055",Middle Assyrian,Assur,Diri,o ii 69,henzer,|IGI.DIM|,še-er-rum
P282493,"MAOG 03/3, 047-055",Middle Assyrian,Assur,Diri,o ii 70,henzer,|IGI.DIM|,ṣe-eh-[rum]
P282493,"MAOG 03/3, 047-055",Middle Assyrian,Assur,Diri,o ii 71,henzer,|IGI.DIM|,la-aʾ-[u₂]
P282493,"MAOG 03/3, 047-055",Middle Assyrian,Assur,Diri,o ii 72,henzer,|IGI.DIM|,la-[...]
P282493,"MAOG 03/3, 047-055",Middle Assyrian,Assur,Diri,r i 1',e-[...],,
P282493,"MAOG 03/3, 047-055",Middle Assyrian,Assur,Diri,r i 2',<(e-[...])>,,
P282493,"MAOG 03/3, 047-055",Middle Assyrian,Assur,Diri,r i 3',<(e-[...])>,,
P282493,"MAOG 03/3, 047-055",Middle Assyrian,Assur,Diri,r i 4',<(e-[...])>,,
P282493,"MAOG 03/3, 047-055",Middle Assyrian,Assur,Diri,r i 5',⸢giš⸣-[...],,
P282493,"MAOG 03/3, 047-055",Middle Assyrian,Assur,Diri,r i 6',giš-[...],,
P282493,"MAOG 03/3, 047-055",Middle Assyrian,Assur,Diri,r i 7',giš-[...],,
P282493,"MAOG 03/3, 047-055",Middle Assyrian,Assur,Diri,r i 8',e-[...],,
P282493,"MAOG 03/3, 047-055",Middle Assyrian,Assur,Diri,r i 9',eš,,
P282493,"MAOG 03/3, 047-055",Middle Assyrian,Assur,Diri,r i 10',<(eš)>,,
P282493,"MAOG 03/3, 047-055",Middle Assyrian,Assur,Diri,r i 11',<(eš)>,,
P282493,"MAOG 03/3, 047-055",Middle Assyrian,Assur,Diri,r i 12',<(eš)>,,
P282493,"MAOG 03/3, 047-055",Middle Assyrian,Assur,Diri,r i 13',{ŋeš}šallur,{[ŋeš}|GIŠ%GIŠ|,
P282493,"MAOG 03/3, 047-055",Middle Assyrian,Assur,Diri,r i 14',giš-[...],,
P282493,"MAOG 03/3, 047-055",Middle Assyrian,Assur,Diri,r i 15',{ŋeš}hašhur,,
P282493,"MAOG 03/3, 047-055",Middle Assyrian,Assur,Diri,r i 16',il-⸢dag⸣,,
P282493,"MAOG 03/3, 047-055",Middle Assyrian,Assur,Diri,r i 17',<(il-dag)>,,
P282493,"MAOG 03/3, 047-055",Middle Assyrian,Assur,Diri,r i 18',<(il-dag)>,,
P282493,"MAOG 03/3, 047-055",Middle Assyrian,Assur,Diri,r i 19',<(il-dag)>,,
P282493,"MAOG 03/3, 047-055",Middle Assyrian,Assur,Diri,r i 20',<(il-dag)>,,
P282493,"MAOG 03/3, 047-055",Middle Assyrian,Assur,Diri,r i 21',{<KIMIN(il-dag)>},,
P282493,"MAOG 03/3, 047-055",Middle Assyrian,Assur,Diri,r i 22',{<KIMIN(il-dag)>},,
P282493,"MAOG 03/3, 047-055",Middle Assyrian,Assur,Diri,r i 23',<(il-dag)>,,
P282493,"MAOG 03/3, 047-055",Middle Assyrian,Assur,Diri,r i 24',{ŋeš}asal₂,{ŋeš}|A.TU.GABA.LIŠ|,
P282493,"MAOG 03/3, 047-055",Middle Assyrian,Assur,Diri,r i 25',{ŋeš}kim₃,,
P282493,"MAOG 03/3, 047-055",Middle Assyrian,Assur,Diri,r i 26',{ŋeš}šinig,{ŋeš}|GAD.NAGA|,
P282493,"MAOG 03/3, 047-055",Middle Assyrian,Assur,Diri,r i 27',{<KIMIN(ši-ni-ig)>},{ŋeš}|ŠU₂.NAGA|,
P282493,"MAOG 03/3, 047-055",Middle Assyrian,Assur,Diri,r i 28',{ŋeš}dih₃,,bal-[tu]
P282493,"MAOG 03/3, 047-055",Middle Assyrian,Assur,Diri,r i 29',{ŋeš}dih₃,,hi-⸢iš⸣-[tu]
P282493,"MAOG 03/3, 047-055",Middle Assyrian,Assur,Diri,r i 30',{ŋeš}dih₃,,za-[aʾ-tu]
P282493,"MAOG 03/3, 047-055",Middle Assyrian,Assur,Diri,r i 31',{ŋeš}dih₃,,ha-an-[da-aš-pi-ru]
P282493,"MAOG 03/3, 047-055",Middle Assyrian,Assur,Diri,r i 32',{ŋeš}ad₅,{ŋeš}|U₂.GIR₂|,ed-⸢de⸣-[tu]
P282493,"MAOG 03/3, 047-055",Middle Assyrian,Assur,Diri,r i 33',{ŋeš}kišig,{ŋeš}|U₂.GIR₂|,a-ša-[gu]
P282493,"MAOG 03/3, 047-055",Middle Assyrian,Assur,Diri,r i 34',{ŋeš}harub,{ŋeš}|DAG.KISIM₅×(U₂.GIR₂)|,ha-ru-[bu]
P282493,"MAOG 03/3, 047-055",Middle Assyrian,Assur,Diri,r i 35',{ŋeš}halbi,{ŋeš}|MUŠ₃×(A.DI)|,hal-pu-[u₂]
P282493,"MAOG 03/3, 047-055",Middle Assyrian,Assur,Diri,r i 36',šu-u₂-šu,{ŋeš}šušuₓ(|MUŠ₃.SIK₂.LAM|),šu-u₂-⸢šu⸣
P282493,"MAOG 03/3, 047-055",Middle Assyrian,Assur,Diri,r i 37',{ŋeš}udug₂,{ŋeš}|ŠITA.GIŠ|,kak-ku
P282493,"MAOG 03/3, 047-055",Middle Assyrian,Assur,Diri,r i 38',{ŋeš}rig₃,{ŋeš}|ŠITA.GIŠ|,kak-ku
P282493,"MAOG 03/3, 047-055",Middle Assyrian,Assur,Diri,r i 39',{ŋeš}šita₂,{ŋeš}|ŠITA.GIŠ|,kak-ku
P282493,"MAOG 03/3, 047-055",Middle Assyrian,Assur,Diri,r i 40',{ŋeš}meddu,{ŋeš}|KU.AN|,{<KIMIN(kak-ku)>}
P282493,"MAOG 03/3, 047-055",Middle Assyrian,Assur,Diri,r i 41',{ŋeš}meddu₂,{ŋeš}|KU.IDIM|,{<KIMIN(kak-ku)>}
P282493,"MAOG 03/3, 047-055",Middle Assyrian,Assur,Diri,r i 42',{ŋeš}guzza,{ŋeš}|KU.GAR|,ku-su-u₂
P282493,"MAOG 03/3, 047-055",Middle Assyrian,Assur,Diri,r i 43',{ŋeš}erim₂,{ŋeš}|NE.RU|,bu-u₂-du
P282493,"MAOG 03/3, 047-055",Middle Assyrian,Assur,Diri,r i 44',{ŋeš}eškiri,{ŋeš}|U.EN×GAN₂@t|,{<KIMIN(bu-u₂-du)>}
P282493,"MAOG 03/3, 047-055",Middle Assyrian,Assur,Diri,r i 45',{ŋeš}banšur,{ŋeš}|URU×(MIN.URUDA)|,pa-šu-ru
P282493,"MAOG 03/3, 047-055",Middle Assyrian,Assur,Diri,r i 46',{ŋeš}banšur₂,{ŋeš}|IDIM&IDIM.BUR|,{<KIMIN(pa-šu-ru)>}
P282493,"MAOG 03/3, 047-055",Middle Assyrian,Assur,Diri,r i 47',kin₅-giš-⸢ka⸣-[...],|GIŠ.KA.KAD₃|,{<ŠU(kannaškarakku)>}{ku}
P282493,"MAOG 03/3, 047-055",Middle Assyrian,Assur,Diri,r i 48',{ŋeš}gigir,{[ŋeš]}|LAGAB×BAD|,ner-kab-tu
P282493,"MAOG 03/3, 047-055",Middle Assyrian,Assur,Diri,r i 49',{ŋeš}gigir₃,{[ŋeš]}|LAGAB×LIŠ|,{<KIMIN(ner-kab-tu)>}
P282493,"MAOG 03/3, 047-055",Middle Assyrian,Assur,Diri,r ii 1',[...]-⸢x⸣,,
P282493,"MAOG 03/3, 047-055",Middle Assyrian,Assur,Diri,r ii 2',<([...]-x)>,,
P282493,"MAOG 03/3, 047-055",Middle Assyrian,Assur,Diri,r ii 3',ni-si-ki,nisikiₓ(|GIŠ.GAR.UMBIN|),
P282493,"MAOG 03/3, 047-055",Middle Assyrian,Assur,Diri,r ii 4',{ŋeš}ebir₃,,
P282493,"MAOG 03/3, 047-055",Middle Assyrian,Assur,Diri,r ii 5',{ŋeš}ebir₄,,
P282493,"MAOG 03/3, 047-055",Middle Assyrian,Assur,Diri,r ii 6',{ŋeš}ellag,,pu-[uk-ku]
P282493,"MAOG 03/3, 047-055",Middle Assyrian,Assur,Diri,r ii 7',{ŋeš}ellag,,me-[ek-ku-u₂]
P282493,"MAOG 03/3, 047-055",Middle Assyrian,Assur,Diri,r ii 8',{ŋeš}ellag,,a-[tar-tu]
P282493,"MAOG 03/3, 047-055",Middle Assyrian,Assur,Diri,r ii 9',{ŋeš}kunin₂,{ŋeš}|LAGAB×A|,ku-[ni-in-nu]
P282493,"MAOG 03/3, 047-055",Middle Assyrian,Assur,Diri,r ii 10',{ŋeš}bugin,{ŋeš}|LAGAB×A|,bu-⸢gi⸣-[in-nu]
P282493,"MAOG 03/3, 047-055",Middle Assyrian,Assur,Diri,r ii 11',{ŋeš}kun₄,{ŋeš}|I.DIB|,si-[mi-il-tu]
P282493,"MAOG 03/3, 047-055",Middle Assyrian,Assur,Diri,r ii 12',{ŋeš}naŋa₃,{ŋeš}|GUM×ŠE|,e-si-[it-tu]
P282493,"MAOG 03/3, 047-055",Middle Assyrian,Assur,Diri,r ii 13',{ŋeš}targul,{ŋeš}|MA₂.MUG|,tar-[kul-lu]
P282493,"MAOG 03/3, 047-055",Middle Assyrian,Assur,Diri,r ii 14',an-ta,{ŋeš}|MA₂.MUG|,nam-ha-[ṣu]
P282493,"MAOG 03/3, 047-055",Middle Assyrian,Assur,Diri,r ii 15',{ŋeš}ŋisal,{ŋeš}|BI.GIŠ|,gi-šal-[lu]
P282493,"MAOG 03/3, 047-055",Middle Assyrian,Assur,Diri,r ii 16',{ŋeš}gi-muš,,pa-ri-⸢su⸣
P282493,"MAOG 03/3, 047-055",Middle Assyrian,Assur,Diri,r ii 17',ŋeš-kuwaₓ(KUŠU₂),,iṣ-ṣur
P282493,"MAOG 03/3, 047-055",Middle Assyrian,Assur,Diri,r ii 18',{ŋeš}šita₂,{ŋeš}|ŠITA.GIŠ|,GIŠ
P282493,"MAOG 03/3, 047-055",Middle Assyrian,Assur,Diri,r ii 19',{ŋeš}buru₇,,in-bu
P282493,"MAOG 03/3, 047-055",Middle Assyrian,Assur,Diri,r ii 20',{ŋeš}buru₇,,il-lu-ru
P282493,"MAOG 03/3, 047-055",Middle Assyrian,Assur,Diri,r ii 21',{ŋeš}sugin,,su-gi-nu
P282493,"MAOG 03/3, 047-055",Middle Assyrian,Assur,Diri,r ii 22',{ŋeš}sugin,,nu-ta-pu
P282493,"MAOG 03/3, 047-055",Middle Assyrian,Assur,Diri,r ii 23',{ŋeš}sugin,,GIŠ
P282493,"MAOG 03/3, 047-055",Middle Assyrian,Assur,Diri,r ii 24',{ŋeš}mudul,,mu-du-lu
P282493,"MAOG 03/3, 047-055",Middle Assyrian,Assur,Diri,r ii 25',{ŋeš}mudul,,ma-an-du-u₂
P282493,"MAOG 03/3, 047-055",Middle Assyrian,Assur,Diri,r ii 26',{ŋeš}mudul,,maš-šu-u₂
P282493,"MAOG 03/3, 047-055",Middle Assyrian,Assur,Diri,r ii 27',{ŋeš}mudul,,ma-ak-ku-u₂
P282493,"MAOG 03/3, 047-055",Middle Assyrian,Assur,Diri,r ii 28',{ŋeš}mudul,,ma-la-lu-u₂
P282493,"MAOG 03/3, 047-055",Middle Assyrian,Assur,Diri,r ii 29',{ŋeš}mudul,,nap-pa-ṣu
P282493,"MAOG 03/3, 047-055",Middle Assyrian,Assur,Diri,r ii 30',{ŋeš}mudul,,ga-ši-šu
P282493,"MAOG 03/3, 047-055",Middle Assyrian,Assur,Diri,r ii 31',{ŋeš}mudul,,mu-du-lu
P282493,"MAOG 03/3, 047-055",Middle Assyrian,Assur,Diri,r ii 32',{ŋeš}mudul,,man-du-u₂
P282493,"MAOG 03/3, 047-055",Middle Assyrian,Assur,Diri,r ii 33',{ŋeš}mudul,,maš-šu-u₂
P282493,"MAOG 03/3, 047-055",Middle Assyrian,Assur,Diri,r ii 34',{ŋeš}mudul,,ma-ak-ku-u₂
P282493,"MAOG 03/3, 047-055",Middle Assyrian,Assur,Diri,r ii 35',{ŋeš}mudul,,ma-la-lu-u₂
P282493,"MAOG 03/3, 047-055",Middle Assyrian,Assur,Diri,r ii 36',{ŋeš}mudul,,⸢na⸣-ap-pa-ṣu
P282493,"MAOG 03/3, 047-055",Middle Assyrian,Assur,Diri,r ii 37',{ŋeš}mudul,,ga-ši-šu
P282493,"MAOG 03/3, 047-055",Middle Assyrian,Assur,Diri,r ii 38',{ŋeš}gazinbu,,ga-ši-šu
P282493,"MAOG 03/3, 047-055",Middle Assyrian,Assur,Diri,r ii 39',{ŋeš}gazinbu,,ga-za-ma-nu
P282493,"MAOG 03/3, 047-055",Middle Assyrian,Assur,Diri,r ii 40',{ŋeš}šašku,,giš-ša(IŠ-)aš₂-ku-u₂
P282493,"MAOG 03/3, 047-055",Middle Assyrian,Assur,Diri,r ii 41',{ŋeš}mulla,,ma-lu-u₂
P282493,"MAOG 03/3, 047-055",Middle Assyrian,Assur,Diri,r ii 42',{ŋeš}mulla,,ma-lal-lum
P282493,"MAOG 03/3, 047-055",Middle Assyrian,Assur,Diri,r ii 43',ŋeš-kim₃,,bu-ka-nu
P282493,"MAOG 03/3, 047-055",Middle Assyrian,Assur,Diri,r ii 44',{ŋeš}gidim₃,,a-la-lu-u₂
P282493,"MAOG 03/3, 047-055",Middle Assyrian,Assur,Diri,r ii 45',ŋeš-bu₁₀,{ŋeš}|PAP.PAP|,kip-pa-tu
P282493,"MAOG 03/3, 047-055",Middle Assyrian,Assur,Diri,r ii 46',dirig,,DUB
P282946,"MSL 15, 134 B",Middle Assyrian,Assur,Diri,o 1,ŋeš-bu₁₀,{ŋeš}|PAP.PAP|,kip-pa-⸢tum⸣
P282946,"MSL 15, 134 B",Middle Assyrian,Assur,Diri,o 2,ŋeš-bu₁₀,{⸢ŋeš⸣}|PAP×X.PAP|,{<|KI.MIN|(kip-pa-tum)>}
P282946,"MSL 15, 134 B",Middle Assyrian,Assur,Diri,o 3,kibir₂,{ŋeš}|ŠU₂.AŠ₂|,ki-be-er-⸢ru⸣
P282946,"MSL 15, 134 B",Middle Assyrian,Assur,Diri,o 4,{ŋeš}kibir₂,{ŋeš}|ŠU₂.AŠ₂|,giš-ki-be-er-ru
P282946,"MSL 15, 134 B",Middle Assyrian,Assur,Diri,o 5,{ŋeš}kibir₂,{<(ŋeš}|ŠU₂.AŠ₂|,eš-še-hu
P282946,"MSL 15, 134 B",Middle Assyrian,Assur,Diri,o 6,gibil₂,{ŋeš}|ŠU₂.AŠ₂|,qi₂-lu-u₂-tum
P282946,"MSL 15, 134 B",Middle Assyrian,Assur,Diri,o 7,{ŋeš}gibil₂,{ŋeš}|ŠU₂.AŠ₂|,GIŠ
P282946,"MSL 15, 134 B",Middle Assyrian,Assur,Diri,o 8,{ŋeš}gibil₂,{<(ŋeš}|ŠU₂.AŠ₂|,⸢GIŠ⸣
P282946,"MSL 15, 134 B",Middle Assyrian,Assur,Diri,o 9,uri,,ap-pa-ta-⸢a-an⸣
P282946,"MSL 15, 134 B",Middle Assyrian,Assur,Diri,o 10,uri,,ṣe-re-ta-a-⸢an⸣
P282946,"MSL 15, 134 B",Middle Assyrian,Assur,Diri,o 11,(...),,ṣe-en-ni-ta-a-⸢an⸣
P282946,"MSL 15, 134 B",Middle Assyrian,Assur,Diri,o 12,ah₃,,⸢ne₂-e-ʾe-pu⸣
P282946,"MSL 15, 134 B",Middle Assyrian,Assur,Diri,o 13,ah₃,,⸢ah⸣-[hu]
P282946,"MSL 15, 134 B",Middle Assyrian,Assur,Diri,r 1',šimbirida,|KUR.RA|{[sar]},[ni-nu]-⸢u₂⸣
P282946,"MSL 15, 134 B",Middle Assyrian,Assur,Diri,r 2',,|SI.A|{ir},⸢DUB
P297210,"BIN 02, 037, pl. 66 c",Neo-Babylonian,unclear,Diri,i' 3'a,<([...])>,,kun-⸢kun⸣-[nu]
P297210,"BIN 02, 037, pl. 66 c",Neo-Babylonian,unclear,Diri,i' 4'a,<([...])>,,i-dir-⸢tum⸣
P297210,"BIN 02, 037, pl. 66 c",Neo-Babylonian,unclear,Diri,i' 5'a,<([...])>,,ta-zi-⸢im⸣-tum
P297210,"BIN 02, 037, pl. 66 c",Neo-Babylonian,unclear,Diri,i' 5'b,<([...])>,,ta-⸢zi⸣-[...]
P297210,"BIN 02, 037, pl. 66 c",Neo-Babylonian,unclear,Diri,i' 7'a,<([...])>,,šub-tum
P297210,"BIN 02, 037, pl. 66 c",Neo-Babylonian,unclear,Diri,i' 7'b,<([...])>,,mu-ša₂-bu
P297210,"BIN 02, 037, pl. 66 c",Neo-Babylonian,unclear,Diri,i' 8'a,<([...])>,,ma-ka-lu-u₂
P297210,"BIN 02, 037, pl. 66 c",Neo-Babylonian,unclear,Diri,i' 9'a,<([...])>,,ši-ik-ka-tum
P297210,"BIN 02, 037, pl. 66 c",Neo-Babylonian,unclear,Diri,i' 10'a,<([...])>,,ar-da-tum
P297210,"BIN 02, 037, pl. 66 c",Neo-Babylonian,unclear,Diri,i' 11'a,<([...])>,,e-ru-u
P297210,"BIN 02, 037, pl. 66 c",Neo-Babylonian,unclear,Diri,i' 12',gal₅-la₂,|TE.LA₂|,gal-lu-u₂
P297210,"BIN 02, 037, pl. 66 c",Neo-Babylonian,unclear,Diri,i' 13',lugud,|BAD.UD|,šar-ku
P297210,"BIN 02, 037, pl. 66 c",Neo-Babylonian,unclear,Diri,i' 14',adama,|BAD.MI|,a-da-ma-tum
P297210,"BIN 02, 037, pl. 66 c",Neo-Babylonian,unclear,Diri,i' 15',,munu₅(|PAP.PAP.ŠE|)mu₂,ba-qi₂-⸢lu⸣
P297210,"BIN 02, 037, pl. 66 c",Neo-Babylonian,unclear,Diri,i' 16',,|PAP.PAP.ŠE|SAR,il-la-⸢ri⸣
P297210,"BIN 02, 037, pl. 66 c",Neo-Babylonian,unclear,Diri,i' 17',,|PAP.PAP.ŠE|SAR,ki-⸢si⸣-im-mu
P297210,"BIN 02, 037, pl. 66 c",Neo-Babylonian,unclear,Diri,i' 18',,|DIM×KUR.SAR|,id-ra-nu
P297210,"BIN 02, 037, pl. 66 c",Neo-Babylonian,unclear,Diri,i' 19',,|DIM×KUR.SAR|,hi-im-ṭe₃-e-tum
P297210,"BIN 02, 037, pl. 66 c",Neo-Babylonian,unclear,Diri,i' 20',,|X.X.A.SAR|,mu-zi-qa-tum
P297210,"BIN 02, 037, pl. 66 c",Neo-Babylonian,unclear,Diri,i' 21',,|X.X.SUD₂|,a-tap-pu
P297210,"BIN 02, 037, pl. 66 c",Neo-Babylonian,unclear,Diri,i' 21'b,<([...])>,|X.X.SUD₂|,i-ku
P297210,"BIN 02, 037, pl. 66 c",Neo-Babylonian,unclear,Diri,i' 22'a,<([...])>,,il-la-ri
P297210,"BIN 02, 037, pl. 66 c",Neo-Babylonian,unclear,Diri,ii' 5',usandu,|HU.KAK|,
P297210,"BIN 02, 037, pl. 66 c",Neo-Babylonian,unclear,Diri,ii' 6',tal-tal,[RI-RI],
P297210,"BIN 02, 037, pl. 66 c",Neo-Babylonian,unclear,Diri,ii' 7',pag-pag,[HU-HU],
P297210,"BIN 02, 037, pl. 66 c",Neo-Babylonian,unclear,Diri,ii' 7'b,pag-pag,<([HU-HU])>,
P297210,"BIN 02, 037, pl. 66 c",Neo-Babylonian,unclear,Diri,ii' 8',še₂₁,|HU.NA₂|,
P297210,"BIN 02, 037, pl. 66 c",Neo-Babylonian,unclear,Diri,ii' 8'b,še₂₁,|HU.NA₂|,
P297210,"BIN 02, 037, pl. 66 c",Neo-Babylonian,unclear,Diri,ii' 9',na-a,naₓ(|HU.NA₂|),
P297210,"BIN 02, 037, pl. 66 c",Neo-Babylonian,unclear,Diri,ii' 10',še₂₁,|HU.NA₂|,
P297210,"BIN 02, 037, pl. 66 c",Neo-Babylonian,unclear,Diri,ii' 11',saŋa₄,,
P297210,"BIN 02, 037, pl. 66 c",Neo-Babylonian,unclear,Diri,ii' 12',saŋa₄,,
P297210,"BIN 02, 037, pl. 66 c",Neo-Babylonian,unclear,Diri,ii' 13',du-[...],,
P297210,"BIN 02, 037, pl. 66 c",Neo-Babylonian,unclear,Diri,ii' 14',dur-[...],,
P297210,"BIN 02, 037, pl. 66 c",Neo-Babylonian,unclear,Diri,ii' 15',du-[...],,
P297210,"BIN 02, 037, pl. 66 c",Neo-Babylonian,unclear,Diri,ii' 16',⸢x⸣-[...],,
P297210,"BIN 02, 037, pl. 66 c",Neo-Babylonian,unclear,Diri,ii' 17',⸢x⸣-[...],,
P332872,"MHET 1/2, 030",Old Babylonian,Sippar Amnanum,OB Diri varia,o i 2',erim₂,|NE.RU|,a-a-bu
P332872,"MHET 1/2, 030",Old Babylonian,Sippar Amnanum,OB Diri varia,o i 3',udub₃,|NE.SI.A|,pe₂-en-tum
P332872,"MHET 1/2, 030",Old Babylonian,Sippar Amnanum,OB Diri varia,o i 4',gal-zu,,mu-du-u₂
P332872,"MHET 1/2, 030",Old Babylonian,Sippar Amnanum,OB Diri varia,o i 5',santana,|GAL.NI|,sa-an-da-na-ku
P332872,"MHET 1/2, 030",Old Babylonian,Sippar Amnanum,OB Diri varia,o i 6',tiru,|GAL.TE|,e-ka-al-lu
P332872,"MHET 1/2, 030",Old Babylonian,Sippar Amnanum,OB Diri varia,o i 7',aŋarin₄,|GA₂×AN.ŠIM|,a-ga-ri-nu
P332872,"MHET 1/2, 030",Old Babylonian,Sippar Amnanum,OB Diri varia,o i 8',amalu,|GA₂×AN.AN.MUŠ₃|,a-ma-lu-tum
P332872,"MHET 1/2, 030",Old Babylonian,Sippar Amnanum,OB Diri varia,o i 9',emedu₂,|GA₂×AN.A.TU|,ar-du
P332929,"Studies Klein, 319",Old Babylonian,Sippar,OB Sippar Diri,o 2,{[na₄}gug],,
P332929,"Studies Klein, 319",Old Babylonian,Sippar,OB Sippar Diri,o 3,{[na₄}gug],,
P332929,"Studies Klein, 319",Old Babylonian,Sippar,OB Sippar Diri,o 4,{[na₄}gug],,
P332929,"Studies Klein, 319",Old Babylonian,Sippar,OB Sippar Diri,o 5,{[na₄}gug],,
P332929,"Studies Klein, 319",Old Babylonian,Sippar,OB Sippar Diri,o 6,{[na₄]}⸢gug⸣,LAGAB,
P332929,"Studies Klein, 319",Old Babylonian,Sippar,OB Sippar Diri,o 7,{[na₄]}gug,SI-KAK,
P332929,"Studies Klein, 319",Old Babylonian,Sippar,OB Sippar Diri,o 8,{[na₄]}kišib,,
P332929,"Studies Klein, 319",Old Babylonian,Sippar,OB Sippar Diri,o 9,{[na₄]}lagab,,
P332929,"Studies Klein, 319",Old Babylonian,Sippar,OB Sippar Diri,o 10,{[na₄]}ellaŋ₂,,
P332929,"Studies Klein, 319",Old Babylonian,Sippar,OB Sippar Diri,o 11,,{[na₄]}nir₂(|ZA.DUN₃@g|),
P332929,"Studies Klein, 319",Old Babylonian,Sippar,OB Sippar Diri,o 12,{[na₄]}⸢nir₂⸣,,
P332929,"Studies Klein, 319",Old Babylonian,Sippar,OB Sippar Diri,o 13,{[na₄]}⸢nir₂⸣,,
P332929,"Studies Klein, 319",Old Babylonian,Sippar,OB Sippar Diri,o 14,{[na₄]}nir₂,,
P332929,"Studies Klein, 319",Old Babylonian,Sippar,OB Sippar Diri,o 15,{[na₄}nir₂],,
P332929,"Studies Klein, 319",Old Babylonian,Sippar,OB Sippar Diri,o 16,{[na₄}nir₂,,
P332929,"Studies Klein, 319",Old Babylonian,Sippar,OB Sippar Diri,o 17,{[na₄}nir₂],,
P332929,"Studies Klein, 319",Old Babylonian,Sippar,OB Sippar Diri,o 18,{[na₄}nir₂,,
P332929,"Studies Klein, 319",Old Babylonian,Sippar,OB Sippar Diri,o 19,{[na₄}nir₂,,
P333165,PRAK B 227,Old Babylonian,Kish,OB Diri varia,1',⸢zu₂⸣{{,,wa-ṣa-bu }}
P333165,PRAK B 227,Old Babylonian,Kish,OB Diri varia,2',⸢zu₂⸣{{,,pa-pal-al-um }}
P333165,PRAK B 227,Old Babylonian,Kish,OB Diri varia,3',⸢zu₂⸣{{,,su-uš-šum }}
P333165,PRAK B 227,Old Babylonian,Kish,OB Diri varia,4',zu₂,,
P333165,PRAK B 227,Old Babylonian,Kish,OB Diri varia,5',zu₂,,
P333165,PRAK B 227,Old Babylonian,Kish,OB Diri varia,6',⸢zu₂⸣,,
P333165,PRAK B 227,Old Babylonian,Kish,OB Diri varia,1,buru₄{mušen},|NU₁₁.BUR|{mušen]},[e]-re-bu
P333165,PRAK B 227,Old Babylonian,Kish,OB Diri varia,2,{kuš}ummud,{[kuš}|A.EDIN.LAL|,⸢na⸣-du-um
P333165,PRAK B 227,Old Babylonian,Kish,OB Diri varia,3,su-bir₄{ki},|SU.EDIN|{ki},šu-ba-ar-tum
P333165,PRAK B 227,Old Babylonian,Kish,OB Diri varia,4,ad-KID,|AD.KID|,at-gu-pu
P333165,PRAK B 227,Old Babylonian,Kish,OB Diri varia,5,dimma,|KA.HI|,ṭe-mu
P333172,"UET 7, 076",Old Babylonian,Ur,OB Diri varia,1,mermer,{⸢tumu⸣}|EN%EN|,a-ša-⸢am⸣-[šu]-⸢tu⸣
P333172,"UET 7, 076",Old Babylonian,Ur,OB Diri varia,2,ši-[...],,a-ša-am-šu-tu
P333172,"UET 7, 076",Old Babylonian,Ur,OB Diri varia,4,,{tug₂}|IM.NE|,la-ma-hu-šu
P333172,"UET 7, 076",Old Babylonian,Ur,OB Diri varia,5,zulumhi,|SIK₂.SUD|,su-lu-um-hu
P333172,"UET 7, 076",Old Babylonian,Ur,OB Diri varia,6,zulumhi,|SIK₂.SUD|,⸢it⸣-[qum]
P333172,"UET 7, 076",Old Babylonian,Ur,OB Diri varia,7,zulumhi,|SIK₂.SUD|,[ki]-i-⸢ti⸣-[tum]
P333172,"UET 7, 076",Old Babylonian,Ur,OB Diri varia,8,zulumhi,|SIK₂.SUD|,⸢mu-uš⸣-[ša-tum]
P333172,"UET 7, 076",Old Babylonian,Ur,OB Diri varia,9,zulumhi,|SIK₂.SUD|,ez-hu
P333172,"UET 7, 076",Old Babylonian,Ur,OB Diri varia,10,{siki}aka₃,,⸢it⸣-qum;
P333172,"UET 7, 076",Old Babylonian,Ur,OB Diri varia,11,{dug}silim₂,,hu-ub-ša-šu
P333172,"UET 7, 076",Old Babylonian,Ur,OB Diri varia,12,{dug}urrub₂,,hu-ur-hu-pu
P333172,"UET 7, 076",Old Babylonian,Ur,OB Diri varia,13,{dug}zurzub₂,,ṣa-ar-su-pu
P333172,"UET 7, 076",Old Babylonian,Ur,OB Diri varia,14,{dug}lud,,lu-ut-tu
P333172,"UET 7, 076",Old Babylonian,Ur,OB Diri varia,15,{dug}lud,,na-al-pa-tum
P333172,"UET 7, 076",Old Babylonian,Ur,OB Diri varia,16,{dug}lum₃,,lum-mu-u₂
P333172,"UET 7, 076",Old Babylonian,Ur,OB Diri varia,17,{dug}šakir₃,{dug}|URU×GA|,ša-ki-i-rum
P333172,"UET 7, 076",Old Babylonian,Ur,OB Diri varia,18,{dug}utul₂,{dug}|HI×BAD|,di-qa₂-a-ru-um
P333172,"UET 7, 076",Old Babylonian,Ur,OB Diri varia,19,{dug}epig,,ma-aš-qu₃
P333172,"UET 7, 076",Old Babylonian,Ur,OB Diri varia,20,kurun,|BI.DIN|,ku-ru-un-nu
P333172,"UET 7, 076",Old Babylonian,Ur,OB Diri varia,21,kurun,|BI.DIN|,ši-ka-a-rum
P333172,"UET 7, 076",Old Babylonian,Ur,OB Diri varia,22,kurun,|BI.DIN|,da-mu-u₂
P333172,"UET 7, 076",Old Babylonian,Ur,OB Diri varia,23,kurun,|BI.DIN|,ka-ra-a-nu
P333172,"UET 7, 076",Old Babylonian,Ur,OB Diri varia,24,si₂-is,sisi(|ANŠE.KUR|),si₂-i-su₂
P333172,"UET 7, 076",Old Babylonian,Ur,OB Diri varia,25,dusu₂,|ANŠE.(IGI.EŠ₂)|,a-ga-lum
P333172,"UET 7, 076",Old Babylonian,Ur,OB Diri varia,26,{anše}kunga₂,{anše}|ŠU₂.AN|,pa-ru-u₂
P346023,"CT 18, pl. 21, DT 105",Neo-Assyrian,Nineveh,Diri,o i' 1',bunga,|UŠ.GA|,[še]-⸢er-rum⸣
P346023,"CT 18, pl. 21, DT 105",Neo-Assyrian,Nineveh,Diri,o i' 2',bunga,|UŠ.GA|,<(...)>
P346023,"CT 18, pl. 21, DT 105",Neo-Assyrian,Nineveh,Diri,o i' 3',bunga,|UŠ.GA|,<(...)>
P346023,"CT 18, pl. 21, DT 105",Neo-Assyrian,Nineveh,Diri,o i' 4',bunga,|UŠ.GA|,<(...)>
P346023,"CT 18, pl. 21, DT 105",Neo-Assyrian,Nineveh,Diri,o i' 5',ŋitlam₂,|UŠ.DAM|,[ha]-⸢ʾ⸣-i-ru
P346023,"CT 18, pl. 21, DT 105",Neo-Assyrian,Nineveh,Diri,o i' 6',ŋitlam₃,|UŠ.SAL.DAM|,{<[MIN(ha-ʾ-i-ru])>}
P346023,"CT 18, pl. 21, DT 105",Neo-Assyrian,Nineveh,Diri,o i' 7',nitalam₄,|SAL.UŠ|,⸢hi⸣-ir-tu₂
P346023,"CT 18, pl. 21, DT 105",Neo-Assyrian,Nineveh,Diri,o i' 8',mussa,|SAL.UŠ.DI|,e-mu
P346023,"CT 18, pl. 21, DT 105",Neo-Assyrian,Nineveh,Diri,o i' 9',muru₅,|SAL.UD.EDIN|,e-mu
P346023,"CT 18, pl. 21, DT 105",Neo-Assyrian,Nineveh,Diri,o i' 10',gal₄-la,[SAL-LA],u₂-ru
P346023,"CT 18, pl. 21, DT 105",Neo-Assyrian,Nineveh,Diri,o i' 11',gal₄-la,<(SAL-LA)>,bi-iṣ-ṣu-rum
P346023,"CT 18, pl. 21, DT 105",Neo-Assyrian,Nineveh,Diri,o i' 12',gal₄-la,<(SAL-LA)>,{<⸢MIN⸣(...)>}
P346023,"CT 18, pl. 21, DT 105",Neo-Assyrian,Nineveh,Diri,o i' 13',gal₄-la,<(SAL-LA)>,<(...)>
P346023,"CT 18, pl. 21, DT 105",Neo-Assyrian,Nineveh,Diri,r i 1,gal₄-la,[SAL-LA],[mu]-nu-us₂
P346023,"CT 18, pl. 21, DT 105",Neo-Assyrian,Nineveh,Diri,r i 2,gal₄-la,<(SAL-LA)>,<(mu-nu-us₂
P346023,"CT 18, pl. 21, DT 105",Neo-Assyrian,Nineveh,Diri,r i 3,nig,[NIG],⸢ur⸣-ru-u
P346023,"CT 18, pl. 21, DT 105",Neo-Assyrian,Nineveh,Diri,r i 4,eme₅,|SAL.HUB₂|,[...]-pa-ku
P346023,"CT 18, pl. 21, DT 105",Neo-Assyrian,Nineveh,Diri,r i 5,eme₇,|SAL.AL|,[...]-⸢la⸣-ku
P346023,"CT 18, pl. 21, DT 105",Neo-Assyrian,Nineveh,Diri,r i 6,eme₃,|SAL.ANŠE|,[...]-⸢x⸣-ku
P346023,"CT 18, pl. 21, DT 105",Neo-Assyrian,Nineveh,Diri,r i 7,usuh,|SAL.LAGAR|,[...]-⸢ku⸣
P346023,"CT 18, pl. 21, DT 105",Neo-Assyrian,Nineveh,Diri,r i 8,emezi,|SAL.LAGAR|,{<MIN(e-ni)>}
P346023,"CT 18, pl. 21, DT 105",Neo-Assyrian,Nineveh,Diri,r i 9,murub₂,|SAL.LAGAR|,{<[MIN(e-ni)>}
P346023,"CT 18, pl. 21, DT 105",Neo-Assyrian,Nineveh,Diri,r i 9a,murub₂,|SAL.LAGAR|,<(...)>
P346023,"CT 18, pl. 21, DT 105",Neo-Assyrian,Nineveh,Diri,r i 10,murub₂,|SAL.LAGAR|,<(...)>
P346023,"CT 18, pl. 21, DT 105",Neo-Assyrian,Nineveh,Diri,r i 10a',murub₂,|SAL.LAGAR|,<(...)>
P346023,"CT 18, pl. 21, DT 105",Neo-Assyrian,Nineveh,Diri,r i 11,murub₂,|SAL.LAGAR|,<(...)>
P346023,"CT 18, pl. 21, DT 105",Neo-Assyrian,Nineveh,Diri,r i 12,murub₂,|SAL.LAGAR|,<(...)>
P346023,"CT 18, pl. 21, DT 105",Neo-Assyrian,Nineveh,Diri,r i 13,<(...)>,,[...]-lum
P349388,"OIP 111, pl. 103, 14 N 259a",Middle Babylonian,Nippur,Diri,o frg.1 1',{d}⸢GUD⸣,,
P349388,"OIP 111, pl. 103, 14 N 259a",Middle Babylonian,Nippur,Diri,o frg.1 2',,AN-ZIB-AN,⸢x⸣-[...]
P349388,"OIP 111, pl. 103, 14 N 259a",Middle Babylonian,Nippur,Diri,o frg.1 3',[x]-⸢x-x-x⸣,AN-ZIB-AN-ZIB,si-[...]
P349388,"OIP 111, pl. 103, 14 N 259a",Middle Babylonian,Nippur,Diri,o frg.1 4',,<(AN-ZIB-AN-ZIB)>,u₂-[...]
P349388,"OIP 111, pl. 103, 14 N 259a",Middle Babylonian,Nippur,Diri,o frg.1 5',bibra,,bi-⸢ib⸣-[ru]
P349388,"OIP 111, pl. 103, 14 N 259a",Middle Babylonian,Nippur,Diri,o frg.1 6',bibra,,{<⸢MIN⸣(bi-ib-ru)>}
P349388,"OIP 111, pl. 103, 14 N 259a",Middle Babylonian,Nippur,Diri,o frg.1 7',šedu,,{<ŠU(šēdu)>}
P349388,"OIP 111, pl. 103, 14 N 259a",Middle Babylonian,Nippur,Diri,o frg.1 8',baštum,,{<ŠU(baštum)>}
P349388,"OIP 111, pl. 103, 14 N 259a",Middle Babylonian,Nippur,Diri,o frg.1 9',lamma,,{<ŠU(lamassu)>}
P349388,"OIP 111, pl. 103, 14 N 259a",Middle Babylonian,Nippur,Diri,o frg.1 10',[x]-⸢x⸣-i,,
P349388,"OIP 111, pl. 103, 14 N 259a",Middle Babylonian,Nippur,Diri,o frg.2 1',{d}asar,,
P349388,"OIP 111, pl. 103, 14 N 259a",Middle Babylonian,Nippur,Diri,o frg.2 2',{d}marduk,{[d}|AMAR.UD|,
P349388,"OIP 111, pl. 103, 14 N 259a",Middle Babylonian,Nippur,Diri,o frg.2 3',{d}marduk,,
P349388,"OIP 111, pl. 103, 14 N 259a",Middle Babylonian,Nippur,Diri,o frg.2 4',{d}asal-lu₂-hi,,
P349388,"OIP 111, pl. 103, 14 N 259a",Middle Babylonian,Nippur,Diri,o frg.2 5',{d}asal-lu₂-hi,,
P349388,"OIP 111, pl. 103, 14 N 259a",Middle Babylonian,Nippur,Diri,o frg.2 6',{d}tu-tu,,
P349388,"OIP 111, pl. 103, 14 N 259a",Middle Babylonian,Nippur,Diri,o frg.2 7',{d}tu-tu,,
P349388,"OIP 111, pl. 103, 14 N 259a",Middle Babylonian,Nippur,Diri,o frg.2 8',{d}šag₄-zu,,
P349388,"OIP 111, pl. 103, 14 N 259a",Middle Babylonian,Nippur,Diri,o frg.2 9',{d}šag₄-zu,,
P349388,"OIP 111, pl. 103, 14 N 259a",Middle Babylonian,Nippur,Diri,o frg.2 10',{d}sirsir,{⸢d⸣}|BU&BU.AB|,
P349388,"OIP 111, pl. 103, 14 N 259a",Middle Babylonian,Nippur,Diri,o frg.2 11',{d}sirsir,,
P349885,"IrAnt 31,77 274",Middle Babylonian,Haft Tepe,Diri,o 1,piš₁₀,|KI.A|,
P349885,"IrAnt 31,77 274",Middle Babylonian,Haft Tepe,Diri,o 2,piš₁₀,,
P349885,"IrAnt 31,77 274",Middle Babylonian,Haft Tepe,Diri,o 3,piš₁₀,,
P349885,"IrAnt 31,77 274",Middle Babylonian,Haft Tepe,Diri,o 4,šakanka,|KI.LAM|,
P349885,"IrAnt 31,77 274",Middle Babylonian,Haft Tepe,Diri,o 5,ka-al-bu,kalbuₓ(|KI.LAM|),
P349885,"IrAnt 31,77 274",Middle Babylonian,Haft Tepe,Diri,o 6,gunni,|KI.NE|,
P349885,"IrAnt 31,77 274",Middle Babylonian,Haft Tepe,Diri,o 7,gunni,,
P349885,"IrAnt 31,77 274",Middle Babylonian,Haft Tepe,Diri,o 8,gunni,,
P349885,"IrAnt 31,77 274",Middle Babylonian,Haft Tepe,Diri,o 9,sur₆,|KI.GAL|,
P349885,"IrAnt 31,77 274",Middle Babylonian,Haft Tepe,Diri,o 10,,|KI.NI|,
P349885,"IrAnt 31,77 274",Middle Babylonian,Haft Tepe,Diri,o 11,kislah,|KI.UD|,
P349885,"IrAnt 31,77 274",Middle Babylonian,Haft Tepe,Diri,r 1,kislah,,
P349885,"IrAnt 31,77 274",Middle Babylonian,Haft Tepe,Diri,r 2,kislah,,
P349885,"IrAnt 31,77 274",Middle Babylonian,Haft Tepe,Diri,r 3,kislah,,
P349885,"IrAnt 31,77 274",Middle Babylonian,Haft Tepe,Diri,r 4,kislah,,
P349885,"IrAnt 31,77 274",Middle Babylonian,Haft Tepe,Diri,r 5,ki-in-gal,kiŋalₓ(|KI.UD|),
P349885,"IrAnt 31,77 274",Middle Babylonian,Haft Tepe,Diri,r 6,ka-an-gal,kankalₓ(|KI.UD|),
P349885,"IrAnt 31,77 274",Middle Babylonian,Haft Tepe,Diri,r 7,id-ri,idriₓ(|KI.TUŠ|),
P349885,"IrAnt 31,77 274",Middle Babylonian,Haft Tepe,Diri,r 8,ki-tuš,KI-[TUŠ],
P349885,"IrAnt 31,77 274",Middle Babylonian,Haft Tepe,Diri,r 9,,|KI.TUŠ|,
P349885,"IrAnt 31,77 274",Middle Babylonian,Haft Tepe,Diri,l.e. 1,,|KI.TUŠ|,re-e-u₂
P349885,"IrAnt 31,77 274",Middle Babylonian,Haft Tepe,Diri,l.e. 2,,|KI.TUŠ|,tar-ba-ṣum
P349937,"MSL 17, pl. 7, Ashm 1924-1421",Neo-Babylonian,Kish,Diri,o 7',[...]-nu,,<(...)>
P349937,"MSL 17, pl. 7, Ashm 1924-1421",Neo-Babylonian,Kish,Diri,o 8',[...]-nu,,<(...)>
P349937,"MSL 17, pl. 7, Ashm 1924-1421",Neo-Babylonian,Kish,Diri,o 9',[...]-ur₂,,<(...)>
P349937,"MSL 17, pl. 7, Ashm 1924-1421",Neo-Babylonian,Kish,Diri,o 10',[lu₂-an]-⸢bar⸣-ra,,mah-⸢hu⸣-[u]
P349937,"MSL 17, pl. 7, Ashm 1924-1421",Neo-Babylonian,Kish,Diri,o 11',[ni₂-zu-ra]-⸢ah⸣,,a-⸢HUR⸣-[ru-u]
P349937,"MSL 17, pl. 7, Ashm 1924-1421",Neo-Babylonian,Kish,Diri,o 12',[kur-ŋar]-⸢ra⸣,,⸢kur⸣-ga-[ru-u]
P349937,"MSL 17, pl. 7, Ashm 1924-1421",Neo-Babylonian,Kish,Diri,o 13',[lu₂-an-sal]-⸢la⸣,,as-[sin-nu]
P349937,"MSL 17, pl. 7, Ashm 1924-1421",Neo-Babylonian,Kish,Diri,o 14',[...]-⸢x⸣,,<(...)>
P349937,"MSL 17, pl. 7, Ashm 1924-1421",Neo-Babylonian,Kish,Diri,r 1',{<MIN(...)>},([GIŠ].⸢GIBIL⸣),{<⸢MIN⸣(upillû)>}
P349937,"MSL 17, pl. 7, Ashm 1924-1421",Neo-Babylonian,Kish,Diri,r 2',{<MIN(...)>},([GIŠ].⸢TUG₂⸣.PI),
P349937,"MSL 17, pl. 7, Ashm 1924-1421",Neo-Babylonian,Kish,Diri,r 3',{<MIN(...)>},([GIŠ].PI.TUG₂),{<⸢MIN⸣(hasīsu)>}
P349937,"MSL 17, pl. 7, Ashm 1924-1421",Neo-Babylonian,Kish,Diri,r 4',{<MIN(...)>},([GIŠ].⸢TUG₂⸣.PI.ŠIR.SILA₃),
P349937,"MSL 17, pl. 7, Ashm 1924-1421",Neo-Babylonian,Kish,Diri,r 5',u₂,([U₂.KUR.NI].⸢TUKU⸣.KI),
P349937,"MSL 17, pl. 7, Ashm 1924-1421",Neo-Babylonian,Kish,Diri,r 6',{<MIN(u₂)>},([U₂.ZA.MUŠ₂].⸢KI⸣),
P349937,"MSL 17, pl. 7, Ashm 1924-1421",Neo-Babylonian,Kish,Diri,r 7',{<MIN(u₂)>},([U₂.KUR.ZA.MUŠ₂].⸢KI⸣),⸢el⸣-[lu]
P349937,"MSL 17, pl. 7, Ashm 1924-1421",Neo-Babylonian,Kish,Diri,r 8',<(...)>,,eb-bu
P349937,"MSL 17, pl. 7, Ashm 1924-1421",Neo-Babylonian,Kish,Diri,r 9',<(...)>,,ša₂-du-[u₂]
P349937,"MSL 17, pl. 7, Ashm 1924-1421",Neo-Babylonian,Kish,Diri,r 10',<(...)>,,te-⸢lil⸣-[tum]
P349937,"MSL 17, pl. 7, Ashm 1924-1421",Neo-Babylonian,Kish,Diri,r 11',n,[UD,
P365236,"CT 11, pl. 35-36, Sm 1300",Neo-Assyrian,Nineveh,Diri,o 1',dadag,,⸢el⸣-lu
P365236,"CT 11, pl. 35-36, Sm 1300",Neo-Assyrian,Nineveh,Diri,o 2',had₂-had₂,,{<MIN(MIN.NA-BI)>}
P365236,"CT 11, pl. 35-36, Sm 1300",Neo-Assyrian,Nineveh,Diri,o 3',ra₃-ra₃,,{<⸢MIN⸣(MIN.NA-BI)>}
P365236,"CT 11, pl. 35-36, Sm 1300",Neo-Assyrian,Nineveh,Diri,o 4',uh₂,[UH₂],{<MIN(u₂-tu)>}
P365236,"CT 11, pl. 35-36, Sm 1300",Neo-Assyrian,Nineveh,Diri,o 5',uh₂,<(UH₂)>,<(u₂-tu
P365236,"CT 11, pl. 35-36, Sm 1300",Neo-Assyrian,Nineveh,Diri,o 6',uh₂,<(UH₂)>,<(u₂-tu
P365236,"CT 11, pl. 35-36, Sm 1300",Neo-Assyrian,Nineveh,Diri,o 7',uh₂,<(UH₂)>,<(u₂-tu
P365236,"CT 11, pl. 35-36, Sm 1300",Neo-Assyrian,Nineveh,Diri,o 8',uh₂,<(UH₂)>,<(u₂-tu
P365236,"CT 11, pl. 35-36, Sm 1300",Neo-Assyrian,Nineveh,Diri,o 9',uh₂,<(UH₂)>,<(u₂-tu
P365236,"CT 11, pl. 35-36, Sm 1300",Neo-Assyrian,Nineveh,Diri,o 10',uh₂,<(UH₂)>,<(u₂-tu
P365236,"CT 11, pl. 35-36, Sm 1300",Neo-Assyrian,Nineveh,Diri,o 11',zabar,|UD.KA.BAR|,u₂-⸢tu
P365236,"CT 11, pl. 35-36, Sm 1300",Neo-Assyrian,Nineveh,Diri,o 12',zabar,|UD.KA.BAR|,<(u₂-tu
P365236,"CT 11, pl. 35-36, Sm 1300",Neo-Assyrian,Nineveh,Diri,o 13',zabar,|UD.KA.BAR|,<(u₂-tu
P365236,"CT 11, pl. 35-36, Sm 1300",Neo-Assyrian,Nineveh,Diri,o 14',zabar,|UD.KA.BAR|,<(u₂-tu
P365236,"CT 11, pl. 35-36, Sm 1300",Neo-Assyrian,Nineveh,Diri,o 15',zabar,|UD.KA.BAR|,<(u₂-tu
P365236,"CT 11, pl. 35-36, Sm 1300",Neo-Assyrian,Nineveh,Diri,o 16',zabar,|UD.KA.BAR|,<(u₂-tu
P365236,"CT 11, pl. 35-36, Sm 1300",Neo-Assyrian,Nineveh,Diri,o 17',zabar,|UD.KA.BAR|,<(u₂-tu
P365236,"CT 11, pl. 35-36, Sm 1300",Neo-Assyrian,Nineveh,Diri,o 18',zabar,|UD.KA.BAR|,<(u₂-tu
P365236,"CT 11, pl. 35-36, Sm 1300",Neo-Assyrian,Nineveh,Diri,o 19',zabar,|UD.KA.BAR|,<(u₂-tu
P365236,"CT 11, pl. 35-36, Sm 1300",Neo-Assyrian,Nineveh,Diri,o 20',zabar,|UD.KA.BAR|,<(u₂-tu
P365236,"CT 11, pl. 35-36, Sm 1300",Neo-Assyrian,Nineveh,Diri,o 21',abbununnu,|UD.MUD.NUN.KI|,{<MIN(u₂-tu)>}
P365236,"CT 11, pl. 35-36, Sm 1300",Neo-Assyrian,Nineveh,Diri,o 22',abbununnu,|UD.MUD.NUN.KI|,<(u₂-tu
P365236,"CT 11, pl. 35-36, Sm 1300",Neo-Assyrian,Nineveh,Diri,o 23',heš{ki},,{<MIN(u₂-tu)>}
P365236,"CT 11, pl. 35-36, Sm 1300",Neo-Assyrian,Nineveh,Diri,o 24',haš₃{ki},,{<MIN(u₂-tu)>}
P365236,"CT 11, pl. 35-36, Sm 1300",Neo-Assyrian,Nineveh,Diri,o 25',UD{ki},,{<MIN(u₂-tu)>}
P365236,"CT 11, pl. 35-36, Sm 1300",Neo-Assyrian,Nineveh,Diri,o 26',UD{ki},,{<MIN(u₂-tu)>}
P365236,"CT 11, pl. 35-36, Sm 1300",Neo-Assyrian,Nineveh,Diri,o 27',adab{ki},|UD.NUN|{ki},{<MIN(u₂-tu)>}
P365236,"CT 11, pl. 35-36, Sm 1300",Neo-Assyrian,Nineveh,Diri,o 28',adab{mušen},|UD.NUN|{mušen},{<MIN(u₂-tu)>}
P365236,"CT 11, pl. 35-36, Sm 1300",Neo-Assyrian,Nineveh,Diri,o 29',zimbir{ki},|UD.GIŠ%GIŠ.NUN|{ki},{<MIN(u₂-tu)>}
P365236,"CT 11, pl. 35-36, Sm 1300",Neo-Assyrian,Nineveh,Diri,o 30',ararma,|UD.UNUG|{ki},{<MIN(u₂-tu)>}
P365236,"CT 11, pl. 35-36, Sm 1300",Neo-Assyrian,Nineveh,Diri,o 31',sirara₂,|UD.MA₂.AB×HA.ŠIR|{ki},{<MIN(u₂-tu)>}
P365236,"CT 11, pl. 35-36, Sm 1300",Neo-Assyrian,Nineveh,Diri,o 32',iti₆,|UD.AN.ŠEŠ.KI|,{<MIN(u₂-tu)>}
P365236,"CT 11, pl. 35-36, Sm 1300",Neo-Assyrian,Nineveh,Diri,o 33',iti₆,|UD.AN.ŠEŠ.KI|,<(u₂-tu
P365236,"CT 11, pl. 35-36, Sm 1300",Neo-Assyrian,Nineveh,Diri,o 34',iti₆,|UD.AN.ŠEŠ.KI|,<(u₂-tu
P365236,"CT 11, pl. 35-36, Sm 1300",Neo-Assyrian,Nineveh,Diri,o 35',iti₆,|UD.AN.ŠEŠ.KI|,<(u₂-tu
P365236,"CT 11, pl. 35-36, Sm 1300",Neo-Assyrian,Nineveh,Diri,o 36',e₃,,{<MIN(u₂-tu)>}
P365236,"CT 11, pl. 35-36, Sm 1300",Neo-Assyrian,Nineveh,Diri,o 37',e₃,,<(u₂-tu
P365236,"CT 11, pl. 35-36, Sm 1300",Neo-Assyrian,Nineveh,Diri,o 38',e₃,,<(u₂-tu
P365236,"CT 11, pl. 35-36, Sm 1300",Neo-Assyrian,Nineveh,Diri,o 39',e₃,,<(u₂-tu
P365236,"CT 11, pl. 35-36, Sm 1300",Neo-Assyrian,Nineveh,Diri,o 40',e₃,,<(u₂-tu
P365236,"CT 11, pl. 35-36, Sm 1300",Neo-Assyrian,Nineveh,Diri,o 41',e₃,,<(u₂-tu
P365236,"CT 11, pl. 35-36, Sm 1300",Neo-Assyrian,Nineveh,Diri,o 42',e₃,,<(u₂-tu
P365236,"CT 11, pl. 35-36, Sm 1300",Neo-Assyrian,Nineveh,Diri,o 43',e₃,,<(u₂-tu
P365236,"CT 11, pl. 35-36, Sm 1300",Neo-Assyrian,Nineveh,Diri,o 44',e₃,,<(u₂-tu
P365236,"CT 11, pl. 35-36, Sm 1300",Neo-Assyrian,Nineveh,Diri,r i' 1',akkil₂,|AD.KID|,<(...)>
P365236,"CT 11, pl. 35-36, Sm 1300",Neo-Assyrian,Nineveh,Diri,r i' 2',akkil₂,|AD.KID|,<(...)>
P365236,"CT 11, pl. 35-36, Sm 1300",Neo-Assyrian,Nineveh,Diri,r i' 3',akkil₂,|AD.KID|,<(...)>
P365236,"CT 11, pl. 35-36, Sm 1300",Neo-Assyrian,Nineveh,Diri,r i' 4',akkil₂,|AD.KID|,<(...)>
P365236,"CT 11, pl. 35-36, Sm 1300",Neo-Assyrian,Nineveh,Diri,r i' 5',ešsadu,|AB.HA.ZAG.GABA.HU|,eš
P365236,"CT 11, pl. 35-36, Sm 1300",Neo-Assyrian,Nineveh,Diri,r i' 6',niŋin₆{ki},,ša₂
P365236,"CT 11, pl. 35-36, Sm 1300",Neo-Assyrian,Nineveh,Diri,r i' 7',sirara₅{ki},,eš-še
P365236,"CT 11, pl. 35-36, Sm 1300",Neo-Assyrian,Nineveh,Diri,r i' 8',unug{ki},,{<MIN(eš-še)>}
P365236,"CT 11, pl. 35-36, Sm 1300",Neo-Assyrian,Nineveh,Diri,r i' 9',unugi,|AB×GAL|,ša₂
P365236,"CT 11, pl. 35-36, Sm 1300",Neo-Assyrian,Nineveh,Diri,r i' 10',KU₇{ki},,uš
P365236,"CT 11, pl. 35-36, Sm 1300",Neo-Assyrian,Nineveh,Diri,r i' 11',šindilib{ki},,{<MIN(uš)>}
P365236,"CT 11, pl. 35-36, Sm 1300",Neo-Assyrian,Nineveh,Diri,r i' 12',ku₇-ku₇,,uš
P365236,"CT 11, pl. 35-36, Sm 1300",Neo-Assyrian,Nineveh,Diri,r i' 12a',ku₇-ku₇,,<(uš
P365236,"CT 11, pl. 35-36, Sm 1300",Neo-Assyrian,Nineveh,Diri,r i' 13',ku₇-ku₇,,<(uš
P365236,"CT 11, pl. 35-36, Sm 1300",Neo-Assyrian,Nineveh,Diri,r i' 13a',ku₇-ku₇,,<(uš
P365236,"CT 11, pl. 35-36, Sm 1300",Neo-Assyrian,Nineveh,Diri,r i' 14',ku₇-ku₇,,<(uš
P365236,"CT 11, pl. 35-36, Sm 1300",Neo-Assyrian,Nineveh,Diri,r i' 15',ku₇-ku₇,,<(uš
P365236,"CT 11, pl. 35-36, Sm 1300",Neo-Assyrian,Nineveh,Diri,r i' 16',ku₁₀-ku₁₀,|MI.MI|,gi-gig
P365236,"CT 11, pl. 35-36, Sm 1300",Neo-Assyrian,Nineveh,Diri,r i' 17',ku₁₀-ku₁₀,|MI.MI|,<(gi-gig
P365236,"CT 11, pl. 35-36, Sm 1300",Neo-Assyrian,Nineveh,Diri,r i' 18',ku₁₀-ku₁₀,|MI.MI|,<(gi-gig
P365236,"CT 11, pl. 35-36, Sm 1300",Neo-Assyrian,Nineveh,Diri,r i' 19',ku₁₀-ku₁₀,|MI.MI|,<(gi-gig
P365236,"CT 11, pl. 35-36, Sm 1300",Neo-Assyrian,Nineveh,Diri,r i' 20',ku₁₀-ku₁₀,|MI.MI|,<(gi-gig
P365236,"CT 11, pl. 35-36, Sm 1300",Neo-Assyrian,Nineveh,Diri,r i' 21',di₄-di₄,TUR-TUR,du-mu
P365236,"CT 11, pl. 35-36, Sm 1300",Neo-Assyrian,Nineveh,Diri,r i' 22',di₄-di₄,<(TUR-TUR)>,<(du-mu
P365236,"CT 11, pl. 35-36, Sm 1300",Neo-Assyrian,Nineveh,Diri,r i' 23',di₄-di₄,<(TUR-TUR)>,<(du-mu
P365236,"CT 11, pl. 35-36, Sm 1300",Neo-Assyrian,Nineveh,Diri,r i' 24',di₄-di₄,<(TUR-TUR)>,<(du-mu
P365236,"CT 11, pl. 35-36, Sm 1300",Neo-Assyrian,Nineveh,Diri,r i' 25',di₄-di₄,<(TUR-TUR)>,<(du-mu
P365236,"CT 11, pl. 35-36, Sm 1300",Neo-Assyrian,Nineveh,Diri,r i' 26',di₄-di₄,<(TUR-TUR)>,<(du-mu
P365236,"CT 11, pl. 35-36, Sm 1300",Neo-Assyrian,Nineveh,Diri,r i' 27',di₄-di₄,<(TUR-TUR)>,<(du-mu
P365236,"CT 11, pl. 35-36, Sm 1300",Neo-Assyrian,Nineveh,Diri,r i' 27a',di₄-di₄,<(TUR-TUR)>,<(du-mu
P365236,"CT 11, pl. 35-36, Sm 1300",Neo-Assyrian,Nineveh,Diri,r i' 28',di₄-di₄,<(TUR-TUR)>,<(du-mu
P365236,"CT 11, pl. 35-36, Sm 1300",Neo-Assyrian,Nineveh,Diri,r i' 29',ibila,|DUMU.UŠ|,du-mu
P365236,"CT 11, pl. 35-36, Sm 1300",Neo-Assyrian,Nineveh,Diri,r i' 29a',ibila,|DUMU.UŠ|,<(du-mu
P365236,"CT 11, pl. 35-36, Sm 1300",Neo-Assyrian,Nineveh,Diri,r i' 29b',ibila,|DUMU.UŠ|,<(du-mu
P365236,"CT 11, pl. 35-36, Sm 1300",Neo-Assyrian,Nineveh,Diri,r i' 30',ibila₂,|DUMU.ARAD|,{<MIN(du-mu)>}
P365236,"CT 11, pl. 35-36, Sm 1300",Neo-Assyrian,Nineveh,Diri,r i' 30a',ibila₂,|DUMU.ARAD|,<(du-mu
P365236,"CT 11, pl. 35-36, Sm 1300",Neo-Assyrian,Nineveh,Diri,r i' 30b',ibila₂,|DUMU.ARAD|,<(du-mu
P365236,"CT 11, pl. 35-36, Sm 1300",Neo-Assyrian,Nineveh,Diri,r i' 31',ibila₃,|DUMU.SAG|,{<MIN(du-mu)>}
P365236,"CT 11, pl. 35-36, Sm 1300",Neo-Assyrian,Nineveh,Diri,r i' 31a',ibila₃,|DUMU.SAG|,<(du-mu
P365236,"CT 11, pl. 35-36, Sm 1300",Neo-Assyrian,Nineveh,Diri,r i' 31b',ibila₃,|DUMU.SAG|,<(du-mu
P365236,"CT 11, pl. 35-36, Sm 1300",Neo-Assyrian,Nineveh,Diri,r i' 32',,ibilaₓ(|TUR.DIŠ|),{<MIN(du-mu)>}
P365236,"CT 11, pl. 35-36, Sm 1300",Neo-Assyrian,Nineveh,Diri,r i' 32a',<(...)>,ibilaₓ(|TUR.DIŠ|),<(du-mu
P365236,"CT 11, pl. 35-36, Sm 1300",Neo-Assyrian,Nineveh,Diri,r i' 32b',<(...)>,ibilaₓ(|TUR.DIŠ|),<(du-mu
P365236,"CT 11, pl. 35-36, Sm 1300",Neo-Assyrian,Nineveh,Diri,r i' 33',banda₃{da},,{<MIN(du-mu)>}
P365236,"CT 11, pl. 35-36, Sm 1300",Neo-Assyrian,Nineveh,Diri,r i' 33a',banda₃{da},,<(du-mu
P365236,"CT 11, pl. 35-36, Sm 1300",Neo-Assyrian,Nineveh,Diri,r i' 34',banda₃{da},,<(du-mu
P365236,"CT 11, pl. 35-36, Sm 1300",Neo-Assyrian,Nineveh,Diri,r i' 34a',banda₃{da},,<(du-mu
P365236,"CT 11, pl. 35-36, Sm 1300",Neo-Assyrian,Nineveh,Diri,r i' 35',banda₃{da},,<(du-mu
P365236,"CT 11, pl. 35-36, Sm 1300",Neo-Assyrian,Nineveh,Diri,r i' 35a',banda₃{da},,<(du-mu
P365236,"CT 11, pl. 35-36, Sm 1300",Neo-Assyrian,Nineveh,Diri,r i' 36',banda₃{da},,<(du-mu
P365236,"CT 11, pl. 35-36, Sm 1300",Neo-Assyrian,Nineveh,Diri,r i' 36a',banda₃{da},,<(du-mu
P365236,"CT 11, pl. 35-36, Sm 1300",Neo-Assyrian,Nineveh,Diri,r i' 37',banda₃{da},,<(du-mu
P365236,"CT 11, pl. 35-36, Sm 1300",Neo-Assyrian,Nineveh,Diri,r i' 38',banda₃{da},,<(du-mu
P365236,"CT 11, pl. 35-36, Sm 1300",Neo-Assyrian,Nineveh,Diri,r i' 39',hibiz,|TUR.DIŠ|,[ru]-⸢uš⸣-šu₂-u
P365236,"CT 11, pl. 35-36, Sm 1300",Neo-Assyrian,Nineveh,Diri,r i' 40',hibiz,|TUR.DIŠ|,<(...)>
P365236,"CT 11, pl. 35-36, Sm 1300",Neo-Assyrian,Nineveh,Diri,r i' 41',hibiz,|TUR.DIŠ|,<(...)>
P365237,"CT 11, pl. 36, K 07783",Neo-Assyrian,Nineveh,Diri,i' 2',<(...)>,,<(...)>
P365237,"CT 11, pl. 36, K 07783",Neo-Assyrian,Nineveh,Diri,i' 3',<(...)>,,<(...)>
P365237,"CT 11, pl. 36, K 07783",Neo-Assyrian,Nineveh,Diri,i' 4',<(...)>,,<(...)>
P365237,"CT 11, pl. 36, K 07783",Neo-Assyrian,Nineveh,Diri,i' 5',,|A.KA|,a-a
P365237,"CT 11, pl. 36, K 07783",Neo-Assyrian,Nineveh,Diri,i' 6',,|A.KA|,{<MIN(a-a)>}
P365237,"CT 11, pl. 36, K 07783",Neo-Assyrian,Nineveh,Diri,i' 7',,|A.SAŊ|,a-a
P365237,"CT 11, pl. 36, K 07783",Neo-Assyrian,Nineveh,Diri,i' 8',ugu,|U.KA|,ŋeš-pu
P365237,"CT 11, pl. 36, K 07783",Neo-Assyrian,Nineveh,Diri,i' 1'',ir₂,|A.IGI|,a-a
P365244,"CT 11, pl. 43, K 08286",Neo-Assyrian,Nineveh,Diri,r i' 1',{ŋeš}suhub₃,{ŋeš}|ŠU.DIŠ|,
P365244,"CT 11, pl. 43, K 08286",Neo-Assyrian,Nineveh,Diri,r i' 2',ŋeš-šu-gi₁₆,,
P365244,"CT 11, pl. 43, K 08286",Neo-Assyrian,Nineveh,Diri,r i' 3',{ŋeš}šu-gi₁₆,,
P365244,"CT 11, pl. 43, K 08286",Neo-Assyrian,Nineveh,Diri,r i' 4',{ŋeš}šu-gi,,
P365244,"CT 11, pl. 43, K 08286",Neo-Assyrian,Nineveh,Diri,r i' 5',emerah,{ŋeš}|UD.SAL.HUB₂|,
P365244,"CT 11, pl. 43, K 08286",Neo-Assyrian,Nineveh,Diri,r i' 7',{ŋeš}ga-rig₂,,
P365245,"CT 11, pl. 49-50, 1882-08-16, 01",Neo-Assyrian,Nineveh,Diri,o i 1',ebih{ki},|EN.TI|{ki]},
P365245,"CT 11, pl. 49-50, 1882-08-16, 01",Neo-Assyrian,Nineveh,Diri,o i 2',nibru{ki},|EN.LIL₂|{ki},⸢en
P365245,"CT 11, pl. 49-50, 1882-08-16, 01",Neo-Assyrian,Nineveh,Diri,o i 3',ennigi₂,|EN.NUNUZ.MA|,en
P365245,"CT 11, pl. 49-50, 1882-08-16, 01",Neo-Assyrian,Nineveh,Diri,o i 4',zirru,|EN.NUNUZ.ZI.AN.ŠEŠ.KI|,en
P365245,"CT 11, pl. 49-50, 1882-08-16, 01",Neo-Assyrian,Nineveh,Diri,o i 5',nuzzi,|EN.NUNUZ.ZI.AN.UTU|,en
P365245,"CT 11, pl. 49-50, 1882-08-16, 01",Neo-Assyrian,Nineveh,Diri,o i 6',u₂-ku-ur-rim,|EN.ME.AN.MUŠ₃|,en-me-e
P365245,"CT 11, pl. 49-50, 1882-08-16, 01",Neo-Assyrian,Nineveh,Diri,o i 7',šennu,|EN.ME.AD.KUG|,en
P365245,"CT 11, pl. 49-50, 1882-08-16, 01",Neo-Assyrian,Nineveh,Diri,o i 8',murub₃,|EN.ME.LAGAR|,en
P365245,"CT 11, pl. 49-50, 1882-08-16, 01",Neo-Assyrian,Nineveh,Diri,o i 9',murub₃,|EN.ME.LAGAR|,<(en
P365245,"CT 11, pl. 49-50, 1882-08-16, 01",Neo-Assyrian,Nineveh,Diri,o i 10',ensi,|EN.ME.LI|,en
P365245,"CT 11, pl. 49-50, 1882-08-16, 01",Neo-Assyrian,Nineveh,Diri,o i 11',engiz,|EN.ME.GI|,en
P365245,"CT 11, pl. 49-50, 1882-08-16, 01",Neo-Assyrian,Nineveh,Diri,o i 12',endib,|EN.ME.MU|,en
P365245,"CT 11, pl. 49-50, 1882-08-16, 01",Neo-Assyrian,Nineveh,Diri,o i 13',enkum,|EN.PAP.IGI@g.NUN.ME.EZEN×KASKAL|,en
P365245,"CT 11, pl. 49-50, 1882-08-16, 01",Neo-Assyrian,Nineveh,Diri,o i 14',ninkum,|SAL.TUG₂.PAP.IGI@g.NUN.ME.EZEN×KASKAL|,e-re-eš
P365245,"CT 11, pl. 49-50, 1882-08-16, 01",Neo-Assyrian,Nineveh,Diri,o i 15',kurku,,|ME.AN.NISABA|
P365245,"CT 11, pl. 49-50, 1882-08-16, 01",Neo-Assyrian,Nineveh,Diri,o i 16',ereš₂{ki},,na-ga
P365245,"CT 11, pl. 49-50, 1882-08-16, 01",Neo-Assyrian,Nineveh,Diri,o i 17',eridu{ki},,nu-un
P365245,"CT 11, pl. 49-50, 1882-08-16, 01",Neo-Assyrian,Nineveh,Diri,o i 18',abgal,|NUN.ME|,nu-un
P365245,"CT 11, pl. 49-50, 1882-08-16, 01",Neo-Assyrian,Nineveh,Diri,o i 19',abrig,|NUN.ME.DU|,nu-un
P365245,"CT 11, pl. 49-50, 1882-08-16, 01",Neo-Assyrian,Nineveh,Diri,o i 20',gašam,|NUN.ME.TAG|,nu-un
P365245,"CT 11, pl. 49-50, 1882-08-16, 01",Neo-Assyrian,Nineveh,Diri,o i 21',gašam,|NUN.ME.TAG|,<(nu-un
P365245,"CT 11, pl. 49-50, 1882-08-16, 01",Neo-Assyrian,Nineveh,Diri,o i 22',gašam,|NUN.ME.TAG|,<(nu-un
P365245,"CT 11, pl. 49-50, 1882-08-16, 01",Neo-Assyrian,Nineveh,Diri,o i 23',gašam,|NUN.ME.TAG|,<(nu-un
P365245,"CT 11, pl. 49-50, 1882-08-16, 01",Neo-Assyrian,Nineveh,Diri,o i 24',gašam,|NUN.ME.TAG|,<(nu-un
P365245,"CT 11, pl. 49-50, 1882-08-16, 01",Neo-Assyrian,Nineveh,Diri,o i 25',gašam,|NUN.ME.TAG|,<(nu-un
P365245,"CT 11, pl. 49-50, 1882-08-16, 01",Neo-Assyrian,Nineveh,Diri,o i 26',gašam,|NUN.ME.TAG|,<(nu-un
P365245,"CT 11, pl. 49-50, 1882-08-16, 01",Neo-Assyrian,Nineveh,Diri,o i 27',agargara,,nu-un
P365245,"CT 11, pl. 49-50, 1882-08-16, 01",Neo-Assyrian,Nineveh,Diri,o i 28',nun-pe-e,,nu-un
P365245,"CT 11, pl. 49-50, 1882-08-16, 01",Neo-Assyrian,Nineveh,Diri,o i 29',urim₂{ki},|ŠEŠ.UNUG|{ki},se-es-še
P365245,"CT 11, pl. 49-50, 1882-08-16, 01",Neo-Assyrian,Nineveh,Diri,o i 30',kul-aba₄{ki},,nu-mu-un
P365245,"CT 11, pl. 49-50, 1882-08-16, 01",Neo-Assyrian,Nineveh,Diri,o i 31',keš₃{ki},|ŠU₂.AN.HI×GAD|{ki},bar
P365245,"CT 11, pl. 49-50, 1882-08-16, 01",Neo-Assyrian,Nineveh,Diri,o i 32',šuruppak{ki},|SU.KUR.RU|{ki},ku-uš
P365245,"CT 11, pl. 49-50, 1882-08-16, 01",Neo-Assyrian,Nineveh,Diri,o i 33',aratta{ki},|LAM×(KUR.RU)|{ki},ša
P365245,"CT 11, pl. 49-50, 1882-08-16, 01",Neo-Assyrian,Nineveh,Diri,o i 34',aratta{ki},|LAM×(KUR.RU)|{ki)>},⸢x⸣-[...]
P365245,"CT 11, pl. 49-50, 1882-08-16, 01",Neo-Assyrian,Nineveh,Diri,o ii 1',gidlam₂,|UŠ.DAM|,
P365245,"CT 11, pl. 49-50, 1882-08-16, 01",Neo-Assyrian,Nineveh,Diri,o ii 2',gidlam₃,|UŠ.SAL.DAM|,
P365245,"CT 11, pl. 49-50, 1882-08-16, 01",Neo-Assyrian,Nineveh,Diri,o ii 3',nitalam₄,|SAL.UŠ|,
P365245,"CT 11, pl. 49-50, 1882-08-16, 01",Neo-Assyrian,Nineveh,Diri,o ii 4',mussa,|SAL.UŠ.DI|,
P365245,"CT 11, pl. 49-50, 1882-08-16, 01",Neo-Assyrian,Nineveh,Diri,o ii 5',⸢x⸣-[...],,
P365245,"CT 11, pl. 49-50, 1882-08-16, 01",Neo-Assyrian,Nineveh,Diri,o ii 6',gal₄-la,,
P365245,"CT 11, pl. 49-50, 1882-08-16, 01",Neo-Assyrian,Nineveh,Diri,r i 1',lukur,|SAL.ME|,
P365245,"CT 11, pl. 49-50, 1882-08-16, 01",Neo-Assyrian,Nineveh,Diri,r i 2',amalu,|GA₂×AN.AN.MUŠ₃|,
P365245,"CT 11, pl. 49-50, 1882-08-16, 01",Neo-Assyrian,Nineveh,Diri,r i 3',amalu,|GA₂×AN.AN.MUŠ₃|,
P365245,"CT 11, pl. 49-50, 1882-08-16, 01",Neo-Assyrian,Nineveh,Diri,r i 4',a-ma-[x],,
P365245,"CT 11, pl. 49-50, 1882-08-16, 01",Neo-Assyrian,Nineveh,Diri,r i 5',<(...)>,,<(...)>
P365245,"CT 11, pl. 49-50, 1882-08-16, 01",Neo-Assyrian,Nineveh,Diri,r i 6',<(...)>,,<(...)>
P365245,"CT 11, pl. 49-50, 1882-08-16, 01",Neo-Assyrian,Nineveh,Diri,r i 7',ka-[...],,
P365245,"CT 11, pl. 49-50, 1882-08-16, 01",Neo-Assyrian,Nineveh,Diri,r i 8',ma-⸢x⸣-[...],|GA₂×AN.LUL|,
P365245,"CT 11, pl. 49-50, 1882-08-16, 01",Neo-Assyrian,Nineveh,Diri,r i 9',⸢x⸣-[...],,
P365245,"CT 11, pl. 49-50, 1882-08-16, 01",Neo-Assyrian,Nineveh,Diri,r ii 1,hirin,|KI.KAL|,ki-i
P365245,"CT 11, pl. 49-50, 1882-08-16, 01",Neo-Assyrian,Nineveh,Diri,r ii 2,uludin,|KI.KAL|,{<MIN(ki-i)>}
P365245,"CT 11, pl. 49-50, 1882-08-16, 01",Neo-Assyrian,Nineveh,Diri,r ii 3,karaš,|KI.KAL.BAD|,{<MIN(ki-i)>}
P365245,"CT 11, pl. 49-50, 1882-08-16, 01",Neo-Assyrian,Nineveh,Diri,r ii 4,karaš,|KI.KAL.BAD|,{<MIN(ki-i)>}
P365245,"CT 11, pl. 49-50, 1882-08-16, 01",Neo-Assyrian,Nineveh,Diri,r ii 5,ugnim,|KI.SU.LU.UB₂.ŊAR|,{<MIN(ki-i)>}
P365245,"CT 11, pl. 49-50, 1882-08-16, 01",Neo-Assyrian,Nineveh,Diri,r ii 6,umman,|KI.SU.LU.UB₂.ŊAR|,{<MIN(ki-i)>}
P365245,"CT 11, pl. 49-50, 1882-08-16, 01",Neo-Assyrian,Nineveh,Diri,r ii 7,ešemen,|KI.E.NE.DI|,{<MIN(ki-i)>}
P365245,"CT 11, pl. 49-50, 1882-08-16, 01",Neo-Assyrian,Nineveh,Diri,r ii 8,ešemen₂,|KI.E.NE.DI.AN.MUŠ₃|,{<MIN(ki-i)>}
P365245,"CT 11, pl. 49-50, 1882-08-16, 01",Neo-Assyrian,Nineveh,Diri,r ii 9,absin,|KI.DIL.DIL|,{<MIN(ki-i)>}
P365245,"CT 11, pl. 49-50, 1882-08-16, 01",Neo-Assyrian,Nineveh,Diri,r ii 10,mel₃,|KI.NE|,{<MIN(ki-i)>}
P365245,"CT 11, pl. 49-50, 1882-08-16, 01",Neo-Assyrian,Nineveh,Diri,r ii 11,mel₃,|KI.NE|,<(ki-i
P365245,"CT 11, pl. 49-50, 1882-08-16, 01",Neo-Assyrian,Nineveh,Diri,r ii 12,gibil₃,|KI.NE|,{<MIN(ki-i)>}
P365245,"CT 11, pl. 49-50, 1882-08-16, 01",Neo-Assyrian,Nineveh,Diri,r ii 13,zi₇,|KI.NE|,{<MIN(ki-i)>}
P365245,"CT 11, pl. 49-50, 1882-08-16, 01",Neo-Assyrian,Nineveh,Diri,r ii 14,munu₂,|KI.NE|,{<MIN(ki-i)>}
P365245,"CT 11, pl. 49-50, 1882-08-16, 01",Neo-Assyrian,Nineveh,Diri,r ii 15,dinig,|KI.NE|,{<MIN(ki-i)>}
P365245,"CT 11, pl. 49-50, 1882-08-16, 01",Neo-Assyrian,Nineveh,Diri,r ii 16,dinig,|KI.NE|,<(ki-i
P365245,"CT 11, pl. 49-50, 1882-08-16, 01",Neo-Assyrian,Nineveh,Diri,r ii 17,kušlug,|KI.NE|,ne₂-et-mer-tu₂
P365245,"CT 11, pl. 49-50, 1882-08-16, 01",Neo-Assyrian,Nineveh,Diri,r ii 18,nimur,|KI.NE|,{<MIN(ki-i)>}
P365245,"CT 11, pl. 49-50, 1882-08-16, 01",Neo-Assyrian,Nineveh,Diri,r ii 19,nimur,|KI.NE|,{<MIN(ki-i)>}
P365245,"CT 11, pl. 49-50, 1882-08-16, 01",Neo-Assyrian,Nineveh,Diri,r ii 20,nimur,|KI.NE|,{<MIN(ki-i)>}
P365245,"CT 11, pl. 49-50, 1882-08-16, 01",Neo-Assyrian,Nineveh,Diri,r ii 21,izi₂,|KI.NE|,{<MIN(ki-i)>}
P365245,"CT 11, pl. 49-50, 1882-08-16, 01",Neo-Assyrian,Nineveh,Diri,r ii 22,izi₂,|KI.NE|,<(ki-i
P365245,"CT 11, pl. 49-50, 1882-08-16, 01",Neo-Assyrian,Nineveh,Diri,r ii 23,abni₂,|KI.NE|,{<MIN(ki-i)>}
P365245,"CT 11, pl. 49-50, 1882-08-16, 01",Neo-Assyrian,Nineveh,Diri,r ii 24,ne₅,|KI.NE|,{<MIN(ki-i)>}
P365245,"CT 11, pl. 49-50, 1882-08-16, 01",Neo-Assyrian,Nineveh,Diri,r ii 25,gunni,|KI.NE|,{<MIN(ki-i)>}
P365245,"CT 11, pl. 49-50, 1882-08-16, 01",Neo-Assyrian,Nineveh,Diri,r ii 26,digbir,|KI.NE.AN.MUŠ₃|,{<⸢MIN⸣(ki-i)>}
P365245,"CT 11, pl. 49-50, 1882-08-16, 01",Neo-Assyrian,Nineveh,Diri,r ii 27,digbir,|KI.NE.AN.MUŠ₃|,<(ki-i
P365245,"CT 11, pl. 49-50, 1882-08-16, 01",Neo-Assyrian,Nineveh,Diri,r ii 28,digbir,|KI.NE.AN.MUŠ₃|,<(ki-i
P365245,"CT 11, pl. 49-50, 1882-08-16, 01",Neo-Assyrian,Nineveh,Diri,r ii 29,ganba,|KI.LAM|,⸢ma⸣-hi-[...]
P373827,"RA 017, 156 (K 07696)",Neo-Assyrian,Nineveh,Diri,o? ii' 1',,|EZEN×AN|{ki⸣},
P373827,"RA 017, 156 (K 07696)",Neo-Assyrian,Nineveh,Diri,o? ii' 2',usigi{ki},|EZEN×KASKAL|{ki},
P373827,"RA 017, 156 (K 07696)",Neo-Assyrian,Nineveh,Diri,o? ii' 3',IGI@g,|EZEN×IGI@g|{ki},
P373827,"RA 017, 156 (K 07696)",Neo-Assyrian,Nineveh,Diri,o? ii' 4',,|EZEN×HA|{ki},
P373827,"RA 017, 156 (K 07696)",Neo-Assyrian,Nineveh,Diri,o? ii' 5',kisig{ki},|EZEN×KU₃|{ki},
P373827,"RA 017, 156 (K 07696)",Neo-Assyrian,Nineveh,Diri,o? ii' 6',dugina{ki},|EZEN×DUN₃@g|{⸢ki⸣},
P373827,"RA 017, 156 (K 07696)",Neo-Assyrian,Nineveh,Diri,o? ii' 7',dugina{ki},|EZEN×DUN₃@g@g|{[ki},
P373827,"RA 017, 156 (K 07696)",Neo-Assyrian,Nineveh,Diri,o? ii' 8',uru₆{ki},|NINDA₂×(U₂.AŠ)|{[ki},
P373827,"RA 017, 156 (K 07696)",Neo-Assyrian,Nineveh,Diri,o? ii' 9',ašte₂{ki},|LAGAB×A|{[ki},
P373827,"RA 017, 156 (K 07696)",Neo-Assyrian,Nineveh,Diri,o? ii' 10',ambar{ki},A],
P373827,"RA 017, 156 (K 07696)",Neo-Assyrian,Nineveh,Diri,o? ii' 11',sug{ki},|LAGAB×A|{[ki]},
P373827,"RA 017, 156 (K 07696)",Neo-Assyrian,Nineveh,Diri,o? ii' 12',urušeb{ki},|URU×UD|{ki},
P373856,"RA 017, 168 (K 10013)",Neo-Assyrian,Nineveh,Diri,1',<([...])>,,
P373856,"RA 017, 168 (K 10013)",Neo-Assyrian,Nineveh,Diri,2',{ŋeš}ad₅,{ŋeš}|U₂.GIR₂|,
P373856,"RA 017, 168 (K 10013)",Neo-Assyrian,Nineveh,Diri,3',{ŋeš}kišig,{<(ŋeš}|U₂.GIR₂|,
P373856,"RA 017, 168 (K 10013)",Neo-Assyrian,Nineveh,Diri,4',{ŋeš}harub,{ŋeš}{u₂}|DAG.KISIM₅×(U₂.GIR₂)|,
P373856,"RA 017, 168 (K 10013)",Neo-Assyrian,Nineveh,Diri,5',⸢hal⸣-bi,{ŋeš}halbiₓ(|A.MUŠ₃@g.DI|),
P373856,"RA 017, 168 (K 10013)",Neo-Assyrian,Nineveh,Diri,6',⸢šu⸣-šum,GIŠ-[X-X],
P373856,"RA 017, 168 (K 10013)",Neo-Assyrian,Nineveh,Diri,7',⸢u₂⸣-dug,GIŠ-[X-X],
P373856,"RA 017, 168 (K 10013)",Neo-Assyrian,Nineveh,Diri,8',⸢ri⸣-ig,,
P373856,"RA 017, 168 (K 10013)",Neo-Assyrian,Nineveh,Diri,9',eš-da,,
P373856,"RA 017, 168 (K 10013)",Neo-Assyrian,Nineveh,Diri,10',mi-it-tu,,
P373856,"RA 017, 168 (K 10013)",Neo-Assyrian,Nineveh,Diri,11',<(mi-it-tu)>,,
P373856,"RA 017, 168 (K 10013)",Neo-Assyrian,Nineveh,Diri,12',gu-za,,
P373856,"RA 017, 168 (K 10013)",Neo-Assyrian,Nineveh,Diri,13',⸢e-ri-im⸣,,
P373887,"RA 017, 173 (K 14824)",Neo-Assyrian,Nineveh,Diri,i' 1',{urud}dur₁₀,,
P373887,"RA 017, 173 (K 14824)",Neo-Assyrian,Nineveh,Diri,i' 2',durme,{⸢urud⸣}|SAG.EZEN|,
P373887,"RA 017, 173 (K 14824)",Neo-Assyrian,Nineveh,Diri,i' 3',durme,{⸢urud⸣}|SAG.EZEN|,
P373887,"RA 017, 173 (K 14824)",Neo-Assyrian,Nineveh,Diri,i' 4',{urud}uh₂,,
P373887,"RA 017, 173 (K 14824)",Neo-Assyrian,Nineveh,Diri,i' 5',{urud}aŋarin₃,{urud}|GA₂×AN.DUN₃@g|,
P373887,"RA 017, 173 (K 14824)",Neo-Assyrian,Nineveh,Diri,i' 6',{urud}kuš₃-kuš₃,,
P373887,"RA 017, 173 (K 14824)",Neo-Assyrian,Nineveh,Diri,i' 7',tibira,|URUDA.NAGAR|,
P373887,"RA 017, 173 (K 14824)",Neo-Assyrian,Nineveh,Diri,i' 8',{urud}zermušku,{urud}|SIG₇.TAG₄.ALAN|,
P373887,"RA 017, 173 (K 14824)",Neo-Assyrian,Nineveh,Diri,i' 9',uludin₂,|SIG₇.ALAN|,
P373887,"RA 017, 173 (K 14824)",Neo-Assyrian,Nineveh,Diri,i' 10',uktin,|SIG₇.ALAN|,
P373887,"RA 017, 173 (K 14824)",Neo-Assyrian,Nineveh,Diri,i' 11',uktin,|SIG₇.ALAN|,
P373887,"RA 017, 173 (K 14824)",Neo-Assyrian,Nineveh,Diri,i' 12',[i]-im,imₓ(|IŠ.A.SUD|),
P373887,"RA 017, 173 (K 14824)",Neo-Assyrian,Nineveh,Diri,i' 13',šen₅,|SAHAR.URUDA|,
P373887,"RA 017, 173 (K 14824)",Neo-Assyrian,Nineveh,Diri,i' 14',[še]-⸢em⸣,,
P373932,"RA 017, 201-202 (Th 1905-04-09, 018)",Neo-Assyrian,Nineveh,Diri,o 1',am₃,|A.AN|,ša₂-a
P373932,"RA 017, 201-202 (Th 1905-04-09, 018)",Neo-Assyrian,Nineveh,Diri,o 1'a,am₃,|A.AN|,ki]-⸢ma⸣
P373932,"RA 017, 201-202 (Th 1905-04-09, 018)",Neo-Assyrian,Nineveh,Diri,o 2',šeŋ₃,|A.AN|,zu-[un]-nu
P373932,"RA 017, 201-202 (Th 1905-04-09, 018)",Neo-Assyrian,Nineveh,Diri,o 3',šeŋ₃,|A.AN|,za-⸢na⸣-nu
P373932,"RA 017, 201-202 (Th 1905-04-09, 018)",Neo-Assyrian,Nineveh,Diri,o 4',šeŋ₃,|A.AN|,na-⸢al⸣-šu₂
P373932,"RA 017, 201-202 (Th 1905-04-09, 018)",Neo-Assyrian,Nineveh,Diri,o 5',šeŋ₃,|A.AN|,na-⸢la⸣-šu
P373932,"RA 017, 201-202 (Th 1905-04-09, 018)",Neo-Assyrian,Nineveh,Diri,o 6',šeŋ₃,|A.AN|,šur-bu
P373932,"RA 017, 201-202 (Th 1905-04-09, 018)",Neo-Assyrian,Nineveh,Diri,o 7',šeŋ₃,|A.AN|,šar-bu
P373932,"RA 017, 201-202 (Th 1905-04-09, 018)",Neo-Assyrian,Nineveh,Diri,o 8',illu,|A.KAL|,⸢il⸣-lum
P373932,"RA 017, 201-202 (Th 1905-04-09, 018)",Neo-Assyrian,Nineveh,Diri,o 9',illu,|A.KAL|,⸢ši⸣-ih-lu
P373932,"RA 017, 201-202 (Th 1905-04-09, 018)",Neo-Assyrian,Nineveh,Diri,o 10',illu,|A.KAL|,i-nu
P373932,"RA 017, 201-202 (Th 1905-04-09, 018)",Neo-Assyrian,Nineveh,Diri,o 10'a,illu,|A.KAL|,mi-lu
P373932,"RA 017, 201-202 (Th 1905-04-09, 018)",Neo-Assyrian,Nineveh,Diri,o 11',illu,|A.KAL|,ni-iʾ-lu
P373932,"RA 017, 201-202 (Th 1905-04-09, 018)",Neo-Assyrian,Nineveh,Diri,o 12',illu,|A.KAL|,bi-ib-lum
P373932,"RA 017, 201-202 (Th 1905-04-09, 018)",Neo-Assyrian,Nineveh,Diri,o 13',illu,|A.KAL|,⸢hi⸣-i-lu
P373932,"RA 017, 201-202 (Th 1905-04-09, 018)",Neo-Assyrian,Nineveh,Diri,o 14',illu,|A.KAL|,⸢zi⸣-bu
P373932,"RA 017, 201-202 (Th 1905-04-09, 018)",Neo-Assyrian,Nineveh,Diri,o 14'a,illu,|A.KAL|,ni-šu₂
P373932,"RA 017, 201-202 (Th 1905-04-09, 018)",Neo-Assyrian,Nineveh,Diri,o 15',illu,|A.KAL|,⸢ta⸣-at-ti-ku
P373932,"RA 017, 201-202 (Th 1905-04-09, 018)",Neo-Assyrian,Nineveh,Diri,o 16',illu,|A.KAL|,⸢si⸣-iʾ-šu
P373932,"RA 017, 201-202 (Th 1905-04-09, 018)",Neo-Assyrian,Nineveh,Diri,r 1,illu,|A.KAL|,mu-u₂
P373932,"RA 017, 201-202 (Th 1905-04-09, 018)",Neo-Assyrian,Nineveh,Diri,r 2,illu,|A.KAL|,mu-u₂
P373932,"RA 017, 201-202 (Th 1905-04-09, 018)",Neo-Assyrian,Nineveh,Diri,r 3,ugu₂,|A.KA|,⸢me⸣-ek-rum
P373932,"RA 017, 201-202 (Th 1905-04-09, 018)",Neo-Assyrian,Nineveh,Diri,r 4,ugu₃,|A.SAG|,mu-uh-hu
P373932,"RA 017, 201-202 (Th 1905-04-09, 018)",Neo-Assyrian,Nineveh,Diri,r 5,ugu₂,|A.KA|,mu-uh-hu
P373932,"RA 017, 201-202 (Th 1905-04-09, 018)",Neo-Assyrian,Nineveh,Diri,r 6,ugu,|U.KA|,{<MIN(mu-uh-hu)>}
P373932,"RA 017, 201-202 (Th 1905-04-09, 018)",Neo-Assyrian,Nineveh,Diri,r 7,ugu,|U.KA|,⸢e⸣-li
P373932,"RA 017, 201-202 (Th 1905-04-09, 018)",Neo-Assyrian,Nineveh,Diri,r 8,ugu,|U.KA|,[aṣ]-ṣer
P373932,"RA 017, 201-202 (Th 1905-04-09, 018)",Neo-Assyrian,Nineveh,Diri,r 9,ugu,|U.KA|,[qaq]-qa-du
P373932,"RA 017, 201-202 (Th 1905-04-09, 018)",Neo-Assyrian,Nineveh,Diri,r 10,ugu,|U.KA|,[...
P373932,"RA 017, 201-202 (Th 1905-04-09, 018)",Neo-Assyrian,Nineveh,Diri,r 11,ugu,|U.KA|,[bu-up]-pa-ni
P373932,"RA 017, 201-202 (Th 1905-04-09, 018)",Neo-Assyrian,Nineveh,Diri,r 12,ugu,|U.KA|,[si-hi]-⸢ip⸣
P373932,"RA 017, 201-202 (Th 1905-04-09, 018)",Neo-Assyrian,Nineveh,Diri,r 13,er₂,|A.IGI|,[di]-⸢im⸣-tum
P381763,"MSL 15, 134 D",Neo-Assyrian,Assur,Diri,o i 1,(...),,⸢kip⸣-pa-tu
P381763,"MSL 15, 134 D",Neo-Assyrian,Assur,Diri,o i 2,(...),{[ŋeš]}|ŠU₂.AŠ₂|,ki-bir-ru
P381763,"MSL 15, 134 D",Neo-Assyrian,Assur,Diri,o i 3,(...),{[ŋeš]}|ŠU₂.AŠ₂|,eš-še-ʾe-u
P381763,"MSL 15, 134 D",Neo-Assyrian,Assur,Diri,o i 4,(...),{⸢ŋeš⸣}|ŠU₂.AŠ₂|,qi₂-lu-tu
P381763,"MSL 15, 134 D",Neo-Assyrian,Assur,Diri,o i 5,ŋeš-gibil₂,{ŋeš}|ŠU₂.AŠ₂|,ma-ak-ka-du
P381763,"MSL 15, 134 D",Neo-Assyrian,Assur,Diri,o i 6,uri,⸢MIN,ap-pa-tan
P381763,"MSL 15, 134 D",Neo-Assyrian,Assur,Diri,o i 7,ŋeš-uri,MIN,⸢ṣer⸣-re-tan
P381763,"MSL 15, 134 D",Neo-Assyrian,Assur,Diri,o i 8,(...),MIN,⸢ṣi⸣-ni-tan
P381763,"MSL 15, 134 D",Neo-Assyrian,Assur,Diri,o i 9,ŋeš-e₈,MIN,⸢ni-ʾi⸣-pu
P381763,"MSL 15, 134 D",Neo-Assyrian,Assur,Diri,o i 10,ŋeš-e₈,<(MIN,⸢ah-hu⸣-um
P381763,"MSL 15, 134 D",Neo-Assyrian,Assur,Diri,o i 11,ŋeš-lah,⸢MIN⸣,⸢GIŠ⸣
P381763,"MSL 15, 134 D",Neo-Assyrian,Assur,Diri,o i 12,(...),⸢MIN,⸢qi₂⸣-[lu-tu]
P381763,"MSL 15, 134 D",Neo-Assyrian,Assur,Diri,o i 13,(...),|GIŠ.GIBIL|,GIŠ
P381763,"MSL 15, 134 D",Neo-Assyrian,Assur,Diri,o i 14,(...),|GIŠ.GIBIL|,⸢GIŠ⸣
P381763,"MSL 15, 134 D",Neo-Assyrian,Assur,Diri,o i 15,(...),⸢MIN⸣,⸢ki⸣-[ri-is-su]
P381763,"MSL 15, 134 D",Neo-Assyrian,Assur,Diri,o i 16,(...),⸢MIN,⸢ti⸣-[il-pa-nu]
P381763,"MSL 15, 134 D",Neo-Assyrian,Assur,Diri,o i 17,(...),[MIN],
P381763,"MSL 15, 134 D",Neo-Assyrian,Assur,Diri,o i 18,(...),,
P381763,"MSL 15, 134 D",Neo-Assyrian,Assur,Diri,o i 19,(...),,⸢nar₃-da-mu⸣
P381763,"MSL 15, 134 D",Neo-Assyrian,Assur,Diri,o i 20,(...),,ma-lu-ṭu
P381763,"MSL 15, 134 D",Neo-Assyrian,Assur,Diri,o i 21,(...),,ma-la-ṭu
P381763,"MSL 15, 134 D",Neo-Assyrian,Assur,Diri,o i 22,ŋeš-rin₂,[GIŠ]-⸢ERIN₂⸣,giš-ri-in-nu
P381763,"MSL 15, 134 D",Neo-Assyrian,Assur,Diri,o i 23,(...),[GIŠ]-⸢KASKAL⸣,giš-ri-in-nu
P381763,"MSL 15, 134 D",Neo-Assyrian,Assur,Diri,o i 24,(...),{⸢ŋeš⸣}|NIG₂.ŠID|,ut-tu-ku
P381763,"MSL 15, 134 D",Neo-Assyrian,Assur,Diri,o i 25,(...),{<(ŋeš}|NIG₂.ŠID|,ma-hi-ṣa-tu
P381763,"MSL 15, 134 D",Neo-Assyrian,Assur,Diri,o i 26,unu₈,MIN,u₂-du-gu
P381763,"MSL 15, 134 D",Neo-Assyrian,Assur,Diri,o i 27,unu₁₂,{ŋeš}|BU%BU|,{<⸢MIN⸣(u₂-du-gu)>}
P381763,"MSL 15, 134 D",Neo-Assyrian,Assur,Diri,o i 28,unu₉,MIN,{<⸢MIN⸣(u₂-du-gu)>}
P381763,"MSL 15, 134 D",Neo-Assyrian,Assur,Diri,o i 29,unu₁₀,{ŋeš}|GI%GI|,[x]
P381763,"MSL 15, 134 D",Neo-Assyrian,Assur,Diri,o i 30,lidda₂,{⸢ŋeš⸣}|ŠA₃.DIŠ|,[li-ti-ik]-⸢tum⸣
P381763,"MSL 15, 134 D",Neo-Assyrian,Assur,Diri,o i 31,lidda₂,{<(ŋeš}|ŠA₃.DIŠ|,
P381763,"MSL 15, 134 D",Neo-Assyrian,Assur,Diri,o i 32,lidda₂,{<(ŋeš}|ŠA₃.DIŠ|,
P381763,"MSL 15, 134 D",Neo-Assyrian,Assur,Diri,o i 33,lidda₂,{<(ŋeš}|ŠA₃.DIŠ|,
P381763,"MSL 15, 134 D",Neo-Assyrian,Assur,Diri,o i 34,lidda,⸢MIN,
P381763,"MSL 15, 134 D",Neo-Assyrian,Assur,Diri,o i 35,mud,{ŋeš}|HU.HI|,
P381763,"MSL 15, 134 D",Neo-Assyrian,Assur,Diri,o i 36,mud,{<(ŋeš}|HU.HI|,
P381763,"MSL 15, 134 D",Neo-Assyrian,Assur,Diri,o i 37,mud,{<(ŋeš}|HU.HI|,
P381763,"MSL 15, 134 D",Neo-Assyrian,Assur,Diri,o i 38,mud,{<(ŋeš}|HU.HI|,
P381763,"MSL 15, 134 D",Neo-Assyrian,Assur,Diri,o i 39,mud,{<(ŋeš}|HU.HI|,
P381763,"MSL 15, 134 D",Neo-Assyrian,Assur,Diri,o i 40,šibir,{ŋeš}|U.EN×GAN₂@t|,
P381763,"MSL 15, 134 D",Neo-Assyrian,Assur,Diri,o i 41,eškiri,{ŋeš}|U.EN×GAN₂@t|,
P381763,"MSL 15, 134 D",Neo-Assyrian,Assur,Diri,o i 42,(...),{ŋeš}|U.EN×GAN₂@t|,
P381763,"MSL 15, 134 D",Neo-Assyrian,Assur,Diri,o i 43,ušbar₅,{ŋeš}|U.EN×GAN₂@t|,
P381763,"MSL 15, 134 D",Neo-Assyrian,Assur,Diri,o i 44,eš₂,MIN,[...]-⸢u₂⸣
P381763,"MSL 15, 134 D",Neo-Assyrian,Assur,Diri,o i 45,na₅,MIN,[pi-it]-⸢nu⸣
P381763,"MSL 15, 134 D",Neo-Assyrian,Assur,Diri,o i 46,zannaru₂,{ŋeš}|ZA.MUŠ₃|,
P381763,"MSL 15, 134 D",Neo-Assyrian,Assur,Diri,o i 47,zannaru₂,{<(ŋeš}|ZA.MUŠ₃|,
P381763,"MSL 15, 134 D",Neo-Assyrian,Assur,Diri,o i 48,zannaru₂,{<(ŋeš}|ZA.MUŠ₃|,[...]-⸢u₂⸣
P381763,"MSL 15, 134 D",Neo-Assyrian,Assur,Diri,o i 49,zannaru₂,{<(ŋeš}|ZA.MUŠ₃|,
P381763,"MSL 15, 134 D",Neo-Assyrian,Assur,Diri,o i 50,zannaru₂,{<(ŋeš}|ZA.MUŠ₃|,[...]-⸢u₂⸣
P381763,"MSL 15, 134 D",Neo-Assyrian,Assur,Diri,o i 51,tungal₂,⸢MIN⸣,[tun₃-gal]-⸢lum⸣
P381763,"MSL 15, 134 D",Neo-Assyrian,Assur,Diri,o i 52,tungal,{⸢ŋeš}{d⸣}|EN.ZU|,[tun₃-gal]-⸢lum⸣
P381763,"MSL 15, 134 D",Neo-Assyrian,Assur,Diri,o i 53,(...),⸢MIN,[ur]-⸢za-ba-bi-tum⸣
P381763,"MSL 15, 134 D",Neo-Assyrian,Assur,Diri,o i 54,(...),{⸢ŋeš⸣}|BALAG.TUR|,⸢ŠU-u⸣
P381763,"MSL 15, 134 D",Neo-Assyrian,Assur,Diri,o i 55,zabitum,{⸢ŋeš⸣}|BALAG.TUR|,še-bi-tum
P381763,"MSL 15, 134 D",Neo-Assyrian,Assur,Diri,o i 56,zamin,{⸢ŋeš⸣}|UB.RI|,sa-am-mu-u₂
P381763,"MSL 15, 134 D",Neo-Assyrian,Assur,Diri,o i 57,(...),⸢MIN,man-di-u₂
P381763,"MSL 15, 134 D",Neo-Assyrian,Assur,Diri,o i 58,tigidla₃,{⸢ŋeš⸣}|ŠA₃.MIN.DI|,ti-gid₂-lu-u₂
P381763,"MSL 15, 134 D",Neo-Assyrian,Assur,Diri,o i 59,tigidla,{[ŋeš]}|ŠA₃.MIN.TAR|,{<MIN(ti-gid₂-lu-u₂)>}
P381763,"MSL 15, 134 D",Neo-Assyrian,Assur,Diri,o i 60,tigidla₂,{⸢ŋeš⸣}|ŠA₃.MIN.KASKAL|,{<⸢MIN⸣(ti-gid₂-lu-u₂)>}
P381763,"MSL 15, 134 D",Neo-Assyrian,Assur,Diri,o ii 1,ŋissu,,ṣi-⸢il⸣-[lu]
P381763,"MSL 15, 134 D",Neo-Assyrian,Assur,Diri,o ii 2,luhummu,MIN,lu-hu-⸢um-mu⸣-u
P381763,"MSL 15, 134 D",Neo-Assyrian,Assur,Diri,o ii 3,ubilla₂,MIN,{<MIN(lu-hu-um-mu-u)>}
P381763,"MSL 15, 134 D",Neo-Assyrian,Assur,Diri,o ii 4,ubilla,MIN,{<MIN(lu-hu-um-mu-u)>}
P381763,"MSL 15, 134 D",Neo-Assyrian,Assur,Diri,o ii 5,ŋeštu₂,|GIŠ.TUG₂.PI|,uz-nu
P381763,"MSL 15, 134 D",Neo-Assyrian,Assur,Diri,o ii 6,ŋeštu₃,|GIŠ.PI.TUG₂|,{<MIN(uz-nu)>}
P381763,"MSL 15, 134 D",Neo-Assyrian,Assur,Diri,o ii 7,gi-iz-za-al,ŋizzal(|GIŠ.TUG₂.PI.NU₁₁@90.SILA₃|),ha-si-su
P381763,"MSL 15, 134 D",Neo-Assyrian,Assur,Diri,o ii 8,giz-zal,GIŠ-NI,ha-si-su
P381763,"MSL 15, 134 D",Neo-Assyrian,Assur,Diri,o ii 9,giz-zal,<(GIŠ-NI)>,ni-iš-mu-u₂
P381763,"MSL 15, 134 D",Neo-Assyrian,Assur,Diri,o ii 10,giz-zal,<(GIŠ-NI)>,qu-u₂-lu
P381763,"MSL 15, 134 D",Neo-Assyrian,Assur,Diri,o ii 11,giz-zal,<(GIŠ-NI)>,qa-a-lu
P381763,"MSL 15, 134 D",Neo-Assyrian,Assur,Diri,o ii 12,giz-zal,<(GIŠ-NI)>,u₂-te-qu-u
P381763,"MSL 15, 134 D",Neo-Assyrian,Assur,Diri,o ii 13,giz-zal,<(GIŠ-NI)>,pu-uq-⸢qu₂⸣
P381763,"MSL 15, 134 D",Neo-Assyrian,Assur,Diri,o ii 14,azlag₃,|GIŠ.TUG₂.PI.TE.A.DU|,aš₂-la-ku
P381763,"MSL 15, 134 D",Neo-Assyrian,Assur,Diri,o ii 15,azlag₅,|GIŠ.TUG₂.PI.TE.A|,aš₂-la-ku
P381763,"MSL 15, 134 D",Neo-Assyrian,Assur,Diri,o ii 16,(...),|GIŠ.PAP.PAP|,{giš}um-⸢x⸣
P381763,"MSL 15, 134 D",Neo-Assyrian,Assur,Diri,o ii 17,(...),|GIŠ.UH₃|{ki},ki-is-[su]
P381763,"MSL 15, 134 D",Neo-Assyrian,Assur,Diri,o ii 18,(...),MIN,kip-⸢pu⸣
P381763,"MSL 15, 134 D",Neo-Assyrian,Assur,Diri,o ii 19,gug,{⸢na₄⸣}|ZA.GUL|,sa-⸢am⸣-[tu]
P381763,"MSL 15, 134 D",Neo-Assyrian,Assur,Diri,o ii 20,gug,{<(na₄}|ZA.GUL|,el-⸢lum⸣
P381763,"MSL 15, 134 D",Neo-Assyrian,Assur,Diri,o ii 21,gug,{<(na₄}|ZA.GUL|,eb-⸢bu⸣
P381763,"MSL 15, 134 D",Neo-Assyrian,Assur,Diri,o ii 22,gug,{<(na₄}|ZA.GUL|,nam-⸢ru⸣
P381763,"MSL 15, 134 D",Neo-Assyrian,Assur,Diri,o ii 23,gug,{<(na₄}|ZA.GUL|,
P381763,"MSL 15, 134 D",Neo-Assyrian,Assur,Diri,o ii 24,gug,{<(na₄}|ZA.GUL|,
P381763,"MSL 15, 134 D",Neo-Assyrian,Assur,Diri,o ii 25,gug,{<(na₄}|ZA.GUL|,
P381763,"MSL 15, 134 D",Neo-Assyrian,Assur,Diri,o ii 26,gug,{<(na₄}|ZA.GUL|,⸢kak⸣-[ku]
P381763,"MSL 15, 134 D",Neo-Assyrian,Assur,Diri,o ii 27,gug,{<(na₄}|ZA.GUL|,ka-ni-⸢ku⸣
P381763,"MSL 15, 134 D",Neo-Assyrian,Assur,Diri,o ii 28,gug,{<(na₄}|ZA.GUL|,ka-na-ku
P381763,"MSL 15, 134 D",Neo-Assyrian,Assur,Diri,o ii 29,gug,{<(na₄}|ZA.GUL|,ši-in-nu
P381763,"MSL 15, 134 D",Neo-Assyrian,Assur,Diri,o ii 30,za-gin₃,{na₄}|ZA.KUR|,uq-nu-u₂
P381763,"MSL 15, 134 D",Neo-Assyrian,Assur,Diri,o ii 31,za-gin₃,{<(na₄}|ZA.KUR|,el-⸢lu⸣
P381763,"MSL 15, 134 D",Neo-Assyrian,Assur,Diri,o ii 32,za-gin₃,{<(na₄}|ZA.KUR|,eb-⸢bu⸣
P381763,"MSL 15, 134 D",Neo-Assyrian,Assur,Diri,o ii 33,za-gin₃,{<(na₄}|ZA.KUR|,nam-ru
P381763,"MSL 15, 134 D",Neo-Assyrian,Assur,Diri,o ii 34,za-gin₃,{<(na₄}|ZA.KUR|,za-gi-in-nu
P381763,"MSL 15, 134 D",Neo-Assyrian,Assur,Diri,o ii 35,(...),MIN,za-gi-in-du-ru-u
P381763,"MSL 15, 134 D",Neo-Assyrian,Assur,Diri,o ii 36,(...),<(MIN,uq-nu-u
P381763,"MSL 15, 134 D",Neo-Assyrian,Assur,Diri,o ii 37,(...),<(MIN,el-⸢lu⸣
P381763,"MSL 15, 134 D",Neo-Assyrian,Assur,Diri,o ii 38,(...),<(MIN,eb-bu
P381763,"MSL 15, 134 D",Neo-Assyrian,Assur,Diri,o ii 39,(...),<(MIN,nam-ru
P381763,"MSL 15, 134 D",Neo-Assyrian,Assur,Diri,o ii 40,nir₂,{na₄}|ZA.DUN₃@g@g|,hu-⸢la⸣-lum
P381763,"MSL 15, 134 D",Neo-Assyrian,Assur,Diri,o ii 41,nir₃,{na₄}|ZA.NIM|,{<MIN(hu-la-lum)>}
P381763,"MSL 15, 134 D",Neo-Assyrian,Assur,Diri,o ii 42,nir₄,{na₄}|ZA.SU|,{<MIN(hu-la-lum)>}
P381763,"MSL 15, 134 D",Neo-Assyrian,Assur,Diri,o ii 43,nir₅,{na₄}|ZA.IB|,{<MIN(hu-la-lum)>}
P381763,"MSL 15, 134 D",Neo-Assyrian,Assur,Diri,o ii 44,šuba,{na₄}|ZA.MUŠ₃@g|,šu-⸢bu⸣-u
P381763,"MSL 15, 134 D",Neo-Assyrian,Assur,Diri,o ii 45,šuba,{<(na₄}|ZA.MUŠ₃@g|,ra-am-⸢ku⸣
P381763,"MSL 15, 134 D",Neo-Assyrian,Assur,Diri,o ii 46,šuba,{<(na₄}|ZA.MUŠ₃@g|,bi-it-ra-nu
P381763,"MSL 15, 134 D",Neo-Assyrian,Assur,Diri,o ii 47,šuba,{<(na₄}|ZA.MUŠ₃@g|,el-lu
P381763,"MSL 15, 134 D",Neo-Assyrian,Assur,Diri,o ii 48,šuba,{<(na₄}|ZA.MUŠ₃@g|,⸢eb⸣-bu
P381763,"MSL 15, 134 D",Neo-Assyrian,Assur,Diri,o ii 49,šuba,{<(na₄}|ZA.MUŠ₃@g|,nam-ru
P381763,"MSL 15, 134 D",Neo-Assyrian,Assur,Diri,o ii 50,šuba,{<(na₄}|ZA.MUŠ₃@g|,eṭ-lu
P381763,"MSL 15, 134 D",Neo-Assyrian,Assur,Diri,o ii 51,šuba,{<(na₄}|ZA.MUŠ₃@g|,{⸢d}MUŠ₃⸣
P381763,"MSL 15, 134 D",Neo-Assyrian,Assur,Diri,o ii 52,šuba,{<(na₄}|ZA.MUŠ₃@g|,{⸢d⸣}[...]
P381763,"MSL 15, 134 D",Neo-Assyrian,Assur,Diri,o ii 53,šuba,{<(na₄}|ZA.MUŠ₃@g|,
P381763,"MSL 15, 134 D",Neo-Assyrian,Assur,Diri,o ii 54,šuba,{<(na₄}|ZA.MUŠ₃@g|,
P381763,"MSL 15, 134 D",Neo-Assyrian,Assur,Diri,o ii 55,šuba,{<(na₄}|ZA.MUŠ₃@g|,
P381763,"MSL 15, 134 D",Neo-Assyrian,Assur,Diri,o ii 56,zabalam,|ZA.MUŠ₃@g.AB@g|{ki},
P381763,"MSL 15, 134 D",Neo-Assyrian,Assur,Diri,o ii 57,unu₁₁,MIN,
P381763,"MSL 15, 134 D",Neo-Assyrian,Assur,Diri,r i 1,še₁₈,|A.MUŠ₃.DI|,
P381763,"MSL 15, 134 D",Neo-Assyrian,Assur,Diri,r i 2,še₁₈,|A.MUŠ₃.DI|,⸢na-hu⸣
P381763,"MSL 15, 134 D",Neo-Assyrian,Assur,Diri,r i 3,še₁₈,|A.MUŠ₃.DI|,pa-⸢la⸣-[hu]
P381763,"MSL 15, 134 D",Neo-Assyrian,Assur,Diri,r i 4,še₁₈,|A.MUŠ₃.DI|,pu-⸢ul⸣-[hu]
P381763,"MSL 15, 134 D",Neo-Assyrian,Assur,Diri,r i 5,še₁₈,|A.MUŠ₃.DI|,hal-⸢pu⸣-[u₂]
P381763,"MSL 15, 134 D",Neo-Assyrian,Assur,Diri,r i 6,halbi₆,|A.MUŠ₃.DI|,hal-pu-[u₂]
P381763,"MSL 15, 134 D",Neo-Assyrian,Assur,Diri,r i 7,mabi₂,|A.MUŠ₃.DI|,ma-am-mu-[u₂]
P381763,"MSL 15, 134 D",Neo-Assyrian,Assur,Diri,r i 8,amagi₂,|A.MUŠ₃.DI|,šu-ri-⸢pu⸣
P381763,"MSL 15, 134 D",Neo-Assyrian,Assur,Diri,r i 9,šeg₄,|A.ŠU₂.U₂.NAGA|,šu-ru-up-⸢pu⸣-[u₂]
P381763,"MSL 15, 134 D",Neo-Assyrian,Assur,Diri,r i 10a,am₃,|A.AN|,ma-⸢a⸣
P381763,"MSL 15, 134 D",Neo-Assyrian,Assur,Diri,r i 10b,am₃,|A.AN|,ša-⸢a⸣
P381763,"MSL 15, 134 D",Neo-Assyrian,Assur,Diri,r i 11,am₃,|A.AN|,ki-⸢ma⸣
P381763,"MSL 15, 134 D",Neo-Assyrian,Assur,Diri,r i 12,šeŋ₃,|A.AN|,zu-un-nu
P381763,"MSL 15, 134 D",Neo-Assyrian,Assur,Diri,r i 13,šeŋ₃,|A.AN|,za-na-nu
P381763,"MSL 15, 134 D",Neo-Assyrian,Assur,Diri,r i 14,šeŋ₃,|A.AN|,na-al-⸢šu⸣
P381763,"MSL 15, 134 D",Neo-Assyrian,Assur,Diri,r i 15,šeŋ₃,|A.AN|,na-la-šu
P381763,"MSL 15, 134 D",Neo-Assyrian,Assur,Diri,r i 16,šeŋ₃,|A.AN|,šur-bu
P381763,"MSL 15, 134 D",Neo-Assyrian,Assur,Diri,r i 17,šeŋ₃,|A.AN|,šar-bu
P381763,"MSL 15, 134 D",Neo-Assyrian,Assur,Diri,r i 18,illu,|A.KAL|,el-lu
P381763,"MSL 15, 134 D",Neo-Assyrian,Assur,Diri,r i 19a,illu,|A.KAL|,ši-ih-lu
P381763,"MSL 15, 134 D",Neo-Assyrian,Assur,Diri,r i 19b,illu,|A.KAL|,i-⸢nu⸣
P381763,"MSL 15, 134 D",Neo-Assyrian,Assur,Diri,r i 20a,illu,|A.KAL|,mi-lu
P381763,"MSL 15, 134 D",Neo-Assyrian,Assur,Diri,r i 20b,illu,|A.KAL|,ni-⸢ʾi-lu⸣
P381763,"MSL 15, 134 D",Neo-Assyrian,Assur,Diri,r i 21,illu,|A.KAL|,⸢bi-ib-lu⸣
P381763,"MSL 15, 134 D",Neo-Assyrian,Assur,Diri,r i 22,illu,|A.KAL|,hi-i-lu
P381763,"MSL 15, 134 D",Neo-Assyrian,Assur,Diri,r i 23,illu,|A.KAL|,zi-i-bu
P381763,"MSL 15, 134 D",Neo-Assyrian,Assur,Diri,r i 24,illu,|A.KAL|,ni(IR-)šu₂
P381763,"MSL 15, 134 D",Neo-Assyrian,Assur,Diri,r i 25,illu,|A.KAL|,ta-at-⸢ti-ku⸣
P381763,"MSL 15, 134 D",Neo-Assyrian,Assur,Diri,r i 26,illu,|A.KAL|,si-ʾi-⸢šu₂⸣
P381763,"MSL 15, 134 D",Neo-Assyrian,Assur,Diri,r i 27,illu,|A.KAL|,mu-u₂
P381763,"MSL 15, 134 D",Neo-Assyrian,Assur,Diri,r i 28,illu,|A.KAL|,mu-u₂
P381763,"MSL 15, 134 D",Neo-Assyrian,Assur,Diri,r i 29,uga₂,|A.KA|,mi-ik-ru
P381763,"MSL 15, 134 D",Neo-Assyrian,Assur,Diri,r i 30,ugu₃,|A.SAG|,mu-uh-hu
P381763,"MSL 15, 134 D",Neo-Assyrian,Assur,Diri,r i 31,ugu₂,|A.KA|,mu-uh-hu
P381763,"MSL 15, 134 D",Neo-Assyrian,Assur,Diri,r i 32,ugu,|U.KA|,mu-uh-hu
P381763,"MSL 15, 134 D",Neo-Assyrian,Assur,Diri,r i 33,ugu,|U.KA|,e-li
P381763,"MSL 15, 134 D",Neo-Assyrian,Assur,Diri,r i 34,ugu,|U.KA|,aṣ-⸢ṣer⸣
P381763,"MSL 15, 134 D",Neo-Assyrian,Assur,Diri,r i 35,ugu,|U.KA|,⸢qaq-qa-du⸣
P381763,"MSL 15, 134 D",Neo-Assyrian,Assur,Diri,r i 36,ugu,|U.KA|,
P381763,"MSL 15, 134 D",Neo-Assyrian,Assur,Diri,r i 37,ugu,|U.KA|,⸢bu-up-pa⸣-[ni]
P381763,"MSL 15, 134 D",Neo-Assyrian,Assur,Diri,r i 38,ugu,|U.KA|,sa-a-hi-ip
P381763,"MSL 15, 134 D",Neo-Assyrian,Assur,Diri,r i 39,er₂,|A.IGI|,di-im-⸢tu⸣
P381763,"MSL 15, 134 D",Neo-Assyrian,Assur,Diri,r i 40,er₂,|A.IGI|,bi-ki-[tu]
P381763,"MSL 15, 134 D",Neo-Assyrian,Assur,Diri,r i 41,er₂,|A.IGI|,taq-⸢rib⸣-[tu]
P381763,"MSL 15, 134 D",Neo-Assyrian,Assur,Diri,r i 42,er₂,|A.IGI|,gir-[ra-nu]
P381763,"MSL 15, 134 D",Neo-Assyrian,Assur,Diri,r i 43,er₂,|A.IGI|,ta-[sis-tu]
P381763,"MSL 15, 134 D",Neo-Assyrian,Assur,Diri,r i 44,eš₉,|A.IGI|,ba-⸢ku⸣-[u₂]
P381763,"MSL 15, 134 D",Neo-Assyrian,Assur,Diri,r i 45,eseš,|A.IGI|,ṣi-⸢ih⸣-[tu]
P381763,"MSL 15, 134 D",Neo-Assyrian,Assur,Diri,r i 46,eseš,|A.IGI|,ni-is-sa-⸢tu⸣
P381763,"MSL 15, 134 D",Neo-Assyrian,Assur,Diri,r i 47,eseš,|A.IGI|,di-im-ma-⸢tu⸣
P381763,"MSL 15, 134 D",Neo-Assyrian,Assur,Diri,r i 48,eseš,|A.IGI|,rim-ma-⸢tu⸣
P381763,"MSL 15, 134 D",Neo-Assyrian,Assur,Diri,r i 49,eseš,|A.IGI|,ta-az-zi-⸢im⸣-[tu]
P381763,"MSL 15, 134 D",Neo-Assyrian,Assur,Diri,r i 50,eseš,|A.IGI|,ta-⸢as-sis⸣-tu
P381763,"MSL 15, 134 D",Neo-Assyrian,Assur,Diri,r i 51,eseš,|A.IGI|,ta-[ni]-⸢hu⸣
P381763,"MSL 15, 134 D",Neo-Assyrian,Assur,Diri,r i 52,a-gar₅,|A.LU₃|,a-⸢ba⸣-rum
P381763,"MSL 15, 134 D",Neo-Assyrian,Assur,Diri,r i 53,addir,|A.PA.GISAL.PAD.SI.A|,ne₂-be₂-rum
P381763,"MSL 15, 134 D",Neo-Assyrian,Assur,Diri,r i 54,addir,|A.PA.GISAL.PAD.SI.A|,ni-id-nu
P381763,"MSL 15, 134 D",Neo-Assyrian,Assur,Diri,r i 55,addir,|A.PA.GISAL.PAD.SI.A|,i-da-an
P381763,"MSL 15, 134 D",Neo-Assyrian,Assur,Diri,r i 56,addir,|A.PA.GISAL.PAD.SI.A|,is-⸢ha-an⸣
P381763,"MSL 15, 134 D",Neo-Assyrian,Assur,Diri,r i 57,addir,|A.PA.GISAL.PAD.SI.A|,[iš]-⸢di-hu⸣
P381763,"MSL 15, 134 D",Neo-Assyrian,Assur,Diri,r ii 1,au,|A.PA.GISAL.PAD.SI.A|,⸢a₂-ʾu-u₂⸣
P381763,"MSL 15, 134 D",Neo-Assyrian,Assur,Diri,r ii 2,au,|A.PA.GISAL.PAD.SI.A|,a-⸢x-u⸣
P381763,"MSL 15, 134 D",Neo-Assyrian,Assur,Diri,r ii 3,au,|A.PA.GISAL.PAD.SI.A|,ra-⸢ka⸣-bu
P381763,"MSL 15, 134 D",Neo-Assyrian,Assur,Diri,r ii 4,au,|A.PA.GISAL.PAD.SI.A|,ša₂-i-iṭ
P381763,"MSL 15, 134 D",Neo-Assyrian,Assur,Diri,r ii 5,eše₄,|A.ŠE.NUN&NUN|,sa-as-ku(LU-)u
P381763,"MSL 15, 134 D",Neo-Assyrian,Assur,Diri,r ii 6,eše₄,|A.ŠE.NUN&NUN|,ša₂-ma-hu
P381763,"MSL 15, 134 D",Neo-Assyrian,Assur,Diri,r ii 7,esir,|A.LAGAB×NUMUN|,it-⸢tu⸣-u₂
P381763,"MSL 15, 134 D",Neo-Assyrian,Assur,Diri,r ii 8,i₇,|A.LAGAB×HAL|,na-a-ru
P381763,"MSL 15, 134 D",Neo-Assyrian,Assur,Diri,r ii 9,id₂,|A.LAGAB×HAL|,na-a-ru
P381763,"MSL 15, 134 D",Neo-Assyrian,Assur,Diri,r ii 10,id₆,|A.LAGAB×HAL.GAL|,na-a-ru
P381763,"MSL 15, 134 D",Neo-Assyrian,Assur,Diri,r ii 11,id₇,|A.LAGAB×HAL.DI|,na-a-ru
P381763,"MSL 15, 134 D",Neo-Assyrian,Assur,Diri,r ii 12,idigna,{id₂}|MAŠ.GU₂.GAR₃|,di-ig-lat
P381763,"MSL 15, 134 D",Neo-Assyrian,Assur,Diri,r ii 13,burununa,{id₂}|UD.KIB.NUN.KI|,pu-rat-tu₂
P381763,"MSL 15, 134 D",Neo-Assyrian,Assur,Diri,r ii 14,sirara₄,{id₂}|UD.MA₂.AB×HA|{ki},ŠU
P381763,"MSL 15, 134 D",Neo-Assyrian,Assur,Diri,r ii 15,i-⸢su-ru⸣-gal,isurugalₓ(|A.LAGAB×HAL.UD.NUN.KI|),ŠU
P381763,"MSL 15, 134 D",Neo-Assyrian,Assur,Diri,r ii 16,i-⸢dar₃⸣-en-gal,idarengalₓ(|A.LAGAB×HAL.UD.NUN.KI|),ŠU
P381763,"MSL 15, 134 D",Neo-Assyrian,Assur,Diri,r ii 17,kunigara,{id₂}|AN.BARA₂|,ši-kin₃
P381763,"MSL 15, 134 D",Neo-Assyrian,Assur,Diri,r ii 18,kunigara,{<(id₂}|AN.BARA₂|,ID₂
P381763,"MSL 15, 134 D",Neo-Assyrian,Assur,Diri,r ii 19a,kunigara₅,MIN,{<MIN(ID₂)>}
P381763,"MSL 15, 134 D",Neo-Assyrian,Assur,Diri,r ii 19b,kunigara₅,<(MIN)>,IGI-i
P381763,"MSL 15, 134 D",Neo-Assyrian,Assur,Diri,r ii 20a,kunigara₃,MIN,{<MIN(ID₂)>}
P381763,"MSL 15, 134 D",Neo-Assyrian,Assur,Diri,r ii 20b,kunigara₃,<(MIN)>,ID₂
P381763,"MSL 15, 134 D",Neo-Assyrian,Assur,Diri,r ii 21a,kunigara₂,⸢MIN⸣,{<MIN(ID₂)>}
P381763,"MSL 15, 134 D",Neo-Assyrian,Assur,Diri,r ii 21b,kunigara₂,<(MIN)>,ID₂
P381763,"MSL 15, 134 D",Neo-Assyrian,Assur,Diri,r ii 22a,kunigara₄,MIN,{<MIN(ID₂)>}
P381763,"MSL 15, 134 D",Neo-Assyrian,Assur,Diri,r ii 22b,kunigara₄,<(MIN)>,ID₂
P381763,"MSL 15, 134 D",Neo-Assyrian,Assur,Diri,r ii 23,targul,{id₂}|MA₂.MUG|,tar-kul-⸢lu⸣
P381763,"MSL 15, 134 D",Neo-Assyrian,Assur,Diri,r ii 24,a₁₂-ra₂-bu,{⸢id₂⸣}|UD.DU.BU|{⸢mušen⸣},a-⸢ra-bu⸣-u
P381763,"MSL 15, 134 D",Neo-Assyrian,Assur,Diri,r ii 25,kiši,MIN,i-ki-ši-⸢tu⸣
P381763,"MSL 15, 134 D",Neo-Assyrian,Assur,Diri,r ii 26,{id₂}isubuₓ(KAM₄),⸢MIN⸣,ŠU-u
P381763,"MSL 15, 134 D",Neo-Assyrian,Assur,Diri,r ii 27,(...),<(MIN,⸢za⸣-i-bu
P381763,"MSL 15, 134 D",Neo-Assyrian,Assur,Diri,r ii 28,(...),,⸢mi-ṭi-ir-tu⸣
P381763,"MSL 15, 134 D",Neo-Assyrian,Assur,Diri,r ii 29,(...),,
P381763,"MSL 15, 134 D",Neo-Assyrian,Assur,Diri,r ii 30,(...),,⸢lah₃-ta-nu⸣
P381763,"MSL 15, 134 D",Neo-Assyrian,Assur,Diri,r ii 31,(...),⸢MIN⸣,ŠU
P381763,"MSL 15, 134 D",Neo-Assyrian,Assur,Diri,r ii 32,(...),[MIN],⸢ap⸣-[la-kat₃-tu]
P381763,"MSL 15, 134 D",Neo-Assyrian,Assur,Diri,r ii 33,(...),MIN,⸢ši⸣-[iš-ši-ik]-⸢tum⸣
P381763,"MSL 15, 134 D",Neo-Assyrian,Assur,Diri,r ii 34,dur-il₃,AN⸣,⸢tu-u₂-ra-an⸣
P381763,"MSL 15, 134 D",Neo-Assyrian,Assur,Diri,r ii 35,(...),{id₂}|EŠ₂.SUD.NUN.EŠ₂.TU|,⸢ŠU
P381763,"MSL 15, 134 D",Neo-Assyrian,Assur,Diri,r ii 36,(...),|A.HA|{ki},ŠU
P381763,"MSL 15, 134 D",Neo-Assyrian,Assur,Diri,r ii 37,(...),|A.HA|{ki},ŠU
P381763,"MSL 15, 134 D",Neo-Assyrian,Assur,Diri,r ii 38,(...),|A.HA|{⸢ki⸣},ŠU
P381763,"MSL 15, 134 D",Neo-Assyrian,Assur,Diri,r ii 39,(...),,er-ṣe-tu
P381763,"MSL 15, 134 D",Neo-Assyrian,Assur,Diri,r ii 40,(...),,ni-nu-u₂
P381768,"MSL 15, 134 C",Neo-Assyrian,Assur,Diri,o i 1,(...),|GIŠ.PAP.PAP|,
P381768,"MSL 15, 134 C",Neo-Assyrian,Assur,Diri,o i 2,kibir₂,{[ŋeš]}|ŠU₂.AŠ₂|,⸢ki⸣-[bir-ru]
P381768,"MSL 15, 134 C",Neo-Assyrian,Assur,Diri,o i 3,kibir₂,{[ŋeš]}|ŠU₂.AŠ₂|,iš-še-ʾe
P381768,"MSL 15, 134 C",Neo-Assyrian,Assur,Diri,o i 4,gibil₂,{⸢ŋeš⸣}|ŠU₂.AŠ₂|,qi-lu-tu
P381768,"MSL 15, 134 C",Neo-Assyrian,Assur,Diri,o i 5,ŋeš-gibil₂,{⸢ŋeš⸣}|ŠU₂.AŠ₂|,ma-qa-ad-du
P381768,"MSL 15, 134 C",Neo-Assyrian,Assur,Diri,o i 6,uri,,ap-pa-ta-a-an
P381768,"MSL 15, 134 C",Neo-Assyrian,Assur,Diri,o i 7,(...),,ṣe-re-ta-a-an
P381768,"MSL 15, 134 C",Neo-Assyrian,Assur,Diri,o i 8,(...),,ṣe-ni-ta-a-an
P381768,"MSL 15, 134 C",Neo-Assyrian,Assur,Diri,o i 9,(...),,ni-ʾi-⸢pu⸣
P381768,"MSL 15, 134 C",Neo-Assyrian,Assur,Diri,o i 10,(...),,ah-⸢hu⸣
P381768,"MSL 15, 134 C",Neo-Assyrian,Assur,Diri,o i 11,(...),,GIŠ
P381768,"MSL 15, 134 C",Neo-Assyrian,Assur,Diri,o i 12,(...),,qi-lu-tu
P381768,"MSL 15, 134 C",Neo-Assyrian,Assur,Diri,o i 13,(...),,⸢GIŠ⸣
P381768,"MSL 15, 134 C",Neo-Assyrian,Assur,Diri,o i 14,(...),,[GIŠ]
P381768,"MSL 15, 134 C",Neo-Assyrian,Assur,Diri,o i 15,(...),,[ki-ri-is]-⸢su⸣
P381768,"MSL 15, 134 C",Neo-Assyrian,Assur,Diri,o i 16,(...),,[til-pa]-⸢nu⸣
P381768,"MSL 15, 134 C",Neo-Assyrian,Assur,Diri,o ii 1,ŋissu,,⸢ṣil-lum⸣
P381768,"MSL 15, 134 C",Neo-Assyrian,Assur,Diri,o ii 2,⸢lu-uh⸣-ma,luhmaₓ(|GIŠ.MI|),lu-uh-mu-u
P381768,"MSL 15, 134 C",Neo-Assyrian,Assur,Diri,o ii 3,ubilla₂,,u₂-pil₂-lu-u
P381768,"MSL 15, 134 C",Neo-Assyrian,Assur,Diri,o ii 4,ubilla,|GIŠ.NE@s|,{<MIN(u₂-pil₂-lu-u)>}
P381768,"MSL 15, 134 C",Neo-Assyrian,Assur,Diri,o ii 5,ŋeštu₂,|GIŠ.TUG₂.PI|,uz-nu
P381768,"MSL 15, 134 C",Neo-Assyrian,Assur,Diri,o ii 6,geš-ṭu,ŋeštuₓ(|PI.GIŠ.TUG₂|),{<MIN(uz-nu)>}
P381768,"MSL 15, 134 C",Neo-Assyrian,Assur,Diri,o ii 7,ŋizzal,|GIŠ.TUG₂.PI.NU₁₁.SILA₃|,ha-si-i-su
P381768,"MSL 15, 134 C",Neo-Assyrian,Assur,Diri,o ii 8,giz-zal,GIŠ-⸢NI⸣,{<MIN(ha-si-i-su)>}
P381768,"MSL 15, 134 C",Neo-Assyrian,Assur,Diri,o ii 9,giz-zal,<(GIŠ-NI)>,⸢ni-iš⸣-[mu-u₂]
P381768,"MSL 15, 134 C",Neo-Assyrian,Assur,Diri,o ii 10,giz-zal,<(GIŠ-NI)>,[qu-u₂]-⸢lu⸣
P381768,"MSL 15, 134 C",Neo-Assyrian,Assur,Diri,o ii 11,giz-zal,<(GIŠ-NI)>,[qa-a]-⸢lu⸣
P381768,"MSL 15, 134 C",Neo-Assyrian,Assur,Diri,o ii 12,giz-zal,<(GIŠ-NI)>,[u₂]-⸢te⸣-qu-u
P381768,"MSL 15, 134 C",Neo-Assyrian,Assur,Diri,o ii 13,giz-zal,<(GIŠ-NI)>,[pu-uq]-⸢qu⸣
P381768,"MSL 15, 134 C",Neo-Assyrian,Assur,Diri,o ii 14,azlag₃,|GIŠ.TUG₂.PI.TE.A.DU|,
P381768,"MSL 15, 134 C",Neo-Assyrian,Assur,Diri,o ii 15,azlag₅,|GIŠ.TUG₂.PI.TE.A.DU|,
P381768,"MSL 15, 134 C",Neo-Assyrian,Assur,Diri,o ii 16,ŋeš-bu₁₀,GIŠ-|PAP.PAP|,
P381768,"MSL 15, 134 C",Neo-Assyrian,Assur,Diri,o ii 17,ŋeš-mes,GIŠ-MES,
P381768,"MSL 15, 134 C",Neo-Assyrian,Assur,Diri,o ii 18,umma,|GIŠ.UH₃|{ki},
P381768,"MSL 15, 134 C",Neo-Assyrian,Assur,Diri,o ii 19,kib,,⸢x⸣-[...]
P381768,"MSL 15, 134 C",Neo-Assyrian,Assur,Diri,o ii 20,gug,,⸢sa⸣-[am-tu]
P381768,"MSL 15, 134 C",Neo-Assyrian,Assur,Diri,o ii 21,gug,,⸢el⸣-[lum]
P381768,"MSL 15, 134 C",Neo-Assyrian,Assur,Diri,r i 1',ugu₂,|A.KA|,mi-⸢ik⸣-[ru]
P381768,"MSL 15, 134 C",Neo-Assyrian,Assur,Diri,r i 2',ugu₃,|A.SAG|,e-[li]
P381768,"MSL 15, 134 C",Neo-Assyrian,Assur,Diri,r i 3',ugu₃,|A.SAG|,mu-⸢uh⸣-[hu]
P381768,"MSL 15, 134 C",Neo-Assyrian,Assur,Diri,r i 4',ugu₃,|A.SAG|,aṣ-⸢ṣer⸣
P381768,"MSL 15, 134 C",Neo-Assyrian,Assur,Diri,r i 5',ugu₃,|A.SAG|,MURUB₄-at
P381768,"MSL 15, 134 C",Neo-Assyrian,Assur,Diri,r i 6',ugu₃,|A.SAG|,bu-⸢up-pa⸣-[ni]
P381768,"MSL 15, 134 C",Neo-Assyrian,Assur,Diri,r i 7',ugu₃,|A.SAG|,si-hi-ip
P381768,"MSL 15, 134 C",Neo-Assyrian,Assur,Diri,r i 8',a-gar₅,|A.LU₃|,a-ba-a-⸢rum⸣
P381768,"MSL 15, 134 C",Neo-Assyrian,Assur,Diri,r i 9',addir,|A.PA.BI.IZ.PAD.SI.A|,ne₂-be-⸢rum⸣
P381768,"MSL 15, 134 C",Neo-Assyrian,Assur,Diri,r i 10',addir,|A.PA.BI.IZ.PAD.SI.A|,ka-a-⸢rum⸣
P381768,"MSL 15, 134 C",Neo-Assyrian,Assur,Diri,r i 11',addir,|A.PA.BI.IZ.PAD.SI.A|,ig-⸢rum⸣
P381768,"MSL 15, 134 C",Neo-Assyrian,Assur,Diri,r i 12',addir,|A.PA.BI.IZ.PAD.SI.A|,ni-⸢id⸣-[nu]
P381768,"MSL 15, 134 C",Neo-Assyrian,Assur,Diri,r i 13',addir,|A.PA.BI.IZ.PAD.SI.A|,i-da-⸢an⸣
P381768,"MSL 15, 134 C",Neo-Assyrian,Assur,Diri,r i 14',addir,|A.PA.BI.IZ.PAD.SI.A|,is-ha-⸢an⸣
P381768,"MSL 15, 134 C",Neo-Assyrian,Assur,Diri,r i 15',au,|A.PA.BI.IZ.PAD.SI.A|,ŠU-u
P381768,"MSL 15, 134 C",Neo-Assyrian,Assur,Diri,r i 16',au,|A.PA.BI.IZ.PAD.SI.A|,⸢rak⸣-ka-⸢bu⸣
P381768,"MSL 15, 134 C",Neo-Assyrian,Assur,Diri,r i 17',au,|A.PA.BI.IZ.PAD.SI.A|,⸢ša⸣-i-⸢ṭu⸣
P381768,"MSL 15, 134 C",Neo-Assyrian,Assur,Diri,r i 18',eše₄,|A.ŠE.NUN&NUN|,ta-as₂-ku-u
P381768,"MSL 15, 134 C",Neo-Assyrian,Assur,Diri,r i 19',eše₄,|A.ŠE.NUN&NUN|,ša-ba-a-hu
P381768,"MSL 15, 134 C",Neo-Assyrian,Assur,Diri,r i 20',esir,|A.LAGAB×NUMUN|,iṭ-ṭu-u
P381768,"MSL 15, 134 C",Neo-Assyrian,Assur,Diri,r i 21',i₇,|A.LAGAB×HAL|,na-a-ru
P381770,BWL Pl. 73 VAT 10071,Neo-Assyrian,Assur,Diri,o 1a,⸢bar⸣,,tu-pu
P381770,BWL Pl. 73 VAT 10071,Neo-Assyrian,Assur,Diri,o 1b,di-di,,<(...)>
P381770,BWL Pl. 73 VAT 10071,Neo-Assyrian,Assur,Diri,o 2a,bar,,⸢ta-pi⸣
P381770,BWL Pl. 73 VAT 10071,Neo-Assyrian,Assur,Diri,o 2b,di-di-ba,,<(...)>
P381770,BWL Pl. 73 VAT 10071,Neo-Assyrian,Assur,Diri,o 3a,šag₄,,⸢zu⸣-un-nu-[u]
P381770,BWL Pl. 73 VAT 10071,Neo-Assyrian,Assur,Diri,o 3b,gug,,<(...)>
P381770,BWL Pl. 73 VAT 10071,Neo-Assyrian,Assur,Diri,o 4a,šag₄,,lu-mun
P381770,BWL Pl. 73 VAT 10071,Neo-Assyrian,Assur,Diri,o 4b,su,,<(...)>
P381770,BWL Pl. 73 VAT 10071,Neo-Assyrian,Assur,Diri,o 5,gug,,<(...)>
P381770,BWL Pl. 73 VAT 10071,Neo-Assyrian,Assur,Diri,o 6,su,,<(...)>
P381770,BWL Pl. 73 VAT 10071,Neo-Assyrian,Assur,Diri,o 7,ku₇-ku₇,(KU₇.KU₇),uš
P381770,BWL Pl. 73 VAT 10071,Neo-Assyrian,Assur,Diri,o 8,ku₇-ku₇,(<(KU₇.KU₇)>),<(uš
P381770,BWL Pl. 73 VAT 10071,Neo-Assyrian,Assur,Diri,o 9,ku₇-ku₇,(<(KU₇.KU₇)>),<(uš
P381770,BWL Pl. 73 VAT 10071,Neo-Assyrian,Assur,Diri,o 13,i₃-dub,,iš-pik-ki
P381770,BWL Pl. 73 VAT 10071,Neo-Assyrian,Assur,Diri,o 14,a-ga-zi,,im-bu-u
P381770,BWL Pl. 73 VAT 10071,Neo-Assyrian,Assur,Diri,o 15,mu,,ni-šu
P381774,"MSL 15, 166 C1",Middle Assyrian,Assur,Diri,o i 1',(...),,
P381774,"MSL 15, 166 C1",Middle Assyrian,Assur,Diri,o i 2',(...),,
P381774,"MSL 15, 166 C1",Middle Assyrian,Assur,Diri,o i 3',(...),,
P381774,"MSL 15, 166 C1",Middle Assyrian,Assur,Diri,o i 4',(...),,
P381774,"MSL 15, 166 C1",Middle Assyrian,Assur,Diri,o i 5',hudbu,|PA.KAK|,
P381774,"MSL 15, 166 C1",Middle Assyrian,Assur,Diri,o i 6',išin,|PA.ŠE|,
P381774,"MSL 15, 166 C1",Middle Assyrian,Assur,Diri,o i 7',šab,|PA.IB|,
P381774,"MSL 15, 166 C1",Middle Assyrian,Assur,Diri,o i 8',šab,|PA.IB|,
P381774,"MSL 15, 166 C1",Middle Assyrian,Assur,Diri,o i 9',šab,|PA.IB|,
P381774,"MSL 15, 166 C1",Middle Assyrian,Assur,Diri,o i 10',šab,|PA.IB|,
P381774,"MSL 15, 166 C1",Middle Assyrian,Assur,Diri,o i 11',šab,|PA.IB|,
P381774,"MSL 15, 166 C1",Middle Assyrian,Assur,Diri,o i 12',šab,|PA.IB|,[e-ze]-⸢qu₂⸣
P381774,"MSL 15, 166 C1",Middle Assyrian,Assur,Diri,o i 13',šab,|PA.IB|,[e-še]-qu₂
P381774,"MSL 15, 166 C1",Middle Assyrian,Assur,Diri,o i 14',šab,,[e-se]-⸢pu⸣
P381774,"MSL 15, 166 C1",Middle Assyrian,Assur,Diri,o i 15',šab,,[ši-pat]-⸢su⸣
P381774,"MSL 15, 166 C1",Middle Assyrian,Assur,Diri,o i 16',šab,,⸢ša⸣
P381774,"MSL 15, 166 C1",Middle Assyrian,Assur,Diri,o i 17',šab,,[sa]-⸢ap⸣-pu
P381774,"MSL 15, 166 C1",Middle Assyrian,Assur,Diri,o i 18',šab,,[na]-⸢as₂⸣-pa-nu
P381774,"MSL 15, 166 C1",Middle Assyrian,Assur,Diri,o i 19',šab,,[x]-⸢hu-du⸣-u₂
P381774,"MSL 15, 166 C1",Middle Assyrian,Assur,Diri,o i 20',šab,,⸢la-ta⸣-ku
P381774,"MSL 15, 166 C1",Middle Assyrian,Assur,Diri,o i 21',šab,,qa-ab-⸢la⸣-ta-an
P381774,"MSL 15, 166 C1",Middle Assyrian,Assur,Diri,o i 22',šab,,ša-ha-hu
P381774,"MSL 15, 166 C1",Middle Assyrian,Assur,Diri,o i 23',(...),,ra-bi-⸢ṣu⸣
P381774,"MSL 15, 166 C1",Middle Assyrian,Assur,Diri,o i 24',(...),|PA.HE₂|,na-as-ku
P381774,"MSL 15, 166 C1",Middle Assyrian,Assur,Diri,o i 25',(...),,na-sa-ku
P381774,"MSL 15, 166 C1",Middle Assyrian,Assur,Diri,o ii 1',zulumhi,,
P381774,"MSL 15, 166 C1",Middle Assyrian,Assur,Diri,o ii 2',zulumhi,,
P381774,"MSL 15, 166 C1",Middle Assyrian,Assur,Diri,o ii 3',zulumhi,,
P381774,"MSL 15, 166 C1",Middle Assyrian,Assur,Diri,o ii 4',zulumhi,,
P381774,"MSL 15, 166 C1",Middle Assyrian,Assur,Diri,o ii 5',zulumhi,,
P381774,"MSL 15, 166 C1",Middle Assyrian,Assur,Diri,o ii 6',suluhu₃,,
P381774,"MSL 15, 166 C1",Middle Assyrian,Assur,Diri,o ii 7',suluhu₃,,
P381774,"MSL 15, 166 C1",Middle Assyrian,Assur,Diri,o ii 8',suluhu₃,,
P381774,"MSL 15, 166 C1",Middle Assyrian,Assur,Diri,o ii 9',suluhu₃,,
P381774,"MSL 15, 166 C1",Middle Assyrian,Assur,Diri,o ii 10',suluhu₃,,
P381774,"MSL 15, 166 C1",Middle Assyrian,Assur,Diri,o ii 11',hu-mu-⸢un⸣-zer₃,humunzerₓ(|SIG₂.PA.IB|),
P381774,"MSL 15, 166 C1",Middle Assyrian,Assur,Diri,o ii 12',sagmunzir,|SIG₂.MU.BU|,
P381774,"MSL 15, 166 C1",Middle Assyrian,Assur,Diri,o ii 13',ešemen₃,|EŠ₂.HUL₂|,
P381774,"MSL 15, 166 C1",Middle Assyrian,Assur,Diri,o ii 14',sura₁₃,|EŠ₂.KA|,
P381777,"MSL 15, 120 B",Neo-Assyrian,Assur,Diri,o i' 1',(...),,⸢ba⸣-[ab
P381777,"MSL 15, 120 B",Neo-Assyrian,Assur,Diri,o i' 2'a,(...),,{⸢d}er-ṣe-ti⸣
P381777,"MSL 15, 120 B",Neo-Assyrian,Assur,Diri,o i' 2'b,(...),,{⸢d⸣}[...]
P381777,"MSL 15, 120 B",Neo-Assyrian,Assur,Diri,o i' 3',(...),,⸢ga⸣-an-⸢ṣir⸣
P381777,"MSL 15, 120 B",Neo-Assyrian,Assur,Diri,o i' 4',(...),⸢MIN,⸢ṣil⸣-lu-u
P381777,"MSL 15, 120 B",Neo-Assyrian,Assur,Diri,o i' 5'a,(...),⸢MIN,⸢x-x-x⸣
P381777,"MSL 15, 120 B",Neo-Assyrian,Assur,Diri,o i' 5'b,(...),<(MIN,gu-ub-rum
P381777,"MSL 15, 120 B",Neo-Assyrian,Assur,Diri,o i' 5'c,(...),<(MIN,qu₂-pu-u
P381777,"MSL 15, 120 B",Neo-Assyrian,Assur,Diri,o i' 6'a,(...),⸢MIN,⸢šu-kur⸣-rum
P381777,"MSL 15, 120 B",Neo-Assyrian,Assur,Diri,o i' 6'b,(...),<(MIN,da-i-mu-u
P381777,"MSL 15, 120 B",Neo-Assyrian,Assur,Diri,o i' 7a,(...),⸢MIN,{<⸢MIN⸣(šu-kur-rum)>}
P381777,"MSL 15, 120 B",Neo-Assyrian,Assur,Diri,o i' 7b,(...),<(MIN,{<MIN(da-i-mu-u)>}
P381777,"MSL 15, 120 B",Neo-Assyrian,Assur,Diri,o i' 8'a,(...),,
P381777,"MSL 15, 120 B",Neo-Assyrian,Assur,Diri,o i' 8'b,(...),,ṣe-eh-rum
P381777,"MSL 15, 120 B",Neo-Assyrian,Assur,Diri,o i' 9'a,(...),,[la-ʾa]-⸢u⸣
P381777,"MSL 15, 120 B",Neo-Assyrian,Assur,Diri,o i' 9'b,(...),,la-ku-u
P381777,"MSL 15, 120 B",Neo-Assyrian,Assur,Diri,o i' 10'a,(...),,⸢lu⸣-[x]-⸢u⸣
P381777,"MSL 15, 120 B",Neo-Assyrian,Assur,Diri,o i' 10'b,(...),,e-ti-qu
P381777,"MSL 15, 120 B",Neo-Assyrian,Assur,Diri,o i' 11',(...),,aš₂-⸢pal⸣-tu₂
P381777,"MSL 15, 120 B",Neo-Assyrian,Assur,Diri,o i' 12',(...),,kas₃-⸢si⸣-ba-nu
P381777,"MSL 15, 120 B",Neo-Assyrian,Assur,Diri,o i' 13'a,(...),,ba-nu-u
P381777,"MSL 15, 120 B",Neo-Assyrian,Assur,Diri,o i' 13'b,(...),,ba-ru-u
P381777,"MSL 15, 120 B",Neo-Assyrian,Assur,Diri,o i' 14'a,(...),,a-ma-rum
P381777,"MSL 15, 120 B",Neo-Assyrian,Assur,Diri,o i' 14'b,(...),,na-ṭa-lu
P381777,"MSL 15, 120 B",Neo-Assyrian,Assur,Diri,o i' 15'a,(...),,ha-a-rum
P381777,"MSL 15, 120 B",Neo-Assyrian,Assur,Diri,o i' 15'b,(...),,
P381777,"MSL 15, 120 B",Neo-Assyrian,Assur,Diri,o i' 16',(...),,nap-lu-su
P381777,"MSL 15, 120 B",Neo-Assyrian,Assur,Diri,o i' 17'a,(...),,[dam]-⸢qu⸣
P381777,"MSL 15, 120 B",Neo-Assyrian,Assur,Diri,o i' 17'b,(...),,⸢da-ma-qu⸣
P381777,"MSL 15, 120 B",Neo-Assyrian,Assur,Diri,o i' 18'a,(...),,
P381777,"MSL 15, 120 B",Neo-Assyrian,Assur,Diri,o i' 18'b,(...),,
P381777,"MSL 15, 120 B",Neo-Assyrian,Assur,Diri,r i' 1',(...),,⸢ša₂⸣
P381777,"MSL 15, 120 B",Neo-Assyrian,Assur,Diri,r i' 2'a,(...),,⸢u₂⸣-šu-u
P381777,"MSL 15, 120 B",Neo-Assyrian,Assur,Diri,r i' 2'b,(...),,
P381777,"MSL 15, 120 B",Neo-Assyrian,Assur,Diri,r i' 3',(...),,nap-pa-⸢ṣu⸣
P381777,"MSL 15, 120 B",Neo-Assyrian,Assur,Diri,r i' 4',(...),,sa-mul-lu
P381777,"MSL 15, 120 B",Neo-Assyrian,Assur,Diri,r i' 5',(...),,⸢ha⸣-lu-up-pu
P381777,"MSL 15, 120 B",Neo-Assyrian,Assur,Diri,r i' 6',(...),,⸢kiš⸣-ka-nu-u
P381777,"MSL 15, 120 B",Neo-Assyrian,Assur,Diri,r i' 7',(...),,⸢e⸣-re-nu
P381777,"MSL 15, 120 B",Neo-Assyrian,Assur,Diri,r i' 8'a,(...),,⸢lam⸣-mu
P381777,"MSL 15, 120 B",Neo-Assyrian,Assur,Diri,r i' 8'b,(...),,ši-iq-du
P381777,"MSL 15, 120 B",Neo-Assyrian,Assur,Diri,r i' 9'a,(...),,⸢ši⸣-qit-tu₂
P381777,"MSL 15, 120 B",Neo-Assyrian,Assur,Diri,r i' 9'b,(...),,lu-pa-nu
P381777,"MSL 15, 120 B",Neo-Assyrian,Assur,Diri,r i' 10',(...),,⸢šal⸣-lu-rum
P381777,"MSL 15, 120 B",Neo-Assyrian,Assur,Diri,r i' 11',(...),,⸢ti⸣-ʾi-it-tu₂
P381777,"MSL 15, 120 B",Neo-Assyrian,Assur,Diri,r i' 12',(...),,⸢haš⸣-hu-rum
P381777,"MSL 15, 120 B",Neo-Assyrian,Assur,Diri,r i' 13'a,(...),,[a]-⸢da⸣-rum
P381777,"MSL 15, 120 B",Neo-Assyrian,Assur,Diri,r i' 13'b,(...),,il-dak-ku
P381777,"MSL 15, 120 B",Neo-Assyrian,Assur,Diri,r i' 14'a,(...),,⸢el⸣-lu
P381777,"MSL 15, 120 B",Neo-Assyrian,Assur,Diri,r i' 14'b,(...),,eb-bu
P381777,"MSL 15, 120 B",Neo-Assyrian,Assur,Diri,r i' 14'c,(...),,nam-ru
P381777,"MSL 15, 120 B",Neo-Assyrian,Assur,Diri,r i' 15'a,(...),,{<⸢MIN⸣(el-lu)>}
P381777,"MSL 15, 120 B",Neo-Assyrian,Assur,Diri,r i' 15'b,(...),,{<MIN(eb-bu)>}
P381777,"MSL 15, 120 B",Neo-Assyrian,Assur,Diri,r i' 15'c,(...),,{<MIN(nam-ru)>}
P381777,"MSL 15, 120 B",Neo-Assyrian,Assur,Diri,r i' 16'a,(...),,{<⸢MIN⸣(el-lu)>}
P381777,"MSL 15, 120 B",Neo-Assyrian,Assur,Diri,r i' 16'b,(...),,{<MIN(eb-bu)>}
P381777,"MSL 15, 120 B",Neo-Assyrian,Assur,Diri,r i' 16'c,(...),,{<MIN(nam-ru)>}
P381777,"MSL 15, 120 B",Neo-Assyrian,Assur,Diri,r i' 17',(...),,⸢ṣar⸣-ba-tu₂
P381777,"MSL 15, 120 B",Neo-Assyrian,Assur,Diri,r i' 18',(...),,⸢hi⸣-le-pu
P381777,"MSL 15, 120 B",Neo-Assyrian,Assur,Diri,r i' 19',(...),,⸢bi⸣-i-nu
P381777,"MSL 15, 120 B",Neo-Assyrian,Assur,Diri,r i' 20',(...),,{<⸢MIN⸣(bi-i-nu)>}
P381777,"MSL 15, 120 B",Neo-Assyrian,Assur,Diri,r i' 21',(...),,⸢ba⸣-al-tu₂
P381777,"MSL 15, 120 B",Neo-Assyrian,Assur,Diri,r i' 22'a,(...),,[hi]-⸢iš⸣-tu₂
P381777,"MSL 15, 120 B",Neo-Assyrian,Assur,Diri,r i' 22'b,(...),,sah-maš-tu₂
P381777,"MSL 15, 120 B",Neo-Assyrian,Assur,Diri,r i' 23',(...),,[za]-ʾa-tu₂
P381777,"MSL 15, 120 B",Neo-Assyrian,Assur,Diri,r i' 24',(...),,[ha]-⸢an⸣-daš₂-pi-ru
P381777,"MSL 15, 120 B",Neo-Assyrian,Assur,Diri,r i' 25',(...),,[ed]-⸢de⸣-tu₂
P381777,"MSL 15, 120 B",Neo-Assyrian,Assur,Diri,r i' 26',(...),,[a-ša]-⸢gu⸣
P381794,BWL Pl. 73 VAT 10756,Neo-Assyrian,Assur,Diri,o 1,[ŋeš]-⸢zi-da⸣,,mi-hir
P381794,BWL Pl. 73 VAT 10756,Neo-Assyrian,Assur,Diri,o 2,[ŋeš]-ŋal₂,,{<MIN(mi-hir)>}
P381794,BWL Pl. 73 VAT 10756,Neo-Assyrian,Assur,Diri,o 3,[gaba]-ri,,{<MIN(mi-hir)>}
P381794,BWL Pl. 73 VAT 10756,Neo-Assyrian,Assur,Diri,o 4,[pah]-zil,,⸢qum⸣-ma-⸢ru-tum⸣
P381794,BWL Pl. 73 VAT 10756,Neo-Assyrian,Assur,Diri,o 5,[x],,me₂-⸢re⸣-[nu]
P381794,BWL Pl. 73 VAT 10756,Neo-Assyrian,Assur,Diri,o 6,[x],TE,bu-⸢ʾ⸣-[um]
P381794,BWL Pl. 73 VAT 10756,Neo-Assyrian,Assur,Diri,o 7,⸢x⸣,,sa-⸢ha⸣-[šum]
P381794,BWL Pl. 73 VAT 10756,Neo-Assyrian,Assur,Diri,o 8,kukku,|KU₇.KU₇|,⸢x⸣
P381794,BWL Pl. 73 VAT 10756,Neo-Assyrian,Assur,Diri,o 9,kukku,{<MIN(|KU₇.KU₇|)>},⸢x⸣
P381794,BWL Pl. 73 VAT 10756,Neo-Assyrian,Assur,Diri,o 10,kukku₂,|MI.MI|,
P381794,BWL Pl. 73 VAT 10756,Neo-Assyrian,Assur,Diri,o 11,pa₅-šita₃,,mi₃-dir-tu₂
P381794,BWL Pl. 73 VAT 10756,Neo-Assyrian,Assur,Diri,o 12,pi-ti-iq-⸢tu⸣,,i-gar
P381794,BWL Pl. 73 VAT 10756,Neo-Assyrian,Assur,Diri,o 13,im-du₃-[a],,⸢pit⸣-qu
P381805,"MSL 15, 134 Ea",Neo-Assyrian,Assur,Diri,o 1',(...),,{<⸢MIN⸣(...)>}
P381805,"MSL 15, 134 Ea",Neo-Assyrian,Assur,Diri,o 2',(...),,⸢ha-si-su⸣
P381805,"MSL 15, 134 Ea",Neo-Assyrian,Assur,Diri,o 3',giz-zal,[GIŠ]-⸢NI⸣,{<⸢MIN⸣(ha-si-su)>}
P381805,"MSL 15, 134 Ea",Neo-Assyrian,Assur,Diri,o 4',giz-zal,<([GIŠ]-NI)>,ni-iš-mu-⸢u₂⸣
P381805,"MSL 15, 134 Ea",Neo-Assyrian,Assur,Diri,o 5',giz-zal,<([GIŠ]-NI)>,qu-u₂-lu
P381805,"MSL 15, 134 Ea",Neo-Assyrian,Assur,Diri,o 6',giz-zal,<([GIŠ]-NI)>,qa-a-⸢lu⸣
P381805,"MSL 15, 134 Ea",Neo-Assyrian,Assur,Diri,o 7',giz-zal,<([GIŠ]-NI)>,u₂-te-qu-u
P381805,"MSL 15, 134 Ea",Neo-Assyrian,Assur,Diri,o 8',(...),,⸢pu⸣-uq-qu
P381805,"MSL 15, 134 Ea",Neo-Assyrian,Assur,Diri,o 9',(...),,⸢aš₂-la⸣-ku
P381805,"MSL 15, 134 Ea",Neo-Assyrian,Assur,Diri,o 10',(...),,{<MIN(aš₂-la-ku)>}
P381805,"MSL 15, 134 Ea",Neo-Assyrian,Assur,Diri,o 11',(...),,⸢u₂⸣-ma-⸢šu⸣
P381805,"MSL 15, 134 Ea",Neo-Assyrian,Assur,Diri,o 12',(...),,⸢kip⸣-[pu]
P381805,"MSL 15, 134 Ea",Neo-Assyrian,Assur,Diri,o 13',(...),,[x]-⸢x⸣-[...]
P381818,"MSL 15, 134 Ec",Neo-Assyrian,Assur,Diri,o 1',(...),,
P381818,"MSL 15, 134 Ec",Neo-Assyrian,Assur,Diri,o 2',(...),,
P381818,"MSL 15, 134 Ec",Neo-Assyrian,Assur,Diri,o 3',ŋeš-bu,ŋešbuₓ(|GIŠ.RU|),
P381818,"MSL 15, 134 Ec",Neo-Assyrian,Assur,Diri,o 4',ŋušur₂,{⸢ŋeš⸣}|RAB.GAL|,
P381818,"MSL 15, 134 Ec",Neo-Assyrian,Assur,Diri,o 5',ŋušur₂,{<(ŋeš⸣}|RAB.GAL|,
P381818,"MSL 15, 134 Ec",Neo-Assyrian,Assur,Diri,o 6',ŋušur₂,{<(ŋeš⸣}|RAB.GAL|,
P381818,"MSL 15, 134 Ec",Neo-Assyrian,Assur,Diri,o 7',(...),,
P381818,"MSL 15, 134 Ec",Neo-Assyrian,Assur,Diri,o 8',(...),,
P381818,"MSL 15, 134 Ec",Neo-Assyrian,Assur,Diri,o 9',(...),,
P381820,"MSL 15, 134 Eb",Neo-Assyrian,Assur,Diri,o 1,ŋeš-bu₁₀,,
P381820,"MSL 15, 134 Eb",Neo-Assyrian,Assur,Diri,o 2,ki-⸢bi⸣-ir,kibirₓ(|GIŠ.PAP.PAP|),
P381820,"MSL 15, 134 Eb",Neo-Assyrian,Assur,Diri,o 3,{ŋeš}kibir₂,{ŋeš}|ŠU₂.AŠ₂|,
P381820,"MSL 15, 134 Eb",Neo-Assyrian,Assur,Diri,o 4,gibir,{ŋeš}|ŠU₂.AŠ₂|,
P381820,"MSL 15, 134 Eb",Neo-Assyrian,Assur,Diri,o 5,(...),{⸢ŋeš⸣}|ŠU₂.AŠ₂|,
P381820,"MSL 15, 134 Eb",Neo-Assyrian,Assur,Diri,o 6,(...),,
P381820,"MSL 15, 134 Eb",Neo-Assyrian,Assur,Diri,r 1',(...),,
P381820,"MSL 15, 134 Eb",Neo-Assyrian,Assur,Diri,r 2',(...),,
P381820,"MSL 15, 134 Eb",Neo-Assyrian,Assur,Diri,r 3',arali,|E₂.KUR.BAD|,
P381820,"MSL 15, 134 Eb",Neo-Assyrian,Assur,Diri,r 4',šimbirida,,
P381822,"MSL 15, 120 C",Neo-Assyrian,Assur,Diri,r 1',{ŋeš}ha-lu-ub₂,{⸢ŋeš⸣}|HA.LU.EŠ₂|,
P381822,"MSL 15, 120 C",Neo-Assyrian,Assur,Diri,r 2',{ŋeš}gunuₓ(HAR),⸢MIN⸣,
P381822,"MSL 15, 120 C",Neo-Assyrian,Assur,Diri,r 3',eren,⸢MIN,
P381822,"MSL 15, 120 C",Neo-Assyrian,Assur,Diri,r 4',eš₂₂,{⸢ŋeš⸣}|LAM×KUR|,
P381822,"MSL 15, 120 C",Neo-Assyrian,Assur,Diri,r 5',šallur,MIN,
P381822,"MSL 15, 120 C",Neo-Assyrian,Assur,Diri,r 6',{ŋeš}peš₃,MIN,
P381822,"MSL 15, 120 C",Neo-Assyrian,Assur,Diri,r 7',hašhur,MIN,
P381822,"MSL 15, 120 C",Neo-Assyrian,Assur,Diri,r 8',ildag,MIN,
P381822,"MSL 15, 120 C",Neo-Assyrian,Assur,Diri,r 9',(...),MIN,
P381822,"MSL 15, 120 C",Neo-Assyrian,Assur,Diri,r 10',(...),⸢MIN,
P381822,"MSL 15, 120 C",Neo-Assyrian,Assur,Diri,r 11',(...),,
P381822,"MSL 15, 120 C",Neo-Assyrian,Assur,Diri,r 12',(...),{⸢ŋeš⸣}|X.X|,
P381832,"MSL 15, 166 G",Middle Assyrian,Assur,Diri,o 1',ŋarza₂,|PA.LUGAL|,{<⸢MIN⸣(parṣu)>}
P381832,"MSL 15, 166 G",Middle Assyrian,Assur,Diri,o 2',ensi₂,|PA.TE.SI|,⸢iš⸣-[šak-ku]
P381832,"MSL 15, 166 G",Middle Assyrian,Assur,Diri,o 3',šabra,|PA.AL|,šab-⸢ru⸣-[u₂]
P381832,"MSL 15, 166 G",Middle Assyrian,Assur,Diri,o 4',šabra₂,|PA.E₂|,{<MIN(šab-ru-[u₂])>}
P381832,"MSL 15, 166 G",Middle Assyrian,Assur,Diri,o 5',hendur-saŋ,⸢PA⸣-SAG,ŠU
P381832,"MSL 15, 166 G",Middle Assyrian,Assur,Diri,o 6',(...),PA-SAG,ŠU
P381832,"MSL 15, 166 G",Middle Assyrian,Assur,Diri,o 7',mu₆-sub₃,⸢PA⸣-|GU₂×NUN|,re-[ʾe-u₂]
P381832,"MSL 15, 166 G",Middle Assyrian,Assur,Diri,o 8',(...),|PA.X|,⸢ru⸣-[...]
P382570,"CT 11, pl. 28, K 09928",Neo-Assyrian,Nineveh,Diri,o 1',illu,|A.KAL|,[bi]-⸢ib⸣-lu
P382570,"CT 11, pl. 28, K 09928",Neo-Assyrian,Nineveh,Diri,o 2',illu,|A.KAL|,⸢ni-lu⸣
P382570,"CT 11, pl. 28, K 09928",Neo-Assyrian,Nineveh,Diri,o 3',illu,|A.KAL|,il-⸢lu⸣
P382570,"CT 11, pl. 28, K 09928",Neo-Assyrian,Nineveh,Diri,o 4',illu,|A.KAL|,hi-i-⸢lu⸣
P382570,"CT 11, pl. 28, K 09928",Neo-Assyrian,Nineveh,Diri,o 5',illu,|A.KAL|,ši-il-lu
P382570,"CT 11, pl. 28, K 09928",Neo-Assyrian,Nineveh,Diri,o 6',illu,|A.KAL|,⸢i-nu⸣
P382570,"CT 11, pl. 28, K 09928",Neo-Assyrian,Nineveh,Diri,o 7',illu,|A.KAL|,pi-i-⸢u₂⸣
P382570,"CT 11, pl. 28, K 09928",Neo-Assyrian,Nineveh,Diri,o 8',illu,|A.KAL|,nam-ba-u₂
P382570,"CT 11, pl. 28, K 09928",Neo-Assyrian,Nineveh,Diri,o 9',illu,|A.KAL|,ta-ti-ik-⸢tum⸣
P382570,"CT 11, pl. 28, K 09928",Neo-Assyrian,Nineveh,Diri,o 10',ugu,|A.KA|,mu-uh-⸢hu⸣
P382581,"CT 11, pl. 33, K 07795",Neo-Assyrian,Nineveh,Diri,i' 1',{<⸢MIN⸣(...)>},,⸢DUMU⸣
P382581,"CT 11, pl. 33, K 07795",Neo-Assyrian,Nineveh,Diri,i' 2',{<MIN(...)>},,DUMU
P382581,"CT 11, pl. 33, K 07795",Neo-Assyrian,Nineveh,Diri,i' 3',{<MIN(...)>},,DUMU
P382581,"CT 11, pl. 33, K 07795",Neo-Assyrian,Nineveh,Diri,i' 4',[...]-⸢da⸣,,⸢ŠEŠ⸣
P382585,"CT 11, pl. 35, 1876-04-13, 001",Neo-Assyrian,Nineveh,Diri,o i' 1,ehehhe,|KU.KU.KU|,
P382585,"CT 11, pl. 35, 1876-04-13, 001",Neo-Assyrian,Nineveh,Diri,o i' 2,ku-duru₄,⸢KU⸣-|GIŠ%GIŠ|,
P382585,"CT 11, pl. 35, 1876-04-13, 001",Neo-Assyrian,Nineveh,Diri,o i' 3,ku-dara₅,⸢KU⸣-|GIŠ%GIŠ|,{<MIN(...)>}
P382585,"CT 11, pl. 35, 1876-04-13, 001",Neo-Assyrian,Nineveh,Diri,o i' 4,udu,⸢LU⸣,u₂-du
P382585,"CT 11, pl. 35, 1876-04-13, 001",Neo-Assyrian,Nineveh,Diri,o i' 5,udu,[LU],{<MIN(u₂-du)>}
P382585,"CT 11, pl. 35, 1876-04-13, 001",Neo-Assyrian,Nineveh,Diri,o i' 6,udu,[LU],{<MIN(u₂-du)>}
P382585,"CT 11, pl. 35, 1876-04-13, 001",Neo-Assyrian,Nineveh,Diri,o i' 7,lu-ub₂{sar},,{<MIN(u₂-du)>}
P382585,"CT 11, pl. 35, 1876-04-13, 001",Neo-Assyrian,Nineveh,Diri,o i' 8,dadag,|UD.UD|,u₂-tu
P382585,"CT 11, pl. 35, 1876-04-13, 001",Neo-Assyrian,Nineveh,Diri,o i' 8a',dadag,|UD.UD|,<(u₂-tu
P382585,"CT 11, pl. 35, 1876-04-13, 001",Neo-Assyrian,Nineveh,Diri,o i' 9,dadag,|UD.UD|,{<MIN(u₂-tu)>}
P382585,"CT 11, pl. 35, 1876-04-13, 001",Neo-Assyrian,Nineveh,Diri,o i' 10,had₂-had₂,UD-UD,{<MIN(u₂-tu)>}
P382585,"CT 11, pl. 35, 1876-04-13, 001",Neo-Assyrian,Nineveh,Diri,o i' 10a,had₂-had₂,<(UD-UD)>,<(u₂-tu
P382585,"CT 11, pl. 35, 1876-04-13, 001",Neo-Assyrian,Nineveh,Diri,o i' 10b,had₂-had₂,<(UD-UD)>,<(u₂-tu
P382585,"CT 11, pl. 35, 1876-04-13, 001",Neo-Assyrian,Nineveh,Diri,o i' 11,ra₃-ra₃,[UD-UD],{<MIN(u₂-tu)>}
P382585,"CT 11, pl. 35, 1876-04-13, 001",Neo-Assyrian,Nineveh,Diri,o i' 11a,ra₃-ra₃,<(UD-UD)>,<(u₂-tu
P382585,"CT 11, pl. 35, 1876-04-13, 001",Neo-Assyrian,Nineveh,Diri,o i' 11b,ra₃-ra₃,<(UD-UD)>,<(u₂-tu
P382585,"CT 11, pl. 35, 1876-04-13, 001",Neo-Assyrian,Nineveh,Diri,o i' 12,uh₂,|UD.KUŠU₂|,{<MIN(u₂-tu)>}
P382585,"CT 11, pl. 35, 1876-04-13, 001",Neo-Assyrian,Nineveh,Diri,o i' 13,uh₂,|UD.KUŠU₂|,<(u₂-tu
P382585,"CT 11, pl. 35, 1876-04-13, 001",Neo-Assyrian,Nineveh,Diri,o i' 14,uh₂,|UD.KUŠU₂|,<(u₂-tu
P382585,"CT 11, pl. 35, 1876-04-13, 001",Neo-Assyrian,Nineveh,Diri,o i' 15,uh₂,|UD.KUŠU₂|,<(u₂-tu
P382585,"CT 11, pl. 35, 1876-04-13, 001",Neo-Assyrian,Nineveh,Diri,o i' 15a,uh₂,|UD.KUŠU₂|,<(u₂-tu
P382585,"CT 11, pl. 35, 1876-04-13, 001",Neo-Assyrian,Nineveh,Diri,o i' 16,uh₂,|UD.KUŠU₂|,<(u₂-tu
P382585,"CT 11, pl. 35, 1876-04-13, 001",Neo-Assyrian,Nineveh,Diri,o i' 17,uh₂,|UD.KUŠU₂|,<(u₂-tu
P382585,"CT 11, pl. 35, 1876-04-13, 001",Neo-Assyrian,Nineveh,Diri,o i' 18,zabar,|UD.KA.BAR|,[...]-ra-ku
P382585,"CT 11, pl. 35, 1876-04-13, 001",Neo-Assyrian,Nineveh,Diri,o i' 19,zabar,|UD.KA.BAR|,<(...)>
P382585,"CT 11, pl. 35, 1876-04-13, 001",Neo-Assyrian,Nineveh,Diri,o i' 19a,zabar,|UD.KA.BAR|,<(...)>
P382585,"CT 11, pl. 35, 1876-04-13, 001",Neo-Assyrian,Nineveh,Diri,o i' 20,zabar,|UD.KA.BAR|,<(...)>
P382585,"CT 11, pl. 35, 1876-04-13, 001",Neo-Assyrian,Nineveh,Diri,o i' 20a,zabar,|UD.KA.BAR|,<(...)>
P382585,"CT 11, pl. 35, 1876-04-13, 001",Neo-Assyrian,Nineveh,Diri,o i' 21,zabar,|UD.KA.BAR|,<(...)>
P382585,"CT 11, pl. 35, 1876-04-13, 001",Neo-Assyrian,Nineveh,Diri,o i' 21a,zabar,|UD.KA.BAR|,<(...)>
P382585,"CT 11, pl. 35, 1876-04-13, 001",Neo-Assyrian,Nineveh,Diri,o i' 22,zabar,|UD.KA.BAR|,<(...)>
P382585,"CT 11, pl. 35, 1876-04-13, 001",Neo-Assyrian,Nineveh,Diri,o i' 23,zabar,|UD.KA.BAR|,<(...)>
P382585,"CT 11, pl. 35, 1876-04-13, 001",Neo-Assyrian,Nineveh,Diri,o i' 24,zabar,|UD.KA.BAR|,<(...)>
P382585,"CT 11, pl. 35, 1876-04-13, 001",Neo-Assyrian,Nineveh,Diri,r i 1',di₄-di₄,<(TUR-TUR)>,<(du-mu
P382585,"CT 11, pl. 35, 1876-04-13, 001",Neo-Assyrian,Nineveh,Diri,r i 2',di₄-di₄,<(TUR-TUR)>,<(du-mu
P382585,"CT 11, pl. 35, 1876-04-13, 001",Neo-Assyrian,Nineveh,Diri,r i 3',di₄-di₄,<(TUR-TUR)>,<(du-mu
P382585,"CT 11, pl. 35, 1876-04-13, 001",Neo-Assyrian,Nineveh,Diri,r i 4',di₄-di₄,<(TUR-TUR)>,<(du-mu
P382585,"CT 11, pl. 35, 1876-04-13, 001",Neo-Assyrian,Nineveh,Diri,r i 5',di₄-di₄,<(TUR-TUR)>,<(du-mu
P382585,"CT 11, pl. 35, 1876-04-13, 001",Neo-Assyrian,Nineveh,Diri,r i 6',di₄-di₄,<(TUR-TUR)>,<(du-mu
P382585,"CT 11, pl. 35, 1876-04-13, 001",Neo-Assyrian,Nineveh,Diri,r i 6a',di₄-di₄,<(TUR-TUR)>,<(du-mu
P382585,"CT 11, pl. 35, 1876-04-13, 001",Neo-Assyrian,Nineveh,Diri,r i 7',di₄-di₄,<(TUR-TUR)>,<(du-mu
P382585,"CT 11, pl. 35, 1876-04-13, 001",Neo-Assyrian,Nineveh,Diri,r i 8',ibila,|DUMU.UŠ|,{<[MIN(du-mu)>}
P382585,"CT 11, pl. 35, 1876-04-13, 001",Neo-Assyrian,Nineveh,Diri,r i 8a',ibila,|DUMU.UŠ|,<(du-mu
P382585,"CT 11, pl. 35, 1876-04-13, 001",Neo-Assyrian,Nineveh,Diri,r i 8b',ibila,|DUMU.UŠ|,<(du-mu
P382585,"CT 11, pl. 35, 1876-04-13, 001",Neo-Assyrian,Nineveh,Diri,r i 9',ibila₂,|DUMU.ARAD|,{<[MIN(du-mu)>}
P382585,"CT 11, pl. 35, 1876-04-13, 001",Neo-Assyrian,Nineveh,Diri,r i 9a',ibila₂,|DUMU.ARAD|,<(du-mu
P382585,"CT 11, pl. 35, 1876-04-13, 001",Neo-Assyrian,Nineveh,Diri,r i 9b',ibila₂,|DUMU.ARAD|,<(du-mu
P382585,"CT 11, pl. 35, 1876-04-13, 001",Neo-Assyrian,Nineveh,Diri,r i 10',ibila₃,|DUMU.SAG|,{<[MIN(du-mu)>}
P382585,"CT 11, pl. 35, 1876-04-13, 001",Neo-Assyrian,Nineveh,Diri,r i 10a',ibila₃,|DUMU.SAG|,<(du-mu
P382585,"CT 11, pl. 35, 1876-04-13, 001",Neo-Assyrian,Nineveh,Diri,r i 10b',ibila₃,|DUMU.SAG|,<(du-mu
P382585,"CT 11, pl. 35, 1876-04-13, 001",Neo-Assyrian,Nineveh,Diri,r i 11',,ibilaₓ(|TUR.DIŠ|),{<[MIN(du-mu])>}
P382585,"CT 11, pl. 35, 1876-04-13, 001",Neo-Assyrian,Nineveh,Diri,r i 11a',<(...)>,ibilaₓ(|TUR.DIŠ|),<(du-mu
P382585,"CT 11, pl. 35, 1876-04-13, 001",Neo-Assyrian,Nineveh,Diri,r i 11b',<(...)>,ibilaₓ(|TUR.DIŠ|),<(du-mu
P382585,"CT 11, pl. 35, 1876-04-13, 001",Neo-Assyrian,Nineveh,Diri,r i 12',banda₃{da},,{<MIN(du-mu)>}
P382585,"CT 11, pl. 35, 1876-04-13, 001",Neo-Assyrian,Nineveh,Diri,r i 13',banda₃{da},,<(du-mu
P382585,"CT 11, pl. 35, 1876-04-13, 001",Neo-Assyrian,Nineveh,Diri,r i 14',banda₃{da},,<(du-mu
P382585,"CT 11, pl. 35, 1876-04-13, 001",Neo-Assyrian,Nineveh,Diri,r i 14a',banda₃{da},,<(du-mu
P382585,"CT 11, pl. 35, 1876-04-13, 001",Neo-Assyrian,Nineveh,Diri,r i 15',banda₃{da},,<(du-mu
P382585,"CT 11, pl. 35, 1876-04-13, 001",Neo-Assyrian,Nineveh,Diri,r i 15a',banda₃{da},,<(du-mu
P382585,"CT 11, pl. 35, 1876-04-13, 001",Neo-Assyrian,Nineveh,Diri,r i 16',banda₃{da},,<(du-mu
P382585,"CT 11, pl. 35, 1876-04-13, 001",Neo-Assyrian,Nineveh,Diri,r i 17',banda₃{da},,<(du-mu
P382585,"CT 11, pl. 35, 1876-04-13, 001",Neo-Assyrian,Nineveh,Diri,r i 18',banda₃{da},,<(du-mu
P382585,"CT 11, pl. 35, 1876-04-13, 001",Neo-Assyrian,Nineveh,Diri,r i 19',banda₃{da},,<(du-mu
P382585,"CT 11, pl. 35, 1876-04-13, 001",Neo-Assyrian,Nineveh,Diri,r i 20',hibiz,|DUMU.DIŠ|,ru-uš-šu₂-u
P382585,"CT 11, pl. 35, 1876-04-13, 001",Neo-Assyrian,Nineveh,Diri,r i 21',hibiz,|DUMU.DIŠ|,<(...)>
P382585,"CT 11, pl. 35, 1876-04-13, 001",Neo-Assyrian,Nineveh,Diri,r i 22',hibiz,|DUMU.DIŠ|,<(...)>
P382585,"CT 11, pl. 35, 1876-04-13, 001",Neo-Assyrian,Nineveh,Diri,r i 23',hibiz,|DUMU.DIŠ|,<(...)>
P382585,"CT 11, pl. 35, 1876-04-13, 001",Neo-Assyrian,Nineveh,Diri,r i 24',hibiz,|DUMU.DIŠ|,<(...)>
P382587,"CT 11, pl. 35, K 12827",Neo-Assyrian,Nineveh,Diri,i' 1',zimbir{ki},|UD.GIŠ%GIŠ.NUN|{⸢ki⸣},
P382587,"CT 11, pl. 35, K 12827",Neo-Assyrian,Nineveh,Diri,i' 2',ararma{ki},|UD.UNUG|{ki},
P382587,"CT 11, pl. 35, K 12827",Neo-Assyrian,Nineveh,Diri,i' 3',sirara₂{ki},|UD.MA₂.AB×HA.ŠIR|{ki},
P382587,"CT 11, pl. 35, K 12827",Neo-Assyrian,Nineveh,Diri,i' 4',iti₆,|UD.AN.ŠEŠ.KI|,
P382587,"CT 11, pl. 35, K 12827",Neo-Assyrian,Nineveh,Diri,i' 5',iti₆,|UD.AN.ŠEŠ.KI|,<(...)>
P382587,"CT 11, pl. 35, K 12827",Neo-Assyrian,Nineveh,Diri,i' 6',iti₆,|UD.AN.ŠEŠ.KI|,<(...)>
P382587,"CT 11, pl. 35, K 12827",Neo-Assyrian,Nineveh,Diri,i' 7',e₃,|UD.DU|,⸢x⸣-[...]
P382606,"CT 11, pl. 39, K 08302",Neo-Assyrian,Nineveh,Diri,i' 1',,|IM.KAD₃|,[...]-⸢x
P382606,"CT 11, pl. 39, K 08302",Neo-Assyrian,Nineveh,Diri,i' 2',<(...)>,|IM.KAD₃|,<(...)>
P382606,"CT 11, pl. 39, K 08302",Neo-Assyrian,Nineveh,Diri,i' 3',<(...)>,|IM.KAD₃|,<(...)>
P382606,"CT 11, pl. 39, K 08302",Neo-Assyrian,Nineveh,Diri,i' 4',<(...)>,|IM.KAD₃|,<(...)>
P382606,"CT 11, pl. 39, K 08302",Neo-Assyrian,Nineveh,Diri,i' 5',<(...)>,|IM.KAD₃|,<(...)>
P382606,"CT 11, pl. 39, K 08302",Neo-Assyrian,Nineveh,Diri,i' 6',kid₇,|IM.TAK₄|,im
P382606,"CT 11, pl. 39, K 08302",Neo-Assyrian,Nineveh,Diri,i' 6a',kid₇,|IM.TAK₄|,<(im
P382606,"CT 11, pl. 39, K 08302",Neo-Assyrian,Nineveh,Diri,i' 6b',kid₇,|IM.TAK₄|,<(im
P382606,"CT 11, pl. 39, K 08302",Neo-Assyrian,Nineveh,Diri,i' 6š',kid₇,|IM.TAK₄|,<(im
P382606,"CT 11, pl. 39, K 08302",Neo-Assyrian,Nineveh,Diri,i' 6d',kid₇,|IM.TAK₄|,<(im
P382606,"CT 11, pl. 39, K 08302",Neo-Assyrian,Nineveh,Diri,i' 7',buru₄{mušen},|NU₁₁.BUR|{mušen]},si-⸢ir
P382606,"CT 11, pl. 39, K 08302",Neo-Assyrian,Nineveh,Diri,i' 8',lagaš{ki},|NU₁₁.BUR.LA|{⸢ki⸣},{<MIN(si-ir)>}
P382606,"CT 11, pl. 39, K 08302",Neo-Assyrian,Nineveh,Diri,i' 9',gala,|UŠ.KU|,ni-ta-ah
P382606,"CT 11, pl. 39, K 08302",Neo-Assyrian,Nineveh,Diri,i' 10',gala,|ARAD.KU|,ni-it-ta
P382606,"CT 11, pl. 39, K 08302",Neo-Assyrian,Nineveh,Diri,i' 11',bunga,|UŠ.GA|,ni-ta-ah
P382606,"CT 11, pl. 39, K 08302",Neo-Assyrian,Nineveh,Diri,i' 12',bunga,|UŠ.GA|,<(ni-ta-ah
P382606,"CT 11, pl. 39, K 08302",Neo-Assyrian,Nineveh,Diri,i' 13',bunga,|UŠ.GA|,<(ni-ta-ah
P382606,"CT 11, pl. 39, K 08302",Neo-Assyrian,Nineveh,Diri,i' 14',bunga,|UŠ.GA|,<(ni-ta-ah
P382606,"CT 11, pl. 39, K 08302",Neo-Assyrian,Nineveh,Diri,i' 15',ŋitlam₂,|UŠ.DAM|,dam-ma-ku
P382606,"CT 11, pl. 39, K 08302",Neo-Assyrian,Nineveh,Diri,i' 16',ŋitlam₃,|UŠ.SAL.DAM|,[...]-⸢x-x⸣
P382623,"CT 11, pl. 43, K 13691",Neo-Assyrian,Nineveh,Diri,i' 1',,|KI.KU.LU₂|,
P382623,"CT 11, pl. 43, K 13691",Neo-Assyrian,Nineveh,Diri,i' 2',<(...)>,|KI.KU.LU₂|,
P382623,"CT 11, pl. 43, K 13691",Neo-Assyrian,Nineveh,Diri,i' 3',sur₇,|KI.DU₃|,
P382623,"CT 11, pl. 43, K 13691",Neo-Assyrian,Nineveh,Diri,i' 4',sur₆,|KI.GAL|,
P382623,"CT 11, pl. 43, K 13691",Neo-Assyrian,Nineveh,Diri,i' 5',kissa,|KI.ŠEŠ.DU₃|,
P382623,"CT 11, pl. 43, K 13691",Neo-Assyrian,Nineveh,Diri,i' 6',kissa,|KI.ŠEŠ.DU₃|,
P382623,"CT 11, pl. 43, K 13691",Neo-Assyrian,Nineveh,Diri,i' 6a',kissa,|KI.ŠEŠ.DU₃|,<(...)>
P382623,"CT 11, pl. 43, K 13691",Neo-Assyrian,Nineveh,Diri,i' 7',bur₁₁,|KI.EN.KAK|,
P382623,"CT 11, pl. 43, K 13691",Neo-Assyrian,Nineveh,Diri,i' 8',šiten,|KI.DU.KAK|,
P382623,"CT 11, pl. 43, K 13691",Neo-Assyrian,Nineveh,Diri,i' 9',daggan,|KI.URU×MIN|,
P382628,"CT 11, pl. 43, Rm 0611",Neo-Assyrian,Nineveh,Diri,o i' 1',[...]-⸢x⸣,|4x(TAR.LIMMU₂)|,⸢x⸣
P382628,"CT 11, pl. 43, Rm 0611",Neo-Assyrian,Nineveh,Diri,o i' 2',[...]-⸢ru⸣,|(EN%EN).(EN%EN)|,en
P382628,"CT 11, pl. 43, Rm 0611",Neo-Assyrian,Nineveh,Diri,o i' 3',{<⸢MIN⸣(...)>},|4x(LUGAL.X)|,i-gi
P382628,"CT 11, pl. 43, Rm 0611",Neo-Assyrian,Nineveh,Diri,r i' 1',[...]-šu,,⸢x⸣
P382628,"CT 11, pl. 43, Rm 0611",Neo-Assyrian,Nineveh,Diri,r i' 2',gugu₂,|4x(EZEN×KASKAL)|,ša₂
P382628,"CT 11, pl. 43, Rm 0611",Neo-Assyrian,Nineveh,Diri,r i' 3',[x]-⸢x-x⸣,{d}|IM%IM|,a-na
P382628,"CT 11, pl. 43, Rm 0611",Neo-Assyrian,Nineveh,Diri,r i' 4',{d}mermer,{d}|EN%EN|,a-na
P382629,"CT 11, pl. 43, Rm 0600",Neo-Assyrian,Nineveh,Diri,r i' 1',{ŋeš}ŋisal,{ŋeš}|BI.GIŠ|,{<⸢MIN⸣(...)>}
P382629,"CT 11, pl. 43, Rm 0600",Neo-Assyrian,Nineveh,Diri,r i' 2',{ŋeš}gi-muš,,{<MIN(...)>}
P382629,"CT 11, pl. 43, Rm 0600",Neo-Assyrian,Nineveh,Diri,r i' 3',{ŋeš}muštaptin,{ŋeš}|DUG.SILA₃.BUR|,{<[MIN(...])>}
P382629,"CT 11, pl. 43, Rm 0600",Neo-Assyrian,Nineveh,Diri,r i' 4',ŋeš-kuwa₂,{ŋeš}|UD.KUŠU₂|,{<[MIN(...])>}
P382629,"CT 11, pl. 43, Rm 0600",Neo-Assyrian,Nineveh,Diri,r i' 5',{ŋeš}šita₂,{ŋeš}|NI.DIŠ.GIŠ|,
P382629,"CT 11, pl. 43, Rm 0600",Neo-Assyrian,Nineveh,Diri,r i' 6',{ŋeš}buru₉,{ŋeš}|IDIM&IDIM.BUR|,
P382629,"CT 11, pl. 43, Rm 0600",Neo-Assyrian,Nineveh,Diri,r i' 7',{ŋeš}gurun,{ŋeš}|4xIDIM|,{<MIN(...)>}
P382629,"CT 11, pl. 43, Rm 0600",Neo-Assyrian,Nineveh,Diri,r i' 7a',{ŋeš}gurun,{<(ŋeš}|4xIDIM|,<(...)>
P382629,"CT 11, pl. 43, Rm 0600",Neo-Assyrian,Nineveh,Diri,r i' 8',{ŋeš}sugin,,{<MIN(...)>}
P382629,"CT 11, pl. 43, Rm 0600",Neo-Assyrian,Nineveh,Diri,r i' 9',{ŋeš}sugin,,{<MIN(...)>}
P382629,"CT 11, pl. 43, Rm 0600",Neo-Assyrian,Nineveh,Diri,r i' 10',{ŋeš}sugin,,{<MIN(...)>}
P382629,"CT 11, pl. 43, Rm 0600",Neo-Assyrian,Nineveh,Diri,r i' 11',{ŋeš}mudul,,{<MIN(...)>}
P382629,"CT 11, pl. 43, Rm 0600",Neo-Assyrian,Nineveh,Diri,r i' 12',{ŋeš}mudul,,<(...)>
P382629,"CT 11, pl. 43, Rm 0600",Neo-Assyrian,Nineveh,Diri,r i' 13',{ŋeš}mudul,,<(...)>
P382629,"CT 11, pl. 43, Rm 0600",Neo-Assyrian,Nineveh,Diri,r i' 14',{ŋeš}mudul,,<(...)>
P382629,"CT 11, pl. 43, Rm 0600",Neo-Assyrian,Nineveh,Diri,r i' 15',{ŋeš}mudul,,<(...)>
P382629,"CT 11, pl. 43, Rm 0600",Neo-Assyrian,Nineveh,Diri,r i' 16',{ŋeš}madal,,
P382629,"CT 11, pl. 43, Rm 0600",Neo-Assyrian,Nineveh,Diri,r i' 17',{ŋeš}madal,,<(...)>
P382629,"CT 11, pl. 43, Rm 0600",Neo-Assyrian,Nineveh,Diri,r i' 18',{ŋeš}madal,,<(...)>
P382629,"CT 11, pl. 43, Rm 0600",Neo-Assyrian,Nineveh,Diri,r i' 19',{ŋeš}madal,,<(...)>
P382629,"CT 11, pl. 43, Rm 0600",Neo-Assyrian,Nineveh,Diri,r i' 20',{ŋeš}madal,,<(...)>
P382629,"CT 11, pl. 43, Rm 0600",Neo-Assyrian,Nineveh,Diri,r i' 21',{ŋeš}mulla,,
P382629,"CT 11, pl. 43, Rm 0600",Neo-Assyrian,Nineveh,Diri,r i' 22',{ŋeš}mulla,,<(...)>
P382629,"CT 11, pl. 43, Rm 0600",Neo-Assyrian,Nineveh,Diri,r i' 24',{ŋeš}malla,,
P382629,"CT 11, pl. 43, Rm 0600",Neo-Assyrian,Nineveh,Diri,r i' 25',{ŋeš}malla,,<(...)>
P382629,"CT 11, pl. 43, Rm 0600",Neo-Assyrian,Nineveh,Diri,r i' 27',{ŋeš}gazinbu,,{<MIN(...)>}
P382629,"CT 11, pl. 43, Rm 0600",Neo-Assyrian,Nineveh,Diri,r i' 28',{ŋeš}gazinbu,,<(...)>
P382629,"CT 11, pl. 43, Rm 0600",Neo-Assyrian,Nineveh,Diri,r i' 29',{ŋeš}šaški,,{<MIN(...)>}
P382629,"CT 11, pl. 43, Rm 0600",Neo-Assyrian,Nineveh,Diri,r i' 30',ŋeš-kim₃,,{<MIN(...)>}
P382629,"CT 11, pl. 43, Rm 0600",Neo-Assyrian,Nineveh,Diri,r i' 31',{ŋeš}gidim₃,,{<MIN(...)>}
P382629,"CT 11, pl. 43, Rm 0600",Neo-Assyrian,Nineveh,Diri,r i' 32',ŋeš-bu₁₀,GIŠ-|PAP.PAP|,⸢bu⸣-[...]
P382631,"CT 11, pl. 44, K 14396",Neo-Assyrian,Nineveh,Diri,i' 1',⸢x⸣,,
P382631,"CT 11, pl. 44, K 14396",Neo-Assyrian,Nineveh,Diri,i' 2',,⸢GILIM⸣,
P382631,"CT 11, pl. 44, K 14396",Neo-Assyrian,Nineveh,Diri,i' 3',⸢kal⸣-la,,
P382631,"CT 11, pl. 44, K 14396",Neo-Assyrian,Nineveh,Diri,i' 4',niŋin,,
P382631,"CT 11, pl. 44, K 14396",Neo-Assyrian,Nineveh,Diri,i' 5',⸢x⸣,,
P382631,"CT 11, pl. 44, K 14396",Neo-Assyrian,Nineveh,Diri,i' 6',⸢x,,
P382631,"CT 11, pl. 44, K 14396",Neo-Assyrian,Nineveh,Diri,i' 7',⸢x,,
P382631,"CT 11, pl. 44, K 14396",Neo-Assyrian,Nineveh,Diri,i' 8',⸢x⸣,,
P382631,"CT 11, pl. 44, K 14396",Neo-Assyrian,Nineveh,Diri,i' 9',⸢x⸣,,
P382631,"CT 11, pl. 44, K 14396",Neo-Assyrian,Nineveh,Diri,i' 10',⸢x⸣,,
P382634,"CT 11, pl. 44, K 13683",Neo-Assyrian,Nineveh,Diri,frg.1 1',[...]-⸢x⸣,|GU%GU|{[ku₆]},
P382634,"CT 11, pl. 44, K 13683",Neo-Assyrian,Nineveh,Diri,frg.1 2',[...]-⸢ad⸣,,
P382634,"CT 11, pl. 44, K 13683",Neo-Assyrian,Nineveh,Diri,frg.1 3',[...]-⸢ak⸣,|U.KID|{[ku₆]},
P382634,"CT 11, pl. 44, K 13683",Neo-Assyrian,Nineveh,Diri,frg.1 4',edakua₂,|LAGAB×(A.DA.HA)|{[ku₆]},
P382634,"CT 11, pl. 44, K 13683",Neo-Assyrian,Nineveh,Diri,frg.1 5',edakua,|GA₂×(A.DA.HA)|{[ku₆]},
P382634,"CT 11, pl. 44, K 13683",Neo-Assyrian,Nineveh,Diri,frg.1 6',[...]-⸢a⸣,,
P382634,"CT 11, pl. 44, K 13683",Neo-Assyrian,Nineveh,Diri,frg.1 7',gigam,|LU₂@LU₂|,
P382634,"CT 11, pl. 44, K 13683",Neo-Assyrian,Nineveh,Diri,frg.1 8',inbir,|LU₂@LU₂|,
P382634,"CT 11, pl. 44, K 13683",Neo-Assyrian,Nineveh,Diri,frg.2 1',,{[urud]}|SI.A|,
P382634,"CT 11, pl. 44, K 13683",Neo-Assyrian,Nineveh,Diri,frg.2 2',{urud}uš₁₅,{[urud]}|SI.A|,⸢MIN⸣
P382634,"CT 11, pl. 44, K 13683",Neo-Assyrian,Nineveh,Diri,frg.2 3',{urud}nun₂,{⸢urud⸣}|A.HA.TAR.DU|,⸢MIN⸣
P382634,"CT 11, pl. 44, K 13683",Neo-Assyrian,Nineveh,Diri,frg.2 4',{urud}nunmeli,{⸢urud⸣}|BAR.HU.KAK|,⸢MIN⸣
P382634,"CT 11, pl. 44, K 13683",Neo-Assyrian,Nineveh,Diri,frg.2 5',{urud}šum-gam-me,{⸢urud⸣}|TAG.GAM.ME|,⸢MIN⸣
P382634,"CT 11, pl. 44, K 13683",Neo-Assyrian,Nineveh,Diri,frg.2 6',{urud}šen,{[urud]}|SU×A|,MIN
P382634,"CT 11, pl. 44, K 13683",Neo-Assyrian,Nineveh,Diri,frg.2 7',{urud}šen,{[urud]}|SU×A|,⸢MIN⸣
P382634,"CT 11, pl. 44, K 13683",Neo-Assyrian,Nineveh,Diri,frg.3 2',tibira,|URUDA.NAGAR|,⸢gur-gur⸣-[ru]
P382634,"CT 11, pl. 44, K 13683",Neo-Assyrian,Nineveh,Diri,frg.3 4',uludin₂,|IGI@g.ALAN|,[...
P382634,"CT 11, pl. 44, K 13683",Neo-Assyrian,Nineveh,Diri,frg.3 5',uktin,|IGI@g.ALAN|,[MIN]
P382634,"CT 11, pl. 44, K 13683",Neo-Assyrian,Nineveh,Diri,frg.3 6',uktin,|IGI@g.ALAN|,[MIN]
P382646,"CT 11, pl. 45-48, K 04174",Neo-Assyrian,Nineveh,Diri,o i 1,šimbirida{sar},|U₂.KUR.RA|{sar},⸢u₂⸣
P382646,"CT 11, pl. 45-48, K 04174",Neo-Assyrian,Nineveh,Diri,o i 2,{u₂}azugna{sar},{⸢u₂⸣}|HI+AŠ₂.SAG|{sar},⸢u₂⸣
P382646,"CT 11, pl. 45-48, K 04174",Neo-Assyrian,Nineveh,Diri,o i 3,{u₂}gamun{sar},{u₂}|DIN.ŠE.NUN&NUN|{sar},⸢u₂⸣
P382646,"CT 11, pl. 45-48, K 04174",Neo-Assyrian,Nineveh,Diri,o i 4,{u₂}sullim{sar},{u₂}|EN×GAN₂@t|{sar},u₂
P382646,"CT 11, pl. 45-48, K 04174",Neo-Assyrian,Nineveh,Diri,o i 5,{u₂}sumunda{sar},{u₂}|LAGAR@g&LAGAR@g.ŠE|{sar},u₂
P382646,"CT 11, pl. 45-48, K 04174",Neo-Assyrian,Nineveh,Diri,o i 6,{u₂}te₃,,u₂
P382646,"CT 11, pl. 45-48, K 04174",Neo-Assyrian,Nineveh,Diri,o i 7,{u₂}te₃,,<(u₂
P382646,"CT 11, pl. 45-48, K 04174",Neo-Assyrian,Nineveh,Diri,o i 8,{u₂}te₃,,<(u₂
P382646,"CT 11, pl. 45-48, K 04174",Neo-Assyrian,Nineveh,Diri,o i 9,{u₂}kutra,{u₂}|KI.AN.IM|,u₂
P382646,"CT 11, pl. 45-48, K 04174",Neo-Assyrian,Nineveh,Diri,o i 10,{u₂}ninni₅,{u₂}|(ŠE.NUN&NUN)&(ŠE.NUN&NUN)|,u₂
P382646,"CT 11, pl. 45-48, K 04174",Neo-Assyrian,Nineveh,Diri,o i 11,{u₂}gin₄,{u₂}|ZI&ZI.LAGAB|,u₂
P382646,"CT 11, pl. 45-48, K 04174",Neo-Assyrian,Nineveh,Diri,o i 12,{u₂}aški,{u₂}|ZI&ZI.LAGAB|,{<MIN(u₂)>}
P382646,"CT 11, pl. 45-48, K 04174",Neo-Assyrian,Nineveh,Diri,o i 13,{u₂}šub₅,{u₂}|ZI&ZI.LAGAB|,{<MIN(u₂)>}
P382646,"CT 11, pl. 45-48, K 04174",Neo-Assyrian,Nineveh,Diri,o i 14,{u₂}numun₂,{u₂}|ZI&ZI.LAGAB|,{<⸢MIN⸣(u₂)>}
P382646,"CT 11, pl. 45-48, K 04174",Neo-Assyrian,Nineveh,Diri,o i 15,{u₂}ušuš,|U₂.GA₂×X|,⸢u₂
P382646,"CT 11, pl. 45-48, K 04174",Neo-Assyrian,Nineveh,Diri,o i 16,[x]-⸢x⸣-[x],,⸢u₂
P382646,"CT 11, pl. 45-48, K 04174",Neo-Assyrian,Nineveh,Diri,o i 25,gud₃,|U₂.KI.SUM.GA|,[...]-⸢x-ku⸣
P382646,"CT 11, pl. 45-48, K 04174",Neo-Assyrian,Nineveh,Diri,o i 26,gud₃,|U₂.KI.SUM.GA|,<([...]-x-ku)>
P382646,"CT 11, pl. 45-48, K 04174",Neo-Assyrian,Nineveh,Diri,o i 27,gud₃,|U₂.KI.SUM.GA|,<([...]-x-ku)>
P382646,"CT 11, pl. 45-48, K 04174",Neo-Assyrian,Nineveh,Diri,o i 28,a-za-ad,{u₂}azad(|A.LAGAB×HAL.ŠU₂.A|),[...
P382646,"CT 11, pl. 45-48, K 04174",Neo-Assyrian,Nineveh,Diri,o i 29,dimuš,|U₂.GIŠ.MI|,⸢u₂
P382646,"CT 11, pl. 45-48, K 04174",Neo-Assyrian,Nineveh,Diri,o i 30,dimuš,|U₂.GIŠ.MI|,<(u₂
P382646,"CT 11, pl. 45-48, K 04174",Neo-Assyrian,Nineveh,Diri,o i 31,dimuš,|U₂.GIŠ.MI|,<(u₂
P382646,"CT 11, pl. 45-48, K 04174",Neo-Assyrian,Nineveh,Diri,o i 32,dimuš,|U₂.GIŠ.MI|,<(u₂
P382646,"CT 11, pl. 45-48, K 04174",Neo-Assyrian,Nineveh,Diri,o i 33,dimuš,|U₂.GIŠ.MI|,<(u₂
P382646,"CT 11, pl. 45-48, K 04174",Neo-Assyrian,Nineveh,Diri,o i 34,dimuš,|U₂.GIŠ.MI|,<(u₂
P382646,"CT 11, pl. 45-48, K 04174",Neo-Assyrian,Nineveh,Diri,o i 35,dimuš,|U₂.GIŠ.MI|,<(u₂
P382646,"CT 11, pl. 45-48, K 04174",Neo-Assyrian,Nineveh,Diri,o i 36,{u₂}šakira,{u₂}|URU×(MIN.GU)|,u₂
P382646,"CT 11, pl. 45-48, K 04174",Neo-Assyrian,Nineveh,Diri,o i 37,{u₂}šakira₂,{u₂}|KI.AN.UD|,⸢u₂⸣
P382646,"CT 11, pl. 45-48, K 04174",Neo-Assyrian,Nineveh,Diri,o i 38,uga{mušen},|U₂.NAGA.GA|{mušen},u₂
P382646,"CT 11, pl. 45-48, K 04174",Neo-Assyrian,Nineveh,Diri,o i 39,[x]-⸢x-gi⸣,,
P382646,"CT 11, pl. 45-48, K 04174",Neo-Assyrian,Nineveh,Diri,o i 40,kuzbi{ki},,
P382646,"CT 11, pl. 45-48, K 04174",Neo-Assyrian,Nineveh,Diri,o i 41,kazbi{ki},,
P382646,"CT 11, pl. 45-48, K 04174",Neo-Assyrian,Nineveh,Diri,o i 42,kazabur{ki},,
P382646,"CT 11, pl. 45-48, K 04174",Neo-Assyrian,Nineveh,Diri,o i 43,⸢šam⸣-mi,,
P382646,"CT 11, pl. 45-48, K 04174",Neo-Assyrian,Nineveh,Diri,o i 44,uzug₂,|U₂.KA|,
P382646,"CT 11, pl. 45-48, K 04174",Neo-Assyrian,Nineveh,Diri,o i 45,uzug₃,|U₂.SAG|,
P382646,"CT 11, pl. 45-48, K 04174",Neo-Assyrian,Nineveh,Diri,o i 46,X,U₂-[X-X-X],
P382646,"CT 11, pl. 45-48, K 04174",Neo-Assyrian,Nineveh,Diri,o i 47,[...]-⸢x⸣,,
P382646,"CT 11, pl. 45-48, K 04174",Neo-Assyrian,Nineveh,Diri,o ii 2,⸢x⸣-[...],,
P382646,"CT 11, pl. 45-48, K 04174",Neo-Assyrian,Nineveh,Diri,o ii 3,⸢ke-e-x⸣,,
P382646,"CT 11, pl. 45-48, K 04174",Neo-Assyrian,Nineveh,Diri,o ii 4,šuruppak{ki},,[...]-⸢x⸣
P382646,"CT 11, pl. 45-48, K 04174",Neo-Assyrian,Nineveh,Diri,o ii 5,aratta{ki},,⸢ša₂
P382646,"CT 11, pl. 45-48, K 04174",Neo-Assyrian,Nineveh,Diri,o ii 6,aratta{ki},,<(ša₂
P382646,"CT 11, pl. 45-48, K 04174",Neo-Assyrian,Nineveh,Diri,o ii 7,aratta{ki},,<(ša₂
P382646,"CT 11, pl. 45-48, K 04174",Neo-Assyrian,Nineveh,Diri,o ii 8,tin-tir{ki},DIN-|ŠE.NUN&NUN|{⸢ki⸣},⸢te-en
P382646,"CT 11, pl. 45-48, K 04174",Neo-Assyrian,Nineveh,Diri,o ii 9,tin-tir{ki},<(DIN-|ŠE.NUN&NUN|{ki)>},<(te-en
P382646,"CT 11, pl. 45-48, K 04174",Neo-Assyrian,Nineveh,Diri,o ii 10,tin-tir{ki},<(DIN-|ŠE.NUN&NUN|{ki)>},<(te-en
P382646,"CT 11, pl. 45-48, K 04174",Neo-Assyrian,Nineveh,Diri,o ii 11,tin-tir{ki},<(DIN-|ŠE.NUN&NUN|{ki)>},<(te-en
P382646,"CT 11, pl. 45-48, K 04174",Neo-Assyrian,Nineveh,Diri,o ii 12,šušum{ki},|MUŠ₃.SIK₂.LAM|{⸢ki⸣},⸢mu⸣-[...]
P382646,"CT 11, pl. 45-48, K 04174",Neo-Assyrian,Nineveh,Diri,o ii 13,⸢du-x⸣,|EZEN×BAD.AN|{⸢ki⸣},⸢ba-ad
P382646,"CT 11, pl. 45-48, K 04174",Neo-Assyrian,Nineveh,Diri,o ii 14,⸢da-a-ar⸣,,{<⸢MIN⸣(ba-ad)>}
P382646,"CT 11, pl. 45-48, K 04174",Neo-Assyrian,Nineveh,Diri,o ii 15,⸢di-i-ri⸣,,{<⸢MIN⸣(ba-ad)>}
P382646,"CT 11, pl. 45-48, K 04174",Neo-Assyrian,Nineveh,Diri,o ii 16,⸢du-ur,,{<⸢MIN⸣(ba-ad)>}
P382646,"CT 11, pl. 45-48, K 04174",Neo-Assyrian,Nineveh,Diri,o ii 17,[...]-⸢x⸣,,⸢ša₂
P382646,"CT 11, pl. 45-48, K 04174",Neo-Assyrian,Nineveh,Diri,o ii 18,[...]-⸢im⸣,|EZEN×IGI@g|{⸢ki⸣},{<⸢MIN⸣(i-x-[x]-ku)>}
P382646,"CT 11, pl. 45-48, K 04174",Neo-Assyrian,Nineveh,Diri,o ii 19,[x]-⸢x-ak⸣,|EZEN×HA|{⸢ki⸣},{<MIN(i-x-[x]-ku)>}
P382646,"CT 11, pl. 45-48, K 04174",Neo-Assyrian,Nineveh,Diri,o ii 20,[x]-⸢ša-ga⸣,|EZEN×KU₃|{⸢ki⸣},{<MIN(i-x-[x]-ku)>}
P382646,"CT 11, pl. 45-48, K 04174",Neo-Assyrian,Nineveh,Diri,o ii 21,[x]-⸢gi⸣-na,|EZEN×X|{ki},{<MIN(i-x-[x]-ku)>}
P382646,"CT 11, pl. 45-48, K 04174",Neo-Assyrian,Nineveh,Diri,o ii 22,[...]-⸢na⸣,|EZEN×X|{ki},{<⸢MIN⸣(i-x-[x]-ku)>}
P382646,"CT 11, pl. 45-48, K 04174",Neo-Assyrian,Nineveh,Diri,o ii 23,[...]-⸢x⸣,|NINDA₂×(U₂.AŠ)|,ša₂
P382646,"CT 11, pl. 45-48, K 04174",Neo-Assyrian,Nineveh,Diri,o ii 24,,|LAGAB×A|{ki},ša₂
P382646,"CT 11, pl. 45-48, K 04174",Neo-Assyrian,Nineveh,Diri,o ii 25,,|LAGAB×A|{ki},{<MIN(ša₂)>}
P382646,"CT 11, pl. 45-48, K 04174",Neo-Assyrian,Nineveh,Diri,o ii 26,,|LAGAB×A|{⸢ki⸣},{<⸢MIN⸣(ša₂)>}
P382646,"CT 11, pl. 45-48, K 04174",Neo-Assyrian,Nineveh,Diri,o ii 27,[...]-⸢ib⸣,|URU×UD|{⸢ki⸣},⸢ša₂⸣
P382646,"CT 11, pl. 45-48, K 04174",Neo-Assyrian,Nineveh,Diri,o ii 28,[...]-ši-⸢ib⸣,|URU×HA|{⸢ki⸣},{<⸢MIN⸣(ša₂)>}
P382646,"CT 11, pl. 45-48, K 04174",Neo-Assyrian,Nineveh,Diri,o ii 29,urutamga₂{ki},|URU×UD|{ki},{<⸢MIN⸣(ša₂)>}
P382646,"CT 11, pl. 45-48, K 04174",Neo-Assyrian,Nineveh,Diri,o ii 30,ururim{ki},|URU×UD|{⸢ki⸣},{<⸢MIN⸣(ša₂)>}
P382646,"CT 11, pl. 45-48, K 04174",Neo-Assyrian,Nineveh,Diri,o ii 31,[a]-⸢ra⸣-ri-im,ararimₓ(|URU×UD|){ki},{<⸢MIN⸣(ša₂)>}
P382646,"CT 11, pl. 45-48, K 04174",Neo-Assyrian,Nineveh,Diri,o ii 32,šeššeg{ki},|URU×TU.URU×TU|{ki},{<⸢MIN⸣(ša₂)>}
P382646,"CT 11, pl. 45-48, K 04174",Neo-Assyrian,Nineveh,Diri,o ii 33,šeššeg{ki},|URU×TU.URU×TU|{ki},
P382646,"CT 11, pl. 45-48, K 04174",Neo-Assyrian,Nineveh,Diri,o ii 34,šeŋ₁₄,|IM.A.AN|,[zu]-⸢un⸣-[nu]
P382646,"CT 11, pl. 45-48, K 04174",Neo-Assyrian,Nineveh,Diri,o ii 35,aŋar₅,|IM%IM|,⸢ra⸣-a-⸢du⸣
P382646,"CT 11, pl. 45-48, K 04174",Neo-Assyrian,Nineveh,Diri,o ii 36,aŋar₆,|IM.DUGUD|,[...]-⸢x⸣
P382646,"CT 11, pl. 45-48, K 04174",Neo-Assyrian,Nineveh,Diri,o ii 39,dungu,|IM.SI.A|,[im]
P382646,"CT 11, pl. 45-48, K 04174",Neo-Assyrian,Nineveh,Diri,o ii 42,suhul₂,,[im
P382646,"CT 11, pl. 45-48, K 04174",Neo-Assyrian,Nineveh,Diri,o ii 43,suhul₃,,[im
P382646,"CT 11, pl. 45-48, K 04174",Neo-Assyrian,Nineveh,Diri,o ii 44,dalhamun₆,|IM%IM|,[im
P382646,"CT 11, pl. 45-48, K 04174",Neo-Assyrian,Nineveh,Diri,o ii 45,dalhamun,|IM.ŠITA|,[im]
P382646,"CT 11, pl. 45-48, K 04174",Neo-Assyrian,Nineveh,Diri,o ii 46,[IM{ki]},,⸢im⸣
P382646,"CT 11, pl. 45-48, K 04174",Neo-Assyrian,Nineveh,Diri,o ii 47,[IM{ki]},,⸢im⸣
P382646,"CT 11, pl. 45-48, K 04174",Neo-Assyrian,Nineveh,Diri,o ii 48,[IM{ki]},,[im]
P382646,"CT 11, pl. 45-48, K 04174",Neo-Assyrian,Nineveh,Diri,r i 5',<([...])>,,<([...]-x-ku)>
P382646,"CT 11, pl. 45-48, K 04174",Neo-Assyrian,Nineveh,Diri,r i 6',{gi}ušub,{gi}|SI.A|,gi
P382646,"CT 11, pl. 45-48, K 04174",Neo-Assyrian,Nineveh,Diri,r i 7',gi,GI,gi
P382646,"CT 11, pl. 45-48, K 04174",Neo-Assyrian,Nineveh,Diri,r i 8',{gi}gibil₂,{gi}|ŠU₂.AŠ₂|,gi
P382646,"CT 11, pl. 45-48, K 04174",Neo-Assyrian,Nineveh,Diri,r i 9',{gi}gibil₂,{<(gi}|ŠU₂.AŠ₂|,<(gi
P382646,"CT 11, pl. 45-48, K 04174",Neo-Assyrian,Nineveh,Diri,r i 10',{gi}garadin₄,{⸢gi⸣}|(ŠE.NUN&NUN)&(ŠE.NUN&NUN).LAGAB.LAGAB|,gi
P382646,"CT 11, pl. 45-48, K 04174",Neo-Assyrian,Nineveh,Diri,r i 11',{gi}garadin₄,{<(gi⸣}|(ŠE.NUN&NUN)&(ŠE.NUN&NUN).LAGAB.LAGAB|,<(gi
P382646,"CT 11, pl. 45-48, K 04174",Neo-Assyrian,Nineveh,Diri,r i 11'a,{gi}garadin₄,{<(gi}|(ŠE.NUN&NUN)&(ŠE.NUN&NUN).LAGAB.LAGAB|,<(gi
P382646,"CT 11, pl. 45-48, K 04174",Neo-Assyrian,Nineveh,Diri,r i 12',{[gi]}⸢KID⸣-MAH,,gi
P382646,"CT 11, pl. 45-48, K 04174",Neo-Assyrian,Nineveh,Diri,r i 12'a,<([...])>,,<(gi
P382646,"CT 11, pl. 45-48, K 04174",Neo-Assyrian,Nineveh,Diri,r i 13',,{gi}|KID.MA₂.ŠU₂.A|,gi
P382646,"CT 11, pl. 45-48, K 04174",Neo-Assyrian,Nineveh,Diri,r i 13'a,<([...])>,{<([gi]}|KID.MA₂.ŠU₂.A|,<(gi
P382646,"CT 11, pl. 45-48, K 04174",Neo-Assyrian,Nineveh,Diri,r i 14',,{[gi]}⸢KID⸣-|LAGAB.LAGAB|,gi
P382646,"CT 11, pl. 45-48, K 04174",Neo-Assyrian,Nineveh,Diri,r i 14'a,<([...])>,{<([gi]}KID-|LAGAB.LAGAB|,<(gi
P382646,"CT 11, pl. 45-48, K 04174",Neo-Assyrian,Nineveh,Diri,r i 15',{gi}guhšu,{[gi]}|SIG₄&SIG₄.ŠU₂|,gi
P382646,"CT 11, pl. 45-48, K 04174",Neo-Assyrian,Nineveh,Diri,r i 16',,{⸢gi⸣}|LAGAB×A|,gi
P382646,"CT 11, pl. 45-48, K 04174",Neo-Assyrian,Nineveh,Diri,r i 17',,{[gi]}|LAGAB×BI|,gi
P382646,"CT 11, pl. 45-48, K 04174",Neo-Assyrian,Nineveh,Diri,r i 18',{[gi]}⸢IL₂⸣,,gi
P382646,"CT 11, pl. 45-48, K 04174",Neo-Assyrian,Nineveh,Diri,r i 19',{[gi]}LAGAB,,gi
P382646,"CT 11, pl. 45-48, K 04174",Neo-Assyrian,Nineveh,Diri,r i 20',{[gi}GAR]-GAN₂,,gi
P382646,"CT 11, pl. 45-48, K 04174",Neo-Assyrian,Nineveh,Diri,r i 21',{[gi}GAR]-DIŠ,,⸢gi
P382646,"CT 11, pl. 45-48, K 04174",Neo-Assyrian,Nineveh,Diri,r i 22',{[gi}DIŠ]-⸢GAR⸣,,⸢gi
P382646,"CT 11, pl. 45-48, K 04174",Neo-Assyrian,Nineveh,Diri,r i 23',{[gi}BAR]-⸢GAR⸣,,⸢gi⸣
P382646,"CT 11, pl. 45-48, K 04174",Neo-Assyrian,Nineveh,Diri,r i 24',{gi}bun₂,{[gi]}|KA×IM|,gi
P382646,"CT 11, pl. 45-48, K 04174",Neo-Assyrian,Nineveh,Diri,r i 25',{gi}šutug,,gi
P382646,"CT 11, pl. 45-48, K 04174",Neo-Assyrian,Nineveh,Diri,r i 26',{gi}šutug₂,{⸢gi⸣}|HI×NUN.ME|,⸢gi⸣
P382646,"CT 11, pl. 45-48, K 04174",Neo-Assyrian,Nineveh,Diri,r i 27',{gi}anzalub,{gi}|ŠA₃.GI|,gi
P382646,"CT 11, pl. 45-48, K 04174",Neo-Assyrian,Nineveh,Diri,r i 28',{gi}puglu,{gi}|ŠA₃.GI|,⸢gi⸣
P382646,"CT 11, pl. 45-48, K 04174",Neo-Assyrian,Nineveh,Diri,r i 29',kukku₃,|KI.KI|,⸢ki⸣
P382646,"CT 11, pl. 45-48, K 04174",Neo-Assyrian,Nineveh,Diri,r i 30',ku-⸢uk⸣-ku,|KI.KI|,⸢ki⸣
P382646,"CT 11, pl. 45-48, K 04174",Neo-Assyrian,Nineveh,Diri,r i 31',utte,|KI.KI|,⸢ki⸣
P382646,"CT 11, pl. 45-48, K 04174",Neo-Assyrian,Nineveh,Diri,r i 32',piš₁₀,|KI.A|,⸢ki
P382646,"CT 11, pl. 45-48, K 04174",Neo-Assyrian,Nineveh,Diri,r i 32'a,piš₁₀,|KI.A|,<(ki
P382646,"CT 11, pl. 45-48, K 04174",Neo-Assyrian,Nineveh,Diri,r i 33',piš₁₀,|KI.A|,<(ki
P382646,"CT 11, pl. 45-48, K 04174",Neo-Assyrian,Nineveh,Diri,r i 34',piš₁₀,|KI.A|,<(ki
P382646,"CT 11, pl. 45-48, K 04174",Neo-Assyrian,Nineveh,Diri,r i 35',piš₁₀,|KI.A|,<(ki
P382646,"CT 11, pl. 45-48, K 04174",Neo-Assyrian,Nineveh,Diri,r i 36',su₇,|LAGAR×ŠE|,ša₂
P382646,"CT 11, pl. 45-48, K 04174",Neo-Assyrian,Nineveh,Diri,r i 37',su₇,|LAGAR×ŠE|,<(ša₂
P382646,"CT 11, pl. 45-48, K 04174",Neo-Assyrian,Nineveh,Diri,r i 38',su₇,|LAGAR×ŠE|,<(ša₂
P382646,"CT 11, pl. 45-48, K 04174",Neo-Assyrian,Nineveh,Diri,r i 39',su₇,|LAGAR×ŠE|,<(ša₂
P382646,"CT 11, pl. 45-48, K 04174",Neo-Assyrian,Nineveh,Diri,r i 40',kislah,|KI.UD|,⸢ki
P382646,"CT 11, pl. 45-48, K 04174",Neo-Assyrian,Nineveh,Diri,r i 41',kislah,|KI.UD|,<(ki
P382646,"CT 11, pl. 45-48, K 04174",Neo-Assyrian,Nineveh,Diri,r i 42',kislah,|KI.UD|,<(ki
P382646,"CT 11, pl. 45-48, K 04174",Neo-Assyrian,Nineveh,Diri,r i 43',kislah,|KI.UD|,[<(ki
P382646,"CT 11, pl. 45-48, K 04174",Neo-Assyrian,Nineveh,Diri,r i 44',[x]-⸢x-x⸣,|KI.KAL|,[ki
P382646,"CT 11, pl. 45-48, K 04174",Neo-Assyrian,Nineveh,Diri,r i 45',,|KI.KAL|,
P382646,"CT 11, pl. 45-48, K 04174",Neo-Assyrian,Nineveh,Diri,r i 46',,|KI.KAL|,
P382646,"CT 11, pl. 45-48, K 04174",Neo-Assyrian,Nineveh,Diri,r i 47',,|KI.KAL|,
P382646,"CT 11, pl. 45-48, K 04174",Neo-Assyrian,Nineveh,Diri,r i 48',[x]-⸢x-x⸣,|KI.KAL|,⸢ki-i⸣
P382646,"CT 11, pl. 45-48, K 04174",Neo-Assyrian,Nineveh,Diri,r ii 1,dubad,|KI.KAL|,ki-i
P382646,"CT 11, pl. 45-48, K 04174",Neo-Assyrian,Nineveh,Diri,r ii 2,dubad,|KI.KAL|,<(ki-i
P382646,"CT 11, pl. 45-48, K 04174",Neo-Assyrian,Nineveh,Diri,r ii 3,dubad,|KI.KAL|,<(ki-i
P382646,"CT 11, pl. 45-48, K 04174",Neo-Assyrian,Nineveh,Diri,r ii 4,bad₄,|KI.KAL|,{<MIN(ki-i)>}
P382646,"CT 11, pl. 45-48, K 04174",Neo-Assyrian,Nineveh,Diri,r ii 5,bad₄,|KI.KAL|,<(ki-i)>
P382646,"CT 11, pl. 45-48, K 04174",Neo-Assyrian,Nineveh,Diri,r ii 6,bad₄,|KI.KAL|,<(ki-i)>
P382646,"CT 11, pl. 45-48, K 04174",Neo-Assyrian,Nineveh,Diri,r ii 7,hirim,|KI.KAL|,{<MIN(ki-i)>}
P382646,"CT 11, pl. 45-48, K 04174",Neo-Assyrian,Nineveh,Diri,r ii 8,uludin,|KI.KAL|,{<MIN(ki-i)>}
P382646,"CT 11, pl. 45-48, K 04174",Neo-Assyrian,Nineveh,Diri,r ii 9,garaš₂,|KI.KAL.BAD|,{<MIN(ki-i)>}
P382646,"CT 11, pl. 45-48, K 04174",Neo-Assyrian,Nineveh,Diri,r ii 10,garaš₂,|KI.KAL.IDIM|,{<MIN(ki-i)>}
P382646,"CT 11, pl. 45-48, K 04174",Neo-Assyrian,Nineveh,Diri,r ii 11,ugnim,|KI.SU.LU.EŠ₂.GAR|,{<MIN(ki-i)>}
P382646,"CT 11, pl. 45-48, K 04174",Neo-Assyrian,Nineveh,Diri,r ii 12,umman,|KI.SU.LU.EŠ₂.GAR|,{<MIN(ki-i)>}
P382646,"CT 11, pl. 45-48, K 04174",Neo-Assyrian,Nineveh,Diri,r ii 13,ešemen,|KI.E.NE.DI|,{<MIN(ki-i)>}
P382646,"CT 11, pl. 45-48, K 04174",Neo-Assyrian,Nineveh,Diri,r ii 14,ešemen₂,|KI.E.NE.DI.AN+MUŠ₃|,{<MIN(ki-i)>}
P382646,"CT 11, pl. 45-48, K 04174",Neo-Assyrian,Nineveh,Diri,r ii 15,absin,|KI.AŠ.AŠ|,{<MIN(ki-i)>}
P382646,"CT 11, pl. 45-48, K 04174",Neo-Assyrian,Nineveh,Diri,r ii 16,mel₃,|KI.NE|,{<MIN(ki-i)>}
P382646,"CT 11, pl. 45-48, K 04174",Neo-Assyrian,Nineveh,Diri,r ii 17,mel₃,|KI.NE|,<(ki-i)>
P382646,"CT 11, pl. 45-48, K 04174",Neo-Assyrian,Nineveh,Diri,r ii 18,gibil₃,|KI.NE|,{<MIN(ki-i)>}
P382646,"CT 11, pl. 45-48, K 04174",Neo-Assyrian,Nineveh,Diri,r ii 19,zi₇,|KI.NE|,{<MIN(ki-i)>}
P382646,"CT 11, pl. 45-48, K 04174",Neo-Assyrian,Nineveh,Diri,r ii 20,munu₂,|KI.NE|,{<MIN(ki-i)>}
P382646,"CT 11, pl. 45-48, K 04174",Neo-Assyrian,Nineveh,Diri,r ii 21,dinig,|KI.NE|,{<MIN(ki-i)>}
P382646,"CT 11, pl. 45-48, K 04174",Neo-Assyrian,Nineveh,Diri,r ii 22,dinig,|KI.NE|,{<MIN(ki-i)>}
P382646,"CT 11, pl. 45-48, K 04174",Neo-Assyrian,Nineveh,Diri,r ii 23,,|KI.NE|,{<[MIN(ki-i])>}
P382646,"CT 11, pl. 45-48, K 04174",Neo-Assyrian,Nineveh,Diri,r ii 1',ne₅,|KI.NE|,{<⸢MIN⸣(ki-i)>}
P382646,"CT 11, pl. 45-48, K 04174",Neo-Assyrian,Nineveh,Diri,r ii 2',gunni,|KI.NE|,{<MIN(ki-i)>}
P382646,"CT 11, pl. 45-48, K 04174",Neo-Assyrian,Nineveh,Diri,r ii 3',digbir,|KI.NE.AN+MUŠ₃|,{<MIN(ki-i)>}
P382646,"CT 11, pl. 45-48, K 04174",Neo-Assyrian,Nineveh,Diri,r ii 4',digbir,|KI.NE.AN+MUŠ₃|,<(ki-i
P382646,"CT 11, pl. 45-48, K 04174",Neo-Assyrian,Nineveh,Diri,r ii 5',digbir,|KI.NE.AN+MUŠ₃|,<(ki-i
P382646,"CT 11, pl. 45-48, K 04174",Neo-Assyrian,Nineveh,Diri,r ii 6',šakanka,|KI.LAM|,{<⸢MIN⸣(ki-i)>}
P382646,"CT 11, pl. 45-48, K 04174",Neo-Assyrian,Nineveh,Diri,r ii 7',ganba,|KI.LAM|,{<[MIN(ki-i])>}
P382646,"CT 11, pl. 45-48, K 04174",Neo-Assyrian,Nineveh,Diri,r ii 8',eššeb,|KI.IB|,[hu]-da-⸢du⸣
P382646,"CT 11, pl. 45-48, K 04174",Neo-Assyrian,Nineveh,Diri,r ii 9',⸢ki⸣-ši,|KI.SAG@n|,[mu]-⸢ta⸣-tum
P382646,"CT 11, pl. 45-48, K 04174",Neo-Assyrian,Nineveh,Diri,r ii 10',<(ki-ši)>,,[ba]-⸢an⸣-tum
P382646,"CT 11, pl. 45-48, K 04174",Neo-Assyrian,Nineveh,Diri,r ii 11',igi₃,|KI.SAG|,{<[MIN(ki-i)>}
P382646,"CT 11, pl. 45-48, K 04174",Neo-Assyrian,Nineveh,Diri,r ii 12',igira₂{mušen},|KI.SAG.SAL|{⸢mušen⸣},{<[MIN(ki-i)>}
P382646,"CT 11, pl. 45-48, K 04174",Neo-Assyrian,Nineveh,Diri,r ii 13',sulummar,|KI.SAG.DU|,{<[MIN(ki-i])>}
P382646,"CT 11, pl. 45-48, K 04174",Neo-Assyrian,Nineveh,Diri,r ii 14',ki-tuš,|KI.KU|,{<⸢MIN⸣(ki-i)>}
P382646,"CT 11, pl. 45-48, K 04174",Neo-Assyrian,Nineveh,Diri,r ii 15',ki-tuš,|KI.KU|,{<<(MIN(ki-i)>}
P382646,"CT 11, pl. 45-48, K 04174",Neo-Assyrian,Nineveh,Diri,r ii 16',ki-tuš,|KI.KU|,{<<(MIN(ki-i)>}
P382646,"CT 11, pl. 45-48, K 04174",Neo-Assyrian,Nineveh,Diri,r ii 17',ki-tuš,|KI.KU|,{<<(MIN(ki-i)>}
P382646,"CT 11, pl. 45-48, K 04174",Neo-Assyrian,Nineveh,Diri,r ii 18',⸢en⸣-[ga]-⸢ar⸣,engarₓ(|KI.KA.LU₂|),{<[MIN(ki-i)>}
P382646,"CT 11, pl. 45-48, K 04174",Neo-Assyrian,Nineveh,Diri,r ii 19',<(en-[ga]-ar)>,engarₓ(|KI.KA.LU₂|),{<<([MIN(ki-i)>}
P382646,"CT 11, pl. 45-48, K 04174",Neo-Assyrian,Nineveh,Diri,r ii 20',sur₇,|KI.KAK|,{<[MIN(ki-i])>}
P382646,"CT 11, pl. 45-48, K 04174",Neo-Assyrian,Nineveh,Diri,r ii 21',sur₆,|KI.GAL|,{<[MIN(ki-i])>}
P382646,"CT 11, pl. 45-48, K 04174",Neo-Assyrian,Nineveh,Diri,r ii 22',kissa,|KI.ŠEŠ.KAK|,{<[MIN(ki-i])>}
P382646,"CT 11, pl. 45-48, K 04174",Neo-Assyrian,Nineveh,Diri,r ii 23',kissa,|KI.ŠEŠ.KAK|,{<⸢MIN⸣(ki-i)>}
P382646,"CT 11, pl. 45-48, K 04174",Neo-Assyrian,Nineveh,Diri,r ii 24',bur₁₁,|KI.EN.KAK|,{<[MIN(ki-i])>}
P382646,"CT 11, pl. 45-48, K 04174",Neo-Assyrian,Nineveh,Diri,r ii 25',šiten,|KI.DU.KAK|,{<[MIN(ki-i)>}
P382646,"CT 11, pl. 45-48, K 04174",Neo-Assyrian,Nineveh,Diri,r ii 26',daggan,KI-⸢X⸣,[dak-kan]-⸢nu⸣
P382647,"CT 11, pl. 50, Rm 0905",Neo-Assyrian,Nineveh,Diri,i' 1',keš₃{ki},|ŠU₂.AN.HI×GAD|{ki]},[...]-⸢x
P382647,"CT 11, pl. 50, Rm 0905",Neo-Assyrian,Nineveh,Diri,i' 2',šuruppak{ki},|SU.KUR.RU|{ki]},⸢x-x⸣
P382647,"CT 11, pl. 50, Rm 0905",Neo-Assyrian,Nineveh,Diri,i' 3',aratta{ki},|LAM×(KUR.RU)|{ki]},ša₂
P382647,"CT 11, pl. 50, Rm 0905",Neo-Assyrian,Nineveh,Diri,i' 4',aratta{ki},|LAM×(KUR.RU)|{ki)>},<(ša₂
P382647,"CT 11, pl. 50, Rm 0905",Neo-Assyrian,Nineveh,Diri,i' 5',aratta{ki},|LAM×(KUR.RU)|{ki)>},<(ša₂
P382647,"CT 11, pl. 50, Rm 0905",Neo-Assyrian,Nineveh,Diri,i' 6',tin-tir{ki},,⸢te⸣-er
P382648,"CT 11, pl. 50, Rm 0340",Neo-Assyrian,Nineveh,Diri,3',{gi}bun₂,{[gi}|KA×IM|,im
P382648,"CT 11, pl. 50, Rm 0340",Neo-Assyrian,Nineveh,Diri,4',{gi}šutug,,[...]-u₂
P382655,"CT 11, pl. 34, Sm 0032",Neo-Assyrian,Nineveh,Diri,i' 1',sizkur₂,|AMAR×ŠE.AMAR×ŠE|,<(...)>
P382655,"CT 11, pl. 34, Sm 0032",Neo-Assyrian,Nineveh,Diri,i' 2',sizkur₂,|AMAR×ŠE.AMAR×ŠE|,<(...)>
P382655,"CT 11, pl. 34, Sm 0032",Neo-Assyrian,Nineveh,Diri,i' 3',sizkur₂,|AMAR×ŠE.AMAR×ŠE|,<(...)>
P382655,"CT 11, pl. 34, Sm 0032",Neo-Assyrian,Nineveh,Diri,i' 4',sizkur₂,|AMAR×ŠE.AMAR×ŠE|,<(...)>
P382655,"CT 11, pl. 34, Sm 0032",Neo-Assyrian,Nineveh,Diri,i' 5',sizkur₂,|AMAR×ŠE.AMAR×ŠE|,<(...)>
P382655,"CT 11, pl. 34, Sm 0032",Neo-Assyrian,Nineveh,Diri,i' 6',zur-zur,AMAR-AMAR,a-mar
P382655,"CT 11, pl. 34, Sm 0032",Neo-Assyrian,Nineveh,Diri,i' 7',zur-zur,<(AMAR-AMAR)>,<(a-mar
P382655,"CT 11, pl. 34, Sm 0032",Neo-Assyrian,Nineveh,Diri,i' 8',zur-zur,<(AMAR-AMAR)>,<(a-mar
P382655,"CT 11, pl. 34, Sm 0032",Neo-Assyrian,Nineveh,Diri,i' 9',zur-zur,<(AMAR-AMAR)>,<(a-mar
P382655,"CT 11, pl. 34, Sm 0032",Neo-Assyrian,Nineveh,Diri,i' 10',zur-zur,<(AMAR-AMAR)>,<(a-mar
P382655,"CT 11, pl. 34, Sm 0032",Neo-Assyrian,Nineveh,Diri,i' 11',zur-zur,<(AMAR-AMAR)>,<(a-mar
P382655,"CT 11, pl. 34, Sm 0032",Neo-Assyrian,Nineveh,Diri,i' 12',lah₄,|DU&DU|,a-ra-[...]
P382655,"CT 11, pl. 34, Sm 0032",Neo-Assyrian,Nineveh,Diri,i' 13',lah₄,|DU&DU|,<(...)>
P382655,"CT 11, pl. 34, Sm 0032",Neo-Assyrian,Nineveh,Diri,i' 14',lah₄,|DU&DU|,<(...)>
P382655,"CT 11, pl. 34, Sm 0032",Neo-Assyrian,Nineveh,Diri,i' 15',lah₄,|DU&DU|,<(...)>
P382655,"CT 11, pl. 34, Sm 0032",Neo-Assyrian,Nineveh,Diri,i' 16',lah₄,|DU&DU|,<(...)>
P382655,"CT 11, pl. 34, Sm 0032",Neo-Assyrian,Nineveh,Diri,i' 17',lah₄,|DU&DU|,<(...)>
P382655,"CT 11, pl. 34, Sm 0032",Neo-Assyrian,Nineveh,Diri,i' 18',lah₄,|DU&DU|,<(...)>
P382655,"CT 11, pl. 34, Sm 0032",Neo-Assyrian,Nineveh,Diri,i' 19',lah₄-lah₄,|DU&DU||DU&DU|,
P382655,"CT 11, pl. 34, Sm 0032",Neo-Assyrian,Nineveh,Diri,i' 20',lah₄-lah₄,|DU&DU||DU&DU|,<(...)>
P382655,"CT 11, pl. 34, Sm 0032",Neo-Assyrian,Nineveh,Diri,i' 21',lah₄-lah₄,|DU&DU||DU&DU|,<(...)>
P397294,K 07794,Neo-Assyrian,Nineveh,Diri,r i' 1',{ŋeš}banšur,{[ŋeš}|URU×URUDA|,
P397294,K 07794,Neo-Assyrian,Nineveh,Diri,r i' 2',{ŋeš}banšur₂,{[ŋeš]}|IDIM&IDIM.BUR|,{<⸢MIN⸣(...)>}
P397294,K 07794,Neo-Assyrian,Nineveh,Diri,r i' 3',{ŋeš}ka-kad₅,,{<MIN(...)>}
P397294,K 07794,Neo-Assyrian,Nineveh,Diri,r i' 4',{ŋeš}gigir,{[ŋeš]}|LAGAB×BAD|,{<MIN(...)>}
P397294,K 07794,Neo-Assyrian,Nineveh,Diri,r i' 5',,{[ŋeš]}|LAGAB×AŠ@t|,{<MIN(...)>}
P397294,K 07794,Neo-Assyrian,Nineveh,Diri,r i' 6',{ŋeš}suhub₃,{[ŋeš}|ŠU.DIŠ|,{<MIN(...)>}
P397294,K 07794,Neo-Assyrian,Nineveh,Diri,r i' 7',{ŋeš}šu-gi₁₆,,{<MIN(...)>}
P397294,K 07794,Neo-Assyrian,Nineveh,Diri,r i' 8',{<MIN(...)>},,
P399148,K 11181,Neo-Assyrian,Nineveh,Diri,i' 1',kindagal,|GAL.GAD&GAD.GAR&GAR|,⸢a-kil
P399148,K 11181,Neo-Assyrian,Nineveh,Diri,i' 2',kindagal,|GAL.GAD&GAD.GAR&GAR|,{<⸢MIN⸣(...)>}
P399148,K 11181,Neo-Assyrian,Nineveh,Diri,i' 4',ušumgal,|GAL.BUR₂|,[...]-⸢ru⸣-u
P399148,K 11181,Neo-Assyrian,Nineveh,Diri,i' 5',,|GAL.BUR₂|,[...]-⸢ru⸣-u
P399148,K 11181,Neo-Assyrian,Nineveh,Diri,i' 6',,|GAL.AN.ZU|,[...]-⸢zu⸣-u
P399148,K 11181,Neo-Assyrian,Nineveh,Diri,i' 7',,|GAL.AN.ZU|,{<MIN(...)>}
P399148,K 11181,Neo-Assyrian,Nineveh,Diri,i' 8',,|GAL.AN.ZU|,{<MIN(...)>}
P399148,K 11181,Neo-Assyrian,Nineveh,Diri,i' 9',,|GAL.ŠAH|,[...]-⸢u⸣
P399148,K 11181,Neo-Assyrian,Nineveh,Diri,i' 10',,|GAL.ŠAH|,qar-⸢ra⸣-[du]
P399148,K 11181,Neo-Assyrian,Nineveh,Diri,i' 11',ga-eš₈,[GA-KASKAL],ga-⸢iš⸣-[x]
P399148,K 11181,Neo-Assyrian,Nineveh,Diri,i' 12',ga-eš₈,[GA-KASKAL],⸢šu⸣-gi-⸢x⸣-[...]
P399148,K 11181,Neo-Assyrian,Nineveh,Diri,i' 13',ga-eš₈,[GA-KASKAL],⸢ma-ki⸣-[su]
P399148,K 11181,Neo-Assyrian,Nineveh,Diri,i' 14',ga-eš₈,[GA-KASKAL],[tam]-ka-[ru]
P399148,K 11181,Neo-Assyrian,Nineveh,Diri,i' 15',ga-raš{sar},,⸢ka-ra⸣-[šu]
P399148,K 11181,Neo-Assyrian,Nineveh,Diri,i' 1'',{na₄}esi,,[...]-⸢x-ša₂-ku⸣
P399148,K 11181,Neo-Assyrian,Nineveh,Diri,i' 2'',{na₄}esi,,⸢nam-di-x⸣
P399148,K 11181,Neo-Assyrian,Nineveh,Diri,i' 3'',{na₄}esi,,kur-šal-⸢lum⸣
P399148,K 11181,Neo-Assyrian,Nineveh,Diri,i' 4'',{na₄}esi,,ni-ID-⸢x-x⸣
P399148,K 11181,Neo-Assyrian,Nineveh,Diri,i' 5'',{na₄}ašnan,{[na₄}{d}|ŠE.ŠE.NUN&NUN|,še
P399148,K 11181,Neo-Assyrian,Nineveh,Diri,i' 6'',{na₄}ašnan,{[na₄}{d}|ŠE.ŠE.NUN&NUN|,<(...)>
P399148,K 11181,Neo-Assyrian,Nineveh,Diri,i' 7'',{na₄}ašnan,{[na₄}{d}|ŠE.ŠE.NUN&NUN|,<(...)>
P399148,K 11181,Neo-Assyrian,Nineveh,Diri,i' 8'',{na₄}algameš,{[na₄}|UD.SAL.KAB|,[...]-⸢ku⸣
P399148,K 11181,Neo-Assyrian,Nineveh,Diri,i' 9'',dilmun{ki},|NI.TUKU|{ki]},⸢ki⸣
P399148,K 11181,Neo-Assyrian,Nineveh,Diri,i' 10'',dilmun{ki},|NI.TUKU|{ki]},šu-pu-u₂
P399148,K 11181,Neo-Assyrian,Nineveh,Diri,i' 11'',dilmun{ki},|NI.TUKU|{ki]},AN+EN.⸢LIL₂⸣
P399148,K 11181,Neo-Assyrian,Nineveh,Diri,i' 12'',dilmun{ki},|NI.TUKU|{ki]},kab-[tu]
P399148,K 11181,Neo-Assyrian,Nineveh,Diri,i' 13'',dilmun{ki},|NI.TUKU|{ki]},mu-⸢suk-ku⸣
P399148,K 11181,Neo-Assyrian,Nineveh,Diri,i' 14'',dilmun{ki},|NI.TUKU|{ki]},⸢te⸣-er-[tu]
P399275,K 11392,Neo-Assyrian,Nineveh,Diri,1',[...]-⸢x⸣,,
P399275,K 11392,Neo-Assyrian,Nineveh,Diri,2',[...]-⸢mu⸣,,
P399275,K 11392,Neo-Assyrian,Nineveh,Diri,3',[ga]-⸢na⸣-a,ganaₓ(|DU@g.A|),
P399275,K 11392,Neo-Assyrian,Nineveh,Diri,4',gigri,|DU@g.DU@g|,
P399275,K 11392,Neo-Assyrian,Nineveh,Diri,5',gigri,{<MIN(|DU@g.DU@g|)>},
P399275,K 11392,Neo-Assyrian,Nineveh,Diri,6',gigri,|DU@g.DU@g|,
P399275,K 11392,Neo-Assyrian,Nineveh,Diri,7',gigri,|DU@g.DU@g|,
P399275,K 11392,Neo-Assyrian,Nineveh,Diri,8',gigri,|DU@g.DU@g|,
P399275,K 11392,Neo-Assyrian,Nineveh,Diri,9',gigri,|DU@g.DU@g|,
P399275,K 11392,Neo-Assyrian,Nineveh,Diri,10',gigri,|DU@g.DU@g|,
P399275,K 11392,Neo-Assyrian,Nineveh,Diri,11',gigri,|DU@g.DU@g|,
P399275,K 11392,Neo-Assyrian,Nineveh,Diri,12',gigri,|DU@g.DU@g|,
P399275,K 11392,Neo-Assyrian,Nineveh,Diri,13',dun₅-dun₅,|BUR₂.BUR₂|,
P399275,K 11392,Neo-Assyrian,Nineveh,Diri,14',dun₅-dun₅,|BUR₂.BUR₂|,
P399275,K 11392,Neo-Assyrian,Nineveh,Diri,15',dun₅-dun₅,|BUR₂.BUR₂|,
P399275,K 11392,Neo-Assyrian,Nineveh,Diri,16',dun₅-dun₅,|BUR₂.BUR₂|,
P399275,K 11392,Neo-Assyrian,Nineveh,Diri,17',dun₅-dun₅,|BUR₂.BUR₂|,
P400643,K 14128,Neo-Assyrian,Nineveh,Diri,i' 2',[x],,bi-⸢x-x-x⸣
P400748,K 14335,Neo-Assyrian,Nineveh,Diri,2'a,<([...])>,,<([...])>
P400748,K 14335,Neo-Assyrian,Nineveh,Diri,3'a,<([...])>,,<([...])>
P400748,K 14335,Neo-Assyrian,Nineveh,Diri,4'a,<([...])>,,<([...])>
P401192,K 15143,Neo-Assyrian,Nineveh,Diri,1',,|KI.KAL|,[ki-i
P401192,K 15143,Neo-Assyrian,Nineveh,Diri,2',,|KI.KAL|,<([ki-i
P401192,K 15143,Neo-Assyrian,Nineveh,Diri,3',,|KI.KAL|,<([ki-i
P401192,K 15143,Neo-Assyrian,Nineveh,Diri,4',,|KI.KAL|,{<[MIN(ki-i])>}
P401192,K 15143,Neo-Assyrian,Nineveh,Diri,5',,|KI.KAL|,[<(ki-i)>]
P401192,K 15143,Neo-Assyrian,Nineveh,Diri,6',,|KI.KAL|,[<(ki-i)>]
P401192,K 15143,Neo-Assyrian,Nineveh,Diri,7',,|KI.KAL|,{<[MIN(ki-i])>}
P401192,K 15143,Neo-Assyrian,Nineveh,Diri,8',,|KI.KAL|,{<[MIN(ki-i])>}
P401192,K 15143,Neo-Assyrian,Nineveh,Diri,9',,|KI.KAL.BAD|,[...]-⸢x⸣
P401202,K 15156,Neo-Assyrian,Nineveh,Diri,i' 2',<(...)>,,<(...)>
P401202,K 15156,Neo-Assyrian,Nineveh,Diri,i' 6',<(...)>,,<(...)>
P401202,K 15156,Neo-Assyrian,Nineveh,Diri,i' 7',<(...)>,,<(...)>
P401202,K 15156,Neo-Assyrian,Nineveh,Diri,i' 14',<(...)>,,<(...)>
P401239,K 15217,Neo-Assyrian,Nineveh,Diri,o i' 1',,|IGI.DU|,i-gi
P401239,K 15217,Neo-Assyrian,Nineveh,Diri,o i' 2',,{<[MIN(|IGI.DU|)>},{<MIN(i-gi)>}
P401239,K 15217,Neo-Assyrian,Nineveh,Diri,o i' 3',,{<⸢MIN⸣(|IGI.DU|)>},{<MIN(i-gi)>}
P401239,K 15217,Neo-Assyrian,Nineveh,Diri,o i' 4',,{<⸢MIN⸣(|IGI.DU|)>},{<MIN(i-gi)>}
P401239,K 15217,Neo-Assyrian,Nineveh,Diri,o i' 5',,{<⸢MIN⸣(|IGI.DU|)>},{<MIN(i-gi)>}
P401239,K 15217,Neo-Assyrian,Nineveh,Diri,o i' 6',,{<[MIN(|IGI.DU|)>},{<MIN(i-gi)>}
P401239,K 15217,Neo-Assyrian,Nineveh,Diri,o i' 7',ildu,|IGI.EŠ₂.DU.ERIN₂|,
P401316,K 15337,Neo-Assyrian,Nineveh,Diri,i' 1',ildu,|IGI.ŠE₃.DU.ERIN₂|,{<⸢MIN⸣(...)>}
P401316,K 15337,Neo-Assyrian,Nineveh,Diri,i' 2',,|IGI.NAGAR|,{<⸢MIN⸣(...)>}
P401316,K 15337,Neo-Assyrian,Nineveh,Diri,i' 3',ildum₂,|IGI.NAGAR.BU|,{<⸢MIN⸣(...)>}
P401316,K 15337,Neo-Assyrian,Nineveh,Diri,i' 4',ŋeškim,|IGI.DUB|,{<⸢MIN⸣(...)>}
P401795,K 16152,Neo-Assyrian,Nineveh,Diri,i' 1',igi₃,|KI.SAŊ|,pa-[a-nu]
P401795,K 16152,Neo-Assyrian,Nineveh,Diri,i' 2',igira₂{mušen},|KI.SAŊ.SAL|{mušen]},[...]-nu-u
P401795,K 16152,Neo-Assyrian,Nineveh,Diri,i' 3',sulummar,|KI.SAŊ.DU|,[...
P401795,K 16152,Neo-Assyrian,Nineveh,Diri,i' 4',ki-tuš,[KI-TUŠ],[...
P401795,K 16152,Neo-Assyrian,Nineveh,Diri,i' 5',ki-tuš,<(KI-TUŠ)>,<(...)>
P401795,K 16152,Neo-Assyrian,Nineveh,Diri,i' 6',ki-tuš,<(KI-TUŠ)>,<(...)>
P401795,K 16152,Neo-Assyrian,Nineveh,Diri,i' 7',ki-tuš,<(KI-TUŠ)>,<(...)>
P401795,K 16152,Neo-Assyrian,Nineveh,Diri,i' 8',,|KI.KU.LU₂|,[...]-⸢la⸣-ku
P401795,K 16152,Neo-Assyrian,Nineveh,Diri,i' 9',<(...)>,|KI.KU.LU₂|,<(...)>
P403293,K 18021,Neo-Assyrian,Nineveh,Diri,i' 1',⸢x,,
P403293,K 18021,Neo-Assyrian,Nineveh,Diri,i' 2a',[...]-x,,ša₂-i-⸢lum⸣
P403293,K 18021,Neo-Assyrian,Nineveh,Diri,i' 3a',[...]-⸢x⸣,,nu-ha-⸢tim⸣-[mu]
P403293,K 18021,Neo-Assyrian,Nineveh,Diri,i' 4a',[...]-⸢x⸣,,nu-ha-tim-mu⸣
P423614,Rm 0962,Neo-Assyrian,Nineveh,Diri,i' 1',{ŋeš}epir₂,,[...]-⸢x⸣
P423614,Rm 0962,Neo-Assyrian,Nineveh,Diri,i' 2',{ŋeš}ebir₄,,[...]-⸢gu-u⸣
P423614,Rm 0962,Neo-Assyrian,Nineveh,Diri,i' 3',{ŋeš}ellag,,[...]-⸢ku⸣
P423614,Rm 0962,Neo-Assyrian,Nineveh,Diri,i' 4',ŋeš-ellag,,<(...)>
P423614,Rm 0962,Neo-Assyrian,Nineveh,Diri,i' 5',{ŋeš}ellag,,<(...)>
P424498,DT 124,Neo-Assyrian,Nineveh,Diri,i' 1',[x,,
P424498,DT 124,Neo-Assyrian,Nineveh,Diri,i' 2',[še-eš-še-ed,(TAK₄.TAK₄),...]
P424498,DT 124,Neo-Assyrian,Nineveh,Diri,i' 3',[gi-bil,(GALAM.GALAM),...]-⸢ba⸣-tum
P424498,DT 124,Neo-Assyrian,Nineveh,Diri,i' 4',[ni-gi-in,(LAGAB.LAGAB]),⸢sa⸣-<ha>-a-ru
P424498,DT 124,Neo-Assyrian,Nineveh,Diri,i' 5',[...,,⸢e⸣-ge-ru
P424498,DT 124,Neo-Assyrian,Nineveh,Diri,i' 6',[...,,e]-⸢se⸣-ru
P424498,DT 124,Neo-Assyrian,Nineveh,Diri,i' 7',[...,,še-ke-ru]
P424498,DT 124,Neo-Assyrian,Nineveh,Diri,i' 8',[...,,...]
P424498,DT 124,Neo-Assyrian,Nineveh,Diri,i' 9',[...,,i-ta-as]-hu-ru
P424498,DT 124,Neo-Assyrian,Nineveh,Diri,i' 10',[...,,ṣu-ba]-⸢ti⸣
P434714,"KBo 01, 48",Middle Babylonian,Boghazkoy,Diri Boghazkoy,ii' 1',lah₅,|DU.DU|,⸢ra-ku-bu⸣
P434714,"KBo 01, 48",Middle Babylonian,Boghazkoy,Diri Boghazkoy,ii' 2',lah₅,|DU.DU|,<(ra-ku-bu
P434714,"KBo 01, 48",Middle Babylonian,Boghazkoy,Diri Boghazkoy,ii' 3',lah₅,|DU.DU|,<(ra-ku-bu
P434714,"KBo 01, 48",Middle Babylonian,Boghazkoy,Diri Boghazkoy,ii' 4',lah₅,|DU.DU|,<(ra-ku-bu
P434714,"KBo 01, 48",Middle Babylonian,Boghazkoy,Diri Boghazkoy,ii' 5',lah₅,|DU.DU|,<(ra-ku-bu
P434714,"KBo 01, 48",Middle Babylonian,Boghazkoy,Diri Boghazkoy,ii' 6',lah₄-lah₄,|DU&DU.DU&DU|,ra-an-ku-ub-bu
P434714,"KBo 01, 48",Middle Babylonian,Boghazkoy,Diri Boghazkoy,ii' 7',lah₄-lah₄,|DU&DU.DU&DU|,<(ra-an-ku-ub-bu
P434714,"KBo 01, 48",Middle Babylonian,Boghazkoy,Diri Boghazkoy,ii' 8',lah₄-lah₄,|DU&DU.DU&DU|,<(ra-an-ku-ub-bu
P434714,"KBo 01, 48",Middle Babylonian,Boghazkoy,Diri Boghazkoy,ii' 9',lah₄-lah₄,|DU&DU.DU&DU|,<(ra-an-ku-ub-bu
P434714,"KBo 01, 48",Middle Babylonian,Boghazkoy,Diri Boghazkoy,ii' 10',lah₄-lah₄,|DU&DU.DU&DU|,<(ra-an-ku-ub-bu
P434714,"KBo 01, 48",Middle Babylonian,Boghazkoy,Diri Boghazkoy,ii' 11',gigri₂,|DU@s.DU@s|,gaz
P434714,"KBo 01, 48",Middle Babylonian,Boghazkoy,Diri Boghazkoy,ii' 12',gigri₂,|DU@s.DU@s|,<(gaz
P434714,"KBo 01, 48",Middle Babylonian,Boghazkoy,Diri Boghazkoy,ii' 13',gigri₂,|DU@s.DU@s|,<(gaz
P434714,"KBo 01, 48",Middle Babylonian,Boghazkoy,Diri Boghazkoy,ii' 14',gigri₂,|DU@s.DU@s|,<(gaz
P434714,"KBo 01, 48",Middle Babylonian,Boghazkoy,Diri Boghazkoy,ii' 15',gigri₂,|DU@s.DU@s|,<(gaz
P434714,"KBo 01, 48",Middle Babylonian,Boghazkoy,Diri Boghazkoy,ii' 16',gigri₂,|DU@s.DU@s|,<(gaz
P434719,"KBo 01, 54",Middle Babylonian,Boghazkoy,Diri Boghazkoy,i' 1',šab,|PA.IB|,na-aš-din
P434841,"KBo 07, 12",Middle Babylonian,Boghazkoy,Diri Boghazkoy,o? ii' 1',,⸢X⸣-[X-X],
P434841,"KBo 07, 12",Middle Babylonian,Boghazkoy,Diri Boghazkoy,o? ii' 2',,<(X-[X-X])>,
P434841,"KBo 07, 12",Middle Babylonian,Boghazkoy,Diri Boghazkoy,o? ii' 3',⸢la⸣-al-⸢la⸣-[ab],|LAGAB.LAGAB|,⸢la-gab₂⸣-[ba]
P434841,"KBo 07, 12",Middle Babylonian,Boghazkoy,Diri Boghazkoy,o? ii' 4',<(la-al-la-[ab])>,|LAGAB.LAGAB|,<(la-gab₂-[ba]
P434841,"KBo 07, 12",Middle Babylonian,Boghazkoy,Diri Boghazkoy,o? ii' 5',<(la-al-la-[ab])>,|LAGAB.LAGAB|,<(la-gab₂-[ba]
P434841,"KBo 07, 12",Middle Babylonian,Boghazkoy,Diri Boghazkoy,o? ii' 6',<(la-al-la-[ab])>,|LAGAB.LAGAB|,<(la-gab₂-[ba]
P434841,"KBo 07, 12",Middle Babylonian,Boghazkoy,Diri Boghazkoy,o? ii' 7',<(la-al-la-[ab])>,|LAGAB.LAGAB|,<(la-gab₂-[ba]
P434841,"KBo 07, 12",Middle Babylonian,Boghazkoy,Diri Boghazkoy,o? ii' 8',<(la-al-la-[ab])>,|LAGAB.LAGAB|,<(la-gab₂-[ba]
P434841,"KBo 07, 12",Middle Babylonian,Boghazkoy,Diri Boghazkoy,o? ii' 9',<(la-al-la-[ab])>,|LAGAB.LAGAB|,<(la-gab₂-[ba]
P434841,"KBo 07, 12",Middle Babylonian,Boghazkoy,Diri Boghazkoy,o? ii' 10',<(la-al-la-[ab])>,|LAGAB.LAGAB|,<(la-gab₂-[ba]
P434841,"KBo 07, 12",Middle Babylonian,Boghazkoy,Diri Boghazkoy,o? ii' 11',<(la-al-la-[ab])>,|LAGAB.LAGAB|,<(la-gab₂-[ba]
P434841,"KBo 07, 12",Middle Babylonian,Boghazkoy,Diri Boghazkoy,o? ii' 12',<(la-al-la-[ab])>,|LAGAB.LAGAB|,<(la-gab₂-[ba]
P434841,"KBo 07, 12",Middle Babylonian,Boghazkoy,Diri Boghazkoy,o? ii' 13',<(la-al-la-[ab])>,|LAGAB.LAGAB|,<(la-gab₂-[ba]
P434841,"KBo 07, 12",Middle Babylonian,Boghazkoy,Diri Boghazkoy,o? ii' 14',<(la-al-la-[ab])>,|LAGAB.LAGAB|,<(la-gab₂-[ba]
P434904,"KBo 08, 010 + KBo 26, 09?",Middle Babylonian,Boghazkoy,Diri Boghazkoy,o i 1',<([...])>,,<([...])>
P434904,"KBo 08, 010 + KBo 26, 09?",Middle Babylonian,Boghazkoy,Diri Boghazkoy,o i 2',<([...])>,,<([...])>
P434904,"KBo 08, 010 + KBo 26, 09?",Middle Babylonian,Boghazkoy,Diri Boghazkoy,o i 3',<([...])>,,<([...])>
P434904,"KBo 08, 010 + KBo 26, 09?",Middle Babylonian,Boghazkoy,Diri Boghazkoy,o i 4',tak₄-tak₄,|TAK₄.TAK₄|,⸢dag
P434904,"KBo 08, 010 + KBo 26, 09?",Middle Babylonian,Boghazkoy,Diri Boghazkoy,o i 5',tak₄-tak₄,|TAK₄.TAK₄|,<(dag
P434904,"KBo 08, 010 + KBo 26, 09?",Middle Babylonian,Boghazkoy,Diri Boghazkoy,o i 6',tak₄-tak₄,|TAK₄.TAK₄|,<(dag
P434904,"KBo 08, 010 + KBo 26, 09?",Middle Babylonian,Boghazkoy,Diri Boghazkoy,o i 7',tak₄-tak₄,|TAK₄.TAK₄|,<(dag
P434904,"KBo 08, 010 + KBo 26, 09?",Middle Babylonian,Boghazkoy,Diri Boghazkoy,o i 8',tak₄-tak₄,|TAK₄.TAK₄|,<(dag
P434904,"KBo 08, 010 + KBo 26, 09?",Middle Babylonian,Boghazkoy,Diri Boghazkoy,o i 9',tak₄-tak₄,|TAK₄.TAK₄|,<(dag
P434904,"KBo 08, 010 + KBo 26, 09?",Middle Babylonian,Boghazkoy,Diri Boghazkoy,o i 10',tak₄-tak₄,|TAK₄.TAK₄|,<(dag
P434904,"KBo 08, 010 + KBo 26, 09?",Middle Babylonian,Boghazkoy,Diri Boghazkoy,o i 11',tak₄-tak₄,|TAK₄.TAK₄|,<(dag
P434904,"KBo 08, 010 + KBo 26, 09?",Middle Babylonian,Boghazkoy,Diri Boghazkoy,o i 12',tak₄-tak₄,|TAK₄.TAK₄|,<(dag
P434904,"KBo 08, 010 + KBo 26, 09?",Middle Babylonian,Boghazkoy,Diri Boghazkoy,o i 13',tak₄-tak₄,|TAK₄.TAK₄|,<(dag
P434904,"KBo 08, 010 + KBo 26, 09?",Middle Babylonian,Boghazkoy,Diri Boghazkoy,o i 14',tak₄-tak₄,|TAK₄.TAK₄|,<(dag
P434904,"KBo 08, 010 + KBo 26, 09?",Middle Babylonian,Boghazkoy,Diri Boghazkoy,o i 15',tak₄-tak₄,|TAK₄.TAK₄|,<(dag
P434904,"KBo 08, 010 + KBo 26, 09?",Middle Babylonian,Boghazkoy,Diri Boghazkoy,o i 16',tak₄-tak₄,|TAK₄.TAK₄|,<(dag
P434904,"KBo 08, 010 + KBo 26, 09?",Middle Babylonian,Boghazkoy,Diri Boghazkoy,o i 17',tak₄-tak₄,|TAK₄.TAK₄|,<(dag
P434904,"KBo 08, 010 + KBo 26, 09?",Middle Babylonian,Boghazkoy,Diri Boghazkoy,o i 18',tak₄-tak₄,|TAK₄.TAK₄|,<(dag
P434904,"KBo 08, 010 + KBo 26, 09?",Middle Babylonian,Boghazkoy,Diri Boghazkoy,o ii 1',<([...])>,,
P434904,"KBo 08, 010 + KBo 26, 09?",Middle Babylonian,Boghazkoy,Diri Boghazkoy,o ii 2',šudul₃-šudul₃,,ni-ru
P434904,"KBo 08, 010 + KBo 26, 09?",Middle Babylonian,Boghazkoy,Diri Boghazkoy,o ii 3',šudul₃-šudul₃,,<(ni-ru
P434904,"KBo 08, 010 + KBo 26, 09?",Middle Babylonian,Boghazkoy,Diri Boghazkoy,o ii 4',šudul₃-šudul₃,,<(ni-ru
P434904,"KBo 08, 010 + KBo 26, 09?",Middle Babylonian,Boghazkoy,Diri Boghazkoy,o ii 5',šudul₃-šudul₃,,<(ni-ru
P434904,"KBo 08, 010 + KBo 26, 09?",Middle Babylonian,Boghazkoy,Diri Boghazkoy,o ii 6',šudul₃-šudul₃,,<(ni-ru
P434904,"KBo 08, 010 + KBo 26, 09?",Middle Babylonian,Boghazkoy,Diri Boghazkoy,o ii 7',du₉-du₉,|BUR₂.BUR₂|,[bu]-⸢ur₂⸣-ru
P434904,"KBo 08, 010 + KBo 26, 09?",Middle Babylonian,Boghazkoy,Diri Boghazkoy,o ii 8',du₉-du₉,|BUR₂.BUR₂|,<(bu-ur₂-ru
P434904,"KBo 08, 010 + KBo 26, 09?",Middle Babylonian,Boghazkoy,Diri Boghazkoy,o ii 9',du₉-du₉,|BUR₂.BUR₂|,<(bu-ur₂-ru
P434904,"KBo 08, 010 + KBo 26, 09?",Middle Babylonian,Boghazkoy,Diri Boghazkoy,o ii 10',du₉-du₉,|BUR₂.BUR₂|,<(bu-ur₂-ru
P434904,"KBo 08, 010 + KBo 26, 09?",Middle Babylonian,Boghazkoy,Diri Boghazkoy,o ii 11',du₉-du₉,|BUR₂.BUR₂|,<(bu-ur₂-ru
P434904,"KBo 08, 010 + KBo 26, 09?",Middle Babylonian,Boghazkoy,Diri Boghazkoy,r ii 1,⸢x⸣-AH-⸢ki⸣,[X-X]-⸢X⸣,⸢ki-ib-šu⸣
P434904,"KBo 08, 010 + KBo 26, 09?",Middle Babylonian,Boghazkoy,Diri Boghazkoy,r ii 2,<(x-AH-ki)>,<([X-X]-X)>,<(ki-ib-šu
P434904,"KBo 08, 010 + KBo 26, 09?",Middle Babylonian,Boghazkoy,Diri Boghazkoy,r ii 3,<(x-AH-ki)>,<([X-X]-X)>,<(ki-ib-šu
P434904,"KBo 08, 010 + KBo 26, 09?",Middle Babylonian,Boghazkoy,Diri Boghazkoy,r ii 4,<(x-AH-ki)>,<([X-X]-X)>,<(ki-ib-šu
P434904,"KBo 08, 010 + KBo 26, 09?",Middle Babylonian,Boghazkoy,Diri Boghazkoy,r ii 5,<(x-AH-ki)>,<([X-X]-X)>,<(ki-ib-šu
P434904,"KBo 08, 010 + KBo 26, 09?",Middle Babylonian,Boghazkoy,Diri Boghazkoy,r ii 6,šab,|PA.IB|,na-aš-ta
P434904,"KBo 08, 010 + KBo 26, 09?",Middle Babylonian,Boghazkoy,Diri Boghazkoy,r ii 7,šab,|PA.IB|,<(na-aš-ta
P434904,"KBo 08, 010 + KBo 26, 09?",Middle Babylonian,Boghazkoy,Diri Boghazkoy,r ii 8,šab,|PA.IB|,<(na-aš-ta
P434904,"KBo 08, 010 + KBo 26, 09?",Middle Babylonian,Boghazkoy,Diri Boghazkoy,r ii 9,šab,|PA.IB|,<(na-aš-ta
P437077,"KBo 26, 010",Middle Babylonian,Boghazkoy,Diri Boghazkoy,r i' 1',tak₄-tak₄,|TAK₄.TAK₄|,[e]-⸢ze⸣-bu
P437077,"KBo 26, 010",Middle Babylonian,Boghazkoy,Diri Boghazkoy,r i' 2',tak₄-tak₄,|TAK₄.TAK₄|,[uz]-⸢zu⸣-bu
P437077,"KBo 26, 010",Middle Babylonian,Boghazkoy,Diri Boghazkoy,r i' 3',tak₄-tak₄,|TAK₄.TAK₄|,[še]-⸢e⸣-tum
P437077,"KBo 26, 010",Middle Babylonian,Boghazkoy,Diri Boghazkoy,r i' 4',tak₄-tak₄,|TAK₄.TAK₄|,⸢ši⸣-da-tum
P437077,"KBo 26, 010",Middle Babylonian,Boghazkoy,Diri Boghazkoy,r i' 5',tak₄-tak₄,|TAK₄.TAK₄|,⸢i⸣-še-ehₓ(|HI×AŠ|)
P437077,"KBo 26, 010",Middle Babylonian,Boghazkoy,Diri Boghazkoy,r i' 6',tak₄-tak₄,|TAK₄.TAK₄|,ša-ni-du
P437077,"KBo 26, 010",Middle Babylonian,Boghazkoy,Diri Boghazkoy,r i' 7',tak₄-tak₄,|TAK₄.TAK₄|,uh(|HI×TAB|)hu-rum
P437077,"KBo 26, 010",Middle Babylonian,Boghazkoy,Diri Boghazkoy,r i' 8',tak₄-tak₄,|TAK₄.TAK₄|,<([...])>
P437077,"KBo 26, 010",Middle Babylonian,Boghazkoy,Diri Boghazkoy,r i' 9',tak₄-tak₄,|TAK₄.TAK₄|,<([...])>
P437077,"KBo 26, 010",Middle Babylonian,Boghazkoy,Diri Boghazkoy,r i' 10',tak₄-tak₄,|TAK₄.TAK₄|,<([...])>
P437077,"KBo 26, 010",Middle Babylonian,Boghazkoy,Diri Boghazkoy,r i' 11',tak₄-tak₄,|TAK₄.TAK₄|,<([...])>
P437077,"KBo 26, 010",Middle Babylonian,Boghazkoy,Diri Boghazkoy,r i' 12',tak₄-tak₄,|TAK₄.TAK₄|,<([...])>
P437077,"KBo 26, 010",Middle Babylonian,Boghazkoy,Diri Boghazkoy,r i' 13',tak₄-tak₄,|TAK₄.TAK₄|,<([...])>
P437077,"KBo 26, 010",Middle Babylonian,Boghazkoy,Diri Boghazkoy,r i' 14',tak₄-tak₄,|TAK₄.TAK₄|,<([...])>
P437077,"KBo 26, 010",Middle Babylonian,Boghazkoy,Diri Boghazkoy,r i' 15',tak₄-tak₄,|TAK₄.TAK₄|,<([...])>
P437077,"KBo 26, 010",Middle Babylonian,Boghazkoy,Diri Boghazkoy,r i' 16',tak₄-tak₄,|TAK₄.TAK₄|,<([...])>
P437077,"KBo 26, 010",Middle Babylonian,Boghazkoy,Diri Boghazkoy,r i' 17',la-⸢x⸣-[x-x],|LAGAB.LAGAB|,⸢la⸣-ga-ab
P437077,"KBo 26, 010",Middle Babylonian,Boghazkoy,Diri Boghazkoy,r i' 18',,|LAGAB.LAGAB|,
P437077,"KBo 26, 010",Middle Babylonian,Boghazkoy,Diri Boghazkoy,r i' 19',,|LAGAB.LAGAB|,
P437077,"KBo 26, 010",Middle Babylonian,Boghazkoy,Diri Boghazkoy,r i' 20',,|LAGAB.LAGAB|,
P437079,"KBo 26, 012",Middle Babylonian,Boghazkoy,Diri Boghazkoy,o 2',šeŋ₃,|A.AN|,ša-mu-du
P437079,"KBo 26, 012",Middle Babylonian,Boghazkoy,Diri Boghazkoy,o 3',šeŋ₃,|A.AN|,<([...])>
P437079,"KBo 26, 012",Middle Babylonian,Boghazkoy,Diri Boghazkoy,o 4',šeŋ₃,|A.AN|,<([...])>
P437079,"KBo 26, 012",Middle Babylonian,Boghazkoy,Diri Boghazkoy,o 5',šeŋ₃,|A.AN|,<([...])>
P437079,"KBo 26, 012",Middle Babylonian,Boghazkoy,Diri Boghazkoy,o 6',šeŋ₃,|A.AN|,<([...])>
P437079,"KBo 26, 012",Middle Babylonian,Boghazkoy,Diri Boghazkoy,o 7',šeŋ₃,|A.AN|,<([...])>
P437079,"KBo 26, 012",Middle Babylonian,Boghazkoy,Diri Boghazkoy,r 1',tu₅,|ŠU.NAGA|,<([...])>
P437079,"KBo 26, 012",Middle Babylonian,Boghazkoy,Diri Boghazkoy,r 2',tu₅,|ŠU.NAGA|,<([...])>
P437079,"KBo 26, 012",Middle Babylonian,Boghazkoy,Diri Boghazkoy,r 3',tu₅,|ŠU.NAGA|,<([...])>
P437079,"KBo 26, 012",Middle Babylonian,Boghazkoy,Diri Boghazkoy,r 4',tu₅,|ŠU.NAGA|,<([...])>
P437079,"KBo 26, 012",Middle Babylonian,Boghazkoy,Diri Boghazkoy,r 5',tu₅,|ŠU.NAGA|,<([...])>
P437079,"KBo 26, 012",Middle Babylonian,Boghazkoy,Diri Boghazkoy,r 6',tu₅,|ŠU.NAGA|,<([...])>
P437079,"KBo 26, 012",Middle Babylonian,Boghazkoy,Diri Boghazkoy,r 7',tu₅,|ŠU.NAGA|,<([...])>
P437079,"KBo 26, 012",Middle Babylonian,Boghazkoy,Diri Boghazkoy,r 8',tu₅,|ŠU.NAGA|,<([...])>
P437079,"KBo 26, 012",Middle Babylonian,Boghazkoy,Diri Boghazkoy,r 9',tu₅,|ŠU.NAGA|,<([...])>
P437079,"KBo 26, 012",Middle Babylonian,Boghazkoy,Diri Boghazkoy,r 10',tu₅,|ŠU.NAGA|,<([...])>
P437079,"KBo 26, 012",Middle Babylonian,Boghazkoy,Diri Boghazkoy,r 11',⸢ki⸣-ki,|ŠU.KUL.UŠ.MAŠ|,⸢šu-x-x-x⸣
P437079,"KBo 26, 012",Middle Babylonian,Boghazkoy,Diri Boghazkoy,r 12',ŋešpu₂,|ŠU.PAP.PAP|,šu
P437079,"KBo 26, 012",Middle Babylonian,Boghazkoy,Diri Boghazkoy,r 13',⸢za-pa⸣-ah,zipahₓ(|ŠU.KAK|),šu
P437079,"KBo 26, 012",Middle Babylonian,Boghazkoy,Diri Boghazkoy,r 14',lirum,|ŠU.KAL|,⸢x⸣-[x
P437079,"KBo 26, 012",Middle Babylonian,Boghazkoy,Diri Boghazkoy,r 15',lirum,|ŠU.KAL|,<(x-[x
P437079,"KBo 26, 012",Middle Babylonian,Boghazkoy,Diri Boghazkoy,r 16',lirum,|ŠU.KAL|,<(x-[x
P437079,"KBo 26, 012",Middle Babylonian,Boghazkoy,Diri Boghazkoy,r 17',lirum,|ŠU.KAL|,<(x-[x
P437079,"KBo 26, 012",Middle Babylonian,Boghazkoy,Diri Boghazkoy,r 18',lirum,|ŠU.KAL|,<(x-[x
P437079,"KBo 26, 012",Middle Babylonian,Boghazkoy,Diri Boghazkoy,r 19',lirum,|ŠU.KAL|,<(x-[x
P437081,"KBo 26, 014",Middle Babylonian,Boghazkoy,Diri Boghazkoy,1',,{[ŋeš}|SIK₂.LAM|,⸢šu-u₂-šu⸣
P437081,"KBo 26, 014",Middle Babylonian,Boghazkoy,Diri Boghazkoy,2',{ŋeš}adkin,{[ŋeš]}|SIK₂.LAM|,[na-aš
P437081,"KBo 26, 014",Middle Babylonian,Boghazkoy,Diri Boghazkoy,3',{ŋeš}adkin,{<([ŋeš]}|SIK₂.LAM|,<([na-aš
P437081,"KBo 26, 014",Middle Babylonian,Boghazkoy,Diri Boghazkoy,5',<([...])>,,<(na-aš
P437081,"KBo 26, 014",Middle Babylonian,Boghazkoy,Diri Boghazkoy,6',<([...])>,,<(na-aš
P437082,"KBo 26, 015",Middle Babylonian,Boghazkoy,Diri Boghazkoy,5',,udulₓ(|PA.DAG.KISIM₅×LU|),[...
P437082,"KBo 26, 015",Middle Babylonian,Boghazkoy,Diri Boghazkoy,6',,[PA-GI],[ma-ha]-zu
P437082,"KBo 26, 015",Middle Babylonian,Boghazkoy,Diri Boghazkoy,7',<([...])>,<([PA-GI])>,<([...])>
P437083,"KBo 26, 016",Middle Babylonian,Boghazkoy,Diri Boghazkoy,1',,|SAL.LAGAR|,e-nu
P437083,"KBo 26, 016",Middle Babylonian,Boghazkoy,Diri Boghazkoy,2',,|SAL.LAGAR|,pi₂-in-ku
P437083,"KBo 26, 016",Middle Babylonian,Boghazkoy,Diri Boghazkoy,3',,|SAL.LAGAR|,⸢BI⸣-in-du
P437083,"KBo 26, 016",Middle Babylonian,Boghazkoy,Diri Boghazkoy,4',,|SAL.LAGAR|,bi-ra-ta-hi
P437083,"KBo 26, 016",Middle Babylonian,Boghazkoy,Diri Boghazkoy,5',,|SAL.LAGAR|,u-ru-uh-hu
P437085,"KBo 26, 018",Middle Babylonian,Boghazkoy,Diri Boghazkoy,i' 1',u₂-[tul₂],utulₓ(|PA.X.X|),
P437085,"KBo 26, 018",Middle Babylonian,Boghazkoy,Diri Boghazkoy,i' 2',u₂-tul₂,udulₓ(|PA.DAG.KISIM₅×LU|),na-aš-⸢ta⸣
P437085,"KBo 26, 018",Middle Babylonian,Boghazkoy,Diri Boghazkoy,i' 3',zi-ig,sigₓ(|PA.GI|),na-aš-ta-an
P437085,"KBo 26, 018",Middle Babylonian,Boghazkoy,Diri Boghazkoy,i' 4',<(zi-ig)>,sigₓ(|PA.GI|),<(na-aš-ta-an
P437085,"KBo 26, 018",Middle Babylonian,Boghazkoy,Diri Boghazkoy,i' 5',sig₁₁,|PA.GAN|,ša-ta-du
P437085,"KBo 26, 018",Middle Babylonian,Boghazkoy,Diri Boghazkoy,i' 6',sig₁₁,|PA.GAN|,<([...])>
P437085,"KBo 26, 018",Middle Babylonian,Boghazkoy,Diri Boghazkoy,i' 7',sig₁₁,|PA.GAN|,<([...])>
P443823,"KUB 03, 097",Middle Babylonian,Boghazkoy,Diri Boghazkoy,1',<([...])>,,
P443823,"KUB 03, 097",Middle Babylonian,Boghazkoy,Diri Boghazkoy,2',udu₂,|ŠU.BAD|,[u₂-du]
P443823,"KUB 03, 097",Middle Babylonian,Boghazkoy,Diri Boghazkoy,3',šu-u,|ŠU.U|,⸢šu⸣-u
P443823,"KUB 03, 097",Middle Babylonian,Boghazkoy,Diri Boghazkoy,4',šu-min₃,ŠU-|U.U|,šu-u
P443823,"KUB 03, 097",Middle Babylonian,Boghazkoy,Diri Boghazkoy,5',šu-min₃,<(ŠU-|U.U|,<(šu-u
P443823,"KUB 03, 097",Middle Babylonian,Boghazkoy,Diri Boghazkoy,6',šu-min₃,<(ŠU-|U.U|,<(šu-u
P443823,"KUB 03, 097",Middle Babylonian,Boghazkoy,Diri Boghazkoy,7',zipah₂,|ŠU.BAD|,
P443824,"KUB 03, 098",Middle Babylonian,Boghazkoy,Diri Boghazkoy,1',{ŋeš}lam,,na-aš
P443824,"KUB 03, 098",Middle Babylonian,Boghazkoy,Diri Boghazkoy,2',{ŋeš}lam,,<(na-aš
P443824,"KUB 03, 098",Middle Babylonian,Boghazkoy,Diri Boghazkoy,3',{ŋeš}lam,,<(na-aš
P443824,"KUB 03, 098",Middle Babylonian,Boghazkoy,Diri Boghazkoy,4',i-ri-na,{ŋeš}irinaₓ(|SIK₂.NUN|),na-aš
P443824,"KUB 03, 098",Middle Babylonian,Boghazkoy,Diri Boghazkoy,5',šu-u₂-šu₂,{ŋeš}šušuₓ(|SIK₂.LAM|),na-aš
P443824,"KUB 03, 098",Middle Babylonian,Boghazkoy,Diri Boghazkoy,6',{ŋeš}adkin,{ŋeš}|SIK₂.LAM|,⸢na-aš
P443828,"KUB 03, 103",Middle Babylonian,Boghazkoy,Diri Boghazkoy,o 3',,|A.IGI|,[...]-⸢x⸣
P443828,"KUB 03, 103",Middle Babylonian,Boghazkoy,Diri Boghazkoy,o 4',er₂,|A.IGI|,[ni]-is-sa₃-du
P443828,"KUB 03, 103",Middle Babylonian,Boghazkoy,Diri Boghazkoy,o 5',er₂,|A.IGI|,ta-zi-im-du
P443828,"KUB 03, 103",Middle Babylonian,Boghazkoy,Diri Boghazkoy,o 6',,|A.IGI|,ṣu₂-mu
P443828,"KUB 03, 103",Middle Babylonian,Boghazkoy,Diri Boghazkoy,o 7',a-ra₂,|A.DU|,ṭe₄-e-mu
P443828,"KUB 03, 103",Middle Babylonian,Boghazkoy,Diri Boghazkoy,o 8',a-ra₂,|A.DU|,[...]-⸢x⸣
P443828,"KUB 03, 103",Middle Babylonian,Boghazkoy,Diri Boghazkoy,o 9',a-ra₂,|A.DU|,mil-ku
P443828,"KUB 03, 103",Middle Babylonian,Boghazkoy,Diri Boghazkoy,o 10',a-ra₂,|A.DU|,ša-ha-a-du
P443828,"KUB 03, 103",Middle Babylonian,Boghazkoy,Diri Boghazkoy,o 11',a-ra₂,|A.DU|,a-ra-a-du
P443828,"KUB 03, 103",Middle Babylonian,Boghazkoy,Diri Boghazkoy,o 12',a-ra₂,|A.DU|,me-ta-aš-šu-ru
P443828,"KUB 03, 103",Middle Babylonian,Boghazkoy,Diri Boghazkoy,o 13',a-ra₂,|A.DU|,a-di
P443828,"KUB 03, 103",Middle Babylonian,Boghazkoy,Diri Boghazkoy,o 14',illu,|A.KAL|,[...]-⸢x⸣
P443828,"KUB 03, 103",Middle Babylonian,Boghazkoy,Diri Boghazkoy,o 15',illu,|A.KAL|,hi-i-lu
P443828,"KUB 03, 103",Middle Babylonian,Boghazkoy,Diri Boghazkoy,o 16',illu,|A.KAL|,ši-ih-lu
P443828,"KUB 03, 103",Middle Babylonian,Boghazkoy,Diri Boghazkoy,r 1,illu,|A.KAL|,⸢ni⸣-šu
P443828,"KUB 03, 103",Middle Babylonian,Boghazkoy,Diri Boghazkoy,r 2,illu,|A.KAL|,zi-bu
P443828,"KUB 03, 103",Middle Babylonian,Boghazkoy,Diri Boghazkoy,r 3,illu,|A.KAL|,⸢za⸣-a-bu
P443828,"KUB 03, 103",Middle Babylonian,Boghazkoy,Diri Boghazkoy,r 4,illu,|A.KAL|,te-ek-ku
P443828,"KUB 03, 103",Middle Babylonian,Boghazkoy,Diri Boghazkoy,r 5,illu,|A.KAL|,ta-te-ek-ku
P443828,"KUB 03, 103",Middle Babylonian,Boghazkoy,Diri Boghazkoy,r 6,ugu₂,|A.KA|,⸢me⸣-ek-ru
P443828,"KUB 03, 103",Middle Babylonian,Boghazkoy,Diri Boghazkoy,r 7,ugu₂,|A.KA|,⸢maš⸣-qi₂-du
P443828,"KUB 03, 103",Middle Babylonian,Boghazkoy,Diri Boghazkoy,r 11,a-gar₅,|A.LU₃|,[...]-⸢x⸣
P443828,"KUB 03, 103",Middle Babylonian,Boghazkoy,Diri Boghazkoy,r 12,a-gar₅,|A.LU₃|,[...]-⸢x⸣
P443828,"KUB 03, 103",Middle Babylonian,Boghazkoy,Diri Boghazkoy,r 13,a-gar₅,|A.LU₃|,
P443828,"KUB 03, 103",Middle Babylonian,Boghazkoy,Diri Boghazkoy,r 14,a-gar₅,|A.LU₃|,
P443833,"KUB 03, 109",Middle Babylonian,Boghazkoy,Diri Boghazkoy,1',{u₂}šalambi{sar},,ša-ad-dar₆-ru
P443833,"KUB 03, 109",Middle Babylonian,Boghazkoy,Diri Boghazkoy,2',{u₂}šub₅,{[u₂}|ZI&ZI.LAGAB|,šu-up-pa-du
P443833,"KUB 03, 109",Middle Babylonian,Boghazkoy,Diri Boghazkoy,3',{u₂}aški,{[u₂}|ZI&ZI.LAGAB|,ur(KAB-)pa-du
P443833,"KUB 03, 109",Middle Babylonian,Boghazkoy,Diri Boghazkoy,4',{u₂}numun₂,{[u₂}|ZI&ZI.LAGAB|,el-pe₂-du
P443833,"KUB 03, 109",Middle Babylonian,Boghazkoy,Diri Boghazkoy,5',<([...])>,,NI-⸢BI⸣-rum
P443833,"KUB 03, 109",Middle Babylonian,Boghazkoy,Diri Boghazkoy,6',<([...])>,,nam-ku-ru₃-rum
P443833,"KUB 03, 109",Middle Babylonian,Boghazkoy,Diri Boghazkoy,7',,{[u₂}|KUL.ŠA₃|{sar]},nam-ku-ru-rum
P447992,"OECT 04, 152",Old Babylonian,Kish,OB Diri Oxford,a i 1,dirig,|SI.A|,[wa-at-ru-um]
P447992,"OECT 04, 152",Old Babylonian,Kish,OB Diri Oxford,a i 2,dirig,|SI.A|,⸢šu⸣-[tu-ru-um]
P447992,"OECT 04, 152",Old Babylonian,Kish,OB Diri Oxford,a i 3,dirig,|SI.A|,e-[li]
P447992,"OECT 04, 152",Old Babylonian,Kish,OB Diri Oxford,a i 4,dirig,|SI.A|,ne₂-qe₂-[el-pu-um]
P447992,"OECT 04, 152",Old Babylonian,Kish,OB Diri Oxford,a i 5,dirig,|SI.A|,i-zu-⸢uz⸣-[zu-um]
P447992,"OECT 04, 152",Old Babylonian,Kish,OB Diri Oxford,a i 6,dirig,|SI.A|,qa₂-a-⸢pu⸣-[um]
P447992,"OECT 04, 152",Old Babylonian,Kish,OB Diri Oxford,a i 7,dirig,|SI.A|,ma-ha-hu-⸢um⸣
P447992,"OECT 04, 152",Old Babylonian,Kish,OB Diri Oxford,a i 8,dirig,|SI.A|,na-ah-du-ru
P447992,"OECT 04, 152",Old Babylonian,Kish,OB Diri Oxford,a i 9,dirig,|SI.A|,⸢a⸣-ša-šum
P447992,"OECT 04, 152",Old Babylonian,Kish,OB Diri Oxford,a i 10,dirig,|SI.A|,na-sa₃-hu-um
P447992,"OECT 04, 152",Old Babylonian,Kish,OB Diri Oxford,a i 11,dirig,|SI.A|,ka-pa-šum
P447992,"OECT 04, 152",Old Babylonian,Kish,OB Diri Oxford,a i 12,dirig,|SI.A|,ma-lu-u₂-um
P447992,"OECT 04, 152",Old Babylonian,Kish,OB Diri Oxford,a i 13,dirig,|SI.A|,⸢za⸣-qa₂-ru-um
P447992,"OECT 04, 152",Old Babylonian,Kish,OB Diri Oxford,a i 14,dirig,|SI.A|,⸢i⸣-ta-ah-ru-ur-ru
P447992,"OECT 04, 152",Old Babylonian,Kish,OB Diri Oxford,a i 15,dirig,|SI.A|,⸢i-ta⸣-ag-ru-ur-ru
P447992,"OECT 04, 152",Old Babylonian,Kish,OB Diri Oxford,a i 16,dirig,|SI.A|,⸢ha⸣-mu-um
P447992,"OECT 04, 152",Old Babylonian,Kish,OB Diri Oxford,a i 17,dirig,|SI.A|,⸢a⸣-mu-um
P447992,"OECT 04, 152",Old Babylonian,Kish,OB Diri Oxford,a i 18,dirig,|SI.A|,⸢na⸣-ha-al-lum
P447992,"OECT 04, 152",Old Babylonian,Kish,OB Diri Oxford,a i 19,dirig,|SI.A|,⸢a⸣-la-kum
P447992,"OECT 04, 152",Old Babylonian,Kish,OB Diri Oxford,a i 20,dirig,|SI.A|,⸢ma⸣-du-um
P447992,"OECT 04, 152",Old Babylonian,Kish,OB Diri Oxford,a i 21,dirig,|SI.A|,⸢ra⸣-ap(ZE₂-)šum
P447992,"OECT 04, 152",Old Babylonian,Kish,OB Diri Oxford,a i 22,dirig,|SI.A|,⸢ša⸣-pa-pu-um
P447992,"OECT 04, 152",Old Babylonian,Kish,OB Diri Oxford,a i 23,dirig,|SI.A|,⸢aṣ-ṣe⸣-er
P447992,"OECT 04, 152",Old Babylonian,Kish,OB Diri Oxford,a i 24,dirig,|SI.A|,le-hu-um
P447992,"OECT 04, 152",Old Babylonian,Kish,OB Diri Oxford,a i 25,dirig,|SI.A|,na-sa₃-ku-um
P447992,"OECT 04, 152",Old Babylonian,Kish,OB Diri Oxford,a i 26,puzur₄,|KA×GAN₂@t.ŠA|,pu-uz-rum
P447992,"OECT 04, 152",Old Babylonian,Kish,OB Diri Oxford,a i 27,puzur₄,|KA×GAN₂@t.ŠA|,du-u₂-tum
P447992,"OECT 04, 152",Old Babylonian,Kish,OB Diri Oxford,a i 28,puzur₄,|KA×GAN₂@t.ŠA|,ša-ha-a-tum
P447992,"OECT 04, 152",Old Babylonian,Kish,OB Diri Oxford,a i 29,puzur₄,|KA×GAN₂@t.ŠA|,gi₄-li-im-mu
P447992,"OECT 04, 152",Old Babylonian,Kish,OB Diri Oxford,a i 30,mu₇-mu₇,|KA×LI||KA×LI|,ši-ip-tum
P447992,"OECT 04, 152",Old Babylonian,Kish,OB Diri Oxford,a i 31,mu₇-mu₇,|KA×LI||KA×LI|,ra-mi-mu-um
P447992,"OECT 04, 152",Old Babylonian,Kish,OB Diri Oxford,a i 32,mu₇-mu₇,|KA×LI||KA×LI|,ri-ig-mu-um
P447992,"OECT 04, 152",Old Babylonian,Kish,OB Diri Oxford,a i 33,mu₇-mu₇,|KA×LI||KA×LI|,ra-ga-mu-um
P447992,"OECT 04, 152",Old Babylonian,Kish,OB Diri Oxford,a i 34,mu₇-mu₇,|KA×LI||KA×LI|,wa-ši-pu-um
P447992,"OECT 04, 152",Old Babylonian,Kish,OB Diri Oxford,a i 35,dadag,|UD.UD|,el-<<x>>-⸢lum⸣
P447992,"OECT 04, 152",Old Babylonian,Kish,OB Diri Oxford,a i 36,dadag,|UD.UD|,eb-bu-⸢um⸣
P447992,"OECT 04, 152",Old Babylonian,Kish,OB Diri Oxford,a i 37,dadag,|UD.UD|,nam-rum
P447992,"OECT 04, 152",Old Babylonian,Kish,OB Diri Oxford,a i 38,hud₂-hud₂,|UD.UD|,el-lum
P447992,"OECT 04, 152",Old Babylonian,Kish,OB Diri Oxford,a i 39,hud₂-hud₂,|UD.UD|,eb-bu-um
P447992,"OECT 04, 152",Old Babylonian,Kish,OB Diri Oxford,a i 40,ku₇-ku₇,|KU₇.KU₇|,ma-at-qum
P447992,"OECT 04, 152",Old Babylonian,Kish,OB Diri Oxford,a i 41,ku₇-ku₇,|KU₇.KU₇|,da-aš-pu-um
P447992,"OECT 04, 152",Old Babylonian,Kish,OB Diri Oxford,a i 42,ku₇-ku₇,|KU₇.KU₇|,ma-ar-qum
P447992,"OECT 04, 152",Old Babylonian,Kish,OB Diri Oxford,a i 43,ku₇-ku₇,|KU₇.KU₇|,ṭa-a-bu-um
P447992,"OECT 04, 152",Old Babylonian,Kish,OB Diri Oxford,a i 44,ku₇-ku₇,|KU₇.KU₇|,du-uš-šu-pu-um
P447992,"OECT 04, 152",Old Babylonian,Kish,OB Diri Oxford,a i 45,kukku₂,|MI.MI|,ek-le-tum
P447992,"OECT 04, 152",Old Babylonian,Kish,OB Diri Oxford,a i 46,kukku₂,|MI.MI|,da-ah-mu-um
P447992,"OECT 04, 152",Old Babylonian,Kish,OB Diri Oxford,a i 47,du₁₂-du₁₂,|TUK.TUK|,a-ha-zu-um
P447992,"OECT 04, 152",Old Babylonian,Kish,OB Diri Oxford,a i 48,du₁₂-du₁₂,|TUK.TUK|,za-ma-ru-um
P447992,"OECT 04, 152",Old Babylonian,Kish,OB Diri Oxford,a i 49,du₁₂-du₁₂,|TUK.TUK|,ra-šu-u₂
P447992,"OECT 04, 152",Old Babylonian,Kish,OB Diri Oxford,a i 50,du₁₂-du₁₂,|TUK.TUK|,ka-ba-tum
P447992,"OECT 04, 152",Old Babylonian,Kish,OB Diri Oxford,a i 51,du₁₂-du₁₂,|TUK.TUK|,at-pu-ul-lu-um
P447992,"OECT 04, 152",Old Babylonian,Kish,OB Diri Oxford,a i 52,du₁₂-du₁₂,|TUK.TUK|,ša-ka-nu-um
P447992,"OECT 04, 152",Old Babylonian,Kish,OB Diri Oxford,a i 53,du₁₂-du₁₂,|TUK.TUK|,šu-ur-šu-u₂-⸢um⸣
P447992,"OECT 04, 152",Old Babylonian,Kish,OB Diri Oxford,a i 54,tak₄-tak₄,|TAK₄.TAK₄|,e-ze-e-bu-⸢um⸣
P447992,"OECT 04, 152",Old Babylonian,Kish,OB Diri Oxford,a i 55,tak₄-tak₄,|TAK₄.TAK₄|,še-e-⸢tum⸣
P447992,"OECT 04, 152",Old Babylonian,Kish,OB Diri Oxford,a i 56,tak₄-tak₄,|TAK₄.TAK₄|,⸢uh₂⸣-hu-[rum]
P447992,"OECT 04, 152",Old Babylonian,Kish,OB Diri Oxford,a i 57,tak₄-tak₄,|TAK₄.TAK₄|,[x]-⸢x⸣-na-[x-x]
P447992,"OECT 04, 152",Old Babylonian,Kish,OB Diri Oxford,a ii 1',niŋin,|LAGAB.LAGAB|,[e]-ge-⸢ru⸣-[um]
P447992,"OECT 04, 152",Old Babylonian,Kish,OB Diri Oxford,a ii 2',niŋin,|LAGAB.LAGAB|,ša-a-⸢u₂⸣-[um]
P447992,"OECT 04, 152",Old Babylonian,Kish,OB Diri Oxford,a ii 3',niŋin,|LAGAB.LAGAB|,sa₃-ma-[kum]
P447992,"OECT 04, 152",Old Babylonian,Kish,OB Diri Oxford,a ii 4',niŋin,|LAGAB.LAGAB|,⸢se₂-ke⸣-[rum]
P447992,"OECT 04, 152",Old Babylonian,Kish,OB Diri Oxford,a ii 5',<(a)>-niŋin,|LAGAB.LAGAB|,ša-a-⸢x⸣-[x]
P447992,"OECT 04, 152",Old Babylonian,Kish,OB Diri Oxford,a ii 6',niŋin,|LAGAB.LAGAB|,li-⸢ta⸣-[wu-um]
P447992,"OECT 04, 152",Old Babylonian,Kish,OB Diri Oxford,a ii 7',di₄-di₄,|TUR.TUR|,ṣe-eh-⸢ru⸣-[um]
P447992,"OECT 04, 152",Old Babylonian,Kish,OB Diri Oxford,a ii 8',di₄-di₄,|TUR.TUR|,da-aq-⸢qu₃⸣-[um]
P447992,"OECT 04, 152",Old Babylonian,Kish,OB Diri Oxford,a ii 9',di₄-di₄,|TUR.TUR|,en-šu-⸢um⸣
P447992,"OECT 04, 152",Old Babylonian,Kish,OB Diri Oxford,a ii 10',siškur₂,|AMAR×ŠE.AMAR×ŠE|,⸢ni⸣-qu₂-u₂
P447992,"OECT 04, 152",Old Babylonian,Kish,OB Diri Oxford,a ii 11',siškur₂,|AMAR×ŠE.AMAR×ŠE|,⸢un⸣-ne-nu-um
P447992,"OECT 04, 152",Old Babylonian,Kish,OB Diri Oxford,a ii 12',zur-zur,|AMAR×ŠE.AMAR×ŠE|,⸢ku-un⸣-nu-u₂
P447992,"OECT 04, 152",Old Babylonian,Kish,OB Diri Oxford,a ii 13',siškur₂,|AMAR×ŠE.AMAR×ŠE|,[ik]-ri-bu-⸢um⸣
P447992,"OECT 04, 152",Old Babylonian,Kish,OB Diri Oxford,a ii 14',siškur₂,|AMAR×ŠE.AMAR×ŠE|,[te-es]-li-⸢tum⸣
P447992,"OECT 04, 152",Old Babylonian,Kish,OB Diri Oxford,a ii 15',lah₅,|DU.DU|,[re]-du-⸢u₂⸣
P447992,"OECT 04, 152",Old Babylonian,Kish,OB Diri Oxford,a ii 16',lah₅,|DU.DU|,[ša-la]-⸢lum⸣
P447992,"OECT 04, 152",Old Babylonian,Kish,OB Diri Oxford,a ii 17',,|DU.DU.DU.DU|,
P447992,"OECT 04, 152",Old Babylonian,Kish,OB Diri Oxford,a ii 18',,|DU.DU.DU.DU|,
P447992,"OECT 04, 152",Old Babylonian,Kish,OB Diri Oxford,a ii 19',,|DU.DU.DU.DU|,
P447992,"OECT 04, 152",Old Babylonian,Kish,OB Diri Oxford,a ii 20',,|DU.DU.DU.DU|,
P447992,"OECT 04, 152",Old Babylonian,Kish,OB Diri Oxford,a ii 21',,|DU@s.DU@s|,
P447992,"OECT 04, 152",Old Babylonian,Kish,OB Diri Oxford,a ii 22',,|DU@s.DU@s|,
P447992,"OECT 04, 152",Old Babylonian,Kish,OB Diri Oxford,a ii 23',,|DU@s.DU@s|,
P447992,"OECT 04, 152",Old Babylonian,Kish,OB Diri Oxford,a ii 24',,|DU@s.DU@s|,
P447992,"OECT 04, 152",Old Babylonian,Kish,OB Diri Oxford,a ii 25',,|DU@s.DU@s|,
P447992,"OECT 04, 152",Old Babylonian,Kish,OB Diri Oxford,a ii 26',,|DU@s.DU@s|,⸢x⸣-[...]
P447992,"OECT 04, 152",Old Babylonian,Kish,OB Diri Oxford,a ii 27',du₉-du₉,|BUR₂.BUR₂|,⸢da⸣-[a-mu-um]
P447992,"OECT 04, 152",Old Babylonian,Kish,OB Diri Oxford,a ii 28',du₉-du₉,|BUR₂.BUR₂|,ma-[a-ṣu₂-um]
P447992,"OECT 04, 152",Old Babylonian,Kish,OB Diri Oxford,a ii 29',du₉-du₉,|BUR₂.BUR₂|,na-[a-qum]
P447992,"OECT 04, 152",Old Babylonian,Kish,OB Diri Oxford,a ii 30',du₉-du₉,|BUR₂.BUR₂|,tu-[...]
P447992,"OECT 04, 152",Old Babylonian,Kish,OB Diri Oxford,a ii 31',ara₃-ara₃,|HI×AŠ₂.HI×AŠ₂|,ṭe-[e-nu-um]
P447992,"OECT 04, 152",Old Babylonian,Kish,OB Diri Oxford,a ii 32',ara₃-ara₃,|HI×AŠ₂.HI×AŠ₂|,a-⸢ra⸣-[ar-ru-um]
P447992,"OECT 04, 152",Old Babylonian,Kish,OB Diri Oxford,a ii 33',ara₃-ara₃,|HI×AŠ₂.HI×AŠ₂|,sa₃-⸢ma⸣-[du-um]
P447992,"OECT 04, 152",Old Babylonian,Kish,OB Diri Oxford,a ii 34',ara₃-ara₃,|HI×AŠ₂.HI×AŠ₂|,sa₃-⸢am⸣-[du-um]
P447992,"OECT 04, 152",Old Babylonian,Kish,OB Diri Oxford,a ii 35',bad₅-bad₅,|IGI.IGI|,pe-⸢ta⸣-[a
P447992,"OECT 04, 152",Old Babylonian,Kish,OB Diri Oxford,a ii 36',bad₅-bad₅,|IGI.IGI|,lu-ut-[...]
P447992,"OECT 04, 152",Old Babylonian,Kish,OB Diri Oxford,a ii 37',lilib,|IGI.IGI|,sa₃-⸢ar⸣-[ru-um]
P447992,"OECT 04, 152",Old Babylonian,Kish,OB Diri Oxford,a ii 38',lilib,|IGI.IGI|,mu-⸢ut⸣-[ta-ah-li-lum]
P447992,"OECT 04, 152",Old Babylonian,Kish,OB Diri Oxford,a ii 39',igištu,|IGI.DU|,a-⸢ša⸣-[re-du-um]
P447992,"OECT 04, 152",Old Babylonian,Kish,OB Diri Oxford,a ii 40',palil,|IGI.DU|,a-⸢ša⸣-[re-du-um]
P447992,"OECT 04, 152",Old Babylonian,Kish,OB Diri Oxford,a ii 41',ašarid,|IGI.DU|,a-⸢ša⸣-[re-du-um]
P447992,"OECT 04, 152",Old Babylonian,Kish,OB Diri Oxford,a ii 42',igi,|IGI.DU|,a-⸢li⸣-[ik
P447992,"OECT 04, 152",Old Babylonian,Kish,OB Diri Oxford,a ii 43',agrig,|IGI.DUB|,a-ba-⸢ra⸣-[ak-kum]
P447992,"OECT 04, 152",Old Babylonian,Kish,OB Diri Oxford,a ii 44',ŋeškim,|IGI.DUB|,⸢it⸣-[tum]
P447992,"OECT 04, 152",Old Babylonian,Kish,OB Diri Oxford,a ii 45',,|IGI.X|,
P447992,"OECT 04, 152",Old Babylonian,Kish,OB Diri Oxford,a ii 46',,|IGI.X|,
P447992,"OECT 04, 152",Old Babylonian,Kish,OB Diri Oxford,a ii 47',,|IGI.X|,
P447992,"OECT 04, 152",Old Babylonian,Kish,OB Diri Oxford,a ii 48',,|IGI.X|,
P447992,"OECT 04, 152",Old Babylonian,Kish,OB Diri Oxford,b i 6,{ŋeš}ligima,{[ŋeš}|IGI.TUR.TUR|,[zi-iq]-⸢pu⸣-um
P447992,"OECT 04, 152",Old Babylonian,Kish,OB Diri Oxford,b i 7,{ŋeš}ligima,{[ŋeš}|IGI.TUR.TUR|,[ni-ip]-lum
P447992,"OECT 04, 152",Old Babylonian,Kish,OB Diri Oxford,b i 8,{ŋeš}ligima,{[ŋeš}|IGI.TUR.TUR|,[ši-it]-lum
P447992,"OECT 04, 152",Old Babylonian,Kish,OB Diri Oxford,b i 9,{ŋeš}taškarin,,[ta-aš]-ka-ri-nu
P447992,"OECT 04, 152",Old Babylonian,Kish,OB Diri Oxford,b i 10,{ŋeš}esi,,[u₂]-šu-u₂
P447992,"OECT 04, 152",Old Babylonian,Kish,OB Diri Oxford,b i 11,{ŋeš}esi,,[me]-⸢er⸣-tu-⸢u₂⸣
P447992,"OECT 04, 152",Old Babylonian,Kish,OB Diri Oxford,b i 12,{ŋeš}esi,,[na]-⸢ap-pa-ṣum⸣
P447992,"OECT 04, 152",Old Babylonian,Kish,OB Diri Oxford,b i 4',{ŋeš}suhub₄,{[ŋeš}|ŠU.DI.EŠ|,[me]-⸢de⸣-lum
P447992,"OECT 04, 152",Old Babylonian,Kish,OB Diri Oxford,b i 5',{ŋeš}suhub₅,{[ŋeš}|ŠU.GA|,[na-ap]-⸢ra-kum⸣
P447992,"OECT 04, 152",Old Babylonian,Kish,OB Diri Oxford,b ii 1,šuba,|ZA.MUŠ₃@g|,šu-bu-[u₂-um]
P447992,"OECT 04, 152",Old Babylonian,Kish,OB Diri Oxford,b ii 2,šuba,|ZA.MUŠ₃@g|,el-[lum]
P447992,"OECT 04, 152",Old Babylonian,Kish,OB Diri Oxford,b ii 3,šuba,|ZA.MUŠ₃@g|,eṭ-⸢lum⸣
P447992,"OECT 04, 152",Old Babylonian,Kish,OB Diri Oxford,b ii 4,šuba,|ZA.MUŠ₃@g|,{d}da-⸢mu⸣
P447992,"OECT 04, 152",Old Babylonian,Kish,OB Diri Oxford,b ii 5,šuba,|ZA.MUŠ₃@g|,re-e-e₂-⸢um⸣
P447992,"OECT 04, 152",Old Babylonian,Kish,OB Diri Oxford,b ii 6,zabalam{ki},|ZA.MUŠ₃@g.AB×(U.U.U)|{⸢ki⸣},su₂-ga-⸢al⸣
P447992,"OECT 04, 152",Old Babylonian,Kish,OB Diri Oxford,b ii 7,muzug₂,|U₂.KA|,mu-su₂-⸢uk⸣-[kum]
P447992,"OECT 04, 152",Old Babylonian,Kish,OB Diri Oxford,b ii 8,{u₂}kišig₂,|U₂.GIR₂@g|,a-ša-⸢gu⸣-[um]
P447992,"OECT 04, 152",Old Babylonian,Kish,OB Diri Oxford,b ii 9,,|U₂.KUL.X|{⸢sar⸣},⸢i⸣-mi-ka-⸢ru⸣-[rum]
P447992,"OECT 04, 152",Old Babylonian,Kish,OB Diri Oxford,b ii 10,,{u₂}kutraₓ(|AN.IM|),⸢qu₂⸣-ud-[rum]
P447992,"OECT 04, 152",Old Babylonian,Kish,OB Diri Oxford,b ii 11,{u₂}{u}sullim{sar},{u₂}|U.EN×GAN₂@t|{sar},⸢ša⸣-am-ba-⸢li-il⸣-tum
P447992,"OECT 04, 152",Old Babylonian,Kish,OB Diri Oxford,b ii 12,šimbirida{sar},|U₂.KUR|{⸢sar⸣},⸢ni⸣-nu-u₂
P447992,"OECT 04, 152",Old Babylonian,Kish,OB Diri Oxford,b ii 13,{u₂}azubir{sar},{u₂}|HUR.SAG|{⸢sar⸣},a-zu-pi-rum
P447992,"OECT 04, 152",Old Babylonian,Kish,OB Diri Oxford,b ii 14,{u₂}gamun{sar},{u₂}|DIN.ŠE.NUN&NUN|{[sar]},⸢ka⸣-mu-nu
P447992,"OECT 04, 152",Old Babylonian,Kish,OB Diri Oxford,b ii 15,{u₂}šumunda{sar},{⸢u₂⸣}|DU₆&DU₆.ŠE|{⸢sar⸣},[šu]-⸢mu⸣-ut-tum
P447992,"OECT 04, 152",Old Babylonian,Kish,OB Diri Oxford,b ii 16,{u₂}azad(|LAGAB×HAL.ŠU₂|),{⸢u₂⸣}|LAGAB×HAL.ŠU₂|,⸢a-ša-šum⸣
P447992,"OECT 04, 152",Old Babylonian,Kish,OB Diri Oxford,b ii 17,{u₂}hirim,{⸢u₂⸣}|KI.KAL|,⸢la-ar-du⸣-[um]
P447992,"OECT 04, 152",Old Babylonian,Kish,OB Diri Oxford,b ii 18,{u₂}munzer,{⸢u₂⸣}|KI.AN.ŠEŠ.KI|,⸢su₂⸣-pa-a-⸢lum⸣
P447992,"OECT 04, 152",Old Babylonian,Kish,OB Diri Oxford,b ii 19,gud₃,|U₂.KI.SUM.GA|,qi₂-⸢in⸣-[nu-um]
P447992,"OECT 04, 152",Old Babylonian,Kish,OB Diri Oxford,b ii 20,uga,|U₂.NAGA.GA|,he-⸢re⸣-[bu-um]
P447992,"OECT 04, 152",Old Babylonian,Kish,OB Diri Oxford,b ii 21,am₃,|A.AN|,ma-[a]
P447992,"OECT 04, 152",Old Babylonian,Kish,OB Diri Oxford,b ii 22,,|A.AN|,
P447992,"OECT 04, 152",Old Babylonian,Kish,OB Diri Oxford,b ii 34,,|A.IGI|,
P447992,"OECT 04, 152",Old Babylonian,Kish,OB Diri Oxford,b ii 35,,|A.IGI|,
P447992,"OECT 04, 152",Old Babylonian,Kish,OB Diri Oxford,b ii 36,,|A.IGI|,
P447992,"OECT 04, 152",Old Babylonian,Kish,OB Diri Oxford,b ii 37,,|A.KAL|,
P447992,"OECT 04, 152",Old Babylonian,Kish,OB Diri Oxford,b ii 38,,|A.KAL|,
P447992,"OECT 04, 152",Old Babylonian,Kish,OB Diri Oxford,b ii 39,,|A.KAL|,
P447992,"OECT 04, 152",Old Babylonian,Kish,OB Diri Oxford,b ii 40,,|A.KA|,
P447992,"OECT 04, 152",Old Babylonian,Kish,OB Diri Oxford,b ii 41,,|A.KA|,
P447992,"OECT 04, 152",Old Babylonian,Kish,OB Diri Oxford,b ii 42,,|A.KA|,
P447992,"OECT 04, 152",Old Babylonian,Kish,OB Diri Oxford,b ii 43,,|A.LU₃|,
P447992,"OECT 04, 152",Old Babylonian,Kish,OB Diri Oxford,b ii 44,,|A.X|,
P447992,"OECT 04, 152",Old Babylonian,Kish,OB Diri Oxford,b ii 49,addir,|A.PA.BI.IZ.PAD.SI.A|,
P447992,"OECT 04, 152",Old Babylonian,Kish,OB Diri Oxford,b ii 50,addir,|A.PA.BI.IZ.PAD.SI.A|,⸢ne₂⸣-[be-rum]
P447992,"OECT 04, 152",Old Babylonian,Kish,OB Diri Oxford,b ii 51,addir,|A.PA.BI.IZ.PAD.SI.A|,iš-⸢di⸣-[hu-um]
P447992,"OECT 04, 152",Old Babylonian,Kish,OB Diri Oxford,b ii 52,,sed₄(|ZA.MUŠ₃@g.DI|),ku-⸢uṣ⸣-[ṣum]
P447992,"OECT 04, 152",Old Babylonian,Kish,OB Diri Oxford,b ii 53,halba₃,|ZA.MUŠ₃@g.DI|,ha-⸢al⸣-[pu-u₂-um]
P447992,"OECT 04, 152",Old Babylonian,Kish,OB Diri Oxford,b ii 54,,mabiₓ(|ZA.MUŠ₃@g.DI|),ma-[mu-u₂-um]
P447992,"OECT 04, 152",Old Babylonian,Kish,OB Diri Oxford,b ii 55,amagi₄,|ZA.MUŠ₃@g.DI|,⸢šu⸣-[ri-pu-um]
P447992,"OECT 04, 152",Old Babylonian,Kish,OB Diri Oxford,b ii 56,,|X.X.GU₂.X|,
P447992,"OECT 04, 152",Old Babylonian,Kish,OB Diri Oxford,c i 4,e₃,|UD.DU|,
P447992,"OECT 04, 152",Old Babylonian,Kish,OB Diri Oxford,c i 5,e₃,|UD.DU|,
P447992,"OECT 04, 152",Old Babylonian,Kish,OB Diri Oxford,c i 6,e₃,|UD.DU|,
P447992,"OECT 04, 152",Old Babylonian,Kish,OB Diri Oxford,c i 7,e₃,|UD.DU|,
P447992,"OECT 04, 152",Old Babylonian,Kish,OB Diri Oxford,c i 8,e₃,|UD.DU|,
P447992,"OECT 04, 152",Old Babylonian,Kish,OB Diri Oxford,c i 9,e₃,|UD.DU|,[x]-⸢x⸣-[x]
P447992,"OECT 04, 152",Old Babylonian,Kish,OB Diri Oxford,c i 10,e₃,|UD.DU|,[x]-⸢di⸣-[x]
P447992,"OECT 04, 152",Old Babylonian,Kish,OB Diri Oxford,c i 11,e₃,|UD.DU|,⸢hi⸣-a-⸢ṭum⸣
P447992,"OECT 04, 152",Old Babylonian,Kish,OB Diri Oxford,c i 12,<(gu₂)>,|UD.DU|,⸢ha⸣-la-⸢pu⸣
P447992,"OECT 04, 152",Old Babylonian,Kish,OB Diri Oxford,c i 13,e₃,|UD.DU|,⸢ša⸣-ka-⸢ku⸣
P447992,"OECT 04, 152",Old Babylonian,Kish,OB Diri Oxford,c i 14,e₃,|UD.DU|,[...]-⸢x⸣
P447992,"OECT 04, 152",Old Babylonian,Kish,OB Diri Oxford,c i 15,e₃,|UD.DU|,[...]-⸢um⸣
P447992,"OECT 04, 152",Old Babylonian,Kish,OB Diri Oxford,c i 16,e₃,|UD.DU|,[...]-⸢um⸣
P447992,"OECT 04, 152",Old Babylonian,Kish,OB Diri Oxford,c i 17,e₃,|UD.DU|,
P447992,"OECT 04, 152",Old Babylonian,Kish,OB Diri Oxford,c i 34,šab,|PA.IB|,⸢x-pu⸣
P447992,"OECT 04, 152",Old Babylonian,Kish,OB Diri Oxford,c i 35,šab,|PA.IB|,[x]-⸢x-x-x⸣
P447992,"OECT 04, 152",Old Babylonian,Kish,OB Diri Oxford,c i 36,šab,|PA.IB|,⸢ša-la-qum⸣
P447992,"OECT 04, 152",Old Babylonian,Kish,OB Diri Oxford,c i 37,šab,|PA.IB|,qa₂-ra-mu
P447992,"OECT 04, 152",Old Babylonian,Kish,OB Diri Oxford,c i 38,šab,|PA.IB|,⸢ha-ra-ṣum⸣
P447992,"OECT 04, 152",Old Babylonian,Kish,OB Diri Oxford,c i 39,šab,|PA.IB|,⸢qa₂⸣-ab-⸢li⸣-a-⸢tum⸣
P447992,"OECT 04, 152",Old Babylonian,Kish,OB Diri Oxford,c i 40,šab,|PA.IB|,⸢e-ṣe⸣-rum
P447992,"OECT 04, 152",Old Babylonian,Kish,OB Diri Oxford,c i 41,šab,|PA.IB|,⸢ši⸣-pa-⸢as-su₂⸣
P447992,"OECT 04, 152",Old Babylonian,Kish,OB Diri Oxford,c i 42,šab,|PA.IB|,e-se₂-qu₂
P447992,"OECT 04, 152",Old Babylonian,Kish,OB Diri Oxford,c i 43,rig₇,|PA.HUB₂.DU|,ri-ib-ku
P447992,"OECT 04, 152",Old Babylonian,Kish,OB Diri Oxford,c i 44,rig₇,|PA.HUB₂.DU|,ša-ra-kum
P447992,"OECT 04, 152",Old Babylonian,Kish,OB Diri Oxford,c i 45,šabra,|PA.AL|,ša-⸢ab⸣-ru
P447992,"OECT 04, 152",Old Babylonian,Kish,OB Diri Oxford,c i 46,šabra₂,|PA.E₂|,ša-⸢ab-ru-u₂⸣
P447992,"OECT 04, 152",Old Babylonian,Kish,OB Diri Oxford,c i 47,udul₉,|PA.DAG.KISIM₅×KAK|,u₂-tu-lum
P447992,"OECT 04, 152",Old Babylonian,Kish,OB Diri Oxford,c i 48,udul₄,|PA.DAG.KISIM₅×(LU.MAŠ₂)|,u₂-tu-lum
P447992,"OECT 04, 152",Old Babylonian,Kish,OB Diri Oxford,c i 49,rig₁₀,|PA.DAG.KISIM₅×KAK|,ri-ib-ku
P447992,"OECT 04, 152",Old Babylonian,Kish,OB Diri Oxford,c i 50,rig₁₀,|PA.DAG.KISIM₅×KAK|,is-rum
P447992,"OECT 04, 152",Old Babylonian,Kish,OB Diri Oxford,c i 51,tud₂,|PA.UZU|,ni-ṭu₃-tum
P447992,"OECT 04, 152",Old Babylonian,Kish,OB Diri Oxford,c i 52,zilulu,|PA.GIŠGAL|,sa₃-ah-hi-rum
P447992,"OECT 04, 152",Old Babylonian,Kish,OB Diri Oxford,c i 53,ŋarza,|PA.AN|,⸢pa⸣-ar-ṣum
P447992,"OECT 04, 152",Old Babylonian,Kish,OB Diri Oxford,c i 54,biluda,|PA.AN|,[up]-ša-šu-u₂
P447992,"OECT 04, 152",Old Babylonian,Kish,OB Diri Oxford,c i 55,ŋarza₂,|PA.LUGAL|,[pa]-⸢ar-ṣum⸣
P447992,"OECT 04, 152",Old Babylonian,Kish,OB Diri Oxford,c ii 1,,|PA.DU@s|,
P447992,"OECT 04, 152",Old Babylonian,Kish,OB Diri Oxford,c ii 2,,|PA.X|,
P447992,"OECT 04, 152",Old Babylonian,Kish,OB Diri Oxford,c ii 3,,|PA.X|,
P447992,"OECT 04, 152",Old Babylonian,Kish,OB Diri Oxford,c ii 10,tu₅,|ŠU.NAGA|,[x]-⸢x-x-x⸣
P447992,"OECT 04, 152",Old Babylonian,Kish,OB Diri Oxford,c ii 11,tu₅,|ŠU.NAGA|,⸢hi-tum⸣
P447992,"OECT 04, 152",Old Babylonian,Kish,OB Diri Oxford,c ii 12,ŋešpu₂,|ŠU.PAP.PAP|,⸢hu-ma-šum⸣
P447992,"OECT 04, 152",Old Babylonian,Kish,OB Diri Oxford,c ii 13,šu-ku₆,|ŠU.HA|,ba-hi-⸢ru-um⸣
P447992,"OECT 04, 152",Old Babylonian,Kish,OB Diri Oxford,c ii 14,lirum,|ŠU.KAL|,⸢ša-ap⸣-ṣu₂-⸢um⸣
P447992,"OECT 04, 152",Old Babylonian,Kish,OB Diri Oxford,c ii 15,lirum,|ŠU.KAL|,⸢ki-ri-im-mu⸣-[um]
P447992,"OECT 04, 152",Old Babylonian,Kish,OB Diri Oxford,c ii 16,lirum,|ŠU.KAL|,ga-⸢me⸣-[rum]
P447992,"OECT 04, 152",Old Babylonian,Kish,OB Diri Oxford,c ii 17,lirum,|ŠU.KAL|,mu-uš-tap-ṣu₂-[um]
P447992,"OECT 04, 152",Old Babylonian,Kish,OB Diri Oxford,c ii 18,lirum,|ŠU.KAL|,le-hu-um
P447992,"OECT 04, 152",Old Babylonian,Kish,OB Diri Oxford,c ii 19,dubul,|ŠU.BU|,e-le-pu
P447992,"OECT 04, 152",Old Babylonian,Kish,OB Diri Oxford,c ii 20,dubul,|ŠU.BU|,ma-a-ru
P447992,"OECT 04, 152",Old Babylonian,Kish,OB Diri Oxford,c ii 21,zipah₂,|ŠU.BAD|,u₂-ṭu₃-um
P447992,"OECT 04, 152",Old Babylonian,Kish,OB Diri Oxford,c ii 22,šu-min₃,⸢ŠU⸣-|U.U|,⸢šu⸣-mi-⸢in⸣-[nu]
P447992,"OECT 04, 152",Old Babylonian,Kish,OB Diri Oxford,c ii 23,peš₁₄,|ŠU.KAD₅|,na-⸢pa⸣-[šum]
P447992,"OECT 04, 152",Old Babylonian,Kish,OB Diri Oxford,c ii 24,peš₁₄,|ŠU.KAD₅|,⸢pa-ṣa-ṣu₂-um⸣
P447992,"OECT 04, 152",Old Babylonian,Kish,OB Diri Oxford,c ii 25,tukum,|ŠU.GAR.TUR.LAL|,⸢su₂⸣-[ur]-ri
P447992,"OECT 04, 152",Old Babylonian,Kish,OB Diri Oxford,c ii 26,tukum-bi,|ŠU.GAR.TUR.LAL.BI|,[šum]-ma
P447992,"OECT 04, 152",Old Babylonian,Kish,OB Diri Oxford,c ii 27,piš₁₀,|KI.A|,[ki]-⸢ib-rum⸣
P447992,"OECT 04, 152",Old Babylonian,Kish,OB Diri Oxford,c ii 28,piš₁₀,|KI.A|,ka-⸢rum⸣
P447992,"OECT 04, 152",Old Babylonian,Kish,OB Diri Oxford,c ii 29,piš₁₀,|KI.A|,na-hal-lum
P447992,"OECT 04, 152",Old Babylonian,Kish,OB Diri Oxford,c ii 30,piš₁₀,|KI.A|,sa₃-ah-sa₃-ha-tum
P447992,"OECT 04, 152",Old Babylonian,Kish,OB Diri Oxford,c ii 31,šakanka,|KI.LAM|,ma-hi-rum
P447992,"OECT 04, 152",Old Babylonian,Kish,OB Diri Oxford,c ii 32,ki-nud,⸢KI⸣-NA₂,ma-a-a-lum
P447992,"OECT 04, 152",Old Babylonian,Kish,OB Diri Oxford,c ii 33,ki-tuš,⸢KI⸣-KU,šu-⸢ub⸣-tum
P447992,"OECT 04, 152",Old Babylonian,Kish,OB Diri Oxford,c ii 34,ki-tuš,KI-⸢KU⸣,⸢mu-ša⸣-bu
P447992,"OECT 04, 152",Old Babylonian,Kish,OB Diri Oxford,c ii 35,{ki}kiši₄,|KI.SAG@n|,⸢mu-ut-ta⸣-tum
P447992,"OECT 04, 152",Old Babylonian,Kish,OB Diri Oxford,c ii 36,,|KI.X|,⸢x⸣-[x]-⸢ar-kum⸣
P447992,"OECT 04, 152",Old Babylonian,Kish,OB Diri Oxford,c ii 37,eššeb,|KI.IB|,⸢hu-da⸣-du-um
P447992,"OECT 04, 152",Old Babylonian,Kish,OB Diri Oxford,c ii 38,gunni,|KI.NE|,⸢ki-nu⸣-nu-um
P447992,"OECT 04, 152",Old Babylonian,Kish,OB Diri Oxford,c ii 39,nimur,|KI.NE|,⸢tu⸣-um-rum
P447992,"OECT 04, 152",Old Babylonian,Kish,OB Diri Oxford,c ii 40,nimur,|KI.NE|,id-ra-a-nu-um
P447992,"OECT 04, 152",Old Babylonian,Kish,OB Diri Oxford,c ii 41,ne₅,|KI.NE|,ki-nu-nu-um
P447992,"OECT 04, 152",Old Babylonian,Kish,OB Diri Oxford,c ii 42,ŋešbun,|KI.BI.GAR|,ta-ku-ul-tum
P447992,"OECT 04, 152",Old Babylonian,Kish,OB Diri Oxford,c ii 43,,KI-KAŠ-NI,⸢qe₂-ri⸣-tum
P447992,"OECT 04, 152",Old Babylonian,Kish,OB Diri Oxford,c ii 44,garaš₂,|KI.KAL.BAD|,ka-ra-⸢šu⸣-um
P447992,"OECT 04, 152",Old Babylonian,Kish,OB Diri Oxford,c ii 45,igira₂{mušen},|KI.SAG.SAL|{mušen},i-gi-ru-u₂
P447992,"OECT 04, 152",Old Babylonian,Kish,OB Diri Oxford,c ii 46,,KI-LUGAL-DU,ma-an-<za>-az
P447992,"OECT 04, 152",Old Babylonian,Kish,OB Diri Oxford,c ii 47,,KI-EN-DU,ma-⸢la⸣-kum
P447992,"OECT 04, 152",Old Babylonian,Kish,OB Diri Oxford,c ii 48,kissa,|KI.ŠEŠ.KAK.A|,ki-is₂-su-u₂
P447992,"OECT 04, 152",Old Babylonian,Kish,OB Diri Oxford,c ii 49,ugnim,|KI.SU.LU.EŠ₂.GAR|,um-ma-nu-um
P447992,"OECT 04, 152",Old Babylonian,Kish,OB Diri Oxford,c ii 50,,KI-HU-KI-HU,a-ṣa-ar
P447992,"OECT 04, 152",Old Babylonian,Kish,OB Diri Oxford,c ii 51,ešemen₂,|KI.E.NE.DI.AN.MUŠ₃|,ki-ip-pu-⸢u₂⸣
P447992,"OECT 04, 152",Old Babylonian,Kish,OB Diri Oxford,c ii 52,ešemen₂,|KI.E.NE.DI.AN.MUŠ₃|,⸢me⸣-lu-ul-ti
P447992,"OECT 04, 152",Old Babylonian,Kish,OB Diri Oxford,c ii 53,di-kud,|DI.TAR|,
P447992,"OECT 04, 152",Old Babylonian,Kish,OB Diri Oxford,d i 7,{tug₂}pala₂,{[tug₂]}|NAM.EN|,
P447992,"OECT 04, 152",Old Babylonian,Kish,OB Diri Oxford,d i 8,{tug₂}pala₃,{[tug₂]}|NAM.SAL.TUG₂|,⸢te⸣-[di-iq
P447992,"OECT 04, 152",Old Babylonian,Kish,OB Diri Oxford,d i 9,{tug₂}aktum,{⸢tug₂⸣}|A.SU|,ṣa-⸢ap-šum⸣
P447992,"OECT 04, 152",Old Babylonian,Kish,OB Diri Oxford,d i 10,,{tug₂}ballaₓ(|GAR.SAG.KEŠ₂.SAL|),hu-pu-[ru]-⸢um⸣
P447992,"OECT 04, 152",Old Babylonian,Kish,OB Diri Oxford,d i 11,abgal,|NUN.ME|,ap-kal-lum
P447992,"OECT 04, 152",Old Babylonian,Kish,OB Diri Oxford,d i 12,abrig,|NUN.ME.DU|,a-ab-⸢ri⸣-[ik]-⸢kum⸣
P447992,"OECT 04, 152",Old Babylonian,Kish,OB Diri Oxford,d i 13,gašam,|NUN.ME.TAG|,ma-ri
P447992,"OECT 04, 152",Old Babylonian,Kish,OB Diri Oxford,d i 14,gašam,|NUN.ME.TAG|,ši-⸢ip⸣-rum
P447992,"OECT 04, 152",Old Babylonian,Kish,OB Diri Oxford,d i 15,eridug{ki},|NUN.KI|,i-ri-du
P447992,"OECT 04, 152",Old Babylonian,Kish,OB Diri Oxford,d i 16,gal₄-la,|SAL.LA|,u₂-ru
P447992,"OECT 04, 152",Old Babylonian,Kish,OB Diri Oxford,d i 17,muru₅,|SAL.UD.EDIN|,e-⸢mu-um⸣
P447992,"OECT 04, 152",Old Babylonian,Kish,OB Diri Oxford,d i 18,mussa,|SAL.UŠ.DI|,e-⸢mu⸣-[um]
P447992,"OECT 04, 152",Old Babylonian,Kish,OB Diri Oxford,d i 19,munus-nita-dam,|SAL.UŠ.DAM|,⸢hi⸣-ir-⸢tum⸣
P447992,"OECT 04, 152",Old Babylonian,Kish,OB Diri Oxford,d i 20,munus-nita-dam,|SAL.UŠ.DAM|,⸢ha⸣-wi-[rum]
P447992,"OECT 04, 152",Old Babylonian,Kish,OB Diri Oxford,d i 21,nig,|SAL.UR|,ka-[al-ba-tum]
P447992,"OECT 04, 152",Old Babylonian,Kish,OB Diri Oxford,d i 26,,|E₂.X.X|,
P447992,"OECT 04, 152",Old Babylonian,Kish,OB Diri Oxford,d i 27,agrun,|E₂.NUN|,⸢ku-um⸣-[mu-um]
P447992,"OECT 04, 152",Old Babylonian,Kish,OB Diri Oxford,d i 28,agrun,|E₂.NUN|,bi-⸢it⸣
P447992,"OECT 04, 152",Old Babylonian,Kish,OB Diri Oxford,d i 29,arah₄,|E₂.UŠ.BU.DA|,na-aš-⸢pa-kum⸣
P447992,"OECT 04, 152",Old Babylonian,Kish,OB Diri Oxford,d i 30,arah₄,|E₂.UŠ.BU.DA|,a-ra(TA-)⸢ah-hu⸣
P447992,"OECT 04, 152",Old Babylonian,Kish,OB Diri Oxford,d i 31,ašlug,|E₂.UŠ.BU.DA|,aš-lu-⸢ka⸣-tum
P447992,"OECT 04, 152",Old Babylonian,Kish,OB Diri Oxford,d i 32,šutum₂,|E₂.GI.NA.AB.U.GUD|,šu-⸢tum⸣-mu
P447992,"OECT 04, 152",Old Babylonian,Kish,OB Diri Oxford,d i 33,e₂,|E₂.GIŠ.TUG₂.PI.AN.ŠE.NAGA|,bi-it
P447992,"OECT 04, 152",Old Babylonian,Kish,OB Diri Oxford,d i 34,abul,|KA₂.GAL|,a-bu-⸢ul⸣-lum
P447992,"OECT 04, 152",Old Babylonian,Kish,OB Diri Oxford,d i 35,kid-ma₂-mah,|KID.MA₂.MAH|,⸢bu⸣-ru-u₂
P447992,"OECT 04, 152",Old Babylonian,Kish,OB Diri Oxford,d i 36,kid-ma₂-šu₂-a,|KID.MA₂.ŠU₂|,ku-tum-mu
P447992,"OECT 04, 152",Old Babylonian,Kish,OB Diri Oxford,d i 37,kid-ma₂-šu₂-a,|KID.MA₂.ŠU₂|,šu-up-⸢pa-tum⸣
P447992,"OECT 04, 152",Old Babylonian,Kish,OB Diri Oxford,d i 38,arkab,|GAR.IB|,ar-⸢ka⸣-[bu]-⸢um⸣
P447992,"OECT 04, 152",Old Babylonian,Kish,OB Diri Oxford,d i 39,kadra,|GAR.ŠA₃.A|,⸢ṭa⸣-a-[tum]
P447992,"OECT 04, 152",Old Babylonian,Kish,OB Diri Oxford,d i 40,kadra₂,|GAR.ŠA₃|,⸢er-bu⸣-[um]
P447992,"OECT 04, 152",Old Babylonian,Kish,OB Diri Oxford,d i 41,ninda-kum₄,⸢GAR-UD⸣,na-⸢aš₂-pa-an-tum⸣
P447992,"OECT 04, 152",Old Babylonian,Kish,OB Diri Oxford,d i 42,ninda,GAR-KASKAL-[LA],ṣi-di-⸢tum⸣
P447992,"OECT 04, 152",Old Babylonian,Kish,OB Diri Oxford,d i 43,ninda,GAR-KASKAL-⸢LA⸣,a-ka-al
P447992,"OECT 04, 152",Old Babylonian,Kish,OB Diri Oxford,d i 44,nindaba,|PAD.AN.MUŠ₃|,ni-in-da-bu-⸢u₂⸣
P447992,"OECT 04, 152",Old Babylonian,Kish,OB Diri Oxford,d i 45,ninnim₇,|PAD.AN.MUŠ₃|,ta-ak-li-im-⸢tum⸣
P447992,"OECT 04, 152",Old Babylonian,Kish,OB Diri Oxford,d i 46,nibru{ki},|EN.KID|{ki},ni-ip-⸢pu-ru⸣
P447992,"OECT 04, 152",Old Babylonian,Kish,OB Diri Oxford,d i 47,ebih,|EN.TI|,e-bi-⸢ih⸣
P447992,"OECT 04, 152",Old Babylonian,Kish,OB Diri Oxford,d i 48,engiz,|EN.ME.GI₄|,en-gu-u₂
P447992,"OECT 04, 152",Old Babylonian,Kish,OB Diri Oxford,d i 49,ensi,|EN.ME.LI|,en-su-u₂
P447992,"OECT 04, 152",Old Babylonian,Kish,OB Diri Oxford,d i 50,ensi,|EN.ME.LI|,ša-i-lum
P447992,"OECT 04, 152",Old Babylonian,Kish,OB Diri Oxford,d i 51,ukurrim,|EN.ME.AN.MUŠ₃|,e-nu-um
P447992,"OECT 04, 152",Old Babylonian,Kish,OB Diri Oxford,d i 52,šennu,|EN.ME.AD.KU₃|,⸢e-nu-um⸣
P447992,"OECT 04, 152",Old Babylonian,Kish,OB Diri Oxford,d i 53,,nunuzziₓ(|EN.NU.NUNUZ.ZI.AN.UD|),⸢e⸣-nu-um
P447992,"OECT 04, 152",Old Babylonian,Kish,OB Diri Oxford,d i 54,,zirru(|EN.NU.NUNUZ.ZI.AN.ŠEŠ.KI|),e-nu-<um>
P447992,"OECT 04, 152",Old Babylonian,Kish,OB Diri Oxford,d i 55,,eziₓ(|SAL.LAGAR|),e-nu-um
P447992,"OECT 04, 152",Old Babylonian,Kish,OB Diri Oxford,d i 56,murub₂,|SAL.LAGAR|,pu-u₂
P447992,"OECT 04, 152",Old Babylonian,Kish,OB Diri Oxford,b.e. 1,56,,
P447992,"OECT 04, 152",Old Babylonian,Kish,OB Diri Oxford,b.e. ii 8,enegi{ki},,⸢en-ni-gi⸣
P447992,"OECT 04, 152",Old Babylonian,Kish,OB Diri Oxford,b.e. ii 9,karkara{ki},,ka-⸢ar-ka-ra⸣
P447992,"OECT 04, 152",Old Babylonian,Kish,OB Diri Oxford,b.e. ii 10,{gi}buniŋ,{gi}|LAGAB×A|,ku-ni-nu-um
P447992,"OECT 04, 152",Old Babylonian,Kish,OB Diri Oxford,b.e. ii 11,{gi}gilim,,⸢ki⸣-li-bu
P447992,"OECT 04, 152",Old Babylonian,Kish,OB Diri Oxford,b.e. ii 12,{gi}ušub,{⸢gi⸣}|SI.A|,a-da-at-tum
P447992,"OECT 04, 152",Old Babylonian,Kish,OB Diri Oxford,b.e. ii 13,{gi}henbur,,ha-ab-bu-ru
P447992,"OECT 04, 152",Old Babylonian,Kish,OB Diri Oxford,b.e. ii 14,henbur₂,|ŠE.KAK|,ha-ab-bu-ru
P447992,"OECT 04, 152",Old Babylonian,Kish,OB Diri Oxford,b.e. ii 15,{še}lillan,|ŠE.LUGAL|,li-la-a-nu-[um]
P447992,"OECT 04, 152",Old Babylonian,Kish,OB Diri Oxford,b.e. ii 16,ezina₂,|ŠE.ŠE.NUN&NUN|,aš₂-na-an
P447992,"OECT 04, 152",Old Babylonian,Kish,OB Diri Oxford,b.e. ii 17,,⸢ŠE⸣-[BAR],uṭ-ṭe-tum
P447992,"OECT 04, 152",Old Babylonian,Kish,OB Diri Oxford,b.e. ii 18,{še}isin,{⸢še⸣}|PA.ŠE|,[i]-⸢se₂⸣-en-⸢nu⸣
P447992,"OECT 04, 152",Old Babylonian,Kish,OB Diri Oxford,b.e. ii 20,{tug₂}lamahuš,{[tug₂}|ZI&ZI.LAGAB|,[la-ma]-hu-šu
P447992,"OECT 04, 152",Old Babylonian,Kish,OB Diri Oxford,b.e. ii 21,siki,|SIK₂.PA.IB|,⸢mu⸣-[ša]-a-ṭu₃
P447992,"OECT 04, 152",Old Babylonian,Kish,OB Diri Oxford,b.e. ii 22,zulumhi,|SIK₂.SUD|,su₂(LA-)⸢lum-hu-u₂⸣
P447992,"OECT 04, 152",Old Babylonian,Kish,OB Diri Oxford,b.e. ii 23,zulumhi,|SIK₂.SUD|,it-qum
P447992,"OECT 04, 152",Old Babylonian,Kish,OB Diri Oxford,b.e. ii 24,zulumhi,|SIK₂.SUD|,ki-ti-tum
P447992,"OECT 04, 152",Old Babylonian,Kish,OB Diri Oxford,b.e. ii 25,{dug}lum₃,|DUG.DUG|,lum-⸢mu⸣
P447992,"OECT 04, 152",Old Babylonian,Kish,OB Diri Oxford,b.e. ii 26,{dug}lum₃,|DUG.DUG|,na-aš-pa-⸢kum⸣
P447992,"OECT 04, 152",Old Babylonian,Kish,OB Diri Oxford,b.e. ii 27,{dug}šikin₂,|DUG.DUG|,ši-ki-in-nu-um
P447992,"OECT 04, 152",Old Babylonian,Kish,OB Diri Oxford,b.e. ii 28,{dug}lud,|DUG.DUG|,lu-ut-tum
P447992,"OECT 04, 152",Old Babylonian,Kish,OB Diri Oxford,b.e. ii 29,{dug}ursub₂,,hu-ur-hu-um-bu
P447992,"OECT 04, 152",Old Babylonian,Kish,OB Diri Oxford,b.e. ii 30,{dug}zurzub₂,,ṣu₂-ur-ṣu₂-um-bu
P447992,"OECT 04, 152",Old Babylonian,Kish,OB Diri Oxford,b.e. ii 31,{dug}silim₂,,hu-ub-ša-šum
P447992,"OECT 04, 152",Old Babylonian,Kish,OB Diri Oxford,b.e. ii 32,dida,|BI.U₂.SA|,bi-⸢il⸣-la-tum
P447992,"OECT 04, 152",Old Babylonian,Kish,OB Diri Oxford,b.e. ii 33,kurun,|BI.DIN|,ku-⸢ru-nu⸣-um
P447992,"OECT 04, 152",Old Babylonian,Kish,OB Diri Oxford,b.e. ii 34,{kaš}ulušin₃,{kaš}|ZIZ₂.AN|,u₂-lu-ši-nu-um
P447992,"OECT 04, 152",Old Babylonian,Kish,OB Diri Oxford,b.e. ii 35,{kaš}ulušin₃,{kaš}|ZIZ₂.AN|,di-si₂-ip-⸢tu⸣-[uh-hu]
P447992,"OECT 04, 152",Old Babylonian,Kish,OB Diri Oxford,b.e. ii 36,,dusuₓ(|ANŠE.IGI.DIB|),a-ga-lum
P447992,"OECT 04, 152",Old Babylonian,Kish,OB Diri Oxford,b.e. ii 37,{anše}nisku,,ni-is-qum
P447992,"OECT 04, 152",Old Babylonian,Kish,OB Diri Oxford,b.e. ii 38,,sisi(|ANŠE.KUR|),⸢si-su₂⸣-u₃
P447992,"OECT 04, 152",Old Babylonian,Kish,OB Diri Oxford,b.e. ii 39,eme₆,|ANŠE.SAL|,⸢a-ta⸣-nu-um
P447992,"OECT 04, 152",Old Babylonian,Kish,OB Diri Oxford,b.e. ii 40,dur₃,|ANŠE.ARAD|,⸢mu⸣-rum
P447992,"OECT 04, 152",Old Babylonian,Kish,OB Diri Oxford,b.e. ii 41,šakkan₆,|ANŠE.ARAD|,ša-ak-ka-na-kum
P447992,"OECT 04, 152",Old Babylonian,Kish,OB Diri Oxford,b.e. ii 42,ibila,|TUR.UŠ|,⸢ap⸣-lum
P447992,"OECT 04, 152",Old Babylonian,Kish,OB Diri Oxford,b.e. ii 43,ban₃-da,TUR-DA,ek-du-um
P447992,"OECT 04, 152",Old Babylonian,Kish,OB Diri Oxford,b.e. ii 44,ban₃-da,TUR-DA,ṣe-eh-rum
P447992,"OECT 04, 152",Old Babylonian,Kish,OB Diri Oxford,b.e. ii 45,ban₃-da,TUR-DA,ta-ši-im-tum
P447992,"OECT 04, 152",Old Babylonian,Kish,OB Diri Oxford,b.e. ii 46,genna,|TUR.DIŠ|,⸢la⸣-hu-um
P447992,"OECT 04, 152",Old Babylonian,Kish,OB Diri Oxford,b.e. ii 47,genna,|TUR.DIŠ|,ṣe-eh-rum
P447992,"OECT 04, 152",Old Babylonian,Kish,OB Diri Oxford,b.e. ii 48,dabin,|EŠ₂.ŠE|,⸢ta⸣-pi₂-nu-um
P447992,"OECT 04, 152",Old Babylonian,Kish,OB Diri Oxford,b.e. ii 49,⸢šu-niŋin,,
P447992,"OECT 04, 152",Old Babylonian,Kish,OB Diri Oxford,b.e. ii 50,⸢x-x-x⸣-[...],DIŠ,
P447992,"OECT 04, 152",Old Babylonian,Kish,OB Diri Oxford,b.e. ii 51,šu,,
P447993,"OECT 04, 153",Old Babylonian,Kish,OB Diri Oxford,a 1',dungu,|IM.SI.A|,[er]-pe-[tum]
P447993,"OECT 04, 153",Old Babylonian,Kish,OB Diri Oxford,a 2',muru₉,|IM.DUGUD|,[im]-ba-[rum]
P447993,"OECT 04, 153",Old Babylonian,Kish,OB Diri Oxford,a 3',ulumaš,|IM.GAN₂.HI×NUN.ME.U|,[šar]
P447993,"OECT 04, 153",Old Babylonian,Kish,OB Diri Oxford,a 4',ulumaš₂,|IM.HI×NUN.ME.U.GAN₂|,[šar
P447993,"OECT 04, 153",Old Babylonian,Kish,OB Diri Oxford,a 5',muru₃{ki},,⸢mu-rum⸣
P447993,"OECT 04, 153",Old Babylonian,Kish,OB Diri Oxford,a 6',enegi{ki},,[en]-ni-⸢gi⸣
P447993,"OECT 04, 153",Old Babylonian,Kish,OB Diri Oxford,a 7',karkara{ki},,[ka]-ar-ka-⸢ra⸣
P447993,"OECT 04, 153",Old Babylonian,Kish,OB Diri Oxford,a 8',{gi}buniŋ,{⸢gi⸣}|LAGAB×A|,[ku]-⸢ni-nu⸣-um
P447993,"OECT 04, 153",Old Babylonian,Kish,OB Diri Oxford,a 9',{gi}gilim,,⸢gi⸣-li-bu
P447993,"OECT 04, 153",Old Babylonian,Kish,OB Diri Oxford,a 10',{gi}ušub,{⸢gi⸣}|SI.A|,⸢a-da⸣-at-tum
P447993,"OECT 04, 153",Old Babylonian,Kish,OB Diri Oxford,a 11',{gi}henbur,,⸢ha-ab⸣-bu-rum
P447993,"OECT 04, 153",Old Babylonian,Kish,OB Diri Oxford,a 12',henbur₂,|ŠE.KAK|,⸢ha-ab⸣-bu-rum
P447993,"OECT 04, 153",Old Babylonian,Kish,OB Diri Oxford,a 13',{še}lillan,|ŠE.LUGAL|,⸢li⸣-il-li-an-nu-um
P447993,"OECT 04, 153",Old Babylonian,Kish,OB Diri Oxford,a 14',ezina₂,|ŠE.ŠE.NUN&NUN|,⸢aš₂⸣-na-an
P447993,"OECT 04, 153",Old Babylonian,Kish,OB Diri Oxford,a 15',,[ŠE]-⸢BAR⸣,⸢uṭ-ṭe⸣-tum
P447993,"OECT 04, 153",Old Babylonian,Kish,OB Diri Oxford,a 16',{še}isin,{[še]}|PA.ŠE|,⸢si₂⸣-na-am
P447993,"OECT 04, 153",Old Babylonian,Kish,OB Diri Oxford,a 17',,|X.X.TUR.X|,⸢x-x-x⸣-ṣum
P447993,"OECT 04, 153",Old Babylonian,Kish,OB Diri Oxford,a 18',{tug₂}lamahuš,{[tug₂]}|ZI&ZI.LAGAB|,[la-ma-hu]-⸢šu⸣-um
P447993,"OECT 04, 153",Old Babylonian,Kish,OB Diri Oxford,a 19',siki,|SIK₂.PA.IB|,⸢mu⸣-[ša]-⸢a⸣-ṭu₃
P447993,"OECT 04, 153",Old Babylonian,Kish,OB Diri Oxford,a 20',zulumhi,|SIK₂.SUD|,⸢su₂-lum-hu⸣-u₂
P447993,"OECT 04, 153",Old Babylonian,Kish,OB Diri Oxford,a 21',zulumhi,|SIK₂.SUD|,⸢it⸣-qum
P447993,"OECT 04, 153",Old Babylonian,Kish,OB Diri Oxford,a 22',zulumhi,|SIK₂.SUD|,⸢ki-ti⸣-tum
P447993,"OECT 04, 153",Old Babylonian,Kish,OB Diri Oxford,a 23',{dug}lum₃,|DUG.DUG|,⸢lum⸣-mu
P447993,"OECT 04, 153",Old Babylonian,Kish,OB Diri Oxford,a 24',{dug}lum₃,|DUG.DUG|,⸢na⸣-aš₂-pa-kum
P447993,"OECT 04, 153",Old Babylonian,Kish,OB Diri Oxford,a 25',{dug}šikin₂,|DUG.DUG|,[ši]-⸢ki⸣-in-nu-um
P447993,"OECT 04, 153",Old Babylonian,Kish,OB Diri Oxford,a 26',{dug}lud,|DUG.DUG|,[lu]-ut-⸢tum⸣
P447993,"OECT 04, 153",Old Babylonian,Kish,OB Diri Oxford,a 27',{dug}ursub₂,,[hu-ur]-⸢hu-um⸣-bu-⸢um⸣
P447993,"OECT 04, 153",Old Babylonian,Kish,OB Diri Oxford,a 28',{dug}zurzub₂,,[ṣu₂-ur]-⸢ṣu₂-um-bu⸣
P447993,"OECT 04, 153",Old Babylonian,Kish,OB Diri Oxford,a 29',{dug}silim₂,,[hu-ub]-⸢ša-šum⸣
P447993,"OECT 04, 153",Old Babylonian,Kish,OB Diri Oxford,a 30',dida,|BI.U₂.SA|,[bi]-⸢il-la⸣-tum
P447993,"OECT 04, 153",Old Babylonian,Kish,OB Diri Oxford,a 31',kurun,|BI.DIN|,[ku]-ru-nu-um
P447993,"OECT 04, 153",Old Babylonian,Kish,OB Diri Oxford,a 32',{kaš}ulušin₃,|BI.ZIZ₂.AN|,⸢u₂⸣-lum-ši-in-⸢nu⸣
P447993,"OECT 04, 153",Old Babylonian,Kish,OB Diri Oxford,a 33',{kaš}ulušin₃,{[kaš}|ZIZ₂.AN|,⸢di-si₂⸣-ip-tu-uh-⸢hi⸣
P447993,"OECT 04, 153",Old Babylonian,Kish,OB Diri Oxford,a 34',,dusuₓ(|ANŠE.IGI.DIB|),[a]-⸢ga-lum⸣
P447993,"OECT 04, 153",Old Babylonian,Kish,OB Diri Oxford,a 35',{anše}nisku,,[ni]-⸢is-qum⸣
P447993,"OECT 04, 153",Old Babylonian,Kish,OB Diri Oxford,a 39',šakkan₆,|ANŠE.ARAD|,⸢ša⸣-ak-⸢ka⸣-[na-kum]
P447993,"OECT 04, 153",Old Babylonian,Kish,OB Diri Oxford,a 40',ibila,|TUR.UŠ|,⸢ap⸣-[lum]
P447993,"OECT 04, 153",Old Babylonian,Kish,OB Diri Oxford,a 41',ban₃-da,[TUR-DA],ek-du-[um]
P447993,"OECT 04, 153",Old Babylonian,Kish,OB Diri Oxford,a 42',ban₃-da,[TUR-DA],ṣe-⸢eh⸣-[rum]
P447993,"OECT 04, 153",Old Babylonian,Kish,OB Diri Oxford,a 43',ban₃-da,[TUR-DA],⸢ta⸣-ši-⸢im⸣-[tum]
P447993,"OECT 04, 153",Old Babylonian,Kish,OB Diri Oxford,a 44',genna,|TUR.DIŠ|,⸢la⸣-hu-[um]
P447993,"OECT 04, 153",Old Babylonian,Kish,OB Diri Oxford,a 45',genna,|TUR.DIŠ|,⸢ṣe-eh⸣-[rum]
P447993,"OECT 04, 153",Old Babylonian,Kish,OB Diri Oxford,b 4,zid₂-milla,[ZI₃-IŠ],⸢ku-uk-ku⸣-[šu]
P447993,"OECT 04, 153",Old Babylonian,Kish,OB Diri Oxford,b 5,titab,|EŠ₂.X.X|,ti-⸢ta⸣-a-[pu]
P447993,"OECT 04, 153",Old Babylonian,Kish,OB Diri Oxford,b 7,,zarahₓ(|KI.KU.SAG|),ni-is-sa₃-[tum]
P447993,"OECT 04, 153",Old Babylonian,Kish,OB Diri Oxford,b 8,zarah,|SAG.PA.LAGAB|,ni-is-sa₃-[tum]
P447993,"OECT 04, 153",Old Babylonian,Kish,OB Diri Oxford,b 9,saŋ-mudra₆,SAG-|MU.BU|,ma-⸢a⸣-lu-[u₂-um]
P447993,"OECT 04, 153",Old Babylonian,Kish,OB Diri Oxford,b 10,udul,|AB₂.KU|,⸢u₂-tu⸣-ul-lu-[um]
P447993,"OECT 04, 153",Old Babylonian,Kish,OB Diri Oxford,b 11,udul,|AB₂.KU|,⸢re⸣-[e₂]-⸢u₂
P447993,"OECT 04, 153",Old Babylonian,Kish,OB Diri Oxford,b 12,lipiš,|AB₂.ŠA₃|,⸢li⸣-ib-bu-[um]
P447993,"OECT 04, 153",Old Babylonian,Kish,OB Diri Oxford,b 13,lipiš,|AB₂.ŠA₃|,⸢ṣu₂-ur-ru⸣-[um]
P447993,"OECT 04, 153",Old Babylonian,Kish,OB Diri Oxford,b 14,lipiš,|AB₂.ŠA₃|,⸢uz-zu⸣-u₂-[um]
P447993,"OECT 04, 153",Old Babylonian,Kish,OB Diri Oxford,b 15,šušin{ki},|MUŠ₃.EREN|{⸢ki⸣},šu-u₂-šu-⸢u₂⸣-um
P447993,"OECT 04, 153",Old Babylonian,Kish,OB Diri Oxford,b 16,tin-tir{ki},|DIN.ŠE.NUN&NUN|{⸢ki⸣},⸢ba-a-bi⸣-lu-⸢um⸣
P447993,"OECT 04, 153",Old Babylonian,Kish,OB Diri Oxford,b 17,mud,|HU.HI|,⸢hu-up-pu-um⸣
P447993,"OECT 04, 153",Old Babylonian,Kish,OB Diri Oxford,b 18,mud,|HU.HI|,[...]-⸢um⸣
P447993,"OECT 04, 153",Old Babylonian,Kish,OB Diri Oxford,b 19,mud,|HU.HI|,[...]-⸢um⸣
P447993,"OECT 04, 153",Old Babylonian,Kish,OB Diri Oxford,b 20,mud,|HU.HI|,[da-a]-mu-⸢um⸣
P447993,"OECT 04, 153",Old Babylonian,Kish,OB Diri Oxford,b 21,mud,|HU.HI|,[...]-⸢um⸣
P447993,"OECT 04, 153",Old Babylonian,Kish,OB Diri Oxford,b 22,mud,|HU.HI|,[...]-um
P447993,"OECT 04, 153",Old Babylonian,Kish,OB Diri Oxford,b 23,mud,|HU.HI|,⸢x⸣-[...]-um
P447993,"OECT 04, 153",Old Babylonian,Kish,OB Diri Oxford,b 24,mušen-du₃,|HU.KAK|,⸢u₂⸣-[sa-an]-⸢du⸣-um
P447993,"OECT 04, 153",Old Babylonian,Kish,OB Diri Oxford,b 25,usandu,|HU.KAK|,⸢em⸣-[qu]-um
P447993,"OECT 04, 153",Old Babylonian,Kish,OB Diri Oxford,b 26,še₂₁,|HU.NA₂|,⸢na-a⸣-bu-u₂-um
P447993,"OECT 04, 153",Old Babylonian,Kish,OB Diri Oxford,b 27,še₂₁,|HU.NA₂|,⸢ra⸣-ba-a-ṣu₂-um
P447993,"OECT 04, 153",Old Babylonian,Kish,OB Diri Oxford,b 28,NA₂{mušen},,[x]-⸢x⸣-a-nu-u₂-um
P447993,"OECT 04, 153",Old Babylonian,Kish,OB Diri Oxford,b 29,NA₂{mušen},,⸢u₂-ru⸣-u₂-um
P447993,"OECT 04, 153",Old Babylonian,Kish,OB Diri Oxford,b 30,ursaŋsim{mušen},,⸢ṣi-i-ba⸣-ru-um
P447993,"OECT 04, 153",Old Babylonian,Kish,OB Diri Oxford,b 31,,|NE.ZA.KA.BALAG.X.TE.A.X.HU|,⸢ba-aš₂⸣-gi-gi-tu
P447993,"OECT 04, 153",Old Babylonian,Kish,OB Diri Oxford,b 32,erim₂,|NE.RU|,⸢a-a⸣-bu-um
P447993,"OECT 04, 153",Old Babylonian,Kish,OB Diri Oxford,b 33,erim₂,|NE.RU|,⸢ra⸣-ag-⸢gu⸣-um
P447993,"OECT 04, 153",Old Babylonian,Kish,OB Diri Oxford,b 34,aŋarin₃,|GA₂×AN.DUN₃@g|,⸢a⸣-ga-a-ri-nu-um
P447993,"OECT 04, 153",Old Babylonian,Kish,OB Diri Oxford,b 35,aŋarin₃,|GA₂×AN.DUN₃@g|,[x]-BU-u₂-um
P447993,"OECT 04, 153",Old Babylonian,Kish,OB Diri Oxford,b 36,aŋarin₃,|GA₂×AN.DUN₃@g|,⸢um⸣-mu-um
P447993,"OECT 04, 153",Old Babylonian,Kish,OB Diri Oxford,b 37,aŋarin₃,|GA₂×AN.DUN₃@g|,si₂-ik-ka-tu-⸢um⸣
P447993,"OECT 04, 153",Old Babylonian,Kish,OB Diri Oxford,b 38,amalu,|GA₂×AN.AN.MUŠ₃|,a-ma-a-lu-⸢tum⸣
P447993,"OECT 04, 153",Old Babylonian,Kish,OB Diri Oxford,b 39,amalu,|GA₂×AN.AN.MUŠ₃|,iš-ta-ru-um
P447993,"OECT 04, 153",Old Babylonian,Kish,OB Diri Oxford,b 40,,|GA₂×AN.X|,⸢a-x-x-x-tum⸣
P447993,"OECT 04, 153",Old Babylonian,Kish,OB Diri Oxford,b 41,emedu₂,|GA₂×AN.A.TU|,⸢wa⸣-[ar]-⸢du-um⸣
P447993,"OECT 04, 153",Old Babylonian,Kish,OB Diri Oxford,b 42,emedu₂,|GA₂×AN.A.TU|,du-u₂-⸢uš⸣-[mi]-⸢tu⸣-um
P447993,"OECT 04, 153",Old Babylonian,Kish,OB Diri Oxford,b 43,ama-gan,|GA₂×AN.GAN|,um-mu
P447993,"OECT 04, 153",Old Babylonian,Kish,OB Diri Oxford,b 44,ama-gan,|GA₂×AN.GAN|,i-mi-[ka]-⸢a⸣-nu-um
P447993,"OECT 04, 153",Old Babylonian,Kish,OB Diri Oxford,b 45,enkud,|ZAG.HA|,ma-a-⸢ku⸣-su₂-um
P447993,"OECT 04, 153",Old Babylonian,Kish,OB Diri Oxford,b 46,zag-ga,|ZAG.GA|,bu-du-um
P447993,"OECT 04, 153",Old Babylonian,Kish,OB Diri Oxford,b 47,dalla,|MAŠ.GU₂.GAR₃|,⸢šu⸣-u₂-pu-⸢um⸣
P447993,"OECT 04, 153",Old Babylonian,Kish,OB Diri Oxford,b 48,dalla,|MAŠ.GU₂.GAR₃|,me-a-mu-um
P447993,"OECT 04, 153",Old Babylonian,Kish,OB Diri Oxford,b 49,,MAŠ-EN-KAK,mu-uš-ke-nu-um
P447993,"OECT 04, 153",Old Babylonian,Kish,OB Diri Oxford,b 50,garaš₃,|GA.KASKAL|,ka-a-ra-šum
P447993,"OECT 04, 153",Old Babylonian,Kish,OB Diri Oxford,b 51,ga-eš₈,|GA.KASKAL|,ka-i-šu-um
P447993,"OECT 04, 153",Old Babylonian,Kish,OB Diri Oxford,b 52,i₃-du₈,[NI]-GABA,u₂-tu-um
P447993,"OECT 04, 153",Old Babylonian,Kish,OB Diri Oxford,b 53,,libₓ(|NI.LU|),li-i-pu-um
P447993,"OECT 04, 153",Old Babylonian,Kish,OB Diri Oxford,b 54,i₃-udu,|NI.LU|,li-i-pu-⸢um⸣
P447993,"OECT 04, 153",Old Babylonian,Kish,OB Diri Oxford,b 55,na₄,|NI.UD|,ab-nu-[um]
P447993,"OECT 04, 153",Old Babylonian,Kish,OB Diri Oxford,b 56,za₂,|NI.UD|,⸢ab⸣-nu-[um]
P447993,"OECT 04, 153",Old Babylonian,Kish,OB Diri Oxford,b 57,{na₄}esi,,[u₂]-⸢šu-u₂⸣-[um]
P447993,"OECT 04, 153",Old Babylonian,Kish,OB Diri Oxford,c 1,,LUL-AŠ,ma-a-di-iš
P447993,"OECT 04, 153",Old Babylonian,Kish,OB Diri Oxford,c 2,tigi₂,|LUL.BALAG|,ti-i-gu-um
P447993,"OECT 04, 153",Old Babylonian,Kish,OB Diri Oxford,c 3,tigi,|BALAG.LUL|,ti-i-gu-um
P447993,"OECT 04, 153",Old Babylonian,Kish,OB Diri Oxford,c 4,,tigiₓ(|KID.BALAG|),ti-⸢i⸣-gu-um
P447993,"OECT 04, 153",Old Babylonian,Kish,OB Diri Oxford,c 5,,|X.LUL|,ka-am-⸢mu-um⸣
P447993,"OECT 04, 153",Old Babylonian,Kish,OB Diri Oxford,c 6,der{ki},|EZEN×BAD.AN|{ki},di-[ru-um]
P447993,"OECT 04, 153",Old Babylonian,Kish,OB Diri Oxford,c 7,durum{ki},|EZEN×BAD.AN|{ki},da-a-[ru-um]
P447993,"OECT 04, 153",Old Babylonian,Kish,OB Diri Oxford,c 8,bad₃,|EZEN×BAD.AN|{ki},du-ur
P447993,"OECT 04, 153",Old Babylonian,Kish,OB Diri Oxford,c 9,,targul(|MA₂.KAK|),te-er-ku-ul-lu-[um]
P447993,"OECT 04, 153",Old Babylonian,Kish,OB Diri Oxford,c 10,,{ŋeš}targul(|MA₂.KAK|),na-am-ha-⸢ṣum⸣
P447993,"OECT 04, 153",Old Babylonian,Kish,OB Diri Oxford,c 11,gal₅-la₂,|TE.LA₂|,ga-al-lu-u₂-[um]
P447993,"OECT 04, 153",Old Babylonian,Kish,OB Diri Oxford,c 12,unu₂,|TE.AB@g|,ma-a-ka-lu-[um]
P447993,"OECT 04, 153",Old Babylonian,Kish,OB Diri Oxford,c 13,unu₂,|TE.AB@g|,u₂-su₂-uk-[kum]
P447993,"OECT 04, 153",Old Babylonian,Kish,OB Diri Oxford,c 14,unu₂,|TE.AB@g|,⸢šu⸣-ub-[tum]
P447993,"OECT 04, 153",Old Babylonian,Kish,OB Diri Oxford,c 15,unu₂,|TE.AB@g|,ši-⸢ik⸣-ka-[tum]
P447993,"OECT 04, 153",Old Babylonian,Kish,OB Diri Oxford,c 16,unu₂,|TE.AB@g|,ba-tu-ul-[tum]
P447993,"OECT 04, 153",Old Babylonian,Kish,OB Diri Oxford,c 17,unu₂,|TE.AB@g|,wa-ar-⸢da⸣-[tum]
P447993,"OECT 04, 153",Old Babylonian,Kish,OB Diri Oxford,c 18,unu₂,|TE.AB@g|,pa-a-aš-⸢šu⸣-[rum]
P447993,"OECT 04, 153",Old Babylonian,Kish,OB Diri Oxford,c 19,urim₂{ki},|ŠEŠ.AB@g|{ki},u₂-⸢ru⸣-[um]
P447993,"OECT 04, 153",Old Babylonian,Kish,OB Diri Oxford,c 20,kul-aba₄{ki},,ku-ul-la-a-[ba]
P447993,"OECT 04, 153",Old Babylonian,Kish,OB Diri Oxford,c 21,uktin,|IGI@g.ALAN|,bu-un-na-⸢a⸣-[nu-um]
P447993,"OECT 04, 153",Old Babylonian,Kish,OB Diri Oxford,c 22,uktin,|IGI@g.ALAN|,ṣu₂-bu-⸢ur⸣
P447993,"OECT 04, 153",Old Babylonian,Kish,OB Diri Oxford,c 23,uktin,|IGI@g.ALAN|,bu-⸢un⸣-[nu-um]
P447993,"OECT 04, 153",Old Babylonian,Kish,OB Diri Oxford,c 24,uludin₂,|IGI@g.ALAN|,bu-⸢un⸣-[na]-⸢nu-um⸣
P447993,"OECT 04, 153",Old Babylonian,Kish,OB Diri Oxford,c 25,ašte₂{ki},|LAGAB×A|{ki},aš-ti
P447993,"OECT 04, 153",Old Babylonian,Kish,OB Diri Oxford,c 26,sug{ki},|LAGAB×A|{⸢ki⸣},⸢su₂⸣-[uk]-⸢ku⸣
P447993,"OECT 04, 153",Old Babylonian,Kish,OB Diri Oxford,c 27,ambar{ki},|LAGAB×A|{⸢ki⸣},[am-ba]-ra
P447993,"OECT 04, 153",Old Babylonian,Kish,OB Diri Oxford,c 28,hiš{ki},,[hi]-iš
P447993,"OECT 04, 153",Old Babylonian,Kish,OB Diri Oxford,c 29,haš₃{ki},,[ha]-aš
P447993,"OECT 04, 153",Old Babylonian,Kish,OB Diri Oxford,c 30,UD{ki},,⸢wa⸣-[ṣi₂-tu]-⸢um⸣
P447993,"OECT 04, 153",Old Babylonian,Kish,OB Diri Oxford,c 31,tešbi{ki},,⸢te⸣-[eš-bi]
P447993,"OECT 04, 153",Old Babylonian,Kish,OB Diri Oxford,c 32,U₂{[ki]},,ka-[...]
P447993,"OECT 04, 153",Old Babylonian,Kish,OB Diri Oxford,c 33,mašammi{ki},,ša-[am]-mi
P447993,"OECT 04, 153",Old Babylonian,Kish,OB Diri Oxford,c 34,,ereš₂(|ŠE.NAGA|){ki},[e-ri]-iš
P447993,"OECT 04, 153",Old Babylonian,Kish,OB Diri Oxford,c 35,,|AB×HA|{[ki]},[...]-at
P447993,"OECT 04, 153",Old Babylonian,Kish,OB Diri Oxford,c 36,⸢KUR⸣{[ki]},,[...]-uk
P447993,"OECT 04, 153",Old Babylonian,Kish,OB Diri Oxford,c 38,⸢KUR⸣{[ki]},,[(...)
P447993,"OECT 04, 153",Old Babylonian,Kish,OB Diri Oxford,c 39,,|KUR.MUŠ₃|{⸢ki⸣},[...]-uk
P447993,"OECT 04, 153",Old Babylonian,Kish,OB Diri Oxford,c 40,aratta{ki},|LAM.KUR.RU|{⸢ki⸣},[a-ra-at]-tu-u₂
P447993,"OECT 04, 153",Old Babylonian,Kish,OB Diri Oxford,c 41,šuruppak{ki},|SU.KUR.RU|{⸢ki⸣},[šu]-⸢ru⸣-[up]-pa-ak
P447993,"OECT 04, 153",Old Babylonian,Kish,OB Diri Oxford,c 42,buru₄{mušen},|NU₁₁.BUR|{⸢mušen⸣},⸢he⸣-[re]-bu-um
P447993,"OECT 04, 153",Old Babylonian,Kish,OB Diri Oxford,c 43,lagaš{ki},|NU₁₁.BUR.LA|{ki},⸢la⸣-ga-aš
P447993,"OECT 04, 153",Old Babylonian,Kish,OB Diri Oxford,c 44,ad-KID,|AD.KID|,⸢at⸣-ku-up-⸢pu⸣
P447993,"OECT 04, 153",Old Babylonian,Kish,OB Diri Oxford,c 45,gug₆,|KA.KAK|,[ka-an]-⸢ku⸣-u₂-[um]
P447993,"OECT 04, 153",Old Babylonian,Kish,OB Diri Oxford,c 46,dimma,|KA.HI|,[ṭe-e]-⸢mu⸣
P447993,"OECT 04, 153",Old Babylonian,Kish,OB Diri Oxford,c 47,dug₄-ga,KA-⸢GA⸣,[qi₂-bi]-⸢tum⸣
P447993,"OECT 04, 153",Old Babylonian,Kish,OB Diri Oxford,c 48,kurku₂,|KA.AN.NI.SI|,
P447993,"OECT 04, 153",Old Babylonian,Kish,OB Diri Oxford,c 49,kurku,|ME.AN.ŠE.NAGA|,
P447993,"OECT 04, 153",Old Babylonian,Kish,OB Diri Oxford,c 50,,|SIG₄.IDIM|,
P447993,"OECT 04, 153",Old Babylonian,Kish,OB Diri Oxford,c 51,banšur₂,|IDIM&IDIM.BUR|,
P447993,"OECT 04, 153",Old Babylonian,Kish,OB Diri Oxford,d i 1,{lu₂}azlag₂,|LU₂.TUG₂|,aš-la-a-⸢ak⸣-kum
P447993,"OECT 04, 153",Old Babylonian,Kish,OB Diri Oxford,d i 2,danna,|KASKAL.BU|,⸢be₂⸣-e-ru-um
P447993,"OECT 04, 153",Old Babylonian,Kish,OB Diri Oxford,d i 3,gana₂-gid₂,|GAN₂.BU|,⸢ša⸣-di-id
P447993,"OECT 04, 153",Old Babylonian,Kish,OB Diri Oxford,d i 4,,suhuš₂(|ŠA₆.TUR|),su₂-hu-uš-šu
P447993,"OECT 04, 153",Old Babylonian,Kish,OB Diri Oxford,d i 5,nemur₂,|PIRIG.TUR|,ni-im-⸢ru⸣-um
P447993,"OECT 04, 153",Old Babylonian,Kish,OB Diri Oxford,d i 6,nu-banda₃,[NU]-TUR,la-pu-tu
P447993,"OECT 04, 153",Old Babylonian,Kish,OB Diri Oxford,d i 7,tuhul,|NAGAR.ZA@t|,gi-iš-šu
P447993,"OECT 04, 153",Old Babylonian,Kish,OB Diri Oxford,d i 8,saman,|EŠ₂.SUD.NUN.EŠ₂.TU|,šu-um-ma-nu-um
P447993,"OECT 04, 153",Old Babylonian,Kish,OB Diri Oxford,d i 9,lugud,|BAD.UD|,ša-ar-<<ku>>-kum
P447993,"OECT 04, 153",Old Babylonian,Kish,OB Diri Oxford,d i 10,tibira,|URUDA.NAGAR|,qu₂-ur-qu₂-ru-um
P447993,"OECT 04, 153",Old Babylonian,Kish,OB Diri Oxford,d i 11,{im}šu-rin,,ti-i-nu-ru-um
P447993,"OECT 04, 153",Old Babylonian,Kish,OB Diri Oxford,d i 12,{kuš}gur₂₁,{[kuš]}|E.TUM|,mi-i-si₂-ir-ru-um
P447993,"OECT 04, 153",Old Babylonian,Kish,OB Diri Oxford,d i 13,{kuš}gur₂₁,{[kuš]}|E.TUM|,ih-ze-e-tum
P447993,"OECT 04, 153",Old Babylonian,Kish,OB Diri Oxford,d i 14,daggan,|KI.URU×MIN|,da-ak-ka-nu-um
P447993,"OECT 04, 153",Old Babylonian,Kish,OB Diri Oxford,d i 15,,|X.X.DI|,ZU-uk-ku-um
P447993,"OECT 04, 153",Old Babylonian,Kish,OB Diri Oxford,d i 16,su-bir₄{ki},SU-EDIN{⸢ki⸣},šu-ba-ar-tum
P447993,"OECT 04, 153",Old Babylonian,Kish,OB Diri Oxford,d i 17,{kuš}ummud,{kuš}|A.EDIN.LA₂|,na-a-du-um
P447993,"OECT 04, 153",Old Babylonian,Kish,OB Diri Oxford,d i 18,ligidba,|ŠIM.AN.SAL.TUG₂.IB|,ni-ki-ip-tum
P447993,"OECT 04, 153",Old Babylonian,Kish,OB Diri Oxford,d i 19,azag,|KU₃.AN|,a-sa₃-ak-ku-um
P447993,"OECT 04, 153",Old Babylonian,Kish,OB Diri Oxford,d i 20,lu-ub₂{sar},LU-⸢EŠ₂{sar⸣},la-ap-tu-⸢um⸣
P447993,"OECT 04, 153",Old Babylonian,Kish,OB Diri Oxford,d i 21,{kuš}lu-ub₂,,lu-up-⸢pu-um⸣
P447993,"OECT 04, 153",Old Babylonian,Kish,OB Diri Oxford,d i 22,ha-mu-e,HA-MU-⸢E⸣,lu-⸢u₂⸣
P447993,"OECT 04, 153",Old Babylonian,Kish,OB Diri Oxford,d i 23,ha-mu,HA-⸢MU⸣,⸢lu⸣-u₂
P447993,"OECT 04, 153",Old Babylonian,Kish,OB Diri Oxford,d i 24,ša-mu-e,ŠA-MU-E,⸢ša⸣
P447993,"OECT 04, 153",Old Babylonian,Kish,OB Diri Oxford,d i 25,ša-mu,ŠA-⸢MU⸣,⸢šu⸣-u₂-um
P447993,"OECT 04, 153",Old Babylonian,Kish,OB Diri Oxford,d i 26,ga-ba-e,GA-BA-⸢E⸣,⸢ga⸣-a-ba-e
P447993,"OECT 04, 153",Old Babylonian,Kish,OB Diri Oxford,d i 27,ga-e,⸢GA-E⸣,⸢lu⸣-u₂-um
P447993,"OECT 04, 153",Old Babylonian,Kish,OB Diri Oxford,d i 28,ba-e,⸢BA-E⸣,[za]-a-⸢zu⸣-um
P447993,"OECT 04, 153",Old Babylonian,Kish,OB Diri Oxford,d i 29,za-e,⸢ZA-E⸣,[at]-⸢ta⸣
P447993,"OECT 04, 153",Old Babylonian,Kish,OB Diri Oxford,d i 30,ŋa₂-e,GA₂-⸢E⸣,[a-na]-ku
P447993,"OECT 04, 153",Old Babylonian,Kish,OB Diri Oxford,d i 31,sag₉-ge,⸢ŠA₆⸣-GI,⸢du⸣-[um]-mu-⸢qum⸣
P447993,"OECT 04, 153",Old Babylonian,Kish,OB Diri Oxford,d i 32,si-sa₂,⸢SI⸣-DI,⸢i-ša⸣-a-ru-⸢um⸣
P447993,"OECT 04, 153",Old Babylonian,Kish,OB Diri Oxford,d i 33,si,⸢SI⸣-DI-E,⸢šu⸣-[te]-⸢šu-ru⸣-[um]
P447993,"OECT 04, 153",Old Babylonian,Kish,OB Diri Oxford,d i 34,an-na,|AN.NA|,a-⸢na⸣-[ku-um]
P447993,"OECT 04, 153",Old Babylonian,Kish,OB Diri Oxford,d i 35,{d}utu,,{d}[ša-ma-aš]
P447993,"OECT 04, 153",Old Babylonian,Kish,OB Diri Oxford,d i 36,{d}utu,,{d}[ša-ma-aš]
P447993,"OECT 04, 153",Old Babylonian,Kish,OB Diri Oxford,d i 37,,{⸢d}IGI⸣-|U₂&U₂||GUD&GUD.LUGAL|,{d}[...]
P447993,"OECT 04, 153",Old Babylonian,Kish,OB Diri Oxford,d i 38,{d}iškur,,{d}[...]
P447993,"OECT 04, 153",Old Babylonian,Kish,OB Diri Oxford,d i 39,,{⸢d⸣}|X.X|,{⸢d⸣}[...]
P447993,"OECT 04, 153",Old Babylonian,Kish,OB Diri Oxford,d i 40,,{[d]}|X.BU&BU|,{⸢d⸣}[...]
P447993,"OECT 04, 153",Old Babylonian,Kish,OB Diri Oxford,d i 43,{d}inana,,{⸢d}iš₈-tar₂⸣
P447993,"OECT 04, 153",Old Babylonian,Kish,OB Diri Oxford,d i 46,{d}tišpak,,⸢ti⸣-iš-pa-⸢ak⸣
P447993,"OECT 04, 153",Old Babylonian,Kish,OB Diri Oxford,d ii 4,,{⸢d⸣}|X.X|,
P447993,"OECT 04, 153",Old Babylonian,Kish,OB Diri Oxford,d ii 5,,{d}|X.X|,
P447993,"OECT 04, 153",Old Babylonian,Kish,OB Diri Oxford,d ii 6,,{d}|X.X|,
P447993,"OECT 04, 153",Old Babylonian,Kish,OB Diri Oxford,d ii 7,,{d}|X.X|,
P447993,"OECT 04, 153",Old Babylonian,Kish,OB Diri Oxford,d ii 8,,{d}|X.X|,
P447993,"OECT 04, 153",Old Babylonian,Kish,OB Diri Oxford,d ii 9,,{d}|X.X|,
P447993,"OECT 04, 153",Old Babylonian,Kish,OB Diri Oxford,d ii 10,,{d}|X.X|,
P447993,"OECT 04, 153",Old Babylonian,Kish,OB Diri Oxford,d ii 11,,{d}|X.X|,
P447993,"OECT 04, 153",Old Babylonian,Kish,OB Diri Oxford,d ii 12,,{d}|X.X|,
P447993,"OECT 04, 153",Old Babylonian,Kish,OB Diri Oxford,d ii 13,,{d}|X.X|,
P447993,"OECT 04, 153",Old Babylonian,Kish,OB Diri Oxford,d ii 14,,{d}|X.X|,
P447993,"OECT 04, 153",Old Babylonian,Kish,OB Diri Oxford,d ii 15,,{⸢d⸣}|X.X|,
P447993,"OECT 04, 153",Old Babylonian,Kish,OB Diri Oxford,d ii 16,,{⸢d⸣}|X.X|,
P447993,"OECT 04, 153",Old Babylonian,Kish,OB Diri Oxford,d ii 17,,{d}|X.X|,
P447993,"OECT 04, 153",Old Babylonian,Kish,OB Diri Oxford,d ii 18,,{d}|X.X|,
P447993,"OECT 04, 153",Old Babylonian,Kish,OB Diri Oxford,d ii 19,{d}⸢X⸣,,
P447993,"OECT 04, 153",Old Babylonian,Kish,OB Diri Oxford,d ii 20,{d}⸢IDIM⸣,,
P447993,"OECT 04, 153",Old Babylonian,Kish,OB Diri Oxford,d ii 21,{d}alba₂,{d}|KASKAL.KUR|,
P447993,"OECT 04, 153",Old Babylonian,Kish,OB Diri Oxford,d ii 22,{d}alha,{d}|KASKAL.KUR|,
P447993,"OECT 04, 153",Old Babylonian,Kish,OB Diri Oxford,d ii 23,{d}baliha,{d}|KASKAL.KUR|,
P447993,"OECT 04, 153",Old Babylonian,Kish,OB Diri Oxford,d ii 24,,{d}asar(|URU×(MIN.IGI)|),
P447993,"OECT 04, 153",Old Babylonian,Kish,OB Diri Oxford,d ii 25,,{d}|X.X|,
P447993,"OECT 04, 153",Old Babylonian,Kish,OB Diri Oxford,d ii 26,{d}nanše,{⸢d⸣}|AB×HA|,
P447993,"OECT 04, 153",Old Babylonian,Kish,OB Diri Oxford,d ii 27,{d}ara,,
P447993,"OECT 04, 153",Old Babylonian,Kish,OB Diri Oxford,d ii 28,{d}enkum,{d}|PAP.IGI@g.NUN.ME.EZEN×KASKAL|,
P447993,"OECT 04, 153",Old Babylonian,Kish,OB Diri Oxford,d ii 29,{d}nuska,{⸢d⸣}|PA.EŠ₂|,
P447993,"OECT 04, 153",Old Babylonian,Kish,OB Diri Oxford,d ii 30,{d}nuska₂,{d}|PA.LU|,
P447993,"OECT 04, 153",Old Babylonian,Kish,OB Diri Oxford,d ii 31,{d}nisaba,{d}|ŠE.NAGA|,
P447993,"OECT 04, 153",Old Babylonian,Kish,OB Diri Oxford,d ii 32,{d}nanibgal,{d}|AN.ŠE.NAGA|,
P447993,"OECT 04, 153",Old Babylonian,Kish,OB Diri Oxford,d ii 33,,{d}|X.X|,
P447993,"OECT 04, 153",Old Babylonian,Kish,OB Diri Oxford,d ii 34,{d}ha-ia₃,,
P447993,"OECT 04, 153",Old Babylonian,Kish,OB Diri Oxford,d ii 35,{d}šedu₂,,
P447993,"OECT 04, 153",Old Babylonian,Kish,OB Diri Oxford,d ii 36,{d}en-lil₂,,
P447993,"OECT 04, 153",Old Babylonian,Kish,OB Diri Oxford,d ii 37,{d}nin-lil₂,{d}|SAL.TUG₂|KID,
P447993,"OECT 04, 153",Old Babylonian,Kish,OB Diri Oxford,d ii 38,{d}en-ki,,
P447993,"OECT 04, 153",Old Babylonian,Kish,OB Diri Oxford,d ii 39,{d}suen,{d}|EN.ZU|,
P447993,"OECT 04, 153",Old Babylonian,Kish,OB Diri Oxford,d ii 40,{d}nin-gal,{d}|SAL.TUG₂|GAL,
P447993,"OECT 04, 153",Old Babylonian,Kish,OB Diri Oxford,d ii 41,{d}ezina₂,{d}|ŠE.ŠE.NUN&NUN|,
P447993,"OECT 04, 153",Old Babylonian,Kish,OB Diri Oxford,d ii 42,{d}ištaran,{d}|KA.DI|,
P447993,"OECT 04, 153",Old Babylonian,Kish,OB Diri Oxford,d ii 43,{d}li₉-si₄,{d}|NE.SI@g|,
P447993,"OECT 04, 153",Old Babylonian,Kish,OB Diri Oxford,d ii 44,{d}marduk,{d}|AMAR.UD|,
P447993,"OECT 04, 153",Old Babylonian,Kish,OB Diri Oxford,d ii 45,{d}ilₓ(GIR₃)la,,
P447993,"OECT 04, 153",Old Babylonian,Kish,OB Diri Oxford,d ii 46,{d}ir₉-ra,,
P447993,"OECT 04, 153",Old Babylonian,Kish,OB Diri Oxford,d ii 47,{d}uttu,{d}|TAG.TUG₂|,
P447993,"OECT 04, 153",Old Babylonian,Kish,OB Diri Oxford,d ii 48,{d}nin-gublaga,{d}|SAL.TUG₂||EZEN×GUD|,
P447993,"OECT 04, 153",Old Babylonian,Kish,OB Diri Oxford,d ii 49,{d}id₂-lu₂-ru-gu₂,{d}|A.LAGAB×HAL|LU₂-RU-⸢GU₂⸣,
P447993,"OECT 04, 153",Old Babylonian,Kish,OB Diri Oxford,d ii 50,{d}kamad-me,,
P447993,"OECT 04, 153",Old Babylonian,Kish,OB Diri Oxford,d ii 51,{d}nin-ALAL,{⸢d⸣}|SAL.TUG₂||ŠID×A|,
P447993,"OECT 04, 153",Old Babylonian,Kish,OB Diri Oxford,d ii 52,{d}nin-ALAL,{d}|SAL.TUG₂||ŠID×A|,
P447993,"OECT 04, 153",Old Babylonian,Kish,OB Diri Oxford,d ii 53,{d}ašgi,{d}{a}{aš}|ŠIR.GI₄|,
P447993,"OECT 04, 153",Old Babylonian,Kish,OB Diri Oxford,d ii 54,{d}nin-kilim,{d}|SAL.TUG₂|PEŠ₂,
P447993,"OECT 04, 153",Old Babylonian,Kish,OB Diri Oxford,d ii 55,{d}šerrida,{d}|UD.AN.UD|,
P447993,"OECT 04, 153",Old Babylonian,Kish,OB Diri Oxford,d ii 56,{d}nergal,,
P447993,"OECT 04, 153",Old Babylonian,Kish,OB Diri Oxford,d ii 57,,{d}|PI.UD.KU₃.X|,
P447993,"OECT 04, 153",Old Babylonian,Kish,OB Diri Oxford,d ii 58,,{d}|LUGAL@s.X.X|,
P447993,"OECT 04, 153",Old Babylonian,Kish,OB Diri Oxford,d ii 59,{d}sud₃,{d}|SU.KUR.RU.X|,
P447993,"OECT 04, 153",Old Babylonian,Kish,OB Diri Oxford,d ii 60,{d}ME-AB@g-⸢KI⸣-IGI-⸢RU⸣-[DA],,
P447993,"OECT 04, 153",Old Babylonian,Kish,OB Diri Oxford,d ii 61,{d}pala,{d}|TUG₂.NAM.LUGAL|,
P447993,"OECT 04, 153",Old Babylonian,Kish,OB Diri Oxford,d ii 62,{d}nin-ildum₂,{⸢d⸣}|SAL.TUG₂||IGI.NAGAR.BU|⸢DA⸣,
P447993,"OECT 04, 153",Old Babylonian,Kish,OB Diri Oxford,d ii 63,{d}nin-girim₃,{⸢d⸣}|SAL.TUG₂||A.HA.TAR.DU|,
P447993,"OECT 04, 153",Old Babylonian,Kish,OB Diri Oxford,d ii 64,,{d}|UD.MUŠ.A.X.X.X|,
P447993,"OECT 04, 153",Old Babylonian,Kish,OB Diri Oxford,d ii 65,,{⸢d⸣}|X.X.X.X|,
P461151,BM 037240,Neo-Babylonian,unclear,Diri,o 6',[...,,
P461151,BM 037240,Neo-Babylonian,unclear,Diri,o 7',a,,ša₂
P461151,BM 037240,Neo-Babylonian,unclear,Diri,o 8',,(UD.DA),MIN
P461151,BM 037240,Neo-Babylonian,unclear,Diri,r 1',[...,,⸢E₂
P461151,BM 037240,Neo-Babylonian,unclear,Diri,r 2',[...,,⸢la⸣-x
P461151,BM 037240,Neo-Babylonian,unclear,Diri,r 3',ni-šu₂-ba-ku,MIN,E₂
P461151,BM 037240,Neo-Babylonian,unclear,Diri,r 4',geš-ṭu,([E₂.PI].⸢AN⸣.ŠE.NAGA),MIN
P461151,BM 037240,Neo-Babylonian,unclear,Diri,r 5',[...,MIN,ŠU-u
P461151,BM 037240,Neo-Babylonian,unclear,Diri,r 6',[...,MIN,la-ah-tu₄
P461151,BM 037240,Neo-Babylonian,unclear,Diri,r 7',[...,,ṣi-bit-tu₄
P461151,BM 037240,Neo-Babylonian,unclear,Diri,r 8',[...,,ti-tur-ru
P505956,"MC 25, 480",Old Babylonian,unclear,OB Diri,o 1,[...]-x-en-ge-en,,{⸢d⸣}[...]
P505956,"MC 25, 480",Old Babylonian,unclear,OB Diri,o 2,me-re,{d}mereₓ(|EN%EN|),{d}IŠKUR
P505956,"MC 25, 480",Old Babylonian,unclear,OB Diri,o 3,{d}ud-gu₃-di,,{d}IŠKUR
P505956,"MC 25, 480",Old Babylonian,unclear,OB Diri,o 4,{d}me-dim₂-ša₄,,{d}ša-la(BA)
P505956,"MC 25, 480",Old Babylonian,unclear,OB Diri,o 5,{d}nin-kug-sig₁₇,{d}|SAL.TUG₂.KUG.GI|,{d}ša-la
P505956,"MC 25, 480",Old Babylonian,unclear,OB Diri,o 6,ni-in-ša-tum,{d}ninšatumₓ(|PA.LU|),{d}NUSKA
P505956,"MC 25, 480",Old Babylonian,unclear,OB Diri,o 7,sa-PI-kum,,SIPA
P505956,"MC 25, 480",Old Babylonian,unclear,OB Diri,o 8,{d}kukula,,
P505956,"MC 25, 480",Old Babylonian,unclear,OB Diri,o 9,{d}kakkala,,
P505956,"MC 25, 480",Old Babylonian,unclear,OB Diri,o 10,{d}bandiliša,,
P505956,"MC 25, 480",Old Babylonian,unclear,OB Diri,o 11,⸢ni-in⸣-si-ri-ku,,al-mu
P505956,"MC 25, 480",Old Babylonian,unclear,OB Diri,o 12,{d}nin-alal,{d}|SAL.TUG₂|ALAL,ha-la-mu
P505956,"MC 25, 480",Old Babylonian,unclear,OB Diri,o 13,{d}mušdama,,ŠIDIM.GAL
P505956,"MC 25, 480",Old Babylonian,unclear,OB Diri,o 14,{d}sirsir,|BU&BU.AB|,MA₂.LAH₅
P505956,"MC 25, 480",Old Babylonian,unclear,OB Diri,o 15,{d}dunga₂,,e₂-a
P505956,"MC 25, 480",Old Babylonian,unclear,OB Diri,o 16,{d}lumha,,⸢e₂-a⸣
P505956,"MC 25, 480",Old Babylonian,unclear,OB Diri,o 17,{d}ninagal,,e₂-a
P505956,"MC 25, 480",Old Babylonian,unclear,OB Diri,o 18,{d}nunurra,,e₂-a
P505956,"MC 25, 480",Old Babylonian,unclear,OB Diri,o 19,{d}šikangu,,e₂-a
P505956,"MC 25, 480",Old Babylonian,unclear,OB Diri,o 20,{d}kamad-me,,la-maš-tum
P505956,"MC 25, 480",Old Babylonian,unclear,OB Diri,o 21,{d}kamad-duru₅,,bi-bi-tum
P505956,"MC 25, 480",Old Babylonian,unclear,OB Diri,o 22,ni-⸢in⸣-gi-ri-im-ma,{d}nin-girim₃(|HA@g.TAR.A.DU|),
P505956,"MC 25, 480",Old Babylonian,unclear,OB Diri,o 23,{d}nin-dulum,{d}|SAL.TUG₂||IGI.NAGAR.BU|,
P505956,"MC 25, 480",Old Babylonian,unclear,OB Diri,o 24,{d}anzu{mušen},{d}|IM.DUGUD|{mušen},an-zu-u₂
P505956,"MC 25, 480",Old Babylonian,unclear,OB Diri,o 25,{d}id₂-lu₂-ru-gu₂,{d}|A.LAGAB×HAL|LU₂-RU-GU₂,i-id
P527027,"ZA 009, 219",Old Babylonian,Sippar,OB Sippar Diri,o 1,,|SI.A|,
P527027,"ZA 009, 219",Old Babylonian,Sippar,OB Sippar Diri,o 2,,|SI.A|,⸢šu-tu-rum⸣
P527027,"ZA 009, 219",Old Babylonian,Sippar,OB Sippar Diri,o 3,,|SI.A|,a-ša-šu-⸢um⸣
P527027,"ZA 009, 219",Old Babylonian,Sippar,OB Sippar Diri,o 4,,|SI.A|,ne-qe₂-el-⸢pu⸣-[u₂]
P527027,"ZA 009, 219",Old Babylonian,Sippar,OB Sippar Diri,o 5,,|SI.A|,ma-ha-hu
P527027,"ZA 009, 219",Old Babylonian,Sippar,OB Sippar Diri,o 6,,|SI.A|,ma-ha-⸢x⸣
P527027,"ZA 009, 219",Old Babylonian,Sippar,OB Sippar Diri,o 7,,|SI.A|,na-ah-du-rum
P527027,"ZA 009, 219",Old Babylonian,Sippar,OB Sippar Diri,o 8,,|SI.A|,na-ka-pu-⸢u₂⸣
P527027,"ZA 009, 219",Old Babylonian,Sippar,OB Sippar Diri,o 9,,|SI.A|,na-ša-rum
P527027,"ZA 009, 219",Old Babylonian,Sippar,OB Sippar Diri,o 10,,|SI.A|,qa₂-a-pu-u₂
P527027,"ZA 009, 219",Old Babylonian,Sippar,OB Sippar Diri,o 11,,|SI.A|,a-la-kum
P527027,"ZA 009, 219",Old Babylonian,Sippar,OB Sippar Diri,o 12,,|SI.A|,e-⸢li⸣
P527027,"ZA 009, 219",Old Babylonian,Sippar,OB Sippar Diri,o 13,,|SI.A|,[x]-ṣa-BU-u₂
P527027,"ZA 009, 219",Old Babylonian,Sippar,OB Sippar Diri,o 14,,|SI.A|,⸢ha⸣-mu
Q000057,OB Nippur Diri,Old Babylonian,Nippur,Diri (composite score),1,|SI.A|,|SI.A|,wa-at-ru-um
Q000057,OB Nippur Diri,Old Babylonian,Nippur,Diri (composite score),2,dirig,|SI.A|,šu-tu-ru-um
Q000057,OB Nippur Diri,Old Babylonian,Nippur,Diri (composite score),3,dirig,|SI.A|,ni-qe₃-el-pu-um
Q000057,OB Nippur Diri,Old Babylonian,Nippur,Diri (composite score),4,dirig,|SI.A|,a-ša-šum
Q000057,OB Nippur Diri,Old Babylonian,Nippur,Diri (composite score),5,dirig,|SI.A|,e-li
Q000057,OB Nippur Diri,Old Babylonian,Nippur,Diri (composite score),6,dirig,|SI.A|,el-x
Q000057,OB Nippur Diri,Old Babylonian,Nippur,Diri (composite score),7,dirig,|SI.A|,ka-pi-du-um
Q000057,OB Nippur Diri,Old Babylonian,Nippur,Diri (composite score),8,dirig,|SI.A|,sa₆-qi₃-ru-um
Q000057,OB Nippur Diri,Old Babylonian,Nippur,Diri (composite score),9,dirig,|SI.A|,wa-ṣu₂-u₂-um
Q000057,OB Nippur Diri,Old Babylonian,Nippur,Diri (composite score),10,dirig,|SI.A|,i-zu-uz-zu-um
Q000057,OB Nippur Diri,Old Babylonian,Nippur,Diri (composite score),11,dirig,|SI.A|,na-ah-du-ru-um
Q000057,OB Nippur Diri,Old Babylonian,Nippur,Diri (composite score),12,dirig,|SI.A|,na-ga-ar-ru-ru-um
Q000057,OB Nippur Diri,Old Babylonian,Nippur,Diri (composite score),13,dirig,|SI.A|,a-mu-um
Q000057,OB Nippur Diri,Old Babylonian,Nippur,Diri (composite score),14,dirig,|SI.A|,ha-mu-um
Q000057,OB Nippur Diri,Old Babylonian,Nippur,Diri (composite score),15,dirig,|SI.A|,ha-ša-šum
Q000057,OB Nippur Diri,Old Babylonian,Nippur,Diri (composite score),16,dirig,|SI.A|,a-ṣe-er
Q000057,OB Nippur Diri,Old Babylonian,Nippur,Diri (composite score),17,dirig,|SI.A|,ga-u₂-um
Q000057,OB Nippur Diri,Old Babylonian,Nippur,Diri (composite score),18,dirig,|SI.A|,x-x-mu
Q000057,OB Nippur Diri,Old Babylonian,Nippur,Diri (composite score),18a,dirig,|SI.A|,a-la-kum
Q000057,OB Nippur Diri,Old Babylonian,Nippur,Diri (composite score),18b,dirig,|SI.A|,qa₂-a-pu-um
Q000057,OB Nippur Diri,Old Babylonian,Nippur,Diri (composite score),18c,dirig,|SI.A|,na-sa-a-hu-um
Q000057,OB Nippur Diri,Old Babylonian,Nippur,Diri (composite score),18d,dirig,|SI.A|,GIŠ-ZA-bu-um
Q000057,OB Nippur Diri,Old Babylonian,Nippur,Diri (composite score),19,dirig,|SI.A|,ra-ap-šum
Q000057,OB Nippur Diri,Old Babylonian,Nippur,Diri (composite score),20,dirig,|SI.A|,ša-ba-bu-um
Q000057,OB Nippur Diri,Old Babylonian,Nippur,Diri (composite score),21,dirig,|SI.A|,na-ha-al-lum
Q000057,OB Nippur Diri,Old Babylonian,Nippur,Diri (composite score),22,dirig,|SI.A|,na-sa-qum
Q000057,OB Nippur Diri,Old Babylonian,Nippur,Diri (composite score),23,dirig,|SI.A|,na-sa-ku
Q000057,OB Nippur Diri,Old Babylonian,Nippur,Diri (composite score),24,dirig,|SI.A|,za-qa₂-ru-um
Q000057,OB Nippur Diri,Old Babylonian,Nippur,Diri (composite score),25,dirig,|SI.A|,ma-ha-hu-um
Q000057,OB Nippur Diri,Old Babylonian,Nippur,Diri (composite score),26,dirig,|SI.A|,ma-ha-ru-um
Q000057,OB Nippur Diri,Old Babylonian,Nippur,Diri (composite score),27,|KA×GAN₂@t.ŠA|,|KA×GAN₂@t.ŠA|,pu-uz-ru-um
Q000057,OB Nippur Diri,Old Babylonian,Nippur,Diri (composite score),28,puzur₄,|KA×GAN₂@t.ŠA|,ra-ga-mu-um
Q000057,OB Nippur Diri,Old Babylonian,Nippur,Diri (composite score),29,puzur₄,|KA×GAN₂@t.ŠA|,hi-di-ir-tum
Q000057,OB Nippur Diri,Old Babylonian,Nippur,Diri (composite score),30,|KA×LI.KA×LI|,|KA×LI.KA×LI|,ri-ig-mu-um
Q000057,OB Nippur Diri,Old Babylonian,Nippur,Diri (composite score),31,mu₇-mu₇,|KA×LI|.|KA×LI|,ši-ip-tum
Q000057,OB Nippur Diri,Old Babylonian,Nippur,Diri (composite score),32,mu₇-mu₇,|KA×LI|.|KA×LI|,wa-ši-pu-um
Q000057,OB Nippur Diri,Old Babylonian,Nippur,Diri (composite score),33,mu₇-mu₇,|KA×LI|.|KA×LI|,ra-mi-mu-um
Q000057,OB Nippur Diri,Old Babylonian,Nippur,Diri (composite score),34,|UD.UD|,|UD.UD|,el-lum
Q000057,OB Nippur Diri,Old Babylonian,Nippur,Diri (composite score),35,dadag,|UD.UD|,eb-bu-um
Q000057,OB Nippur Diri,Old Babylonian,Nippur,Diri (composite score),36,dadag,|UD.UD|,na-am-ru-um
Q000057,OB Nippur Diri,Old Babylonian,Nippur,Diri (composite score),36a,dadag,|UD.UD|,ub-bu-u₃-bu
Q000057,OB Nippur Diri,Old Babylonian,Nippur,Diri (composite score),36b,dadag,|UD.UD|,ul-lu-lum
Q000057,OB Nippur Diri,Old Babylonian,Nippur,Diri (composite score),36c,dadag,|UD.UD|,nu-wu-ru-um
Q000057,OB Nippur Diri,Old Babylonian,Nippur,Diri (composite score),37,|UD.UD|,|UD.UD|,el-lum
Q000057,OB Nippur Diri,Old Babylonian,Nippur,Diri (composite score),38,hud₂-hud₂,UD.UD,eb-bu-um
Q000057,OB Nippur Diri,Old Babylonian,Nippur,Diri (composite score),39,hud₂-hud₂,UD.UD,na-am-rum
Q000057,OB Nippur Diri,Old Babylonian,Nippur,Diri (composite score),40,|UD.UD|,|UD.UD|,el-lum
Q000057,OB Nippur Diri,Old Babylonian,Nippur,Diri (composite score),41,tam-tam,UD.UD,eb-bu-um
Q000057,OB Nippur Diri,Old Babylonian,Nippur,Diri (composite score),42,tam-tam,UD.UD,na-am-ru-um
Q000057,OB Nippur Diri,Old Babylonian,Nippur,Diri (composite score),43,|MI.MI|,|MI.MI|,ek-le-tum
Q000057,OB Nippur Diri,Old Babylonian,Nippur,Diri (composite score),43a,kukku₂,|MI.MI|,da-ah-ma-tum
Q000057,OB Nippur Diri,Old Babylonian,Nippur,Diri (composite score),43b,kukku₂,|MI.MI|,u₂-ku-lum
Q000057,OB Nippur Diri,Old Babylonian,Nippur,Diri (composite score),43c,kukku₂,|MI.MI|,du-hu-mu-um
Q000057,OB Nippur Diri,Old Babylonian,Nippur,Diri (composite score),43d,KU₇-KU₇,KU₇.KU₇,ṭa-bu-um
Q000057,OB Nippur Diri,Old Babylonian,Nippur,Diri (composite score),44,kukku,|KU₇.KU₇|,ma-at-qum
Q000057,OB Nippur Diri,Old Babylonian,Nippur,Diri (composite score),45,kukku,|KU₇.KU₇|,ma-ta-qum
Q000057,OB Nippur Diri,Old Babylonian,Nippur,Diri (composite score),46,kukku,|KU₇.KU₇|,mu-ut-qum
Q000057,OB Nippur Diri,Old Babylonian,Nippur,Diri (composite score),47,kukku,|KU₇.KU₇|,da-aš-pu-um
Q000057,OB Nippur Diri,Old Babylonian,Nippur,Diri (composite score),48,kukku,|KU₇.KU₇|,du-uš-šu-pu-um
Q000057,OB Nippur Diri,Old Babylonian,Nippur,Diri (composite score),49,|TUK.TUK|,|TUK.TUK|,a-ša-tim
Q000057,OB Nippur Diri,Old Babylonian,Nippur,Diri (composite score),50,du₁₂-du₁₂,TUK.TUK,ra-šu-u₂-um
Q000057,OB Nippur Diri,Old Babylonian,Nippur,Diri (composite score),51,du₁₂-du₁₂,TUK.TUK,ša-ru-u₂-um
Q000057,OB Nippur Diri,Old Babylonian,Nippur,Diri (composite score),52,du₁₂-du₁₂,TUK.TUK,za-ma-ru-um
Q000057,OB Nippur Diri,Old Babylonian,Nippur,Diri (composite score),53,du₁₂-du₁₂,TUK.TUK,at-wu-u₂-um
Q000057,OB Nippur Diri,Old Babylonian,Nippur,Diri (composite score),53a,du₁₂-du₁₂,TUK.TUK,qa₂-bu-um
Q000057,OB Nippur Diri,Old Babylonian,Nippur,Diri (composite score),54,|TAK₄.TAK₄|,|TAK₄.TAK₄|,e-ze-bu-um
Q000057,OB Nippur Diri,Old Babylonian,Nippur,Diri (composite score),55,tak₄-tak₄,TAK₄.TAK₄,še-e-tum
Q000057,OB Nippur Diri,Old Babylonian,Nippur,Diri (composite score),56,tak₄-tak₄,TAK₄.TAK₄,ši-ta-tum
Q000057,OB Nippur Diri,Old Babylonian,Nippur,Diri (composite score),57,TUR-TUR,TUR.TUR,ṣe-eh-ru-um
Q000057,OB Nippur Diri,Old Babylonian,Nippur,Diri (composite score),58,tur-tur,TUR.TUR,la-hu-tum
Q000057,OB Nippur Diri,Old Babylonian,Nippur,Diri (composite score),59,tur-tur,TUR.TUR,en-šu-tum
Q000057,OB Nippur Diri,Old Babylonian,Nippur,Diri (composite score),60,tur-tur,TUR.TUR,da-qu₃-tum
Q000057,OB Nippur Diri,Old Babylonian,Nippur,Diri (composite score),61,tur-tur,TUR.TUR,u₂-te-ni-nu-um
Q000057,OB Nippur Diri,Old Babylonian,Nippur,Diri (composite score),62,tur-tur,TUR.TUR,šu-x-tum
Q000057,OB Nippur Diri,Old Babylonian,Nippur,Diri (composite score),63,TUR-TUR-LAL,TUR.TUR.LAL,ṣu-ha-ru-um
Q000057,OB Nippur Diri,Old Babylonian,Nippur,Diri (composite score),64,di₄-di₄-la₂,TUR.TUR.LAL,da-qu₃-tum
Q000057,OB Nippur Diri,Old Babylonian,Nippur,Diri (composite score),65,di₄-di₄-la₂,TUR.TUR.LAL,da-qu₂-um
Q000057,OB Nippur Diri,Old Babylonian,Nippur,Diri (composite score),66,|LAGAB.LAGAB|,|LAGAB.LAGAB|,i-ta-ag-ru-ru-um
Q000057,OB Nippur Diri,Old Babylonian,Nippur,Diri (composite score),67,gur₄-gur₄,LAGAB.LAGAB,pu-ug-gu₅-lum
Q000057,OB Nippur Diri,Old Babylonian,Nippur,Diri (composite score),68,gur₄-gur₄,LAGAB.LAGAB,ka-ab-ru-um
Q000057,OB Nippur Diri,Old Babylonian,Nippur,Diri (composite score),69,gur₄-gur₄,LAGAB.LAGAB,ku-bu-tum
Q000057,OB Nippur Diri,Old Babylonian,Nippur,Diri (composite score),70,|LAGAB.LAGAB|,|LAGAB.LAGAB|,se₂-ke-ru-um
Q000057,OB Nippur Diri,Old Babylonian,Nippur,Diri (composite score),71,niŋin,|LAGAB.LAGAB|,sa₃-ma-kum
Q000057,OB Nippur Diri,Old Babylonian,Nippur,Diri (composite score),72,a-niŋin,A.|LAGAB.LAGAB|,ša-qu₂-um
Q000057,OB Nippur Diri,Old Babylonian,Nippur,Diri (composite score),73,a-niŋin,A.|LAGAB.LAGAB|,la-wi-ri-a-an-nu-um
Q000057,OB Nippur Diri,Old Babylonian,Nippur,Diri (composite score),74,a-niŋin,A.|LAGAB.LAGAB|,e-du-u₂-um
Q000057,OB Nippur Diri,Old Babylonian,Nippur,Diri (composite score),75,niŋin,|LAGAB.LAGAB|,ṣa-a-du-um
Q000057,OB Nippur Diri,Old Babylonian,Nippur,Diri (composite score),75a,niŋin,|LAGAB.LAGAB|,li-ta-wu-um
Q000057,OB Nippur Diri,Old Babylonian,Nippur,Diri (composite score),76,niŋin,|LAGAB.LAGAB|,sa₃-ha-ru-um
Q000057,OB Nippur Diri,Old Babylonian,Nippur,Diri (composite score),76a,niŋin,|LAGAB.LAGAB|,es-rum
Q000057,OB Nippur Diri,Old Babylonian,Nippur,Diri (composite score),77,niŋin,|LAGAB.LAGAB|,la-wu-u₂-um
Q000057,OB Nippur Diri,Old Babylonian,Nippur,Diri (composite score),78,niŋin,|LAGAB.LAGAB|,ša-a-a-u₂
Q000057,OB Nippur Diri,Old Babylonian,Nippur,Diri (composite score),79,niŋin,|LAGAB.LAGAB|,e-ge-ru-um
Q000057,OB Nippur Diri,Old Babylonian,Nippur,Diri (composite score),80,niŋin,|LAGAB.LAGAB|,e-be₂-ṭum
Q000057,OB Nippur Diri,Old Babylonian,Nippur,Diri (composite score),81,niŋin,|LAGAB.LAGAB|,i-ta-as₂-hu-rum
Q000057,OB Nippur Diri,Old Babylonian,Nippur,Diri (composite score),82,niŋin,|LAGAB.LAGAB|,ka-na-nu-um
Q000057,OB Nippur Diri,Old Babylonian,Nippur,Diri (composite score),83,|LAGAB×(U.U.U).LAGAB×(U.U.U)|,|LAGAB×(U.U.U).LAGAB×(U.U.U)|,na-a-šum
Q000057,OB Nippur Diri,Old Babylonian,Nippur,Diri (composite score),84,tu₁₃-tu₁₃,|LAGAB×(U.U.U)|.|LAGAB×(U.U.U)|,na-ma-šum
Q000057,OB Nippur Diri,Old Babylonian,Nippur,Diri (composite score),85,tu₁₃-tu₁₃,|LAGAB×(U.U.U)|.|LAGAB×(U.U.U)|,nu-uh₂-hu-su₂
Q000057,OB Nippur Diri,Old Babylonian,Nippur,Diri (composite score),86,tu₁₃-tu₁₃,|LAGAB×(U.U.U)|.|LAGAB×(U.U.U)|,ra-ha-bu-um
Q000057,OB Nippur Diri,Old Babylonian,Nippur,Diri (composite score),87,|LAGAB×(U.U.U).LAGAB×(U.U.U)|,|LAGAB×(U.U.U).LAGAB×(U.U.U)|,na-ša-pu
Q000057,OB Nippur Diri,Old Babylonian,Nippur,Diri (composite score),88,in-bul-bul,IN.|LAGAB×(U.U.U)|.|LAGAB×(U.U.U)|,pu-u₂
Q000057,OB Nippur Diri,Old Babylonian,Nippur,Diri (composite score),89,|AMAR×ŠE.AMAR×ŠE|,|AMAR×ŠE.AMAR×ŠE|,ni-qu₃-u₂
Q000057,OB Nippur Diri,Old Babylonian,Nippur,Diri (composite score),90,siškur₂,|AMAR×ŠE.AMAR×ŠE|,ka-ra-bu-um
Q000057,OB Nippur Diri,Old Babylonian,Nippur,Diri (composite score),91,siškur₂,|AMAR×ŠE.AMAR×ŠE|,ik-ri-bu-um
Q000057,OB Nippur Diri,Old Babylonian,Nippur,Diri (composite score),92,|AMAR.AMAR|,|AMAR.AMAR|,ku-un-nu-u₂-um
Q000057,OB Nippur Diri,Old Babylonian,Nippur,Diri (composite score),93,zur-zur,AMAR.AMAR,pu-us-su₂-sum₂
Q000057,OB Nippur Diri,Old Babylonian,Nippur,Diri (composite score),94,zur-zur,AMAR.AMAR,na-ha-ar-mu-ṭum
Q000057,OB Nippur Diri,Old Babylonian,Nippur,Diri (composite score),95,|DU.DU|,|DU.DU|,re-du-u₂-um
Q000057,OB Nippur Diri,Old Babylonian,Nippur,Diri (composite score),96,lah₅,|DU.DU|,re-e-ia-um
Q000057,OB Nippur Diri,Old Babylonian,Nippur,Diri (composite score),97,lah₅,|DU.DU|,ša-la-lu-um
Q000057,OB Nippur Diri,Old Babylonian,Nippur,Diri (composite score),98,ereₓ(|DU.DU|),|DU.DU|,a-la-kum
Q000057,OB Nippur Diri,Old Babylonian,Nippur,Diri (composite score),98a,sugₓ(|DU.DU|),|DU.DU|,i-zu-uz-zu
Q000057,OB Nippur Diri,Old Babylonian,Nippur,Diri (composite score),99,|DU.DU.DU.DU|,|DU.DU.DU.DU|,bu-ub-bu-lum
Q000057,OB Nippur Diri,Old Babylonian,Nippur,Diri (composite score),100,|DU@s.DU@s|,|DU@s.DU@s|,ṭe₃-bu-u₂-um
Q000057,OB Nippur Diri,Old Babylonian,Nippur,Diri (composite score),101,gir₅-gir₅,DU@s.DU@s,ti-ṭe₃-bu-um
Q000057,OB Nippur Diri,Old Babylonian,Nippur,Diri (composite score),102,gir₅-gir₅,DU@s.DU@s,ha-la-pu-um
Q000057,OB Nippur Diri,Old Babylonian,Nippur,Diri (composite score),103,DU@s-DU@s,DU@s.DU@s,as₂-qu₃-du-um
Q000057,OB Nippur Diri,Old Babylonian,Nippur,Diri (composite score),104,|BUR₂.BUR₂|,|BUR₂.BUR₂|,da-ma-mu-um
Q000057,OB Nippur Diri,Old Babylonian,Nippur,Diri (composite score),105,du₉-du₉,BUR₂.BUR₂,da-ba-bu-um
Q000057,OB Nippur Diri,Old Babylonian,Nippur,Diri (composite score),106,dun₅-dun₅,BUR₂.BUR₂,ma-a-ṣum
Q000057,OB Nippur Diri,Old Babylonian,Nippur,Diri (composite score),107,dun₅-dun₅,BUR₂.BUR₂,na-a-qu₂-um
Q000057,OB Nippur Diri,Old Babylonian,Nippur,Diri (composite score),108,|BUR₂.BUR₂|,|BUR₂.BUR₂|,pa-ša-a-rum
Q000057,OB Nippur Diri,Old Babylonian,Nippur,Diri (composite score),109,bur₂-bur₂,BUR₂.BUR₂,wa-ša-ru-um
Q000057,OB Nippur Diri,Old Babylonian,Nippur,Diri (composite score),110,bur₂-bur₂,BUR₂.BUR₂,ša-a-al-ṭu₃-tum
Q000057,OB Nippur Diri,Old Babylonian,Nippur,Diri (composite score),111,|HI×AŠ₂|-|HI×AŠ₂|,|HI×AŠ₂|.|HI×AŠ₂|,sa₃-ma-du-um
Q000057,OB Nippur Diri,Old Babylonian,Nippur,Diri (composite score),112,ara₃-ara₃,|HI×AŠ₂|.|HI×AŠ₂|,ṭe-e-nu-um
Q000057,OB Nippur Diri,Old Babylonian,Nippur,Diri (composite score),113,ara₃-ara₃,|HI×AŠ₂|.|HI×AŠ₂|,a-ra-ru-um
Q000057,OB Nippur Diri,Old Babylonian,Nippur,Diri (composite score),114,|IGI.IGI|,|IGI.IGI|,sa₃-a-ru-um
Q000057,OB Nippur Diri,Old Babylonian,Nippur,Diri (composite score),115,lilib,|IGI.IGI|,ha-ab-ba-tum
Q000057,OB Nippur Diri,Old Babylonian,Nippur,Diri (composite score),116,lilib,|IGI.IGI|,ša-ar-ra-qum
Q000057,OB Nippur Diri,Old Babylonian,Nippur,Diri (composite score),117,lilib,|IGI.IGI|,mu-ta-ah-li-lu-um
Q000057,OB Nippur Diri,Old Babylonian,Nippur,Diri (composite score),118,|IGI.IGI|,|IGI.IGI|,i-ni
Q000057,OB Nippur Diri,Old Babylonian,Nippur,Diri (composite score),119,bad₅-bad₅,IGI.IGI,i-ni
Q000057,OB Nippur Diri,Old Babylonian,Nippur,Diri (composite score),120,|IGI.IGI|,|IGI.IGI|,ši-šu-u₂
Q000057,OB Nippur Diri,Old Babylonian,Nippur,Diri (composite score),121,ši-ši,IGI.IGI,ši-ši-i-tum
Q000057,OB Nippur Diri,Old Babylonian,Nippur,Diri (composite score),122,|IGI.DU|,|IGI.DU|,a-ša-re-du-um
Q000057,OB Nippur Diri,Old Babylonian,Nippur,Diri (composite score),123,du,DU,ma-ah-ra
Q000057,OB Nippur Diri,Old Babylonian,Nippur,Diri (composite score),124,du,DU,pa-na
Q000057,OB Nippur Diri,Old Babylonian,Nippur,Diri (composite score),124a,igištu,|IGI.DU|,|IGI.DU|-u₂
Q000057,OB Nippur Diri,Old Babylonian,Nippur,Diri (composite score),125,|IGI.DU|,|IGI.DU|,a-ša-re-du-um
Q000057,OB Nippur Diri,Old Babylonian,Nippur,Diri (composite score),126,ašarid,|IGI.DU|,ra-bu-um
Q000057,OB Nippur Diri,Old Babylonian,Nippur,Diri (composite score),126a,|IGI.DU|,|IGI.DU|,a-ša-re-du-um
Q000057,OB Nippur Diri,Old Babylonian,Nippur,Diri (composite score),126b,mahra,|IGI.DU|,pa-nim
Q000057,OB Nippur Diri,Old Babylonian,Nippur,Diri (composite score),126c,|IGI.EŠ₂.DU|,|IGI.EŠ₂.DU|,
Q000057,OB Nippur Diri,Old Babylonian,Nippur,Diri (composite score),127,|IGI.EŠ₂.DU.ERIN₂|,|IGI.EŠ₂.DU.ERIN₂|,ṣa-bi-im
Q000057,OB Nippur Diri,Old Babylonian,Nippur,Diri (composite score),127a,palil,|IGI.DU|,ṣa-bi-im
Q000057,OB Nippur Diri,Old Babylonian,Nippur,Diri (composite score),128,palil,|IGI.DU|,ra-bu-um
Q000057,OB Nippur Diri,Old Babylonian,Nippur,Diri (composite score),129,|IGI.EŠ₂|,|IGI.EŠ₂|,la-bi-rum
Q000057,OB Nippur Diri,Old Babylonian,Nippur,Diri (composite score),130,|IGI.DUB|,|IGI.DUB|,it-tum
Q000057,OB Nippur Diri,Old Babylonian,Nippur,Diri (composite score),130a,zu,ZU,we-du-u₂-um
Q000057,OB Nippur Diri,Old Babylonian,Nippur,Diri (composite score),131,ŋeškim-ti,|IGI.DUB|.TI,tu-kul₂-tum
Q000057,OB Nippur Diri,Old Babylonian,Nippur,Diri (composite score),132,ŋeškim,|IGI.DUB|,giš-gi-im-mu-um
Q000057,OB Nippur Diri,Old Babylonian,Nippur,Diri (composite score),133,|IGI.DUB|,|IGI.DUB|,a-ba-ra-ak-kum
Q000057,OB Nippur Diri,Old Babylonian,Nippur,Diri (composite score),134,agrig,|IGI.DUB|,ag₂-ri-iq-qu₃-um
Q000057,OB Nippur Diri,Old Babylonian,Nippur,Diri (composite score),135,|IGI.A|,|IGI.A|,me-e
Q000057,OB Nippur Diri,Old Babylonian,Nippur,Diri (composite score),136,|IGI.BI|,|IGI.BI|,ši-ka-ri-im
Q000057,OB Nippur Diri,Old Babylonian,Nippur,Diri (composite score),137,|IGI.KUR|,|IGI.KUR|,ir-ka-la
Q000057,OB Nippur Diri,Old Babylonian,Nippur,Diri (composite score),138,|IGI.KUR.ZA|,|IGI.KUR.ZA|,da-ni-na
Q000057,OB Nippur Diri,Old Babylonian,Nippur,Diri (composite score),139,ganzer,|IGI.KUR.ZA|,ka-ni-sur-ru
Q000057,OB Nippur Diri,Old Babylonian,Nippur,Diri (composite score),140,ganzer,|IGI.KUR.ZA|,er-ṣe-tim
Q000057,OB Nippur Diri,Old Babylonian,Nippur,Diri (composite score),141,|IGI.KUR|,|IGI.KUR|,er-ṣe-tim
Q000057,OB Nippur Diri,Old Babylonian,Nippur,Diri (composite score),142,|IGI.KAK|,|IGI.KAK|,he-bu-ru-um
Q000057,OB Nippur Diri,Old Babylonian,Nippur,Diri (composite score),143,|IGI.KAK|,|IGI.KAK|,ṣi-il-lu-u₂
Q000057,OB Nippur Diri,Old Babylonian,Nippur,Diri (composite score),144,|IGI.KAK|,|IGI.KAK|,šu-ku-ru-um
Q000057,OB Nippur Diri,Old Babylonian,Nippur,Diri (composite score),145,|IGI.KAK|,|IGI.KAK|,ha-al-wu-u₂-um
Q000057,OB Nippur Diri,Old Babylonian,Nippur,Diri (composite score),146,|IGI.DIM|,|IGI.DIM|,da-hi-mu-um
Q000057,OB Nippur Diri,Old Babylonian,Nippur,Diri (composite score),147,ubri₂(|IGI.DIM|),|IGI.DIM|,šu-ku-ru-um
Q000057,OB Nippur Diri,Old Babylonian,Nippur,Diri (composite score),148,|IGI.DIM|,|IGI.DIM|,ṣe-eh-ru-um
Q000057,OB Nippur Diri,Old Babylonian,Nippur,Diri (composite score),148a,henzer,|IGI.DIM|,la-a-a-u₂-um
Q000057,OB Nippur Diri,Old Babylonian,Nippur,Diri (composite score),148b,henzer,|IGI.DIM|,ṣu₂-ha-ru-um
Q000057,OB Nippur Diri,Old Babylonian,Nippur,Diri (composite score),149,henzer,|IGI.DIM|,pe-hu-u₂
Q000057,OB Nippur Diri,Old Babylonian,Nippur,Diri (composite score),150,{ŋeš}|IGI.TUR.TUR|,|IGI.TUR.TUR|,li-gi₄-mu-u₂
Q000057,OB Nippur Diri,Old Babylonian,Nippur,Diri (composite score),151,{ŋeš}ligima,|IGI.TUR.TUR|,zi-iq-pu-um
Q000057,OB Nippur Diri,Old Babylonian,Nippur,Diri (composite score),152,{ŋeš}ligima,|IGI.TUR.TUR|,ni-ip-lum
Q000057,OB Nippur Diri,Old Babylonian,Nippur,Diri (composite score),153,|IGI.ERIN₂|,|IGI.ERIN₂|,pa-qa₂-du-um
Q000057,OB Nippur Diri,Old Babylonian,Nippur,Diri (composite score),154,gurum₂,|IGI.ERIN₂|,pi-qi₂-it-tum
Q000057,OB Nippur Diri,Old Babylonian,Nippur,Diri (composite score),155,sig₅,|IGI.ERIN₂|,ṣa-ra-pu-um
Q000057,OB Nippur Diri,Old Babylonian,Nippur,Diri (composite score),155a,gurum₂,|IGI.ERIN₂|,x-um
Q000057,OB Nippur Diri,Old Babylonian,Nippur,Diri (composite score),156,|IGI.E₂|-|NUN&NUN|,|IGI.E₂|.|NUN&NUN|,zi-qu₂-ra-tum
Q000057,OB Nippur Diri,Old Babylonian,Nippur,Diri (composite score),157,|IGI.E₂|,|IGI.E₂|,a-ma-ru-um
Q000057,OB Nippur Diri,Old Babylonian,Nippur,Diri (composite score),158,u₆,|IGI.E₂|,
Q000057,OB Nippur Diri,Old Babylonian,Nippur,Diri (composite score),159,dug₄,KA,ba-a-ru-um
Q000057,OB Nippur Diri,Old Babylonian,Nippur,Diri (composite score),160,|IGI.NAGAR.BU|,|IGI.NAGAR.BU|,el-la-tum
Q000057,OB Nippur Diri,Old Babylonian,Nippur,Diri (composite score),161,|IGI@g.ALAN|,|IGI@g.ALAN|,bu-un-na-nu
Q000057,OB Nippur Diri,Old Babylonian,Nippur,Diri (composite score),162,uktin,|IGI@g.ALAN|,bi-ne-tum
Q000057,OB Nippur Diri,Old Babylonian,Nippur,Diri (composite score),163,uktin,|IGI@g.ALAN|,pa-ni
Q000057,OB Nippur Diri,Old Babylonian,Nippur,Diri (composite score),164,|TAK₄.ALAN|,|TAK₄.ALAN|,gu-ur-gu-ru-um
Q000057,OB Nippur Diri,Old Babylonian,Nippur,Diri (composite score),165,|URUDA.NAGAR|,|URUDA.NAGAR|,gu-ur-gu-ru-um
Q000057,OB Nippur Diri,Old Babylonian,Nippur,Diri (composite score),166,{ŋeš}TUG₂,TUG₂,ta-aš₂-ga-ri-nu
Q000057,OB Nippur Diri,Old Babylonian,Nippur,Diri (composite score),167,{ŋeš}taškarin,TUG₂,el-lum
Q000057,OB Nippur Diri,Old Babylonian,Nippur,Diri (composite score),168,{ŋeš}taškarin,TUG₂,eb-bu-um
Q000057,OB Nippur Diri,Old Babylonian,Nippur,Diri (composite score),169,{ŋeš}taškarin,TUG₂,šar-rum
Q000057,OB Nippur Diri,Old Babylonian,Nippur,Diri (composite score),170,{ŋeš}BAD,BAD,su₂-ki-in-nu
Q000057,OB Nippur Diri,Old Babylonian,Nippur,Diri (composite score),171,{ŋeš}KAL,KAL,u₂-šu-u₂-um
Q000057,OB Nippur Diri,Old Babylonian,Nippur,Diri (composite score),172,{ŋeš}|HI×AŠ₂|,|HI×AŠ₂|,ki-iš-ka-nu-um
Q000057,OB Nippur Diri,Old Babylonian,Nippur,Diri (composite score),173,{ŋeš}|GIŠ%GIŠ|,|GIŠ%GIŠ|,ša-lu-ru-u₂-um
Q000057,OB Nippur Diri,Old Babylonian,Nippur,Diri (composite score),174,{ŋeš}MES,MES,ṣu₂-ul-mu-u₂
Q000057,OB Nippur Diri,Old Babylonian,Nippur,Diri (composite score),175,{ŋeš}mes,MES,me-su-um
Q000057,OB Nippur Diri,Old Babylonian,Nippur,Diri (composite score),176,{ŋeš}mes,MES,me-er-tu-u₂-um
Q000057,OB Nippur Diri,Old Babylonian,Nippur,Diri (composite score),177,{ŋeš}HA-LU-EŠ₂,HA.LU.EŠ₂,hu-lu-pu-um
Q000057,OB Nippur Diri,Old Babylonian,Nippur,Diri (composite score),178,{ŋeš}|MA₂.KAK|,|MA₂.KAK|,te-er-gu-ul-lu-u₂
Q000057,OB Nippur Diri,Old Babylonian,Nippur,Diri (composite score),179,{ŋeš}BU,BU,er-ru-u₂
Q000057,OB Nippur Diri,Old Babylonian,Nippur,Diri (composite score),180,{ŋeš}madal,BU,ma-tu-u₂-um
Q000057,OB Nippur Diri,Old Babylonian,Nippur,Diri (composite score),181,{ŋeš}BU,BU,ma-aš-šu-u₂-um
Q000057,OB Nippur Diri,Old Babylonian,Nippur,Diri (composite score),182,{ŋeš}BU,BU,ma-ah-la-lum
Q000057,OB Nippur Diri,Old Babylonian,Nippur,Diri (composite score),183,{ŋeš}BU,BU,ga-ši-šum
Q000057,OB Nippur Diri,Old Babylonian,Nippur,Diri (composite score),184,{ŋeš}BU,BU,a-la-lu-u₂-um
Q000057,OB Nippur Diri,Old Babylonian,Nippur,Diri (composite score),195,{ŋeš}NU₁₁-GAL,NU₁₁.GAL,{d}SUEN
Q000057,OB Nippur Diri,Old Babylonian,Nippur,Diri (composite score),196,{ŋeš}|ŠE.NUN&NUN|,|ŠE.NUN&NUN|,qa₂-aš-tu
Q000057,OB Nippur Diri,Old Babylonian,Nippur,Diri (composite score),197,{ŋeš}PAN,PAN,qa₂-aš-tu
Q000057,OB Nippur Diri,Old Babylonian,Nippur,Diri (composite score),198,{ŋeš}RU,RU,ti-il-pa-nu-u₂
Q000057,OB Nippur Diri,Old Babylonian,Nippur,Diri (composite score),199,{ŋeš}ellag,LAGAB,pu-uk-kum
Q000057,OB Nippur Diri,Old Babylonian,Nippur,Diri (composite score),200,{ŋeš}NI,NI,ne-eš-mu-um
Q000057,OB Nippur Diri,Old Babylonian,Nippur,Diri (composite score),201,ak,AK,qa₂-a-lu
Q000057,OB Nippur Diri,Old Babylonian,Nippur,Diri (composite score),202,ŋeš-zal,GIŠ.NI,ha-si-su₂
Q000057,OB Nippur Diri,Old Babylonian,Nippur,Diri (composite score),203,ak,AK,u₂-te-qu₃-um
Q000057,OB Nippur Diri,Old Babylonian,Nippur,Diri (composite score),204,|GIŠ.TUG₂.PI|,|GIŠ.TUG₂.PI|,uz-nu-um
Q000057,OB Nippur Diri,Old Babylonian,Nippur,Diri (composite score),205,|GIŠ.PI.TUG₂|,|GIŠ.PI.TUG₂|,uz-nu-um
Q000057,OB Nippur Diri,Old Babylonian,Nippur,Diri (composite score),206,|GIŠ.PI.TUG₂.NU₁₁@90|,|GIŠ.PI.TUG₂.NU₁₁@90|,uz-nu-um
Q000057,OB Nippur Diri,Old Babylonian,Nippur,Diri (composite score),207,ŋizzal,|GIŠ.TUG₂.PI.NU₁₁@90.SILA₃|,ha-si-su₂-um
Q000057,OB Nippur Diri,Old Babylonian,Nippur,Diri (composite score),208,ak,AK,qa₂-a-lum
Q000057,OB Nippur Diri,Old Babylonian,Nippur,Diri (composite score),209,ŋizzal,|GIŠ.TUG₂.PI.NU₁₁@90.SILA₃|,u₂-te-qu₃-u₂-um
Q000057,OB Nippur Diri,Old Babylonian,Nippur,Diri (composite score),210,{ŋeš}|URU×(MIN.URUDA)|,|URU×(MIN.URUDA)|,pa-aš-šu-ru-um
Q000057,OB Nippur Diri,Old Babylonian,Nippur,Diri (composite score),211,{ŋeš}|GA₂×(NUN&NUN)|,|GA₂×(NUN&NUN)|,gu-šu-ru-um
Q000057,OB Nippur Diri,Old Babylonian,Nippur,Diri (composite score),212,GIŠ-DAG-RA,GIŠ.DAG.RA,pu-su₂-nu-um
Q000057,OB Nippur Diri,Old Babylonian,Nippur,Diri (composite score),213,{ŋeš}|GIŠ.MA₂.RA|,|GIŠ.MA₂.RA|,am-ru-um
Q000057,OB Nippur Diri,Old Babylonian,Nippur,Diri (composite score),214,{ŋeš}|ŠU.DI.U.U.U|,|ŠU.DI.U.U.U|,me-de-lu-um
Q000057,OB Nippur Diri,Old Babylonian,Nippur,Diri (composite score),215,{ŋeš}|ŠU.GA|,|ŠU.GA|,na-ap-ra-kum
Q000057,OB Nippur Diri,Old Babylonian,Nippur,Diri (composite score),216,{ŋeš}|ŠU.DIM₂|,|ŠU.DIM₂|,i-ti-nim
Q000057,OB Nippur Diri,Old Babylonian,Nippur,Diri (composite score),217,ŋeš-|ŠU.LU₂|,GIŠ.|ŠU.LU₂|,a-wi-lim
Q000057,OB Nippur Diri,Old Babylonian,Nippur,Diri (composite score),218,GIŠ-LU₂,GIŠ.LU₂,i-lum
Q000057,OB Nippur Diri,Old Babylonian,Nippur,Diri (composite score),219,{ŋeš}LUGAL,LUGAL,ra-ap-pu-u₂
Q000057,OB Nippur Diri,Old Babylonian,Nippur,Diri (composite score),219a,GIŠ-x,GIŠ,x-x-i-lum
Q000057,OB Nippur Diri,Old Babylonian,Nippur,Diri (composite score),220,{ŋeš}|IGI.DIB|-LUH,|IGI.DIB|.LUH,pe-er-hu-um
Q000057,OB Nippur Diri,Old Babylonian,Nippur,Diri (composite score),220a,{ŋeš}u₃-luh,|IGI.DIB|.LUH,ta-ar-mi-ku
Q000057,OB Nippur Diri,Old Babylonian,Nippur,Diri (composite score),220b,{ŋeš}u₃-luh,|IGI.DIB|.LUH,ha-aṭ-ṭu₃
Q000057,OB Nippur Diri,Old Babylonian,Nippur,Diri (composite score),221,{ŋeš}NE@s,NE@s,pe-er-hu-um
Q000057,OB Nippur Diri,Old Babylonian,Nippur,Diri (composite score),222,{ŋeš}gibil,NE@s,ṣe-eh-rum
Q000057,OB Nippur Diri,Old Babylonian,Nippur,Diri (composite score),222a,{ŋeš}gibil,NE@s,me-eṣ-he-ru-tum
Q000057,OB Nippur Diri,Old Babylonian,Nippur,Diri (composite score),222b,{ŋeš}bil₂-ga,NE@s.GA,in-bu-um
Q000057,OB Nippur Diri,Old Babylonian,Nippur,Diri (composite score),223,{ŋeš}SAR,SAR,ke-e-ru-um
Q000057,OB Nippur Diri,Old Babylonian,Nippur,Diri (composite score),224,{ŋeš}|U.AD|{+mu₂},|U.AD|,pe-er-hu-um
Q000057,OB Nippur Diri,Old Babylonian,Nippur,Diri (composite score),225,{ŋeš}|A.GUD×KUR|,|A.GUD×KUR|,a-da-ru-um
Q000057,OB Nippur Diri,Old Babylonian,Nippur,Diri (composite score),226,{ŋeš}ŠINIG,ŠINIG,bi-i-nu-um
Q000057,OB Nippur Diri,Old Babylonian,Nippur,Diri (composite score),227,{ŋeš}|A.TU.GABA.LIŠ|,|A.TU.GABA.LIŠ|,ṣa-ar-ba-tum
Q000057,OB Nippur Diri,Old Babylonian,Nippur,Diri (composite score),228,{ŋeš}|KU.AN|,|KU.AN|,DINGIR
Q000057,OB Nippur Diri,Old Babylonian,Nippur,Diri (composite score),229,{ŋeš}mitum,|KU.AN|,mi-iṭ-ṭum
Q000057,OB Nippur Diri,Old Babylonian,Nippur,Diri (composite score),230,|GIŠ.KUŠU₂|{ki},|GIŠ.KUŠU₂|,ki-iš-ša
Q000057,OB Nippur Diri,Old Babylonian,Nippur,Diri (composite score),231,{ŋeš}|I.DIB|,|I.DIB|,si₂₀-im-mi-il-tum
Q000057,OB Nippur Diri,Old Babylonian,Nippur,Diri (composite score),232,{ŋeš}|U₂.GIR₂|,|U₂.GIR₂|,a-ša-gu-um
Q000057,OB Nippur Diri,Old Babylonian,Nippur,Diri (composite score),233,{ŋeš}|ŠA₃.TAR|,|ŠA₃.TAR|,ti-mi-it-ta-lu-u₂
Q000057,OB Nippur Diri,Old Babylonian,Nippur,Diri (composite score),234,GIŠ-ERIN₂,GIŠ.ERIN₂,giš-ri-nu-um
Q000057,OB Nippur Diri,Old Babylonian,Nippur,Diri (composite score),246,|ZA.GUL|,|ZA.GUL|,el-lum
Q000057,OB Nippur Diri,Old Babylonian,Nippur,Diri (composite score),247,gug,|ZA.GUL|,eb-bu-um
Q000057,OB Nippur Diri,Old Babylonian,Nippur,Diri (composite score),248,gug,|ZA.GUL|,na-am-ru
Q000057,OB Nippur Diri,Old Babylonian,Nippur,Diri (composite score),249,gug,|ZA.GUL|,ši-in-nu-um
Q000057,OB Nippur Diri,Old Babylonian,Nippur,Diri (composite score),250,gug,|ZA.GUL|,ka-ak-kum
Q000057,OB Nippur Diri,Old Babylonian,Nippur,Diri (composite score),251,gug,|ZA.GUL|,ka-na-kum
Q000057,OB Nippur Diri,Old Babylonian,Nippur,Diri (composite score),252,|ZA.MUŠ₃|,|ZA.MUŠ₃|,šu-bu-u₂-um
Q000057,OB Nippur Diri,Old Babylonian,Nippur,Diri (composite score),252a,šuba₂,|ZA.MUŠ₃|,
Q000057,OB Nippur Diri,Old Babylonian,Nippur,Diri (composite score),253,šuba₂,|ZA.MUŠ₃|,ra-am-kum
Q000057,OB Nippur Diri,Old Babylonian,Nippur,Diri (composite score),254,šuba₂,|ZA.MUŠ₃|,re-ia-um
Q000057,OB Nippur Diri,Old Babylonian,Nippur,Diri (composite score),255,šuba₂,|ZA.MUŠ₃|,{d}da-mu
Q000057,OB Nippur Diri,Old Babylonian,Nippur,Diri (composite score),256,|ZA.DUN₃@g@g|,|ZA.DUN₃@g@g|,hu-la-lum
Q000057,OB Nippur Diri,Old Babylonian,Nippur,Diri (composite score),257,|ZA.MUŠ₃.AB×(U.U.U)|{ki},|ZA.MUŠ₃.AB×(U.U.U)|,su₂-ga-al
Q000057,OB Nippur Diri,Old Babylonian,Nippur,Diri (composite score),258,{kaš}|U₂.SA|,|U₂.SA|,bi-il-a-tum
Q000057,OB Nippur Diri,Old Babylonian,Nippur,Diri (composite score),259,{kaš}U₂,U₂,hi-qum
Q000057,OB Nippur Diri,Old Babylonian,Nippur,Diri (composite score),260,|ZIZ₂.AN|,|ZIZ₂.AN|,u₂-lum-še-in-um
Q000057,OB Nippur Diri,Old Babylonian,Nippur,Diri (composite score),261,|ZIZ₂.AN|,|ZIZ₂.AN|,di-zi-ip-tu-hi
Q000057,OB Nippur Diri,Old Babylonian,Nippur,Diri (composite score),262,{u₂}KAL,KAL,mi-iṭ-rum
Q000057,OB Nippur Diri,Old Babylonian,Nippur,Diri (composite score),263,U₂-KAL,U₂.KAL,it-tu-u₂
Q000057,OB Nippur Diri,Old Babylonian,Nippur,Diri (composite score),264,{u₂}|GA₂×(AŠ₂.TUR)|,|GA₂×(AŠ₂.TUR)|,ma-ša-pi-GU
Q000057,OB Nippur Diri,Old Babylonian,Nippur,Diri (composite score),265,{u₂}KUL{sar},KUL,i-mi-ka-ru-x-ru
Q000057,OB Nippur Diri,Old Babylonian,Nippur,Diri (composite score),266,U₂-X-X-SAR,U₂.X.X.SAR,x-x-u₂
Q000057,OB Nippur Diri,Old Babylonian,Nippur,Diri (composite score),267,|U₂.X.X.SAR|,,a-x-x
Q000057,OB Nippur Diri,Old Babylonian,Nippur,Diri (composite score),269,{u₂}|EN×GAN₂@t|{sar},|EN×GAN₂@t|,ša-am-ba-li-il-tum
Q000057,OB Nippur Diri,Old Babylonian,Nippur,Diri (composite score),270,{u₂}|AN.IM|,|AN.IM|,qu₂-ud-ru-um
Q000057,OB Nippur Diri,Old Babylonian,Nippur,Diri (composite score),271,|U₂.KUR|{sar},|U₂.KUR|,ne-nu
Q000057,OB Nippur Diri,Old Babylonian,Nippur,Diri (composite score),272,{u₂}|HI×AŠ₂.SAG|{sar},|HI×AŠ₂.SAG|,a-zu-pi-ru-um
Q000057,OB Nippur Diri,Old Babylonian,Nippur,Diri (composite score),273,{u₂}|DIN.ŠE.NUN&NUN|{sar},|DIN.ŠE.NUN&NUN|,ka-mu-nu-um
Q000057,OB Nippur Diri,Old Babylonian,Nippur,Diri (composite score),274,{u₂}|LAGAR@g&LAGAR@g|{sar},|LAGAR@g&LAGAR@g|,šu-mu-ut-tum
Q000057,OB Nippur Diri,Old Babylonian,Nippur,Diri (composite score),275,U₂-X-X-X,U₂.X.X.X,x-ṣi-u₂
Q000057,OB Nippur Diri,Old Babylonian,Nippur,Diri (composite score),276,X,X,x-zu
Q000057,OB Nippur Diri,Old Babylonian,Nippur,Diri (composite score),277,X,X,
Q000057,OB Nippur Diri,Old Babylonian,Nippur,Diri (composite score),281a,X,X,x-šum
Q000057,OB Nippur Diri,Old Babylonian,Nippur,Diri (composite score),282,X,X,x-lum
Q000057,OB Nippur Diri,Old Babylonian,Nippur,Diri (composite score),283,X,X,x-x-ul-lum
Q000057,OB Nippur Diri,Old Babylonian,Nippur,Diri (composite score),284,X,X,x-x-ru-um
Q000057,OB Nippur Diri,Old Babylonian,Nippur,Diri (composite score),285,X,X,x-tu-mu-um
Q000057,OB Nippur Diri,Old Babylonian,Nippur,Diri (composite score),286,X,X,ut-ni-in-nu-um
Q000057,OB Nippur Diri,Old Babylonian,Nippur,Diri (composite score),287,|A.IGI|,|A.IGI|,di-im-tum
Q000057,OB Nippur Diri,Old Babylonian,Nippur,Diri (composite score),288,er₂,|A.IGI|,bi-ki-tum
Q000057,OB Nippur Diri,Old Babylonian,Nippur,Diri (composite score),289,er₂,|A.IGI|,ta-aq-ri-ib-tum
Q000057,OB Nippur Diri,Old Babylonian,Nippur,Diri (composite score),290,er₂,|A.IGI|,ge-er-ra-nu-um
Q000057,OB Nippur Diri,Old Babylonian,Nippur,Diri (composite score),291,er₂,|A.IGI|,ta-ni-hu-um
Q000057,OB Nippur Diri,Old Babylonian,Nippur,Diri (composite score),292,er₂,|A.IGI|,ṣi-ih-tum
Q000057,OB Nippur Diri,Old Babylonian,Nippur,Diri (composite score),293,|A.IGI|,|A.IGI|,
Q000057,OB Nippur Diri,Old Babylonian,Nippur,Diri (composite score),295,|A.MUŠ₃|,|A.MUŠ₃|,
Q000057,OB Nippur Diri,Old Babylonian,Nippur,Diri (composite score),296,|A.MUŠ₃|,|A.MUŠ₃|,
Q000057,OB Nippur Diri,Old Babylonian,Nippur,Diri (composite score),297,|A.MUŠ₃|,|A.MUŠ₃|,me-x-x
Q000057,OB Nippur Diri,Old Babylonian,Nippur,Diri (composite score),298,|A.LU₃|,|A.LU₃|,a-ba-ru-um
Q000057,OB Nippur Diri,Old Babylonian,Nippur,Diri (composite score),299,|A.KA|,|A.KA|,mu-uh₂-hu-um
Q000057,OB Nippur Diri,Old Babylonian,Nippur,Diri (composite score),300,ugu₂,|A.KA|,e-li
Q000057,OB Nippur Diri,Old Babylonian,Nippur,Diri (composite score),301,ugu₂,|A.KA|,a-ṣe-er
Q000057,OB Nippur Diri,Old Babylonian,Nippur,Diri (composite score),302,|A.ŠE.NUN&NUN|,|A.ŠE.NUN&NUN|,sa₃-as₂-ku-u₂-um
Q000057,OB Nippur Diri,Old Babylonian,Nippur,Diri (composite score),303,|LAGAR@g.DU|,|LAGAR@g.DU|,e-lu-u₂-um
Q000057,OB Nippur Diri,Old Babylonian,Nippur,Diri (composite score),304,ed₃,|LAGAR@g.DU|,wa-ra-du-um
Q000057,OB Nippur Diri,Old Babylonian,Nippur,Diri (composite score),305,ed₃,|LAGAR@g.DU|,x-lu-mu
Q000057,OB Nippur Diri,Old Babylonian,Nippur,Diri (composite score),306,ed₃,|LAGAR@g.DU|,ša-qu₂-u₂-um
Q000057,OB Nippur Diri,Old Babylonian,Nippur,Diri (composite score),307,|UD.DU|,|UD.DU|,wa-ṣu₂-u₂-um
Q000057,OB Nippur Diri,Old Babylonian,Nippur,Diri (composite score),308,e₃,|UD.DU|,hi-a-ṭu₃-um
Q000057,OB Nippur Diri,Old Babylonian,Nippur,Diri (composite score),309,e₃,|UD.DU|,ru-ub-bu-um
Q000057,OB Nippur Diri,Old Babylonian,Nippur,Diri (composite score),310,e₃,|UD.DU|,e-ru-u₂-um
Q000057,OB Nippur Diri,Old Babylonian,Nippur,Diri (composite score),311,e₃,|UD.DU|,a-ma-rum
Q000057,OB Nippur Diri,Old Babylonian,Nippur,Diri (composite score),312,e₃,|UD.DU|,šu-pu-u₂-um
Q000057,OB Nippur Diri,Old Babylonian,Nippur,Diri (composite score),313,e₃,|UD.DU|,ša-ka-kum
Q000057,OB Nippur Diri,Old Babylonian,Nippur,Diri (composite score),314,e₃,|UD.DU|,za-qa₂-nu-um
Q000057,OB Nippur Diri,Old Babylonian,Nippur,Diri (composite score),315,|A.DU|,|A.DU|,ṭe-mu-um
Q000057,OB Nippur Diri,Old Babylonian,Nippur,Diri (composite score),316,a-ra₂,A.DU,a-la-ak-tum
Q000057,OB Nippur Diri,Old Babylonian,Nippur,Diri (composite score),317,a-ra₂,A.DU,a-ru-ru-u₂-um
Q000057,OB Nippur Diri,Old Babylonian,Nippur,Diri (composite score),318,|A.DU|,|A.DU|,di-NE-x-x
Q000057,OB Nippur Diri,Old Babylonian,Nippur,Diri (composite score),319,{ŋeš}|UD.SAL.HUB₂|,|UD.SAL.HUB₂|,ku-tu-u₂-um
Q000057,OB Nippur Diri,Old Babylonian,Nippur,Diri (composite score),320,{ŋeš}|LAGAB×A|,|LAGAB×A|,bu-ki-nu-um
Q000057,OB Nippur Diri,Old Babylonian,Nippur,Diri (composite score),321,|UD.KA.BAR|,|UD.KA.BAR|,si₂-pa-ar-ru
Q000057,OB Nippur Diri,Old Babylonian,Nippur,Diri (composite score),322,zabar,|UD.KA.BAR|,ka-ak-kum
Q000057,OB Nippur Diri,Old Babylonian,Nippur,Diri (composite score),323,zabar,|UD.KA.BAR|,qu₃-um
Q000057,OB Nippur Diri,Old Babylonian,Nippur,Diri (composite score),324,|UD.NUN|{ki},|UD.NUN|,u₂-sa-ab
Q000057,OB Nippur Diri,Old Babylonian,Nippur,Diri (composite score),325,|UD.NUN|{mušen},|UD.NUN|,u₂-sa-bu-um
Q000057,OB Nippur Diri,Old Babylonian,Nippur,Diri (composite score),326,NUN{ki},NUN,e-ri-du
Q000057,OB Nippur Diri,Old Babylonian,Nippur,Diri (composite score),327,|UD.AB×(U.U.U)|{ki},|UD.AB×(U.U.U)|,la-ar-sa-am
Q000057,OB Nippur Diri,Old Babylonian,Nippur,Diri (composite score),328,|UD.GIŠ%GIŠ.NUN|{ki},|UD.GIŠ%GIŠ.NUN|,si₂-ip-pa-ra
Q000057,OB Nippur Diri,Old Babylonian,Nippur,Diri (composite score),329,|UD.MA₂.AB×(U.U.U).ŠIR|,|UD.MA₂.AB×(U.U.U).ŠIR|,si-ra-x-x
Q000057,OB Nippur Diri,Old Babylonian,Nippur,Diri (composite score),330,|UD.HI.HU.HI.NUN.NA|,|UD.HI.HU.HI.NUN.NA|,da-ah-mu-um
Q000057,OB Nippur Diri,Old Babylonian,Nippur,Diri (composite score),331,|UD.HU.HI.HU.KI|,|UD.HU.HI.HU.KI|,nam-ta-al-lu-u₂
Q000057,OB Nippur Diri,Old Babylonian,Nippur,Diri (composite score),332,UD{ki},UD,hi-iš
Q000057,OB Nippur Diri,Old Babylonian,Nippur,Diri (composite score),333,UD{ki},UD,ha-aš
Q000057,OB Nippur Diri,Old Babylonian,Nippur,Diri (composite score),334,UD{ki},UD,ma-ṣi-it
Q000057,OB Nippur Diri,Old Babylonian,Nippur,Diri (composite score),339,|A.PA.GISAL.PAD.SI.A|,|A.PA.GISAL.PAD.SI.A|,a-ga-rum
Q000057,OB Nippur Diri,Old Babylonian,Nippur,Diri (composite score),340,addir,|A.PA.GISAL.PAD.SI.A|,ig-ru-um
Q000057,OB Nippur Diri,Old Babylonian,Nippur,Diri (composite score),341,addir,|A.PA.GISAL.PAD.SI.A|,ni-bi-rum
Q000057,OB Nippur Diri,Old Babylonian,Nippur,Diri (composite score),342,addir,|A.PA.GISAL.PAD.SI.A|,iš-di-hu-um
Q000057,OB Nippur Diri,Old Babylonian,Nippur,Diri (composite score),343,|A.MUŠ₃.DI|,|A.MUŠ₃.DI|,ku-uṣ-ṣum
Q000057,OB Nippur Diri,Old Babylonian,Nippur,Diri (composite score),344,mabi₂,|A.MUŠ₃.DI|,ma-mu-um
Q000057,OB Nippur Diri,Old Babylonian,Nippur,Diri (composite score),345,halba₂,|ZA.MUŠ₃.DI|,šu-ri-pu-um
Q000057,OB Nippur Diri,Old Babylonian,Nippur,Diri (composite score),346,{id₂}|MAŠ.GU₂.GAR₃|,|MAŠ.GU₂.GAR₃|,i-di-iq-la-at
Q000057,OB Nippur Diri,Old Babylonian,Nippur,Diri (composite score),347,{id₂}|UD.GIŠ%GIŠ.NUN|-na,|UD.GIŠ%GIŠ.NUN|.NA,pu-ra-at-tum
Q000057,OB Nippur Diri,Old Babylonian,Nippur,Diri (composite score),348,{id₂}|UD.AB×(U.U.U).ŠIR.LAGAB.A|,|UD.AB×(U.U.U).ŠIR.LAGAB.A|,e-da-num
Q000057,OB Nippur Diri,Old Babylonian,Nippur,Diri (composite score),349,|PA.IB|,|PA.IB|,ša-ra-mu-um
Q000057,OB Nippur Diri,Old Babylonian,Nippur,Diri (composite score),350,šab,|PA.IB|,na-ka-su₂-um
Q000057,OB Nippur Diri,Old Babylonian,Nippur,Diri (composite score),351,šab,|PA.IB|,ha-ra-ṣu₂-um
Q000057,OB Nippur Diri,Old Babylonian,Nippur,Diri (composite score),352,šab,|PA.IB|,ha-ra-ru-um
Q000057,OB Nippur Diri,Old Babylonian,Nippur,Diri (composite score),353,šab,|PA.IB|,e-se₂-qu₂-um
Q000057,OB Nippur Diri,Old Babylonian,Nippur,Diri (composite score),354,šab,|PA.IB|,a-x-x
Q000057,OB Nippur Diri,Old Babylonian,Nippur,Diri (composite score),357,X-X,X.X,
Q000057,OB Nippur Diri,Old Babylonian,Nippur,Diri (composite score),358,|PA.LUGAL|,|PA.LUGAL|,šar-ri
Q000057,OB Nippur Diri,Old Babylonian,Nippur,Diri (composite score),359,|PA.AN|,|PA.AN|,DINGIR
Q000057,OB Nippur Diri,Old Babylonian,Nippur,Diri (composite score),360,|PA.AN|,|PA.AN|,pe₂-el-lu-du-u₂-um
Q000057,OB Nippur Diri,Old Babylonian,Nippur,Diri (composite score),361,biluda,|PA.AN|,up-ša-šu-u₂
Q000057,OB Nippur Diri,Old Babylonian,Nippur,Diri (composite score),362,|PA.E₂|,|PA.E₂|,al-pi
Q000057,OB Nippur Diri,Old Babylonian,Nippur,Diri (composite score),363,|PA.AL|,|PA.AL|,UDU-HI.A
Q000057,OB Nippur Diri,Old Babylonian,Nippur,Diri (composite score),364,|PA.(NUN.LAGAR)|,|PA.NUN.LAGAR|,GUD-HI.A
Q000057,OB Nippur Diri,Old Babylonian,Nippur,Diri (composite score),365,|PA.DAG.KISIM₅×(LU.MAŠ₂)|,|PA.DAG.KISIM₅×(LU.MAŠ₂)|,UDU-HI.A
Q000057,OB Nippur Diri,Old Babylonian,Nippur,Diri (composite score),366,|PA.GA₂|,|PA.GA₂|,si-il-li-tum
Q000057,OB Nippur Diri,Old Babylonian,Nippur,Diri (composite score),367,luŋa,|PA.GA₂|,ha-ṭu₃-um
Q000057,OB Nippur Diri,Old Babylonian,Nippur,Diri (composite score),368,|PA.DU@s|,|PA.DU@s|,ra-bi-ṣum
Q000057,OB Nippur Diri,Old Babylonian,Nippur,Diri (composite score),369,|PA.GAN|,|PA.GAN|,ša-bu-u₂-um
Q000057,OB Nippur Diri,Old Babylonian,Nippur,Diri (composite score),370,sag₂,|PA.GAN|,ma-ha-ṣum
Q000057,OB Nippur Diri,Old Babylonian,Nippur,Diri (composite score),371,sag₂,|PA.GAN|,sa₃-ka-pu-um
Q000057,OB Nippur Diri,Old Babylonian,Nippur,Diri (composite score),372,sag₂,|PA.GAN|,ka-x
Q000057,OB Nippur Diri,Old Babylonian,Nippur,Diri (composite score),373,|PA.DUN₃|,|PA.DUN₃|,ga-al-la-bu-um
Q000057,OB Nippur Diri,Old Babylonian,Nippur,Diri (composite score),374,|PA.HUB₂.DU|,|PA.HUB₂.DU|,še-ri-ik-tum
Q000057,OB Nippur Diri,Old Babylonian,Nippur,Diri (composite score),375,rig₇,|PA.HUB₂.DU|,ša-ra-kum
Q000057,OB Nippur Diri,Old Babylonian,Nippur,Diri (composite score),376,rig₇,|PA.HUB₂.DU|,x-x-x
Q000057,OB Nippur Diri,Old Babylonian,Nippur,Diri (composite score),"Seg.1, 1",|ŠU.NAGA|,|ŠU.NAGA|,ri-im-kum
Q000057,OB Nippur Diri,Old Babylonian,Nippur,Diri (composite score),"Seg.1, 2",tu₅,|ŠU.NAGA|,ri-is-nu-um
Q000057,OB Nippur Diri,Old Babylonian,Nippur,Diri (composite score),"Seg.1, 3",tu₅,|ŠU.NAGA|,hi-tum
Q000057,OB Nippur Diri,Old Babylonian,Nippur,Diri (composite score),"Seg.1, 4",|ŠU.PAP.PAP|,|ŠU.PAP.PAP|,hu-ma-šum
Q000057,OB Nippur Diri,Old Babylonian,Nippur,Diri (composite score),"Seg.1, 5",|ŠU.KAL|,|ŠU.KAL|,a-ba-ru-um
Q000057,OB Nippur Diri,Old Babylonian,Nippur,Diri (composite score),"Seg.2, 1",|KI.NE.AN.MUŠ₃|,|KI.NE.AN.MUŠ₃|,pi₂-in-di
Q000057,OB Nippur Diri,Old Babylonian,Nippur,Diri (composite score),"Seg.2, 2",|KI.KI|,|KI.KI|,ma-ta-tum
Q000057,OB Nippur Diri,Old Babylonian,Nippur,Diri (composite score),"Seg.2, 3",|KI.LAM|,|KI.LAM|,ma-hi-rum
Q000057,OB Nippur Diri,Old Babylonian,Nippur,Diri (composite score),"Seg.2, 4",KI-NA₂,KI.NA₂,ma-a-a-lum
Q000057,OB Nippur Diri,Old Babylonian,Nippur,Diri (composite score),"Seg.2, 5",|KI.IB|,|KI.IB|,iš-tu-ud-du
Q000057,OB Nippur Diri,Old Babylonian,Nippur,Diri (composite score),"Seg.2, 6",|KI.SAG@n.DU|,|KI.SAG@n.DU|,ṭu₃-pu-ul-lu
Q000057,OB Nippur Diri,Old Babylonian,Nippur,Diri (composite score),"Seg.2, 7",|KI.KU|,|KI.KU|,šu-ub-tum
Q000057,OB Nippur Diri,Old Babylonian,Nippur,Diri (composite score),"Seg.2, 8",ki-tuš,KI.KU,mu-ša-bu
Q000057,OB Nippur Diri,Old Babylonian,Nippur,Diri (composite score),"Seg.2, 9",ki-tuš,KI.KU,tar-ba-ṣum
Q000057,OB Nippur Diri,Old Babylonian,Nippur,Diri (composite score),"Seg.2, 10",|KI.GAL|,|KI.GAL|,bi-ru-tum
Q000057,OB Nippur Diri,Old Babylonian,Nippur,Diri (composite score),"Seg.2, 11",KI-LUGAL-DU,KI.LUGAL.DU,e-la-al-lum
Q000057,OB Nippur Diri,Old Babylonian,Nippur,Diri (composite score),"Seg.3, 1",|E₂.UŠ.BU.DA|,|E₂.UŠ.BU.DA|,na-aš-pa-kum
Q000057,OB Nippur Diri,Old Babylonian,Nippur,Diri (composite score),"Seg.3, 2",ašlug,|E₂.UŠ.BU.DA|,aš-lu-ka-tum
Q000057,OB Nippur Diri,Old Babylonian,Nippur,Diri (composite score),"Seg.3, 3",arah₄,|E₂.UŠ.BU.DA|,a-ra-ah-hu
Q000057,OB Nippur Diri,Old Babylonian,Nippur,Diri (composite score),"Seg.3, 4",|E₂.GI.NA.AB.HI|,|E₂.GI.NA.AB.HI|,šu-tu-um-mu
Q000057,OB Nippur Diri,Old Babylonian,Nippur,Diri (composite score),"Seg.3, 5",|NUN.ME|,|NUN.ME|,ap-kal-lum
Q000057,OB Nippur Diri,Old Babylonian,Nippur,Diri (composite score),"Seg.3, 6",|AB₂.NUN.ME.DU|,|AB₂.NUN.ME.DU|,ab-ri-ik-kum
Q000057,OB Nippur Diri,Old Babylonian,Nippur,Diri (composite score),"Seg.3, 7",{na₄}|UD.SAL.HUB₂|,|UD.SAL.HUB₂|,al-ga-mi-šum
Q000057,OB Nippur Diri,Old Babylonian,Nippur,Diri (composite score),"Seg.3, 8",|E₂.GIŠ.TUG₂.PI.AN.ŠE.NAGA|,|E₂.GIŠ.TUG₂.PI.AN.ŠE.NAGA|,{d}NISABA
Q000057,OB Nippur Diri,Old Babylonian,Nippur,Diri (composite score),"Seg.3, 9",|E₂.NUN|,|E₂.NUN|,
Q000057,OB Nippur Diri,Old Babylonian,Nippur,Diri (composite score),"Seg.3, 12",PIRIG-X,PIRIG.X,
Q000057,OB Nippur Diri,Old Babylonian,Nippur,Diri (composite score),"Seg.3, 13",|EN.PAP.IGI@g.NUN.EZEN×KASKAL|,|EN.PAP.IGI@g.NUN.EZEN×KASKAL|,
Q000057,OB Nippur Diri,Old Babylonian,Nippur,Diri (composite score),"Seg.3, 14",|SAL.TUG₂.PAP.IGI@g.NUN.EZEN×KASKAL|,|SAL.TUG₂.PAP.IGI@g.NUN.EZEN×KASKAL|,
Q000057,OB Nippur Diri,Old Babylonian,Nippur,Diri (composite score),"Seg.3, 15",X-x,X,
Q000057,OB Nippur Diri,Old Babylonian,Nippur,Diri (composite score),"Seg.4, 1",|GAR.ŠA₃.A|,|GAR.ŠA₃.A|,ṭa-a-tum
Q000057,OB Nippur Diri,Old Babylonian,Nippur,Diri (composite score),"Seg.4, 2",kadra,|GAR.ŠA₃.A|,ka-ad-ru-u₂
Q000057,OB Nippur Diri,Old Babylonian,Nippur,Diri (composite score),"Seg.4, 3",|PAD.AN.MUŠ₃|,|PAD.AN.MUŠ₃|,ni-in-da-bu-u₂
Q000057,OB Nippur Diri,Old Babylonian,Nippur,Diri (composite score),"Seg.4, 4",ninnim₇,|PAD.AN.MUŠ₃|,ta-ak-li-im-tum
Q000057,OB Nippur Diri,Old Babylonian,Nippur,Diri (composite score),"Seg.4, 5",IM{ki},IM,mu-ru
Q000057,OB Nippur Diri,Old Babylonian,Nippur,Diri (composite score),"Seg.4, 6",enegi{ki},IM,en-ni-gi
Q000057,OB Nippur Diri,Old Babylonian,Nippur,Diri (composite score),"Seg.4, 7",kar-kar{ki},|TE.A|.|TE.A|,kar-ka-ra
Q000057,OB Nippur Diri,Old Babylonian,Nippur,Diri (composite score),"Seg.4, 8",|EN.KID|{ki},|EN.KID|,ni-ip-pu-ru
Q000057,OB Nippur Diri,Old Babylonian,Nippur,Diri (composite score),"Seg.4, 9",|ŠEŠ.AB|{ki},|ŠEŠ.AB|,u₄-ru
Q000057,OB Nippur Diri,Old Babylonian,Nippur,Diri (composite score),"Seg.4, 10",AB@g{ki},AB@g,u₂-ru-uk
Q000057,OB Nippur Diri,Old Babylonian,Nippur,Diri (composite score),"Seg.4, 11",KUL-AB{ki},KUL.AB,ku-ul-a-ba
Q000057,OB Nippur Diri,Old Babylonian,Nippur,Diri (composite score),"Seg.4, 12",|EN.ME.GI₄|,|EN.ME.GI₄|,nu-ha-tim-mu
Q000057,OB Nippur Diri,Old Babylonian,Nippur,Diri (composite score),"Seg.4, 13",engiz,|EN.ME.GI|,si-ra-šu-u₂
Q000057,OB Nippur Diri,Old Babylonian,Nippur,Diri (composite score),"Seg.4, 14",|EN.ME.LI|,|EN.ME.LI|,ša-i-lum
Q000057,OB Nippur Diri,Old Babylonian,Nippur,Diri (composite score),"Seg.4, 15",IM-x,IM,šu-tim
Q000057,OB Nippur Diri,Old Babylonian,Nippur,Diri (composite score),"Seg.4, 16",IM-x,IM,il-ta-nim
Q000057,OB Nippur Diri,Old Babylonian,Nippur,Diri (composite score),"Seg.5, 1",|ŠE.KAK|,|ŠE.KAK|,ni-ip-lum
Q000057,OB Nippur Diri,Old Babylonian,Nippur,Diri (composite score),"Seg.5, 2",{še}LUGAL,LUGAL,li-li-a-nu-um
Q000057,OB Nippur Diri,Old Babylonian,Nippur,Diri (composite score),"Seg.5, 3",|ŠE.LUGAL|,|ŠE.LUGAL|,na-x-pa-x-x
Q000057,OB Nippur Diri,Old Babylonian,Nippur,Diri (composite score),"Seg.5, 4",|ŠE.KAK.A|,|ŠE.KAK.A|,a-ba-ah-ši-in-nu
Q000057,OB Nippur Diri,Old Babylonian,Nippur,Diri (composite score),"Seg.6, 1",{siki}X-X,X.X,hu-x-x
Q000057,OB Nippur Diri,Old Babylonian,Nippur,Diri (composite score),"Seg.6, 2",{siki}|PA.IB|,|PA.IB|,mu-ša-a-ṭum
Q000057,OB Nippur Diri,Old Babylonian,Nippur,Diri (composite score),"Seg.6, 3",{dug}DUG,DUG,u₂-lu-uṭ-ṭum
Q000057,OB Nippur Diri,Old Babylonian,Nippur,Diri (composite score),"Seg.6, 4",{dug}DUG,DUG,ši-ki-in-nu-um
Q000057,OB Nippur Diri,Old Babylonian,Nippur,Diri (composite score),"Seg.6, 5",{dug}DUG,DUG,na-al-pa-tum
Q000057,OB Nippur Diri,Old Babylonian,Nippur,Diri (composite score),"Seg.6, 6",{dug}KAL,KAL,hu-ur-hu-um-bu
Q000057,OB Nippur Diri,Old Babylonian,Nippur,Diri (composite score),"Seg.6, 7",{dug}KAL,KAL,su-ur-su-um-bu
Q000057,OB Nippur Diri,Old Babylonian,Nippur,Diri (composite score),"Seg.6, 8",{dug}KAL,KAL,hu-ub-ša-šum
Q000057,OB Nippur Diri,Old Babylonian,Nippur,Diri (composite score),"Seg.6, 9",|BI.U₂.SA|,|BI.U₂.SA|,bi-il-la-tum
Q000057,OB Nippur Diri,Old Babylonian,Nippur,Diri (composite score),"Seg.6, 10",|BI.DIN|,|BI.DIN|,ku-ru-nu-um
Q000057,OB Nippur Diri,Old Babylonian,Nippur,Diri (composite score),"Seg.6, 11",lu₂-kurun,LU₂.|BI.DIN|,sa₃-bu-um
Q000057,OB Nippur Diri,Old Babylonian,Nippur,Diri (composite score),"Seg.6, 12",kurun,|BI.DIN|,ši-ka-rum
Q000057,OB Nippur Diri,Old Babylonian,Nippur,Diri (composite score),"Seg.6, 13",kurun,|BI.DIN|,da-mu-um
Q000057,OB Nippur Diri,Old Babylonian,Nippur,Diri (composite score),"Seg.6, 14",|BI.ZIZ₂.AN|,|BI.ZIZ₂.AN|,u₂-lum-še-nu-um
Q000057,OB Nippur Diri,Old Babylonian,Nippur,Diri (composite score),"Seg.6, 15",{kaš}ulušin₃,|ZIZ₂.AN|,di-zi-ip-tu-hu-um
Q000057,OB Nippur Diri,Old Babylonian,Nippur,Diri (composite score),"Seg.6, 16",|ANŠE.ARAD|,|ANŠE.ARAD|,a-ga-lum
Q000057,OB Nippur Diri,Old Babylonian,Nippur,Diri (composite score),"Seg.6, 17",|KIŠ.ARAD|,|KIŠ.ARAD|,ša-ka-na-kum
Q000057,OB Nippur Diri,Old Babylonian,Nippur,Diri (composite score),"Seg.6, 18",{anše}A-MI,A.MI,hu-x-x
Q000057,OB Nippur Diri,Old Babylonian,Nippur,Diri (composite score),"Seg.6, 19",|ANŠE.SAL|,|ANŠE.SAL|,a-ta-nu
Q000057,OB Nippur Diri,Old Babylonian,Nippur,Diri (composite score),"Seg.6, 20",|TAG.TAG|,|TAG.TAG|,du-um-mu-qum
Q000057,OB Nippur Diri,Old Babylonian,Nippur,Diri (composite score),"Seg.6, 21",zil₂-zil₂,TAG.TAG,zu-hu-nu-u₂
Q000057,OB Nippur Diri,Old Babylonian,Nippur,Diri (composite score),"Seg.6, 22",zil₂-zil₂,TAG.TAG,ta-qi₂-nu-um
Q000057,OB Nippur Diri,Old Babylonian,Nippur,Diri (composite score),"Seg.6, 23",|TUR.ARAD|,|TUR.ARAD|,ap-lum
Q000057,OB Nippur Diri,Old Babylonian,Nippur,Diri (composite score),"Seg.6, 24",banda₃{+da},TUR,ek-du-um
Q000057,OB Nippur Diri,Old Babylonian,Nippur,Diri (composite score),"Seg.6, 25",ban₃-da,TUR.DA,da-al-lu-u₂
Q000057,OB Nippur Diri,Old Babylonian,Nippur,Diri (composite score),"Seg.6, 26",ban₃-da,TUR.DA,ri-du-um
Q000057,OB Nippur Diri,Old Babylonian,Nippur,Diri (composite score),"Seg.6, 27",ban₃-da,TUR.DA,ṣe-eh-rum
Q000057,OB Nippur Diri,Old Babylonian,Nippur,Diri (composite score),"Seg.6, 28",ban₃-da,TUR.DA,ta-ši-im-tum
Q000057,OB Nippur Diri,Old Babylonian,Nippur,Diri (composite score),"Seg.6, 29",|TUR.DIŠ|,|TUR.DIŠ|,ṣe-eh-rum
Q000057,OB Nippur Diri,Old Babylonian,Nippur,Diri (composite score),"Seg.6, 30",|EŠ₂.ŠE|,|EŠ₂.ŠE|,da-pi-nu-u₂
Q000057,OB Nippur Diri,Old Babylonian,Nippur,Diri (composite score),"Seg.6, 31",ZI₃-IŠ,ZI₃.IŠ,ku-uk-ku-u₂-šu
Q000057,OB Nippur Diri,Old Babylonian,Nippur,Diri (composite score),"Seg.7, 1",|HU.HI|,|HU.HI|,hu-up-pu-um
Q000057,OB Nippur Diri,Old Babylonian,Nippur,Diri (composite score),"Seg.7, 2",mud,|HU.HI|,ga-al-tum
Q000057,OB Nippur Diri,Old Babylonian,Nippur,Diri (composite score),"Seg.7, 3",mud,|HU.HI|,da-mu
Q000057,OB Nippur Diri,Old Babylonian,Nippur,Diri (composite score),"Seg.7, 4",mud,|HU.HI|,ba-a-nu-um
Q000057,OB Nippur Diri,Old Babylonian,Nippur,Diri (composite score),"Seg.7, 5",|HU.KAK|,|HU.KAK|,u₃-sa-an-du-um
Q000057,OB Nippur Diri,Old Babylonian,Nippur,Diri (composite score),"Seg.7, 6",usandu,|HU.KAK|,em-qum
Q000057,OB Nippur Diri,Old Babylonian,Nippur,Diri (composite score),"Seg.7, 7",|HU.NA₂|,|HU.NA₂|,na-bu-u₂-um
Q000057,OB Nippur Diri,Old Babylonian,Nippur,Diri (composite score),"Seg.7, 8",še₂₁,|HU.NA₂|,ra-ba-ṣum
Q000057,OB Nippur Diri,Old Babylonian,Nippur,Diri (composite score),"Seg.7, 9",še₂₁,|HU.NA₂|,šu-wu-u₂
Q000057,OB Nippur Diri,Old Babylonian,Nippur,Diri (composite score),"Seg.7, 10",še₂₁,|HU.NA₂|,i-tu-lum
Q000057,OB Nippur Diri,Old Babylonian,Nippur,Diri (composite score),"Seg.7, 11",TAR{mušen},TAR,ṣi-ba-ru-um
Q000057,OB Nippur Diri,Old Babylonian,Nippur,Diri (composite score),"Seg.7, 12",|KA.BALAG.GA₂.TE.A.DU@s.ZA.NA|{mušen},|KA.BALAG.GA₂.TE.A.DU@s.ZA.NA|,ba-aš₂-gi₄-gi₄-tum
Q000057,OB Nippur Diri,Old Babylonian,Nippur,Diri (composite score),"Seg.7, 13",A-RA-AK{mušen},A.RA.AK,a-wu-ri-qa₂-a-nu-um
Q000057,OB Nippur Diri,Old Babylonian,Nippur,Diri (composite score),"Seg.7, 14",|NE.RU|,|NE.RU|,ra-ag-gum
Q000057,OB Nippur Diri,Old Babylonian,Nippur,Diri (composite score),"Seg.7, 15",erim₂,|NE.RU|,a-a-bu-u₂-um
Q000057,OB Nippur Diri,Old Babylonian,Nippur,Diri (composite score),"Seg.7, 16",erim₂,|NE.RU|,x-x-u₂-um
Q000057,OB Nippur Diri,Old Babylonian,Nippur,Diri (composite score),"Seg.7, 17",erim₂,|NE.RU|,na-ak-ru-um
Q000057,OB Nippur Diri,Old Babylonian,Nippur,Diri (composite score),"Seg.7, 18",erim₂,|NE.RU|,x-tu-ur-x
Q000057,OB Nippur Diri,Old Babylonian,Nippur,Diri (composite score),"Seg.7, 19",|GA₂×AN.ŠIM×GAR|,|GA₂×AN.ŠIM×GAR|,a-ga-ri-nu-um
Q000057,OB Nippur Diri,Old Babylonian,Nippur,Diri (composite score),"Seg.7, 20",|GA₂×AN.AN.MUŠ₃|,|GA₂×AN.AN.MUŠ₃|,a-ma-lu-tu-um
Q000057,OB Nippur Diri,Old Babylonian,Nippur,Diri (composite score),"Seg.7, 21",|GA₂×AN.A.TU|,|GA₂×AN.A.TU|,du-šu-mu-um
Q000057,OB Nippur Diri,Old Babylonian,Nippur,Diri (composite score),"Seg.7, 22",emedu₂,|GA₂×AN.A.TU|,wa-ar-du-um
Q000057,OB Nippur Diri,Old Babylonian,Nippur,Diri (composite score),"Seg.7, 23",|GA₂×AN|-GAN,|GA₂×AN|.GAN,wa-li-it-tum
Q000057,OB Nippur Diri,Old Babylonian,Nippur,Diri (composite score),"Seg.7, 24",ama-gan,|GA₂×AN|.GAN,i-mi-ka-nu-um
Q000057,OB Nippur Diri,Old Babylonian,Nippur,Diri (composite score),"Seg.7, 25",|ZAG.HA|,|ZAG.HA|,ma-ki-su-um
Q000057,OB Nippur Diri,Old Babylonian,Nippur,Diri (composite score),"Seg.7, 26",|ZAG.GA|,|ZAG.GA|,bu-du-u₂-um
Q000057,OB Nippur Diri,Old Babylonian,Nippur,Diri (composite score),"Seg.7, 27",|MAŠ.GU₂.GAR₃|,MAŠ.|MAŠ.GU₂.GAR₃|,šu-pu-u₂-um
Q000057,OB Nippur Diri,Old Babylonian,Nippur,Diri (composite score),"Seg.7, 28",dalla,|MAŠ.GU₂.GAR₃|,me-a-am-mu-um
Q000057,OB Nippur Diri,Old Babylonian,Nippur,Diri (composite score),"Seg.7, 29",|MAŠ.EN.KAK|,|MAŠ.EN.KAK|,mu-uš-ke-nu-um
Q000057,OB Nippur Diri,Old Babylonian,Nippur,Diri (composite score),"Seg.7, 30",|GA.KASKAL|,|GA.KASKAL|,ka-ra-šu-um
Q000057,OB Nippur Diri,Old Babylonian,Nippur,Diri (composite score),"Seg.7, 31",ga-eš₈,GA.KASKAL,ka-i-šu-um
Q000057,OB Nippur Diri,Old Babylonian,Nippur,Diri (composite score),"Seg.7, 32",NI-GABA,NI.GABA,u₂-tu-u₂-um
Q000057,OB Nippur Diri,Old Babylonian,Nippur,Diri (composite score),"Seg.7, 33",|NI.LU|,|NI.LU|,li-pu-um
Q000057,OB Nippur Diri,Old Babylonian,Nippur,Diri (composite score),"Seg.7, 34",{na₄}KAL,KAL,ab-nu-um
Q000057,OB Nippur Diri,Old Babylonian,Nippur,Diri (composite score),"Seg.7, 35",{na₄}esi,KAL,u₂-šu-um
Q000057,OB Nippur Diri,Old Babylonian,Nippur,Diri (composite score),"Seg.8, 1",|TE.AB@g|,|TE.AB@g|,le-e-tum
Q000057,OB Nippur Diri,Old Babylonian,Nippur,Diri (composite score),"Seg.8, 2",unu₂,|TE.AB@g|,u₂-su-uk-kum
Q000057,OB Nippur Diri,Old Babylonian,Nippur,Diri (composite score),"Seg.8, 3",unu₂,|TE.AB@g|,šu-ub-tum
Q000057,OB Nippur Diri,Old Babylonian,Nippur,Diri (composite score),"Seg.8, 4",unu₂,|TE.AB@g|,ši-ik-ka-tum
Q000057,OB Nippur Diri,Old Babylonian,Nippur,Diri (composite score),"Seg.8, 5",unu₂,|TE.AB@g|,na-ap-ta-nu-um
Q000057,OB Nippur Diri,Old Babylonian,Nippur,Diri (composite score),"Seg.8, 6",udnimₓ(|EZEN×DUN₃|){ki},|EZEN×DUN₃|,ud-ni-im
Q000057,OB Nippur Diri,Old Babylonian,Nippur,Diri (composite score),"Seg.8, 7",|EZEN×KU₃|{ki},|EZEN×KU₃|,ku₃-si-ga
Q000057,OB Nippur Diri,Old Babylonian,Nippur,Diri (composite score),"Seg.8, 8",|EZEN×IGI@g|,|EZEN×IGI@g|,ki-si-ig
Q000057,OB Nippur Diri,Old Babylonian,Nippur,Diri (composite score),"Seg.8, 9",{lu₂}TUG₂,TUG₂,aš-la-ak-kum
Q000057,OB Nippur Diri,Old Babylonian,Nippur,Diri (composite score),"Seg.9, 1",x{ki},,
Q000057,OB Nippur Diri,Old Babylonian,Nippur,Diri (composite score),"Seg.9, 2",|LAM.KUR.RU|{ki},|LAM.KUR.RU|,a-ra-at-tu-um
Q000057,OB Nippur Diri,Old Babylonian,Nippur,Diri (composite score),"Seg.9, 3",aratta{ki},|LAM×(KUR.RU)|,ta-na-da-tum
Q000057,OB Nippur Diri,Old Babylonian,Nippur,Diri (composite score),"Seg.9, 4",|SU.EDIN|{ki},|SU.EDIN|,šu-ba-ar-tum
Q000057,OB Nippur Diri,Old Babylonian,Nippur,Diri (composite score),"Seg.9, 5",{kuš}|A.EDIN.LAL|,|A.EDIN.LAL|,na-du-u₂-um
Q000057,OB Nippur Diri,Old Babylonian,Nippur,Diri (composite score),"Seg.9, 6",|NU₁₁.BUR|{mušen},|NU₁₁.BUR|,he-re-e-bu
Q000057,OB Nippur Diri,Old Babylonian,Nippur,Diri (composite score),"Seg.9, 7",|NU₁₁.BUR.LA|{ki},|NU₁₁.BUR.LA|,na-kam-tum
Q000057,OB Nippur Diri,Old Babylonian,Nippur,Diri (composite score),"Seg.9, 8",AD-KID,AD.KID,at-ku-pu
Q000057,OB Nippur Diri,Old Babylonian,Nippur,Diri (composite score),"Seg.9, 9",|KA.HI|,|KA.HI|,ṭe-e-mu-um
Q000057,OB Nippur Diri,Old Babylonian,Nippur,Diri (composite score),"Seg.9, 10",KA-GA,KA.GA,qi₂-bi-tum
Q000057,OB Nippur Diri,Old Babylonian,Nippur,Diri (composite score),"Seg.9, 11",|KA.AN.NI.SI|,|KA.AN.NI.SI|,iš-ta-ra-an
Q000057,OB Nippur Diri,Old Babylonian,Nippur,Diri (composite score),"Seg.9, 12",{d}|KA.DI|,|KA.DI|,iš-ta-ra-an
Q000057,OB Nippur Diri,Old Babylonian,Nippur,Diri (composite score),"Seg.9, 13",|SIG₄.IDIM|,|SIG₄.IDIM|,ta-ak-ši-ru-um
Q000057,OB Nippur Diri,Old Babylonian,Nippur,Diri (composite score),"Seg.9, 14",uru₉,|SIG₄.IDIM|,im-dum
Q000057,OB Nippur Diri,Old Babylonian,Nippur,Diri (composite score),"Seg.9, 15",banda₅,,te-ru-u₂-um
Q000057,OB Nippur Diri,Old Babylonian,Nippur,Diri (composite score),"Seg.9, 16",|SIG₄&SIG₄.ŠU₂|,|SIG₄&SIG₄.ŠU₂|,di-qa₂-ri
Q000057,OB Nippur Diri,Old Babylonian,Nippur,Diri (composite score),"Seg.9, 17",|PIRIG.TUR|,|PIRIG.TUR|,ni-im-ru-um
Q000057,OB Nippur Diri,Old Babylonian,Nippur,Diri (composite score),"Seg.9, 18",|MU.BU|,|MU.BU|,ni-ru-um
Q000057,OB Nippur Diri,Old Babylonian,Nippur,Diri (composite score),"Seg.9, 19",mu-dur₇,MU.BU,wu-ru-šum
Q000057,OB Nippur Diri,Old Babylonian,Nippur,Diri (composite score),"Seg.9, 20",mudul,BU,GIŠ-ak-ku-rum
Q000057,OB Nippur Diri,Old Babylonian,Nippur,Diri (composite score),"Seg.9, 21",|MAŠ.KAK|,|MAŠ.KAK|,ṣa-bi-tum
Q000057,OB Nippur Diri,Old Babylonian,Nippur,Diri (composite score),"Seg.9, 22",|MAŠ.EN.KAK|,|MAŠ.EN.KAK|,mu-uš-ke-nu-um
Q000057,OB Nippur Diri,Old Babylonian,Nippur,Diri (composite score),"Seg.9, 31",x-X,X,wu-u₂-tu-ur₂-tum
Q000057,OB Nippur Diri,Old Babylonian,Nippur,Diri (composite score),"Seg.9, 32",X-ŠID-X-KU₃,X.ŠID.X.KU₃,ta-ak-ši-tum
Q000057,OB Nippur Diri,Old Babylonian,Nippur,Diri (composite score),"Seg.9, 35",|KUR.MUŠ₃@g.ZA|,|KUR.MUŠ₃@g.ZA|,u₂-ru-uk
Q000057,OB Nippur Diri,Old Babylonian,Nippur,Diri (composite score),"Seg.9, 36",namri,|U₂.KUR.ZA.MUŠ₃@g.KI|,ba-nu-um
Q000057,OB Nippur Diri,Old Babylonian,Nippur,Diri (composite score),"Seg.9, 37",|AŠ₂.A|,|AŠ₂.A|,ud-du-ru-u₂
Q000057,OB Nippur Diri,Old Babylonian,Nippur,Diri (composite score),"Seg.9, 38",ud₂-duru₅,AŠ₂.A,{d}EN.LIL₂
Q000057,OB Nippur Diri,Old Babylonian,Nippur,Diri (composite score),"Seg.9, 39",|U.SAG|,|U.SAG|,ku-ub-šum
Q000057,OB Nippur Diri,Old Babylonian,Nippur,Diri (composite score),"Seg.9, 40",{kuš}|A.EDIN.LAL|,|A.EDIN.LAL|,na-du-u₂-um
Q000057,OB Nippur Diri,Old Babylonian,Nippur,Diri (composite score),"Seg.9, 41",{kuš}|E.TUM|,|E.TUM|,mi-si-ir-ru-um
Q000057,OB Nippur Diri,Old Babylonian,Nippur,Diri (composite score),"Seg.9, 42",{kuš}kuru₁₄,|E.TUM|,a-ši-i-tum
Q000057,OB Nippur Diri,Old Babylonian,Nippur,Diri (composite score),"Seg.9, 42a",|KA.AN.NI.SI|,|KA.AN.NI.SI|,ku-ur-ku-u₂-um
Q000057,OB Nippur Diri,Old Babylonian,Nippur,Diri (composite score),"Seg.9, 43",{kuš}LU-EŠ₂,LU.EŠ₂,lu-up-pu-um
Q000057,OB Nippur Diri,Old Babylonian,Nippur,Diri (composite score),"Seg.9, 44",BA-E,BA.E,za-a-zu
Q000057,OB Nippur Diri,Old Babylonian,Nippur,Diri (composite score),"Seg.9, 45",ZA-E,ZA.E,at-ta
Q000057,OB Nippur Diri,Old Babylonian,Nippur,Diri (composite score),"Seg.9, 46",GA₂-E,GA₂.E,a-na-ku-u₂
Q000057,OB Nippur Diri,Old Babylonian,Nippur,Diri (composite score),"Seg.9, 47",ME-EN,ME.EN,a-na-ku-u₂
Q000057,OB Nippur Diri,Old Babylonian,Nippur,Diri (composite score),"Seg.9, 48",me-en,ME.EN,at-ta
Q000057,OB Nippur Diri,Old Babylonian,Nippur,Diri (composite score),"Seg.9, 49",A-BA-|A.AN|,A.BA.|A.AN|,ma-an-nu-um
Q000057,OB Nippur Diri,Old Babylonian,Nippur,Diri (composite score),"Seg.9, 50",x-E,E,lu-ma-an
Q000057,OB Nippur Diri,Old Babylonian,Nippur,Diri (composite score),"Seg.9, 51",x-E,E,lu-ma-an
Q000057,OB Nippur Diri,Old Babylonian,Nippur,Diri (composite score),"Seg.9, 52",x-E,E,lu-ma-an
Q000057,OB Nippur Diri,Old Babylonian,Nippur,Diri (composite score),"Seg.9, 53",AN-NA,AN.NA,a-na-kum
Q000057,OB Nippur Diri,Old Babylonian,Nippur,Diri (composite score),"Seg.9, 54",AN-NE,AN.NE,an-za-hu
Q000057,OB Nippur Diri,Old Babylonian,Nippur,Diri (composite score),"Seg.9, 55",AN-NE,AN.NE,mu-uṣ-la-lum
Q000057,OB Nippur Diri,Old Babylonian,Nippur,Diri (composite score),"Seg.9, 56",AN-NE,AN.NE,ka-ra-ru-um
Q000057,OB Nippur Diri,Old Babylonian,Nippur,Diri (composite score),"Seg.9, 57",AN,AN,i-lum
Q000057,OB Nippur Diri,Old Babylonian,Nippur,Diri (composite score),"Seg.9, 60",{d}UD,UD,ša-ma-aš
Q000057,OB Nippur Diri,Old Babylonian,Nippur,Diri (composite score),"Seg.10, 1",{d}X-X,X.X,x-x-x
Q000057,OB Nippur Diri,Old Babylonian,Nippur,Diri (composite score),"Seg.10, 2",{d}NAGAR,NAGAR,al-la
Q000057,OB Nippur Diri,Old Babylonian,Nippur,Diri (composite score),"Seg.10, 3",{d}LUL-|UD.DU|,LUL.|UD.DU|,e
Q000057,OB Nippur Diri,Old Babylonian,Nippur,Diri (composite score),"Seg.10, 4",{d}|SANGA₂.MAH|,|SANGA₂.MAH|,du-un-ga
Q000057,OB Nippur Diri,Old Babylonian,Nippur,Diri (composite score),"Seg.10, 5",{d}EGIR,EGIR,lum-ha
Q000057,OB Nippur Diri,Old Babylonian,Nippur,Diri (composite score),"Seg.10, 6",{d}TUM,TUM,geš-ka-ad
Q000057,OB Nippur Diri,Old Babylonian,Nippur,Diri (composite score),"Seg.10, 7",{d}BAHAR₂,BAHAR₂,ni-na-ga-na
Q000057,OB Nippur Diri,Old Babylonian,Nippur,Diri (composite score),"Seg.10, 8",{d}UMUM,UMUM,ni-in-nu-ra
Q000057,OB Nippur Diri,Old Babylonian,Nippur,Diri (composite score),"Seg.10, 9",{d}|PA.PA|,|PA.PA|,i-šum
Q000057,OB Nippur Diri,Old Babylonian,Nippur,Diri (composite score),"Seg.10, 10",{d}PA-SAG,PA.SAG,i-šum
Q000057,OB Nippur Diri,Old Babylonian,Nippur,Diri (composite score),"Seg.10, 11",{d}I-TAG,I.TAG,i-šum
Q000057,OB Nippur Diri,Old Babylonian,Nippur,Diri (composite score),"Seg.10, 12",{d}DIM₂,DIM₂,muš-da-ma
Q000057,OB Nippur Diri,Old Babylonian,Nippur,Diri (composite score),"Seg.10, 14",{d}GUD,GUD,ku-uk-si₂
Q000057,OB Nippur Diri,Old Babylonian,Nippur,Diri (composite score),"Seg.10, 15",{d}GUD,GUD,da-pa-an
Q000057,OB Nippur Diri,Old Babylonian,Nippur,Diri (composite score),"Seg.10, 16",{d}GUD,GUD,gu-ga-li-ta
Q000057,OB Nippur Diri,Old Babylonian,Nippur,Diri (composite score),"Seg.10, 17",{d}GIR₂,GIR₂,qu₃-qi₄-im
Q000057,OB Nippur Diri,Old Babylonian,Nippur,Diri (composite score),"Seg.10, 18",{d}GIR₂,GIR₂,qa₂-qi₄-im
Q000057,OB Nippur Diri,Old Babylonian,Nippur,Diri (composite score),"Seg.10, 19",{d}GAN₂,GAN₂,eq-lu-um
Q000057,OB Nippur Diri,Old Babylonian,Nippur,Diri (composite score),"Seg.10, 20",{d}UŠ,UŠ,ni-ta
Q000057,OB Nippur Diri,Old Babylonian,Nippur,Diri (composite score),"Seg.10, 21",{d}IDIM,IDIM,na-ag-bu-um
Q000057,OB Nippur Diri,Old Babylonian,Nippur,Diri (composite score),"Seg.10, 22",{d}|TA×HI|,|TA×HI|,a-la-mu-uš
Q000057,OB Nippur Diri,Old Babylonian,Nippur,Diri (composite score),"Seg.10, 23",{d}|KASKAL.KUR|,|KASKAL.KUR|,al-ba
Q000057,OB Nippur Diri,Old Babylonian,Nippur,Diri (composite score),"Seg.10, 24",{d}|KASKAL.KUR|,|KASKAL.KUR|,al-ha
Q000057,OB Nippur Diri,Old Babylonian,Nippur,Diri (composite score),"Seg.10, 25",{d}|KASKAL.KUR|,|KASKAL.KUR|,ba-li-ha
Q000057,OB Nippur Diri,Old Babylonian,Nippur,Diri (composite score),"Seg.10, 26",{d}|LAGAB×HAL|,|LAGAB×HAL|,na-am-ma
Q000057,OB Nippur Diri,Old Babylonian,Nippur,Diri (composite score),"Seg.10, 27",{d}|AB×HA|,|AB×HA|,na-aš-še
Q000057,OB Nippur Diri,Old Babylonian,Nippur,Diri (composite score),"Seg.10, 28",{d}ŠA,ŠA,uš-mu-u₂
Q000057,OB Nippur Diri,Old Babylonian,Nippur,Diri (composite score),"Seg.10, 29",{d}|PA.TUG₂|,|PA.TUG₂|,nu-uš-ka
Q000057,OB Nippur Diri,Old Babylonian,Nippur,Diri (composite score),"Seg.10, 30",{d}|PA.LU|,|PA.LU|,nu-uš-ka
Q000057,OB Nippur Diri,Old Babylonian,Nippur,Diri (composite score),"Seg.10, 31",{d}|PA.LU|,|PA.LU|,im-ša-at-tu
Q000057,OB Nippur Diri,Old Babylonian,Nippur,Diri (composite score),"Seg.10, 32",{d}|ŠE.NAGA|,|ŠE.NAGA|,ni-is-sa₃-ba
Q000057,OB Nippur Diri,Old Babylonian,Nippur,Diri (composite score),"Seg.10, 33",{d}|AN.(ŠE.NAGA)|,|AN.ŠE.NAGA|,na-ni-ib-gal
Q000057,OB Nippur Diri,Old Babylonian,Nippur,Diri (composite score),"Seg.10, 34",{d}HA-NI,HA.NI,ha-a-a-um
Q000057,OB Nippur Diri,Old Babylonian,Nippur,Diri (composite score),"Seg.10, 35",{d}HUL₂,HUL₂,bi-ib-ru-um
Q000057,OB Nippur Diri,Old Babylonian,Nippur,Diri (composite score),"Seg.10, 36",{d}UDUG,UDUG,u₂-tu-uk-kum
Q000057,OB Nippur Diri,Old Babylonian,Nippur,Diri (composite score),"Seg.10, 37",{d}UDUG,UDUG,še-e-du-u₂-um
Q000057,OB Nippur Diri,Old Babylonian,Nippur,Diri (composite score),"Seg.10, 38",{an}|GU₂×NUN|,|GU₂×NUN|,li-li-a-tu
Q000057,OB Nippur Diri,Old Babylonian,Nippur,Diri (composite score),"Seg.10, 39",{d}IB,IB,an-tum
Q000057,OB Nippur Diri,Old Babylonian,Nippur,Diri (composite score),"Seg.10, 40",{d}|LAGAB×(GUD&GUD)|,|LAGAB×(GUD&GUD)|,la-ha-ar
Q000057,OB Nippur Diri,Old Babylonian,Nippur,Diri (composite score),"Seg.10, 41",{d}ANŠE,ANŠE,ša-am-ka-an
Q000057,OB Nippur Diri,Old Babylonian,Nippur,Diri (composite score),"Seg.10, 42",{d}EN-KI,EN.KI,e₂-a
Q000057,OB Nippur Diri,Old Babylonian,Nippur,Diri (composite score),"Seg.10, 43",{d}X-LUL,X.LUL,e₂-a
Q000057,OB Nippur Diri,Old Babylonian,Nippur,Diri (composite score),"Seg.10, 44",{d}|URU×(MIN.IGI)|,|URU×(MIN.IGI)|,ma-ru-tu-uk
Q000057,OB Nippur Diri,Old Babylonian,Nippur,Diri (composite score),"Seg.10, 45",{d}|URU×IGI|-LU₂-HI,|URU×IGI|.LU₂.HI,a-sa-lu-uh₂
Q000057,OB Nippur Diri,Old Babylonian,Nippur,Diri (composite score),"Seg.10, 46",{d}EN-KID,EN.KID,{d}EN.LIL₂
Q000057,OB Nippur Diri,Old Babylonian,Nippur,Diri (composite score),"Seg.10, 47",{d}|SAL.TUG₂|-KID,|SAL.TUG₂|.KID,{d}NIN.LIL₂
Q000057,OB Nippur Diri,Old Babylonian,Nippur,Diri (composite score),"Seg.10, 48",{d}|ŠEŠ.KI|,|ŠEŠ.KI|,{d}SUEN
Q000057,OB Nippur Diri,Old Babylonian,Nippur,Diri (composite score),"Seg.10, 49",{d}|EN.ZU|,|EN.ZU|,{d}SUEN
Q000057,OB Nippur Diri,Old Babylonian,Nippur,Diri (composite score),"Seg.10, 50",{d}AŠ-DU@s-UD,AŠ.DU@s.UD,{d}SUEN
Q000057,OB Nippur Diri,Old Babylonian,Nippur,Diri (composite score),"Seg.10, 51",{d}|SAL.TUG₂|-IB,|SAL.TUG₂|.IB,{d}NIN.URTA
Q000057,OB Nippur Diri,Old Babylonian,Nippur,Diri (composite score),"Seg.10, 52",{d}UD-TA-|URU×MIN|-LU,UD.TA.|URU×MIN|.LU,{d}NIN.URTA
Q000057,OB Nippur Diri,Old Babylonian,Nippur,Diri (composite score),"Seg.10, 53",AN-AN,AN.AN,i-la-an
Q000057,OB Nippur Diri,Old Babylonian,Nippur,Diri (composite score),"Seg.11, 1",AN-GA₂,AN.GA₂,i-la-ba
Q000057,OB Nippur Diri,Old Babylonian,Nippur,Diri (composite score),"Seg.11, 2",{d}|NE.GI|,|NE.GI|,gi-ri
Q000057,OB Nippur Diri,Old Babylonian,Nippur,Diri (composite score),"Seg.11, 3",{d}|GIŠ.BAR|,|GIŠ.BAR|,{d}|NE.GI|
Q000057,OB Nippur Diri,Old Babylonian,Nippur,Diri (composite score),"Seg.11, 4",{d}A-GA₂-GA₂,A.GA₂.GA₂,a-ba-ba
Q000057,OB Nippur Diri,Old Babylonian,Nippur,Diri (composite score),"Seg.11, 5",{d}ZA-GA₂-GA₂,ZA.GA₂.GA₂,za-ba-ba
Q000057,OB Nippur Diri,Old Babylonian,Nippur,Diri (composite score),"Seg.11, 6",{d}|SAL.TUG₂|-|EZEN×LA|,|SAL.TUG₂|.|EZEN×LA|,ni-in-gu-ub-la-ga
Q000057,OB Nippur Diri,Old Babylonian,Nippur,Diri (composite score),"Seg.11, 7",{AN}|NE.SI@g|,|NE.SI@g|,li-si
Q000057,OB Nippur Diri,Old Babylonian,Nippur,Diri (composite score),"Seg.11, 8",{d}BU-BU-E,BU.BU.E,si-ir-si-re
Q000057,OB Nippur Diri,Old Babylonian,Nippur,Diri (composite score),"Seg.11, 9",{d}|AMAR.UD|,|AMAR.UD|,ma-ru-tu-u₄
Q000057,OB Nippur Diri,Old Babylonian,Nippur,Diri (composite score),"Seg.11, 10",{d}|GIR₃×GAN₂@t|-LA,|GIR₃×GAN₂@t|.LA,i-il-la
Q000057,OB Nippur Diri,Old Babylonian,Nippur,Diri (composite score),"Seg.11, 11",{d}|ARAD.RA|,|ARAD.RA|,er-ra
Q000057,OB Nippur Diri,Old Babylonian,Nippur,Diri (composite score),"Seg.11, 12",{d}|TAG.TUG₂|,|TAG.TUG₂|,ut-tu
Q000057,OB Nippur Diri,Old Babylonian,Nippur,Diri (composite score),"Seg.11, 13",{d}LUGAL@s-ME,LUGAL@s.ME,la-ma-aš-tum
Q000057,OB Nippur Diri,Old Babylonian,Nippur,Diri (composite score),"Seg.11, 14",{d}|SAL.TUG₂|-MUG,|SAL.TUG₂|.MUG,ni-in-mu-ug
Q000057,OB Nippur Diri,Old Babylonian,Nippur,Diri (composite score),"Seg.11, 15",{d}|LAGAB×(GUD&GUD)|-MA,|LAGAB×(GUD&GUD)|.MA,{d}UD
Q000057,OB Nippur Diri,Old Babylonian,Nippur,Diri (composite score),"Seg.11, 16",{d}EN-|U.KID|,EN.|U.KID|,ha-al-mu
Q000057,OB Nippur Diri,Old Babylonian,Nippur,Diri (composite score),"Seg.11, 17",{d}|SAL.TUG₂|-|U.KID|,|SAL.TUG₂|.|U.KID|,ha-la-mu
Q000057,OB Nippur Diri,Old Babylonian,Nippur,Diri (composite score),"Seg.11, 18",{d}{id₂}LU₂-RU-GU₂,LU₂.RU.GU₂,i-id
Q000057,OB Nippur Diri,Old Babylonian,Nippur,Diri (composite score),"Seg.11, 19",{d}LU₂@s-KU₃,LU₂@s.KU₃,ha-lu-la-a-a
Q000057,OB Nippur Diri,Old Babylonian,Nippur,Diri (composite score),"Seg.11, 20",{d}LU₂@s-KU₃,LU₂@s.KU₃,iš-ka-ri-is-su₂
Q000057,OB Nippur Diri,Old Babylonian,Nippur,Diri (composite score),"Seg.11, 21",|AN.AŠ.AN|,|AN.AŠ.AN|,su₂-qum
Q000057,OB Nippur Diri,Old Babylonian,Nippur,Diri (composite score),"Seg.11, 22",|AN.AŠ.AN|,|AN.AŠ.AN|,re-bi-tum
Q000057,OB Nippur Diri,Old Babylonian,Nippur,Diri (composite score),"Seg.11, 23",{d}|SAL.TUG₂|-|TUR&TUR.ZA&ZA|{+na},|SAL.TUG₂|.|TUR&TUR.ZA&ZA|,ni-in-za-az-na
Q000057,OB Nippur Diri,Old Babylonian,Nippur,Diri (composite score),"Seg.11, 24",{d}KAB-TA,KAB.TA,ka-ab-ta
Q000057,OB Nippur Diri,Old Babylonian,Nippur,Diri (composite score),"Seg.11, 25",{d}MAH-DI-AN-NA,MAH.DI.AN.NA,kab-ta
Q000057,OB Nippur Diri,Old Babylonian,Nippur,Diri (composite score),"Seg.11, 26",{d}|SAL.TUG₂|-SI@g-AN-NA,|SAL.TUG₂|.SI@g.AN.NA,iš-ta-kak-ka-bi
Q000057,OB Nippur Diri,Old Babylonian,Nippur,Diri (composite score),"Seg.11, 27",{d}TI-SAR-A,TI.SAR.A,iš-ta-kak-ka-bi
Q000057,OB Nippur Diri,Old Babylonian,Nippur,Diri (composite score),"Seg.11, 28",{d}KU₃.GI,KU₃.GI,ša-la-aš
Q000057,OB Nippur Diri,Old Babylonian,Nippur,Diri (composite score),"Seg.11, 29",{AN}DUN₃@g@g,DUN₃@g@g,ni-in-ti
Q000057,OB Nippur Diri,Old Babylonian,Nippur,Diri (composite score),"Seg.11, 30",{d}KU₃.SUD,KU₃.SUD,ku-us-su₂
Q000057,OB Nippur Diri,Old Babylonian,Nippur,Diri (composite score),"Seg.11, 31",{d}|NINDA₂×AŠ|,|NINDA₂×AŠ|,in-da-ga-ra
Q000057,OB Nippur Diri,Old Babylonian,Nippur,Diri (composite score),"Seg.12, 1",TAR,TAR,na-ša-kum
Q000057,OB Nippur Diri,Old Babylonian,Nippur,Diri (composite score),"Seg.12, 2",|KA.KAK|,|KA.KAK|,ra-ba-a-x
