phonetic_reading,sign_name,source
'A,ALEPH,CM
'A3,E2,CM
'A4,HA,CM
'E,ALEPH,CM
'I,ALEPH,CM
'I3,HI,CM
'U,ALEPH,CM
'U3,LAGAB×GUD,CM
'U4,A,CM
'U5,HU,CM
'a,ALEPH,CM
'a3,E2,CM
'a4,HA,CM
'e,ALEPH,CM
'i,ALEPH,CM
'i3,HI,CM
'u,ALEPH,CM
'u3,LAGAB×GUD,CM
'u4,A,CM
'u5,HU,CM
(KASKAL.LAGAB×U)&(KASKAL.LAGAB×U),(KASKAL.LAGAB×U)&(KASKAL.LAGAB×U),CM
(NUN.LAGAR×SAL)&(NUN.LAGAR×SAL),(NUN.LAGAR×SAL)&(NUN.LAGAR×SAL),CM
(ŠE.NUN&NUN)&(ŠE.NUN&NUN),(ŠE.NUN&NUN)&(ŠE.NUN&NUN),CM
(ŠE.NUN&NUN)&(ŠE.NUN&NUN).GAD&GAD.GAR&GAR,(ŠE.NUN&NUN)&(ŠE.NUN&NUN).GAD&GAD.GAR&GAR,CM
(ŠE.NUN&NUN)&(ŠE.NUN&NUN).LAGAB,(ŠE.NUN&NUN)&(ŠE.NUN&NUN).LAGAB,CM
(ŠE.NUN&NUN)&(ŠE.NUN&NUN).LAGAB.LAGAB,(ŠE.NUN&NUN)&(ŠE.NUN&NUN).LAGAB.LAGAB,CM
(ŠE.NUN&NUN)×TAK4,(ŠE.NUN&NUN)×TAK4,CM
...A,TI@t,CM
...AŠ,LU2×SIK2+BU,CM
...BA,KI.LAM,CM
...BUN,LAGAR×ŠE+SUM,CM
...E,GA2×UD+DU,CM
...GA,KI.BI.KAK,CM
...GI,GAD.TAK4.GIŠ,CM
...GUKIN,SAG×KUR,CM
...ID,LU2×EŠ2.LAL,CM
...INGARA,E2.GIŠ.TUG2.PI.AN.ŠE.NAGA,CM
...KI,ARAD,CM
...LA,E2.KI.SUM.GA,CM
...LUKU,IGI.KUR,CM
...NUNNAM...,KUN,CM
...RI,NUN,CM
...RIG,NUN.LAGAR×UŠ,CM
...TALLU,LU2×NU,CM
...a,TI@t,CM
...ba,KI.LAM,CM
...bun,LAGAR×ŠE+SUM,CM
...e,GA2×UD+DU,CM
...ga,KI.BI.KAK,CM
...gi,GAD.TAK4.GIŠ,CM
...gukin,SAG×KUR,CM
...id,LU2×EŠ2.LAL,CM
...ingara,E2.GIŠ.TUG2.PI.AN.ŠE.NAGA,CM
...ki,ARAD,CM
...la,E2.KI.SUM.GA,CM
...luku,IGI.KUR,CM
...nunnam...,KUN,CM
...ri,NUN,CM
...rig,NUN.LAGAR×UŠ,CM
...tallu,LU2×NU,CM
/AD/,LU2@s,CM
/ALLURA/,BAHAR2,CM
/DAMAL/,GA2×AN,CM
/DIMER/,AN,CM
/ENEĜ/,KA,CM
/MAL/,IG,CM
/MUTIN/,GEŠTIN,CM
/NERIM/,NE.RU,CM
/TEŠLUG/,LU2×LAGAB,CM
/ZEĜ/,SUM,CM
/ad/,LU2@s,CM
/allura/,BAHAR2,CM
/damal/,GA2×AN,CM
/dimer/,AN,CM
/eneĝ/,KA,CM
/mal/,IG,CM
/mutin/,GEŠTIN,CM
/nerim/,NE.RU,CM
/tešlug/,LU2×LAGAB,CM
/zeĝ/,SUM,CM
/ĜEREŠ/,ARAD×KUR,CM
/ĝereš/,ARAD×KUR,CM
/ŠITLAM/,DIM2,CM
/ŠUMDUM/,KA×NUN,CM
/ŠUMUN/,ZI&ZI.LAGAB,CM
/šitlam/,DIM2,CM
/šumdum/,KA×NUN,CM
/šumun/,ZI&ZI.LAGAB,CM
1(AŠ@T),AŠ@z,CM
1(aš@t),AŠ@z,CM
1/3DIŠ,ŠUŠANA,CM
1/3diš,ŠUŠANA,CM
1AŠ,AŠ,CM
1BARIGA,DIŠ,CM
1DIŠ,DIŠ,CM
1U,U,CM
1aš,AŠ,CM
1bariga,DIŠ,CM
1diš,DIŠ,CM
1u,U,CM
1ŠAR2,ŠAR2,CM
1šar2,ŠAR2,CM
2/3DIŠ,ŠANABI,CM
2/3diš,ŠANABI,CM
2BARIGA,NIGIDAMIN,CM
2bariga,NIGIDAMIN,CM
3BARIGA,NIGIDAEŠ,CM
3bariga,NIGIDAEŠ,CM
4(DIŠ@V),LIMMU~b,CM
4(diš@v),LIMMU~b,CM
4BARIGA,NIGIDALIMMU,CM
4bariga,NIGIDALIMMU,CM
5/6DIŠ,KINGUSILI,CM
5/6diš,KINGUSILI,CM
8(AŠ@V),USSU3,CM
8(aš@v),USSU3,CM
8DIŠ@V,USSU,CM
8diš@v,USSU,CM
9(AŠ@V),ILIMMU4,CM
9(aš@v),ILIMMU4,CM
A,A,CM
A',ALEPH,CM
A'2?,HI×NUN,CM
A'3,E2,CM
A'A3,LAGAB×A,CM
A'U'U,A.PA.GISAL.PAD.SI.A,CM
A-GAR5,A.LU3,CM
A-RA2,A.DU,CM
A.A,A.A,CM
A.AN,A.AN,CM
A.DU,A.DU,CM
A.EDIN,A.EDIN,CM
A.EDIN.A.LAL,A.EDIN.A.LAL,CM
A.EDIN.LAL,A.EDIN.LAL,CM
A.GABA.LIŠ.TU,A.GABA.LIŠ.TU,CM
A.GAN2@t,A.GAN2@t,CM
A.GAR3,A.GAR3,CM
A.GIŠ.TU.GABA.LIŠ,A.GIŠ.TU.GABA.LIŠ,CM
A.GUD×KUR,A.GUD×KUR,CM
A.HA,A.HA,CM
A.HA.A,A.HA.A,CM
A.HA.TAR.KAK,A.HA.TAR.KAK,CM
A.HU.SI,A.HU.SI,CM
A.IGI,A.IGI,CM
A.KA,A.KA,CM
A.KAL,A.KAL,CM
A.KUŠU2,A.KUŠU2,CM
A.LAGAB.LAGAB,A.LAGAB.LAGAB,CM
A.LAGAB×A,A.LAGAB×A,CM
A.LAGAB×HAL,A.LAGAB×HAL,CM
A.LAGAB×HAL.DI,A.LAGAB×HAL.DI,CM
A.LAGAB×HAL.GAL,A.LAGAB×HAL.GAL,CM
A.LAGAB×HAL.UD.NUN.KI,A.LAGAB×HAL.UD.NUN.KI,CM
A.LAGAB×HAL.ŠU2,A.LAGAB×HAL.ŠU2,CM
A.LAGAB×KUL,A.LAGAB×KUL,CM
A.LAK589.SI,A.LAK589.SI,CM
A.LU2@S.NA,A.LU2@s.NA,CM
A.LU2@s.NA,A.LU2@s.NA,CM
A.LU3,A.LU3,CM
A.LUM,A.LUM,CM
A.MI.A,A.MI.A,CM
A.MUŠ,A.MUŠ,CM
A.MUŠ3,A.MUŠ3,CM
A.MUŠ3.DI,A.MUŠ3.DI,CM
A.MUŠ3×A.DI,A.MUŠ3×A.DI,CM
A.PA.BI.SI.A.GA,A.PA.BI.SI.A.GA,CM
A.PA.GISAL.PAD.SI.A,A.PA.GISAL.PAD.SI.A,CM
A.SA,A.SA,CM
A.SAG,A.SAG,CM
A.SU,A.SU,CM
A.SUD,A.SUD,CM
A.TAR.A.AN,A.TAR.A.AN,CM
A.TU,A.TU,CM
A.TU.GABA,A.TU.GABA,CM
A.TU.GABA.LIŠ,A.TU.GABA.LIŠ,CM
A.TU.GABA.SIG.GAR,A.TU.GABA.SIG.GAR,CM
A.TU.NUN&NUN,A.TU.NUN&NUN,CM
A.TUR,A.TUR,CM
A.U.EDIN.LAL,A.U.EDIN.LAL,CM
A.U.KA,A.U.KA,CM
A.ZA.AN.MUŠ3,A.ZA.AN.MUŠ3,CM
A.ZI&ZI,A.ZI&ZI,CM
A.ŠE.NUN&NUN,A.ŠE.NUN&NUN,CM
A.ŠU.NAGA,A.ŠU.NAGA,CM
A.ŠU2.NAGA,A.ŠU2.NAGA,CM
A10?,ŠA6,CM
A11?,AN,CM
A12,UD,CM
A12-RA2-BU,UD.DU.BU,CM
A13,UD×U+U+U,CM
A14,E2,CM
A2,A2,CM
A2.AŠ,A2.AŠ,CM
A2.GA2×SAL,A2.GA2×SAL,CM
A2.KAL,A2.KAL,CM
A2.MUŠ3,A2.MUŠ3,CM
A2.MUŠ3@G,A2.MUŠ3@g,CM
A2.MUŠ3@g,A2.MUŠ3@g,CM
A2.PA,A2.PA,CM
A2.SAL,A2.SAL,CM
A2.TUR,A2.TUR,CM
A2.U.KID,A2.U.KID,CM
A2.UD.DU,A2.UD.DU,CM
A2.ZA.MUŠ3@G,A2.ZA.MUŠ3@g,CM
A2.ZA.MUŠ3@g,A2.ZA.MUŠ3@g,CM
A3,PI,CM
A4,A.AN,CM
A5,AK,CM
A6,U,CM
A7,HA,CM
A8,UR,CM
A9,LAGAB×A,CM
AB,AB,CM
AB.HA.ZAG.GABA.HU,AB.HA.ZAG.GABA.HU,CM
AB.HA@G,AB.HA@g,CM
AB.HA@g,AB.HA@g,CM
AB.MUŠ3,AB.MUŠ3,CM
AB.NAM,AB.NAM,CM
AB2,AB2,CM
AB2.KU,AB2.KU,CM
AB2.LU,AB2.LU,CM
AB2.NUN.ME.DU,AB2.NUN.ME.DU,CM
AB2.ŠA3,AB2.ŠA3,CM
AB2@t,AB2@t,CM
AB2×BALAG,AB2×BALAG,CM
AB2×DUB2,AB2×DUB2,CM
AB2×GAN2@T,AB2×GAN2@t,CM
AB2×GAN2@t,AB2×GAN2@t,CM
AB2×ME+EN,AB2×ME+EN,CM
AB2×TAK4,AB2×TAK4,CM
AB2×ŠA3,AB2×ŠA3,CM
AB3,AD,CM
AB4,AB@g,CM
AB@G,AB@g,CM
AB@G.MUŠ3.ZA,AB@g.MUŠ3.ZA,CM
AB@g,AB@g,CM
AB@g.MUŠ3.ZA,AB@g.MUŠ3.ZA,CM
ABA,AB,CM
ABA3,AD,CM
ABA4,AB@g,CM
ABBA,AB,CM
ABBA2,AB×AŠ2,CM
ABBAR,LAGAB×A,CM
ABBARAX(|LAGAB×A|),LAGAB×A,CM
ABBARX(|LAGAB×GAR|),LAGAB×GAR,CM
ABBUNUNNA,UD.HU.HI.NUN,CM
ABBUNUNNAX(|UD.HU.HI.NUN.NA|),UD.HU.HI.NUN.NA,CM
ABBUNUNNU,UD.HU.HI.NUN,CM
ABBUNUNNUX(|UD.HU.HI.NUN.NA|),UD.HU.HI.NUN.NA,CM
ABGAL,NUN.ME,CM
ABGAL2,NUN.ME.KA×GAN2@t,CM
ABGALX(|NUN.ME.KA×ME|),NUN.ME.KA×ME,CM
ABLAL,LAGAB×A+LAL,CM
ABLAL2?,LAGAB×A,CM
ABLAL3,LAGAB×U+A,CM
ABLALX(|LAGAB×KIN|),LAGAB×KIN,CM
ABNI2,KI.NE,CM
ABNU,UD.NI,CM
ABRIG,NUN.ME.DU,CM
ABRIG2,AB2.NUN.ME.DU,CM
ABSIN,KI.AŠ.AŠ,CM
ABSIN2,AB.NAM,CM
ABSIN3,APIN,CM
ABSU,ZU.AB,CM
ABUL,KA2.GAL,CM
ABULA,KA2.GAL,CM
ABULLA,KA2.GAL,CM
ABX(NUN),NUN,CM
ABX(|AN.AN|),AN.AN,CM
ABZU,ZU.AB,CM
ABZUX(|UMUM×KASKAL|),UMUM×KASKAL,CM
AB×A,AB×A,CM
AB×AŠ2,AB×AŠ2,CM
AB×DUN3@G,AB×DUN3@g,CM
AB×DUN3@g,AB×DUN3@g,CM
AB×GAL,AB×GAL,CM
AB×GAN2@T,AB×GAN2@t,CM
AB×GAN2@t,AB×GAN2@t,CM
AB×HA,AB×HA,CM
AB×IGI@G,AB×IGI@g,CM
AB×IGI@g,AB×IGI@g,CM
AB×IMIN,AB×IMIN,CM
AB×LAGAB,AB×LAGAB,CM
AB×U+U+U,AB×U+U+U,CM
AB×ŠEŠ,AB×ŠEŠ,CM
ABŠIN3,APIN,CM
AD,AD,CM
AD-KID,AD.KID,CM
AD-KIDX(|AD.E2|),AD.E2,CM
AD.E2,AD.E2,CM
AD.KID,AD.KID,CM
AD2,GIR2@g,CM
AD3,LU×BAD,CM
AD4,ZA@t,CM
AD5,U2.GIR2@g,CM
AD6,LU2×BAD,CM
ADA,AD,CM
ADAB,UD.NUN,CM
ADABA,UD.NUN,CM
ADAD,IM,CM
ADAMA,BAD.MI,CM
ADAMEN,LU2%LU2,CM
ADAMEN2,LUGAL&LUGAL,CM
ADAMEN3,GIŠ%GIŠ,CM
ADAMEN4,NUN%NUN,CM
ADAMEN5,EN%EN,CM
ADAMENX(|LUGAL@LUGAL|),LUGAL@LUGAL,CM
ADAMIN,LU2@LU2,CM
ADAMIN2,LUGAL&LUGAL,CM
ADAMIN3,GIŠ%GIŠ,CM
ADAMIN4,NUN%NUN,CM
ADAMIN5,EN%EN,CM
ADAMINX(|EN@EN|),EN@EN,CM
ADAMINX(|LU2.LU2|),LU2.LU2,CM
ADAMU,BAD.MI,CM
ADAR,A.GUD×KUR,CM
ADAR2,GUD×KUR,CM
ADAR3,GEŠTIN×KUR,CM
ADARX(SUD2),SUD2,CM
ADAX(|LU2×BAD|),LU2×BAD,CM
ADDA,LU2×BAD,CM
ADDA2,LU×BAD,CM
ADDA3,U2.GIR2@g,CM
ADDA4,GIR2@g,CM
ADDAX(LU2),LU2,CM
ADDAX(ZA@T),ZA@t,CM
ADDAX(|LU2@G.UŠ2|),LU2@g.UŠ2,CM
ADDIR,A.PA.GISAL.PAD.SI.A,CM
ADDIRX(PA),PA,CM
ADDIRX(|GISAL.PAD.SI.A|),GISAL.PAD.SI.A,CM
ADDIRX(|PA.GISAL.SI.A.PAD|),PA.GISAL.SI.A.PAD,CM
ADDIRX(|PA.GISAL.SI.A|),PA.GISAL.SI.A,CM
ADDIRX(|PAD.DUG.GIŠ.SI|),PAD.DUG.GIŠ.SI,CM
ADDIRX(|SI.GIŠ.PAD.DUG|),SI.GIŠ.PAD.DUG,CM
ADDU2,U2.GIR2@g,CM
ADDU3,GIR2@g,CM
ADDU4,ZA@t,CM
ADKIN,SIK2.LAM,CM
ADX(EN),EN,CM
ADX(LU2@S),LU2@s,CM
ADX(|BAD.LU2|),BAD.LU2,CM
ADX(|LU2@S×BAD|),LU2@s×BAD,CM
ADX(|LU2×GAM|),LU2×GAM,CM
AG,AK,CM
AG2,NINDA2×NE,CM
AG3,ŠID,CM
AGA,DUN3@g@g,CM
AGA-US2,DUN3@g.UŠ,CM
AGA2,NINDA2×NE,CM
AGA3,DUN3@g,CM
AGAL,KA×GAL,CM
AGAM,A×BAD,CM
AGANX(KA2),KA2,CM
AGAR2,LAGAB×IGI@g,CM
AGAR3,LAGAB×A+GAR,CM
AGAR4,IGI@g,CM
AGAR5,IM%IM,CM
AGAR6,IM.DUGUD,CM
AGARGARA,NUN@t,CM
AGARGARAX(NUN),NUN,CM
AGARIM,GA2×AN.AN.MUŠ3,CM
AGARIN,AB×DUN3@g,CM
AGARIN2,AB×GAN2@t,CM
AGARIN3,GA2×AN.DUN3@g,CM
AGARIN4,GA2×AN.ŠIM,CM
AGARIN5,GA2×AN.ŠIM×GAR,CM
AGARINX(AB),AB,CM
AGAŠ,BAD.X,CM
AGRIG,IGI.DUB,CM
AGRIGX(|IGI.ZI|),IGI.ZI,CM
AGRUN,E2.NUN,CM
AGRUNAX(E2.NUN),E2.NUN,CM
AGRUNAX(|E2.NUN|),E2.NUN,CM
AGRUX(E2.NUN),E2.NUN,CM
AGRUX(|E2.NUN|),E2.NUN,CM
AGU,DUN3@g@g,CM
AGX(|NINDA2×ŠE|),NINDA2×ŠE,CM
AH,HI×NUN,CM
AH2,ŠEŠ,CM
AH3,UD,CM
AH4,ALEPH,CM
AH5,A2,CM
AH6,UD.KUŠU2,CM
AHA,HI×NUN,CM
AHA2,ŠEŠ,CM
AHA3,PAP,CM
AHHUR?,IGI.A,CM
AHI,ŠEŠ,CM
AHI2,A2,CM
AHUD,IM×4,CM
AI,A.A,CM
AIA,A.A,CM
AIA2,A,CM
AIA3,UR,CM
AIA4,LAGAB×A,CM
AK,AK,CM
AK3,ŠID,CM
AKA,AK,CM
AKA2,NINDA2×NE,CM
AKA3,ŠID,CM
AKA4,KA2,CM
AKAN,DAG.KISIM5×GA,CM
AKAN2,KA2,CM
AKAN3,LAGAB×LU,CM
AKANI,DAG.KISIM5×GA,CM
AKAR,NUN%NUN.LAGAR&LAGAR,CM
AKARX(|(NUN.LAGAR×SAL)&(NUN.LAGAR×SAL)|),(NUN.LAGAR×SAL)&(NUN.LAGAR×SAL),CM
AKIX(AK),AK,CM
AKKAN3,LAGAB×LU,CM
AKKIL,GAD.TAK4.SI,CM
AKKIL2,AD.KID,CM
AKKIL3,GAD.TAK4,CM
AKKILX(|AD.E2|),AD.E2,CM
AKTUM,A.SU,CM
AKTUM2,SU.A,CM
AKX(|KA×AD|),KA×AD,CM
AK×ERIN2,AK×ERIN2,CM
AK×ŠITA+GIŠ,AK×ŠITA+GIŠ,CM
AKŠAK,UD.KUŠU2,CM
AKŠAK2,A.KUŠU2,CM
AKŠAK3?,UD@s.KUŠU2,CM
AKŠAKX(|EZEN×HA|),EZEN×HA,CM
AL,AL,CM
AL.ŠE,AL.ŠE,CM
AL2,ALAN,CM
AL3?,GAN2,CM
AL5,UD,CM
AL6,MAH,CM
AL8,URU,CM
ALA,URU,CM
ALA2?,URU.ME.U.U.U,CM
ALA3,AL,CM
ALAD,KAL×BAD,CM
ALAD2?,KAL,CM
ALAG,ALAN,CM
ALAL,ŠID×A,CM
ALAL2,ŠID,CM
ALAL3,GIŠ%GIŠ,CM
ALAL4?,GAN2%GAN2,CM
ALALA,ALAN,CM
ALALMU,ŠID×A,CM
ALALX(GAN2),GAN2,CM
ALAM,ALAN,CM
ALAMAX(NIM),NIM,CM
ALAMMUŠ,TA×HI,CM
ALAMU,ŠID×A,CM
ALAMU2,ŠID,CM
ALAMUŠ,TA×HI,CM
ALAMX(|ALAN&ALAN|),ALAN&ALAN,CM
ALAN,ALAN,CM
ALAN&ALAN,ALAN&ALAN,CM
ALAP,GUD,CM
ALAX(|KA×A+LA2|),KA×A+LA2,CM
ALAX(|ŠID×A|),ŠID×A,CM
ALAĜ,ALAN,CM
ALBA,GA2,CM
ALBA2,KASKAL.KUR,CM
ALE,URU,CM
ALEPH,ALEPH,CM
ALGAMES,UD.SAL.HUB2,CM
ALGAMEŠ,UD.SAL.HUB2,CM
ALGAMIS,UD.SAL.HUB2,CM
ALHA,KASKAL.KUR,CM
ALI,URU,CM
ALIM,GIR3×A+IGI,CM
ALIMA,GIR3×A+IGI,CM
ALIMX(|GIR3×IGI|),GIR3×IGI,CM
ALIMX?(|GA2×A+IGI|),GA2×A+IGI,CM
ALLA,NAGAR,CM
ALMU,ŠID×A,CM
ALMU2,ŠID,CM
ALPU,GUD,CM
ALU,URU,CM
ALURX(BAHAR2),BAHAR2,CM
AL×AL,AL×AL,CM
AL×DIM2,AL×DIM2,CM
AL×GIŠ,AL×GIŠ,CM
AL×HA,AL×HA,CM
AL×KAD3,AL×KAD3,CM
AL×KI,AL×KI,CM
AL×UŠ,AL×UŠ,CM
AL×ŠE,AL×ŠE,CM
AM,GUD×KUR,CM
AM2,NINDA2×NE,CM
AM3,A.AN,CM
AM4?,GA2×KAK,CM
AM5,GA2×SAL,CM
AM6,AN,CM
AM7,PI,CM
AMA,GA2×AN,CM
AMA2,GUD×KUR,CM
AMA3?,GI.LU,CM
AMA4,GA2×KAK,CM
AMA5,GA2×SAL,CM
AMA6,LAGAB×AN,CM
AMAGI,MUŠ3×A+DI,CM
AMAGI2,A.MUŠ3.DI,CM
AMAGI3,ZA.MUŠ3.DI,CM
AMAGI4,ZA.MUŠ3@g.DI,CM
AMAGIX(|A.MUŠ3×A.DI|),A.MUŠ3×A.DI,CM
AMAGIX(|MUŠ3.DI|),MUŠ3.DI,CM
AMAGIX(|MUŠ3×DI|),MUŠ3×DI,CM
AMAH,LAGAB×U+A,CM
AMALU,GA2×AN.AN.MUŠ3,CM
AMALUG?,GA2×AN.LUL,CM
AMAN,PAP.PAP,CM
AMAR,AMAR,CM
AMAR.DA,AMAR.DA,CM
AMAR.UD,AMAR.UD,CM
AMARIM?,GA2×AN.AN.MUŠ3,CM
AMAR×ŠE,AMAR×ŠE,CM
AMAR×ŠE.AMAR×ŠE,AMAR×ŠE.AMAR×ŠE,CM
AMAT,SAL.KUR,CM
AMAX(|E2.SAL|),E2.SAL,CM
AMAX(|E2×SAL|),E2×SAL,CM
AMAŠ,DAG.KISIM5×LU+MAŠ2,CM
AMAŠA,DAG.KISIM5×LU+MAŠ2,CM
AMBAR,LAGAB×A,CM
AMBARA,LAGAB×A,CM
AMBARX(|LAGAB×GAR|),LAGAB×GAR,CM
AME,GA2×AN,CM
AME2,GA2×SAL,CM
AMEX(|E2.SAL|),E2.SAL,CM
AMI,GA2×AN,CM
AMI2,GA2×SAL,CM
AMMA,KUR,CM
AMMAX(KI),KI,CM
AMMAX(|GA2×AN|),GA2×AN,CM
AMNA,UD,CM
AMNA2,U.U,CM
AMRA,GIŠ.MA2.RA,CM
AMTU,SAL.KUR,CM
AMURU,KID.MAH,CM
AMUŠ,A×MUŠ,CM
AMUŠA,A×MUŠ,CM
AMX(EN),EN,CM
AN,AN,CM
AN&AN,AN&AN,CM
AN+NAGA@AN+NAGA,AN+NAGA@AN+NAGA,CM
AN+NAGA×4,AN+NAGA×4,CM
AN-NA,AN.NA,CM
AN.A.LAGAB×HAL,AN.A.LAGAB×HAL,CM
AN.AN,AN.AN,CM
AN.ANX3,AN.ANx3,CM
AN.ANx3,AN.ANx3,CM
AN.AŠ.A.AN,AN.AŠ.A.AN,CM
AN.AŠ.AN,AN.AŠ.AN,CM
AN.AŠ@Z.AN,AN.AŠ@z.AN,CM
AN.AŠ@z.AN,AN.AŠ@z.AN,CM
AN.BARA2,AN.BARA2,CM
AN.DIŠ.AN,AN.DIŠ.AN,CM
AN.DU.AN,AN.DU.AN,CM
AN.GU2×KAK,AN.GU2×KAK,CM
AN.GU2×NUN,AN.GU2×NUN,CM
AN.HU.MI.IM,AN.HU.MI.IM,CM
AN.IM.DUGUD,AN.IM.DUGUD,CM
AN.IM.MI,AN.IM.MI,CM
AN.ME.U.U.U,AN.ME.U.U.U,CM
AN.MUŠ,AN.MUŠ,CM
AN.MUŠ3.AB,AN.MUŠ3.AB,CM
AN.MUŠ3.AB@G,AN.MUŠ3.AB@g,CM
AN.MUŠ3.AB@g,AN.MUŠ3.AB@g,CM
AN.NA,AN.NA,CM
AN.NAGA,AN.NAGA,CM
AN.SAG@G,AN.SAG@g,CM
AN.SAG@g,AN.SAG@g,CM
AN.TU,AN.TU,CM
AN.ZAG,AN.ZAG,CM
AN.ŠE.NAGA,AN.ŠE.NAGA,CM
AN2?,GIŠ%GIŠ,CM
ANA,DIŠ,CM
ANA2,AN,CM
ANA3,AŠ,CM
ANBAR,LAGAB×A,CM
ANEGI,IM,CM
ANGAR,IM%IM,CM
ANGUR,LAGAB×HAL,CM
ANIKU,NA,CM
ANU,AN,CM
ANUBU,KUR,CM
ANX(DIŠ),DIŠ,CM
ANX(|EZEN×BAD|),EZEN×BAD,CM
ANX3,ANx3,CM
ANZALUB,ŠA3.GI,CM
ANZU,AN.IM.DUGUD,CM
ANZU2,AN.IM.MI,CM
ANZUD,AN.IM.DUGUD,CM
ANZUD2,AN.IM.MI,CM
ANZUX(|AN.HU.MI.IM|),AN.HU.MI.IM,CM
ANZUX(|HU.MI.AN.IM|),HU.MI.AN.IM,CM
ANx3,ANx3,CM
ANŠE,ANŠE,CM
ANŠE.AN,ANŠE.AN,CM
ANŠE.ARAD,ANŠE.ARAD,CM
ANŠE.IGI.DIB,ANŠE.IGI.DIB,CM
ANŠE.IGI.EŠ2,ANŠE.IGI.EŠ2,CM
ANŠE.KUR,ANŠE.KUR,CM
ANŠE.KUR.RA,ANŠE.KUR.RA,CM
ANŠE.PA,ANŠE.PA,CM
ANŠE.SAL,ANŠE.SAL,CM
ANŠE2,GIR3,CM
ANŠEX(|ANŠE.PA|),ANŠE.PA,CM
ANŠI,GIR3×PA,CM
ANŠU,ANŠE,CM
ANŠU2,GIR3,CM
ANŠUX(|ANŠE.PA|),ANŠE.PA,CM
AP,AB,CM
AP2,AB2,CM
AP3,AD,CM
APIN,APIN,CM
APINA,APIN,CM
AQ,AK,CM
AQA,AK,CM
AR,IGI.RI,CM
AR...,UR2×U2+BI,CM
AR2,UB,CM
AR3,HI×AŠ2,CM
AR5,GAM,CM
ARA,ŠA,CM
ARA2,UB,CM
ARA3,HI×AŠ2,CM
ARA4,UD.DU,CM
ARA5,HI×AŠ2.HI×AŠ2,CM
ARA7,UD,CM
ARA8,IGI.RI,CM
ARAB,UD.NUN,CM
ARAD,ARAD,CM
ARAD.ANŠE,ARAD.ANŠE,CM
ARAD.KU,ARAD.KU,CM
ARAD.RA,ARAD.RA,CM
ARAD2,ARAD×KUR,CM
ARAD3?,LAM×KUR,CM
ARAD×KUR,ARAD×KUR,CM
ARAGUB,DU,CM
ARAH3,GA2×ŠE,CM
ARAH4,E2.UŠ.BU.DA,CM
ARAHA,E2.UŠ.BU.DA,CM
ARAHX(|E2×ŠE|),E2×ŠE,CM
ARAHX(|UŠ.BU.DA|),UŠ.BU.DA,CM
ARALA,E2.KUR.BAD,CM
ARALI,E2.KUR.BAD,CM
ARALIX(|URU×GAL|),URU×GAL,CM
ARAR,UD.AB@g,CM
ARARAMA,UD.AB@g,CM
ARARAMA2,UD.AB,CM
ARARIM,URU×A,CM
ARARIMX(|URU×UD|),URU×UD,CM
ARARMA,UD.AB@g,CM
ARARMA2,UD.AB,CM
ARATA,LAM×KUR+RU,CM
ARATTA,LAM×KUR+RU,CM
ARAŢA,LAM×KUR+RU,CM
ARBA,LIMMU2,CM
ARDA,ARAD,CM
ARGAB,GAR.IB,CM
ARHU,UD×U+U+U,CM
ARHUS2,NUN.LAGAR×SAL,CM
ARHUŠ,GA2×SAL,CM
ARHUŠ2,NUN.LAGAR×SAL,CM
ARHUŠ3,NUN.LAGAR×MAŠ,CM
ARHUŠ4?,GA2×AN,CM
ARHUŠ5,A2.TUR,CM
ARHUŠ6,A2.SAL,CM
ARHUŠ7,A2.GA2×SAL,CM
ARHUŠX(|E2×SAL|),E2×SAL,CM
ARI,URI,CM
ARI2,IDIM,CM
ARI3,PA,CM
ARI5?,PA.ME.U.U.U,CM
ARI6,SUM,CM
ARINA,MUŠ%MUŠ.A.NA,CM
ARINAX(|A.LU2@S.NA|),A.LU2@s.NA,CM
ARINAX(|I.LU2@S.NA|),I.LU2@s.NA,CM
ARINAX(|LU2@S.NA|),LU2@s.NA,CM
ARINAX(|MUŠ&MUŠ.A.NA|),MUŠ&MUŠ.A.NA,CM
ARINAX(|MUŠ&MUŠ×A+NA|),MUŠ&MUŠ×A+NA,CM
ARINAX(|UR2×A|),UR2×A,CM
ARKAB,GAR.IB,CM
ARKAB2,ARKAB2,CM
ARKAB2.IB,ARKAB2.IB,CM
ARKABX(IB),IB,CM
ARKABX(|ARKAB2.IB|),ARKAB2.IB,CM
ARRAP,LIMMU2,CM
ARU,PA,CM
ARX(|URU×A|),URU×A,CM
AS,PIRIG×ZA,CM
AS2,AŠ2,CM
AS3,AŠ,CM
AS4,LAGAB×A,CM
AS4-LUM,LAGAB×A.LUM,CM
AS5,ŠIR,CM
AS6,HI×DIŠ,CM
ASA,PIRIG×ZA,CM
ASA2,AŠ2,CM
ASAG,KU3.AN,CM
ASAGX(|GA2×ŠE|),GA2×ŠE,CM
ASAL,URU×IGI,CM
ASAL2,A.TU.GABA.LIŠ,CM
ASAL2~A,ASAL2~a,CM
ASAL2~a,ASAL2~a,CM
ASALX(|A.GABA.LIŠ.TU|),A.GABA.LIŠ.TU,CM
ASALX(|A.GIŠ.TU.GABA.LIŠ|),A.GIŠ.TU.GABA.LIŠ,CM
ASALX(|A.TU.GABA.SIG.GAR|),A.TU.GABA.SIG.GAR,CM
ASALX(|A.TU.GABA|),A.TU.GABA,CM
ASALX(|A.TU.NUN&NUN|),A.TU.NUN&NUN,CM
ASALX(|A.TU|),A.TU,CM
ASALX(|ASAL2~A|),ASAL2~a,CM
ASALX(|GABA.LIŠ|),GABA.LIŠ,CM
ASALX(|KA×IGI|),KA×IGI,CM
ASALX(|TU.NUN&NUN.LIŠ.A|),TU.NUN&NUN.LIŠ.A,CM
ASAR,URU×IGI,CM
ASAR2,A.TU.GABA.LIŠ,CM
ASARA,URU×IGI,CM
ASARI,URU×IGI,CM
ASARU,URU×IGI,CM
ASAX(|KU3.AN|),KU3.AN,CM
ASAX(|URU×IGI|),URU×IGI,CM
ASI,A.ŠE.NUN&NUN,CM
ASIL,EZEN×LAL2,CM
ASIL3,EZEN×A,CM
ASIL4,EZEN×A+LAL2,CM
ASIL5,EZEN×A+LAL,CM
ASIL6,EZEN×UD,CM
ASILA,EZEN×LAL2,CM
ASILA2,ŠIM,CM
ASILA3,EZEN×A,CM
ASILA4,EZEN×A+LAL2,CM
ASILA5,EZEN×A+LAL,CM
ASILA6,EZEN×UD,CM
ASILAL,EZEN×LAL2,CM
ASILAL2,ŠIM,CM
ASILAL3,EZEN×A,CM
ASILAL4,EZEN×A+LAL2,CM
ASILAL5,EZEN×A+LAL,CM
ASILAL6,EZEN×UD,CM
ASILALX(EZEN),EZEN,CM
ASILAX(EZEN),EZEN,CM
ASILAX(|EZEN×KASKAL|),EZEN×KASKAL,CM
ASILLA2,ŠIM,CM
ASILLAL3,EZEN×A,CM
ASILX(EZEN),EZEN,CM
ASKI,AŠ.HI×DIŠ.GI4,CM
ASLUM,LAGAB×A,CM
ASLUMX(|A.LUM|),A.LUM,CM
ASLUMX(|LAGAB×GAR|),LAGAB×GAR,CM
ASX(|LAGAB×GAR|),LAGAB×GAR,CM
AT,AD,CM
AT2,GIR2@g,CM
ATUM,NI.UD.KI,CM
ATUMX(|NI.UD|),NI.UD,CM
ATUMX(|UD.NI|),UD.NI,CM
AU,A.PA.GISAL.PAD.SI.A,CM
AUX(|GISAL.PAD.SI.A|),GISAL.PAD.SI.A,CM
AW,PI,CM
AX(DA),DA,CM
AYA,A.A,CM
AYA2,A,CM
AYA2-AYA2,A×A,CM
AYA3,UR,CM
AYA4,LAGAB×A,CM
AYAX(HA),HA,CM
AYAX(UD),UD,CM
AYAX(|LAGAB×GAR|),LAGAB×GAR,CM
AYE,A.A,CM
AYI,A.A,CM
AYU,A.A,CM
AYYA,A.A,CM
AYYE,A.A,CM
AYYI,A.A,CM
AYYU,A.A,CM
AZ,PIRIG×ZA,CM
AZ2,AŠ2,CM
AZ3,AŠ,CM
AZA,PIRIG×ZA,CM
AZAD,U2.A.LAGAB×KUL.MA2.ŠU2.A,CM
AZAD2,TAK4,CM
AZADX(|A.LAGAB×HAL.ŠU2|),A.LAGAB×HAL.ŠU2,CM
AZAG,KU3.AN,CM
AZAG2,A2.PA,CM
AZAK,KU3.AN,CM
AZALAG,TUG2.UD,CM
AZALAG2,TUG2,CM
AZALAG3,GIŠ.TUG2.PI.TE.A.DU,CM
AZALAG4,GIŠ.TUG2.TE.A.DU,CM
AZALAG5,GIŠ.TUG2.PI.TE.A,CM
AZALAG6,GIŠ.TUG2.TE.A,CM
AZALAG7,LU2×TUG2,CM
AZALX(|A.TU.GABA.LIŠ|),A.TU.GABA.LIŠ,CM
AZLAG,TUG2.UD,CM
AZLAG2,TUG2,CM
AZLAG3,GIŠ.TUG2.PI.TE.A.DU,CM
AZLAG4,GIŠ.TUG2.TE.A.DU,CM
AZLAG5,GIŠ.TUG2.PI.TE.A,CM
AZLAG6,GIŠ.TUG2.TE.A,CM
AZLAG7,LU2×TUG2,CM
AZLAGGALX(|GAL.GIŠ.TUG2.TE.A.DU|),GAL.GIŠ.TUG2.TE.A.DU,CM
AZU,ZU5×A,CM
AZUBIRX(|HI×AŠ2.SAG|),HI×AŠ2.SAG,CM
AZUGNA,HI×AŠ2.SAG,CM
AZUKNA,HI×AŠ2.SAG,CM
A×A,A×A,CM
A×BAD,A×BAD,CM
A×GAN2@t,A×GAN2@t,CM
A×HA,A×HA,CM
A×IGI,A×IGI,CM
A×LAGAR@G,A×LAGAR@g,CM
A×LAGAR@g,A×LAGAR@g,CM
A×MUŠ,A×MUŠ,CM
A×SAG,A×SAG,CM
AĜ,AK,CM
AĜ2,NINDA2×NE,CM
AĜ3,ŠID,CM
AĜA3,DUN3@g,CM
AĜAR5,IM%IM,CM
AĜAR6,IM.DUGUD,CM
AĜARIN,AB×DUN3@g,CM
AĜARIN2,AB×GAN2@t,CM
AĜARIN3,GA2×AN.DUN3@g,CM
AĜARIN4,GA2×AN.ŠIM,CM
AĜARIN5,GA2×AN.ŠIM×GAR,CM
AĜRIG,IGI.DUB,CM
AŚ,AŠ2,CM
AŞ,PIRIG×ZA,CM
AŞ2,AŠ2,CM
AŞ3,AŠ,CM
AŠ,AŠ,CM
AŠ&AŠ&AŠ,AŠ&AŠ&AŠ,CM
AŠ&AŠ&AŠ%AŠ&AŠ&AŠ,AŠ&AŠ&AŠ%AŠ&AŠ&AŠ,CM
AŠ&AŠ&AŠ.AŠ,AŠ&AŠ&AŠ.AŠ,CM
AŠ&AŠ&AŠ.AŠ&AŠ&AŠ,AŠ&AŠ&AŠ.AŠ&AŠ&AŠ,CM
AŠ&AŠ&AŠ.AŠ&AŠ&AŠ.AŠ,AŠ&AŠ&AŠ.AŠ&AŠ&AŠ.AŠ,CM
AŠ&AŠ&AŠ.AŠ&AŠ&AŠ.TAB,AŠ&AŠ&AŠ.AŠ&AŠ&AŠ.TAB,CM
AŠ&AŠ&AŠ.TAB,AŠ&AŠ&AŠ.TAB,CM
AŠ&AŠ.TUG2&TUG2.TUG2&TUG2.PAP,AŠ&AŠ.TUG2&TUG2.TUG2&TUG2.PAP,CM
AŠ.AŠ,AŠ.AŠ,CM
AŠ.AŠ.AŠ,AŠ.AŠ.AŠ,CM
AŠ.HI×DIŠ.GI4,AŠ.HI×DIŠ.GI4,CM
AŠ10,DIŠ,CM
AŠ11,AŠ@z,CM
AŠ2,AŠ2,CM
AŠ2-GAR3,SAL.AŠ2.GAR3,CM
AŠ2.A,AŠ2.A,CM
AŠ2.A.AN,AŠ2.A.AN,CM
AŠ2.AN,AŠ2.AN,CM
AŠ2.AN.NA,AŠ2.AN.NA,CM
AŠ2.GAR3,AŠ2.GAR3,CM
AŠ2.U,AŠ2.U,CM
AŠ2.U&U,AŠ2.U&U,CM
AŠ3,AŠ3,CM
AŠ4,TAB.TAB.TAB,CM
AŠ5,SIK2.LAM.SUHUR,CM
AŠ6,SIK2.LAM,CM
AŠ7,ŠIR,CM
AŠ7-GI4,ŠIR.GI4,CM
AŠ8,HI×DIŠ,CM
AŠ9,AŠ&AŠ&AŠ.AŠ&AŠ&AŠ,CM
AŠ@K,AŠ@k,CM
AŠ@K&AŠ@K&AŠ@K&AŠ@K,AŠ@k&AŠ@k&AŠ@k&AŠ@k,CM
AŠ@Z,AŠ@z,CM
AŠ@Z&AŠ@Z&AŠ@Z&AŠ@Z,AŠ@z&AŠ@z&AŠ@z&AŠ@z,CM
AŠ@Z.AŠ@Z.AŠ@Z.AŠ@Z,AŠ@z.AŠ@z.AŠ@z.AŠ@z,CM
AŠ@k,AŠ@k,CM
AŠ@k&AŠ@k&AŠ@k&AŠ@k,AŠ@k&AŠ@k&AŠ@k&AŠ@k,CM
AŠ@z,AŠ@z,CM
AŠ@z&AŠ@z&AŠ@z&AŠ@z,AŠ@z&AŠ@z&AŠ@z&AŠ@z,CM
AŠ@z.AŠ@z.AŠ@z.AŠ@z,AŠ@z.AŠ@z.AŠ@z.AŠ@z,CM
AŠA,AŠ,CM
AŠA2,AŠ2,CM
AŠA5,GAN2,CM
AŠAG,GAN2,CM
AŠALX(|A.TU.GABA.LIŠ|),A.TU.GABA.LIŠ,CM
AŠALX(|A.TU.NUN&NUN|),A.TU.NUN&NUN,CM
AŠAR2,A.TU.GABA.LIŠ,CM
AŠARIDU,IGI.DU,CM
AŠARX(|A.TU.NUN&NUN|),A.TU.NUN&NUN,CM
AŠDAR,U.DAR,CM
AŠDARX(|DIŠ.DAR|),DIŠ.DAR,CM
AŠGAB,AŠGAB,CM
AŠGABGALX(|GAL.AŠGAB|),GAL.AŠGAB,CM
AŠGI,ŠIR.GI4,CM
AŠITA,A2.U.KID,CM
AŠKI,ZI&ZI.LAGAB,CM
AŠKIX(|A.ZI&ZI|),A.ZI&ZI,CM
AŠKIX(|ZI&ZI.A|),ZI&ZI.A,CM
AŠKIX(|ZI&ZI.EŠ2|),ZI&ZI.EŠ2,CM
AŠKUD,A2.MUŠ3@g,CM
AŠKUD2,A2.MUŠ3,CM
AŠKUDX(|A.ZA.AN.MUŠ3|),A.ZA.AN.MUŠ3,CM
AŠKUDX(|A2.ZA.MUŠ3@G|),A2.ZA.MUŠ3@g,CM
AŠLAG,TUG2.UD,CM
AŠLAG2,TUG2,CM
AŠLAG3,GIŠ.TUG2.PI.TE.A.DU,CM
AŠLAG4,GIŠ.TUG2.TE.A.DU,CM
AŠLAG5,GIŠ.TUG2.PI.TE.A,CM
AŠLAG6,GIŠ.TUG2.TE.A,CM
AŠLAG7,LU2×TUG2,CM
AŠLUG,E2.UŠ.BU.DA,CM
AŠNAN,ŠE.ŠE.NUN&NUN,CM
AŠNAN2,ŠE,CM
AŠNANA,ŠE.ŠE.NUN&NUN,CM
AŠTA,GAD.TAK4,CM
AŠTE,A2.U.KID,CM
AŠTE2,LAGAB×A,CM
AŠTEX(|LAGAB×GAR|),LAGAB×GAR,CM
AŠX(AB),AB,CM
AŠŠA,AŠ,CM
AŠŠA2,GAD.TAK4,CM
AŠŠAN,AN.DU.AN,CM
AŢ,AD,CM
AŢ2,GIR2@g,CM
AŢU,U2.GIR2@g,CM
BA,BA,CM
BA10?,PAN,CM
BA11,KA×GAN2@t,CM
BA13,ME,CM
BA14,PAP,CM
BA15,BAR,CM
BA2,PA,CM
BA3,U.U.U,CM
BA4,GA2,CM
BA5?,KA×IM,CM
BA6,U2,CM
BA7,MAŠ,CM
BA8,EZEN×BAD,CM
BA9,BAD,CM
BAB,PAP,CM
BAB2,UD,CM
BABA2,KA2,CM
BABAR,UD,CM
BABAR2,UD.UD,CM
BABBAR,UD,CM
BABBAR2,UD.UD,CM
BABILA,KA.AN,CM
BABILA2,KA.AN.RA,CM
BABILAX(|DIN.ŠE.NUN&NUN|),DIN.ŠE.NUN&NUN,CM
BABILAX(|KA2.AN|),KA2.AN,CM
BABILIM,KA2.AN,CM
BABILIM2,KA2.AN.RA,CM
BABILIMA,KA2.AN,CM
BABILIMA2,KA2.AN.RA,CM
BABU,KA2,CM
BAD,BAD,CM
BAD.AŠ,BAD.AŠ,CM
BAD.BAD,BAD.BAD,CM
BAD.IGI.BAD,BAD.IGI.BAD,CM
BAD.KASKAL,BAD.KASKAL,CM
BAD.LU2,BAD.LU2,CM
BAD.MI,BAD.MI,CM
BAD.UD,BAD.UD,CM
BAD.X,BAD.X,CM
BAD2,PAD,CM
BAD3,EZEN×BAD,CM
BAD4,KI.KAL,CM
BAD5,IGI,CM
BADA,BAD,CM
BADA3,EZEN×BAD,CM
BADI,IGI,CM
BADX(EZEN),EZEN,CM
BAEŠ,AŠ2,CM
BAG,HU,CM
BAG2,AŠ@z.AŠ@z.AŠ@z.AŠ@z,CM
BAG3,BAG3,CM
BAG4,AŠ@k&AŠ@k&AŠ@k&AŠ@k,CM
BAGX(RI),RI,CM
BAH,HU,CM
BAH3,LUL,CM
BAHAR,GUD,CM
BAHAR2,BAHAR2,CM
BAHAR3,U.EDIN,CM
BAHAR4,BAR.EDIN,CM
BAHAR5,DUG.SILA3.BUR.NA,CM
BAHARGALX(|GAL.BAR.EDIN|),GAL.BAR.EDIN,CM
BAHARX(|U.SAR|),U.SAR,CM
BAK,HU,CM
BAK2,AŠ@z.AŠ@z.AŠ@z.AŠ@z,CM
BAK3,BAG3,CM
BAKIRU,U.SAR,CM
BAKIRUM,U.SAR,CM
BAKX(RI),RI,CM
BAL,BAL,CM
BAL&BAL,BAL&BAL,CM
BAL2,BUR2,CM
BAL3,AL×AL,CM
BAL4,AL×KI,CM
BALA,BAL,CM
BALAG,BALAG,CM
BALAG.LUL,BALAG.LUL,CM
BALAG.TUR,BALAG.TUR,CM
BALAK,BAL,CM
BALAĜ,BALAG,CM
BALIHA,KASKAL.KUR,CM
BALLA,GAR.SAG.IL2.EZEN.UŠ,CM
BALLA2,GAR.SAG.IL2.EZEN.SAL,CM
BALLATU,ZI.ME.U.U.U,CM
BAN,PAN,CM
BAN3,TUR,CM
BAN4,KAK,CM
BANDA3,TUR,CM
BANDA4,IDIM,CM
BANDA5,SIG4.IDIM,CM
BANDILIŠA,KU7,CM
BANEŠ,AŠ2,CM
BANIA,AŠ2.U&U,CM
BANLIMMU,AŠ2.U,CM
BANSUR,URU×URUDA,CM
BANSUR2,IDIM&IDIM.BUR,CM
BANSUR3,KAD5,CM
BANX(|LAGAB.LAGAB|),LAGAB.LAGAB,CM
BANŠUR,URU×URUDA,CM
BANŠUR2,IDIM&IDIM.BUR,CM
BANŠUR3,KAD5,CM
BANŠURA,URU×URUDA,CM
BANŠURX(|URU×IGI|),URU×IGI,CM
BAP,PAP,CM
BAPPIR,ŠIM×GAR,CM
BAPPIR2,ŠIM,CM
BAPPIR3,BI×GAR,CM
BAPPIRA,ŠIM×GAR,CM
BAPPIRA2,ŠIM,CM
BAPPIRA3,BI×GAR,CM
BAQ,HU,CM
BAR,BAR,CM
BAR.AN,BAR.AN,CM
BAR.AN&AN.AN,BAR.AN&AN.AN,CM
BAR.EDIN,BAR.EDIN,CM
BAR.HU.KAK,BAR.HU.KAK,CM
BAR2,BARA2,CM
BAR3,DAG,CM
BAR4,NI.UD,CM
BAR5,SIG4,CM
BAR6,UD,CM
BAR7,NE,CM
BAR8,EN×GAN2@t,CM
BARA,BAR,CM
BARA10,GA2×IGI@g,CM
BARA2,BARA2,CM
BARA2-MUNU4,BARA2.PAP.PAP,CM
BARA2-MUNU5,BARA2.PAP.ŠE.PAP,CM
BARA2.PAP.PAP,BARA2.PAP.PAP,CM
BARA2.PAP.ŠE.PAP,BARA2.PAP.ŠE.PAP,CM
BARA3,DAG,CM
BARA4,BAD,CM
BARA5,LAGAB×EN,CM
BARA6,LAGAB×ME+EN,CM
BARA7,LAGAB×IGI@g,CM
BARA8,LAGAB×TAK4,CM
BARA9,LAGAB×LUL,CM
BARAG,BARA2,CM
BARAG2,DAG,CM
BARAGX?(|E2×BAD|),E2×BAD,CM
BARAX(NE),NE,CM
BARAX(UD),UD,CM
BARE,BAR,CM
BARGI?,U&U.U@v&U@v,CM
BARIM,PA.DU@s,CM
BARIMX(|URU×BAR|),URU×BAR,CM
BARX(A),A,CM
BARX(U),U,CM
BARZIL,AN.AŠ.AN,CM
BAR×AN,BAR×AN,CM
BAT,BAD,CM
BAT2,PAD,CM
BAT3,EZEN×BAD,CM
BAT5,IGI,CM
BATA,BAD,CM
BATU,U.U.U,CM
BAX(PI),PI,CM
BAZBAZX(|ŠE.HU|),ŠE.HU,CM
BAŠ?,MAŠ,CM
BAŠTUM,KAL,CM
BAŢ,BAD,CM
BE,BAD,CM
BE2,BI,CM
BE3,NI,CM
BE4,BA,CM
BE5,KU,CM
BE6,PI,CM
BE7,NE,CM
BED,E2,CM
BED3,KU,CM
BELILI,ALAN,CM
BER2,UD,CM
BER6,ŠA3×U+A,CM
BER7,ŠA3×A,CM
BET,E2,CM
BET3,KU,CM
BEŠ12,UD,CM
BI,BI,CM
BI.A.SUD,BI.A.SUD,CM
BI.AŠ2,BI.AŠ2,CM
BI.AŠ2.A.AN,BI.AŠ2.A.AN,CM
BI.AŠ2.AN,BI.AŠ2.AN,CM
BI.AŠ2.AN.NA,BI.AŠ2.AN.NA,CM
BI.DAR,BI.DAR,CM
BI.DIN,BI.DIN,CM
BI.GIŠ,BI.GIŠ,CM
BI.LUL,BI.LUL,CM
BI.MI,BI.MI,CM
BI.U2.SA,BI.U2.SA,CM
BI.UŠ.SA,BI.UŠ.SA,CM
BI2,NE,CM
BI3,PI,CM
BI4,BAD,CM
BI5,NE@s,CM
BI6,BA,CM
BI7,KU,CM
BI9?,HI×NUN,CM
BIBAD,ŠE.HU.TUR,CM
BIBE,ŠE.HU.TUR,CM
BIBRA,HUL2,CM
BIBRI,HUL2,CM
BID,E2,CM
BID2,BAD,CM
BID3,KU,CM
BIG,SIG,CM
BIK,SIG,CM
BIL,NE,CM
BIL2,NE@s,CM
BIL3,GIŠ.NE@s,CM
BIL4,GIŠ.NE,CM
BILA,NE,CM
BILI,NE,CM
BILLUDA,PA.AN,CM
BILLUDU,PA.AN,CM
BILTU,GU2.UN,CM
BILUDA,PA.AN,CM
BILX(EDIN),EDIN,CM
BIN,APIN,CM
BIR,HI×ŠE,CM
BIR2,UD,CM
BIR3?,ERIN2,CM
BIR4,EDIN,CM
BIR5,NAM,CM
BIR6,ŠA3×U+A,CM
BIR7,ŠA3×A,CM
BIR8,A.SUD,CM
BIR9,NE,CM
BIRDU,KAL.EDIN,CM
BIRI,HI×ŠE,CM
BIRX(|ŠIM×GAR|),ŠIM×GAR,CM
BIS2,HA@g,CM
BISAG,GA2,CM
BISAG2,ŠID,CM
BISAG3,ŠID×A,CM
BISAGX(|GA2×GI|),GA2×GI,CM
BISAN,GA2,CM
BISAN2,ŠID,CM
BISAN3,ŠID×A,CM
BISANX(|GA2×GI|),GA2×GI,CM
BISAĜ,GA2,CM
BISAĜ2,ŠID,CM
BISAĜ3,ŠID×A,CM
BIT,E2,CM
BIT3,KU,CM
BIX(NAM),NAM,CM
BIZ,BI,CM
BIZEG3,ŠID×A,CM
BIZEM3,ŠID×A,CM
BI×A,BI×A,CM
BI×GAR,BI×GAR,CM
BI×IGI@G,BI×IGI@g,CM
BI×IGI@g,BI×IGI@g,CM
BIŠ,HA@g,CM
BIŠEBA,LUGAL,CM
BIŠEBA3?,GUD&GUD.LUGAL,CM
BIŠEBI,LUGAL,CM
BIŠEBI3?,GUD&GUD.LUGAL,CM
BIŢ,E2,CM
BU,BU,CM
BU%BU,BU%BU,CM
BU&BU.AB,BU&BU.AB,CM
BU&BU.UN,BU&BU.UN,CM
BU.NUN.ŠE.EŠ2,BU.NUN.ŠE.EŠ2,CM
BU10,PAP.PAP,CM
BU11,U2,CM
BU12,U,CM
BU13,KA×IM,CM
BU14,LAGAB×SUM,CM
BU15,PAD,CM
BU2,KASKAL,CM
BU3,KA×GAN2@t,CM
BU4,LAGAB×U,CM
BU5,LAGAB×U+U+U,CM
BU5-BU5,LAGAB×U+U+U.LAGAB×U+U+U,CM
BU6,LAGAB×U,CM
BU7,KU,CM
BU8,BUR2,CM
BU9?,BULUG,CM
BUBBU,LAGAB×U+U+U.LAGAB×U+U+U,CM
BUBBUR,BUR2.BUR2,CM
BUBE,KU7,CM
BUBUX(|LAGAB×U+U+U.LAGAB×U+U+U|),LAGAB×U+U+U.LAGAB×U+U+U,CM
BUGIN,LAGAB×A,CM
BUGIN2,LAGAB×GAR,CM
BUGIN3?,LAGAB×ME,CM
BUGIN4,LAGAB×U+A,CM
BUGLU,ŠA3.GI,CM
BUH,LUL,CM
BUHX(|KA×IM|),KA×IM,CM
BUK,MUG,CM
BUL,LAGAB×U+U+U,CM
BUL2,BUR2,CM
BUL3,BAL,CM
BUL4?,KA×IM,CM
BUL5,LAGAB×SUM,CM
BULA,KU.NU,CM
BULUG,BULUG,CM
BULUG&BULUG,BULUG&BULUG,CM
BULUG.NAGAR,BULUG.NAGAR,CM
BULUG2,BUR2,CM
BULUG3,PAP.PAP,CM
BULUG4,NAGAR,CM
BULUG5,BALAG,CM
BULUH,HAL,CM
BULUNX(BALAG),BALAG,CM
BULUNX(|PAP.PAP|),PAP.PAP,CM
BULUĜ,BULUG,CM
BULUĜ3,PAP.PAP,CM
BULUĜ5,BALAG,CM
BULX(KU),KU,CM
BUM,KA×GAN2@t,CM
BUM2,BALAG,CM
BUN,LAGAB×IM,CM
BUN2,KA×IM,CM
BUNGA,UŠ.GA,CM
BUNGU,UŠ.GA,CM
BUNIG3?,LAGAB×HAL,CM
BUNIN,LAGAB×A,CM
BUNIN2,LAGAB×GAR,CM
BUNIN3?,LAGAB×ME,CM
BUNIN4,LAGAB×U+A,CM
BUNINX(|A.LAGAB×A|),A.LAGAB×A,CM
BUNIĜ,LAGAB×A,CM
BUNIĜ2,LAGAB×GAR,CM
BUNIĜ3?,LAGAB×HAL,CM
BUNIĜX(A),A,CM
BUNIĜX(|A.LAGAB×A|),A.LAGAB×A,CM
BUNX(|URU×IM|),URU×IM,CM
BUR,BUR,CM
BUR'UX(|U×KASKAL|),U×KASKAL,CM
BUR10,LAGAB×U+U+U,CM
BUR11,KI.EN.KAK,CM
BUR12,BU,CM
BUR13,PAP.PAP,CM
BUR14,EN×GAN2@t,CM
BUR2,BUR2,CM
BUR2.BUR2,BUR2.BUR2,CM
BUR3,U,CM
BUR4,NU11.BUR,CM
BUR5,HU.ŠE.ERIN2,CM
BUR6,KISAL,CM
BUR7,GURUN,CM
BUR8,HAL,CM
BURANUN,UD.GIŠ%GIŠ.NUN,CM
BURANUNA,UD.GIŠ%GIŠ.NUN,CM
BURANUNU,UD.GIŠ%GIŠ.NUN,CM
BURU,BUR,CM
BURU11,KI.EN.KAK,CM
BURU14,EN×GAN2@t,CM
BURU15,NU11.IR,CM
BURU16,LAGAB×SUM,CM
BURU2,BUR2,CM
BURU3,U,CM
BURU4,NU11.BUR,CM
BURU5,NAM@n,CM
BURU6,KID,CM
BURU7,GURUN,CM
BURU8,HAL,CM
BURU9,IDIM&IDIM.BUR,CM
BURUDX(U),U,CM
BURUH,HAL,CM
BURUMX(|IGI.ERIN2|),IGI.ERIN2,CM
BURUNUN,UD.GIŠ%GIŠ.NUN,CM
BURUNUNA,UD.GIŠ%GIŠ.NUN,CM
BURUX(GAN2),GAN2,CM
BURUX(HU),HU,CM
BURUX(|BAD.IGI.BAD|),BAD.IGI.BAD,CM
BURUX(|IDIM&IDIM×4|),IDIM&IDIM×4,CM
BURUX(|IDIM×4|),IDIM×4,CM
BURUX(|IGI.ERIN2|),IGI.ERIN2,CM
BURUX(|LAGAB×4|),LAGAB×4,CM
BURUX(|LAGAB×U+U+U|),LAGAB×U+U+U,CM
BURUX(|TAB×4|),TAB×4,CM
BURX(A),A,CM
BURX(|BAD.IGI.BAD|),BAD.IGI.BAD,CM
BURX(|IDIM&IDIM.BUR|),IDIM&IDIM.BUR,CM
BURX(|IDIM&IDIM×4|),IDIM&IDIM×4,CM
BURX(|IDIM×4|),IDIM×4,CM
BURX(|KA×GAN2@T|),KA×GAN2@t,CM
BURX(|KA×ŠU|),KA×ŠU,CM
BURX(|TAB×4|),TAB×4,CM
BUTE,ZAG,CM
BUTI,ZAG,CM
BUTU,ZAG,CM
BUX(KA),KA,CM
BUX(NI),NI,CM
BUX(PI),PI,CM
BUZUR,U,CM
BUZUR2,U.U,CM
BUZUR3,U.ZAG,CM
BUZUR4,KA×GAN2@t.ŠA,CM
BUZUR5,KA×GAN2@t,CM
BUŠ,KASKAL,CM
BUŠ2,HA@g,CM
BĪTU,E2,CM
BŪDU,ZAG.HA,CM
D,AN,CM
DA,DA,CM
DA.UŠ,DA.UŠ,CM
DA10,HI,CM
DA11?,IG,CM
DA12,KA,CM
DA13,TAK4,CM
DA2,TA,CM
DA3,KAK,CM
DA4,DAM,CM
DA5,URUDA,CM
DA6,TAG,CM
DA7,UD,CM
DA8,DAG,CM
DA9,UMUM×KASKAL,CM
DAB,DIB,CM
DAB2,TAB,CM
DAB3,HI,CM
DAB4,DUB,CM
DAB5,KU,CM
DAB6,URUDA,CM
DABA,DIB,CM
DABA5,KU,CM
DABAN,KU7,CM
DABAX(NUN),NUN,CM
DABAŠIN,KU7,CM
DABDA2,BAD.BAD,CM
DABDA?,IGI.IGI,CM
DABE,DIB,CM
DABIN,EŠ2.ŠE,CM
DABX(NUN),NUN,CM
DABX(|LAGAB×GUD|),LAGAB×GUD,CM
DAD,TAK4,CM
DADAG,UD.UD,CM
DADDA,TAK4.TAK4,CM
DADRUM?,LUGAL&LUGAL,CM
DAG,DAG,CM
DAG.KISIM5×A+MAŠ,DAG.KISIM5×A+MAŠ,CM
DAG.KISIM5×AB2,DAG.KISIM5×AB2,CM
DAG.KISIM5×AMAR,DAG.KISIM5×AMAR,CM
DAG.KISIM5×BALAG,DAG.KISIM5×BALAG,CM
DAG.KISIM5×BI,DAG.KISIM5×BI,CM
DAG.KISIM5×GA,DAG.KISIM5×GA,CM
DAG.KISIM5×GA+MAŠ,DAG.KISIM5×GA+MAŠ,CM
DAG.KISIM5×GI,DAG.KISIM5×GI,CM
DAG.KISIM5×GIR2,DAG.KISIM5×GIR2,CM
DAG.KISIM5×GUD,DAG.KISIM5×GUD,CM
DAG.KISIM5×HA,DAG.KISIM5×HA,CM
DAG.KISIM5×IR,DAG.KISIM5×IR,CM
DAG.KISIM5×IR+LU,DAG.KISIM5×IR+LU,CM
DAG.KISIM5×KAK,DAG.KISIM5×KAK,CM
DAG.KISIM5×LA,DAG.KISIM5×LA,CM
DAG.KISIM5×LU,DAG.KISIM5×LU,CM
DAG.KISIM5×LU+MAŠ2,DAG.KISIM5×LU+MAŠ2,CM
DAG.KISIM5×LUM,DAG.KISIM5×LUM,CM
DAG.KISIM5×NE,DAG.KISIM5×NE,CM
DAG.KISIM5×PAP+PAP,DAG.KISIM5×PAP+PAP,CM
DAG.KISIM5×SI,DAG.KISIM5×SI,CM
DAG.KISIM5×TAK4,DAG.KISIM5×TAK4,CM
DAG.KISIM5×U2+GIR2,DAG.KISIM5×U2+GIR2,CM
DAG.KISIM5×UŠ,DAG.KISIM5×UŠ,CM
DAG.KISIM5×X,DAG.KISIM5×X,CM
DAG2,UD,CM
DAG3,NI.UD,CM
DAG4?,KISAL,CM
DAG5,KA,CM
DAGAL,GA2×AN,CM
DAGALA,GA2×AN,CM
DAGAN?,KI.URU×MIN,CM
DAGGAN?,KI.URU×MIN,CM
DAGRIM,LAGAB×KU3,CM
DAGRIN,LAGAB×KU3,CM
DAGX(|GA2×U|),GA2×U,CM
DAGX?(|E2×BAD|),E2×BAD,CM
DAH,MU&MU,CM
DAK,DAG,CM
DAK3,NI.UD,CM
DAKAN,KI.URU×MIN,CM
DAL,RI,CM
DAL2?,MAŠ.GU2.GAR3,CM
DAL3,AŠ,CM
DALA,RI,CM
DALA2,IGI.KAK,CM
DALHAMUN,IM.ŠITA,CM
DALHAMUN2,EN%EN,CM
DALHAMUN3,EN%EN.IM%IM,CM
DALHAMUN4,AN+NAGA×4,CM
DALHAMUN5,AN+NAGA@AN+NAGA,CM
DALHAMUN6,IM%IM,CM
DALHAMUN7,NAGA@NAGA,CM
DALHAMUNX(AN),AN,CM
DALHAMUNX(IM),IM,CM
DALHAMUNX(|IM@IM|),IM@IM,CM
DALLA,MAŠ.GU2.GAR3,CM
DALLA2,IGI.KAK,CM
DALLAX(|GU2.GAR3|),GU2.GAR3,CM
DALX(HU),HU,CM
DAM,DAM,CM
DAM2,UD,CM
DAM3,TUM,CM
DAMA,DAM,CM
DAMAL,GA2×AN,CM
DAMU,TUR,CM
DAMU2,IGI,CM
DAN,KAL,CM
DAN2,GA2×ME+EN,CM
DAN3,GA2×TAK4,CM
DAN4,GA2×GAN2@t,CM
DAN5?,DIN,CM
DAN6,UŠ×TAK4,CM
DAN7,GA2×DA,CM
DANA,KASKAL.BU,CM
DANA2,KASKAL,CM
DANA3,KAL,CM
DANNA,KASKAL.BU,CM
DANNA2,KASKAL,CM
DANNU,KAL,CM
DAP,DIB,CM
DAP2,TAB,CM
DAPA2,TAB,CM
DAPAR,GUD,CM
DAPARA,GUD,CM
DAPARAX(|LU2.EN|),LU2.EN,CM
DAPARAX(|LU2.LU2.LU2.LU2|),LU2.LU2.LU2.LU2,CM
DAPARU,LU2.ME.EN,CM
DAQ,DAG,CM
DAQ3,NI.UD,CM
DAR,DAR,CM
DAR2,IB,CM
DAR3,DARA3,CM
DAR4,DARA4,CM
DAR6,TAR,CM
DARA2,IB,CM
DARA3,DARA3,CM
DARA4,DARA4,CM
DARA5,GIŠ%GIŠ,CM
DARAMX(NA2),NA2,CM
DARAX?(|KU.GIŠ%GIŠ|),KU.GIŠ%GIŠ,CM
DARENGAL,UD.NUN,CM
DARI2,IB,CM
DARI5,GIŠ%GIŠ,CM
DARIX?(|KU.GIŠ%GIŠ|),KU.GIŠ%GIŠ,CM
DARU2,IB,CM
DARU5,GIŠ%GIŠ,CM
DARUM2,IB,CM
DARUX?(|KU.GIŠ%GIŠ|),KU.GIŠ%GIŠ,CM
DAS,UR,CM
DAT,TAK4,CM
DAX(DAR),DAR,CM
DAX(PI),PI,CM
DAĜAL,GA2×AN,CM
DAĜALX(|GA2×LA|),GA2×LA,CM
DAŠ,UR,CM
DAŠ2,DIŠ,CM
DAŠ3,AŠ2,CM
DAŠ4?,DAR,CM
DE,DI,CM
DE2,UMUM×KASKAL,CM
DE3,NE,CM
DE4,TE,CM
DE5,RI,CM
DE6,DU,CM
DE8,HI,CM
DE9,TI,CM
DEB,DIB,CM
DEB2,KU,CM
DEGX(RI),RI,CM
DEH,DUB,CM
DEH2,UM,CM
DEH3,NIM,CM
DEHI,DUB,CM
DEHI2,UM,CM
DEHI3,NIM,CM
DEHI4,IDIM,CM
DEL,AŠ,CM
DEL2,LIŠ,CM
DEL4,AŠ@z,CM
DELE,AŠ,CM
DELE4,AŠ@z,CM
DELEN,LAGAB×IM,CM
DELEN2,ŠU.LAGAB.NA,CM
DELEN3,LAGAB×GAR,CM
DELENA,LAGAB×IM,CM
DELENA2,ŠU.LAGAB.NA,CM
DELENA3,LAGAB×GAR,CM
DELI,AŠ,CM
DELLU,MA2.MUG,CM
DELLUX?(|MA2.KAK|),MA2.KAK,CM
DELMUN,NI.TUK,CM
DEM2,DIM2,CM
DEMA,KA.HI,CM
DEMMA,KA.HI,CM
DEMMU,KA.HI,CM
DEMU,KA.HI,CM
DEN,DIN,CM
DERGUL,MA2.MUG,CM
DEX(NI),NI,CM
DEX(|UMUM×PA|),UMUM×PA,CM
DEX-DEX(|TUR.TUR|),TUR.TUR,CM
DEŠ,DIŠ,CM
DEŠ2,AŠ,CM
DEŠ3,UR,CM
DEŠ4?,ME,CM
DEŠ5,AŠ@z,CM
DEŠŠU,AŠ2,CM
DI,DI,CM
DI.DI,DI.DI,CM
DI.X,DI.X,CM
DI11,DIM,CM
DI12,TE,CM
DI2,HI,CM
DI3,TI,CM
DI4,TUR,CM
DI4-DI4,TUR.TUR,CM
DI5,RI,CM
DI6,DU,CM
DI7,NE,CM
DI8,UMUM×KASKAL,CM
DIB,DIB,CM
DIB2,KU,CM
DIB5,LAGAB×GUD,CM
DIBI,DIB,CM
DIBIRA,DUB.NAGAR,CM
DIBUR,AN,CM
DIBX(|LAGAB×GUD+GUD|),LAGAB×GUD+GUD,CM
DIBX(|SIK2.AŠ|),SIK2.AŠ,CM
DIC.DIC.DIC.U.U,DIC.DIC.DIC.U.U,CM
DID?,IM,CM
DIDA,BI.U2.SA,CM
DIDA2,UŠ.SA,CM
DIDALA?,ŠA3,CM
DIDALX(NE),NE,CM
DIDANU,PIRIG.PIRIG,CM
DIDANUM,PIRIG.PIRIG,CM
DIDAX(|U2.SA|),U2.SA,CM
DIDLI,AŠ.AŠ,CM
DIDNU,PIRIG.PIRIG,CM
DIDNUM,PIRIG.PIRIG,CM
DIG,NI,CM
DIGBIR,KI.NE.AN.MUŠ3,CM
DIGI,NI,CM
DIGIR,AN,CM
DIH,DUB,CM
DIH2,UM,CM
DIH3,NIM,CM
DIHI,BAD,CM
DIHI2,UM,CM
DIHI3,NIM,CM
DIK,NI,CM
DIL,AŠ,CM
DIL4,AŠ@z,CM
DILI,AŠ,CM
DILI2,LIŠ,CM
DILI4,AŠ@z,CM
DILIB,ŠID,CM
DILIB2,KA×ŠID,CM
DILIB3,SAG×ŠID,CM
DILIB4,SAG×NUN,CM
DILIB5,SAG×UŠ,CM
DILIB6,SAG×SAL,CM
DILIM,LAGAB×IM,CM
DILIM2,LIŠ,CM
DILIM3,LAGAB×IM,CM
DILIM4,ŠU.LAGAB.NA,CM
DILIM5,LAGAB×GAR,CM
DILIN,LAGAB×IM,CM
DILIN2,ŠU.LAGAB.NA,CM
DILIN3,LAGAB×GAR,CM
DILINA,LAGAB×IM,CM
DILINA2,ŠU.LAGAB.NA,CM
DILINA3,LAGAB×GAR,CM
DILMUN,NI.TUK,CM
DILMUNA,NI.TUK,CM
DILMUNX(|SAL.TUK|),SAL.TUK,CM
DILUR,MA2.MUG,CM
DILURX(|MA2.KAK|),MA2.KAK,CM
DILX(SAG@G),SAG@g,CM
DIM,DIM,CM
DIM10,RAB.HI×BAD,CM
DIM11,LUGAL.HI×BAD,CM
DIM12,ŠID,CM
DIM13,BU,CM
DIM2,DIM2,CM
DIM3,LUGAL@s,CM
DIM4,PAP.PAP,CM
DIM5,DUB2,CM
DIM6?,UMUM×KASKAL,CM
DIM7,BAD,CM
DIM8,RAB.GAN,CM
DIM9,LUGAL.GAN,CM
DIMA,KA.HI,CM
DIMA2,DIM2,CM
DIMER,AN,CM
DIMGUL,MA2.MUG,CM
DIMIR,AN,CM
DIMMA,KA.HI,CM
DIMMER,AN,CM
DIMMU,KA.HI,CM
DIMMUŠ,U2.GIŠ.MI,CM
DIMMUŠX?(|GIŠ.MI|),GIŠ.MI,CM
DIMNA,U.GA,CM
DIMSAR,IGI&IGI.ŠIR&ŠIR.UD&UD,CM
DIMU,KA.HI,CM
DIMUŠ,U2.GIŠ.MI,CM
DIMX(LU2@S),LU2@s,CM
DIMX(|LUGAL.GAM|),LUGAL.GAM,CM
DIM×ŠE,DIM×ŠE,CM
DIN,DIN,CM
DIN-TIR,DIN.ŠE.NUN&NUN,CM
DIN.KASKAL.U@G.DIŠ,DIN.KASKAL.U@g.DIŠ,CM
DIN.KASKAL.U@g.DIŠ,DIN.KASKAL.U@g.DIŠ,CM
DIN.ŠE.NUN&NUN,DIN.ŠE.NUN&NUN,CM
DINER,AN,CM
DINGIR,AN,CM
DINGIRA,AN,CM
DINI,DIN,CM
DINIG,KI.NE,CM
DINIG2,LU2×ME+EN,CM
DINIG3,LU2×LAGAB,CM
DINIR,AN,CM
DINX(EDIN),EDIN,CM
DIP,DIB,CM
DIPAR,GUD,CM
DIQ,NI,CM
DIR,SI.A,CM
DIR2,DAR,CM
DIR3,AN,CM
DIR4,ŠE.NUN&NUN,CM
DIRGUL,MA2.MUG,CM
DIRGULX(|MA2.KAK|),MA2.KAK,CM
DIRI,SI.A,CM
DIRI2?,IB,CM
DIRIG,SI.A,CM
DISGUR,AMAR×ŠE,CM
DIX(DA),DA,CM
DIX(DIB),DIB,CM
DIX(DIM2),DIM2,CM
DI[...]IG,IM,CM
DIĜIR,AN,CM
DIŠ,DIŠ,CM
DIŠ.DAR,DIŠ.DAR,CM
DIŠ.DIŠ.DIŠ,DIŠ.DIŠ.DIŠ,CM
DIŠ.DIŠ.DIŠ.U.U.U,DIŠ.DIŠ.DIŠ.U.U.U,CM
DIŠ2,AŠ,CM
DIŠ4?,ME,CM
DIŠA,DIŠ,CM
DU,DU,CM
DU&DU,DU&DU,CM
DU&DU.DU&DU,DU&DU.DU&DU,CM
DU.DU,DU.DU,CM
DU.DU.DU.DU,DU.DU.DU.DU,CM
DU.HUB2,DU.HUB2,CM
DU10,HI,CM
DU11,KA,CM
DU12,TUK,CM
DU13,TUR,CM
DU13-DU13,TUR.TUR,CM
DU14,LU2×NE,CM
DU15,HI×BAD,CM
DU16,UD×U+U+U,CM
DU17?,NE,CM
DU19?,UMUM×KASKAL,CM
DU2,TU,CM
DU20,DA,CM
DU24,DUN,CM
DU25,ANŠE.ARAD,CM
DU26,SI.A,CM
DU3,KAK,CM
DU4,TUM,CM
DU5,DUN3,CM
DU6,LAGAR@g,CM
DU7,U.GUD,CM
DU8,GABA,CM
DU9,BUR2,CM
DU@G,DU@g,CM
DU@G.DU@G,DU@g.DU@g,CM
DU@S,DU@s,CM
DU@S.A,DU@s.A,CM
DU@S.DU@S,DU@s.DU@s,CM
DU@g,DU@g,CM
DU@g.DU@g,DU@g.DU@g,CM
DU@s,DU@s,CM
DU@s.A,DU@s.A,CM
DU@s.DU@s,DU@s.DU@s,CM
DUB,DUB,CM
DUB.NAGAR,DUB.NAGAR,CM
DUB2,DUB2,CM
DUB2.LUL,DUB2.LUL,CM
DUB3,HI,CM
DUBA,DUB,CM
DUBA2,DUB2,CM
DUBAD,KI.KAL,CM
DUBAL,AL×KAD3,CM
DUBAL2,AL×KI,CM
DUBAL3,LU2×KAD2,CM
DUBAL4,LU2×KAD3,CM
DUBAL5,LU2×AL,CM
DUBAL6,LU2×KI,CM
DUBAL7,LU2×TUG2,CM
DUBBA,DUB,CM
DUBU,DUB,CM
DUBU2,DUB2,CM
DUBUL,ŠU.BU,CM
DUBUR,HI×ŠE,CM
DUBUR2,HI×U,CM
DUBX(|NE.SI.A|),NE.SI.A,CM
DUBX?(MES),MES,CM
DUB×EŠ2,DUB×EŠ2,CM
DUD,PA.UZU,CM
DUD2,TU,CM
DUDA,PA.UZU,CM
DUDDA,GABA,CM
DUDDU,TUK.TUK,CM
DUDU,KI.IB,CM
DUDUX(|PA.UZU|),PA.UZU,CM
DUG,DUG,CM
DUG.DUG,DUG.DUG,CM
DUG.SILA3.BUR.NA,DUG.SILA3.BUR.NA,CM
DUG3,HI,CM
DUG4,KA,CM
DUG5,DUN3,CM
DUGA3,HI×NUN,CM
DUGA4,KA,CM
DUGAX(LUL),LUL,CM
DUGIN,EZEN×DUN3@g,CM
DUGIN2,EZEN×DUN3@g@g,CM
DUGINA,EZEN×DUN3@g,CM
DUGINA2,EZEN×DUN3@g@g,CM
DUGU,HI,CM
DUGUD,DUGUD,CM
DUGUD2?,MI,CM
DUGUDA,DUGUD,CM
DUGUX(DUGUD),DUGUD,CM
DUGX(BI),BI,CM
DUGX(|ŠEŠ.IB|),ŠEŠ.IB,CM
DUH,GABA,CM
DUK,DUG,CM
DUK2,TUK,CM
DUKA,DUG,CM
DUKUDX(DUGUD),DUGUD,CM
DUL,U.TUG2,CM
DUL10,BU,CM
DUL2,LAGAB×U,CM
DUL3,SAG@g,CM
DUL4,DUN4,CM
DUL5,TUG2,CM
DUL6,LAGAR@g,CM
DUL7,SAG,CM
DUL8,DIB,CM
DUL9,UR@s,CM
DULLUX(|HA.NAGAR.BU|),HA.NAGAR.BU,CM
DULU,ŠU.BU,CM
DULX(DU),DU,CM
DULX(DUN3),DUN3,CM
DULX(UR),UR,CM
DULX(|UR×A|),UR×A,CM
DUM,TUM,CM
DUM3?,DAM,CM
DUM4,DIM,CM
DUMGAL,ŠIM×A,CM
DUMU,TUR,CM
DUMU-GI7,TUR.EŠ2,CM
DUMX(TUR),TUR,CM
DUN,DUN,CM
DUN3,DUN3,CM
DUN3@G,DUN3@g,CM
DUN3@G.UŠ,DUN3@g.UŠ,CM
DUN3@G@G,DUN3@g@g,CM
DUN3@G@G.UŠ,DUN3@g@g.UŠ,CM
DUN3@G@G.ZA,DUN3@g@g.ZA,CM
DUN3@g,DUN3@g,CM
DUN3@g.UŠ,DUN3@g.UŠ,CM
DUN3@g@g,DUN3@g@g,CM
DUN3@g@g.UŠ,DUN3@g@g.UŠ,CM
DUN3@g@g.ZA,DUN3@g@g.ZA,CM
DUN4,DUN4,CM
DUN5,BUR2,CM
DUN6,KAL,CM
DUN@G,DUN@g,CM
DUN@g,DUN@g,CM
DUNA,DUN,CM
DUNDA,PA.UZU,CM
DUNGA,SAG,CM
DUNGA2,LUL,CM
DUNGAX(|IM.SI.A|),IM.SI.A,CM
DUNGU,IM.SI.A,CM
DUNX(|KA×KID|),KA×KID,CM
DUNX(|KA×SA|),KA×SA,CM
DUP,DUB,CM
DUP2,DUB2,CM
DUPSIK,IL2,CM
DUQ,DUG,CM
DUR,GU2×KAK,CM
DUR10,ŠEN,CM
DUR11,TU,CM
DUR2,DUR2,CM
DUR3,ANŠE.ARAD,CM
DUR4,GIŠ%GIŠ,CM
DUR5,A,CM
DUR6,PA,CM
DUR7?,BU,CM
DUR8,EZEN×BAD,CM
DUR9,DUN,CM
DURAH,DARA3,CM
DURAHX(DARA4),DARA4,CM
DURBA,MA@g,CM
DURGUL,MA2.MUG,CM
DURI?,NU11,CM
DURIX(|KA×UŠ|),KA×UŠ,CM
DURME,SAG.EZEN,CM
DURU2,DUR2,CM
DURU3,ANŠE.ARAD,CM
DURU4,GIŠ%GIŠ,CM
DURU5,A,CM
DURU6?,PA,CM
DURU9,DUN,CM
DURUM,EZEN×BAD,CM
DURUM2,DUR2,CM
DURUM4,GIŠ%GIŠ,CM
DURUN,DUR2,CM
DURUN3,ŠU.LAGAB.NA,CM
DURUNA,DUR2,CM
DURUNA2,LAGAB×IM,CM
DURUNA3,ŠU.LAGAB.NA,CM
DURUNA4,LAGAB×GAR,CM
DURUNAX(|KU.KU|),KU.KU,CM
DURUNGAL,UD.NUN,CM
DURUNX(|KU.KU|),KU.KU,CM
DURUNX(|ŠU.GAN2@T|),ŠU.GAN2@t,CM
DURUX?(|KU.GIŠ%GIŠ|),KU.GIŠ%GIŠ,CM
DURX(|ARAD.ANŠE|),ARAD.ANŠE,CM
DUSI,IL2,CM
DUSI2,ANŠE.IGI.EŠ2,CM
DUSSA2,ANŠE.IGI.EŠ2,CM
DUSSU,IL2,CM
DUSU,IL2,CM
DUSU2,ANŠE.IGI.EŠ2,CM
DUSUX(|ANŠE.IGI.DIB|),ANŠE.IGI.DIB,CM
DUTTU,TUK.TUK,CM
DUX(HUB2),HUB2,CM
DUX(LU2),LU2,CM
DUX(|ŠEŠ.IB|),ŠEŠ.IB,CM
DUX?(DI),DI,CM
DUŠ,KU,CM
DUŠ2,DIŠ,CM
DUŢU,KA.KA,CM
DŪRU,EZEN×BAD.AN,CM
E,E,CM
E&E.NUN&NUN,E&E.NUN&NUN,CM
E',ALEPH,CM
E'2?,HI×NUN,CM
E'3,E2,CM
E'ELLA,GA2×EL+LA,CM
E'I,E2.A,CM
E'U,E2.A,CM
E.SUD.HUB2×UD,E.SUD.HUB2×UD,CM
E.TUM,E.TUM,CM
E.TUM.GA2×NUN&NUN,E.TUM.GA2×NUN&NUN,CM
E10,NAGAR,CM
E11,LAGAR@g.DU,CM
E12,LAGAR@g.DU@s,CM
E13?,SAL.KU,CM
E2,E2,CM
E2-GAR6,E2.NUN,CM
E2.A,E2.A,CM
E2.AN.ŠE.NAGA,E2.AN.ŠE.NAGA,CM
E2.GI.NA.AB.HI,E2.GI.NA.AB.HI,CM
E2.GI.NA.AB.U.GUD,E2.GI.NA.AB.U.GUD,CM
E2.GIŠ.TUG2.PI.AN.ŠE.NAGA,E2.GIŠ.TUG2.PI.AN.ŠE.NAGA,CM
E2.KI.SUM.GA,E2.KI.SUM.GA,CM
E2.KUR.BAD,E2.KUR.BAD,CM
E2.LU2×GAN2@T.A,E2.LU2×GAN2@t.A,CM
E2.LU2×GAN2@t.A,E2.LU2×GAN2@t.A,CM
E2.MI,E2.MI,CM
E2.NUN,E2.NUN,CM
E2.SAL,E2.SAL,CM
E2.SIG4,E2.SIG4,CM
E2.UŠ.BU.DA,E2.UŠ.BU.DA,CM
E2.ŠE,E2.ŠE,CM
E2×A+HA+DA,E2×A+HA+DA,CM
E2×BAD,E2×BAD,CM
E2×GAR,E2×GAR,CM
E2×MI,E2×MI,CM
E2×SAL,E2×SAL,CM
E2×U,E2×U,CM
E2×ŠE,E2×ŠE,CM
E3,UD.DU,CM
E4,A,CM
E5,SAL.TUG2,CM
E6,SU&SU,CM
E6-A,SU&SU.A,CM
E7,KA,CM
E8,UD,CM
EA,A,CM
EAZAG?,GA2×KU3+AN,CM
EB,IB,CM
EB2,TUM,CM
EBEH,EN.TI,CM
EBIH,EN.TI,CM
EBIH2,EŠ2.MAH,CM
EBIR,DUG,CM
EBIR3,A,CM
EBIR4,GA,CM
EBIRX(BI),BI,CM
EBLA,A.TAR.A.AN,CM
EBUR,EN×GAN2@t,CM
EBURRA?,GA2×BAR+RA,CM
EBURUX(|EN×GAN2@T|),EN×GAN2@t,CM
ED,A2,CM
ED2,UD.DU,CM
ED3,LAGAR@g.DU,CM
ED4,LAGAR@g.DU@s,CM
EDAKUA,GA2×A+DA+HA,CM
EDAKUA2,LAGAB×A+DA+HA,CM
EDAKUAX(|E2×A+HA+DA|),E2×A+HA+DA,CM
EDAKUAX(|GA2×A+HA|),GA2×A+HA,CM
EDAMU,A.TUR,CM
EDAX(|UD.DU|),UD.DU,CM
EDEN,EDIN,CM
EDENA,EDIN,CM
EDI,GA2×DI,CM
EDIM?,BAD,CM
EDIMX(EDIN),EDIN,CM
EDIN,EDIN,CM
EDIN.A,EDIN.A,CM
EDIN.A.LAL,EDIN.A.LAL,CM
EDIN.LAL.A,EDIN.LAL.A,CM
EDINA,EDIN,CM
EDUR,A×A,CM
EDURU,A×A,CM
EDURUX(|E2.A|),E2.A,CM
EG,IG,CM
EG2,E,CM
EG3,NINDA2×NE,CM
EGA,A.MI.A,CM
EGA2,NUN%NUN.LAGAR&LAGAR,CM
EGAR,E2.SIG4,CM
EGARA,GA2×GAR,CM
EGARAX(|E2×GAR|),E2×GAR,CM
EGE,EŠ2,CM
EGE2,SAL.EŠ2,CM
EGER,EGIR,CM
EGER2,EŠ2,CM
EGER3,SAL.EŠ2,CM
EGER4,TUM,CM
EGERA,EGIR,CM
EGI,EŠ2,CM
EGI2,SAL.EŠ2,CM
EGIA,GA2×GI4,CM
EGIR,EGIR,CM
EGIR2,EŠ2,CM
EGIR3,SAL.EŠ2,CM
EGIR4,TUM,CM
EGIR5,LUM,CM
EGIR6?,SIG4,CM
EGIRSU,GA2×GIR2+SU,CM
EH,HI×NUN,CM
EH2,ALEPH,CM
EH3,KU.KU,CM
EHALLA,GA2×HAL+LA,CM
EHE,A2.UD.DU,CM
EHEHHE,KU.KU.KU,CM
EHI,A2.UD.DU,CM
EHILI,GA2×HI+LI,CM
EHX(|KU.KU.KU|),KU.KU.KU,CM
EK,IG,CM
EKI,E,CM
EL,EL,CM
EL2,IL,CM
EL3,AN,CM
EL4,IL×GAN2@t,CM
ELA,A.KAL,CM
ELAL,ŠID×A,CM
ELAL2,ŠID,CM
ELAM,NIM,CM
ELAMA,NIM,CM
ELAMKUŠ,LAGAB×IM,CM
ELAMKUŠ2,LAGAB×LU,CM
ELAMKUŠ3,LAGAB×HA,CM
ELAMKUŠ4,LAGAB×A,CM
ELAMKUŠX(|LAGAB×IM+LU|),LAGAB×IM+LU,CM
ELAMU,NIM,CM
ELE,U.KA,CM
ELE2,EL,CM
ELI,U.KA,CM
ELILLA,GA2×KID+LAL,CM
ELLA,A.KAL,CM
ELLA2,LAGAB,CM
ELLAG,LAGAB,CM
ELLAG2,HI×ŠE,CM
ELLAMKUŠ,LAGAB×IM,CM
ELLAMKUŠ2,LAGAB×LU,CM
ELLAMKUŠ3,LAGAB×HA,CM
ELLAMKUŠ4,LAGAB×A,CM
ELLAMKUŠX(|LAGAB×GAR|),LAGAB×GAR,CM
ELLAMKUŠX(|LAGAB×IM+HA|),LAGAB×IM+HA,CM
ELLAMKUŠX(|LAGAB×IM+LU|),LAGAB×IM+LU,CM
ELLAMX(|HI×ŠE|),HI×ŠE,CM
ELLANDU,SA.HI×ŠE.KAK,CM
ELLAT,KASKAL.KUR,CM
ELLAĜ,LAGAB,CM
ELLAĜ2,HI×ŠE,CM
ELLIL,EN.KID,CM
EM,IM,CM
EM3,NINDA2×NE,CM
EM4,KA×ME,CM
EMAŠ,MAŠ.X,CM
EME,KA×ME,CM
EME2,UM.ME,CM
EME3,SAL.ANŠE,CM
EME4,GA2×AN,CM
EME4-DU2,GA2×AN.TU,CM
EME4-E4-DU2,GA2×AN.A.TU,CM
EME5,SAL.HUB2,CM
EME6,ANŠE.SAL,CM
EME7,SAL.AL,CM
EME8,GA2×SAL,CM
EMEDA,UM.ME,CM
EMEDA3,UM×ME+DA,CM
EMEDU,GA2×AN.TU,CM
EMEDU2,GA2×AN.A.TU,CM
EMEDUB,GA2×DUB,CM
EMEDUB2,GA2×ŠID,CM
EMENGI,KA×ME+GI,CM
EMERAH,SAL.HUB2,CM
EMERAHX(|UD.SAL.HUB2|),UD.SAL.HUB2,CM
EMESIG,KA×SIG,CM
EMEX(KA),KA,CM
EMEX(|E2×SAL|),E2×SAL,CM
EMEX(|KA×GIR2|),KA×GIR2,CM
EMEX(|SAL.EN|),SAL.EN,CM
EMEX-GIR2(|KA×GIR2|),KA×GIR2,CM
EMEZI,SAL.LAGAR,CM
EMEZIX(|SAL.LAGAB|),SAL.LAGAB,CM
EMEŠ,SAL.LAGAR,CM
EMEŠ2,NE×UD,CM
EMMA,KA×UD,CM
EMMA2,KA×A,CM
EMMEN,KA×UD,CM
EMMEN2,KA×A,CM
EMMIN,KA×UD,CM
EMMIN2,KA×A,CM
EMUŠ,A×MUŠ,CM
EMX(A),A,CM
EN,EN,CM
EN%EN,EN%EN,CM
EN%EN.IM%IM,EN%EN.IM%IM,CM
EN-LIL2,EN.KID,CM
EN.DIM2.GIG,EN.DIM2.GIG,CM
EN.GI,EN.GI,CM
EN.KI,EN.KI,CM
EN.KID,EN.KID,CM
EN.KU.A,EN.KU.A,CM
EN.MAŠ.KAK,EN.MAŠ.KAK,CM
EN.ME.AD.KU3,EN.ME.AD.KU3,CM
EN.ME.AN.MUŠ3,EN.ME.AN.MUŠ3,CM
EN.ME.GI,EN.ME.GI,CM
EN.ME.LAGAR,EN.ME.LAGAR,CM
EN.ME.LI,EN.ME.LI,CM
EN.ME.MU,EN.ME.MU,CM
EN.NUNUZ.DIM2,EN.NUNUZ.DIM2,CM
EN.NUNUZ.ZI.AN.UD,EN.NUNUZ.ZI.AN.UD,CM
EN.NUNUZ.ZI.AN.ŠEŠ.KI,EN.NUNUZ.ZI.AN.ŠEŠ.KI,CM
EN.PAP.IGI@G.NUN.ME.EZEN×KASKAL,EN.PAP.IGI@g.NUN.ME.EZEN×KASKAL,CM
EN.PAP.IGI@g.NUN.ME.EZEN×KASKAL,EN.PAP.IGI@g.NUN.ME.EZEN×KASKAL,CM
EN.SAL.ME.NUNUZ.ZI.AN.ŠEŠ.KI,EN.SAL.ME.NUNUZ.ZI.AN.ŠEŠ.KI,CM
EN.TI,EN.TI,CM
EN.ZU,EN.ZU,CM
EN.ŠEŠ,EN.ŠEŠ,CM
EN2,ŠU2.AN,CM
EN3,LI,CM
EN4,KA,CM
EN5,PA.TE,CM
EN6,IN,CM
EN7,ZAG,CM
EN8,ŠA,CM
EN@EN,EN@EN,CM
ENA,EN,CM
ENAQA,NI.UD.IM,CM
ENBIR,LU2@LU2,CM
ENDIB,EN.ME.MU,CM
ENDIBDIM,HI×AŠ2,CM
ENDUB,EN.ME.MU,CM
ENDUR,PA,CM
ENEGIR,IM,CM
ENEGIR3,EN.DIM2.GIG,CM
ENEM,KA,CM
ENGAR,APIN,CM
ENGARA,APIN,CM
ENGARX(|KI.KA.LU2|),KI.KA.LU2,CM
ENGIZ,EN.ME.GI,CM
ENGIZ2,EN×ME.GI,CM
ENGIZX(|EN.GI|),EN.GI,CM
ENGUR,LAGAB×HAL,CM
ENGURX(|LAGAB×A|),LAGAB×A,CM
ENI,EN,CM
ENIGIN,A.LAGAB.LAGAB,CM
ENIM,KA,CM
ENIM2,NIM,CM
ENKAR,EN×GAN2@t,CM
ENKARA,EN×GAN2@t,CM
ENKU,ZAG.HA,CM
ENKUD,ZAG.HA,CM
ENKUM,EN.PAP.IGI@g.NUN.ME.EZEN×KASKAL,CM
ENKUX(|HA.ZAG|),HA.ZAG,CM
ENME,EN×ME,CM
ENMEN,KA×UD,CM
ENMEN2,KA×A,CM
ENNA,NI.UD.EN,CM
ENNIGI2,EN.NUNUZ.DIM2,CM
ENNIN,MUŠ3,CM
ENSAG,PA.TE.SI,CM
ENSI,EN.ME.LI,CM
ENSI2,PA.TE.SI,CM
ENSI3,EN×ME,CM
ENSIK,PA.TE.SI,CM
ENSIX(|GAR.PA.TE.SI|),GAR.PA.TE.SI,CM
ENSIX(|PA.TE.SI.GAR|),PA.TE.SI.GAR,CM
ENTEN,NE×A,CM
ENTENA,NE×A,CM
ENU,EN,CM
ENX(|NE.GI|),NE.GI,CM
EN×4,EN×4,CM
EN×GAN2,EN×GAN2,CM
EN×GAN2@T,EN×GAN2@t,CM
EN×GAN2@t,EN×GAN2@t,CM
EN×ME,EN×ME,CM
EN×ME.GI,EN×ME.GI,CM
ENŠAB,NU11,CM
ENŠADA,PA.TUG2,CM
ENŠADU,PA.TUG2,CM
EP,IB,CM
EP2,TUM,CM
EPIG,SIG,CM
EPIG2?,DUG,CM
EPIR,DUG,CM
EPIR2,BI,CM
EPIR3,A,CM
EPIR4,GA,CM
EQ,IG,CM
EQLU,GAN2,CM
ER,IR,CM
ER10?,DU,CM
ER13,LU2×EŠ2@t,CM
ER2,A.IGI,CM
ER3,ARAD,CM
ER4,URU,CM
ER6,A×IGI,CM
ER9,GIR3,CM
ERA2,A.IGI,CM
ERA3?,GA2×ME+EN,CM
ERA4?,GA2×PA,CM
ERA?,ARAD.RA,CM
ERAD?,ARAD,CM
ERARIMX(|URU×UD|),URU×UD,CM
ERBA,LIMMU2,CM
ERBURA,TAK4,CM
ERE,URU,CM
ERE14,IR,CM
EREM,ERIN2,CM
EREN,EREN,CM
EREN.ŠU.ME,EREN.ŠU.ME,CM
EREN2,ERIN2,CM
EREN8,UR2×HA,CM
ERENA,EREN,CM
ERENA2,ERIN2,CM
EREX(|LU2×EŠ2|),LU2×EŠ2,CM
EREX(|LU2×ŠU|),LU2×ŠU,CM
EREŠ,SAL.TUG2,CM
EREŠ2,NAGA,CM
EREŠ3,IR,CM
EREŠ4,APIN,CM
EREŠ5,GAL.AN.ZU,CM
EREŠU,IR,CM
ERI,URU,CM
ERI11,AB@g,CM
ERI12,AB,CM
ERI13,LU2×EŠ2@t,CM
ERI14,IR,CM
ERI15?,GA2×ME+EN,CM
ERI16?,GA2×PA,CM
ERI3,ARAD,CM
ERIB,AŠGAB,CM
ERIBURA,NUN%NUN,CM
ERIBX(|A.EDIN|),A.EDIN,CM
ERIBX(|SAL.UD|),SAL.UD,CM
ERIDA,NUN,CM
ERIDA2,PA.ŠA6,CM
ERIDU,NUN,CM
ERIDUG,NUN,CM
ERIDUGA,NUN,CM
ERIGAL,AB×GAL,CM
ERIM,ERIN2,CM
ERIM2,NE.RU,CM
ERIM3,URU×GAR,CM
ERIM4,GA2×UD,CM
ERIM5,AB@g,CM
ERIM6,URU×UD,CM
ERIM7,UR2×HA,CM
ERIMA2,NE.RU,CM
ERIMMAX(|URU×GAR|),URU×GAR,CM
ERIMX(|AB×U+U+U|),AB×U+U+U,CM
ERIN,EREN,CM
ERIN2,ERIN2,CM
ERIN2.NA,ERIN2.NA,CM
ERIN2.X1,ERIN2.X1,CM
ERIN3,URU×GAR,CM
ERIN4,GA2×UD,CM
ERIN5,AB@g,CM
ERIN6,URU×UD,CM
ERIN7,NE.RU,CM
ERIN9,UR2×HA,CM
ERINA,EREN,CM
ERINA2,ERIN2,CM
ERINA8,MUŠ%MUŠ.A.NA,CM
ERIX(|MAŠ.X|),MAŠ.X,CM
ERIX(|URU×UD|),URU×UD,CM
ERIŠ,SAL.TUG2,CM
ERIŠ2,NAGA,CM
ERIŠ4,APIN,CM
ERIŠ6,HI×BAD,CM
ERIŠ7,KAM2,CM
ERIŠTIX(|GAL.ZU|),GAL.ZU,CM
ERU,ARAD,CM
ERU2,SAG.SAL,CM
ERU3,SAG×SAL,CM
ERU4,A.EDIN,CM
ERU5,EDIN,CM
ERUA,A.EDIN,CM
ERUA2,EDIN,CM
ERUM,ARAD,CM
ERUM2,SAG.SAL,CM
ERUM3,SAG×SAL,CM
ERUM4,A.EDIN,CM
ERX(|DU.DU|),DU.DU,CM
ERX(|LU2×EŠ2|),LU2×EŠ2,CM
ERX(|LU2×ŠU|),LU2×ŠU,CM
ERŞETU,KI,CM
ES,GIŠ,CM
ES2,U.U.U,CM
ES3,AB,CM
ES5,IŠ,CM
ESA3,AB,CM
ESAG,A×SAG,CM
ESAG2,GA2×ŠE,CM
ESAGTUR,GA2×ŠE+TUR,CM
ESAGX(|E2.ŠE|),E2.ŠE,CM
ESAGX(|E2×ŠE|),E2×ŠE,CM
ESAĜ,A×SAG,CM
ESAĜ2,GA2×ŠE,CM
ESAĜTUR,GA2×ŠE+TUR,CM
ESEN,EZEN,CM
ESEŠ,A.IGI,CM
ESI,KAL,CM
ESIBIR,GA2×EN×GAN2@t,CM
ESIG,KAL,CM
ESIKILLA,GA2×EL+LA,CM
ESIN,EZEN,CM
ESIR,A.LAGAB×KUL,CM
ESIR2,LAGAB×KUL,CM
ESIR3,KAD5.KAD5,CM
ESIR4,GI%GI,CM
ESIR5,GI4%GI4,CM
ESIRHA,LAGAB×KUL+HI+A,CM
ESIRHIA,LAGAB×KUL+HI+A,CM
ESIRX(LAK171@S),LAK171@s,CM
ESIRX(|KAD5&KAD5|),KAD5&KAD5,CM
ESIŠ3,A.IGI,CM
ESSAD,ZAG.HA,CM
ESSADU,AB.HA.ZAG.GABA.HU,CM
ET,A2,CM
ETAM,GA2×UD,CM
ETUTUMX(|GA2×BAD|),GA2×BAD,CM
EURRE,E2.KI.SUM.GA,CM
EW,PI,CM
EX(PI),PI,CM
EX(|LAGAB×HAL|),LAGAB×HAL,CM
EX(|LUGAL@LUGAL|),LUGAL@LUGAL,CM
EZ,GIŠ,CM
EZ3,AB,CM
EZE,LU,CM
EZEM,EZEN,CM
EZEMA,EZEN,CM
EZEN,EZEN,CM
EZEN4,EZEN×ŠE,CM
EZENA,EZEN,CM
EZENNAX(|ŠE.ŠE.NUN&NUN|),ŠE.ŠE.NUN&NUN,CM
EZEN×A,EZEN×A,CM
EZEN×A+LAL,EZEN×A+LAL,CM
EZEN×A+LAL2,EZEN×A+LAL2,CM
EZEN×AN,EZEN×AN,CM
EZEN×BAD,EZEN×BAD,CM
EZEN×BAD.AN,EZEN×BAD.AN,CM
EZEN×DUN3@G,EZEN×DUN3@g,CM
EZEN×DUN3@G@G,EZEN×DUN3@g@g,CM
EZEN×DUN3@g,EZEN×DUN3@g,CM
EZEN×DUN3@g@g,EZEN×DUN3@g@g,CM
EZEN×HA,EZEN×HA,CM
EZEN×HA@g,EZEN×HA@g,CM
EZEN×IGI@G,EZEN×IGI@g,CM
EZEN×IGI@g,EZEN×IGI@g,CM
EZEN×KASKAL,EZEN×KASKAL,CM
EZEN×KASKAL×4,EZEN×KASKAL×4,CM
EZEN×KU3,EZEN×KU3,CM
EZEN×LA,EZEN×LA,CM
EZEN×LAL2,EZEN×LAL2,CM
EZEN×LI,EZEN×LI,CM
EZEN×LU,EZEN×LU,CM
EZEN×U2,EZEN×U2,CM
EZEN×UD,EZEN×UD,CM
EZEN×X,EZEN×X,CM
EZEN×ŠE,EZEN×ŠE,CM
EZIM2,ŠE.ŠE.NUN&NUN,CM
EZIN,EZEN,CM
EZIN2,ŠE.ŠE.NUN&NUN,CM
EZINA2,ŠE.ŠE.NUN&NUN,CM
EZINAX(|(ŠE.NUN&NUN)×TAK4|),(ŠE.NUN&NUN)×TAK4,CM
EZINU2,ŠE.ŠE.NUN&NUN,CM
EZINU3,ŠE.NUN&NUN,CM
EZINUX(|(ŠE.NUN&NUN)×TAK4|),(ŠE.NUN&NUN)×TAK4,CM
EZINUX(|GIŠ×TAK4|),GIŠ×TAK4,CM
EZIX(|SAL.LAGAR|),SAL.LAGAR,CM
E×PAP,E×PAP,CM
EĜ,IG,CM
EĜ3,NINDA2×NE,CM
EĜARA,GA2×GAR,CM
EĜARAX(|E2×GAR|),E2×GAR,CM
EĜER,EGIR,CM
EĜERA,EGIR,CM
EĜIR,EGIR,CM
EĜIR5,LUM,CM
EĜIR6?,MURGU2,CM
EŞ,GIŠ,CM
EŞ3,AB,CM
EŠ,U.U.U,CM
EŠ10,A,CM
EŠ11?,RI,CM
EŠ12,NE×UD,CM
EŠ13,NE×A,CM
EŠ14,EL,CM
EŠ15,IŠ,CM
EŠ16,AŠ&AŠ&AŠ,CM
EŠ17,ME.U.U.U,CM
EŠ18,AŠ,CM
EŠ19,GIŠ,CM
EŠ2,EŠ2,CM
EŠ2.BU.NUN.EŠ2.TU,EŠ2.BU.NUN.EŠ2.TU,CM
EŠ2.HUL2,EŠ2.HUL2,CM
EŠ2.KA,EŠ2.KA,CM
EŠ2.LU3,EŠ2.LU3,CM
EŠ2.MAH,EŠ2.MAH,CM
EŠ2.PAP.PAP,EŠ2.PAP.PAP,CM
EŠ2.SUD.NUN.EŠ2.TU,EŠ2.SUD.NUN.EŠ2.TU,CM
EŠ2.UD,EŠ2.UD,CM
EŠ2.ŠE,EŠ2.ŠE,CM
EŠ20,AŠ,CM
EŠ21,TAB.AŠ,CM
EŠ22,LAM×KUR,CM
EŠ2@t,EŠ2@t,CM
EŠ2@t.GIR2@g,EŠ2@t.GIR2@g,CM
EŠ3,AB,CM
EŠ4,DIŠ,CM
EŠ5,DIŠ.DIŠ.DIŠ,CM
EŠ6,AŠ.AŠ.AŠ,CM
EŠ7,BAD,CM
EŠ8,KASKAL,CM
EŠ9,A.IGI,CM
EŠA,A.ŠE.NUN&NUN,CM
EŠA2,U.U.U,CM
EŠA3,AB,CM
EŠA5,DIŠ.DIŠ.DIŠ,CM
EŠAX(KAL),KAL,CM
EŠDA,ŠITA2,CM
EŠDA2,ŠITA.GIŠ.TUG2,CM
EŠDA3,ŠITA,CM
EŠDAX(KU7),KU7,CM
EŠE,U.U.U,CM
EŠE2,EŠ2,CM
EŠE3,IDIM,CM
EŠE4,A.ŠE.NUN&NUN,CM
EŠELA,LU2×EŠ2.LAL,CM
EŠELAL,LU2×EŠ2.LAL,CM
EŠEMEN,KI.E.NE.DI,CM
EŠEMEN2,KI.E.NE.DI.AN.MUŠ3,CM
EŠEMEN3,EŠ2.HUL2,CM
EŠEMEN4,AB×IMIN,CM
EŠEMEN5,BI,CM
EŠEMIN,KI.E.NE.DI,CM
EŠEMIN2,KI.E.NE.DI.AN.MUŠ3,CM
EŠEMIN3,EŠ2.HUL2,CM
EŠEMIN4,AB×IMIN,CM
EŠEMIN5,BI,CM
EŠER,A.LAGAB×KUL,CM
EŠEX(AB),AB,CM
EŠGAL,AB×GAL,CM
EŠGAR,AŠ2.GAR3,CM
EŠGARX(|U.EN×GAN2@T|),U.EN×GAN2@t,CM
EŠGIRI,U.EN×GAN2@t,CM
EŠGIRI2,EN×GAN2@t,CM
EŠKIRI,U.EN×GAN2@t,CM
EŠKIRI2,EN×GAN2@t,CM
EŠLUG,LU2×LAGAB,CM
EŠQA,KU7,CM
EŠSAD,ZAG.HA,CM
EŠSADU,AB.HA.ZAG.GABA.HU,CM
EŠTAX(|ŠITA.GIŠ.TUG2|),ŠITA.GIŠ.TUG2,CM
EŠTUB,GUD,CM
EŠUX(|LAM×KUR|),LAM×KUR,CM
EŠX(LAM),LAM,CM
EŠŠA2?,ŠU2,CM
EŠŠA3?,GI,CM
EŠŠABA,DIC.DIC.DIC.U.U,CM
EŠŠAD,ZAG.HA,CM
EŠŠANA,DIC.DIC.DIC.U.U,CM
EŠŠEB,KI.IB,CM
EŠŠU2,AN,CM
EŢ,A2,CM
EŢLU,KAL,CM
EŢUTU,GA2×BAD,CM
F,SAL,CM
GA,GA,CM
GA'AZAG?,GA2×KU3+AN,CM
GA-ŠA-AN-AN-NA,MUŠ3,CM
GA.A,GA.A,CM
GA.BALAG,GA.BALAG,CM
GA.DIŠ,GA.DIŠ,CM
GA.DUB2,GA.DUB2,CM
GA.GA,GA.GA,CM
GA.KAD3,GA.KAD3,CM
GA.KASKAL,GA.KASKAL,CM
GA.KASKAL.KAL.NE,GA.KASKAL.KAL.NE,CM
GA.LAGAB,GA.LAGAB,CM
GA.MA2.DUB2,GA.MA2.DUB2,CM
GA.MA2.IGI@G,GA.MA2.IGI@g,CM
GA.MA2.IGI@g,GA.MA2.IGI@g,CM
GA.MA2.KASKAL.IGI@g,GA.MA2.KASKAL.IGI@g,CM
GA.NI,GA.NI,CM
GA.UZ.IGI@G,GA.UZ.IGI@g,CM
GA.UZ.IGI@g,GA.UZ.IGI@g,CM
GA.UZ3,GA.UZ3,CM
GA.UZ3.HI,GA.UZ3.HI,CM
GA.UZ3.IGI@G,GA.UZ3.IGI@g,CM
GA.UZ3.IGI@g,GA.UZ3.IGI@g,CM
GA11?,HI×AŠ2,CM
GA12?,MI,CM
GA14,KA,CM
GA15?,GABA,CM
GA2,GA2,CM
GA2&GA2,GA2&GA2,CM
GA2×A+DA+HA,GA2×A+DA+HA,CM
GA2×A+HA,GA2×A+HA,CM
GA2×A+IGI,GA2×A+IGI,CM
GA2×AB2@T+TAB,GA2×AB2@t+TAB,CM
GA2×AB2@t+TAB,GA2×AB2@t+TAB,CM
GA2×AN,GA2×AN,CM
GA2×AN.A.TU,GA2×AN.A.TU,CM
GA2×AN.AN.MUŠ3,GA2×AN.AN.MUŠ3,CM
GA2×AN.DUN3@G,GA2×AN.DUN3@g,CM
GA2×AN.DUN3@g,GA2×AN.DUN3@g,CM
GA2×AN.KAK.A,GA2×AN.KAK.A,CM
GA2×AN.LUL,GA2×AN.LUL,CM
GA2×AN.TU,GA2×AN.TU,CM
GA2×AN.X,GA2×AN.X,CM
GA2×AN.ŠIM,GA2×AN.ŠIM,CM
GA2×AN.ŠIM×GAR,GA2×AN.ŠIM×GAR,CM
GA2×AŠ,GA2×AŠ,CM
GA2×AŠ2+GAL,GA2×AŠ2+GAL,CM
GA2×BAD,GA2×BAD,CM
GA2×BAR+RA,GA2×BAR+RA,CM
GA2×BUR,GA2×BUR,CM
GA2×BUR+RA,GA2×BUR+RA,CM
GA2×DA,GA2×DA,CM
GA2×DI,GA2×DI,CM
GA2×DIM×ŠE,GA2×DIM×ŠE,CM
GA2×DUB,GA2×DUB,CM
GA2×EL,GA2×EL,CM
GA2×EL+LA,GA2×EL+LA,CM
GA2×EN,GA2×EN,CM
GA2×EN×GAN2@T,GA2×EN×GAN2@t,CM
GA2×EN×GAN2@t,GA2×EN×GAN2@t,CM
GA2×GAN2@T,GA2×GAN2@t,CM
GA2×GAN2@t,GA2×GAN2@t,CM
GA2×GAR,GA2×GAR,CM
GA2×GI,GA2×GI,CM
GA2×GI4,GA2×GI4,CM
GA2×GI4+A,GA2×GI4+A,CM
GA2×GIR2+SU,GA2×GIR2+SU,CM
GA2×HA+LU+EŠ2,GA2×HA+LU+EŠ2,CM
GA2×HAL,GA2×HAL,CM
GA2×HAL+LA,GA2×HAL+LA,CM
GA2×HI+LI,GA2×HI+LI,CM
GA2×HUB2,GA2×HUB2,CM
GA2×IGI@G,GA2×IGI@g,CM
GA2×IGI@g,GA2×IGI@g,CM
GA2×IŠ+HU+AŠ,GA2×IŠ+HU+AŠ,CM
GA2×KAK,GA2×KAK,CM
GA2×KASKAL,GA2×KASKAL,CM
GA2×KID,GA2×KID,CM
GA2×KID+LAL,GA2×KID+LAL,CM
GA2×KU3+AN,GA2×KU3+AN,CM
GA2×LA,GA2×LA,CM
GA2×ME+EN,GA2×ME+EN,CM
GA2×MI,GA2×MI,CM
GA2×NUN,GA2×NUN,CM
GA2×NUN&NUN,GA2×NUN&NUN,CM
GA2×PA,GA2×PA,CM
GA2×SAL,GA2×SAL,CM
GA2×SAR,GA2×SAR,CM
GA2×SUM,GA2×SUM,CM
GA2×TAK4,GA2×TAK4,CM
GA2×U,GA2×U,CM
GA2×UD,GA2×UD,CM
GA2×UD+DU,GA2×UD+DU,CM
GA2×X,GA2×X,CM
GA2×ŠE,GA2×ŠE,CM
GA2×ŠE+TUR,GA2×ŠE+TUR,CM
GA2×ŠID,GA2×ŠID,CM
GA3?,GAN2,CM
GA4,GAR,CM
GA5,SILA3,CM
GA6,IL2,CM
GA7,IG,CM
GA8,GI4,CM
GA@G,GA@g,CM
GA@g,GA@g,CM
GAB,GABA,CM
GAB2,KAB,CM
GAB3,KA×A,CM
GABA,GABA,CM
GABA%GABA,GABA%GABA,CM
GABA.LIŠ,GABA.LIŠ,CM
GABA2,KAB,CM
GABAR,PA.DAG.KISIM5×KAK,CM
GABAR2,DAG.KISIM5×KAK,CM
GABRAX(|DA.UŠ|),DA.UŠ,CM
GABU2,KAB,CM
GABURRA,GA2×BUR+RA,CM
GABURRA?,GA2×BAR+RA,CM
GABUX(|KAB.BU|),KAB.BU,CM
GAD,GAD,CM
GAD&GAD.GAR&GAR,GAD&GAD.GAR&GAR,CM
GAD.DUN3,GAD.DUN3,CM
GAD.TAK4,GAD.TAK4,CM
GAD.TAK4.GIŠ,GAD.TAK4.GIŠ,CM
GAD.TAK4.SI,GAD.TAK4.SI,CM
GADA,GAD,CM
GADIBDIM,HI×AŠ2,CM
GADMA,GUD,CM
GADU,GAD,CM
GADUB,GA2×DUB,CM
GADX(LU3),LU3,CM
GAEŠ,GA.KASKAL,CM
GAEŠ2,KASKAL.GA,CM
GAG,KAK,CM
GAGA,GA2×IGI@g,CM
GAGAL,IG,CM
GAGALAM,GALAM.GALAM,CM
GAGAR,KI,CM
GAGAX(|NUN.LAGAR×GAR|),NUN.LAGAR×GAR,CM
GAGAZU?,GAL.ZU,CM
GAGGIM,MUG,CM
GAGI,GA2×GI4,CM
GAGI2,GA2×GI,CM
GAGIA,GA2×GI4,CM
GAGIA2,GA2×GI,CM
GAGIG,GA2×MI,CM
GAGIGX(|E2×MI|),E2×MI,CM
GAGIM,MUG,CM
GAGIRSU,GA2×GIR2+SU,CM
GAGRI?,GI4,CM
GAGX(|ZA.GUL|),ZA.GUL,CM
GAHALLA,GA2×HAL+LA,CM
GAHILI,GA2×HI+LI,CM
GAIŠ,GA.KASKAL,CM
GAIŠ2,KASKAL.GA,CM
GAK,KAK,CM
GAKIM,MUG,CM
GAKIŞŞU,GA2×AB2@t+TAB,CM
GAKKUL,U.DIM×ŠE,CM
GAKKUL2,DIM×ŠE,CM
GAKKUL3,U.DIM,CM
GAL,GAL,CM
GAL-DI,GAL.DI,CM
GAL-ZU,GAL.ZU,CM
GAL.AN.ZU,GAL.AN.ZU,CM
GAL.AŠGAB,GAL.AŠGAB,CM
GAL.BAR.EDIN,GAL.BAR.EDIN,CM
GAL.BUR2,GAL.BUR2,CM
GAL.DI,GAL.DI,CM
GAL.DIM2,GAL.DIM2,CM
GAL.DUN3@G@G,GAL.DUN3@g@g,CM
GAL.DUN3@g@g,GAL.DUN3@g@g,CM
GAL.GAD&GAD.GAR&GAR,GAL.GAD&GAD.GAR&GAR,CM
GAL.GIŠ.TUG2.TE.A.DU,GAL.GIŠ.TUG2.TE.A.DU,CM
GAL.LUH,GAL.LUH,CM
GAL.NAGAR,GAL.NAGAR,CM
GAL.NI,GAL.NI,CM
GAL.TE,GAL.TE,CM
GAL.TE.LAL,GAL.TE.LAL,CM
GAL.UMUM,GAL.UMUM,CM
GAL.URI,GAL.URI,CM
GAL.URU×BAR,GAL.URU×BAR,CM
GAL.ZU,GAL.ZU,CM
GAL.ŠUBUR,GAL.ŠUBUR,CM
GAL10,LU2.DIŠ,CM
GAL2,IG,CM
GAL3?,URU×MIN,CM
GAL4,SAL,CM
GAL4-LA,SAL.LA,CM
GAL5,TE,CM
GAL5-LA,TE.LAL,CM
GAL8,UD,CM
GAL9,KAL,CM
GALA,UŠ.KU,CM
GALA10,LU2.DIŠ,CM
GALA11,LAGAB×DAR,CM
GALA2,SAL.LA,CM
GALA3,LAGAB×U,CM
GALA4,LAGAB×AL,CM
GALA5,LAGAB×KI,CM
GALA6,ŠU2,CM
GALA7,IG,CM
GALA8,GAL,CM
GALAM,GALAM,CM
GALAM.GALAM,GALAM.GALAM,CM
GALAX(|ARAD.KU|),ARAD.KU,CM
GALAX(|UŠ×KU|),UŠ×KU,CM
GALE,GAL,CM
GALGA,GA2×GAR,CM
GALGAX(|GA2×IGI@G|),GA2×IGI@g,CM
GALGAX(|NUN.LAGAR×GAR|),NUN.LAGAR×GAR,CM
GALILLA,GA2×KID+LAL,CM
GALLA,TE.LAL,CM
GALLA2,SAL.LA,CM
GALLAGALX(|GAL.TE.LAL|),GAL.TE.LAL,CM
GALLAX(TE),TE,CM
GALTI,GAL.DI,CM
GALU,TE.LAL,CM
GALX(ME),ME,CM
GALX(|UŠ.KU|),UŠ.KU,CM
GAM,GAM,CM
GAM.GAM,GAM.GAM,CM
GAM2,HI×BAD,CM
GAM3,KAM4,CM
GAM4,GAN,CM
GAMA2?,HI×BAD,CM
GAMAR,NI,CM
GAMBI?,SAL.UŠ.DI,CM
GAMBIX(SAL),SAL,CM
GAML,KU7,CM
GAMMU?,SAL.UŠ.DI,CM
GAMU,SAL.UŠ.DI,CM
GAMUN,DIN.ŠE.NUN&NUN,CM
GAMUN2,ŠE.NUN&NUN,CM
GAMURX(LAK490),LAK490,CM
GAMX(LUM),LUM,CM
GAN,GAN,CM
GAN2,GAN2,CM
GAN2%GAN2,GAN2%GAN2,CM
GAN2&GAN2,GAN2&GAN2,CM
GAN2.BU,GAN2.BU,CM
GAN2@T,GAN2@t,CM
GAN2@T.GAN2@T,GAN2@t.GAN2@t,CM
GAN2@t,GAN2@t,CM
GAN2@t.GAN2@t,GAN2@t.GAN2@t,CM
GAN3,DU@s.A,CM
GAN7,GAM,CM
GANA,GAN,CM
GANA2,GAN2,CM
GANA3,DU@s.A,CM
GANA4,LAGAB×GUD+GUD,CM
GANA5,LAGAB×GUD,CM
GANA6,DARA4,CM
GANAM4,LAGAB×GUD+GUD,CM
GANAM5,LAGAB×GUD,CM
GANAM6,DARA4,CM
GANAMX(|SIK2.AŠ|),SIK2.AŠ,CM
GANAX(|KA×MI|),KA×MI,CM
GANAX(|SIK2.AŠ|),SIK2.AŠ,CM
GANBA,KI.LAM,CM
GANSIS,TA@g,CM
GANSISX(|TA×MI|),TA×MI,CM
GANU,U.EN×GAN2@t,CM
GANUN,GA2×NUN,CM
GANZER,IGI.KUR.ZA,CM
GANZER2,NE.SI.A,CM
GANZER3,IGI.KUR,CM
GANZERX(TA@G),TA@g,CM
GANZIR,IGI.KUR.ZA,CM
GANZIR2,NE.SI.A,CM
GANZIR3,IGI.KUR,CM
GAP,GABA,CM
GAP2,KAB,CM
GAPI?,GAR.GA2×A+IGI,CM
GAR,GAR,CM
GAR.GA2×A+IGI,GAR.GA2×A+IGI,CM
GAR.GAD.TAK4.UR2,GAR.GAD.TAK4.UR2,CM
GAR.GU.SUR.NUN,GAR.GU.SUR.NUN,CM
GAR.IB,GAR.IB,CM
GAR.KINGUSILI.SILA3,GAR.KINGUSILI.SILA3,CM
GAR.LAGAB,GAR.LAGAB,CM
GAR.LU3,GAR.LU3,CM
GAR.PA.TE.SI,GAR.PA.TE.SI,CM
GAR.SAG.IL2.EZEN.SAL,GAR.SAG.IL2.EZEN.SAL,CM
GAR.SAG.IL2.EZEN.UŠ,GAR.SAG.IL2.EZEN.UŠ,CM
GAR.ŠA3,GAR.ŠA3,CM
GAR.ŠA3.A,GAR.ŠA3.A,CM
GAR.ŠA3×A,GAR.ŠA3×A,CM
GAR.ŠANABI.SILA3,GAR.ŠANABI.SILA3,CM
GAR.ŠID,GAR.ŠID,CM
GAR.ŠU.DUGUD,GAR.ŠU.DUGUD,CM
GAR.ŠUŠANA.SILA3,GAR.ŠUŠANA.SILA3,CM
GAR10,GA.NI,CM
GAR11,GA.A,CM
GAR12,GA.DIŠ,CM
GAR13,TE@g,CM
GAR14,TE.A,CM
GAR19,GAN2@t,CM
GAR2,GA@g,CM
GAR3,GAR3,CM
GAR4,GUD,CM
GAR5,LU3,CM
GAR6,NUN,CM
GAR7,MAR,CM
GAR8,SIG4,CM
GAR9,GA,CM
GARA,GAR,CM
GARA10,GA.NI,CM
GARA11,GA.A,CM
GARA2,GA@g,CM
GARA3,GAR3,CM
GARA4,GUD,CM
GARA6,NUN,CM
GARA8,SIG4,CM
GARA9,GA,CM
GARADIN,(ŠE.NUN&NUN)&(ŠE.NUN&NUN).GAD&GAD.GAR&GAR,CM
GARADIN10,U&U.PA&PA.GAR&GAR,CM
GARADIN2,ŠE&ŠE.GAD&GAD.GAR&GAR,CM
GARADIN3,ŠE&ŠE.TAB&TAB.GAR&GAR,CM
GARADIN4,(ŠE.NUN&NUN)&(ŠE.NUN&NUN).LAGAB.LAGAB,CM
GARADIN5?,LAGAB.LAGAB,CM
GARADIN6?,(ŠE.NUN&NUN)&(ŠE.NUN&NUN),CM
GARADIN7,ŠE&ŠE.PA&PA.GAR&GAR,CM
GARADIN8,ŠE&ŠE.GAR&GAR,CM
GARADIN9,U&U.SUR&SUR,CM
GARAK,GAN2@t,CM
GARAK5,GAR,CM
GARAX(|GA.KASKAL|),GA.KASKAL,CM
GARAŠ,GA2×HUB2,CM
GARAŠ2,KI.KAL×BAD,CM
GARAŠ3,GA.KASKAL,CM
GARAŠ4,KASKAL.GA,CM
GARAŠ5,KI.KAL,CM
GARAŠAX(|KI.BAD|),KI.BAD,CM
GARAŠX(|KI.KAL.BAD.IDIM|),KI.KAL.BAD.IDIM,CM
GARIG2?,ZUM,CM
GARIM,LAGAB×KU3,CM
GARIM2,DAG.KISIM5×AMAR,CM
GARIMX(|SAL.LAGAR|),SAL.LAGAR,CM
GARIN,LAGAB×KU3,CM
GARINX(|GA2×AN.ŠIM×GAR|),GA2×AN.ŠIM×GAR,CM
GARINX(|SAL.LAGAR|),SAL.LAGAR,CM
GARU,UD.KUŠU2,CM
GARX(GIR2),GIR2,CM
GARX(NUN@T),NUN@t,CM
GARX(|GA.GA|),GA.GA,CM
GARZA,PA.AN,CM
GARZA2,PA.LUGAL,CM
GARZU,PA.AN,CM
GAS,GUM×ŠE,CM
GAS2?,GUM,CM
GASA,KA×GIŠ%GIŠ,CM
GASAX(ŠIR),ŠIR,CM
GASIBIR,GA2×EN×GAN2@t,CM
GASIKILLA,GA2×EL+LA,CM
GASX(|NU11.BUR|),NU11.BUR,CM
GAT,GAD,CM
GAT2,KAD2,CM
GAT3,KAD3,CM
GAX(GALAM),GALAM,CM
GAX(ME),ME,CM
GAYAYU,LAGAB×GUD+GUD,CM
GAYAYUX(|SIK2.AŠ|),SIK2.AŠ,CM
GAZ,GUM×ŠE,CM
GAZ2,GUM,CM
GAZ3,DUB×EŠ2,CM
GAZA,GUM×ŠE,CM
GAZA3,KA×GIŠ%GIŠ,CM
GAZAG?,GA2×KU3+AN,CM
GAZAX(|GA2×PA|),GA2×PA,CM
GAZI,GA2×PA,CM
GAZI2,GA2×SUM,CM
GAZI3,GA2×SAR,CM
GAZIBU,BU,CM
GAZIGAL,GA2×AŠ2+GAL,CM
GAZIMBI,BU,CM
GAZINBI,BU,CM
GAZINBU,BU,CM
GAZUM,SAL.LAGAB×AŠ2,CM
GAZUM2,ZUM,CM
GAZUMX(|ZUM.LAGAB|),ZUM.LAGAB,CM
GAŞ,GUM×ŠE,CM
GAŠ,BI,CM
GAŠAM,NUN.ME.TAG,CM
GAŠAMX(|ME.NUN.TAG|),ME.NUN.TAG,CM
GAŠAN,GAŠAN,CM
GAŠMU,AŠ&AŠ.TUG2&TUG2.TUG2&TUG2.PAP,CM
GAŠŠU,NUN.ME.TAG,CM
GE,GI,CM
GE10,NE@s,CM
GE11,DUN3@g,CM
GE12,SAL.KUR,CM
GE13?,DU,CM
GE14,U,CM
GE15,AŠ,CM
GE16,GI%GI,CM
GE17,GIG,CM
GE18,DIM2,CM
GE19,PEŠ2,CM
GE2,KID,CM
GE20,GA,CM
GE21?,KUR,CM
GE22,AŠ@k,CM
GE23,AŠ@z,CM
GE24,ARAD×KUR,CM
GE26,GA2,CM
GE28,DAG.KISIM5×NE,CM
GE3,DIŠ,CM
GE4,GI4,CM
GE5,KI,CM
GE6,MI,CM
GE7,EŠ2,CM
GE8,IGI,CM
GE9,NE,CM
GEDIM,GIDIM,CM
GEL,GI%GI,CM
GELE3,KA×LI,CM
GELI3,KA×LI,CM
GELTAN,PI,CM
GEM,DIM2,CM
GEM3,SAL.KUR,CM
GEME2,SAL.KUR,CM
GEME3,ARAD×KUR,CM
GEN,DU,CM
GEN3,KUR,CM
GEN6,GI,CM
GEN7,DIM2,CM
GENA,TUR.DIŠ,CM
GENAN,TUR.DIŠ,CM
GENNA,TUR.DIŠ,CM
GER15,EŠ2,CM
GER3,GIR3,CM
GEREŠ,HI×ŠE,CM
GEREŠ3,ARAD×KUR,CM
GEX(ME),ME,CM
GEZ,GIŠ,CM
GEŠ,GIŠ,CM
GEŠ-TIN,GIŠ.DIN,CM
GEŠ2,DIŠ,CM
GEŠ3,UŠ,CM
GEŠ4,AŠ,CM
GEŠBA,RU,CM
GEŠBU,RU,CM
GEŠBU2,ŠU.PAP.PAP,CM
GEŠBUN,KI.BI.GAR,CM
GEŠBUN2,KI.BI,CM
GEŠBUNX(|GIŠ.KI.BI|),GIŠ.KI.BI,CM
GEŠBURX(U),U,CM
GEŠBUX?(|GIŠ.RU|),GIŠ.RU,CM
GEŠDU,PI,CM
GEŠDU2,GIŠ.TUG2.PI,CM
GEŠDU3,GIŠ.PI.TUG2,CM
GEŠDU4,IGI.DU,CM
GEŠHAR,GIŠ×BAD,CM
GEŠHUR,KAD4,CM
GEŠIMMAR,ŠA6,CM
GEŠKAD,KAD4,CM
GEŠKADX?(TUM),TUM,CM
GEŠNIMBAR,ŠA6,CM
GEŠNU,NU11,CM
GEŠNU2,NU11.IR,CM
GEŠPAX?(|GIŠ.RU|),GIŠ.RU,CM
GEŠPU2,ŠU.PAP.PAP,CM
GEŠPUX?(|GIŠ.RU|),GIŠ.RU,CM
GEŠTA,DIŠ,CM
GEŠTAE,ZA×4×KUR,CM
GEŠTAEX(|ZA.KUR|),ZA.KUR,CM
GEŠTARA,PA,CM
GEŠTIN,GEŠTIN,CM
GEŠTINA,GEŠTIN,CM
GEŠTIN×KUR,GEŠTIN×KUR,CM
GEŠTU,PI,CM
GEŠTU2,GIŠ.TUG2.PI,CM
GEŠTU3,GIŠ.PI.TUG2,CM
GEŠTU4,IGI.DU,CM
GEŠTUG,PI,CM
GEŠTUG2,GIŠ.TUG2.PI,CM
GEŠTUG3,GIŠ.PI.TUG2,CM
GEŠTUNUX(PI),PI,CM
GEŠTUX(|IGI.EŠ2.DU|),IGI.EŠ2.DU,CM
GEŠU,DIŠ,CM
GEŠX(|U.U|),U.U,CM
GEŠX(|UŠ×KUR|),UŠ×KUR,CM
GI,GI,CM
GI%GI,GI%GI,CM
GI.KAK,GI.KAK,CM
GI.LU,GI.LU,CM
GI.NA.AB.NA.TUM,GI.NA.AB.NA.TUM,CM
GI.NA.AB.U.GUD,GI.NA.AB.U.GUD,CM
GI.PAD,GI.PAD,CM
GI10,NE@s,CM
GI11,DUN3@g,CM
GI12,SAL.KUR,CM
GI16,GI%GI,CM
GI17,GIG,CM
GI18,DIM2,CM
GI2,KID,CM
GI25?,DUGUD,CM
GI27,BU,CM
GI3,DIŠ,CM
GI4,GI4,CM
GI4%GI4,GI4%GI4,CM
GI4&GI4,GI4&GI4,CM
GI5,KI,CM
GI6,MI,CM
GI7,EŠ2,CM
GI8,IGI,CM
GI9,NE,CM
GIB,GI%GI,CM
GIB2,GIŠ%GIŠ,CM
GIB3,GIG,CM
GIBIL,NE@s,CM
GIBIL2,ŠU2.AŠ2,CM
GIBIL3,KI.NE,CM
GIBIL4,NE,CM
GIBIL5,GALAM.GALAM,CM
GIBIL6,NE.GI,CM
GIBIL7,ŠU2.AN,CM
GIBILA,NE@s,CM
GIBILX(|GIŠ.NE@S|),GIŠ.NE@s,CM
GIBIR,ŠU2.AŠ2,CM
GIBIR2,ŠU2.AN,CM
GIBIRU,U,CM
GIBURU,U,CM
GID,KID,CM
GID2,BU,CM
GID3?,SA,CM
GID4?,GAD,CM
GID6,TAK4,CM
GIDA2,BU,CM
GIDA4,GAD,CM
GIDAR,PA,CM
GIDAX?(|E2×BAD|),E2×BAD,CM
GIDEŠTA?,GAR.ŠUŠANA.SILA3,CM
GIDEŠTAX?(|GAR.KINGUSILI.SILA3|),GAR.KINGUSILI.SILA3,CM
GIDEŠTAX?(|GAR.ŠANABI.SILA3|),GAR.ŠANABI.SILA3,CM
GIDI3,BU,CM
GIDI6,UD.GAN,CM
GIDIM,GIDIM,CM
GIDIM2,MAŠ.U,CM
GIDIM3,BU,CM
GIDIM4,UDUG,CM
GIDIM7?,GUD,CM
GIDIRX(PA),PA,CM
GIDLAM,SAL.UŠ.DAM,CM
GIDLAM2,UŠ.DAM,CM
GIDLAM3,UŠ.SAL.DAM,CM
GIDLAM4,SAL.UŠ,CM
GIDRI,PA,CM
GIDRU,PA,CM
GIDX(|DU.DU|),DU.DU,CM
GIG,GIG,CM
GIG2,MI,CM
GIG3?,GI%GI,CM
GIG4,DUN3@g,CM
GIGAM,LU2@LU2,CM
GIGAMX(|LU2.LU2|),LU2.LU2,CM
GIGGI,MI,CM
GIGI,GI4%GI4,CM
GIGI2,MI,CM
GIGIR,LAGAB×BAD,CM
GIGIR2,LAGAB×U,CM
GIGIR3,LAGAB×LIŠ,CM
GIGIR4?,LAGAR@g.DU,CM
GIGIRA,LAGAB×BAD,CM
GIGIRA2,LAGAB×U,CM
GIGIRUM,GAM.GAM,CM
GIGIRX(|LAGAB×TIL|),LAGAB×TIL,CM
GIGRI,DU@g.DU@g,CM
GIGRI2,DU@s.DU@s,CM
GIGURU,U,CM
GIGURU2,MAŠ.U,CM
GIGURU3,KA×ŠID,CM
GIKKI,MI,CM
GIL,GI%GI,CM
GIL2,LAGAB,CM
GIL3,IL2,CM
GILGAMES,GIŠ.DUN3@g.MAŠ,CM
GILGAMES3,GIŠ.NE.GA.MES,CM
GILGAMEŠ,GIŠ.DUN3@g.MAŠ,CM
GILGAMEŠ2,GIŠ.NE@s.GA.ME.U.U.U,CM
GILGAMEŠ3,GIŠ.NE.GA.MES,CM
GILI,GI%GI,CM
GILI2,LAGAB,CM
GILI3,KA×LI,CM
GILIB3,KA×LI,CM
GILIB4,KA×RU,CM
GILIBX(|GI%GI|),GI%GI,CM
GILILI,PEŠ2,CM
GILIM,GI%GI,CM
GILIM2,PEŠ2,CM
GILIN,PEŠ2,CM
GILLIM,GI%GI,CM
GILUGU?,LAGAB×HAL,CM
GIM,DIM2,CM
GIM2,DUN3@g,CM
GIM3,SAL.KUR,CM
GIM4,DU@s,CM
GIM5?,DU@g,CM
GIM6,DU,CM
GIM7,BU,CM
GIM8?,GAD.TAK4.GIŠ,CM
GIMI,DIM2,CM
GIN,DU,CM
GIN2,DUN3@g,CM
GIN3,KUR,CM
GIN4,ZI&ZI.LAGAB,CM
GIN5,SAL.KUR,CM
GIN6,GI,CM
GIN7,DIM2,CM
GIN8,HI×AŠ2,CM
GINA,TUR.DIŠ,CM
GINA2,DUN3@g,CM
GINA3,KUR,CM
GINAN,TUR.DIŠ,CM
GINAX(DU),DU,CM
GINGIRA?,KISIM5&KISIM5,CM
GINNA,TUR.DIŠ,CM
GINX(|A.ZI&ZI|),A.ZI&ZI,CM
GINX(|ZI&ZI.A|),ZI&ZI.A,CM
GINX(|ZI&ZI.EŠ2|),ZI&ZI.EŠ2,CM
GIP2,GIŠ%GIŠ,CM
GIR,HA@g,CM
GIR10,NE,CM
GIR11,KEŠ2,CM
GIR12,IN,CM
GIR13,ŠID,CM
GIR14,HA,CM
GIR15,EŠ2,CM
GIR16,GIR3×GAN2@t,CM
GIR17,KA,CM
GIR18,NE.GI,CM
GIR2,GIR2,CM
GIR2@G,GIR2@g,CM
GIR2@g,GIR2@g,CM
GIR3,GIR3,CM
GIR3.ARAD,GIR3.ARAD,CM
GIR3.BAR,GIR3.BAR,CM
GIR3.GA2×PA.A.AN,GIR3.GA2×PA.A.AN,CM
GIR3.ZA@T,GIR3.ZA@t,CM
GIR3.ZA@t,GIR3.ZA@t,CM
GIR3.ŠU.IG,GIR3.ŠU.IG,CM
GIR3×A+IGI,GIR3×A+IGI,CM
GIR3×GAN2@T,GIR3×GAN2@t,CM
GIR3×GAN2@t,GIR3×GAN2@t,CM
GIR3×IGI,GIR3×IGI,CM
GIR3×LU+IGI,GIR3×LU+IGI,CM
GIR3×PA,GIR3×PA,CM
GIR4,U.AD,CM
GIR5,DU@s,CM
GIR6,DU@g,CM
GIR7,DU,CM
GIR8,LAGAB,CM
GIR9,AB2×ŠA3,CM
GIRA,U.MAŠ.KAB,CM
GIRA2,GIŠ.BAR,CM
GIRA3,NE.GI,CM
GIRABA,AB,CM
GIRABAX(|AB.HA@G|),AB.HA@g,CM
GIRAH,ŠU.DIM2,CM
GIRENX(LAGAB),LAGAB,CM
GIREŠ,HI×ŠE,CM
GIREŠ2,GURUŠ,CM
GIRI,HA@g,CM
GIRI11,KEŠ2,CM
GIRI16,GIR3×GAN2@t,CM
GIRI17,KA,CM
GIRI19,ŠU.LU2,CM
GIRI2,GIR2,CM
GIRI20,ŠU.AN,CM
GIRI21,ŠU.LUGAL,CM
GIRI3,GIR3,CM
GIRI5,DU@s,CM
GIRI6,DU@g,CM
GIRI8,LAGAB,CM
GIRID,KEŠ2,CM
GIRID2,GIR3×GAN2@t,CM
GIRIM,LAGAB,CM
GIRIM2,DU@s,CM
GIRIM3,A.HA.TAR.KAK,CM
GIRIN,LAGAB,CM
GIRIX(LU2),LU2,CM
GIRIX(|GIŠ.LU2|),GIŠ.LU2,CM
GIRIX(|GIŠ.ŠU.LU2|),GIŠ.ŠU.LU2,CM
GIRIX(|KA×LI|),KA×LI,CM
GIRIŠ,HI×ŠE,CM
GIRIŠ2,GURUŠ,CM
GIRIŠ3,ARAD×KUR,CM
GIRIŠX(|HI×NUN|),HI×NUN,CM
GIRRA,NE.GI,CM
GIRRIX(GAN2),GAN2,CM
GIRRIX(|GAN2%GAN2|),GAN2%GAN2,CM
GIRRIX(|GIŠ%GIŠ|),GIŠ%GIŠ,CM
GIRU3,GIR3,CM
GIRUM,GAM,CM
GIRX(EDIN),EDIN,CM
GIRX(|AB2.ŠA3|),AB2.ŠA3,CM
GIRX(|AB2×TAK4|),AB2×TAK4,CM
GIRX(|GIR3.ZA@T|),GIR3.ZA@t,CM
GIRX(|U.EN×GAN2@T|),U.EN×GAN2@t,CM
GIRZA,PA.LUGAL,CM
GIS,GIŠ,CM
GISAL,GISAL,CM
GISAL.PAD.SI.A,GISAL.PAD.SI.A,CM
GISBUN,KI.AŠ.AŠ,CM
GISKIM,IGI.DUB,CM
GISSU,GIŠ.MI,CM
GIT,KID,CM
GIT2,BU,CM
GITAG,GI,CM
GITLAM,SAL.UŠ.DAM,CM
GITLAM2,UŠ.DAM,CM
GITLAM3,UŠ.SAL.DAM,CM
GITLAM4,SAL.UŠ,CM
GIZ,GIŠ,CM
GIZAL2,GIŠ.TUG2.PI.ŠIR.SILA3,CM
GIZBUN,KI.BI.GAR,CM
GIZKIM,IGI.DUB,CM
GIZZAL,GIŠ.TUG2.PI.ŠIR.SILA3,CM
GIZZAL2,NU11.SILA3,CM
GIZZU,GIŠ.MI,CM
GI×E,GI×E,CM
GI×U,GI×U,CM
GIĜ4,DUN3@g,CM
GIŞ?,GIŠ,CM
GIŠ,GIŠ,CM
GIŠ%GIŠ,GIŠ%GIŠ,CM
GIŠ%GIŠ.ZA,GIŠ%GIŠ.ZA,CM
GIŠ.BAD,GIŠ.BAD,CM
GIŠ.BAR,GIŠ.BAR,CM
GIŠ.DIN,GIŠ.DIN,CM
GIŠ.DUN3@G.MAŠ,GIŠ.DUN3@g.MAŠ,CM
GIŠ.DUN3@g.MAŠ,GIŠ.DUN3@g.MAŠ,CM
GIŠ.GAR.UMBIN,GIŠ.GAR.UMBIN,CM
GIŠ.KA.KAD4,GIŠ.KA.KAD4,CM
GIŠ.KI.BI,GIŠ.KI.BI,CM
GIŠ.KU,GIŠ.KU,CM
GIŠ.KUL,GIŠ.KUL,CM
GIŠ.KUŠU2,GIŠ.KUŠU2,CM
GIŠ.LU2,GIŠ.LU2,CM
GIŠ.MA2.RA,GIŠ.MA2.RA,CM
GIŠ.MI,GIŠ.MI,CM
GIŠ.NE,GIŠ.NE,CM
GIŠ.NE.GA.MES,GIŠ.NE.GA.MES,CM
GIŠ.NE@S,GIŠ.NE@s,CM
GIŠ.NE@S.GA.ME.U.U.U,GIŠ.NE@s.GA.ME.U.U.U,CM
GIŠ.NE@s,GIŠ.NE@s,CM
GIŠ.NE@s.GA.ME.U.U.U,GIŠ.NE@s.GA.ME.U.U.U,CM
GIŠ.NI,GIŠ.NI,CM
GIŠ.NU11,GIŠ.NU11,CM
GIŠ.PI.TUG2,GIŠ.PI.TUG2,CM
GIŠ.RU,GIŠ.RU,CM
GIŠ.SAL.KUR,GIŠ.SAL.KUR,CM
GIŠ.TAR,GIŠ.TAR,CM
GIŠ.TUG2.PI,GIŠ.TUG2.PI,CM
GIŠ.TUG2.PI.TE.A,GIŠ.TUG2.PI.TE.A,CM
GIŠ.TUG2.PI.TE.A.DU,GIŠ.TUG2.PI.TE.A.DU,CM
GIŠ.TUG2.PI.ŠIR.SILA3,GIŠ.TUG2.PI.ŠIR.SILA3,CM
GIŠ.TUG2.PI.ŠIR@T.SILA3,GIŠ.TUG2.PI.ŠIR@t.SILA3,CM
GIŠ.TUG2.PI.ŠIR@t.SILA3,GIŠ.TUG2.PI.ŠIR@t.SILA3,CM
GIŠ.TUG2.TE.A,GIŠ.TUG2.TE.A,CM
GIŠ.TUG2.TE.A.DU,GIŠ.TUG2.TE.A.DU,CM
GIŠ.ŠU.LU2,GIŠ.ŠU.LU2,CM
GIŠ2,DIŠ,CM
GIŠ3,UŠ,CM
GIŠ@T,GIŠ@t,CM
GIŠ@t,GIŠ@t,CM
GIŠA,GIŠ,CM
GIŠBAR,AL×GIŠ,CM
GIŠBUN,KI.BI.GAR,CM
GIŠDU,PI,CM
GIŠDU2,GIŠ.TUG2.PI,CM
GIŠDU3,GIŠ.PI.TUG2,CM
GIŠGAL,URU×MIN,CM
GIŠHA,ŠITA2,CM
GIŠHAR,GIŠ×BAD,CM
GIŠHUR,KAD4,CM
GIŠHURX(LAK171@S),LAK171@s,CM
GIŠIMMAR,ŠA6,CM
GIŠKAD,KAD4,CM
GIŠKADX(LAK171@S),LAK171@s,CM
GIŠKADX?(TUM),TUM,CM
GIŠKIM,IGI.DUB,CM
GIŠMAŠ,AL×GIŠ,CM
GIŠNU,NU11,CM
GIŠTA'E,ZA×4×KUR,CM
GIŠTA'E2,ZA.KUR,CM
GIŠTA'I,ZA×4×KUR,CM
GIŠTA'I2,ZA.KUR,CM
GIŠTU,PI,CM
GIŠTU2,GIŠ.TUG2.PI,CM
GIŠTU3,GIŠ.PI.TUG2,CM
GIŠTUG,PI,CM
GIŠTUG2,GIŠ.TUG2.PI,CM
GIŠTUG3,GIŠ.PI.TUG2,CM
GIŠTUNUX(PI),PI,CM
GIŠTURU,PA,CM
GIŠX(|U.U|),U.U,CM
GIŠZAL,GIŠ.TUG2.PI.ŠIR.SILA3,CM
GIŠ×BAD,GIŠ×BAD,CM
GIŠ×TAK4,GIŠ×TAK4,CM
GIŠŠIR,EN×GAN2@t,CM
GIŢ2,BU,CM
GU,GU,CM
GU%GU,GU%GU,CM
GU%GU.GU%GU,GU%GU.GU%GU,CM
GU.SUR.NUN,GU.SUR.NUN,CM
GU10,MU,CM
GU11?,GA,CM
GU13?,HI×AŠ2,CM
GU14,KI,CM
GU15,LUM,CM
GU16?,KA2,CM
GU2,GU2,CM
GU2.GAR3,GU2.GAR3,CM
GU2.NUNUZ,GU2.NUNUZ,CM
GU2.UN,GU2.UN,CM
GU2@G,GU2@g,CM
GU2@g,GU2@g,CM
GU2×KAK,GU2×KAK,CM
GU2×KAK.GIŠ%GIŠ,GU2×KAK.GIŠ%GIŠ,CM
GU2×KAK×IGI@G,GU2×KAK×IGI@g,CM
GU2×KAK×IGI@g,GU2×KAK×IGI@g,CM
GU2×NUN,GU2×NUN,CM
GU2×SAL+TUG2,GU2×SAL+TUG2,CM
GU3,KA,CM
GU4,GUD,CM
GU5,KU,CM
GU6?,KA×A,CM
GU7,KA×GAR,CM
GU8,GUM,CM
GU9,KUL,CM
GUANA,UZ3.KASKAL,CM
GUB,DU,CM
GUB2,LI,CM
GUB3,KAB,CM
GUB4,NI,CM
GUB5,KID,CM
GUBA,DU,CM
GUBALAGA,EZEN×LA,CM
GUBLAGA,EZEN×LA,CM
GUBU,DU,CM
GUBU3,KAB,CM
GUD,GUD,CM
GUD&GUD.LUGAL,GUD&GUD.LUGAL,CM
GUD.AN.NA,GUD.AN.NA,CM
GUD.GIŠ,GUD.GIŠ,CM
GUD10,BALAG,CM
GUD2,SAG×UR,CM
GUD3,U2.KI.SUM.GA,CM
GUD4,TAR,CM
GUD5,GALAM,CM
GUD6,LUM,CM
GUD7,KU,CM
GUD8,LAGAB,CM
GUD9,ŠID,CM
GUDA2,HI×NUN.ME,CM
GUDA3,SAG×UR,CM
GUDDAX(|HI×NUN.ME|),HI×NUN.ME,CM
GUDEDDE,KA×UMUM×PA,CM
GUDIBDIM,HI×AŠ2,CM
GUDIBIR,TAK4,CM
GUDIBIR2,KUR@KUR,CM
GUDIDDI,KA×BALAG,CM
GUDMA,GUD,CM
GUDU,GUD,CM
GUDU10,BALAG,CM
GUDU11,SUMAŠ.ME,CM
GUDU2,SAG×UR,CM
GUDU4,HI×NUN.ME,CM
GUDU5,ŠA3×ŠU2,CM
GUDUG,HI×NUN.ME,CM
GUDUG2,SUMAŠ.ME,CM
GUDUX(|HI×NUN|),HI×NUN,CM
GUDX(LU3),LU3,CM
GUDX(TAK4),TAK4,CM
GUDX?(|HI×NUN.ME|),HI×NUN.ME,CM
GUD×A+KUR,GUD×A+KUR,CM
GUD×KUR,GUD×KUR,CM
GUERIŠI,GU2×SAL+TUG2,CM
GUG,ZA.GUL,CM
GUG2,LU3,CM
GUG3,GAR.LU3,CM
GUG4,ZI&ZI.LAGAB,CM
GUG5,LUGAL@LUGAL,CM
GUG6,KA.KAK,CM
GUGARID,GUD,CM
GUGGAL,HUL2,CM
GUGGIM,MUG,CM
GUGIM,MUG,CM
GUGINA,GAR.LU3,CM
GUGRU,GAN2@t.GAN2@t,CM
GUGU2,EZEN×KASKAL×4,CM
GUGUMU,LUM.LUM,CM
GUGX(|A.ZI&ZI|),A.ZI&ZI,CM
GUGX(|ZI&ZI.A|),ZI&ZI.A,CM
GUGX(|ZI&ZI.EŠ2|),ZI&ZI.EŠ2,CM
GUGX(|ZI&ZI|),ZI&ZI,CM
GUHŠU,SIG4&SIG4.ŠU2,CM
GUHŠU2,LUM&LUM.ŠU2,CM
GUKIM,MUG,CM
GUKIN,LAGAB×KIN,CM
GUKIN2,HI×KIN,CM
GUKKAL,HUL2,CM
GUKRI,KA×GIŠ+SAR,CM
GUL,GUL,CM
GUL2,KUL,CM
GUL3,TE,CM
GULLA,TE.LAL,CM
GULU,GUL,CM
GUM,GUM,CM
GUM2,LUM,CM
GUM2-GUM2,LUM&LUM,CM
GUM2-GUM2-KAŠ4,LUM&LUM.DU@s,CM
GUM2-GUM2-ŠU2,LUM&LUM.ŠU2,CM
GUM3,NE,CM
GUM4,GAM,CM
GUMGUM,LUM&LUM,CM
GUMGUMŠU,LUM&LUM.ŠU2,CM
GUMLE,EZEN×IGI@g,CM
GUMU,LUM,CM
GUMX?(GU),GU,CM
GUM×ŠE,GUM×ŠE,CM
GUN,GU2.UN,CM
GUN2,GU2,CM
GUN3,DAR,CM
GUN4,AB@g,CM
GUN5,LUM,CM
GUNA4,AB@g,CM
GUNIN2,LAGAB×A,CM
GUNINX(|LAGAB×GAR|),LAGAB×GAR,CM
GUNNI,KI.NE,CM
GUNU3,DAR,CM
GUNU4,AB@g,CM
GUNUX(SI@G),SI@g,CM
GUNUX(|AB×U+U+U|),AB×U+U+U,CM
GUNUX(|HI×AŠ2|),HI×AŠ2,CM
GUNX(|AB×U+U+U|),AB×U+U+U,CM
GUNX(|AN.HU.MI.IM|),AN.HU.MI.IM,CM
GUP,DU,CM
GUP2,LI,CM
GUP5,KID,CM
GUQ,ZA.GUL,CM
GUR,GUR,CM
GUR10,KIN,CM
GUR11,GA,CM
GUR12,PAP,CM
GUR13,NI,CM
GUR14,HI×AŠ2,CM
GUR15,UR4,CM
GUR16,KUR,CM
GUR17,GIŠ@t,CM
GUR18,KA,CM
GUR19,NUN@t.KI,CM
GUR2,GAM,CM
GUR21,E.TUM,CM
GUR22,LAGAB×HAL,CM
GUR3,IL2,CM
GUR4,LAGAB,CM
GUR5,URU×GU,CM
GUR6,GAN2@t,CM
GUR7,GUR7,CM
GUR8,TE@g,CM
GUR9,NINDA2,CM
GURA,GUR,CM
GURA8,TE@g,CM
GURDUB,GA2×GI,CM
GURDUB2?,GA2×GI4,CM
GURIN,GURUN,CM
GURINX(DUG),DUG,CM
GURINX(|BAD.IGI.BAD|),BAD.IGI.BAD,CM
GURINX(|IDIM&IDIM.BUR|),IDIM&IDIM.BUR,CM
GURINX(|IDIM&IDIM×4|),IDIM&IDIM×4,CM
GURINX(|IDIM×4|),IDIM×4,CM
GURINX(|TAB×4|),TAB×4,CM
GURU,GUR,CM
GURU12,U,CM
GURU17,GIŠ@t,CM
GURU19,NUN@t.KI,CM
GURU2,GAM,CM
GURU20,GURUN,CM
GURU21,E.TUM,CM
GURU3,IL2,CM
GURU5,URU×GU,CM
GURU6,GAN2@t,CM
GURU7,GUR7,CM
GURU8,TE@g,CM
GURUD,NUN@t.KI,CM
GURUD2,LU2×KI,CM
GURUM,GAM,CM
GURUM2,IGI.ERIN2,CM
GURUM3,KA×GU,CM
GURUMX(GURUN),GURUN,CM
GURUMX(|IGI.GAR|),IGI.GAR,CM
GURUN,GURUN,CM
GURUN2,BAD.IGI.BAD,CM
GURUN3,LAGAB,CM
GURUN4,LAGAB×4,CM
GURUN5,IDIM×4,CM
GURUN7,DUG,CM
GURUN8,DIN,CM
GURUNX(|IDIM&IDIM.BUR|),IDIM&IDIM.BUR,CM
GURUNX(|IDIM&IDIM×4|),IDIM&IDIM×4,CM
GURUNX(|TAB×4|),TAB×4,CM
GURUSA,KU7,CM
GURUX(ZI3),ZI3,CM
GURUX(|E.TUM.GA2×NUN&NUN|),E.TUM.GA2×NUN&NUN,CM
GURUX(|IGI.ERIN2|),IGI.ERIN2,CM
GURUX(|LAGAB×4|),LAGAB×4,CM
GURUŠ,GURUŠ,CM
GURUŠ2,KU7,CM
GURUŠ3,URU×GU,CM
GURUŠ4,TAG,CM
GURUŠDA,KU7,CM
GURUŠTA,KU7,CM
GURUŠTI,KU7,CM
GURUŠTIX(|DI.X|),DI.X,CM
GURUŠX(UŠ),UŠ,CM
GURUŠX(|KA×KI|),KA×KI,CM
GURX(EDIN),EDIN,CM
GURX(GUD),GUD,CM
GURX(X),X,CM
GURX(ZI3),ZI3,CM
GURX(|KA×GU|),KA×GU,CM
GURX(|ŠE.KIN.KIN|),ŠE.KIN.KIN,CM
GURX(|ŠE.KIN|),ŠE.KIN,CM
GURX(|ŠE.ŠE.KIN|),ŠE.ŠE.KIN,CM
GUTIR,BU&BU.UN,CM
GUX(DAR),DAR,CM
GUX(|KA×GU|),KA×GU,CM
GUZ,LUM,CM
GUZ2,BU,CM
GUZ3,KU,CM
GUZA,KU.GAR,CM
GUZIX(|KA×ZI|),KA×ZI,CM
GUZZA,KU.GAR,CM
GUŠ,SU,CM
GUŠKIN,KU3.GI,CM
GUŠUR,GA2×NUN&NUN,CM
GUŠUR2,RAB.GAL,CM
HA,HA,CM
HA.A,HA.A,CM
HA.NAGAR.BU,HA.NAGAR.BU,CM
HA.ZAG,HA.ZAG,CM
HA2,HI.A,CM
HA3,U,CM
HA4,HI,CM
HA5,UD,CM
HA6,HA@g,CM
HA7,GA,CM
HA8?,ŠITA2,CM
HA@G,HA@g,CM
HA@T,HA@t,CM
HA@T@G,HA@t@g,CM
HA@g,HA@g,CM
HA@t,HA@t,CM
HA@t@g,HA@t@g,CM
HAB,LAGAB,CM
HAB2,LAGAB×U,CM
HABA,LAGAB,CM
HABBURUDAX(|ŠA3×BAD|),ŠA3×BAD,CM
HABBURUDAX(|ŠA3×U|),ŠA3×U,CM
HABRUD,KI×U,CM
HABRUD2,KI×BAD,CM
HABRUD3,ŠA3×BAD,CM
HABRUD4,ŠA3×U,CM
HABRUDA,KI×U,CM
HABRUDA2,KI×BAD,CM
HABRUDA3,ŠA3×BAD,CM
HABRUDA4,ŠA3×U,CM
HAD,PA,CM
HAD2,UD,CM
HAD3,ŠA6,CM
HAD4,KAD4,CM
HADA2,UD,CM
HADX(LAK171@S),LAK171@s,CM
HAHAD,UD.UD,CM
HAHHADX(|UD.UD|),UD.UD,CM
HAIA,NAGAR,CM
HAL,HAL,CM
HAL2,ZUM,CM
HALA,HAL,CM
HALBA,MUŠ3×A+DI,CM
HALBA2,ZA.MUŠ3.DI,CM
HALBA3,ZA.MUŠ3@g.DI,CM
HALBA4,LAL2.HAL,CM
HALBA5,LAL2.URU×MIN,CM
HALBA6,A.MUŠ3.DI,CM
HALBAX(|A.MUŠ3×A.DI|),A.MUŠ3×A.DI,CM
HALBAX(|MUŠ3.DI|),MUŠ3.DI,CM
HALBAX(|MUŠ3×DI|),MUŠ3×DI,CM
HALBAX(|ZA.MUŠ3|),ZA.MUŠ3,CM
HALBI,MUŠ3×A+DI,CM
HALBI2,ZA.MUŠ3.DI,CM
HALBI3,ZA.MUŠ3@g.DI,CM
HALBI4,LAL2.HAL,CM
HALBI5,LAL2.URU×MIN,CM
HALBI6,A.MUŠ3.DI,CM
HALBIX(|A.MUŠ3×A.DI|),A.MUŠ3×A.DI,CM
HALBIX(|MUŠ3.DI|),MUŠ3.DI,CM
HALBIX(|MUŠ3×DI|),MUŠ3×DI,CM
HALBU,MUŠ3×A+DI,CM
HALBU2,ZA.MUŠ3.DI,CM
HALBU3,ZA.MUŠ3@g.DI,CM
HALBU4,LAL2.HAL,CM
HALBU5,LAL2.URU×MIN,CM
HALBU6,A.MUŠ3.DI,CM
HALIB,IGI.KUR,CM
HALPI,LAL2.URU×MIN,CM
HALPIA,LAL2.URU×MIN,CM
HALPIAX(|LAL2.HAL|),LAL2.HAL,CM
HALPIAX(|LAL2.URU×MIN|),LAL2.URU×MIN,CM
HALPIX(|LAL2.HAL|),LAL2.HAL,CM
HALUBBA,GA2×HA+LU+EŠ2,CM
HAMANZER,PA.IB,CM
HAMANZERX(|SIK2.PA.IB|),SIK2.PA.IB,CM
HAMANZIRX(|SIK2.PA.IB|),SIK2.PA.IB,CM
HAMUN,NAGA@NAGA,CM
HANBURUDA,KI×U,CM
HANIŠ,IDIM,CM
HANIŠ2,LUGAL,CM
HANIŠ3,PA,CM
HANZALUB,ŠA3.GI,CM
HAP,LAGAB,CM
HAP2,LAGAB×U,CM
HAR,HI×AŠ2,CM
HAR2,GUD,CM
HAR3,LU2×LAGAB,CM
HARA,HI×AŠ2,CM
HARA2?,GUD,CM
HARA3,LU2×LAGAB,CM
HARA4,DAG.KISIM5×BI,CM
HARA5,DAG.KISIM5×U2+GIR2,CM
HARAX(|DAG.KISIM5×GA|),DAG.KISIM5×GA,CM
HARAX(|DAG.KISIM5×LU+MAŠ2|),DAG.KISIM5×LU+MAŠ2,CM
HARAX(|NUNUZ.AB2×BI|),NUNUZ.AB2×BI,CM
HARAX(|NUNUZ.KISIM5×BI|),NUNUZ.KISIM5×BI,CM
HARU4,DAG.KISIM5×BI,CM
HARUB,DAG.KISIM5×U2+GIR2,CM
HARUBX(|NUNUZ.AB2×U2|),NUNUZ.AB2×U2,CM
HARX(|DAG.KISIM5×BI|),DAG.KISIM5×BI,CM
HARX(|KI×U|),KI×U,CM
HAS,TAR,CM
HAS2,PA,CM
HAX(NI),NI,CM
HAYA,NAGAR,CM
HAZ,TAR,CM
HAZ2,PA,CM
HAZABUR,U2,CM
HAŞ,TAR,CM
HAŞ2,PA,CM
HAŠ,TAR,CM
HAŠ2,ZIG,CM
HAŠ3,UD,CM
HAŠ4,ZUM,CM
HAŠHUR,MA@g,CM
HAŢ,PA,CM
HE,HI,CM
HE2,GAN,CM
HEGAL,GA2×AN,CM
HENBUR,KAK,CM
HENBUR2,ŠE.KAK,CM
HENBURX(|IGI.KAK|),IGI.KAK,CM
HENDUR,PA,CM
HENZER,IGI.DIM,CM
HENZIR,IGI.DIM,CM
HER,KEŠ2,CM
HEŠ,UD,CM
HEŠ2,ZIG,CM
HEŠ5,LU2×GAN2@t,CM
HI,HI,CM
HI.A,HI.A,CM
HI.GIR3,HI.GIR3,CM
HI2,GAN,CM
HIBIRA,AL×HA,CM
HIBIS,TUR.DIŠ,CM
HIBIS2,AL×UŠ,CM
HIBIZ,TUR.DIŠ,CM
HIBIZ2,AL×UŠ,CM
HILIB,IGI.KUR,CM
HILIB2,NAGA,CM
HILIBU,E&E.NUN&NUN,CM
HIR,KEŠ2,CM
HIR2,HI×AŠ2,CM
HIRIM,KI.KAL,CM
HIRIN,KI.KAL,CM
HIRIN2,KU7,CM
HIRINX(KWU318),KWU318,CM
HIX(|SIG4&SIG4.ŠU2|),SIG4&SIG4.ŠU2,CM
HI×AŠ,HI×AŠ,CM
HI×AŠ2,HI×AŠ2,CM
HI×AŠ2.DU,HI×AŠ2.DU,CM
HI×AŠ2.HI×AŠ2,HI×AŠ2.HI×AŠ2,CM
HI×AŠ2.KA×GAR,HI×AŠ2.KA×GAR,CM
HI×AŠ2.SAG,HI×AŠ2.SAG,CM
HI×BAD,HI×BAD,CM
HI×DIŠ,HI×DIŠ,CM
HI×GAD,HI×GAD,CM
HI×KIN,HI×KIN,CM
HI×NUN,HI×NUN,CM
HI×NUN.KASKAL,HI×NUN.KASKAL,CM
HI×NUN.ME,HI×NUN.ME,CM
HI×NUN.ME.U,HI×NUN.ME.U,CM
HI×U,HI×U,CM
HI×ŠE,HI×ŠE,CM
HIŠ2,ZIG,CM
HIŠ3,ERIN2,CM
HIŠ4,HI.GIR3,CM
HU,HU,CM
HU.HI,HU.HI,CM
HU.KAK,HU.KAK,CM
HU.MI.AN.IM,HU.MI.AN.IM,CM
HU.NA2,HU.NA2,CM
HU.SI,HU.SI,CM
HU.ŠE.ERIN2,HU.ŠE.ERIN2,CM
HU2,TU,CM
HU2?,KU4,CM
HU3,U,CM
HU4,HI×AŠ2,CM
HU5,LUM,CM
HUB,HUB2×UD,CM
HUB2,HUB2,CM
HUB2.DU,HUB2.DU,CM
HUB2×AN,HUB2×AN,CM
HUB2×HAL,HUB2×HAL,CM
HUB2×KASKAL,HUB2×KASKAL,CM
HUB2×LIŠ,HUB2×LIŠ,CM
HUB2×UD,HUB2×UD,CM
HUBHUB,ŠID×A,CM
HUBHUB2,ŠID×IM,CM
HUBUD,GIR3.ŠU.IG,CM
HUBUR,NUNUZ.AB2×BI,CM
HUBURX(BI),BI,CM
HUBURX(|NUNUZ.AB2×X|),NUNUZ.AB2×X,CM
HUD,PA,CM
HUD2,UD,CM
HUD3,HI×BAD,CM
HUD4,ŠA6,CM
HUDBU,PA.KAK,CM
HUDUŠ,TU,CM
HUG,EŠ2,CM
HUHUD,UD.UD,CM
HUL,IGI.UR,CM
HUL2,HUL2,CM
HUL3,GIŠ%GIŠ,CM
HUL4,IGI.UR@s,CM
HULA,IGI.UR,CM
HULA2,HUL2,CM
HULPAD?,IGI.UR.RU.GAR,CM
HULU,IGI.UR,CM
HULUH,LUH,CM
HULUM,DAG.KISIM5×LUM,CM
HULUM2,SAG×LUM,CM
HULUM3,DAG.KISIM5×HA,CM
HULUMX?(|SAG×HA|),SAG×HA,CM
HUM,LUM,CM
HUMU,LUM,CM
HUMUH,LAGAB×U+A,CM
HUN,EŠ2,CM
HUNIN,DAG.KISIM5×HA,CM
HUP,HUB2×UD,CM
HUP2,HUB2,CM
HUR,HI×AŠ2,CM
HURIM,NA.RU,CM
HURIN,NA.RU,CM
HURSAG,PA.DUN3,CM
HURSAĜ,PA.DUN3,CM
HURU,HI×AŠ2,CM
HURX(|KA×X|),KA×X,CM
HUS,LUM,CM
HUS2,TAR,CM
HUTPU,PA.KAK,CM
HUX(KU),KU,CM
HUX(MA2),MA2,CM
HUX(RI),RI,CM
HUX(SI),SI,CM
HUYA,UD.KUŠU2,CM
HUZ?,LUM,CM
HUĜ,EŠ2,CM
HUŠ,HI.GIR3,CM
HUŠ2,GIR3,CM
HUŠA,HI.GIR3,CM
HUŠUX(|HI.GIR3|),HI.GIR3,CM
I,I,CM
I',ALEPH,CM
I'2?,HI×NUN,CM
I.A,I.A,CM
I.LU,I.LU,CM
I.LU2@S.NA,I.LU2@s.NA,CM
I.LU2@s.NA,I.LU2@s.NA,CM
I10,UD.DU,CM
I11,HI,CM
I14,MU,CM
I15,E,CM
I16,PI,CM
I3,NI,CM
I4,NI.UD,CM
I5,KA,CM
I6,TUG2,CM
I7,A.LAGAB×HAL,CM
I8,LAGAB×HAL,CM
I9,ŠITA.GIŠ.TUG2,CM
IA,I.A,CM
IA10,A,CM
IA2,IA2,CM
IA3,NI,CM
IA4,NI.UD,CM
IA5,MU,CM
IA7,TAB.TAB.AŠ,CM
IA9,AŠ&AŠ&AŠ.TAB,CM
IB,IB,CM
IB2,TUM,CM
IBBANUNNA,UD.HU.HI.NUN,CM
IBBANUNNAX(|UD.HU.HI.NUN.NA|),UD.HU.HI.NUN.NA,CM
IBBI,IB,CM
IBBIX(NE),NE,CM
IBILA,TUR.UŠ,CM
IBILA2,TUR.ARAD,CM
IBILA3,TUR.SAG,CM
IBILA4,TUR,CM
IBIRA,KA×GIŠ%GIŠ,CM
IBIRA2,KA×AŠ2,CM
ID,A2,CM
ID2,A.LAGAB×HAL,CM
ID3,LAGAB×HAL,CM
ID5?,A,CM
ID6,A.LAGAB×HAL.GAL,CM
ID7,A.LAGAB×HAL.DI,CM
ID8,UD×U+U+U,CM
IDA2,A.LAGAB×HAL,CM
IDDIR?,A.PA.GISAL.PAD.SI.A,CM
IDENX(EDIN),EDIN,CM
IDI,GA2×MI,CM
IDI2,A2,CM
IDI3,DA,CM
IDIGNA,MAŠ.GU2.GAR3,CM
IDIGNAX(|GU2.GAR3|),GU2.GAR3,CM
IDIGNU,MAŠ.GU2.GAR3,CM
IDIM,IDIM,CM
IDIM&IDIM.BUR,IDIM&IDIM.BUR,CM
IDIM&IDIM×4,IDIM&IDIM×4,CM
IDIM×4,IDIM×4,CM
IDIN,BAD,CM
IDINX(DIN),DIN,CM
IDX(|LAGAB×A|),LAGAB×A,CM
IDX(|UD.ŠEŠ.KI|),UD.ŠEŠ.KI,CM
IE,I.A,CM
IG,IG,CM
IG2,E,CM
IG3,NINDA2×NE,CM
IGA,IG,CM
IGAR,E2.SIG4,CM
IGAX(IGI),IGI,CM
IGEŠTU,IGI.DU,CM
IGI,IGI,CM
IGI&IGI.ŠIR&ŠIR.UD&UD,IGI&IGI.ŠIR&ŠIR.UD&UD,CM
IGI.A,IGI.A,CM
IGI.BI,IGI.BI,CM
IGI.BU,IGI.BU,CM
IGI.DIB,IGI.DIB,CM
IGI.DIM,IGI.DIM,CM
IGI.DU,IGI.DU,CM
IGI.DUB,IGI.DUB,CM
IGI.E2,IGI.E2,CM
IGI.ERIN2,IGI.ERIN2,CM
IGI.EŠ2,IGI.EŠ2,CM
IGI.EŠ2.DU,IGI.EŠ2.DU,CM
IGI.EŠ2.DU.ERIN2,IGI.EŠ2.DU.ERIN2,CM
IGI.GA,IGI.GA,CM
IGI.GAR,IGI.GAR,CM
IGI.IGI,IGI.IGI,CM
IGI.KAK,IGI.KAK,CM
IGI.KUR,IGI.KUR,CM
IGI.KUR.ZA,IGI.KUR.ZA,CM
IGI.MIN,IGI.MIN,CM
IGI.NAGAR,IGI.NAGAR,CM
IGI.NAGAR.BU,IGI.NAGAR.BU,CM
IGI.RI,IGI.RI,CM
IGI.RU,IGI.RU,CM
IGI.TUR.TUR,IGI.TUR.TUR,CM
IGI.UR,IGI.UR,CM
IGI.UR.RU.GAR,IGI.UR.RU.GAR,CM
IGI.UR@S,IGI.UR@s,CM
IGI.UR@s,IGI.UR@s,CM
IGI.ZI,IGI.ZI,CM
IGI2,IGI@g,CM
IGI3?,KI.SAG,CM
IGI@G,IGI@g,CM
IGI@G.ALAN,IGI@g.ALAN,CM
IGI@G.TAK4.ALAN,IGI@g.TAK4.ALAN,CM
IGI@g,IGI@g,CM
IGI@g.ALAN,IGI@g.ALAN,CM
IGI@g.TAK4.ALAN,IGI@g.TAK4.ALAN,CM
IGIGUNUX(IGI@G),IGI@g,CM
IGIRA2,KI.SAG.SAL,CM
IGIRA?,IGI.BU,CM
IGIRAX(|KI.KA.SAL|),KI.KA.SAL,CM
IGIRU,KI.SAG.SAL,CM
IGI×A,IGI×A,CM
IGIŠTU,IGI.DU,CM
IGU,IGI,CM
IH,HI×NUN,CM
IH2,ALEPH,CM
II,I.A,CM
IK,IG,CM
IKU,GAN2,CM
IKU2,GA2×AŠ,CM
IL,IL,CM
IL10,AL,CM
IL2,IL2,CM
IL2.DUB2,IL2.DUB2,CM
IL2.MA2.DUB2,IL2.MA2.DUB2,CM
IL2.MA2.IGI@G,IL2.MA2.IGI@g,CM
IL2.MA2.IGI@g,IL2.MA2.IGI@g,CM
IL3,AN,CM
IL4,DIŠ,CM
IL5,EL,CM
IL6,AL×ŠE,CM
IL8,IL×GAN2@t,CM
IL9?,LIL,CM
ILA,AN,CM
ILA2,IL2,CM
ILAMMA?,LAGAB×IM,CM
ILAR,RU,CM
ILBA,GA2,CM
ILBA2,KASKAL.KUR,CM
ILDAG,SUD2,CM
ILDAG2,GUD×A+KUR,CM
ILDAG3,GUD×KUR,CM
ILDAG4,GEŠTIN×KUR,CM
ILDAGX(|A.GUD×KUR|),A.GUD×KUR,CM
ILDU,IGI.EŠ2.DU.ERIN2,CM
ILDU2,IGI.NAGAR.BU,CM
ILDU3,NAGAR.BU,CM
ILDUM,IGI.EŠ2.DU.ERIN2,CM
ILDUM2,IGI.NAGAR.BU,CM
ILDUM3,NAGAR.BU,CM
ILDUMA,IGI.EŠ2.DU.ERIN2,CM
ILDUMA2,IGI.NAGAR.BU,CM
ILDUMA3,NAGAR.BU,CM
ILDUMMA,IGI.EŠ2.DU.ERIN2,CM
ILDUMMA2,IGI.NAGAR.BU,CM
ILDUMMA3,NAGAR.BU,CM
ILDUMX(BU),BU,CM
ILDUMX(NAGAR),NAGAR,CM
ILDUX(|IGI.NAGAR|),IGI.NAGAR,CM
ILI,AN,CM
ILI2,IL2,CM
ILI5,EL,CM
ILI6,DIŠ,CM
ILI7,AN.ME.U.U.U,CM
ILIMMU2,TAB.TAB.TAB.TAB.AŠ,CM
ILIMMU3,ILIMMU3,CM
ILIMMU4,ILIMMU4,CM
ILIX(NI),NI,CM
ILLA,NAGAR,CM
ILLAG,LAGAB,CM
ILLAMMA,LAGAB×IM,CM
ILLAR,RU,CM
ILLAT,KASKAL.KUR,CM
ILLATU,KASKAL.KUR,CM
ILLIL,EN.KID,CM
ILLIL2,U&U.U&U.U,CM
ILLU,A.KAL,CM
ILLULU,RU,CM
ILLUR,RU,CM
ILLURU,RU,CM
ILU,AN,CM
ILUMER,IM,CM
ILUMER2,URU×IGI,CM
ILUMER3,LUL,CM
ILX(GAN2@T),GAN2@t,CM
ILX(|AL.ŠE|),AL.ŠE,CM
IL×GAN2@T,IL×GAN2@t,CM
IL×GAN2@t,IL×GAN2@t,CM
IM,IM,CM
IM%IM,IM%IM,CM
IM.A,IM.A,CM
IM.A.A,IM.A.A,CM
IM.A.AN,IM.A.AN,CM
IM.DUB2,IM.DUB2,CM
IM.DUGUD,IM.DUGUD,CM
IM.DUN.DUN3@G@G,IM.DUN.DUN3@g@g,CM
IM.DUN.DUN3@g@g,IM.DUN.DUN3@g@g,CM
IM.DUN3@G@G.DUN,IM.DUN3@g@g.DUN,CM
IM.DUN3@g@g.DUN,IM.DUN3@g@g.DUN,CM
IM.GAN2.HI×NUN.ME.U,IM.GAN2.HI×NUN.ME.U,CM
IM.HI×NUN.ME.U.GAN2,IM.HI×NUN.ME.U.GAN2,CM
IM.KAD3,IM.KAD3,CM
IM.SI.A,IM.SI.A,CM
IM.ŠITA,IM.ŠITA,CM
IM.ŠU2,IM.ŠU2,CM
IM2,DU@s,CM
IM3,NINDA2×NE,CM
IM5?,DU@g,CM
IM6,DU,CM
IM@IM,IM@IM,CM
IMDUDU,MUŠ,CM
IMERIX(GIR3),GIR3,CM
IMEX(IM),IM,CM
IMGAGA,AŠ2.A.AN,CM
IMGAGA2,AŠ2.AN.NA,CM
IMGAGA3,AŠ2.AN,CM
IMGAGAX(|AŠ2.A|),AŠ2.A,CM
IMHUR2,IGI.BI,CM
IMHUR3,IGI.GA,CM
IMHUR4,IGI.A,CM
IMI,IM,CM
IMI2,GA2×AN,CM
IMIN,IMIN,CM
IMIN2,TAB.TAB.TAB.AŠ,CM
IMIN3,AŠ&AŠ&AŠ.AŠ&AŠ&AŠ.AŠ,CM
IMINA,IMIN,CM
IMINA2,TAB.TAB.TAB.AŠ,CM
IMINA3,AŠ&AŠ&AŠ.AŠ&AŠ&AŠ.AŠ,CM
IMMA,KA×UD,CM
IMMA2,KA×A,CM
IMMA3,IGI@g,CM
IMMAL,NUN.LAGAR×MAŠ,CM
IMMAL2,NUN.LAGAR×SAL,CM
IMMAL3,GAR.ŠU.DUGUD,CM
IMMALX(|NUN.LAGAR|),NUN.LAGAR,CM
IMMAX?(|LAGAB×IGI@G|),LAGAB×IGI@g,CM
IMMELI?,KA×A,CM
IMMEN,KA×UD,CM
IMMEN2,KA×A,CM
IMMIN,KA×UD,CM
IMMIN2,KA×A,CM
IMMINDU,LAGAB×IM,CM
IMMINDU2,LAGAB×GAR,CM
IMMINTE,KA×ME+TE,CM
IM×4,IM×4,CM
IM×TAK4,IM×TAK4,CM
IMĜAĜA,AŠ2.A.AN,CM
IMĜAĜA2,AŠ2.AN.NA,CM
IMĜAĜA3,AŠ2.AN,CM
IMĜAĜAX(|AŠ2.A|),AŠ2.A,CM
IN,IN,CM
IN4,EN,CM
IN5,SAL.TUG2,CM
IN6,AŠ,CM
INA,AŠ,CM
INA2,IGI,CM
INANA,MUŠ3,CM
INANNA,MUŠ3,CM
INBIR,LU2@LU2,CM
INBIRX(|LU2.LU2|),LU2.LU2,CM
INDA,NINDA2,CM
INDA2?,LAGAB×A.TAR,CM
INDA3,GAR,CM
INDA4,LAGAB×GAR,CM
INDA5,LAGAB×IM,CM
INDAGARAX?(|NINDA2×AŠ|),NINDA2×AŠ,CM
INDAGRA,NINDA2×GUD,CM
INGAR,E2.SIG4,CM
INI,IN,CM
INI2,IGI,CM
INI4,IGI.MIN,CM
INIM,KA,CM
ININI,MUŠ3,CM
INNA,DARA4,CM
INNANA,MUŠ3,CM
INNIN,MUŠ3,CM
INTA3?,GAR,CM
INU2,IGI,CM
INŠUŠINAK,MUŠ3.EREN,CM
IP,IB,CM
IP2,TUM,CM
IPIG,SIG,CM
IQ,IG,CM
IR,IR,CM
IR11,ARAD×KUR,CM
IR13,LU2×EŠ2@t,CM
IR17,DUN3@g@g,CM
IR2,A.IGI,CM
IR3,ARAD,CM
IR4,URU,CM
IR5,HI×AŠ2,CM
IR6,A×IGI,CM
IR7?,KASKAL,CM
IR9,GIR3,CM
IRA2,A.IGI,CM
IRBURA,TAK4,CM
IRDA,ARAD,CM
IRE14,IR,CM
IRGI,GIR3.ZA@t,CM
IRHAN,MUŠ,CM
IRHANDIX(|KA×GIŠ%GIŠ|),KA×GIŠ%GIŠ,CM
IRI,URU,CM
IRI11,AB@g,CM
IRI12,AB,CM
IRI14,IR,CM
IRI8,IDIM,CM
IRIB,AŠGAB,CM
IRIB2,LAGAB×LUL,CM
IRIBURA,NUN%NUN,CM
IRIGAL,AB×GAL,CM
IRIMMAX(|URU×GAR|),URU×GAR,CM
IRINA,MUŠ%MUŠ.A.NA,CM
IRIŠEB,URU×HA,CM
IRKAB,GAR.IB,CM
IRTU,GABA,CM
IRX(GIR2),GIR2,CM
IRX(|GIR3×GAN2@T|),GIR3×GAN2@t,CM
IRX?(|LU2×EŠ2.LAL|),LU2×EŠ2.LAL,CM
IS,GIŠ,CM
IS2,IŠ,CM
IS3,AB,CM
IS5,U.U.U,CM
ISI,IŠ,CM
ISI2,GUL,CM
ISI3,U.AD,CM
ISIB,ME,CM
ISIM2,GUL,CM
ISIM3,U.AD,CM
ISIMU2,GUL,CM
ISIMU3,U.AD,CM
ISIMU4,PAP.IGI@g.NUN.ME,CM
ISIMUD,PAP.IGI@g,CM
ISIN,PA.ŠE,CM
ISIN2,IN,CM
ISINX(|ŠE.IGI.TUR|),ŠE.IGI.TUR,CM
ISIŠ,IŠ,CM
ISIŠ2,A.IGI,CM
ISIŠ3,A×IGI,CM
ISKI,E2,CM
ISKIM,IGI.DUB,CM
ISURUNGAL,UD.NUN,CM
IT,A2,CM
IT2,A.LAGAB×HAL,CM
ITA4,AN.A.LAGAB×HAL,CM
ITA5,A.LAGAB×HAL,CM
ITAX(|UD.AN.ŠEŠ.KI|),UD.AN.ŠEŠ.KI,CM
ITI,UD×U+U+U,CM
ITI2,UD@s×BAD,CM
ITI3,KASKAL.UD@s,CM
ITI4,AN.A.LAGAB×HAL,CM
ITI5,A.LAGAB×HAL,CM
ITI7?,UD×U+U+U.AN.ŠEŠ.KI,CM
ITID,UD×U+U+U,CM
ITID2,UD@s×BAD,CM
ITIM,GA2×MI,CM
ITIMA,GA2×MI,CM
ITIMA2,UD×MI,CM
ITIMAX(|E2.MI|),E2.MI,CM
ITIMAX(|E2×MI|),E2×MI,CM
ITIX(|UD.ŠEŠ.KI|),UD.ŠEŠ.KI,CM
ITU,UD×U+U+U,CM
ITU2,UD@s×BAD,CM
ITU4,AN.A.LAGAB×HAL,CM
ITU5,A.LAGAB×HAL,CM
ITUD,UD×U+U+U,CM
ITUD2,UD@s×BAD,CM
ITUDX(UD@S),UD@s,CM
ITUDX(|UD.AN.ŠEŠ.KI|),UD.AN.ŠEŠ.KI,CM
ITUDX(|UD×BAD|),UD×BAD,CM
IU,I.A,CM
IU2,PI,CM
IW,PI,CM
IX(|A.LAGAB×A|),A.LAGAB×A,CM
IX(|LAGAB×A|),LAGAB×A,CM
IX(|LAGAB×HAL.A|),LAGAB×HAL.A,CM
IYA,A.A,CM
IYI,A.A,CM
IYU,A.A,CM
IYYA,A.A,CM
IYYI,A.A,CM
IYYU,A.A,CM
IZ,GIŠ,CM
IZ2,IŠ,CM
IZ3,AB,CM
IZEN,EZEN,CM
IZI,NE,CM
IZI2,KI.NE,CM
IZID,EŠ2,CM
IZIM,EZEN,CM
IZIN,EZEN,CM
IZKIM,IGI.DUB,CM
IZU,NE,CM
IZUN,EZEN,CM
IĜ3,NINDA2×NE,CM
IŚ,IŠ,CM
IŞ,GIŠ,CM
IŞ2,IŠ,CM
IŞ3,AB,CM
IŞU,GIŠ,CM
IŠ,IŠ,CM
IŠ10,UŠ,CM
IŠ11,LAM×KUR,CM
IŠ2,KASKAL,CM
IŠ3,U.U.U,CM
IŠ4,DIŠ,CM
IŠ5,KA,CM
IŠ6,GIŠ,CM
IŠ7,AB,CM
IŠ8,AŠ@z,CM
IŠ9,EŠ2,CM
IŠDU,DU@g,CM
IŠDUMX(DU@G),DU@g,CM
IŠGURX(IM),IM,CM
IŠHARA,GA2×GAR,CM
IŠHARA2,ŠA3.LAGAB,CM
IŠHARA3,LAGAB.LAGAB,CM
IŠHARA4,GA2×PA,CM
IŠHUR4,GA2×PA,CM
IŠHURU,GA2×GAR,CM
IŠHURU2,URU×IGI,CM
IŠHURU3,GAN2,CM
IŠHURU4,GA2×PA,CM
IŠHURU5,GA2×IŠ+HU+AŠ,CM
IŠHURUM3,GAN2,CM
IŠI,IŠ,CM
IŠI2,ŠU2.ANx3,CM
IŠIB,ME,CM
IŠIN,PA.ŠE,CM
IŠKILA?,ŠA3×A,CM
IŠKILI?,ŠA3×A,CM
IŠKUR,IM,CM
IŠLA,ŠA3×A,CM
IŠLI,ŠA3×A,CM
IŠTAR,MUŠ3,CM
IŠTARAN,KA.DI,CM
IŠURUENGAL,A.LAGAB×HAL.UD.NUN.KI,CM
IŠŠEBU,DIC.DIC.DIC.U.U,CM
IŠŠEBUX(|DIŠ.DIŠ.DIŠ.U.U.U|),DIŠ.DIŠ.DIŠ.U.U.U,CM
IŢ,A2,CM
KA,KA,CM
KA...,GA2×AN.X,CM
KA.AN,KA.AN,CM
KA.AN.NI.SI,KA.AN.NI.SI,CM
KA.AN.RA,KA.AN.RA,CM
KA.DI,KA.DI,CM
KA.HI,KA.HI,CM
KA.HI.GA,KA.HI.GA,CM
KA.KA,KA.KA,CM
KA.KAK,KA.KAK,CM
KA.ŠU,KA.ŠU,CM
KA10,LUL.A,CM
KA11,TE.A,CM
KA13,HI×BAD,CM
KA14,ZU,CM
KA15,KAK,CM
KA2,KA2,CM
KA2%KA2,KA2%KA2,CM
KA2.AN,KA2.AN,CM
KA2.AN.RA,KA2.AN.RA,CM
KA2.GAL,KA2.GAL,CM
KA3,GA,CM
KA4,SILA3,CM
KA5,LUL,CM
KA6,PEŠ2,CM
KA7,DU@s,CM
KA8?,BI,CM
KA9,ŠID,CM
KAB,KAB,CM
KAB.BU,KAB.BU,CM
KAB.UŠ,KAB.UŠ,CM
KAB2,KA×A,CM
KABAR,PA.DAG.KISIM5×KAK,CM
KABAR2,DAG.KISIM5×KAK,CM
KABTA,TA@g,CM
KABX(|SAG×A|),SAG×A,CM
KAD,GAD,CM
KAD2,KAD2,CM
KAD3,KAD3,CM
KAD3.KAD3,KAD3.KAD3,CM
KAD4,KAD4,CM
KAD4.KAD4.KAD5,KAD4.KAD4.KAD5,CM
KAD5,KAD5,CM
KAD5&KAD5,KAD5&KAD5,CM
KAD5&KAD5.KAD5&KAD5,KAD5&KAD5.KAD5&KAD5,CM
KAD5.KAD5,KAD5.KAD5,CM
KAD6,AŠ@z&AŠ@z&AŠ@z&AŠ@z,CM
KAD8,AŠ&AŠ&AŠ%AŠ&AŠ&AŠ,CM
KADRA,GAR.ŠA3.A,CM
KADRA2?,GAR.ŠA3,CM
KADRA3,GAR.ŠA3×A,CM
KADRAX(|ŠA3.A|),ŠA3.A,CM
KADRI,GAR.ŠA3.A,CM
KADRI3,GAR.ŠA3×A,CM
KADRU,GAR.ŠA3.A,CM
KADRU3,GAR.ŠA3×A,CM
KADX(LAK171@S),LAK171@s,CM
KAG2,KA,CM
KAGAR,IG,CM
KAK,KAK,CM
KAK.GIŠ,KAK.GIŠ,CM
KAK.TAR,KAK.TAR,CM
KAK2,KA,CM
KAKKALA,KU7,CM
KAKKUDA,KU7,CM
KAKKUL,U.DIM×ŠE,CM
KAKKUL2,DIM×ŠE,CM
KAKKUL3,U.DIM,CM
KAKKULA,KU7,CM
KAKKUŠA,KU7,CM
KAKRA,IM,CM
KAKRU,IM,CM
KAKU,DU@s,CM
KAK×IGI@g,KAK×IGI@g,CM
KAL,KAL,CM
KAL%KAL,KAL%KAL,CM
KAL.EDIN,KAL.EDIN,CM
KAL2,GAL,CM
KAL3,KAK,CM
KAL4,SAL,CM
KALA,KAL,CM
KALA10,LAGAB×DAR,CM
KALA2,SAL.LA,CM
KALA3,LAGAB×U,CM
KALA4,LAGAB×AL,CM
KALA5,LAGAB×KI,CM
KALAG,KAL,CM
KALAGA,KAL,CM
KALAM,UN,CM
KALAM2?,HI×ŠE,CM
KALAMA,UN,CM
KALAMX(UN@G),UN@g,CM
KALAX(GAN2),GAN2,CM
KALBU,UR,CM
KALGA,KAL,CM
KAL×BAD,KAL×BAD,CM
KAM,HI×BAD,CM
KAM2,KAM2,CM
KAM3,KAD4,CM
KAM4,KAM4,CM
KAMA,HI×BAD,CM
KAMA5,LU2×HI×BAD,CM
KAMAŠ,DU@s,CM
KAMUŠ,GUD,CM
KAMX(LAK171@S),LAK171@s,CM
KAMX(TAK4),TAK4,CM
KAN,GAN,CM
KAN2,GAN2,CM
KAN3,SAG×MI,CM
KAN4,KA2,CM
KAN5,KA×MI,CM
KAN6,KA×GAN2@t,CM
KANA,GAN,CM
KANA2,GAN2,CM
KANA3,SAG×MI,CM
KANA5,KA×MI,CM
KANA6,KA×GAN2@t,CM
KANA7,GIŠ@t,CM
KANAM,UN,CM
KANAĜ,UN,CM
KANKAL,KI.KAL,CM
KANKAN,KA2,CM
KAP,KAB,CM
KAPA,KAB,CM
KAPAR,PA.DAG.KISIM5×KAK,CM
KAPARA3?,LU2.LU2.LU2.LU2,CM
KAPTU,DUGUD,CM
KAQ,KAK,CM
KAR,TE.A,CM
KAR2,GAN2@t,CM
KAR3,GAR3,CM
KAR4,HA@g,CM
KAR5,GAR,CM
KARA,TE.A,CM
KARA2,GAN2@t,CM
KARA4,KAD4,CM
KARA6,GUR7,CM
KARADIN,(ŠE.NUN&NUN)&(ŠE.NUN&NUN).GAD&GAD.GAR&GAR,CM
KARADIN10,U&U.PA&PA.GAR&GAR,CM
KARADIN2,ŠE&ŠE.GAD&GAD.GAR&GAR,CM
KARADIN3,ŠE&ŠE.TAB&TAB.GAR&GAR,CM
KARADIN4,(ŠE.NUN&NUN)&(ŠE.NUN&NUN).LAGAB.LAGAB,CM
KARADIN5?,LAGAB.LAGAB,CM
KARADIN6?,(ŠE.NUN&NUN)&(ŠE.NUN&NUN),CM
KARADIN7,ŠE&ŠE.PA&PA.GAR&GAR,CM
KARADIN8,ŠE&ŠE.GAR&GAR,CM
KARADIN9,U&U.SUR&SUR,CM
KARAM,GA2×UD,CM
KARAX(LAK171@S),LAK171@s,CM
KARAX(ZI3),ZI3,CM
KARAŠ,KI.KAL×BAD,CM
KARAŠ2,KI.KAL,CM
KARAŠX(|KI.KAL.BAD.IDIM|),KI.KAL.BAD.IDIM,CM
KARAŠX(|KI.KAL.BAD|),KI.KAL.BAD,CM
KARAŠX(|LU2.LU2.LU2.LU2|),LU2.LU2.LU2.LU2,CM
KARKAR,IM,CM
KARKARA,IM,CM
KARX(GAN2),GAN2,CM
KARX(LAK171@S),LAK171@s,CM
KARX(ZI3),ZI3,CM
KARX?(KAD4),KAD4,CM
KAS,KASKAL,CM
KAS2,BI,CM
KAS3,GUM×ŠE,CM
KAS4,DU@s,CM
KAS5,DU@g,CM
KAS6,GUM,CM
KAS7,ŠID,CM
KASA,KASKAL,CM
KASKAL,KASKAL,CM
KASKAL&KASKAL.LAGAB&LAGAB,KASKAL&KASKAL.LAGAB&LAGAB,CM
KASKAL.6(DIŠ),KASKAL.6(DIŠ),CM
KASKAL.BU,KASKAL.BU,CM
KASKAL.GA,KASKAL.GA,CM
KASKAL.HI×NUN,KASKAL.HI×NUN,CM
KASKAL.KUR,KASKAL.KUR,CM
KASKAL.LAGAB,KASKAL.LAGAB,CM
KASKAL.LAGAB×U,KASKAL.LAGAB×U,CM
KASKAL.LAGAB×U&LAGAB×U,KASKAL.LAGAB×U&LAGAB×U,CM
KASKAL.UD@S,KASKAL.UD@s,CM
KASKAL.UD@s,KASKAL.UD@s,CM
KAT,GAD,CM
KAT2,KAD2,CM
KAT3,KAD3,CM
KAT4,KAD4,CM
KAT5,KAD5,CM
KAT7,ŠU,CM
KATA3,KAD3,CM
KAXUD-BAR,KA×UD.BAR,CM
KAZ,GUM×ŠE,CM
KAZ8,HI×AŠ,CM
KAZ9?,UD.HI×AŠ2,CM
KAZAB,U2,CM
KAZABU,U2,CM
KAZABUR,U2,CM
KAZAZA,HI×AŠ,CM
KAZBI,U2,CM
KAZBU,U2,CM
KAxUD-bar,KA×UD.BAR,CM
KA×A,KA×A,CM
KA×A+LA2,KA×A+LA2,CM
KA×AD,KA×AD,CM
KA×AD+KU3,KA×AD+KU3,CM
KA×AŠ2,KA×AŠ2,CM
KA×BAD,KA×BAD,CM
KA×BALAG,KA×BALAG,CM
KA×BAR,KA×BAR,CM
KA×BI,KA×BI,CM
KA×DUB2,KA×DUB2,CM
KA×ERIN2,KA×ERIN2,CM
KA×EŠ2,KA×EŠ2,CM
KA×GA,KA×GA,CM
KA×GA.SAG,KA×GA.SAG,CM
KA×GAL,KA×GAL,CM
KA×GAN2@T,KA×GAN2@t,CM
KA×GAN2@T.ŠA,KA×GAN2@t.ŠA,CM
KA×GAN2@t,KA×GAN2@t,CM
KA×GAN2@t.ŠA,KA×GAN2@t.ŠA,CM
KA×GAR,KA×GAR,CM
KA×GAR+ŠA3+A,KA×GAR+ŠA3+A,CM
KA×GI,KA×GI,CM
KA×GIR2,KA×GIR2,CM
KA×GIŠ,KA×GIŠ,CM
KA×GIŠ%GIŠ,KA×GIŠ%GIŠ,CM
KA×GIŠ+SAR,KA×GIŠ+SAR,CM
KA×GU,KA×GU,CM
KA×GUR7,KA×GUR7,CM
KA×HI×AŠ2,KA×HI×AŠ2,CM
KA×IGI,KA×IGI,CM
KA×IM,KA×IM,CM
KA×KAK,KA×KAK,CM
KA×KI,KA×KI,CM
KA×KID,KA×KID,CM
KA×KID2,KA×KID2,CM
KA×LI,KA×LI,CM
KA×LI.KA×LI,KA×LI.KA×LI,CM
KA×LU,KA×LU,CM
KA×LUM,KA×LUM,CM
KA×ME,KA×ME,CM
KA×ME+DU,KA×ME+DU,CM
KA×ME+GI,KA×ME+GI,CM
KA×ME+ME,KA×ME+ME,CM
KA×ME+TE,KA×ME+TE,CM
KA×MI,KA×MI,CM
KA×MI+NUNUZ,KA×MI+NUNUZ,CM
KA×NE,KA×NE,CM
KA×NUN,KA×NUN,CM
KA×PA,KA×PA,CM
KA×PI,KA×PI,CM
KA×RU,KA×RU,CM
KA×SA,KA×SA,CM
KA×SAR,KA×SAR,CM
KA×SIG,KA×SIG,CM
KA×SUHUR,KA×SUHUR,CM
KA×TAR,KA×TAR,CM
KA×U,KA×U,CM
KA×U2,KA×U2,CM
KA×UD,KA×UD,CM
KA×UD.BAR,KA×UD.BAR,CM
KA×UMUM×PA,KA×UMUM×PA,CM
KA×UR2,KA×UR2,CM
KA×UŠ,KA×UŠ,CM
KA×X,KA×X,CM
KA×ZI,KA×ZI,CM
KA×ŠA,KA×ŠA,CM
KA×ŠE,KA×ŠE,CM
KA×ŠID,KA×ŠID,CM
KA×ŠU,KA×ŠU,CM
KAĜEŠKARAX(|GIŠ.KA.KAD4|),GIŠ.KA.KAD4,CM
KAŞ,BI,CM
KAŞ3,GUM×ŠE,CM
KAŠ,BI,CM
KAŠ-BIR8,BI.A.SUD,CM
KAŠ2,KASKAL,CM
KAŠ3,UŠ×A,CM
KAŠ4,DU@s,CM
KAŠ5,DU,CM
KAŠ6,GUM×ŠE,CM
KAŠBIR,BI.A.SUD,CM
KAŠBIRX(|A.SUD|),A.SUD,CM
KAŠŠEBA2,ALAN,CM
KAŠŠEBA3?,GUD&GUD.LUGAL,CM
KAŠŠEBI2,ALAN,CM
KAŠŠEBI3?,GUD&GUD.LUGAL,CM
KE,KI,CM
KE2,GI,CM
KE3,AK,CM
KE4,KID,CM
KE5,DIM2,CM
KEL,LAGAB,CM
KEL3,LAGAB.LAGAB,CM
KELE,LAGAB,CM
KENKE,KIN.KIN,CM
KEŠ18,UD.KUŠU2,CM
KEŠ2,KEŠ2,CM
KEŠ3,ŠU2.AN.HI×GAD,CM
KEŠ4,SAG@n,CM
KEŠ7?,DAG.KISIM5×GI,CM
KEŠ8,DAG.KISIM5×GIR2,CM
KEŠ9,DAG.KISIM5×U2+GIR2,CM
KEŠDA,KEŠ2,CM
KEŠE2,KEŠ2,CM
KEŠE4,SAG@n,CM
KEŠI18,UD.KUŠU2,CM
KEŠI2,KEŠ2,CM
KEŠI3,ŠU2.AN.HI×GAD,CM
KEŠX(KIŠ),KIŠ,CM
KEŠX(U2),U2,CM
KI,KI,CM
KI.A,KI.A,CM
KI.AN.IM,KI.AN.IM,CM
KI.AN.UD,KI.AN.UD,CM
KI.AN.ŠEŠ.KI,KI.AN.ŠEŠ.KI,CM
KI.AŠ.AŠ,KI.AŠ.AŠ,CM
KI.BAD,KI.BAD,CM
KI.BI,KI.BI,CM
KI.BI.GAR,KI.BI.GAR,CM
KI.BI.KAK,KI.BI.KAK,CM
KI.BI.NI,KI.BI.NI,CM
KI.DU.KAK,KI.DU.KAK,CM
KI.E.NE.DI,KI.E.NE.DI,CM
KI.E.NE.DI.AN.MUŠ3,KI.E.NE.DI.AN.MUŠ3,CM
KI.EN.KAK,KI.EN.KAK,CM
KI.GAL,KI.GAL,CM
KI.IB,KI.IB,CM
KI.KA.LU2,KI.KA.LU2,CM
KI.KA.SAL,KI.KA.SAL,CM
KI.KAK,KI.KAK,CM
KI.KAL,KI.KAL,CM
KI.KAL.BAD,KI.KAL.BAD,CM
KI.KAL.BAD.IDIM,KI.KAL.BAD.IDIM,CM
KI.KAL×BAD,KI.KAL×BAD,CM
KI.KI,KI.KI,CM
KI.KU,KI.KU,CM
KI.KU.LU2,KI.KU.LU2,CM
KI.KU.SAG,KI.KU.SAG,CM
KI.LAL,KI.LAL,CM
KI.LAM,KI.LAM,CM
KI.LU.EŠ2,KI.LU.EŠ2,CM
KI.LUGAL,KI.LUGAL,CM
KI.MIN,KI.MIN,CM
KI.MUŠ3@G,KI.MUŠ3@g,CM
KI.MUŠ3@g,KI.MUŠ3@g,CM
KI.NA.AB.TUM,KI.NA.AB.TUM,CM
KI.NE,KI.NE,CM
KI.NE.AN.MUŠ3,KI.NE.AN.MUŠ3,CM
KI.SAG,KI.SAG,CM
KI.SAG.DU,KI.SAG.DU,CM
KI.SAG.SAL,KI.SAG.SAL,CM
KI.SAG@N,KI.SAG@n,CM
KI.SAG@n,KI.SAG@n,CM
KI.SU.LU.EŠ2.GAR,KI.SU.LU.EŠ2.GAR,CM
KI.SU.LU.EŠ2.GAR.RA,KI.SU.LU.EŠ2.GAR.RA,CM
KI.SU.LU.GAR,KI.SU.LU.GAR,CM
KI.SU.LU.KI.GAR,KI.SU.LU.KI.GAR,CM
KI.SU.LU.LAGAB×U.GAR,KI.SU.LU.LAGAB×U.GAR,CM
KI.SU.LU.ŠU.GAR,KI.SU.LU.ŠU.GAR,CM
KI.SU.ZA.LU.EŠ2,KI.SU.ZA.LU.EŠ2,CM
KI.UD,KI.UD,CM
KI.UD.A,KI.UD.A,CM
KI.URU×MIN,KI.URU×MIN,CM
KI.ŠEŠ.KAK,KI.ŠEŠ.KAK,CM
KI2,GI,CM
KI3,AK,CM
KI4,KID,CM
KI5,DIM2,CM
KI6,ZU,CM
KI7,KAK,CM
KI8,GI4,CM
KIB,GIŠ%GIŠ,CM
KIBINI,KI.BI.NI,CM
KIBIR2,ŠU2.AŠ2,CM
KIBIR3,ŠU2.AN,CM
KIBSUR,GAR.LAGAB,CM
KIBŠUR,GAR.LAGAB,CM
KID,KID,CM
KID.BALAG,KID.BALAG,CM
KID.MAH,KID.MAH,CM
KID.ŠU2.MA2,KID.ŠU2.MA2,CM
KID10,BU,CM
KID2,TAK4,CM
KID3,AK,CM
KID4,ŠID,CM
KID5,KAD4,CM
KID6,KAD5,CM
KID7,IM×TAK4,CM
KID8,SAL.TAK4,CM
KID9,GAD,CM
KIDX(LAK171@S),LAK171@s,CM
KIG2,KIN,CM
KIK,GIG,CM
KIKKEN,HI×AŠ2,CM
KIKKEN2,HI×AŠ2.HI×AŠ2,CM
KIKKIN,HI×AŠ2,CM
KIKKIN2,HI×AŠ2.HI×AŠ2,CM
KIKLA,KI.KAL,CM
KIL,LAGAB,CM
KIL2,GI%GI,CM
KIL3,LAGAB.LAGAB,CM
KIL4,GAD.TAK4,CM
KILAHHA,KI.UD.A,CM
KILAX(|LAGAB.LAGAB|),LAGAB.LAGAB,CM
KILI,LAGAB,CM
KILI3,LAGAB.LAGAB,CM
KILIB,LAGAB,CM
KILIB3,LAGAB.LAGAB,CM
KILIBU,U2,CM
KILIM,PEŠ2,CM
KILIM2,GI%GI,CM
KILIM3,GI.KAK,CM
KILIN,PEŠ2,CM
KILUX(|LAGAB.LAGAB|),LAGAB.LAGAB,CM
KILX(|GI4&GI4|),GI4&GI4,CM
KIM,DIM2,CM
KIM2,KAD4,CM
KIM3,BU,CM
KIM4,DU@s,CM
KIM5,DU@g,CM
KIM6,DU,CM
KIMIN,KI.MIN,CM
KIMX(KAD5),KAD5,CM
KIMX(KIN),KIN,CM
KIMX(LAK171@S),LAK171@s,CM
KIN,KIN,CM
KIN.KIN,KIN.KIN,CM
KIN2,HI×AŠ2,CM
KIN3,KUR,CM
KIN4,LAGAB.LAGAB,CM
KIN5?,URU×BAR,CM
KIN7,DU,CM
KIN8,DIM2,CM
KINBUR,LAGAB×A+LAL,CM
KINDA,GAD&GAD.GAR&GAR,CM
KINDA2,URI,CM
KINDAGAL,GAL.GAD&GAD.GAR&GAR,CM
KINDAGAL2,GAL.URI,CM
KINDAĜAL,GAL.GAD&GAD.GAR&GAR,CM
KINGA?,KIN,CM
KINGAL,GAL.URU×BAR,CM
KINGUSILA,KINGUSILI,CM
KINGUSILI,KINGUSILI,CM
KINGUSILI2,U&U.U&U.U,CM
KINKIN,HI×AŠ2,CM
KINKIN2,HI×AŠ2.HI×AŠ2,CM
KINX(|ŠE.KIN|),ŠE.KIN,CM
KIP,GIŠ%GIŠ,CM
KIR,HA@g,CM
KIR10,GIR3,CM
KIR11,SAL.GA2×PA,CM
KIR12?,U.EN×GAN2@t,CM
KIR13,U.AD,CM
KIR14,KA×KAK,CM
KIR2,AB2×ŠA3,CM
KIR3,LAGAB,CM
KIR4,KA,CM
KIR5,IDIM,CM
KIR6,AB2×GAN2@t,CM
KIR7,NIM×GAR+GAN2@t,CM
KIR8,TE.A,CM
KIR9,HA,CM
KIRAŠ,ARAD×KUR,CM
KIRAŠI,AŠ2.A.AN,CM
KIRAŠIX(|AŠ2.AN.NA|),AŠ2.AN.NA,CM
KIRAŠIX(|AŠ2.AN|),AŠ2.AN,CM
KIRBANU?,ŠID×A,CM
KIRI,HA@g,CM
KIRI2,GAN2@t,CM
KIRI3,KA,CM
KIRI4,ŠA3×A,CM
KIRI5,GIR3,CM
KIRI6,SAR,CM
KIRI7,KEŠ2,CM
KIRI8,ŠID,CM
KIRI9,AB2×ŠA3,CM
KIRID,KEŠ2,CM
KIRIM?,DAG.KISIM5×GIR2,CM
KIRIS,KEŠ2,CM
KIRIT,KEŠ2,CM
KIRIX(ZI3),ZI3,CM
KIRIX(|KA×IM|),KA×IM,CM
KIRIX(|U.AD|),U.AD,CM
KIRRUX(|U.EN×GAN2@T|),U.EN×GAN2@t,CM
KIRX(|AB2.ŠA3|),AB2.ŠA3,CM
KIRX(|AB2×TAK4|),AB2×TAK4,CM
KIS,KIŠ,CM
KIS2,GIŠ,CM
KISAL,KISAL,CM
KISI,UŠ×A,CM
KISIG,EZEN×KU3,CM
KISIG2,EZEN×IGI@g,CM
KISIGA,EZEN×KU3,CM
KISIM,DAG.KISIM5×U2+GIR2,CM
KISIM2,DAG.KISIM5×SI,CM
KISIM3,DAG.KISIM5×LU+MAŠ2,CM
KISIM4,DAG.KISIM5×GIR2,CM
KISIM5,KISIM5,CM
KISIM5&KISIM5,KISIM5&KISIM5,CM
KISIM6,GA.LAGAB,CM
KISIM7,DAG.KISIM5×GA,CM
KISIX(|DAG.KISIM5×GIR2|),DAG.KISIM5×GIR2,CM
KISLAH,KI.UD,CM
KISLAH2,KI×UD,CM
KISLAH3,KI.KAL,CM
KISSA,KI.ŠEŠ.KAK,CM
KIT,KID,CM
KIT10,BU,CM
KIT2,TAK4,CM
KIT9,GAD,CM
KITIM,GIDIM,CM
KIZLAH,KI.UD,CM
KI×BAD,KI×BAD,CM
KI×U,KI×U,CM
KI×UD,KI×UD,CM
KIĜ,GIG,CM
KIĜ2,KIN,CM
KIŞ,KIŠ,CM
KIŠ,KIŠ,CM
KIŠ16,U2.GIR2@g,CM
KIŠ2,KEŠ2,CM
KIŠ5,PEŠ2,CM
KIŠA,U2.GIR2@g,CM
KIŠA2,GIR2@g,CM
KIŠAG,EZEN×KU3,CM
KIŠEG,U2.GIR2@g,CM
KIŠEG2,GIR2@g,CM
KIŠEK,U2.GIR2@g,CM
KIŠER,GIR3.BAR,CM
KIŠEX(KIŠ),KIŠ,CM
KIŠI,KIŠ,CM
KIŠI10,U.PIRIG,CM
KIŠI11,IDIM&IDIM.BUR,CM
KIŠI12,NUN.ŠE,CM
KIŠI13,HI×NUN.KASKAL,CM
KIŠI14,ŠU2.NAGA,CM
KIŠI15,KASKAL.HI×NUN,CM
KIŠI16,U2.GIR2@g,CM
KIŠI17,GIR2@g,CM
KIŠI2,KEŠ2,CM
KIŠI3,ŠU2.AN.HI×GAD,CM
KIŠI4,SAG@n,CM
KIŠI5,PEŠ2,CM
KIŠI6,ŠEG9,CM
KIŠI7,DAG.KISIM5×GI,CM
KIŠI8,DAG.KISIM5×GIR2,CM
KIŠI9,DAG.KISIM5×U2+GIR2,CM
KIŠIB,MES,CM
KIŠIB2,PEŠ2,CM
KIŠIB3,DUB,CM
KIŠIG,U2.GIR2@g,CM
KIŠIG2,GIR2@g,CM
KIŠIK,U2.GIR2@g,CM
KIŠIK2,GIR2@g,CM
KIŠIM5,KISIM5,CM
KIŠIX(|KI.SAG@N|),KI.SAG@n,CM
KIŠĀDU,GU2,CM
KIŢ,KID,CM
KU,KU,CM
KU&HI×AŠ2.KU&HI×AŠ2,KU&HI×AŠ2.KU&HI×AŠ2,CM
KU.AN,KU.AN,CM
KU.BU.NUN.TU.KU,KU.BU.NUN.TU.KU,CM
KU.GAR,KU.GAR,CM
KU.GIŠ%GIŠ,KU.GIŠ%GIŠ,CM
KU.IDIM,KU.IDIM,CM
KU.KI.SAG,KU.KI.SAG,CM
KU.KU,KU.KU,CM
KU.KU.KU,KU.KU.KU,CM
KU.NU,KU.NU,CM
KU10,MI,CM
KU10-KU10,MI,CM
KU11,KI,CM
KU12,DAG.KISIM5×X,CM
KU13,GUM,CM
KU14,KUN,CM
KU15,GUD,CM
KU16,NE,CM
KU2,KA×GAR,CM
KU3,KU3,CM
KU3-BABBAR,KU3.UD,CM
KU3-SIG17,KU3.GI,CM
KU3.AN,KU3.AN,CM
KU3.GI,KU3.GI,CM
KU3.UD,KU3.UD,CM
KU4,KU4,CM
KU4~A,KU4~a,CM
KU4~a,KU4~a,CM
KU5,TAR,CM
KU6,HA,CM
KU7,KU7,CM
KU7-KU7,KU7.KU7,CM
KU7.KU7,KU7.KU7,CM
KU8,GU,CM
KU9,KUL,CM
KUA,HA,CM
KUA2,UD.KUŠU2,CM
KUAR,HA.A,CM
KUAR2,A.HA,CM
KUARA,HA.A,CM
KUARA2,A.HA,CM
KUB,DU,CM
KUB4?,KID,CM
KUD,TAR,CM
KUD3,KU,CM
KUD5,KU7,CM
KUD6,KAD3,CM
KUDMA,TAR,CM
KUG,KU3,CM
KUGRE,KA×GUR7,CM
KUGU,HI,CM
KUGUR,KA×GUR7,CM
KUIA,UD.KUŠU2,CM
KUK,KU3,CM
KUK2,LU3,CM
KUKKU,KU7.KU7,CM
KUKKU2,MI.MI,CM
KUKKU3,KI.KI,CM
KUKKU4,KI.MUŠ3@g,CM
KUKKU5,MI,CM
KUKKUDA,KU7,CM
KUKKUDA2,IŠ,CM
KUKKUG2,MI.MI,CM
KUKKUŠ,IŠ,CM
KUKKUŠA,KU7,CM
KUKSU,TAR,CM
KUKSU2,KAK.TAR,CM
KUKU5,MI,CM
KUKUDA2,IŠ,CM
KUKULA,KU7,CM
KUKUX(|LUGAL&LUGAL|),LUGAL&LUGAL,CM
KUL,KUL,CM
KUL2,GUL,CM
KUL@G,KUL@g,CM
KUL@g,KUL@g,CM
KULA,KUL,CM
KULKUL,KA×GA.SAG,CM
KULLA,SIG4,CM
KULLUX(SIG4),SIG4,CM
KULU,KUL,CM
KULX(BAL),BAL,CM
KULX(|GIŠ.KUL|),GIŠ.KUL,CM
KUM,GUM,CM
KUM2,NE,CM
KUM3,EZEN×KASKAL,CM
KUM4,UD,CM
KUMX(PA),PA,CM
KUMX(|GUM×ŠE|),GUM×ŠE,CM
KUN,KUN,CM
KUN10,KIN,CM
KUN2,PA,CM
KUN3,GUM,CM
KUN4,I.LU,CM
KUN5,TUR.EŠ2,CM
KUN8,MAŠ2,CM
KUN9,NE,CM
KUNGA,ŠU2.ANx3,CM
KUNGA2,ŠU2.AN,CM
KUNGA3,ANx3,CM
KUNGAL,HUL2,CM
KUNGAX(|BAR.AN&AN.AN|),BAR.AN&AN.AN,CM
KUNGI,ŠU2.ANx3,CM
KUNGI2,ŠU2.AN,CM
KUNGI3,ANx3,CM
KUNIGARA,AN.BARA2,CM
KUNIGARA2,AN.MUŠ,CM
KUNIGARA3,AN.TU,CM
KUNIGARA4,MUŠ%MUŠ,CM
KUNIGARA5,A.LU3,CM
KUNIN,LAGAB×KUL,CM
KUNIN2,LAGAB×A,CM
KUNIN3?,LAGAB×BI,CM
KUNINX(|A.LAGAB×KUL|),A.LAGAB×KUL,CM
KUNINX(|LAGAB×GAR|),LAGAB×GAR,CM
KUNU,KUN,CM
KUNX?(LUM),LUM,CM
KUP,DU,CM
KUP3,HUB2,CM
KUP4?,KID,CM
KUR,KUR,CM
KUR.MUŠ3@G.ZA.KI,KUR.MUŠ3@g.ZA.KI,CM
KUR.MUŠ3@g.ZA.KI,KUR.MUŠ3@g.ZA.KI,CM
KUR.SI.A.GA,KUR.SI.A.GA,CM
KUR.TI,KUR.TI,CM
KUR11,NUN@t.KI,CM
KUR12,URU×GU,CM
KUR14,E.TUM,CM
KUR15,GA,CM
KUR2,PAP,CM
KUR3,GUR,CM
KUR4,LAGAB,CM
KUR5,TAR,CM
KUR6,PAD,CM
KUR7,IGI.ERIN2,CM
KUR8?,KA×GAR,CM
KUR9,KU4,CM
KUR@KUR,KUR@KUR,CM
KURINX(DUG),DUG,CM
KURKU,ME.AN.ŠE.NAGA,CM
KURKU2,KA.AN.NI.SI,CM
KURNUN?,LAL2,CM
KURRUNX(GURUN),GURUN,CM
KURU,E.SUD.HUB2×UD,CM
KURU11,NUN@t.KI,CM
KURU13,GUR7,CM
KURU14,E.TUM,CM
KURU2,PAP,CM
KURU4,LAGAB,CM
KURU5,TAR,CM
KURU7,IGI.ERIN2,CM
KURUD,NUN@t.KI,CM
KURUDA,NUN@t.KI,CM
KURUL14,E.TUM,CM
KURULX(|E.TUM.GA2×NUN&NUN|),E.TUM.GA2×NUN&NUN,CM
KURUM10,DUG,CM
KURUM5,TAR,CM
KURUM6,PAD,CM
KURUM7,IGI.ERIN2,CM
KURUMMAX(PAD),PAD,CM
KURUN,BI.DIN,CM
KURUN2,DIN,CM
KURUN3,DUG,CM
KURUN5,BI.MI,CM
KURUN6,GURUN,CM
KURUNX(|BAD.IGI.BAD|),BAD.IGI.BAD,CM
KURUNX(|IDIM&IDIM.BUR|),IDIM&IDIM.BUR,CM
KURUNX(|IDIM&IDIM×4|),IDIM&IDIM×4,CM
KURUNX(|IDIM×4|),IDIM×4,CM
KURUNX(|TAB×4|),TAB×4,CM
KURUŠ,KU7,CM
KURUŠDA,KU7,CM
KURUŠDAX(KWU822),KWU822,CM
KURX(DU),DU,CM
KURX(KU4~A),KU4~a,CM
KURX(LIL),LIL,CM
KUS,SU,CM
KUS2,LUM,CM
KUT,TAR,CM
KUT2,GAD,CM
KUTU,TAR,CM
KUTU2?,RA.RA,CM
KUWA2,UD.KUŠU2,CM
KUX(DU),DU,CM
KUX(GAR),GAR,CM
KUX(KU4~A),KU4~a,CM
KUX(LAGAB),LAGAB,CM
KUX(|NIM×GAN2@T|),NIM×GAN2@t,CM
KUYA2,UD.KUŠU2,CM
KUYAX(|SAL.KUŠU2|),SAL.KUŠU2,CM
KUZ,SU,CM
KUZ3,KU,CM
KUZBI,U2,CM
KUZBU,U2,CM
KUĜ4,I.LU,CM
KUĜ5,TUR.EŠ2,CM
KUĜX?(LUM),LUM,CM
KUŞ2,LUM,CM
KUŠ,SU,CM
KUŠ10,PEŠ2,CM
KUŠ2,SAG@g,CM
KUŠ3,U2,CM
KUŠ4,PA.AN,CM
KUŠ5,U.PIRIG,CM
KUŠ6,KU7,CM
KUŠ7,IŠ,CM
KUŠ8,HUL2,CM
KUŠ9,KUŠU2,CM
KUŠAX(|UD.KUŠU2|),UD.KUŠU2,CM
KUŠDIM,GUD,CM
KUŠGIM,GUD,CM
KUŠLUG,KI.NE,CM
KUŠU,U.PIRIG,CM
KUŠU2,KUŠU2,CM
KUŠU3,UD.KUŠU2,CM
KUŠU4,SAG@g,CM
KUŠUM,BI.LUL,CM
KUŠUM2,LUL,CM
KUŠUM3,GUD,CM
KUŠUM4,U.PIRIG,CM
KUŠUMX(U2),U2,CM
KUŠUX(|SAL.KUŠU2|),SAL.KUŠU2,CM
KUŠX(|SAL.KUŠU2|),SAL.KUŠU2,CM
KWU089,KWU089,CM
KWU089.GAL,KWU089.GAL,CM
KWU318,KWU318,CM
KWU822,KWU822,CM
LA,LA,CM
LA'U,LAL2,CM
LA'U3,LAL2.NI,CM
LA'U4,LAL2.KAK,CM
LA'U5,LAL2.A,CM
LA'U6,LAL.NI,CM
LA'U7,LAL.KAK,CM
LA'UX(|LAL2.U|),LAL2.U,CM
LA10,ŠID,CM
LA12,LAM,CM
LA2,LAL,CM
LA3,NU,CM
LA4?,DU&DU,CM
LA5,LAL2,CM
LA6,KAL,CM
LA7,UD,CM
LA8,EDIN,CM
LAB,KAL,CM
LAB2?,LUL,CM
LABAN,EZEN×LA,CM
LAG,ŠID,CM
LAGAB,LAGAB,CM
LAGAB.LAGAB,LAGAB.LAGAB,CM
LAGAB.SAG@g,LAGAB.SAG@g,CM
LAGAB.U.KAK,LAGAB.U.KAK,CM
LAGABX(GUD),GUD,CM
LAGAB×(GUD+GUD)+HUL2,LAGAB×(GUD+GUD)+HUL2,CM
LAGAB×(GUD+GUD).A,LAGAB×(GUD+GUD).A,CM
LAGAB×4,LAGAB×4,CM
LAGAB×A,LAGAB×A,CM
LAGAB×A+DA+HA,LAGAB×A+DA+HA,CM
LAGAB×A+GAR,LAGAB×A+GAR,CM
LAGAB×A+LAL,LAGAB×A+LAL,CM
LAGAB×A.LUM,LAGAB×A.LUM,CM
LAGAB×A.TAR,LAGAB×A.TAR,CM
LAGAB×AL,LAGAB×AL,CM
LAGAB×AN,LAGAB×AN,CM
LAGAB×AŠ@z,LAGAB×AŠ@z,CM
LAGAB×BAD,LAGAB×BAD,CM
LAGAB×BI,LAGAB×BI,CM
LAGAB×DAR,LAGAB×DAR,CM
LAGAB×EN,LAGAB×EN,CM
LAGAB×GA,LAGAB×GA,CM
LAGAB×GAR,LAGAB×GAR,CM
LAGAB×GUD,LAGAB×GUD,CM
LAGAB×GUD+GUD,LAGAB×GUD+GUD,CM
LAGAB×GUD.LU.HI.A,LAGAB×GUD.LU.HI.A,CM
LAGAB×HA,LAGAB×HA,CM
LAGAB×HAL,LAGAB×HAL,CM
LAGAB×HAL.A,LAGAB×HAL.A,CM
LAGAB×HI×NUN,LAGAB×HI×NUN,CM
LAGAB×IGI@G,LAGAB×IGI@g,CM
LAGAB×IGI@g,LAGAB×IGI@g,CM
LAGAB×IM,LAGAB×IM,CM
LAGAB×IM+HA,LAGAB×IM+HA,CM
LAGAB×IM+LU,LAGAB×IM+LU,CM
LAGAB×KI,LAGAB×KI,CM
LAGAB×KIN,LAGAB×KIN,CM
LAGAB×KU3,LAGAB×KU3,CM
LAGAB×KUL,LAGAB×KUL,CM
LAGAB×KUL+HI+A,LAGAB×KUL+HI+A,CM
LAGAB×LAGAB,LAGAB×LAGAB,CM
LAGAB×LAK175,LAGAB×LAK175,CM
LAGAB×LIŠ,LAGAB×LIŠ,CM
LAGAB×LU,LAGAB×LU,CM
LAGAB×LUL,LAGAB×LUL,CM
LAGAB×ME,LAGAB×ME,CM
LAGAB×ME+EN,LAGAB×ME+EN,CM
LAGAB×MUŠ,LAGAB×MUŠ,CM
LAGAB×NE,LAGAB×NE,CM
LAGAB×SUM,LAGAB×SUM,CM
LAGAB×TAG,LAGAB×TAG,CM
LAGAB×TAK4,LAGAB×TAK4,CM
LAGAB×TE+A+SU+NA,LAGAB×TE+A+SU+NA,CM
LAGAB×TIL,LAGAB×TIL,CM
LAGAB×U,LAGAB×U,CM
LAGAB×U+A,LAGAB×U+A,CM
LAGAB×U+U+U,LAGAB×U+U+U,CM
LAGAB×U+U+U.LAGAB×U+U+U,LAGAB×U+U+U.LAGAB×U+U+U,CM
LAGAB×U2+AŠ,LAGAB×U2+AŠ,CM
LAGAB×UD,LAGAB×UD,CM
LAGAB×UŠ,LAGAB×UŠ,CM
LAGAB×ŠE+SUM,LAGAB×ŠE+SUM,CM
LAGAB×ŠITA+GIŠ+ERIN2,LAGAB×ŠITA+GIŠ+ERIN2,CM
LAGAB×ŠITA@T,LAGAB×ŠITA@t,CM
LAGAB×ŠITA@T+GIŠ,LAGAB×ŠITA@t+GIŠ,CM
LAGAB×ŠITA@t,LAGAB×ŠITA@t,CM
LAGAB×ŠITA@t+GIŠ,LAGAB×ŠITA@t+GIŠ,CM
LAGAB×ŠU2,LAGAB×ŠU2,CM
LAGAB×ŠU2+ŠU2,LAGAB×ŠU2+ŠU2,CM
LAGAL,LAGAR,CM
LAGAR,LAGAR,CM
LAGAR2,SAL.ME,CM
LAGAR3,SAL.HUB2,CM
LAGAR@G,LAGAR@g,CM
LAGAR@G&LAGAR@G.ŠE,LAGAR@g&LAGAR@g.ŠE,CM
LAGAR@G&LAGAR@G.ŠE.SAR,LAGAR@g&LAGAR@g.ŠE.SAR,CM
LAGAR@G.DU,LAGAR@g.DU,CM
LAGAR@G.DU@S,LAGAR@g.DU@s,CM
LAGAR@g,LAGAR@g,CM
LAGAR@g&LAGAR@g.ŠE,LAGAR@g&LAGAR@g.ŠE,CM
LAGAR@g&LAGAR@g.ŠE.SAR,LAGAR@g&LAGAR@g.ŠE.SAR,CM
LAGAR@g.DU,LAGAR@g.DU,CM
LAGAR@g.DU@s,LAGAR@g.DU@s,CM
LAGARX(SAL),SAL,CM
LAGAR×ŠE,LAGAR×ŠE,CM
LAGAR×ŠE+SUM,LAGAR×ŠE+SUM,CM
LAGAS,NU11.BUR.LA,CM
LAGASA,NU11.BUR.LA,CM
LAGAŠ,NU11.BUR.LA,CM
LAGAŠA,NU11.BUR.LA,CM
LAH,UD,CM
LAH2,ERIN2,CM
LAH3,LUH,CM
LAH4,DU&DU,CM
LAH5,DU.DU,CM
LAH6,DU,CM
LAH7,DU@s.DU@s,CM
LAHA3?,LUH,CM
LAHA4,DU&DU,CM
LAHA5,DU.DU,CM
LAHAR,LAGAB×GUD+GUD,CM
LAHAR2,DARA4,CM
LAHARX(|SIK2.AŠ|),SIK2.AŠ,CM
LAHHUŠU,SIG4&SIG4.ŠU2,CM
LAHHUŠUX(|SIG4.SIG4.ŠU2|),SIG4.SIG4.ŠU2,CM
LAHRA?,AŠ2.A.AN,CM
LAHRAX(|LAGAB×GUD+GUD|),LAGAB×GUD+GUD,CM
LAHRU,LAGAB×GUD+GUD,CM
LAHRUM,LAGAB×GUD+GUD,CM
LAHRUM2,DARA4,CM
LAHRUX(|SIK2.AŠ|),SIK2.AŠ,CM
LAHTA6,DAG.KISIM5×LA,CM
LAHTAN,NUNUZ.AB2×LA,CM
LAHTAN2,NUNUZ.AB2×SILA3,CM
LAHTAN3,NUNUZ.KISIM5×BI.U,CM
LAHTAN4,NUNUZ.AB2×NE,CM
LAHTAN5,NUNUZ.AB2×DUG,CM
LAHTAN6,DAG.KISIM5×LA,CM
LAHTAX(|NUNUZ.AB2×LA|),NUNUZ.AB2×LA,CM
LAHX(|DU&DU.DU&DU|),DU&DU.DU&DU,CM
LAHX(|DU.DU.DU.DU|),DU.DU.DU.DU,CM
LAHŠU,LAHŠU,CM
LAK,ŠID,CM
LAK171@S,LAK171@s,CM
LAK171@s,LAK171@s,CM
LAK173,LAK173,CM
LAK175,LAK175,CM
LAK20,LAK20,CM
LAK483,LAK483,CM
LAK490,LAK490,CM
LAK589.A.SI,LAK589.A.SI,CM
LAK589.PAD.SI,LAK589.PAD.SI,CM
LAK589.SI,LAK589.SI,CM
LAK589.SI.A,LAK589.SI.A,CM
LAK590.SI,LAK590.SI,CM
LAK649,LAK649,CM
LAK672,LAK672,CM
LAK742,LAK742,CM
LAK747,LAK747,CM
LAK93,LAK93,CM
LAKA,ŠID,CM
LAL,LAL,CM
LAL'U,LAL2,CM
LAL'U3,LAL2.NI,CM
LAL'U4,LAL2.KAK,CM
LAL'U5,LAL2.A,CM
LAL'U6,LAL.NI,CM
LAL'U7,LAL.KAK,CM
LAL-LAL,LAL2,CM
LAL.KAK,LAL.KAK,CM
LAL.LAGAB,LAL.LAGAB,CM
LAL.NI,LAL.NI,CM
LAL.SAR,LAL.SAR,CM
LAL2,LAL2,CM
LAL2.A,LAL2.A,CM
LAL2.DU,LAL2.DU,CM
LAL2.DU.DU,LAL2.DU.DU,CM
LAL2.HAL,LAL2.HAL,CM
LAL2.KAK,LAL2.KAK,CM
LAL2.LAGAB,LAL2.LAGAB,CM
LAL2.NI,LAL2.NI,CM
LAL2.SAR,LAL2.SAR,CM
LAL2.TUG2,LAL2.TUG2,CM
LAL2.U,LAL2.U,CM
LAL2.URU×MIN,LAL2.URU×MIN,CM
LAL3,TA×HI,CM
LAL5?,ŠU2.U.U.U,CM
LAL6?,ŠU2.NE,CM
LALA2,KAL,CM
LALAH,DU&DU,CM
LALAH2,DU.DU,CM
LALAHX(|DU.DU.DU.DU|),DU.DU.DU.DU,CM
LALLA,LAL2,CM
LALLA2,IGI.IGI,CM
LALLAL,LAL2,CM
LAM,LAM,CM
LAM2,NE,CM
LAM3,DAM,CM
LAM4,LIMMU2,CM
LAM5,IGI,CM
LAM7?,LAM×KUR,CM
LAMA,LAM,CM
LAMA2,NE,CM
LAMA3,KAL,CM
LAMAHUŠ,ZI&ZI.LAGAB,CM
LAMAHUŠX(|A.ZI&ZI|),A.ZI&ZI,CM
LAMAHUŠX(|ZI&ZI.A|),ZI&ZI.A,CM
LAMAHUŠX(|ZI&ZI.EŠ2|),ZI&ZI.EŠ2,CM
LAMASSU,KAL,CM
LAMBI,ŠA3.SAR,CM
LAMGA?,NAGAR,CM
LAMHU,KUR@KUR,CM
LAMMA,KAL,CM
LAMMAR,KAL,CM
LAMMAX(LAM),LAM,CM
LAMMU,LIMMU,CM
LAMMU2,LIMMU2,CM
LAMMU6?,LAGAB×HAL,CM
LAMX(LUM),LUM,CM
LAM×KUR,LAM×KUR,CM
LAM×KUR+RU,LAM×KUR+RU,CM
LAP,KAL,CM
LAQ,ŠID,CM
LAR,PA,CM
LARAG,UD.UD.AK,CM
LARAG2,UD.UD,CM
LARAX(|NUN&NUN|),NUN&NUN,CM
LARSA,UD.AB@g,CM
LARSA2,UD.AB,CM
LARSAM,UD.AB@g,CM
LARSAM2,UD.AB,CM
LAT,KUR,CM
LAŢ,KUR,CM
LE,LI,CM
LE'UM,DUB,CM
LE10,DA,CM
LE2,NI,CM
LE3,IGI,CM
LE4,AN,CM
LE8,AB2,CM
LE9,NE,CM
LEL2,KID,CM
LEL4?,KISAL,CM
LELLE,IGI.IGI,CM
LELLI,IGI.IGI,CM
LEM,IGI,CM
LEM4,NE,CM
LEP,LUL,CM
LI,LI,CM
LI10,DA,CM
LI11,NUN,CM
LI12,LIŠ,CM
LI2,NI,CM
LI3,IGI,CM
LI5,ŠA,CM
LI6,GAN,CM
LI7,UR,CM
LI8,AB2,CM
LI9,NE,CM
LIB,LUL,CM
LIB2,KAL,CM
LIB3,ŠA3,CM
LIB4,IGI,CM
LIB5?,SAG×UM,CM
LIBI,LUL,CM
LIBIN,EZEN×LI,CM
LIBIR,IGI.EŠ2,CM
LIBIT,BA,CM
LIBIŠ,AB2×ŠA3,CM
LIBIŠX(|AB2.ŠA3|),AB2.ŠA3,CM
LIBIŠX(|AB2×TAK4|),AB2×TAK4,CM
LIBX(NI),NI,CM
LIBX(|NI.LU|),NI.LU,CM
LID,AB2,CM
LID2,NI,CM
LIDDA,ŠITA,CM
LIDDA2,ŠA3.DIŠ,CM
LIDDAX(|ŠITA2|),ŠITA2,CM
LIDIM,AL×DIM2,CM
LIDX(|ŠA3.DIŠ|),ŠA3.DIŠ,CM
LIGIDBA,ŠIM.AN.SAL.TUG2.IB,CM
LIGIDBA2,ŠIM.AN.MAŠ,CM
LIGIM,IGI.TUR.TUR,CM
LIGIMA,IGI.TUR.TUR,CM
LIGIN,IGI.TUR.TUR,CM
LIH,UD,CM
LIH2,ERIN2,CM
LIH3,LUH,CM
LIH4?,LIŠ,CM
LIK,UR,CM
LIK2,ŠID,CM
LIL,LIL,CM
LIL2,KID,CM
LIL3,ŠU2.U.U.U,CM
LIL5,ŠU2.NE,CM
LIL6,GU2,CM
LIL7,BAHAR2,CM
LIL8,LU2@t,CM
LILA2,KID,CM
LILIB,IGI.IGI,CM
LILIS,AB2×BALAG,CM
LILIZ,AB2×BALAG,CM
LILLAN,LUGAL,CM
LILLI,IGI.IGI,CM
LILLU,BAHAR2,CM
LILX(KU4),KU4,CM
LILX?(|ŠU&ŠU@180|),ŠU&ŠU@180,CM
LIM,IGI,CM
LIM2,LIMMU2,CM
LIM3,LAM,CM
LIM4,NE,CM
LIMA,IGI,CM
LIMI,IGI,CM
LIMMU,LIMMU,CM
LIMMU2,LIMMU2,CM
LIMMU4,AŠ&AŠ&AŠ.AŠ,CM
LIMMU5,LIMMU5,CM
LIMMUX(LIMMU~A),LIMMU~a,CM
LIMMUX(LIMMU~B),LIMMU~b,CM
LIMMU~A,LIMMU~a,CM
LIMMU~B,LIMMU~b,CM
LIMMU~a,LIMMU~a,CM
LIMMU~b,LIMMU~b,CM
LIMU,LIMMU,CM
LIMU2,LIMMU2,CM
LIMU4,AŠ&AŠ&AŠ.AŠ,CM
LIMX(BUR),BUR,CM
LIP,LUL,CM
LIP2,KAL,CM
LIPIŠ,AB2×ŠA3,CM
LIPIŠX(|AB2.ŠA3|),AB2.ŠA3,CM
LIQ,UR,CM
LIQ2,ŠID,CM
LIQ3,A.HU.SI,CM
LIR,NUN&NUN,CM
LIRI,ŠU.KAL,CM
LIRI2,AŠ,CM
LIRI3,GIŠ%GIŠ,CM
LIRI4,A2.KAL,CM
LIRI5,A2.AŠ,CM
LIRI6,NUN%NUN,CM
LIRI7,KAL%KAL,CM
LIRI8,UR%UR,CM
LIRU,ŠU.KAL,CM
LIRU2,AŠ,CM
LIRU3,GIŠ%GIŠ,CM
LIRU4,A2.KAL,CM
LIRU5,A2.AŠ,CM
LIRU6,NUN%NUN,CM
LIRU7,KAL%KAL,CM
LIRU8,UR%UR,CM
LIRUM,ŠU.KAL,CM
LIRUM2,AŠ,CM
LIRUM3,GIŠ%GIŠ,CM
LIRUM4,A2.KAL,CM
LIRUM5,A2.AŠ,CM
LIRUM6,NUN%NUN,CM
LIRUM7,KAL%KAL,CM
LIRUM8,UR%UR,CM
LIRUMX(|GA2&GA2|),GA2&GA2,CM
LIRUMX(|GAN2&GAN2|),GAN2&GAN2,CM
LIRUMX(|GIŠ%GIŠ.ZA|),GIŠ%GIŠ.ZA,CM
LIS,LIŠ,CM
LISI,NE.SI@g,CM
LISIN,NE.SI@g,CM
LIT,AB2,CM
LITI,AB2,CM
LIUM,GUD.AN.NA,CM
LIZ,LIŠ,CM
LIŠ,LIŠ,CM
LIŢ,AB2,CM
LIŢ2,DUG,CM
LIŢI,AB2,CM
LU,LU,CM
LU.EŠ2.GAR.KI,LU.EŠ2.GAR.KI,CM
LU.HUL2,LU.HUL2,CM
LU.KI.KAK,LU.KI.KAK,CM
LU.SU,LU.SU,CM
LU.SU.A,LU.SU.A,CM
LU10,DAG.KISIM5×X,CM
LU2,LU2,CM
LU2%LU2,LU2%LU2,CM
LU2.BAD,LU2.BAD,CM
LU2.DIŠ,LU2.DIŠ,CM
LU2.EN,LU2.EN,CM
LU2.GAM,LU2.GAM,CM
LU2.GAN2@t,LU2.GAN2@t,CM
LU2.HI×BAD,LU2.HI×BAD,CM
LU2.KI,LU2.KI,CM
LU2.LAGAB,LU2.LAGAB,CM
LU2.LU2,LU2.LU2,CM
LU2.LU2.LU2.LU2,LU2.LU2.LU2.LU2,CM
LU2.ME.EN,LU2.ME.EN,CM
LU2.NE,LU2.NE,CM
LU2.TUG2,LU2.TUG2,CM
LU2@G.UŠ2,LU2@g.UŠ2,CM
LU2@LU2,LU2@LU2,CM
LU2@S,LU2@s,CM
LU2@S.NA,LU2@s.NA,CM
LU2@S×BAD,LU2@s×BAD,CM
LU2@T,LU2@t,CM
LU2@g.UŠ2,LU2@g.UŠ2,CM
LU2@s,LU2@s,CM
LU2@s.NA,LU2@s.NA,CM
LU2@s×BAD,LU2@s×BAD,CM
LU2@t,LU2@t,CM
LU2×4,LU2×4,CM
LU2×AL,LU2×AL,CM
LU2×BAD,LU2×BAD,CM
LU2×EŠ2,LU2×EŠ2,CM
LU2×EŠ2.LAL,LU2×EŠ2.LAL,CM
LU2×EŠ2@T,LU2×EŠ2@t,CM
LU2×EŠ2@t,LU2×EŠ2@t,CM
LU2×GAM,LU2×GAM,CM
LU2×GAN2@T,LU2×GAN2@t,CM
LU2×GAN2@t,LU2×GAN2@t,CM
LU2×GANA2@t,LU2×GANA2@t,CM
LU2×HI×BAD,LU2×HI×BAD,CM
LU2×IM,LU2×IM,CM
LU2×KAD2,LU2×KAD2,CM
LU2×KAD3,LU2×KAD3,CM
LU2×KAD3+AŠ,LU2×KAD3+AŠ,CM
LU2×KI,LU2×KI,CM
LU2×LA+AŠ,LU2×LA+AŠ,CM
LU2×LAGAB,LU2×LAGAB,CM
LU2×ME+EN,LU2×ME+EN,CM
LU2×NE,LU2×NE,CM
LU2×NU,LU2×NU,CM
LU2×SI+AŠ,LU2×SI+AŠ,CM
LU2×SIK2+BU,LU2×SIK2+BU,CM
LU2×TUG2,LU2×TUG2,CM
LU2×ŠA3,LU2×ŠA3,CM
LU2×ŠU,LU2×ŠU,CM
LU3,LU3,CM
LU3.PAP.PAP,LU3.PAP.PAP,CM
LU4,LUM,CM
LU5,LUL,CM
LU6,UR,CM
LU7,URU×MIN,CM
LU8,URU,CM
LU9,PA,CM
LUB,LUL,CM
LUBUN,EZEN×LU,CM
LUD,DUG,CM
LUG,LU,CM
LUG2,PA,CM
LUGA,PA.GA2,CM
LUGAL,LUGAL,CM
LUGAL&LUGAL,LUGAL&LUGAL,CM
LUGAL.GAL,LUGAL.GAL,CM
LUGAL.GAM,LUGAL.GAM,CM
LUGAL.GAN,LUGAL.GAN,CM
LUGAL.HI×BAD,LUGAL.HI×BAD,CM
LUGAL@LUGAL,LUGAL@LUGAL,CM
LUGAL@S,LUGAL@s,CM
LUGAL@s,LUGAL@s,CM
LUGALA,LUGAL,CM
LUGUD,BAD.UD,CM
LUGUD2,LAGAB,CM
LUGUD3,LUM&LUM.GAR&GAR,CM
LUGUD4,LAGAR×ŠE+SUM,CM
LUGX(LAM),LAM,CM
LUGX(LUL),LUL,CM
LUH,LUH,CM
LUHU,LUH,CM
LUHUM?,LUM.LUM,CM
LUHUMMU,GIŠ.MI,CM
LUHUMX?(|GIŠ.MI|),GIŠ.MI,CM
LUHX(UD),UD,CM
LUHŠA,HI×NUN.ME.U,CM
LUHŠAX(|SUMAŠ.ME|),SUMAŠ.ME,CM
LUHŠU,HI×NUN.ME.U,CM
LUKUR,SAL.ME,CM
LUL,LUL,CM
LUL.A,LUL.A,CM
LUL.BALAG,LUL.BALAG,CM
LULIM,GIR3×LU+IGI,CM
LULIMA,GIR3×LU+IGI,CM
LULU,LUL,CM
LUM,LUM,CM
LUM&LUM,LUM&LUM,CM
LUM&LUM.DU@S,LUM&LUM.DU@s,CM
LUM&LUM.DU@s,LUM&LUM.DU@s,CM
LUM&LUM.GAR&GAR,LUM&LUM.GAR&GAR,CM
LUM&LUM.ŠU2,LUM&LUM.ŠU2,CM
LUM.LUM,LUM.LUM,CM
LUM2,IGI,CM
LUM3,DUG,CM
LUMA,LUM,CM
LUMGI,ŠIM,CM
LUMGI2,ŠIM×A,CM
LUMGI3,ŠIM×GAR,CM
LUMHA,BALAG,CM
LUMHAX(EGIR),EGIR,CM
LUMU,LUM,CM
LUMU3,DUG,CM
LUMX(MURGU2),MURGU2,CM
LUMX(|DUG.DUG|),DUG.DUG,CM
LUMX?(|ZU&ZU.SAR|),ZU&ZU.SAR,CM
LUN,PA,CM
LUNGA,ŠIM,CM
LUNGA2,ŠIM×A,CM
LUNGA3,ŠIM×GAR,CM
LUNGAX(|BI.DAR|),BI.DAR,CM
LUNGAX(|BI×GAR|),BI×GAR,CM
LUP,LUL,CM
LUT,DUG,CM
LUTU,DUG,CM
LUX(LAL),LAL,CM
LU×BAD,LU×BAD,CM
LUĜ2,PA,CM
LUĜA,PA.GA2,CM
LUŢ,DUG,CM
LUŢU,DUG,CM
LĀSIMU,DU@s,CM
M/WĀŞIT,UD,CM
MA,MA,CM
MA2,MA2,CM
MA2.IGI@G,MA2.IGI@g,CM
MA2.IGI@g,MA2.IGI@g,CM
MA2.KAK,MA2.KAK,CM
MA2.KASKAL.IGI@g,MA2.KASKAL.IGI@g,CM
MA2.KASKAL.IGI@g&IGI@g,MA2.KASKAL.IGI@g&IGI@g,CM
MA2.MUG,MA2.MUG,CM
MA3,GA2,CM
MA4,SAR,CM
MA5,KA×EŠ2,CM
MA6,ME,CM
MA7,MAŠ,CM
MA8,KA×SAR,CM
MA9,PI,CM
MA@G,MA@g,CM
MA@g,MA@g,CM
MABI,MUŠ3×A+DI,CM
MABI2,A.MUŠ3.DI,CM
MABI3,ZA.MUŠ3.DI,CM
MABIX(|A.MUŠ3×A.DI|),A.MUŠ3×A.DI,CM
MABIX(|MUŠ3.DI|),MUŠ3.DI,CM
MAD,KUR,CM
MADA,SAL.UŠ.DAM,CM
MADAL,BU,CM
MADAX(|UŠ.DAM|),UŠ.DAM,CM
MADLA,BU,CM
MADLU,BU,CM
MAGAR,BULUG,CM
MAGARA,BULUG,CM
MAH,MAH,CM
MAH2,AL,CM
MAH3,U.KA,CM
MAHA,MAH,CM
MAHA2,AL,CM
MAHAR2?,U.SAR,CM
MAHRU,IGI.DU,CM
MAKAŠ,DIŠ,CM
MAKAŠ2,AŠ,CM
MAKKAŠ,DIŠ,CM
MAKKAŠ2,AŠ,CM
MAL,GA2,CM
MAL2,SI.A,CM
MAL3,IG,CM
MAL4?,LIŠ,CM
MALA,GA2,CM
MALBA,KI.LAM,CM
MALGA?,GA2×GAR,CM
MALLA,BU,CM
MALUG?,GA2×AN.LUL,CM
MAM,U.U,CM
MAM2,SAL,CM
MAM3,SAL.MA,CM
MAMMI,MUŠ3×A+DI,CM
MAMMI2,A.MUŠ3.DI,CM
MAMMI3,ZA.MUŠ3.DI,CM
MAMMIX(|A.MUŠ3×A.DI|),A.MUŠ3×A.DI,CM
MAMMIX(|MUŠ3.DI|),MUŠ3.DI,CM
MAN,U.U,CM
MAN2,SAL,CM
MAN3,AŠ.AŠ,CM
MANA,U.U,CM
MANGAGA?,KA×SA,CM
MANGARA,BULUG,CM
MAR,MAR,CM
MAR2,AMAR,CM
MAR3,GAR,CM
MAR6,HI×AŠ2,CM
MARA,MAR,CM
MARA2,AMAR,CM
MARAD,AMAR,CM
MARAD2,AMAR.DA,CM
MARDUK,AMAR.UD,CM
MARU,TUR,CM
MAS,MAŠ,CM
MASSA,DAG.KISIM5×GA+MAŠ,CM
MASSA2,DAG.KISIM5×A+MAŠ,CM
MAT,U2,CM
MAT2,BAD,CM
MAT3,HU.HI,CM
MAX(|GA2×AN|),GA2×AN,CM
MAZ2,MAŠ2,CM
MA×TAK4,MA×TAK4,CM
MAŚ?,MAŠ,CM
MAŞ?,MAŠ,CM
MAŠ,MAŠ,CM
MAŠ+EN,MAŠ+EN,CM
MAŠ.EN.KAK,MAŠ.EN.KAK,CM
MAŠ.GU2.GAR3,MAŠ.GU2.GAR3,CM
MAŠ.KAK,MAŠ.KAK,CM
MAŠ.KAK.EN,MAŠ.KAK.EN,CM
MAŠ.MIN,MAŠ.MIN,CM
MAŠ.PA,MAŠ.PA,CM
MAŠ.U,MAŠ.U,CM
MAŠ.U.U,MAŠ.U.U,CM
MAŠ.X,MAŠ.X,CM
MAŠ2,MAŠ2,CM
MAŠ3,MAŠ.PA,CM
MAŠ4,PA,CM
MAŠA,MAŠ,CM
MAŠAKU,MAŠ2,CM
MAŠAMMI,U2,CM
MAŠDA,MAŠ.KAK,CM
MAŠDA2,MAŠ.EN.KAK,CM
MAŠDA3,MAŠ.KAK.EN,CM
MAŠDA4,EN.MAŠ.KAK,CM
MAŠGI?,U&U.U@v&U@v,CM
MAŠKIM,PA.DU@s,CM
MAŠKIM2,PA.DU@g,CM
MAŠKIM3,PA.DU,CM
MAŠMIN,MAŠ.MIN,CM
MAŠŠAM,U2,CM
MAŢ,KUR,CM
ME,ME,CM
ME.AN.ŠE.NAGA,ME.AN.ŠE.NAGA,CM
ME.NUN.TAG,ME.NUN.TAG,CM
ME.U.U.U,ME.U.U.U,CM
ME10,NI2,CM
ME11,AK×ŠITA+GIŠ,CM
ME2,MI,CM
ME3,AK×ERIN2,CM
ME4,BAD,CM
ME5,A,CM
ME6,AK,CM
ME7,GA2×KASKAL,CM
ME8,PI,CM
ME9,LAGAB×ŠITA@t+GIŠ,CM
MEBULUG,URUDA,CM
MEBULUG2,BULUG&BULUG,CM
MEBULUG3,DUB,CM
MEDDA,KU.AN,CM
MEDDA2,KU.IDIM,CM
MEDDU,KU.AN,CM
MEDDU2,KU.IDIM,CM
MEDU,KA×ME+DU,CM
MEGIDA,TAB.TI,CM
MEGIDA2,TAB.KUN,CM
MEGIDAX(KUN),KUN,CM
MEGIDAX?(|SAL.TAB.KUN|),SAL.TAB.KUN,CM
MEGIDDA,TAB.TI,CM
MEGIDDA2,TAB.KUN,CM
MEHIDA,MU,CM
MEHIDI,MU,CM
MEHIDU,MU,CM
MEL,IŠ,CM
MEL2,KA×LI,CM
MEL3,KI.NE,CM
MELE2,KA×LI,CM
MELEX(|KA×GAR+ŠA3+A|),KA×GAR+ŠA3+A,CM
MELEX(|KA×U2|),KA×U2,CM
MELI,KI.NE,CM
MELI2,KA×LI,CM
MELIX(|KA×GAR+ŠA3+A|),KA×GAR+ŠA3+A,CM
MELIX(|KA×U2|),KA×U2,CM
MEM,SAL,CM
MEN,GA2×ME+EN,CM
MEN2,ME,CM
MEN3,DU,CM
MEN4,LAGAB×ME+EN,CM
MEN5,U.U,CM
MENARI,GAR,CM
MENAX(|GA2×ME+EN|),GA2×ME+EN,CM
MENBULUG,URUDA,CM
MENBULUG2,BULUG&BULUG,CM
MENBULUG3,DUB,CM
MENX(MIN),MIN,CM
MENX(|GA2×EN|),GA2×EN,CM
MER,DUN3@g@g,CM
MER2?,IM,CM
MER3,GIR2,CM
MER4,ŠID,CM
MERE,DUN3@g@g,CM
MERI3,GIR2,CM
MERIMER,EN%EN,CM
MERIMER2,EN×4,CM
MERIMER3,IM%IM,CM
MERIMER4,IM×4,CM
MERIMER5,KU&HI×AŠ2.KU&HI×AŠ2,CM
MERIMERI,EN%EN,CM
MERIMERI2,EN×4,CM
MERIMERI3,IM%IM,CM
MERIMERI4,IM×4,CM
MERIMERI5,KU&HI×AŠ2.KU&HI×AŠ2,CM
MERMER,EN%EN,CM
MERMER2,EN×4,CM
MERMER3,IM%IM,CM
MERMER4,IM×4,CM
MERMER5,KU&HI×AŠ2.KU&HI×AŠ2,CM
MERMERI,EN%EN,CM
MERMERI2,EN×4,CM
MERMERI3,IM%IM,CM
MERMERI4,IM×4,CM
MERMERI5,KU&HI×AŠ2.KU&HI×AŠ2,CM
MERX(GIR3),GIR3,CM
MES,MES,CM
MES.RU,MES.RU,CM
MES2?,DUB,CM
MES3,ME.U.U.U,CM
MESA,MES,CM
MESI,MES,CM
METE,TE.ME,CM
MEX(KA),KA,CM
MEX(SAL),SAL,CM
MEX(|KA×ERIN2|),KA×ERIN2,CM
MEX(|LAGAB×ŠITA+GIŠ+ERIN2|),LAGAB×ŠITA+GIŠ+ERIN2,CM
MEX(|UZ3×KASKAL|),UZ3×KASKAL,CM
MEX(ŠITA),ŠITA,CM
MEZ,MES,CM
MEZE,AB2×ME+EN,CM
MEZEG,ŠID×A,CM
MEZEM,ŠID×A,CM
MEZEĜ,ŠID×A,CM
MEŠ,ME.U.U.U,CM
MEŠ2,ME,CM
MEŠ3,MES,CM
MEŠA,KA×ME+DU,CM
MEŠTUNUX(PI),PI,CM
MEŠX(UŠ),UŠ,CM
MEŠX(|U.U|),U.U,CM
MEŢA,KU.AN,CM
MEŢA2,KU.IDIM,CM
MEŢU,KU.AN,CM
MEŢU2,KU.IDIM,CM
MI,MI,CM
MI.MI,MI.MI,CM
MI.NA.AB.U.GUD,MI.NA.AB.U.GUD,CM
MI2,SAL,CM
MI3,ME,CM
MI4,GA2×ME+EN,CM
MI5,PI,CM
MID,IDIM,CM
MIDDA,KU.AN,CM
MIDDA2,KU.IDIM,CM
MIDDU,KU.AN,CM
MIDDU2,KU.IDIM,CM
MIDRA,PA,CM
MIGIR,DUN3@g@g,CM
MIGIR2,DUN4,CM
MIH,MAH,CM
MIL,IŠ,CM
MILI,IŠ,CM
MILI2,KA×LI,CM
MILLA,IŠ,CM
MIM,SAL,CM
MIM-MA,SAL.MA,CM
MIM2?,MUŠ3,CM
MIM3,U.U,CM
MIM4,SAL.MA,CM
MIN,MIN,CM
MIN2,SAL,CM
MIN3,U.U,CM
MIN4,SAL.TUG2,CM
MIN5,AŠ.AŠ,CM
MIN6,TAB,CM
MIN7,GA2×ME+EN,CM
MINA,MIN,CM
MINA3,U.U,CM
MINBULUG,URUDA,CM
MINBULUG2,BULUG&BULUG,CM
MINBULUGX(|BAL&BAL|),BAL&BAL,CM
MINBULUGX(|BULUG.NAGAR|),BULUG.NAGAR,CM
MIR,DUN3@g@g,CM
MIR2?,IM,CM
MIR5,EZEN×DUN3@g@g,CM
MIRI,DUN3@g@g,CM
MIRIX(GIR2),GIR2,CM
MIRIX(GIR3),GIR3,CM
MIRX(KAL),KAL,CM
MIRX(|SAL.GA2×PA|),SAL.GA2×PA,CM
MIS,MES,CM
MISAL,GIŠ.TUG2.PI.ŠIR.SILA3,CM
MIT,BAD,CM
MITTA,KU.AN,CM
MITTA2,KU.IDIM,CM
MITTU,KU.AN,CM
MITTU2,KU.IDIM,CM
MITU,BAD,CM
MITUM,KU.AN,CM
MITUM2,KU.IDIM,CM
MIX(DU),DU,CM
MIZEG,ŠID×A,CM
MIZEM,ŠID×A,CM
MIŞ,MES,CM
MIŠ,MES,CM
MIŠ2,ME.U.U.U,CM
MIŠ3,GIŠ,CM
MIŠHAŠ,GIŠ.TAR,CM
MIŠSUN,GIŠ.BAD,CM
MIŠTUNUX(PI),PI,CM
MIŠX(UŠ),UŠ,CM
MIŢ,BAD,CM
MIŢA,KU.AN,CM
MIŢA2,KU.IDIM,CM
MIŢU,KU.AN,CM
MIŢU2,KU.IDIM,CM
MIŢŢU,KU.AN,CM
MU,MU,CM
MU&MU,MU&MU,CM
MU.BU,MU.BU,CM
MU.ME.U.U.U,MU.ME.U.U.U,CM
MU.UŠ.TUG2.PI,MU.UŠ.TUG2.PI,CM
MU10,SAL,CM
MU11,KA×SAR,CM
MU12,HU.HI,CM
MU13,KA×ŠA,CM
MU14,A,CM
MU2,SAR,CM
MU3,KA×EŠ2,CM
MU4,TUG2,CM
MU5,NI,CM
MU6,PA,CM
MU7,KA×LI,CM
MU8,GAR,CM
MU9,GIŠ,CM
MUA,PA,CM
MUATI,PA,CM
MUATU,PA,CM
MUD,HU.HI,CM
MUD2,BAD,CM
MUD3,NUNUZ.AB2×BI,CM
MUD4,LAGAB.U.KAK,CM
MUD5,ŠIM,CM
MUD6,SAR,CM
MUD7,ZI&ZI.LAGAB,CM
MUD8,NUNUZ.AB2×KAD3,CM
MUDGI,BAD.MI,CM
MUDLA,BU,CM
MUDLU,BU,CM
MUDNAX(|SAL.UŠ.DAM|),SAL.UŠ.DAM,CM
MUDRA3,BU,CM
MUDRA5,SIK2.BU,CM
MUDRA6,MU.BU,CM
MUDRAX(|SIG.MU.BU|),SIG.MU.BU,CM
MUDRU,PA,CM
MUDRU2,EN.KU.A,CM
MUDRU3,BU,CM
MUDRU4,SIK2.AŠ,CM
MUDRU5,SIK2.BU,CM
MUDRU6,MU.BU,CM
MUDRUM4,SIK2.AŠ,CM
MUDUL,BU,CM
MUDX(GU2@G),GU2@g,CM
MUDX(|A.ZI&ZI|),A.ZI&ZI,CM
MUDX(|NUNUZ.AB2×LA|),NUNUZ.AB2×LA,CM
MUDX(|NUNUZ.AB2×X|),NUNUZ.AB2×X,CM
MUDX(|ZI&ZI.A|),ZI&ZI.A,CM
MUDX(|ZI&ZI.EŠ2|),ZI&ZI.EŠ2,CM
MUG,MUG,CM
MUG2,SAL,CM
MUG@G,MUG@g,CM
MUG@g,MUG@g,CM
MUGA,MUG,CM
MUGUX(MUG),MUG,CM
MUH,U.KA,CM
MUH2,SAG×KAK,CM
MUH3,SAG×UB,CM
MUH4,SAG@g,CM
MUHALDIM,MU,CM
MUHALDIMA,MU,CM
MUHHU,SAG@g,CM
MUIATIX?(|PA.LAGABX(GUD+GUD)|),PA.LAGABx(GUD+GUD),CM
MUK,MUG,CM
MUK3,SAL,CM
MUL,ANx3,CM
MUL2,TE,CM
MUL3,HI×AŠ,CM
MUL4,U.GUD,CM
MULLA,BU,CM
MULLU,BU,CM
MULU,ANx3,CM
MULU4,GAN2.BU,CM
MULU4-BU,GAN2.BU,CM
MULUGX(ŠIM),ŠIM,CM
MUM,UMUM×KASKAL,CM
MUMMUN,KA×LI.KA×LI,CM
MUMUN,KA×LI.KA×LI,CM
MUMUNX(|KA×LI|),KA×LI,CM
MUN,DIM×ŠE,CM
MUN2,UMUM×KASKAL,CM
MUN3,DIM,CM
MUN4,ŠEŠ,CM
MUN5,U.DIM×ŠE,CM
MUN6,U.DIM,CM
MUNSUB,MUNSUB,CM
MUNSUB2,SIK2.LAM.SUHUR,CM
MUNSUB3,GU2×NUN,CM
MUNSUB4,GU2@g,CM
MUNSUBX(PA),PA,CM
MUNSUBX(|KA×SUHUR|),KA×SUHUR,CM
MUNSUBX(|PA.GU2@G|),PA.GU2@g,CM
MUNSUBX(|SIK2.SUHUR|),SIK2.SUHUR,CM
MUNU,DIM×ŠE,CM
MUNU2,KI.NE,CM
MUNU3,GA2×DIM×ŠE,CM
MUNU4,PAP.PAP,CM
MUNUS,SAL,CM
MUNUSSA,SAL.UŠ.DI,CM
MUNUX(|AB2.KU|),AB2.KU,CM
MUNUX(|PAP.PAP×ŠE|),PAP.PAP×ŠE,CM
MUNUZ,SAL,CM
MUNX(|ANX3|),ANx3,CM
MUNX(|KA.HI.GA|),KA.HI.GA,CM
MUNX(|KA×LI|),KA×LI,CM
MUNZER,KI.AN.ŠEŠ.KI,CM
MUNZERX(|MU.BU|),MU.BU,CM
MUNZERX(|SIG.MU.BU|),SIG.MU.BU,CM
MUNZUR,KI.AN.ŠEŠ.KI,CM
MUNŠUB,MUNSUB,CM
MUNŠUB2,SIK2.LAM.SUHUR,CM
MUQ,MUG,CM
MUR,HI×AŠ2,CM
MUR10,TUG2,CM
MUR2,NISAG,CM
MUR3,IM,CM
MUR6,KI.EN.KAK,CM
MUR7,MURGU2,CM
MUR8,MURGU2,CM
MURGIŠUR,EZEN×A,CM
MURGIŠUR2?,EZEN×X,CM
MURGU,SIG4,CM
MURGU2,MURGU2,CM
MURGU3,KA×NE,CM
MURI,NISAG,CM
MURIM,IM,CM
MURU,HI×AŠ2,CM
MURU11,NINDA2×U2+AŠ,CM
MURU12,KID,CM
MURU13,UD@g,CM
MURU2,NISAG,CM
MURU3,IM,CM
MURU4,UR2×U2+AŠ,CM
MURU5,SAL.UD.EDIN,CM
MURU6,KI.EN.KAK,CM
MURU9,IM.DUGUD,CM
MURUB,SAL,CM
MURUB2,SAL.LAGAR,CM
MURUB3,EN.ME.LAGAR,CM
MURUB4,NISAG,CM
MURUB5,SAL.UŠ.DAM,CM
MURUB6,UD@g,CM
MURUBX(|SAL.LAGAB|),SAL.LAGAB,CM
MURUBX(|UD×U+U+U@G|),UD×U+U+U@g,CM
MURUM,HI×AŠ2,CM
MURUM11,NINDA2×U2+AŠ,CM
MURUM4,UR2×U2+AŠ,CM
MURUM5,SAL.UD.EDIN,CM
MURUM6,KI.EN.KAK,CM
MURUMX(|KA×HI×AŠ2|),KA×HI×AŠ2,CM
MURUMX(|TUR.SAL.TUR.TUR|),TUR.SAL.TUR.TUR,CM
MURUX(|KID.ŠU2.MA2|),KID.ŠU2.MA2,CM
MURUX(|UD×U+U+U@G|),UD×U+U+U@g,CM
MURUŠX(GURUŠ),GURUŠ,CM
MURX(UD@G),UD@g,CM
MURX(|UD×U+U+U@G|),UD×U+U+U@g,CM
MUSSA,SAL.UŠ.DI,CM
MUSUB,MUNSUB,CM
MUSUB2,SIK2.LAM.SUHUR,CM
MUSUB3,GU2×NUN,CM
MUSUB4,GU2@g,CM
MUSUG2,U2.KA,CM
MUSUG4,U2.KUR.NI.TUK.KI,CM
MUSUG5,KA×U2,CM
MUSUR,KI.AN.ŠEŠ.KI,CM
MUT,HU.HI,CM
MUT2,BAD,CM
MUTHUM,U2.GIŠ.SAR,CM
MUWA,PA,CM
MUWATI,PA,CM
MUX(HI),HI,CM
MUX(|KA×GAN2@T|),KA×GAN2@t,CM
MUYA,PA,CM
MUYATI,PA,CM
MUZER?,SIK2.LAM.SUHUR,CM
MUZIR?,SIK2.LAM.SUHUR,CM
MUZUG,U2.SAG,CM
MUZUG2,U2.KA,CM
MUZUG4,U2.KUR.NI.TUK.KI,CM
MUŠ,MUŠ,CM
MUŠ%MUŠ,MUŠ%MUŠ,CM
MUŠ%MUŠ.A.NA,MUŠ%MUŠ.A.NA,CM
MUŠ&MUŠ,MUŠ&MUŠ,CM
MUŠ&MUŠ.A.NA,MUŠ&MUŠ.A.NA,CM
MUŠ&MUŠ×A+NA,MUŠ&MUŠ×A+NA,CM
MUŠ.ŠA,MUŠ.ŠA,CM
MUŠ2,MUŠ3@g,CM
MUŠ3,MUŠ3,CM
MUŠ3.AB,MUŠ3.AB,CM
MUŠ3.AB@G,MUŠ3.AB@g,CM
MUŠ3.AB@G.ZA,MUŠ3.AB@g.ZA,CM
MUŠ3.AB@g,MUŠ3.AB@g,CM
MUŠ3.AB@g.ZA,MUŠ3.AB@g.ZA,CM
MUŠ3.BU,MUŠ3.BU,CM
MUŠ3.DI,MUŠ3.DI,CM
MUŠ3.EREN,MUŠ3.EREN,CM
MUŠ3.ZA,MUŠ3.ZA,CM
MUŠ3.ZA.AB@G,MUŠ3.ZA.AB@g,CM
MUŠ3.ZA.AB@g,MUŠ3.ZA.AB@g,CM
MUŠ3@G,MUŠ3@g,CM
MUŠ3@G.BU,MUŠ3@g.BU,CM
MUŠ3@G.SIK2.LAM,MUŠ3@g.SIK2.LAM,CM
MUŠ3@g,MUŠ3@g,CM
MUŠ3@g.BU,MUŠ3@g.BU,CM
MUŠ3@g.SIK2.LAM,MUŠ3@g.SIK2.LAM,CM
MUŠ3×A,MUŠ3×A,CM
MUŠ3×A+DI,MUŠ3×A+DI,CM
MUŠ3×DI,MUŠ3×DI,CM
MUŠ4,HI×AŠ,CM
MUŠ5,ŠEŠ,CM
MUŠ6?,BULUG,CM
MUŠ7,U.DAR,CM
MUŠ8,HU,CM
MUŠ9,MI,CM
MUŠDA,DIM2,CM
MUŠDAM,DIM2,CM
MUŠDAMA,DIM2,CM
MUŠDAMA2,MUŠ%MUŠ,CM
MUŠEN,HU,CM
MUŠENA,HU,CM
MUŠI,MI,CM
MUŠKU,MUŠ3,CM
MUŠKUX(|MUŠ%MUŠ|),MUŠ%MUŠ,CM
MUŠTAPTIN,BAHAR2,CM
MUŠTU,PI,CM
MUŠTU2,MU.UŠ.TUG2.PI,CM
MUŠTUG,PI,CM
MUŠTUG2,MU.UŠ.TUG2.PI,CM
MUŠU,MI,CM
MUŠX(|MUŠ%MUŠ|),MUŠ%MUŠ,CM
MUŠ×A,MUŠ×A,CM
MUŠ×KUR,MUŠ×KUR,CM
MUŠ×ZA,MUŠ×ZA,CM
MUŠŠAGANA,LAGAB×MUŠ,CM
MUŠŠAGANA2?,LAGAB×ŠITA@t+GIŠ,CM
MUŢ,HU.HI,CM
MUŢUX(|HU.HI|),HU.HI,CM
NA,NA,CM
NA.RU,NA.RU,CM
NA2,NA2,CM
NA2.X,NA2.X,CM
NA3,AK,CM
NA4,NI.UD,CM
NA5,ŠA,CM
NA6,LU2,CM
NA7,NAM,CM
NA8,KA×A,CM
NAB,AN&AN,CM
NAB3,AN.AN,CM
NAB4,IGI@g,CM
NAD,KUR,CM
NAD3,NA2,CM
NAG,KA×A,CM
NAGA,NAGA,CM
NAGA2,KA×A,CM
NAGA3,GUM×ŠE,CM
NAGA4,GUM,CM
NAGA@180,NAGA@180,CM
NAGA@NAGA,NAGA@NAGA,CM
NAGA@T,NAGA@t,CM
NAGA@t,NAGA@t,CM
NAGADA,PA.DAG.KISIM5×KAK,CM
NAGADX(|AB2.KU|),AB2.KU,CM
NAGAL,LAGAR,CM
NAGAR,NAGAR,CM
NAGAR.BU,NAGAR.BU,CM
NAGAR.ZA@T,NAGAR.ZA@t,CM
NAGAR.ZA@t,NAGAR.ZA@t,CM
NAGARA,NAGAR,CM
NAGARGALX(|GAL.NAGAR|),GAL.NAGAR,CM
NAGARX(BULUG),BULUG,CM
NAGA×ŠU@T,NAGA×ŠU@t,CM
NAGA×ŠU@t,NAGA×ŠU@t,CM
NAGGA,AN.NA,CM
NAGIRI,KA×AD+KU3,CM
NAGX(KA),KA,CM
NAGX(|URU×A|),URU×A,CM
NAH,LUH,CM
NAH2,EŠ2,CM
NAK,KA×A,CM
NAK2,NAGA,CM
NAM,NAM,CM
NAM-RI,MUŠ3.ZA,CM
NAM.EN,NAM.EN,CM
NAM.LUGAL,NAM.LUGAL,CM
NAM.SAL.TUG2,NAM.SAL.TUG2,CM
NAM.SU,NAM.SU,CM
NAM2,NAM2,CM
NAM3,NIM,CM
NAM4,IGI@g,CM
NAM@N,NAM@n,CM
NAM@n,NAM@n,CM
NAMA,NAGA,CM
NAMMA,LAGAB×HAL,CM
NAMMAX(|LAGAB×A|),LAGAB×A,CM
NAMMU,LAGAB×HAL,CM
NAMMUX(|LAGAB×A|),LAGAB×A,CM
NAMRI,U2.KUR.ZA.MUŠ3@g.KI,CM
NAMRU,ZA.MUŠ3@g.DI,CM
NAMX(|AN.AN|),AN.AN,CM
NAMX(|KA×A|),KA×A,CM
NAMŠEŠE,TU,CM
NAN,ŠEŠ,CM
NAN2,ŠEŠ.KI,CM
NAN3,U.U.U,CM
NANAM,ŠA3×NE,CM
NANAM2,ŠA3×BAD,CM
NANGA,LAL2.LAGAB,CM
NANGA2,LAL.LAGAB,CM
NANGA3,LAL2.SAR,CM
NANGA4,LAL.SAR,CM
NANGA5?,AN.NA,CM
NANGA6,NAGA,CM
NANIBGAL,AN.NAGA,CM
NANIBGAL2,AN.ŠE.NAGA,CM
NANNA,ŠEŠ.KI,CM
NANŠE,AB×HA,CM
NAP,AN&AN,CM
NAP2,ANx3,CM
NAPPILU,NUN@t,CM
NAQ,KA×A,CM
NAR,LUL,CM
NAR3,NUN&NUN,CM
NARI,LUL,CM
NAT,KUR,CM
NAT2,I,CM
NATA,KUR,CM
NAX(DU),DU,CM
NAX(|HU.NA2|),HU.NA2,CM
NAX(|UD.NI|),UD.NI,CM
NAZI,AB×HA,CM
NAĜ,KA×A,CM
NAĜA,NAGA,CM
NAĜA3,GUM×ŠE,CM
NAĜA4,GUM,CM
NAŠ,U.U,CM
NAŠ?,MAŠ,CM
NAŠŠE,AB×HA,CM
NE,NE,CM
NE-RU,NE.RU,CM
NE.GI,NE.GI,CM
NE.RU,NE.RU,CM
NE.SI.A,NE.SI.A,CM
NE.SI@G,NE.SI@g,CM
NE.SI@g,NE.SI@g,CM
NE2,NI,CM
NE3,PIRIG,CM
NE4,ŠU2.NE,CM
NE5,KI.NE,CM
NE6,NA,CM
NE7,NA2,CM
NE8,NE@s,CM
NE@S,NE@s,CM
NE@s,NE@s,CM
NEDA,PI,CM
NEHANDIX(|KA×GIŠ%GIŠ|),KA×GIŠ%GIŠ,CM
NEM,NIM,CM
NEMERX(|NUN&NUN|),NUN&NUN,CM
NEMUR,KI.NE,CM
NEMURX(PIRIG),PIRIG,CM
NEMURX(|PIRIG.TUR|),PIRIG.TUR,CM
NEN,SAL.TUG2,CM
NEN9,SAL.KU,CM
NENIM,ŠA3×NE,CM
NENIN,KUR.SI.A.GA,CM
NENKUM,SAL.TUG2.PAP.IGI@g.NUN.ME.EZEN×KASKAL,CM
NENNA,LAGAB×U+U+U.LAGAB×U+U+U,CM
NENNA2,LAGAB×U+U+U,CM
NENNI,LAGAB×U+U+U.LAGAB×U+U+U,CM
NENNI2,LAGAB×U+U+U,CM
NENNI5,(ŠE.NUN&NUN)&(ŠE.NUN&NUN),CM
NER,NUN&NUN,CM
NERAH,MUŠ,CM
NERGAL,PIRIG.AB@g.GAL,CM
NERIGAL,PIRIG.AB@g.GAL,CM
NES,U.U,CM
NESAG,NISAG,CM
NESAG2,ŠID,CM
NESAG3?,UD@g,CM
NESAĜ,NISAG,CM
NESAĜ2,ŠID,CM
NESAĜX(|UD×U+U+U@G|),UD×U+U+U@g,CM
NE×A,NE×A,CM
NE×UD,NE×UD,CM
NEŠ,U.U,CM
NEŠA,UR.MAH,CM
NI,NI,CM
NI-IR,NA2.X,CM
NI.GIŠ,NI.GIŠ,CM
NI.LU,NI.LU,CM
NI.NI,NI.NI,CM
NI.TUK,NI.TUK,CM
NI.UD,NI.UD,CM
NI.UD.EN,NI.UD.EN,CM
NI.UD.IM,NI.UD.IM,CM
NI.UD.KI,NI.UD.KI,CM
NI10,LAGAB,CM
NI11,UD@s.KID,CM
NI2,NI2,CM
NI3,GAR,CM
NI4?,SAL.TUG2,CM
NI5,NE,CM
NI6,LAGAB.LAGAB,CM
NI7,NIM,CM
NI8,LI,CM
NI9,U.UD.KID,CM
NIB,PIRIG×KAL,CM
NIBRI,EN.KID,CM
NIBRU,EN.KID,CM
NID,UŠ,CM
NIDA,GU2.NUNUZ,CM
NIDA2,NINDA2,CM
NIDABA,ŠE.NAGA,CM
NIDABA2,NAGA,CM
NIDALAM,SAL.UŠ.DAM,CM
NIDALAM2,UŠ.DAM,CM
NIDALAM3,UŠ.SAL.DAM,CM
NIDALAM4,SAL.UŠ,CM
NIDBA,PAD.AN.MUŠ3,CM
NIDBA2,PAD.MUŠ3,CM
NIDLAM,SAL.UŠ.DAM,CM
NIDLAM2,UŠ.DAM,CM
NIDLAM3,UŠ.SAL.DAM,CM
NIDLAM4,SAL.UŠ,CM
NIEŠ,NIGIDAEŠ,CM
NIG,SAL.UR,CM
NIG2,GAR,CM
NIG6,U.UD.KID,CM
NIGA,ŠE,CM
NIGAN,ŠE,CM
NIGAR,U.UD.KID,CM
NIGGI,AN.NA,CM
NIGGIN,AN.NA,CM
NIGGINAKU,LAGAB.LAGAB,CM
NIGGIX(|LAGAB.LAGAB|),LAGAB.LAGAB,CM
NIGI,LAGAB.LAGAB,CM
NIGI2,LAGAB,CM
NIGI3,NUNUZ.DIM2,CM
NIGIDA,DIŠ,CM
NIGIDAEŠ,NIGIDAEŠ,CM
NIGIDALIMMU,NIGIDALIMMU,CM
NIGIDAMIN,NIGIDAMIN,CM
NIGIDAMIN3,NIGIDAMIN,CM
NIGIN,LAGAB.LAGAB,CM
NIGIN10,UD@s.KID,CM
NIGIN11,LAGAB×UŠ,CM
NIGIN2,LAGAB,CM
NIGIN3,U.UD.KID,CM
NIGIN4,U.UD,CM
NIGIN5,LAL2.LAGAB,CM
NIGIN6,AB×HA,CM
NIGIN7,LAL.LAGAB,CM
NIGIN9,LAL.SAR,CM
NIGINX(|LAGAB×LAGAB|),LAGAB×LAGAB,CM
NIGINX(|U.KID|),U.KID,CM
NIGINX(|UD.KID|),UD.KID,CM
NIGINX?(|AB×LAGAB|),AB×LAGAB,CM
NIGIR,DUN3@g@g,CM
NIGIR2,DUN4,CM
NIGIR3,EN%EN,CM
NIGIX(GAR),GAR,CM
NIGRU,KA×AD+KU3,CM
NIGU,ŠE,CM
NIGX(UR),UR,CM
NIGX(ŠE),ŠE,CM
NIK,SAL.UR,CM
NIK2,GAR,CM
NIK5,KA×A,CM
NIKA,PEŠ2,CM
NILIMMU,NIGIDALIMMU,CM
NIM,NIM,CM
NIM2,SAL.TUG2,CM
NIM3?,U.UD,CM
NIM4?,LUM,CM
NIM5,GAR,CM
NIMA,NIM,CM
NIMBAR,ŠA6,CM
NIMEM3,LAL.LAGAB,CM
NIMEN,LAL2.LAGAB,CM
NIMEN2,LAGAB,CM
NIMEN4,LAL2.SAR,CM
NIMEN5,LAL.SAR,CM
NIMENX(|LAGAB.LAGAB|),LAGAB.LAGAB,CM
NIMENX(|LAGAB×UŠ|),LAGAB×UŠ,CM
NIMGIGRE,IM%IM,CM
NIMGIGRI2,EN%EN.IM%IM,CM
NIMGIGRI?,EN%EN,CM
NIMGIN3?,U.UD.KID,CM
NIMGIR,DUN3@g@g,CM
NIMGIR2,DUN4,CM
NIMGIRGIRRI,EN%EN,CM
NIMGIRGIRRI2,EN%EN.IM%IM,CM
NIMIN3,NIGIDAMIN,CM
NIMINX?(NAGAR),NAGAR,CM
NIMIRX(DUN3@G@G),DUN3@g@g,CM
NIMUR,KI.NE,CM
NIMURX(|PIRIG.TUR|),PIRIG.TUR,CM
NIM×GAN2@T,NIM×GAN2@t,CM
NIM×GAN2@t,NIM×GAN2@t,CM
NIM×GAR+GAN2@T,NIM×GAR+GAN2@t,CM
NIM×GAR+GAN2@t,NIM×GAR+GAN2@t,CM
NIN,SAL.TUG2,CM
NIN10,SAL.SIK2,CM
NIN3,LAGAB.LAGAB,CM
NIN4,LAGAB,CM
NIN6,GAR,CM
NIN7,LAGAB×U+U+U.LAGAB×U+U+U,CM
NIN9,SAL.KU,CM
NINA,AB×HA,CM
NINA2,DARA4,CM
NINA3,SAL.TUG2,CM
NINAGAL,UMUM×KASKAL,CM
NINDA,GAR,CM
NINDA2,NINDA2,CM
NINDA2×AN,NINDA2×AN,CM
NINDA2×AŠ,NINDA2×AŠ,CM
NINDA2×AŠ+AŠ,NINDA2×AŠ+AŠ,CM
NINDA2×DUB,NINDA2×DUB,CM
NINDA2×GUD,NINDA2×GUD,CM
NINDA2×ME+GAN2@T,NINDA2×ME+GAN2@t,CM
NINDA2×ME+GAN2@t,NINDA2×ME+GAN2@t,CM
NINDA2×NE,NINDA2×NE,CM
NINDA2×NUN,NINDA2×NUN,CM
NINDA2×U2,NINDA2×U2,CM
NINDA2×U2+AŠ,NINDA2×U2+AŠ,CM
NINDA2×UŠ,NINDA2×UŠ,CM
NINDA2×ŠE,NINDA2×ŠE,CM
NINDA2×ŠE+A,NINDA2×ŠE+A,CM
NINDA2×ŠE+A+AN,NINDA2×ŠE+A+AN,CM
NINDA2×ŠE+A.AN,NINDA2×ŠE+A.AN,CM
NINDA2×ŠE+AŠ,NINDA2×ŠE+AŠ,CM
NINDA2×ŠE+AŠ+AŠ,NINDA2×ŠE+AŠ+AŠ,CM
NINDA2×ŠE.A,NINDA2×ŠE.A,CM
NINDA2×ŠE.A.AN,NINDA2×ŠE.A.AN,CM
NINDA2×ŠID,NINDA2×ŠID,CM
NINDA3,LAGAB×IM,CM
NINDA4?,LAGAB×GAR,CM
NINDABA,PAD.AN.MUŠ3,CM
NINDABAX(|PAD.AN.MUŠ2|),PAD.AN.MUŠ2,CM
NINDABAX(|PAD.MUŠ3|),PAD.MUŠ3,CM
NINDAMEKAR,NINDA2×ME+GAN2@t,CM
NINDAN,GAR,CM
NINDAR,SI.A,CM
NINDU,LAGAB×GAR,CM
NINDU2,LAGAB×IM,CM
NINGI,ŠIM,CM
NINGI2,ŠIM×A,CM
NINGI3,ŠIM×GAR,CM
NINGIN3,U.UD.KID,CM
NINGIN4,U.UD,CM
NINI,LAGAB.LAGAB,CM
NINIM,ŠA3×NE,CM
NININDU,LAGAB×GAR,CM
NININDU2,LAGAB×IM,CM
NINIR,NUN&NUN,CM
NINKUM,SAL.TUG2.PAP.IGI@g.NUN.ME.EZEN×KASKAL,CM
NINMUŠ,LAGAB×TAK4,CM
NINNA,LAGAB×U+U+U.LAGAB×U+U+U,CM
NINNA2,LAGAB×U+U+U,CM
NINNAX(DARA4),DARA4,CM
NINNI2,LAGAB.LAGAB,CM
NINNI3,GAR,CM
NINNI4,LAGAB×U+U+U,CM
NINNI5,(ŠE.NUN&NUN)&(ŠE.NUN&NUN),CM
NINNI6?,MUŠ3,CM
NINNI7,PAD.AN.MUŠ3,CM
NINNI8,ŠE.NUN&NUN,CM
NINNIM4,LAGAB×U+U+U,CM
NINNIM7,PAD.AN.MUŠ3,CM
NINNIMX(|PAD.MUŠ3|),PAD.MUŠ3,CM
NINNIX(|PAD.MUŠ3|),PAD.MUŠ3,CM
NINNIX(|U&U.U&U.U|),U&U.U&U.U,CM
NINNU,U&U.U&U.U,CM
NINNU2,LAGAB×U+U+U.LAGAB×U+U+U,CM
NINNUX(|LAGAB×U+U+U|),LAGAB×U+U+U,CM
NINTA,UŠ,CM
NINTAH,UŠ,CM
NINTAH2,ARAD,CM
NINTAH3,SAL.UŠ,CM
NINTAHU,UŠ,CM
NINTAX(ARAD),ARAD,CM
NINTAX?(ARAD),ARAD,CM
NINUX(|U&U.U&U.U|),U&U.U&U.U,CM
NINX(|PA.TE|),PA.TE,CM
NINX(|SAL.EŠ2|),SAL.EŠ2,CM
NIQ,SAL.UR,CM
NIQ2,GAR,CM
NIQIX(GAR),GAR,CM
NIR,NUN&NUN,CM
NIR2,ZA.DUN3@g,CM
NIR3,ZA.NIM,CM
NIR4,ZA.SU,CM
NIR5,ZA.IB,CM
NIR6,KAL,CM
NIR7,ZA.DUN3@g@g,CM
NIRA,NUN&NUN,CM
NIRA2,ZA.KUR,CM
NIRA3,ZA.NIM,CM
NIRAH,MUŠ,CM
NIRX(DUN@G),DUN@g,CM
NIRX(|DUN3@G@G.ZA|),DUN3@g@g.ZA,CM
NIS,U.U,CM
NISABA,ŠE.NAGA,CM
NISABA2,NAGA,CM
NISAG,NISAG,CM
NISAG2,ŠID,CM
NISAG3?,UD@g,CM
NISAGA,NUNUZ.KISIM5,CM
NISAGGA,NUNUZ.AB2,CM
NISAX?(SAR),SAR,CM
NISAĜ,NISAG,CM
NISAĜ2,ŠID,CM
NISAĜX(|UD×U+U+U@G|),UD×U+U+U@g,CM
NISIG,SAR,CM
NISIKIX(|GAR.GAD.TAK4.UR2|),GAR.GAD.TAK4.UR2,CM
NISIKIX(|GIŠ.GAR.UMBIN|),GIŠ.GAR.UMBIN,CM
NISIX?(SAR),SAR,CM
NISKU,PIRIG,CM
NISSA,SAR,CM
NIT,UŠ,CM
NITA,UŠ,CM
NITA2,ARAD,CM
NITA3,SAL.UŠ,CM
NITA4,GAR,CM
NITADAM2,UŠ.DAM,CM
NITAH,UŠ,CM
NITAH2,ARAD,CM
NITAH3,SAL.UŠ,CM
NITAHU,UŠ,CM
NITALAM,SAL.UŠ.DAM,CM
NITALAM2,UŠ.DAM,CM
NITALAM3,UŠ.SAL.DAM,CM
NITALAM4,SAL.UŠ,CM
NITAX(|ARAD×KUR|),ARAD×KUR,CM
NITAX(|UŠ.KU|),UŠ.KU,CM
NITLAM,SAL.UŠ.DAM,CM
NITLAM2,UŠ.DAM,CM
NITLAM3,UŠ.SAL.DAM,CM
NITLAM4,SAL.UŠ,CM
NITTAX(UŠ),UŠ,CM
NI×E,NI×E,CM
NIĜ,SAL.UR,CM
NIĜ2,GAR,CM
NIĜ6,U.UD.KID,CM
NIĜAR,U.UD.KID,CM
NIĜI2,LAGAB,CM
NIĜIN,LAGAB.LAGAB,CM
NIĜIN2,LAGAB,CM
NIĜIN3,U.UD.KID,CM
NIĜIN5,LAL2.LAGAB,CM
NIĜIN6,AB×HA,CM
NIĜIN8,LAL2.SAR,CM
NIĜIN9,LAL.SAR,CM
NIĜINX(BULUG),BULUG,CM
NIĜIR,DUN3@g@g,CM
NIĜIRGALX(|GAL.DUN3@G@G|),GAL.DUN3@g@g,CM
NIŠ,U.U,CM
NIŠ2,GIŠ,CM
NIŠA,SAR,CM
NIŢ,UŠ,CM
NU,NU,CM
NU10,KU,CM
NU11,NU11,CM
NU11.BUR,NU11.BUR,CM
NU11.BUR.LA,NU11.BUR.LA,CM
NU11.GIŠ,NU11.GIŠ,CM
NU11.IR,NU11.IR,CM
NU11.SILA3,NU11.SILA3,CM
NU12,LU,CM
NU13,HI×NUN,CM
NU2,NA2,CM
NU3,NIM,CM
NU4,LUM,CM
NU5,KUL,CM
NU6,NUN,CM
NU7,AB@g,CM
NU8,NA,CM
NU9?,LI,CM
NUD,NA2,CM
NUG,ŠIM×MUG,CM
NUG2,ŠIM×DIN,CM
NUGX(ŠIM),ŠIM,CM
NUM,NIM,CM
NUM2,LUM,CM
NUMDU,KA×NUN,CM
NUMDUM,KA×NUN,CM
NUMDUN,KA×NUN,CM
NUMGIŠUR,EZEN×A,CM
NUMMA,ŠIR&ŠIR.BUR&BUR,CM
NUMU,KUL,CM
NUMUN,KUL,CM
NUMUN2,ZI&ZI.LAGAB,CM
NUMUN3,HI×NUN,CM
NUMUNX(|A.ZI&ZI|),A.ZI&ZI,CM
NUMUNX(|ZI&ZI.A|),ZI&ZI.A,CM
NUMUNX(|ZI&ZI.EŠ2|),ZI&ZI.EŠ2,CM
NUMX(NU11),NU11,CM
NUN,NUN,CM
NUN%NUN,NUN%NUN,CM
NUN%NUN.LAGAR&LAGAR,NUN%NUN.LAGAR&LAGAR,CM
NUN&NUN,NUN&NUN,CM
NUN.KI,NUN.KI,CM
NUN.LAGAR,NUN.LAGAR,CM
NUN.LAGAR×GAR,NUN.LAGAR×GAR,CM
NUN.LAGAR×MAŠ,NUN.LAGAR×MAŠ,CM
NUN.LAGAR×NUN.LAGAR,NUN.LAGAR×NUN.LAGAR,CM
NUN.LAGAR×SAL,NUN.LAGAR×SAL,CM
NUN.LAGAR×UŠ,NUN.LAGAR×UŠ,CM
NUN.ME,NUN.ME,CM
NUN.ME.DU,NUN.ME.DU,CM
NUN.ME.KA×GAN2@T,NUN.ME.KA×GAN2@t,CM
NUN.ME.KA×GAN2@t,NUN.ME.KA×GAN2@t,CM
NUN.ME.KA×ME,NUN.ME.KA×ME,CM
NUN.ME.TAG,NUN.ME.TAG,CM
NUN.ŠE,NUN.ŠE,CM
NUN.ŠE.LAL,NUN.ŠE.LAL,CM
NUN2,A.HA.TAR.KAK,CM
NUN3,BU,CM
NUN@T,NUN@t,CM
NUN@T.KI,NUN@t.KI,CM
NUN@T.ŠE,NUN@t.ŠE,CM
NUN@t,NUN@t,CM
NUN@t.KI,NUN@t.KI,CM
NUN@t.ŠE,NUN@t.ŠE,CM
NUNA,NUN,CM
NUNDU,KA×NUN,CM
NUNDUM,KA×NUN,CM
NUNDUN,KA×NUN,CM
NUNGI,ŠIM,CM
NUNGI2,ŠIM×A,CM
NUNGI3,ŠIM×GAR,CM
NUNMELI,BAR.HU.KAK,CM
NUNPE,NUN@t.KI,CM
NUNPEX(|NUN.KI|),NUN.KI,CM
NUNU,NUNUZ,CM
NUNUN,NUN,CM
NUNURRA,BAHAR2,CM
NUNURRU,BAHAR2,CM
NUNUS,NUNUZ,CM
NUNUSX(SAL),SAL,CM
NUNUZ,NUNUZ,CM
NUNUZ.AB2,NUNUZ.AB2,CM
NUNUZ.AB2×AŠGAB,NUNUZ.AB2×AŠGAB,CM
NUNUZ.AB2×BI,NUNUZ.AB2×BI,CM
NUNUZ.AB2×BULUG2+GUG2,NUNUZ.AB2×BULUG2+GUG2,CM
NUNUZ.AB2×DUG,NUNUZ.AB2×DUG,CM
NUNUZ.AB2×GUD,NUNUZ.AB2×GUD,CM
NUNUZ.AB2×GUG2+BULUG2,NUNUZ.AB2×GUG2+BULUG2,CM
NUNUZ.AB2×IGI@G,NUNUZ.AB2×IGI@g,CM
NUNUZ.AB2×IGI@g,NUNUZ.AB2×IGI@g,CM
NUNUZ.AB2×KAD3,NUNUZ.AB2×KAD3,CM
NUNUZ.AB2×LA,NUNUZ.AB2×LA,CM
NUNUZ.AB2×NE,NUNUZ.AB2×NE,CM
NUNUZ.AB2×SILA3,NUNUZ.AB2×SILA3,CM
NUNUZ.AB2×U2,NUNUZ.AB2×U2,CM
NUNUZ.AB2×X,NUNUZ.AB2×X,CM
NUNUZ.DIM2,NUNUZ.DIM2,CM
NUNUZ.KISIM5,NUNUZ.KISIM5,CM
NUNUZ.KISIM5×BI,NUNUZ.KISIM5×BI,CM
NUNUZ.KISIM5×BI.U,NUNUZ.KISIM5×BI.U,CM
NUNUZ.KISIM5×LU3+PAP+PAP,NUNUZ.KISIM5×LU3+PAP+PAP,CM
NUNUZZI,EN.NUNUZ.ZI.AN.UD,CM
NUNX(NE),NE,CM
NUR,NUN&NUN,CM
NURA,ERIN2,CM
NURI,ERIN2,CM
NURRA?,LUGAL,CM
NURU,ERIN2,CM
NURX(NU11),NU11,CM
NUS,NUNUZ,CM
NUSKA,PA.TUG2,CM
NUSKA2,PA.LU,CM
NUSKU,PA.TUG2,CM
NUSKU2,PA.LU,CM
NUSSU,LAGAB×U+U+U,CM
NUX(|AB×U+U+U|),AB×U+U+U,CM
NUX(|HU.NA2|),HU.NA2,CM
NUX(ŠITA),ŠITA,CM
NUZ,NUNUZ,CM
NUZZI,EN.NUNUZ.ZI.AN.UD,CM
NUĜUN,KUL,CM
NUĜX(NUN),NUN,CM
NUŠKA,PA.TUG2,CM
NUŠKA2,PA.LU,CM
NUŠKU2,PA.LU,CM
NŪR-ILI,URU×IGI,CM
PA,PA,CM
PA.AL,PA.AL,CM
PA.AN,PA.AN,CM
PA.DAG.KISIM5×GUD,PA.DAG.KISIM5×GUD,CM
PA.DAG.KISIM5×KAK,PA.DAG.KISIM5×KAK,CM
PA.DAG.KISIM5×LU+MAŠ2,PA.DAG.KISIM5×LU+MAŠ2,CM
PA.DU,PA.DU,CM
PA.DU@G,PA.DU@g,CM
PA.DU@S,PA.DU@s,CM
PA.DU@g,PA.DU@g,CM
PA.DU@s,PA.DU@s,CM
PA.DUN3,PA.DUN3,CM
PA.E2,PA.E2,CM
PA.GA2,PA.GA2,CM
PA.GAN,PA.GAN,CM
PA.GI,PA.GI,CM
PA.GISAL.SI.A,PA.GISAL.SI.A,CM
PA.GISAL.SI.A.PAD,PA.GISAL.SI.A.PAD,CM
PA.GU2@G,PA.GU2@g,CM
PA.GU2@g,PA.GU2@g,CM
PA.HUB2,PA.HUB2,CM
PA.HUB2.DU,PA.HUB2.DU,CM
PA.IB,PA.IB,CM
PA.KAK,PA.KAK,CM
PA.LAGABX(GUD+GUD),PA.LAGABx(GUD+GUD),CM
PA.LAGABx(GUD+GUD),PA.LAGABx(GUD+GUD),CM
PA.LU,PA.LU,CM
PA.LUGAL,PA.LUGAL,CM
PA.ME.U.U.U,PA.ME.U.U.U,CM
PA.NUN.LAGAR,PA.NUN.LAGAR,CM
PA.SU,PA.SU,CM
PA.SUD.EL,PA.SUD.EL,CM
PA.TE,PA.TE,CM
PA.TE.SI,PA.TE.SI,CM
PA.TE.SI.GAR,PA.TE.SI.GAR,CM
PA.TUG2,PA.TUG2,CM
PA.TUK.DU,PA.TUK.DU,CM
PA.URU×MIN,PA.URU×MIN,CM
PA.UZU,PA.UZU,CM
PA.ŠA6,PA.ŠA6,CM
PA.ŠE,PA.ŠE,CM
PA10,IGI,CM
PA12,PI,CM
PA2,BA,CM
PA3,IGI.RU,CM
PA4,PAP,CM
PA5,PAP.E,CM
PA6,PAP.IŠ,CM
PA7?,HU,CM
PA8,ŠID,CM
PA9,ŠA6,CM
PAB,PAP,CM
PAD,PAD,CM
PAD.AN.MUŠ2,PAD.AN.MUŠ2,CM
PAD.AN.MUŠ3,PAD.AN.MUŠ3,CM
PAD.DUG.GIŠ.SI,PAD.DUG.GIŠ.SI,CM
PAD.MUŠ3,PAD.MUŠ3,CM
PAD2,BAD,CM
PAD3,IGI.RU,CM
PAD4,IGI,CM
PAD5,PAP.E,CM
PAD6,PAP.IŠ,CM
PADA,PAD,CM
PAG,HU,CM
PAGRA3,LU2×4,CM
PAGRAX(|LU2.LU2.LU2.LU2|),LU2.LU2.LU2.LU2,CM
PAGRAX(|LU2@LU2|),LU2@LU2,CM
PAH,LUL,CM
PAH3,HU,CM
PAK,HU,CM
PAL,BAL,CM
PALA,NAM.LUGAL,CM
PALA2,NAM.EN,CM
PALA3,NAM.SAL.TUG2,CM
PALA4,BAL,CM
PALIL,IGI.DU,CM
PALIL2,IGI.EŠ2.DU.ERIN2,CM
PALLILX(|IGI.EŠ2.DU.ERIN2|),IGI.EŠ2.DU.ERIN2,CM
PAN,PAN,CM
PAN2?,LUL,CM
PAN3,IGI,CM
PANA,PAN,CM
PANAX(|ŠE.NUN&NUN|),ŠE.NUN&NUN,CM
PANU,ZA.MUŠ3@g.AB@g,CM
PANŠUR,URU×URUDA,CM
PAP,PAP,CM
PAP-UGUR2,PAP.IGI@g,CM
PAP.E,PAP.E,CM
PAP.HAL,PAP.HAL,CM
PAP.IGI@G,PAP.IGI@g,CM
PAP.IGI@G.NUN.ME,PAP.IGI@g.NUN.ME,CM
PAP.IGI@g,PAP.IGI@g,CM
PAP.IGI@g.NUN.ME,PAP.IGI@g.NUN.ME,CM
PAP.IŠ,PAP.IŠ,CM
PAP.NA2,PAP.NA2,CM
PAP.PAP,PAP.PAP,CM
PAP.PAP.IDIM×4,PAP.PAP.IDIM×4,CM
PAP.PAP×ŠE,PAP.PAP×ŠE,CM
PAP.SAG,PAP.SAG,CM
PAPA2,KA2,CM
PAPNUN,LAL2,CM
PAQ,HU,CM
PAR,UD,CM
PAR2,BAR,CM
PAR3,DAG,CM
PAR4,NI.GIŠ,CM
PAR5,ERIN2,CM
PAR6,BARA2,CM
PARA,UD,CM
PARA10,BARA2,CM
PARA2,BAR,CM
PARA3,DAG,CM
PARA4,NI.GIŠ,CM
PARA5,LAGAB×EN,CM
PARA6,LAGAB×ME+EN,CM
PARA7,LAGAB×IGI@g,CM
PARA8,LAGAB×TAK4,CM
PARA9,LAGAB×LUL,CM
PARAG,BARA2,CM
PARIM,PA.DU@s,CM
PARSA,KUR.TI,CM
PAT,PAD,CM
PAT2,BAD,CM
PATA,PAD,CM
PATRU,GIR2,CM
PAX(BAD),BAD,CM
PAX(IDIM),IDIM,CM
PAX(PAD),PAD,CM
PAX(|DAG.KISIM5×KAK|),DAG.KISIM5×KAK,CM
PAX(|E×PAP|),E×PAP,CM
PAŢ,PAD,CM
PAŢ2,BAD,CM
PE,PI,CM
PE2,BI,CM
PE3,BAD,CM
PE4?,KA,CM
PE5,NE,CM
PEL,NE,CM
PEL2,NE@s,CM
PEL5,NUNUZ,CM
PEŠ,HA@g,CM
PEŠ10,KI.A,CM
PEŠ11,HA,CM
PEŠ12,UD,CM
PEŠ13,ŠA3×TUR,CM
PEŠ14,ŠU.KAD4,CM
PEŠ2,PEŠ2,CM
PEŠ3,MA,CM
PEŠ4,ŠA3×A,CM
PEŠ5,KAD4,CM
PEŠ6,KAD5,CM
PEŠ7,TUR,CM
PEŠ8?,ŠU.GAN,CM
PEŠ9,UD.A,CM
PEŠX(LAK171@S),LAK171@s,CM
PEŠX(|GA.KAD3|),GA.KAD3,CM
PEŠX(ŠA3),ŠA3,CM
PEŠŠE,MA,CM
PI,PI,CM
PI%PI,PI%PI,CM
PI.GIŠ.TUG2,PI.GIŠ.TUG2,CM
PI2,BI,CM
PI3,BAD,CM
PI4,KA,CM
PI5,NE,CM
PI7?,GA2×A+IGI,CM
PI8,BU,CM
PIH?,LUL,CM
PIHU,BI.U2.SA,CM
PIHU2,NUNUZ.AB2×BI,CM
PIHU3,BI.UŠ.SA,CM
PIHU3?,KA.KAK,CM
PIHU4,BI.U2.SA,CM
PIHU5,UŠ.SA,CM
PIHU6,NUNUZ.AB2×IGI@g,CM
PIHUX(|U2.SA.KA.KAK|),U2.SA.KA.KAK,CM
PIHUX(|U2.SA|),U2.SA,CM
PIK,SIG,CM
PIL,NE,CM
PIL2,NE@s,CM
PIL3,GIŠ.NE@s,CM
PIL4,GIŠ.NE,CM
PIL6?,NU11,CM
PIL7,PIRIG,CM
PIN,APIN,CM
PIQ,SIG,CM
PIR,UD,CM
PIR2,ERIN2,CM
PIR3,HI×ŠE,CM
PIR6,NAM,CM
PIRIG,PIRIG,CM
PIRIG.AB@G.GAL,PIRIG.AB@g.GAL,CM
PIRIG.AB@g.GAL,PIRIG.AB@g.GAL,CM
PIRIG.PIRIG,PIRIG.PIRIG,CM
PIRIG.TUR,PIRIG.TUR,CM
PIRIG2,UD,CM
PIRIG3,PIRIG×UD,CM
PIRIG@PIRIG,PIRIG@PIRIG,CM
PIRIGA,PIRIG,CM
PIRIG×KAL,PIRIG×KAL,CM
PIRIG×UD,PIRIG×UD,CM
PIRIG×ZA,PIRIG×ZA,CM
PIRIĜ,PIRIG,CM
PIRIĜ2,UD,CM
PIRIĜ3,PIRIG×UD,CM
PIRIĜA,PIRIG,CM
PIRU?,GA2×A+IGI,CM
PIS,HA@g,CM
PISAG,GA2,CM
PISAG2,ŠID,CM
PISAG3,ŠID×A,CM
PISAGX(|GA2×GI4|),GA2×GI4,CM
PISAGX(|GA2×GI|),GA2×GI,CM
PISAN,GA2,CM
PISAN2,ŠID,CM
PISAN3,ŠID×A,CM
PISANX(|GA2×GI4|),GA2×GI4,CM
PISANX(|GA2×GI|),GA2×GI,CM
PISAĜ,GA2,CM
PISAĜ2,ŠID,CM
PISAĜ3,ŠID×A,CM
PITRU,GABA,CM
PI×A,PI×A,CM
PI×AB,PI×AB,CM
PI×BI,PI×BI,CM
PI×BU,PI×BU,CM
PI×E,PI×E,CM
PI×I,PI×I,CM
PI×IB,PI×IB,CM
PI×U,PI×U,CM
PI×U2,PI×U2,CM
PIŠ,HA@g,CM
PIŠ10,KI.A,CM
PIŠ2,PEŠ2,CM
PIŠ4,ŠA3×A,CM
PIŠ5,KAD4,CM
PIŠ6,KAD5,CM
PIŠA,HA@g,CM
PIŠX(LAK171@S),LAK171@s,CM
PIŢ,E2,CM
PU,BU,CM
PU-UDU,KA×LU,CM
PU11,U2,CM
PU2,LAGAB×U,CM
PU3,KA×GAN2@t,CM
PU5,KA,CM
PU6,LAGAB×BAD,CM
PUGINX(LAGAB×A),LAGAB×A,CM
PUGINX(|LAGAB×A|),LAGAB×A,CM
PUGLU,ŠA3.GI,CM
PUH,LUL,CM
PUHRUM,GIŠ%GIŠ,CM
PUK,MUG,CM
PUL,LAGAB×U+U+U,CM
PUL2,BUR2,CM
PUL3,BAL,CM
PUM,KA×GAN2@t,CM
PUQ2,HU,CM
PUR,BUR,CM
PUR13,PAP.PAP,CM
PURU,BUR,CM
PUS,HA@g,CM
PUTA,ZAG,CM
PUTE,ZAG,CM
PUTI,ZAG,CM
PUTU,ZAG,CM
PUZRU,KA×GAN2@t.ŠA,CM
PUZUR,U,CM
PUZUR2,U.U,CM
PUZUR3,U.ZAG,CM
PUZUR4,KA×GAN2@t.ŠA,CM
PUZUR5,KA×GAN2@t,CM
PUŠ2,PAP.HAL,CM
PUŠ3,HA@g,CM
PUŠ4,DUN3@g,CM
QA,SILA3,CM
QA2,GA,CM
QA3,KA,CM
QA4,ŠU.MIN,CM
QA6,KAK,CM
QAB,GABA,CM
QAB2,KAB,CM
QABLU,UZ3×KASKAL,CM
QAD,ŠU,CM
QAD2,ŠU.MIN,CM
QAD3,GAD,CM
QAD6?,KAD2,CM
QADMA,GUD,CM
QADMAX(TAR),TAR,CM
QADMU,TAR,CM
QAL,GAL,CM
QAL3,URU×MIN,CM
QAL4,KAL,CM
QAM,GAM,CM
QAM2,HI×BAD,CM
QAN,GAN,CM
QAN2,GI,CM
QAP,GABA,CM
QAP2,KAB,CM
QAPTU,DUGUD,CM
QAQ,KAK,CM
QAQQARU,KI,CM
QAR,GAR3,CM
QAR2,TE.A,CM
QAR3?,GAR,CM
QARA3?,GAR,CM
QAT,ŠU,CM
QAT2,ŠU.MIN,CM
QAT3,GAD,CM
QAT5,KAD4,CM
QAT6?,KAD2,CM
QAT7?,KAD3,CM
QAT8,KAD5,CM
QATA,ŠU,CM
QATI,ŠU.MIN.ME.U.U.U,CM
QE,KIN,CM
QE2,KI,CM
QE3,GI,CM
QE4,GI4,CM
QER5,GAR3,CM
QI,KIN,CM
QI2,KI,CM
QI3,GI,CM
QI4,GI4,CM
QI5,KID,CM
QI6,KAK,CM
QIB,GIŠ%GIŠ,CM
QID,KID,CM
QID2,BU,CM
QID4?,GAD,CM
QIL,LAGAB,CM
QIL2,GI%GI,CM
QILI2?,GI%GI,CM
QIM,DIM2,CM
QIN,KIN,CM
QIP,GIŠ%GIŠ,CM
QIQ,GIG,CM
QIR,HA@g,CM
QIR3,LAGAB,CM
QIR6,AB2×GAN2@t,CM
QIR7,GIR3,CM
QIRI,HA@g,CM
QIS,KIŠ,CM
QIT,KID,CM
QIT2,BU,CM
QIT3,BAD,CM
QIŠ,KIŠ,CM
QIŠAT,ŠE.NUN&NUN,CM
QIŠATX(|GIŠ×TAK4|),GIŠ×TAK4,CM
QU,GUM,CM
QU2,KU,CM
QU3,GU,CM
QU5,KU3,CM
QU6,GU2,CM
QUB,DU,CM
QUD,TAR,CM
QUDMA,TAR,CM
QUDMAX(GUD),GUD,CM
QUDMU,TAR,CM
QUL,KUL,CM
QUL2,GUL,CM
QUM,GUM,CM
QUM2,NE,CM
QUM3,LUM,CM
QUMX(TAR),TAR,CM
QUN,KUN,CM
QUP,DU,CM
QUP2?,HUB2×UD,CM
QUR,GUR,CM
QUR2,KUR,CM
QUR3?,GAM,CM
QUR4,PAP,CM
QURX(TE@G),TE@g,CM
QUT,TAR,CM
QUTRA,KI.AN.IM,CM
QUTU,TAR,CM
QÛ,SILA3,CM
RA,RA,CM
RA.RA,RA.RA,CM
RA2,DU,CM
RA3,UD,CM
RA4,SUD2,CM
RA5?,BU,CM
RA6,AK,CM
RAB,RAB,CM
RAB.GAL,RAB.GAL,CM
RAB.GAN,RAB.GAN,CM
RAB.HI×BAD,RAB.HI×BAD,CM
RAB.MAH,RAB.MAH,CM
RAB.TUR.TUR,RAB.TUR.TUR,CM
RAB2,GAL,CM
RAB3?,LUGAL,CM
RAB4?,KAL,CM
RABA,RAB,CM
RABITA,EDIN,CM
RABX(NUN),NUN,CM
RAD,SUD2,CM
RAG,SAL,CM
RAGAB3,KAB.UŠ,CM
RAGABX(|DA.UŠ|),DA.UŠ,CM
RAH,LUH,CM
RAH2,RA,CM
RAHX(|DU&DU.DU&DU|),DU&DU.DU&DU,CM
RAHX(|DU.DU.DU.DU|),DU.DU.DU.DU,CM
RAHX(|DU.DU|),DU.DU,CM
RAHX(|DU@S.DU@S|),DU@s.DU@s,CM
RAK,SAL,CM
RAM,NINDA2×NE,CM
RAM2,AŠ,CM
RAMA,NINDA2×NE,CM
RAMAN,KUR,CM
RAMANU,KUR,CM
RAP,RAB,CM
RAP2?,GAL,CM
RAPIKU,DAG.KISIM5×PAP+PAP,CM
RAPIQU,DAG.KISIM5×PAP+PAP,CM
RAPIQU2,IDIM,CM
RAQ,SAL,CM
RAS,KASKAL,CM
RAT,SUD2,CM
RATA,SUD2,CM
RAX(DU@S),DU@s,CM
RAX(|U.GUD|),U.GUD,CM
RAX?(IGI),IGI,CM
RAZU,KUR,CM
RAŠ,KASKAL,CM
RAŠ2,TUK,CM
RAŠU,KUR,CM
RAŢ,SUD2,CM
RE,RI,CM
RE'E,PA.LU,CM
RE'I,PA.LU,CM
RE'U,PA.LU,CM
RE12?,KAK,CM
RE2,URU,CM
RE3,LAGAB,CM
RE6,DU,CM
RE7,DU&DU,CM
RE8,MUŠ%MUŠ,CM
REM2,AB2,CM
REME,LAGAB,CM
REME2,AB2,CM
REX(|DU&DU.DU&DU|),DU&DU.DU&DU,CM
REX(|DU.DU.DU.DU|),DU.DU.DU.DU,CM
REX(|DU@S.DU@S|),DU@s.DU@s,CM
RI,RI,CM
RI...,TUM,CM
RI10?,EDIN,CM
RI12?,KAK,CM
RI2,URU,CM
RI3,LAGAB,CM
RI4,ZUM,CM
RI5,NUN&NUN,CM
RI6,DU,CM
RI7,DU&DU,CM
RI8,MUŠ%MUŠ,CM
RI9,LU2@s,CM
RIB,KAL,CM
RIBX(EDIN),EDIN,CM
RID,MES,CM
RIG,ŠIM,CM
RIG10,PA.DAG.KISIM5×KAK,CM
RIG11,MES.RU,CM
RIG12,DU.HUB2,CM
RIG2,ZUM,CM
RIG3,ŠITA2,CM
RIG5,RI,CM
RIG6?,SAL.LAGAB×AŠ2,CM
RIG7,PA.HUB2.DU,CM
RIG8,PA.HUB2,CM
RIG9,HUB2.DU,CM
RIGE12,DU.HUB2,CM
RIGX(|PA.TUK.DU|),PA.TUK.DU,CM
RIGX(|ŠID.RU|),ŠID.RU,CM
RIH,LUH,CM
RIK,ŠIM,CM
RIK2,ZUM,CM
RIK4,ŠEN,CM
RIM,LAGAB,CM
RIM2,AB2,CM
RIM3,NE.RU,CM
RIM4,DU@s,CM
RIM5,AŠ,CM
RIMU2,AB2,CM
RIMX(ZUM),ZUM,CM
RIMX(|RU.NE|),RU.NE,CM
RIN,LAGAB,CM
RIN2,ERIN2,CM
RIN3,LAGAB.LAGAB,CM
RIN4,MUŠ%MUŠ,CM
RIN5,LU2@s,CM
RIN6,KASKAL,CM
RINA2,ERIN2,CM
RIP,KAL,CM
RIQ,ŠIM,CM
RIQ2,ZUM,CM
RIRIG,PA.DAG.KISIM5×KAK,CM
RIS,SAG,CM
RIT,MES,CM
RIT2,SUD2,CM
RIŠ,SAG,CM
RIŢ,MES,CM
RU,RU,CM
RU.NE,RU.NE,CM
RU10,TE@g,CM
RU11,URU×GAN2@t,CM
RU12,EN,CM
RU13,EN×GAN2@t,CM
RU14,URU×A,CM
RU2,KAK,CM
RU3,AŠ,CM
RU4,URU×UD,CM
RU5,U.GUD,CM
RU6,EDIN,CM
RU7,UR,CM
RU8,TA×HI,CM
RU9,URU,CM
RUB,KAL,CM
RUD,SUD2,CM
RUG,ŠEN,CM
RUG2,NAM.SU,CM
RUH,LUH,CM
RUH2,LU2,CM
RUK,ŠEN,CM
RUM,AŠ,CM
RUM2,NE.RU,CM
RUM3?,NIM,CM
RUQ,ŠEN,CM
RUQU,ŠEN,CM
RUŠ?,HI.GIR3,CM
RUŠBAN,GUD,CM
RUŠPAN,GUD,CM
RUŢ,SUD2,CM
RĀBIŞU,UDUG,CM
RĒŠU,SAG,CM
SA,SA,CM
SA.HI×ŠE.KAK,SA.HI×ŠE.KAK,CM
SA10,NINDA2×ŠE,CM
SA11,SI@g,CM
SA12,SAG,CM
SA13,IGI.ERIN2,CM
SA14,KAL,CM
SA15?,GAR,CM
SA16,UD,CM
SA17,ŠU2.NAGA,CM
SA18,BI,CM
SA19,ŠA,CM
SA2,DI,CM
SA21,ŠEG9,CM
SA3,ZA,CM
SA4,HU.NA2,CM
SA5,SI.A,CM
SA6,ŠA6,CM
SA7,IGI@g,CM
SA7-ALAN,IGI@g.ALAN,CM
SA8,AN,CM
SA9,MAŠ,CM
SAB,PA.IB,CM
SABAD,GA2×U,CM
SABAD2,GA2×BAD,CM
SABAD3,GA2×IGI@g,CM
SABAR,ŠEG9.BAR,CM
SABU,SI.A.BUR2,CM
SAD,KUR,CM
SAD2,GA2×U,CM
SAD3,GA2×BAD,CM
SAD4,GA2×IGI@g,CM
SADU,DI.DI,CM
SADX(|E2×U|),E2×U,CM
SAG,SAG,CM
SAG&SAG,SAG&SAG,CM
SAG.AN,SAG.AN,CM
SAG.DUN3,SAG.DUN3,CM
SAG.EZEN,SAG.EZEN,CM
SAG.PA.LAGAB,SAG.PA.LAGAB,CM
SAG.SAL,SAG.SAL,CM
SAG10,IGI.ERIN2,CM
SAG11,KIN,CM
SAG12,IGI@g,CM
SAG2,PA.GAN,CM
SAG3,PA,CM
SAG4,LUGAL,CM
SAG5,NISAG,CM
SAG7,GAN,CM
SAG8,KAL,CM
SAG9,ŠA6,CM
SAG@G,SAG@g,CM
SAG@N,SAG@n,CM
SAG@N@G,SAG@n@g,CM
SAG@g,SAG@g,CM
SAG@n,SAG@n,CM
SAG@n@g,SAG@n@g,CM
SAGA,SAG,CM
SAGA11,KIN,CM
SAGAX(|ŠE.KIN.KIN|),ŠE.KIN.KIN,CM
SAGAX(|ŠE.KIN|),ŠE.KIN,CM
SAGBAR,HI×AŠ2,CM
SAGDU?,SAG×DU,CM
SAGDUDU,LAGAB×ŠITA@t+GIŠ,CM
SAGDUDUX(|LAGAB×ŠITA+GIŠ+ERIN2|),LAGAB×ŠITA+GIŠ+ERIN2,CM
SAGDUL,U.SAG,CM
SAGGA,ŠID,CM
SAGGA2,IL2.MA2.DUB2,CM
SAGGA3,IL2.MA2.IGI@g,CM
SAGGA4,IL2.DUB2,CM
SAGGA5,GA.UZ3.IGI@g,CM
SAGGA6,GA.MA2.IGI@g,CM
SAGGAR,SAG,CM
SAGGAR2,HI×AŠ2,CM
SAGI,SILA3.ŠU.GABA,CM
SAGIX(|SILA3.GABA|),SILA3.GABA,CM
SAGIX(ŠU),ŠU,CM
SAGKURINI?,DUB2,CM
SAGKURUN,DIN.KASKAL.U@g.DIŠ,CM
SAGMAN,MAŠ.U.U,CM
SAGMAŠ,BAD.KASKAL,CM
SAGMIN,MAŠ.U.U,CM
SAGMINX(|SAG&SAG|),SAG&SAG,CM
SAGMUNZER,SIK2.MU.BU,CM
SAGMUNZIR,SIK2.MU.BU,CM
SAGTAG,AŠ,CM
SAGTAG3,AŠ@z,CM
SAGTAK,AŠ,CM
SAGTAK3,AŠ@z,CM
SAGTUŠX(|U.SAG|),U.SAG,CM
SAGUS,UD.DU,CM
SAGUŠ,UD.DU,CM
SAGX(UD@G),UD@g,CM
SAGX(|U.GA|),U.GA,CM
SAGX(ŠE),ŠE,CM
SAG×A,SAG×A,CM
SAG×DU,SAG×DU,CM
SAG×DUB,SAG×DUB,CM
SAG×HA,SAG×HA,CM
SAG×KAK,SAG×KAK,CM
SAG×KAK.GABA,SAG×KAK.GABA,CM
SAG×KUR,SAG×KUR,CM
SAG×LUM,SAG×LUM,CM
SAG×MI,SAG×MI,CM
SAG×NUN,SAG×NUN,CM
SAG×SAL,SAG×SAL,CM
SAG×TAB,SAG×TAB,CM
SAG×U2,SAG×U2,CM
SAG×UB,SAG×UB,CM
SAG×UM,SAG×UM,CM
SAG×UR,SAG×UR,CM
SAG×UŠ,SAG×UŠ,CM
SAG×ŠID,SAG×ŠID,CM
SAGŠU,U.SAG,CM
SAH,KID,CM
SAH2,ŠUBUR,CM
SAH3?,DUN,CM
SAH4,GU%GU,CM
SAH6,HA.A,CM
SAH7,A×HA,CM
SAHA6,HA.A,CM
SAHA7,A×HA,CM
SAHAB,ŠU.DIŠ,CM
SAHAB2,ŠU.DI.U.U.U,CM
SAHABX(|ŠU.SI.DI|),ŠU.SI.DI,CM
SAHAN?,MUŠ,CM
SAHAR,IŠ,CM
SAHAR2,SAR,CM
SAHARDUB,IŠ,CM
SAHX(KU),KU,CM
SAHX(|A.HA.A|),A.HA.A,CM
SAHX(|A.HA|),A.HA,CM
SAK,SAG,CM
SAK3,PA,CM
SAK6,ZAG,CM
SAKAR,SAR,CM
SAKARX(NU11),NU11,CM
SAKKAN,GIR3,CM
SAKKAN2,GIR3.GA2×PA.A.AN,CM
SAL,SAL,CM
SAL.AL,SAL.AL,CM
SAL.ANŠE,SAL.ANŠE,CM
SAL.AŠ2.GAR3,SAL.AŠ2.GAR3,CM
SAL.EN,SAL.EN,CM
SAL.EŠ2,SAL.EŠ2,CM
SAL.GA2×PA,SAL.GA2×PA,CM
SAL.HUB2,SAL.HUB2,CM
SAL.KU,SAL.KU,CM
SAL.KUR,SAL.KUR,CM
SAL.KUŠU2,SAL.KUŠU2,CM
SAL.LA,SAL.LA,CM
SAL.LAGAB,SAL.LAGAB,CM
SAL.LAGAB×AŠ2,SAL.LAGAB×AŠ2,CM
SAL.LAGAR,SAL.LAGAR,CM
SAL.MA,SAL.MA,CM
SAL.ME,SAL.ME,CM
SAL.SIK2,SAL.SIK2,CM
SAL.TAB.KUN,SAL.TAB.KUN,CM
SAL.TAK4,SAL.TAK4,CM
SAL.TUG2,SAL.TUG2,CM
SAL.TUG2.PAP.IGI@G.NUN.ME.EZEN×KASKAL,SAL.TUG2.PAP.IGI@g.NUN.ME.EZEN×KASKAL,CM
SAL.TUG2.PAP.IGI@g.NUN.ME.EZEN×KASKAL,SAL.TUG2.PAP.IGI@g.NUN.ME.EZEN×KASKAL,CM
SAL.TUK,SAL.TUK,CM
SAL.UD,SAL.UD,CM
SAL.UD.EDIN,SAL.UD.EDIN,CM
SAL.UR,SAL.UR,CM
SAL.UŠ,SAL.UŠ,CM
SAL.UŠ.DAM,SAL.UŠ.DAM,CM
SAL.UŠ.DI,SAL.UŠ.DI,CM
SAL2,DI,CM
SAL3,NI,CM
SAL4,SILA3,CM
SALA,SAL,CM
SALA4,SILA3,CM
SALAGUD,DI,CM
SALAH,UD,CM
SALAMX(|IGI@G.ALAN|),IGI@g.ALAN,CM
SALGUD,DI,CM
SALIM,DI,CM
SALUBUG2,DIŠ,CM
SALUGUB,AŠ,CM
SALUGUB2,DIŠ,CM
SAM,U2,CM
SAM2,NINDA2×ŠE,CM
SAMAG,UM,CM
SAMAG2,UM×ŠA3,CM
SAMAG3,UM×U,CM
SAMAG4,UM×U.LAGAB,CM
SAMAG5,UM×LAGAB,CM
SAMAG6,IGI@g,CM
SAMAGX(|UM.LAGAB|),UM.LAGAB,CM
SAMAGX(|URUDA×U.LAGAB|),URUDA×U.LAGAB,CM
SAMAGX(|URUDA×U.U|),URUDA×U.U,CM
SAMAGX(|URUDA×U|),URUDA×U,CM
SAMAN,EŠ2.SUD.NUN.EŠ2.TU,CM
SAMAN2,EŠ2.BU.NUN.EŠ2.TU,CM
SAMAN3,ŠE.EŠ2.NUN.BU,CM
SAMAN4,U.GAN,CM
SAMAN5,NUNUZ.AB2×AŠGAB,CM
SAMANURX(|EŠ2.BU.NUN.EŠ2.TU|),EŠ2.BU.NUN.EŠ2.TU,CM
SAMANURX(|EŠ2.SUD.NUN.EŠ2.TU|),EŠ2.SUD.NUN.EŠ2.TU,CM
SAMANX(EŠ2),EŠ2,CM
SAMANX(|A.PA.BI.SI.A.GA|),A.PA.BI.SI.A.GA,CM
SAMANX(|A.PA.GISAL.PAD.SI.A|),A.PA.GISAL.PAD.SI.A,CM
SAMANX(|BU.NUN.ŠE.EŠ2|),BU.NUN.ŠE.EŠ2,CM
SAMANX(|GISAL.PAD.SI.A|),GISAL.PAD.SI.A,CM
SAMANX(|KU.BU.NUN.TU.KU|),KU.BU.NUN.TU.KU,CM
SAMANX(|NUN.ŠE.LAL|),NUN.ŠE.LAL,CM
SAMANX(|SUD.NUN.EŠ2.TU|),SUD.NUN.EŠ2.TU,CM
SAMANX(|SUD.NUN.ŠE.EŠ2|),SUD.NUN.ŠE.EŠ2,CM
SAMANX(|TUG2.BU.TUG2.TU|),TUG2.BU.TUG2.TU,CM
SAMUN+,EŠ2.SUD.NUN.EŠ2.TU,CM
SAMX(SAG),SAG,CM
SAMX(|NINDA2×AN|),NINDA2×AN,CM
SAMX(|NINDA2×ŠE+A+AN|),NINDA2×ŠE+A+AN,CM
SAMX(|NINDA2×ŠE+A.AN|),NINDA2×ŠE+A.AN,CM
SAMX(|NINDA2×ŠE+A|),NINDA2×ŠE+A,CM
SAMX(|NINDA2×ŠE.A.AN|),NINDA2×ŠE.A.AN,CM
SAMX(|NINDA2×ŠE.A|),NINDA2×ŠE.A,CM
SAN,SAG,CM
SAN2,ŠEN,CM
SAN3,NINDA2×AN,CM
SANDAK4,DIŠ,CM
SANGA,ŠID,CM
SANGA2,SANGA2,CM
SANGA3,IL2.MA2.IGI@g,CM
SANGA4,IL2.DUB2,CM
SANGA5,GA.UZ3.IGI@g,CM
SANGA6,GA.MA2.IGI@g,CM
SANGAX(|GA.UZ3.HI|),GA.UZ3.HI,CM
SANGAX(|GA.UZ3|),GA.UZ3,CM
SANGU,ŠID,CM
SANGU2,IL2.MA2.DUB2,CM
SANGU3,IL2.MA2.IGI@g,CM
SANGU4,IL2.DUB2,CM
SANGU5,GA.UZ3.IGI@g,CM
SANGU6,GA.MA2.IGI@g,CM
SANTA,AŠ,CM
SANTA4,DIŠ,CM
SANTAG,AŠ,CM
SANTAG4,DIŠ,CM
SANTAK,AŠ,CM
SANTAK2,AŠ@k,CM
SANTAK3,AŠ@z,CM
SANTAK4,DIŠ,CM
SANTAN,GAL.NI,CM
SANTANA,GAL.NI,CM
SAP,PA.IB,CM
SAP2,ERIN2,CM
SAP3,PA.LU,CM
SAPARU?,LU2.ME.EN,CM
SAQ,SAG,CM
SAR,SAR,CM
SAR.SAR,SAR.SAR,CM
SAR2,ŠAR2,CM
SAR3,NI,CM
SAR4,SUD,CM
SAR5,MUŠ3,CM
SAR6,LAGAB×SUM,CM
SAR7,LUL,CM
SAR8,SUM,CM
SARA,SAR,CM
SARA2,ŠAR2,CM
SARE2,ŠAR2,CM
SARGAD,HI×GAD,CM
SARIX(SAR),SAR,CM
SARSA,SAR.SAR,CM
SARX(NU),NU,CM
SARX(|A.LAGAB×KUL|),A.LAGAB×KUL,CM
SAS,ŠEŠ,CM
SASX(KI),KI,CM
SAT,KUR,CM
SATA,KUR,CM
SAX(NISAG),NISAG,CM
SAX(ZAG),ZAG,CM
SAX(|GU%GU|),GU%GU,CM
SAX(|NINDA2×AN|),NINDA2×AN,CM
SAX(|NINDA2×AŠ+AŠ|),NINDA2×AŠ+AŠ,CM
SAX(|NINDA2×ŠE+A+AN|),NINDA2×ŠE+A+AN,CM
SAX(|NINDA2×ŠE+A.AN|),NINDA2×ŠE+A.AN,CM
SAX(|NINDA2×ŠE+A|),NINDA2×ŠE+A,CM
SAX(|NINDA2×ŠE+AŠ+AŠ|),NINDA2×ŠE+AŠ+AŠ,CM
SAX(|NINDA2×ŠE+AŠ|),NINDA2×ŠE+AŠ,CM
SAX(|NINDA2×ŠE.A.AN|),NINDA2×ŠE.A.AN,CM
SAX(|NINDA2×ŠE.A|),NINDA2×ŠE.A,CM
SAĜ,SAG,CM
SAĜ4,LUGAL,CM
SAĜ5,NISAG,CM
SAĜA,SAG,CM
SAĜA2,SANGA2,CM
SAĜA3,IL2.MA2.IGI@g,CM
SAĜA4,IL2.DUB2,CM
SAĜA5,GA.UZ3.IGI@g,CM
SAĜA6,GA.MA2.IGI@g,CM
SAĜA7,GA.BALAG,CM
SAĜA8,ŠID,CM
SAĜAX(|GA.UZ.IGI@G|),GA.UZ.IGI@g,CM
SAĜAX(|GA.UZ3.HI|),GA.UZ3.HI,CM
SAĜAX(|GA.UZ3|),GA.UZ3,CM
SAĜAX(|LAGAB×LAK175|),LAGAB×LAK175,CM
SAĜDUDUX(|LAGAB×ŠITA@T|),LAGAB×ŠITA@t,CM
SAĜMAŠ,BAD.KASKAL,CM
SAĜMIN,MAŠ.U.U,CM
SAĜMINX(|SAG&SAG|),SAG&SAG,CM
SAĜTAK,AŠ,CM
SAĜTAK2,AŠ@k,CM
SAĜTAK3,AŠ@z,CM
SAĜTAK4,DIŠ,CM
SAĜX(|UD×U+U+U@G|),UD×U+U+U@g,CM
SAĜĜA,ŠID,CM
SAĜĜA2,IL2.MA2.DUB2,CM
SAĜĜAR,SAG,CM
SAĜĜAR2,HI×AŠ2,CM
SAĜŠU,U.SAG,CM
SE,SI,CM
SE10,ZA.MUŠ3.DI,CM
SE11,SIG,CM
SE12,IGI@g,CM
SE15,SAR,CM
SE2,ZI,CM
SE20,ZE2,CM
SE24,A.MUŠ3,CM
SE25,MUŠ3.DI,CM
SE26,A.MUŠ3.DI,CM
SE27,MUŠ3,CM
SE28,MUŠ3@g,CM
SE3,SUM,CM
SE8,DI,CM
SE9,MUŠ3×A+DI,CM
SED,MUŠ3×A+DI,CM
SED3,A.MUŠ3,CM
SED4,MUŠ3.DI,CM
SED5,A.MUŠ3.DI,CM
SED6,MUŠ3,CM
SED7,MUŠ3@g,CM
SED8,ZA.MUŠ3.DI,CM
SEDI,MUŠ3×A+DI,CM
SEDI3,A.MUŠ3,CM
SEDI4,MUŠ3.DI,CM
SEDI6,MUŠ3,CM
SEDI7,MUŠ3@g,CM
SEDI8,ZA.MUŠ3.DI,CM
SEDX(A),A,CM
SEDX(|MUŠ3×DI|),MUŠ3×DI,CM
SEG,SIG,CM
SEG10,SUM,CM
SEG11,PA.GAN,CM
SEG14,ŠEG9,CM
SEG15,KAL,CM
SEG16,GAN,CM
SEG17,GI,CM
SEG18,KIN,CM
SEG2,SIK2,CM
SEG3,PA,CM
SEG4,SIG4,CM
SEG5,IGI.ERIN2,CM
SEG6,ŠA6,CM
SEG7,IGI@g,CM
SEG8,GAD.TAK4.GIŠ,CM
SEG9,SI,CM
SEGGA,ŠEG9,CM
SER3,EZEN,CM
SERMUŠŠU?,IGI@g.TAK4.ALAN,CM
SES,ŠEŠ,CM
SEX(|MUŠ3×DI|),MUŠ3×DI,CM
SI,SI,CM
SI.A,SI.A,CM
SI.A.BUR2,SI.A.BUR2,CM
SI.GIŠ.PAD.DUG,SI.GIŠ.PAD.DUG,CM
SI.GUD,SI.GUD,CM
SI.GUD.AŠ,SI.GUD.AŠ,CM
SI.GUD×AŠ,SI.GUD×AŠ,CM
SI11,SIG,CM
SI12,IGI@g,CM
SI13,NAM,CM
SI14,DUG,CM
SI15,SAR,CM
SI17,IGI,CM
SI18,KA×BALAG,CM
SI19,KA×UD,CM
SI2,ZI,CM
SI20,ZE2,CM
SI21,KAL,CM
SI22,GI,CM
SI23,GUL,CM
SI29,PA,CM
SI3,SUM,CM
SI4,SI@g,CM
SI5,IGI.EŠ2,CM
SI6,LU,CM
SI7,UMUM×KASKAL,CM
SI8,DI,CM
SI@G,SI@g,CM
SI@G.A,SI@g.A,CM
SI@g,SI@g,CM
SI@g.A,SI@g.A,CM
SIB,ME,CM
SIB2,PA.LU,CM
SIBA,PA.LU,CM
SIBAD,PA.LU,CM
SIBIR,U.EN×GAN2@t,CM
SIBSIB,KA×ME+ME,CM
SID,MUŠ3×A+DI,CM
SID2,ŠID,CM
SIDRA,EZEN,CM
SIDUG,LAGAB×DAR,CM
SIDUG2,LAGAB×GA,CM
SIDUGA2,LAGAB×GA,CM
SIDUGAX(|LAGAB×TAG|),LAGAB×TAG,CM
SIDUGGA,LAGAB×DAR,CM
SIDUGGA2,LAGAB×GA,CM
SIG,SIG,CM
SIG.MU.BU,SIG.MU.BU,CM
SIG10,SUM,CM
SIG11,PA.GAN,CM
SIG14,ŠEG9,CM
SIG15,KAL,CM
SIG16,GAN,CM
SIG17,GI,CM
SIG18,KIN,CM
SIG2,SIK2,CM
SIG3,PA,CM
SIG4,SIG4,CM
SIG4&SIG4.ŠU2,SIG4&SIG4.ŠU2,CM
SIG4.IDIM,SIG4.IDIM,CM
SIG4.SIG4.ŠU2,SIG4.SIG4.ŠU2,CM
SIG5,IGI.ERIN2,CM
SIG6,ŠA6,CM
SIG7,IGI@g,CM
SIG8,GAD.TAK4.GIŠ,CM
SIG9,SI,CM
SIGA,SIG,CM
SIGA18,KIN,CM
SIGAX(|ŠU2.NAGA|),ŠU2.NAGA,CM
SIGGA,ŠEG9,CM
SIGGA2,PA,CM
SIGX(KA),KA,CM
SIGX(KA×BALAG),KA×BALAG,CM
SIGX(KA×ŠID),KA×ŠID,CM
SIGX(SAR),SAR,CM
SIGX(UMBIN),UMBIN,CM
SIGX(|KA×BALAG|),KA×BALAG,CM
SIGX(|KA×ŠID|),KA×ŠID,CM
SIGX(|URU×TU|),URU×TU,CM
SIGX(|ŠE.KIN|),ŠE.KIN,CM
SIH,ŠUBUR,CM
SIH2,KID,CM
SIH4,MUŠ3@g,CM
SIH5,GU%GU,CM
SIK,SIG,CM
SIK10,SUM,CM
SIK2,SIK2,CM
SIK2.AŠ,SIK2.AŠ,CM
SIK2.BU,SIK2.BU,CM
SIK2.LAM,SIK2.LAM,CM
SIK2.LAM.SUHUR,SIK2.LAM.SUHUR,CM
SIK2.MU.BU,SIK2.MU.BU,CM
SIK2.PA.IB,SIK2.PA.IB,CM
SIK2.SUD,SIK2.SUD,CM
SIK2.SUHUR,SIK2.SUHUR,CM
SIK2×NUN,SIK2×NUN,CM
SIKI,SIK2,CM
SIKI2,UD,CM
SIKIL,EL,CM
SIKIN,SIK2.LAM,CM
SIKIX(|PA.GAN|),PA.GAN,CM
SIL,TAR,CM
SIL10,EZEN×UD,CM
SIL2,NUN,CM
SIL3,SILA3,CM
SIL4,MI,CM
SIL5,EZEN×KASKAL,CM
SIL6,EZEN×A,CM
SIL7,EZEN×A+LAL,CM
SIL8,ŠIR,CM
SIL9,EZEN×A+LAL2,CM
SILA,TAR,CM
SILA11,ŠID,CM
SILA3,SILA3,CM
SILA3.GABA,SILA3.GABA,CM
SILA3.ŠU.GABA,SILA3.ŠU.GABA,CM
SILA4,GA2×PA,CM
SILAG,ŠID,CM
SILAKU,GA2×PA,CM
SILAL,EZEN×A,CM
SILALX(|EZEN×KU3|),EZEN×KU3,CM
SILAĜ,ŠID,CM
SILIG,URU×IGI,CM
SILIG2,TAG×UD,CM
SILIG3,TAG×TUG2,CM
SILIG4,TAG×GUD,CM
SILIG5,URU×URUDA,CM
SILIG6,KA×ŠID,CM
SILIM,DI,CM
SILIM2,KAL,CM
SILIMA,DI,CM
SILIMA2,KAL,CM
SILIX(DI),DI,CM
SILLAL,EZEN×UD,CM
SILX(EZEN),EZEN,CM
SILX(|EZEN×LAL2|),EZEN×LAL2,CM
SIM,NAM,CM
SIM2,SUM,CM
SIM3,DI,CM
SIM4?,LAGAB,CM
SIM5,ZUM,CM
SIMED,AŠ,CM
SIMIG,DUB,CM
SIMUG,UMUM,CM
SIMUGGALX(|GAL.UMUM|),GAL.UMUM,CM
SIMX(GIG),GIG,CM
SIMX(|KA×GA|),KA×GA,CM
SIN,U.U.U,CM
SIN2,NAM,CM
SIN3,EN.ZU,CM
SINX(ŠID),ŠID,CM
SIP,ME,CM
SIP2,PA.LU,CM
SIP3,AŠ@z&AŠ@z&AŠ@z&AŠ@z,CM
SIP4,PA.IB,CM
SIPA,PA.LU,CM
SIPA2,PA.IB,CM
SIPAD,PA.LU,CM
SIPAR,UD.KA.BAR,CM
SIPPAR,UD.GIŠ%GIŠ.NUN,CM
SIQ,SIG,CM
SIQQAX(PA),PA,CM
SIR,SUD,CM
SIR2,BU,CM
SIR3,EZEN,CM
SIR4,ŠIR,CM
SIR5,NU,CM
SIRARA,AB×HA,CM
SIRARA2,UD.MA2.AB×HA.ŠIR,CM
SIRARA3,UD.MA2.AB×HA.TAG,CM
SIRARA4,UD.MA2.AB×HA,CM
SIRARA5,AB@g,CM
SIRARA6,UD.MA2.AB×HA.KI.TAG,CM
SIRARAN,AB×HA,CM
SIRARAX(|AB×U+U+U|),AB×U+U+U,CM
SIRAŠ,ŠIM,CM
SIRAŠ2,ŠIM×A,CM
SIRAŠ3,ŠIM×GAR,CM
SIRDA,EZEN,CM
SIRIM2,EZEN,CM
SIRIS,ŠIM,CM
SIRIS2,ŠIM×A,CM
SIRIS3,ŠIM×GAR,CM
SIRIS4,BI,CM
SIRIS5,BI.MI,CM
SIRIŠ,ŠIM,CM
SIRMUŠŠU,IGI@g.TAK4.ALAN,CM
SIRRU,NU11.IR,CM
SIRSIR,BU&BU.AB,CM
SIRU,ŠIR,CM
SIRUM,ŠIR,CM
SIS,ŠEŠ,CM
SISAX(DI),DI,CM
SISHE,GU%GU.GU%GU,CM
SISI,ANŠE.KUR.RA,CM
SISIX(|ANŠE.KUR|),ANŠE.KUR,CM
SISKUR,AMAR×ŠE,CM
SISKUR2,AMAR×ŠE.AMAR×ŠE,CM
SISSIX(GI),GI,CM
SIT2,ŠID,CM
SIU,UMUM×KASKAL,CM
SIX(BU),BU,CM
SIX(SUD),SUD,CM
SIX(TAR),TAR,CM
SIX(|SI.A|),SI.A,CM
SIZKUR,AMAR×ŠE,CM
SIZKUR2,AMAR×ŠE.AMAR×ŠE,CM
SIŠ,ŠEŠ,CM
SIŠKUR,AMAR×ŠE,CM
SIŠKUR2,AMAR×ŠE.AMAR×ŠE,CM
SU,SU,CM
SU&SU,SU&SU,CM
SU&SU.A,SU&SU.A,CM
SU.A,SU.A,CM
SU.KI.LU.EŠ2.KI,SU.KI.LU.EŠ2.KI,CM
SU.KUR,SU.KUR,CM
SU.KUR.RU,SU.KUR.RU,CM
SU.RU×KUR,SU.RU×KUR,CM
SU10,MUŠ3@g,CM
SU11,KA,CM
SU12,SUM,CM
SU13,BU,CM
SU14,ZUM,CM
SU15,BI,CM
SU16,BUR2,CM
SU17,DUN,CM
SU18,DUN3,CM
SU2,ZU,CM
SU20,ŠIM,CM
SU3,SUD,CM
SU4,SI@g,CM
SU5,KU,CM
SU6,KA×SA,CM
SU7,LAGAR×ŠE,CM
SU8,DU&DU,CM
SU9,SI@g.A,CM
SUB,KA×GA,CM
SUB2,DU&DU,CM
SUB3,GU2×NUN,CM
SUB5,MUNSUB,CM
SUB6,TAG,CM
SUB7,RU,CM
SUBA,ZA.MUŠ3@g,CM
SUBA2,ZA.MUŠ3,CM
SUBA3,MUŠ3.ZA,CM
SUBA4?,MUŠ3,CM
SUBAR,ŠUBUR,CM
SUBARRUMX(ARAD),ARAD,CM
SUBIR,ŠUBUR,CM
SUBU,TAG,CM
SUBUR,ŠUBUR,CM
SUBUR2,LUH,CM
SUBURX(ARAD),ARAD,CM
SUBX(KAL),KAL,CM
SUBX(|DAG.KISIM5×GA|),DAG.KISIM5×GA,CM
SUBX(|DU&DU.DU&DU|),DU&DU.DU&DU,CM
SUBX(|DU.DU.DU.DU|),DU.DU.DU.DU,CM
SUBX(|DU@S.DU@S|),DU@s.DU@s,CM
SUBX(|KA×UD|),KA×UD,CM
SUBX(|MUŠ3.ZA|),MUŠ3.ZA,CM
SUBX(|PAP.NA2|),PAP.NA2,CM
SUBX(ŠID),ŠID,CM
SUD,SUD,CM
SUD.NUN.EŠ2.TU,SUD.NUN.EŠ2.TU,CM
SUD.NUN.ŠE.EŠ2,SUD.NUN.ŠE.EŠ2,CM
SUD.PA.EL,SUD.PA.EL,CM
SUD2,SUD2,CM
SUD3,SU.KUR.RU,CM
SUD4,BU,CM
SUD5,EZEN×KASKAL,CM
SUDX(NU11),NU11,CM
SUDX(|SU.KUR|),SU.KUR,CM
SUDX(|SU.RU×KUR|),SU.RU×KUR,CM
SUEN,EN.ZU,CM
SUENA,EN.ZU,CM
SUG,LAGAB×A,CM
SUG2,DU&DU,CM
SUG4,SUD,CM
SUG5,DUN3,CM
SUG6,SU,CM
SUG7,KA×LI,CM
SUG8,LAGAR×ŠE,CM
SUG9?,NUNUZ,CM
SUGAL,ZA.MUŠ3@g.AB@g,CM
SUGAL2,ZA.MUŠ3.AB@g,CM
SUGAL3,MUŠ3.AB@g,CM
SUGAL4,MUŠ3.ZA.AB@g,CM
SUGAL5,MUŠ3.AB,CM
SUGAL6,AB.MUŠ3,CM
SUGAL7,LUH,CM
SUGIN,BAD,CM
SUGIX(|LAGAB×A|),LAGAB×A,CM
SUGX(BU),BU,CM
SUGX(KA),KA,CM
SUGX(|DU&DU.DU&DU|),DU&DU.DU&DU,CM
SUGX(|DU.DU.DU.DU|),DU.DU.DU.DU,CM
SUGX(|DU@S.DU@S|),DU@s.DU@s,CM
SUGX(|LAGAB×GAR|),LAGAB×GAR,CM
SUGX(|PA.SUD.EL|),PA.SUD.EL,CM
SUGX(|SUD.PA.EL|),SUD.PA.EL,CM
SUH,MUŠ3@g,CM
SUH10,MUŠ3,CM
SUH2?,SUHUR,CM
SUH3,GU%GU,CM
SUH4,KID,CM
SUH5,KU,CM
SUH6,DU@g,CM
SUH7,MU,CM
SUHIRIM,LAGAR×ŠE+SUM,CM
SUHIRIN,LAGAR×ŠE+SUM,CM
SUHUB,ŠU2.ANx3,CM
SUHUB2,ANx3,CM
SUHUB3,ŠU.DIŠ,CM
SUHUB4,ŠU.DI.U.U.U,CM
SUHUB5,ŠU.GA,CM
SUHUL,ŠU2.ANx3,CM
SUHUL2,IM.DUN3@g@g.DUN,CM
SUHUL3,IM.DUN.DUN3@g@g,CM
SUHUR,SUHUR,CM
SUHUŠ,DU@g,CM
SUHUŠ2,NINDA2×UŠ,CM
SUHUŠX(TUR),TUR,CM
SUHUŠX(|UR×AL|),UR×AL,CM
SUHUŠX(|ŠA6.TUR|),ŠA6.TUR,CM
SUHX(TAG),TAG,CM
SUK,LAGAB×A,CM
SUK3,URU×MIN,CM
SUKAL,LUH,CM
SUKKAL,LUH,CM
SUKKAL2,SAL.HUB2,CM
SUKKAL3,SAL.AL,CM
SUKKALGALX(|GAL.LUH|),GAL.LUH,CM
SUKU4,KI.URU×MIN,CM
SUKU5,MUŠ3@g,CM
SUKU6,MUŠ3,CM
SUKUD,GALAM,CM
SUKUD2,MUŠ3@g,CM
SUKUD3,MUŠ3,CM
SUKUX(GALAM),GALAM,CM
SUKUX(LIL),LIL,CM
SUKUŠ,MUŠ3,CM
SUL,DUN,CM
SUL2,NI,CM
SUL3,KA×SA,CM
SUL4,LAGAR×ŠE,CM
SULGAR,ŠU2.ANx3,CM
SULLAT,IDIM,CM
SULLAT2,PA,CM
SULLIM,EN×GAN2@t,CM
SULU,TAR,CM
SULUG,LUL,CM
SULUHU,SIK2.SUD,CM
SULUHU2,SIK2.BU,CM
SULUHU3,ZI&ZI.LAGAB,CM
SULUHU4,LAGAB×A.LUM,CM
SULUHUX(|A.ZI&ZI|),A.ZI&ZI,CM
SULUHUX(|ZI&ZI.A|),ZI&ZI.A,CM
SULUHUX(|ZI&ZI.EŠ2|),ZI&ZI.EŠ2,CM
SULUMHI,SIK2.SUD,CM
SULUMHI2,SIK2.BU,CM
SULUMHI3,ZI&ZI.LAGAB,CM
SULUMHI4,LAGAB×A.LUM,CM
SULUMMAR,KI.SAG.DU,CM
SULX(|KA×KID|),KA×KID,CM
SUM,SUM,CM
SUM2,ZUM,CM
SUM3,SU,CM
SUM4,KA×SA,CM
SUM5,AŠ@k&AŠ@k&AŠ@k&AŠ@k,CM
SUM6,TAG,CM
SUMAŠ,SUMAŠ,CM
SUMAŠ.MAŠ,SUMAŠ.MAŠ,CM
SUMAŠ.ME,SUMAŠ.ME,CM
SUMU,SUM,CM
SUMUG,UM,CM
SUMUG2,UM×ŠA3,CM
SUMUG3,UM×U,CM
SUMUG4,UM×U.LAGAB,CM
SUMUG5,UM×LAGAB,CM
SUMUGAN,GIR3,CM
SUMUGANX(|ANŠE.PA|),ANŠE.PA,CM
SUMUGGA,GIR3,CM
SUMUGX(|UM.LAGAB|),UM.LAGAB,CM
SUMUGX(|URUDA×U.LAGAB|),URUDA×U.LAGAB,CM
SUMUGX(|URUDA×U|),URUDA×U,CM
SUMUKAN,GIR3,CM
SUMUN,TIL,CM
SUMUN2,GUL,CM
SUMUNA2,GUL,CM
SUMUNDA,LAGAR@g&LAGAR@g.ŠE,CM
SUMUNU2,GUL,CM
SUMUQAN,GIR3,CM
SUMUR,SAG@g,CM
SUMUR2,SUHUR,CM
SUMUR3,MUNSUB,CM
SUMURX(KA),KA,CM
SUMUX(KA),KA,CM
SUMX(|KA×KID|),KA×KID,CM
SUMX(|ZI&ZI|),ZI&ZI,CM
SUN,TIL,CM
SUN2,GUL,CM
SUN3,SUM,CM
SUN4,KA×SA,CM
SUN5,BUR2,CM
SUN6,ŠEN,CM
SUN7,KAL,CM
SUNA,TIL,CM
SUNA2,GUL,CM
SUNAX(KAL),KAL,CM
SUNGIN,BAD,CM
SUNX(|KA×KID|),KA×KID,CM
SUP2,DU&DU,CM
SUQ,LAGAB×A,CM
SUR,SUR,CM
SUR10,MA2.IGI@g,CM
SUR11,KU,CM
SUR12,LAGAR×ŠE,CM
SUR14,SAG,CM
SUR2,SAG@g,CM
SUR3,HI×AŠ,CM
SUR4,ŠA3×A,CM
SUR5,LAL,CM
SUR6,KI.GAL,CM
SUR7,KI.KAK,CM
SUR8,LAGAB×SUM,CM
SUR9,SUR9,CM
SURA,SUR,CM
SURA10,MA2.IGI@g,CM
SURA12,LAGAR×ŠE,CM
SURA13,EŠ2.KA,CM
SURA9,SUR9,CM
SURENGAL,A.LAGAB×HAL.UD.NUN.KI,CM
SURGAL,A.LAGAB×HAL.UD.NUN.KI,CM
SURI,TUM,CM
SURRA13,EŠ2.KA,CM
SURRU,SUR9,CM
SURRU2,MA2.IGI@g,CM
SURU5,LAL,CM
SURUEN,EN.ŠEŠ,CM
SURUENGAL,UD.NUN,CM
SURUGAL,UD.NUN,CM
SURUM?,NUN.LAGAR,CM
SURUNGAL,UD.NUN,CM
SURX(AMAR),AMAR,CM
SURX(BU),BU,CM
SURX(ERIN2),ERIN2,CM
SURX(LAGAB),LAGAB,CM
SURX(NU),NU,CM
SURX(UR),UR,CM
SURX(UZ3),UZ3,CM
SURX(|HI×AŠ2|),HI×AŠ2,CM
SURX(|LAL.LAGAB|),LAL.LAGAB,CM
SURX(|LAL2.TUG2|),LAL2.TUG2,CM
SUS,MUŠ3@g,CM
SUS2,MUŠ3,CM
SUSAN,MUŠ3.EREN,CM
SUSBU,MUŠ3@g.BU,CM
SUSBU2,MUŠ3@g,CM
SUSBU3,MUŠ3.BU,CM
SUSBU4,MUŠ3,CM
SUSLUG,ŠU.LUL,CM
SUSU,SUD2,CM
SUSX(SUD2),SUD2,CM
SUTU,BAR,CM
SUX(EREN),EREN,CM
SUX(LAGAB),LAGAB,CM
SUX(MI),MI,CM
SUX(TAG),TAG,CM
SUX(|DU&DU.DU&DU|),DU&DU.DU&DU,CM
SUX(|DU.DU.DU.DU|),DU.DU.DU.DU,CM
SUX(|DU@S.DU@S|),DU@s.DU@s,CM
SUX(|KA×KID|),KA×KID,CM
SUZ,MUŠ3@g,CM
SUZ2,MUŠ3,CM
SUZBU,MUŠ3@g.BU,CM
SUZBU2,MUŠ3@g,CM
SUZBU3,MUŠ3.BU,CM
SUŠ,KU,CM
SUŠ2,NI,CM
SUŠ3,BU,CM
SUŠBU,MUŠ3@g,CM
SUŠX(IŠ),IŠ,CM
TA,TA,CM
TA*,TAx,CM
TA2,DA,CM
TA3,TAG,CM
TA4,DAM,CM
TA5,UD,CM
TA6,TAK4,CM
TA7,PI,CM
TA8,HI,CM
TA@G,TA@g,CM
TA@g,TA@g,CM
TAB,TAB,CM
TAB&TAB.NI&NI.DIŠ&DIŠ,TAB&TAB.NI&NI.DIŠ&DIŠ,CM
TAB.AŠ,TAB.AŠ,CM
TAB.KUN,TAB.KUN,CM
TAB.TAB.AŠ,TAB.TAB.AŠ,CM
TAB.TAB.TAB,TAB.TAB.TAB,CM
TAB.TAB.TAB.AŠ,TAB.TAB.TAB.AŠ,CM
TAB.TAB.TAB.TAB,TAB.TAB.TAB.TAB,CM
TAB.TAB.TAB.TAB.AŠ,TAB.TAB.TAB.TAB.AŠ,CM
TAB.TI,TAB.TI,CM
TAB2,GIR2@g,CM
TAB4,U.U,CM
TABA,TAB,CM
TABIRA,DUB.NAGAR,CM
TAB×4,TAB×4,CM
TAD,TAK4,CM
TAG,TAG,CM
TAG.GAM.ME,TAG.GAM.ME,CM
TAG.TAG,TAG.TAG,CM
TAG.TUG2,TAG.TUG2,CM
TAG2,DAG,CM
TAG4,TAK4,CM
TAGA,TAG,CM
TAGRIMX(|LAGAB×KU3|),LAGAB×KU3,CM
TAGRINX(|LAGAB×KU3|),LAGAB×KU3,CM
TAG×BI,TAG×BI,CM
TAG×GUD,TAG×GUD,CM
TAG×KU,TAG×KU,CM
TAG×TUG2,TAG×TUG2,CM
TAG×UD,TAG×UD,CM
TAG×ŠE,TAG×ŠE,CM
TAG×ŠU,TAG×ŠU,CM
TAH,MU&MU,CM
TAH2,GABA,CM
TAH3,MU,CM
TAHA,MU&MU,CM
TAK,TAG,CM
TAK2,DAG,CM
TAK3,NI.UD,CM
TAK4,TAK4,CM
TAK4.ALAN,TAK4.ALAN,CM
TAK4.TAK4,TAK4.TAK4,CM
TAKA,TAG,CM
TAKA4,TAK4,CM
TAKA\+,BALAG,CM
TAL,RI,CM
TAL2,PI,CM
TAL3,AŠ,CM
TAL4,DIŠ,CM
TAL5,KAD5.KAD5,CM
TALA,RI,CM
TALA2,PI,CM
TALTAL,PI%PI,CM
TALX(HU),HU,CM
TALX(LAK171@S),LAK171@s,CM
TALX(|KAD5&KAD5.KAD5&KAD5|),KAD5&KAD5.KAD5&KAD5,CM
TAM,UD,CM
TAM2,DAM,CM
TAM3,DIM,CM
TAM4,TUM,CM
TAM5,ERIN2,CM
TAM6,DIM2,CM
TAN,KAL,CM
TAN2,GA2×ME+EN,CM
TAN3,GA2×TAK4,CM
TAN4,GA2×GAN2@t,CM
TAN6,UŠ×TAK4,CM
TAN7,GA2×DA,CM
TAN8,UR,CM
TANA,KAL,CM
TAP,TAB,CM
TAPA,TAB,CM
TAQ,TAG,CM
TAQ2,DAG,CM
TAQ3,NI.UD,CM
TAR,TAR,CM
TAR2,DAR,CM
TAR3,DARA3,CM
TAR5,GI,CM
TARA,TAR,CM
TARA3,DARA3,CM
TARAH,DARA3,CM
TARAHX(DARA4),DARA4,CM
TARGUL,MA2.MUG,CM
TARGULX(|MA2.KAK|),MA2.KAK,CM
TARI,GUR,CM
TARU,GUR,CM
TARU5,GI,CM
TAS,UR,CM
TASKARIN,TUG2,CM
TAT,TAK4,CM
TATGE,TAK4.TAK4,CM
TAX,TAx,CM
TAX(TAR),TAR,CM
TAZ,UR,CM
TAx,TAx,CM
TA×HI,TA×HI,CM
TA×MI,TA×MI,CM
TAŞ,UR,CM
TAŠ,UR,CM
TAŠ2,DIŠ,CM
TAŠ3,AŠ2,CM
TAŠA,UR,CM
TAŠKARIN,TUG2,CM
TE,TE,CM
TE.A,TE.A,CM
TE.AB,TE.AB,CM
TE.AB@G,TE.AB@g,CM
TE.AB@g,TE.AB@g,CM
TE.LAL,TE.LAL,CM
TE.ME,TE.ME,CM
TE.MUŠ3,TE.MUŠ3,CM
TE10,DI,CM
TE2,HI,CM
TE3,NAGA,CM
TE4,NE,CM
TE5,TUG2,CM
TE6,ŠID,CM
TE8,A2,CM
TE9,TI,CM
TE@G,TE@g,CM
TE@G.AB@G,TE@g.AB@g,CM
TE@g,TE@g,CM
TE@g.AB@g,TE@g.AB@g,CM
TEBIRU,DUB.NAGAR,CM
TEG3,TE,CM
TEGI,BALAG.LUL,CM
TEGI2,LUL.BALAG,CM
TEH2,UM,CM
TEHE3,NIM,CM
TEHI,DUB,CM
TEHI2,UM,CM
TEHI3,NIM,CM
TEL,TIL,CM
TELMUN,NI.TUK,CM
TEME,NAGA,CM
TEME2,NAGA@180,CM
TEMEN,TE,CM
TEMENNAX(TE),TE,CM
TEMEX(NAGA@T),NAGA@t,CM
TEMX(TE),TE,CM
TEN,TE,CM
TEN2,DIN,CM
TEN3,DUN3@g@g,CM
TER,ŠE.NUN&NUN,CM
TER4,SI.A,CM
TERTU,PA.SU,CM
TERX(|GIŠ×TAK4|),GIŠ×TAK4,CM
TERX(|KA×PI|),KA×PI,CM
TEX(TE@G),TE@g,CM
TEĜ3,TE,CM
TEĜ4,TI,CM
TEŠ,AŠ,CM
TEŠ2,UR,CM
TEŠBI,U2,CM
TEŠLUG,LU2×LAGAB,CM
TEŠUB,IM,CM
TI,TI,CM
TI2,HI,CM
TI3,DIM,CM
TI4,DI,CM
TI5,BAD,CM
TI7,TE,CM
TI8,A2,CM
TI9,NE,CM
TI@T,TI@t,CM
TI@t,TI@t,CM
TIB,DIB,CM
TIBIR,TAG,CM
TIBIR2,TAG×ŠU,CM
TIBIR3,TAG×UD,CM
TIBIR4,TAG×TUG2,CM
TIBIR5,TAG×GUD,CM
TIBIRA,DUB.NAGAR,CM
TIBIRA2,KA×GIŠ%GIŠ,CM
TIBIRX(|TAG×ŠE|),TAG×ŠE,CM
TIBNU,TI@t,CM
TIBULA,ŠA3.MIN.TAR,CM
TIBULA2?,ŠA3.MIN.KASKAL,CM
TIBULA3?,ŠA3.MIN.DI,CM
TIBX(KU),KU,CM
TID?,IM,CM
TIDANU,PIRIG.PIRIG,CM
TIDANUM,PIRIG.PIRIG,CM
TIDNIM,PIRIG.PIRIG,CM
TIDNU,PIRIG.PIRIG,CM
TIDNUM,PIRIG@PIRIG,CM
TIDNUMX(|ERIN2.X1|),ERIN2.X1,CM
TIG3,DUB2,CM
TIG4,TI,CM
TIGI,BALAG.LUL,CM
TIGI2,LUL.BALAG,CM
TIGIDLA,ŠA3.TAR,CM
TIGIDLA2,ŠA3.MIN.KASKAL,CM
TIGIDLA3,ŠA3.MIN.DI,CM
TIGIDLAX(|ŠA3.MIN.TAR|),ŠA3.MIN.TAR,CM
TIGIX(|KID.BALAG|),KID.BALAG,CM
TIGU,BALAG.LUL,CM
TIGU2,LUL.BALAG,CM
TIK,GU2,CM
TIL,TIL,CM
TIL2,LAGAR@g,CM
TIL3,TI,CM
TIL4,AŠ,CM
TIL5,DIŠ,CM
TIL6,KAD5.KAD5,CM
TIL7,PI,CM
TIL8,KUL,CM
TIL9?,MAŠ,CM
TILA,URI,CM
TILA3,TI,CM
TILE,BAD,CM
TILHAR,GA2×BAD,CM
TILLA,URI,CM
TILLA2,AN.AŠ.AN,CM
TILLA3?,AN.DIŠ.AN,CM
TILLA4?,AN.AŠ.A.AN,CM
TILLA5,AN.AŠ@z.AN,CM
TILLAX(|AN&AN|),AN&AN,CM
TILMUN,NI.TUK,CM
TILX(DIN),DIN,CM
TILX(LAK171@S),LAK171@s,CM
TILX(|KAD5&KAD5.KAD5&KAD5|),KAD5&KAD5.KAD5&KAD5,CM
TILX(|TUR.TUR|),TUR.TUR,CM
TILX?(KUL@G),KUL@g,CM
TIM,DIM,CM
TIM2,TUM,CM
TIM3,DIN,CM
TIMUAX(NA2),NA2,CM
TIN,DIN,CM
TIN3,DUN3@g@g,CM
TINUR,LAGAB×IM,CM
TINUR2,ŠU.LAGAB.NA,CM
TINUR3,LAGAB×GAR,CM
TINURU,LAGAB×IM,CM
TINURX(|ŠU.LAGAB|),ŠU.LAGAB,CM
TIP,DIB,CM
TIQ,GU2,CM
TIQ2,NI,CM
TIR,ŠE.NUN&NUN,CM
TIR2,TAR,CM
TIR3,DAR,CM
TIR4,SI.A,CM
TIR5,PAN,CM
TIRIGI?,SAG.AN,CM
TIRU,GAL.TE,CM
TIRUM,GAL.TE,CM
TIRX(|GIŠ×TAK4|),GIŠ×TAK4,CM
TIRX(|NUN&NUN|),NUN&NUN,CM
TIS2,UR,CM
TITAB,BARA2.PAP.ŠE.PAP,CM
TITAB2,LU3.PAP.PAP,CM
TITABX(|EŠ2.LU3|),EŠ2.LU3,CM
TIZ,DIŠ,CM
TIZ2,UR,CM
TIĜ4,TI,CM
TIŞ2,UR,CM
TIŠ,DIŠ,CM
TIŠ2,UR,CM
TIŠKARIN,TUG2,CM
TIŠKARINI,TUG2,CM
TIŠPAK,MUŠ3@g,CM
TU,TU,CM
TU.NUN&NUN.LIŠ.A,TU.NUN&NUN.LIŠ.A,CM
TU10,HUB2×UD,CM
TU11,HUB2,CM
TU12,TUK,CM
TU13,LAGAB×U+U+U,CM
TU14,ŠID,CM
TU15,IM,CM
TU16?,DUB2,CM
TU17,A.ŠU.NAGA,CM
TU18,DUN3,CM
TU19?,TUR,CM
TU2,UD,CM
TU20,KAK,CM
TU21,LAGAR@g,CM
TU22,NAGA,CM
TU23,NAGA×ŠU@t,CM
TU24,GABA,CM
TU25,NIM×GAN2@t,CM
TU3,DU,CM
TU4,TUM,CM
TU5,ŠU.NAGA,CM
TU6,KA×LI,CM
TU7,HI×BAD,CM
TU8,NIM,CM
TU9,TUG2,CM
TUB,DUB,CM
TUB2,DUB2,CM
TUBA,ME,CM
TUBA2,A.HA,CM
TUBA3,ŠID,CM
TUBAX(TUG2),TUG2,CM
TUBAŠIN,KU7,CM
TUD,TU,CM
TUD2,PA.UZU,CM
TUDU,PA.UZU,CM
TUG,TUK,CM
TUG2,TUG2,CM
TUG2.BU.TUG2.TU,TUG2.BU.TUG2.TU,CM
TUG2.DU@S,TUG2.DU@s,CM
TUG2.DU@s,TUG2.DU@s,CM
TUG2.UD,TUG2.UD,CM
TUG3,DUG,CM
TUG4,LAGAB×U+U+U,CM
TUG7,IM×TAK4,CM
TUG8,DUN3,CM
TUGIR,TUG2.DU@s,CM
TUGUL,NAGAR.ZA@t,CM
TUGURE,KA×GAN2@t,CM
TUGX(LAK483),LAK483,CM
TUH,GABA,CM
TUH2,MU&MU,CM
TUH3,MU,CM
TUHU,GABA,CM
TUHUL,NAGAR.ZA@t,CM
TUK,TUK,CM
TUK.TUK,TUK.TUK,CM
TUK2,TUG2,CM
TUK3,DUG,CM
TUK4,LAGAB×U+U+U,CM
TUK7,IM×TAK4,CM
TUKU,TUK,CM
TUKU2,TUG2,CM
TUKU4,LAGAB×U+U+U,CM
TUKU5,TAG,CM
TUKU6,LAGAB,CM
TUKUL,KU,CM
TUKUL2,GIŠ.KU,CM
TUKULA,KU,CM
TUKULX(LAGAB),LAGAB,CM
TUKUM,ŠU.GAR.TUR.LAL,CM
TUKUMBI,ŠU.GAR.TUR.LAL.BI,CM
TUKUMBIX(|ŠU.LAL.TUR|),ŠU.LAL.TUR,CM
TUKUMX(|ŠU.GAR|),ŠU.GAR,CM
TUKUMX(|ŠU.TUR|),ŠU.TUR,CM
TUKUN,ŠU.GAR.TUR.LAL,CM
TUKUNBI,ŠU.GAR.TUR.LAL.BI,CM
TUKUR,LAGAB,CM
TUKUR2,KA×ŠE,CM
TUKUR3,KA×U2,CM
TUKUREX(|KA×ŠE|),KA×ŠE,CM
TUKURX(|LAGAB×U|),LAGAB×U,CM
TUKX(HUB2),HUB2,CM
TUKX(TAK4),TAK4,CM
TUKX(|IM.KAD3|),IM.KAD3,CM
TUL,U.TUG2,CM
TUL2,LAGAB×U,CM
TUL4,TUR,CM
TUL5,LAGAR@g,CM
TUL6,DUN4,CM
TUL7,UR@s,CM
TUL8,LAGAB×BAD,CM
TUM,TUM,CM
TUM10,DAM,CM
TUM11,NIM×GAR+GAN2@t,CM
TUM12,TU,CM
TUM13,EGIR,CM
TUM2,DU,CM
TUM3,NIM×GAN2@t,CM
TUM4,NIM,CM
TUM5?,KU,CM
TUM8,DIM,CM
TUM9,IM,CM
TUMA2,DU,CM
TUMA?,KU,CM
TUMU,IM,CM
TUMU2,DU,CM
TUMU3,NIM×GAN2@t,CM
TUMU4,NIM,CM
TUMX(HUB2),HUB2,CM
TUMX(|HUB2×UD|),HUB2×UD,CM
TUN3,DUN3,CM
TUN4,DUN,CM
TUNA3,DUN3,CM
TUNDA,PA.UZU,CM
TUNGAL,EN.ZU,CM
TUNGAL2,EN.KI,CM
TUNUR,LAGAB×IM,CM
TUNX(DUB2),DUB2,CM
TUNX(|KA×SA|),KA×SA,CM
TUNĜAL2,EN.KI,CM
TUP,DUB,CM
TUP2,DUB2,CM
TUQ,TUK,CM
TUQ3,DUG,CM
TUR,TUR,CM
TUR&TUR.ZA&ZA,TUR&TUR.ZA&ZA,CM
TUR&TUR.ZA&ZA.TUR&TUR.ZA&ZA,TUR&TUR.ZA&ZA.TUR&TUR.ZA&ZA,CM
TUR-TUR,TUR.TUR,CM
TUR.ARAD,TUR.ARAD,CM
TUR.DIŠ,TUR.DIŠ,CM
TUR.EŠ2,TUR.EŠ2,CM
TUR.SAG,TUR.SAG,CM
TUR.SAL.TUR.TUR,TUR.SAL.TUR.TUR,CM
TUR.TUR,TUR.TUR,CM
TUR.UŠ,TUR.UŠ,CM
TUR2,GU2×KAK,CM
TUR3,NUN.LAGAR,CM
TUR4,GIŠ%GIŠ,CM
TUR5,TU,CM
TUR6,LAGAB,CM
TUR7,DUR2,CM
TUR8?,BU,CM
TURA,TUR,CM
TURAN?,GU2×KAK.GIŠ%GIŠ,CM
TURU,TUR,CM
TURUNGAL,UD.NUN,CM
TUTKE,LAGAB×U+U+U.LAGAB×U+U+U,CM
TUTKI,LAGAB×U+U+U.LAGAB×U+U+U,CM
TUTKU,LAGAB×U+U+U.LAGAB×U+U+U,CM
TUX(|KA×IM|),KA×IM,CM
TUX(|KA×UD|),KA×UD,CM
TUX(|ŠE.NAGA|),ŠE.NAGA,CM
TUŠ,KU,CM
TUŠE,A.DU,CM
TUŠU,KU,CM
TUŠŠURU,A.DU,CM
U,U,CM
U&U.PA&PA.GAR&GAR,U&U.PA&PA.GAR&GAR,CM
U&U.SUR&SUR,U&U.SUR&SUR,CM
U&U.U&U.U,U&U.U&U.U,CM
U&U.U@V&U@V,U&U.U@v&U@v,CM
U&U.U@v&U@v,U&U.U@v&U@v,CM
U',ALEPH,CM
U'2?,HI×NUN,CM
U'3,LAGAB×GUD,CM
U'4,UD.KUŠU2,CM
U'A,LAGAB×(GUD+GUD).A,CM
U'I,LAGAB×(GUD+GUD).A,CM
U'U,LAGAB×(GUD+GUD).A,CM
U-GUN3,U.DAR,CM
U-GUNX(|DIŠ.DAR|),DIŠ.DAR,CM
U.5(DIŠ),U.5(DIŠ),CM
U.AD,U.AD,CM
U.DAR,U.DAR,CM
U.DIM,U.DIM,CM
U.DIM×ŠE,U.DIM×ŠE,CM
U.EDIN,U.EDIN,CM
U.EN×GAN2@T,U.EN×GAN2@t,CM
U.EN×GAN2@t,U.EN×GAN2@t,CM
U.GA,U.GA,CM
U.GA.HI,U.GA.HI,CM
U.GAN,U.GAN,CM
U.GUD,U.GUD,CM
U.GUR,U.GUR,CM
U.KA,U.KA,CM
U.KID,U.KID,CM
U.MAŠ.KAB,U.MAŠ.KAB,CM
U.MU,U.MU,CM
U.PIRIG,U.PIRIG,CM
U.SAG,U.SAG,CM
U.SAR,U.SAR,CM
U.TUG2,U.TUG2,CM
U.U,U.U,CM
U.U.U,U.U.U,CM
U.UD,U.UD,CM
U.UD.KID,U.UD.KID,CM
U.UR@S,U.UR@s,CM
U.UR@s,U.UR@s,CM
U.ZAG,U.ZAG,CM
U.ŠA,U.ŠA,CM
U10,DARA4,CM
U11,HU,CM
U12,UN,CM
U13,HI×NUN,CM
U14?,U.GA,CM
U16,UM,CM
U17,PI,CM
U18,URU×MIN,CM
U19,URU,CM
U2,U2,CM
U2.A.LAGAB×KUL.MA2.ŠU2.A,U2.A.LAGAB×KUL.MA2.ŠU2.A,CM
U2.GIR2@G,U2.GIR2@g,CM
U2.GIR2@g,U2.GIR2@g,CM
U2.GIŠ.MI,U2.GIŠ.MI,CM
U2.GIŠ.SAR,U2.GIŠ.SAR,CM
U2.KA,U2.KA,CM
U2.KI.SUM.GA,U2.KI.SUM.GA,CM
U2.KUR,U2.KUR,CM
U2.KUR.NI.TUK.KI,U2.KUR.NI.TUK.KI,CM
U2.KUR.RA,U2.KUR.RA,CM
U2.KUR.ZA.MUŠ3@G.KI,U2.KUR.ZA.MUŠ3@g.KI,CM
U2.KUR.ZA.MUŠ3@g.KI,U2.KUR.ZA.MUŠ3@g.KI,CM
U2.NAGA,U2.NAGA,CM
U2.NAGA.AN.AŠ.ŠIR,U2.NAGA.AN.AŠ.ŠIR,CM
U2.NAGA.AN.ŠIR,U2.NAGA.AN.ŠIR,CM
U2.NAGA.GA,U2.NAGA.GA,CM
U2.SA,U2.SA,CM
U2.SA.KA.KAK,U2.SA.KA.KAK,CM
U2.SAG,U2.SAG,CM
U2.ZA.MUŠ3,U2.ZA.MUŠ3,CM
U20,ŠE,CM
U21,PIRIG×UD,CM
U22,UD×U+U+U,CM
U3,IGI.DIB,CM
U4,UD,CM
U4-SAKAR,UD.SAR,CM
U5,HU.SI,CM
U6,IGI.E2,CM
U7,KI.MIN,CM
U8,LAGAB×GUD+GUD,CM
U9,EZEN×BAD,CM
U@g,U@g,CM
U@v,U@v,CM
UA,LAGAB×GUD+GUD,CM
UA2,DARA4,CM
UA4,DAG.KISIM5×LU+MAŠ2,CM
UB,UB,CM
UB.ME,UB.ME,CM
UB.RI,UB.RI,CM
UB2,EŠ2,CM
UB3,AB2×ŠA3,CM
UB4,LAGAB×U,CM
UB5,AB2×TAK4,CM
UB6,AB2×ME+EN,CM
UBA,UB,CM
UBA2,EŠ2,CM
UBA5,AB2×TAK4,CM
UBAR,EZEN×KASKAL,CM
UBARA,EZEN×KASKAL,CM
UBDA,UB,CM
UBDAX(KI),KI,CM
UBI,GALAM,CM
UBI2,SUHUR,CM
UBILLA,GIŠ.NE@s,CM
UBILLA2,GIŠ.MI,CM
UBINIGGA,TAB&TAB.NI&NI.DIŠ&DIŠ,CM
UBISAG,ŠID,CM
UBISAG2,ŠID×A,CM
UBIŠAGA?,TAB&TAB.NI&NI.DIŠ&DIŠ,CM
UBRI,IGI.KAK,CM
UBRI2,IGI.DIM,CM
UBRIM,IGI.KAK,CM
UBU,AŠ@z,CM
UBU2,UB,CM
UBUDIL,NINDA2×U2+AŠ,CM
UBUDILI,NINDA2×U2+AŠ,CM
UBUR,DAG.KISIM5×GA,CM
UBUR2,DAG.KISIM5×LU,CM
UBUR3,DAG.KISIM5×IR,CM
UBUR4,DAG.KISIM5×IR+LU,CM
UBURA,AŠ@k,CM
UBURU,AŠ@k,CM
UBX(|AB2.ŠA3|),AB2.ŠA3,CM
UBX(|EZEN×BAD|),EZEN×BAD,CM
UBX(|URU×GAN2@T|),URU×GAN2@t,CM
UD,UD,CM
UD.A,UD.A,CM
UD.AB,UD.AB,CM
UD.AB@G,UD.AB@g,CM
UD.AB@g,UD.AB@g,CM
UD.AB×U+U+U,UD.AB×U+U+U,CM
UD.AN.UD,UD.AN.UD,CM
UD.AN.ŠEŠ.KI,UD.AN.ŠEŠ.KI,CM
UD.DU,UD.DU,CM
UD.DU.BU,UD.DU.BU,CM
UD.GAN,UD.GAN,CM
UD.GIŠ%GIŠ.NUN,UD.GIŠ%GIŠ.NUN,CM
UD.HI×AŠ2,UD.HI×AŠ2,CM
UD.HU.HI.NUN,UD.HU.HI.NUN,CM
UD.HU.HI.NUN.NA,UD.HU.HI.NUN.NA,CM
UD.KA.BAR,UD.KA.BAR,CM
UD.KID,UD.KID,CM
UD.KUŠU2,UD.KUŠU2,CM
UD.MA2.AB×HA,UD.MA2.AB×HA,CM
UD.MA2.AB×HA.KI.TAG,UD.MA2.AB×HA.KI.TAG,CM
UD.MA2.AB×HA.TAG,UD.MA2.AB×HA.TAG,CM
UD.MA2.AB×HA.ŠIR,UD.MA2.AB×HA.ŠIR,CM
UD.MI,UD.MI,CM
UD.NI,UD.NI,CM
UD.NUN,UD.NUN,CM
UD.SAL.HUB2,UD.SAL.HUB2,CM
UD.SAR,UD.SAR,CM
UD.UD,UD.UD,CM
UD.UD.AK,UD.UD.AK,CM
UD.ŠEŠ.KI,UD.ŠEŠ.KI,CM
UD2,AŠ2,CM
UD2-DURU5,AŠ2.A,CM
UD3,HU.SI,CM
UD4,TAG×KU,CM
UD5,UZ3,CM
UD6,U.GA,CM
UD@G,UD@g,CM
UD@S,UD@s,CM
UD@S.KID,UD@s.KID,CM
UD@S.KUŠU2,UD@s.KUŠU2,CM
UD@S×BAD,UD@s×BAD,CM
UD@g,UD@g,CM
UD@s,UD@s,CM
UD@s.KID,UD@s.KID,CM
UD@s.KUŠU2,UD@s.KUŠU2,CM
UD@s×BAD,UD@s×BAD,CM
UDA5,UZ3,CM
UDAX(ERIN2),ERIN2,CM
UDDA,LAGAB×KIN,CM
UDEŠŠU,AŠ2,CM
UDINIM,EZEN×IGI@g,CM
UDKINX?(|SIK2.LAM|),SIK2.LAM,CM
UDNIM,EZEN×IGI@g,CM
UDNIMX(|EZEN×HA|),EZEN×HA,CM
UDNIMX(|EZEN×KU3|),EZEN×KU3,CM
UDRA,AŠ2.A.AN,CM
UDRA2,AŠ2.AN.NA,CM
UDRA3,AŠ2.AN,CM
UDRAX(|AŠ2.A|),AŠ2.A,CM
UDRU,AŠ2.A.AN,CM
UDU,LU,CM
UDU2,ŠU.BAD,CM
UDUB,LAGAB×NE,CM
UDUB2,ŠITA2,CM
UDUB3,NE.SI.A,CM
UDUG,UDUG,CM
UDUG2,ŠITA2,CM
UDUL,AB2.KU,CM
UDUL10,AB2.LU,CM
UDUL11,PA.DAG.KISIM5×GUD,CM
UDUL2?,HI×BAD,CM
UDUL3,DAG.KISIM5×LU+MAŠ2,CM
UDUL4,PA.DAG.KISIM5×LU+MAŠ2,CM
UDUL5,DAG.KISIM5×GUD,CM
UDUL6,DAG.KISIM5×UŠ,CM
UDUL7,KAM2,CM
UDUL8,U.MU,CM
UDUL9,PA.DAG.KISIM5×KAK,CM
UDULX(|PA.NUN.LAGAR|),PA.NUN.LAGAR,CM
UDUN,U.MU,CM
UDUX(UDUG),UDUG,CM
UDX(|PIRIG×UD|),PIRIG×UD,CM
UD×BAD,UD×BAD,CM
UD×MI,UD×MI,CM
UD×U+U+U,UD×U+U+U,CM
UD×U+U+U.AN.ŠEŠ.KI,UD×U+U+U.AN.ŠEŠ.KI,CM
UD×U+U+U.DU,UD×U+U+U.DU,CM
UD×U+U+U@G,UD×U+U+U@g,CM
UD×U+U+U@g,UD×U+U+U@g,CM
UG,PIRIG×UD,CM
UG2,PIRIG,CM
UG3,UN,CM
UG4,UD,CM
UG5,EZEN×BAD,CM
UG6,IGI.E2,CM
UG7,UŠ2,CM
UG8?,LU2@s,CM
UGA,U2.NAGA.GA,CM
UGA2,A.KA,CM
UGA3,UN,CM
UGA5,EZEN×BAD,CM
UGAB,SUHUR,CM
UGAL,KA×UŠ,CM
UGAR,A.GAR3,CM
UGAX(NAGA),NAGA,CM
UGAX(U2),U2,CM
UGAX(|NU11.BUR|),NU11.BUR,CM
UGAX(|U2.NAGA|),U2.NAGA,CM
UGNIM,KI.SU.LU.EŠ2.GAR,CM
UGNIMX(|KI.LU.EŠ2|),KI.LU.EŠ2,CM
UGNIMX(|KI.SU.LU.EŠ2.GAR.RA|),KI.SU.LU.EŠ2.GAR.RA,CM
UGNIMX(|KI.SU.LU.GAR|),KI.SU.LU.GAR,CM
UGNIMX(|KI.SU.LU.KI.GAR|),KI.SU.LU.KI.GAR,CM
UGNIMX(|KI.SU.LU.LAGAB×U.GAR|),KI.SU.LU.LAGAB×U.GAR,CM
UGNIMX(|KI.SU.LU.ŠU.GAR|),KI.SU.LU.ŠU.GAR,CM
UGNIMX(|KI.SU.ZA.LU.EŠ2|),KI.SU.ZA.LU.EŠ2,CM
UGNIMX(|LU.EŠ2.GAR.KI|),LU.EŠ2.GAR.KI,CM
UGNIMX(|SU.KI.LU.EŠ2.KI|),SU.KI.LU.EŠ2.KI,CM
UGRA,LAGAB×U2+AŠ,CM
UGRI,LAGAB×U2+AŠ,CM
UGU,U.KA,CM
UGU2,A.KA,CM
UGU3,A.SAG,CM
UGU4,KU,CM
UGU5,SAG@g,CM
UGUDIL,NINDA2×U2+AŠ,CM
UGUDILI,NINDA2×U2+AŠ,CM
UGULA,PA,CM
UGULU,PA,CM
UGUN,U.DAR,CM
UGUN2,GAŠAN,CM
UGUN3,U.KA,CM
UGUNU,U.DAR,CM
UGUNU2,GAŠAN,CM
UGUR,U.GUR,CM
UGUR2,IGI@g,CM
UGURX(|GU2×KAK×IGI@G|),GU2×KAK×IGI@g,CM
UGUX(SAG@N@G),SAG@n@g,CM
UGUX(|A.U.KA|),A.U.KA,CM
UGUX(|U.SAG|),U.SAG,CM
UGX(|NINDA2×NE|),NINDA2×NE,CM
UGX(|PIRIG×ZA|),PIRIG×ZA,CM
UH,HI×NUN,CM
UH2,UD.KUŠU2,CM
UH3,KUŠU2,CM
UH4,KA×BAD,CM
UH5,ALEPH,CM
UH6,IM.ŠU2,CM
UHHUR2?,IGI.GA,CM
UHHUR3,IGI.A,CM
UHHUR?,IGI.BI,CM
UHU,HI×NUN,CM
UHU2,UD.KUŠU2,CM
UIA,U.5(DIŠ),CM
UK,PIRIG×UD,CM
UK5,EZEN×BAD,CM
UKDIN,IGI@g.ALAN,CM
UKKEN,URU×BAR,CM
UKKIN,URU×BAR,CM
UKRA,GAL.ŠUBUR,CM
UKTIN,IGI@g.ALAN,CM
UKU,DUN3@g@g,CM
UKU-UŠ,DUN3@g.UŠ,CM
UKU2,LAL2.DU,CM
UKU3,UN,CM
UKU4,PIRIG×UD,CM
UKU5,LAL2.DU.DU,CM
UKUM,IŠ,CM
UKUR2,GAL.ŠUBUR,CM
UKUR3,LAL2.DU,CM
UKUR4,LAL2.DU.DU,CM
UKUR5,IGI@g,CM
UKUR?,GIR2,CM
UKURRIM,EN.ME.AN.MUŠ3,CM
UKUŠ,DUN3@g@g.UŠ,CM
UKUŠ2,HUL2,CM
UL,U.GUD,CM
UL12,URU×MIN,CM
UL2,NU,CM
UL3,GIŠ%GIŠ,CM
UL4,GIR2@g,CM
UL5,EZEN×KASKAL,CM
UL6,UD,CM
UL7,ŠU.BU,CM
UL8?,GAN2,CM
ULA,U.GUD,CM
ULA2,GA2×U,CM
ULAL,BAD,CM
ULAX(|E2×U|),E2×U,CM
ULI,KA×ME,CM
ULIL,AŠ@k,CM
ULLU,U.GUD,CM
ULLU3,U.GUD,CM
ULU,U.GUD,CM
ULU2,HI×NUN.ME.U,CM
ULU3,URU×MIN,CM
ULU4,URU,CM
ULUBAR,IM.GAN2.HI×NUN.ME.U,CM
ULUBAR2,IM.HI×NUN.ME.U.GAN2,CM
ULUD,DUG,CM
ULUDI?,MUŠ,CM
ULUDIM,KI.KAL,CM
ULUDIM2,IGI@g.ALAN,CM
ULUDIN,KI.KAL,CM
ULUDIN2,IGI@g.ALAN,CM
ULUKI?,MUŠ,CM
ULUL,GIŠ%GIŠ,CM
ULUL2,GAN2%GAN2,CM
ULULX(GAN2),GAN2,CM
ULUMAŠ,IM.GAN2.HI×NUN.ME.U,CM
ULUMAŠ2,IM.HI×NUN.ME.U.GAN2,CM
ULUTIM,KI.KAL,CM
ULUTIM2,IGI@g.ALAN,CM
ULUTIN,KI.KAL,CM
ULUTIN2,IGI@g.ALAN,CM
ULUŠIN,BI.AŠ2.A.AN,CM
ULUŠIN2,BI.AŠ2.AN.NA,CM
ULUŠIN3,BI.AŠ2.AN,CM
ULUŠINX(|BI.A.SUD|),BI.A.SUD,CM
ULUŠINX(|BI.AŠ2|),BI.AŠ2,CM
ULX(|U.GA|),U.GA,CM
UM,UM,CM
UM-ME-DA,UM.ME,CM
UM.LAGAB,UM.LAGAB,CM
UM.ME,UM.ME,CM
UM2,UD,CM
UMA,AŠ@k,CM
UMAH,LAGAB×U+A,CM
UMAHX?(|SAL.LAGAR|),SAL.LAGAR,CM
UMAN,HI×NUN,CM
UMBARA,EZEN×KASKAL,CM
UMBIN,UMBIN,CM
UMBISAG,ŠID,CM
UMBISAG2,ŠID×A,CM
UMBISAĜ,ŠID,CM
UMBISAĜ2,ŠID×A,CM
UMMA,GIŠ.KUŠU2,CM
UMMA2?,HI×DIŠ,CM
UMMAN,KI.SU.LU.EŠ2.GAR,CM
UMMANU,KI.SU.LU.EŠ2.GAR,CM
UMMAX(|GIŠ.SAL.KUR|),GIŠ.SAL.KUR,CM
UMMAX(|KA.HI.GA|),KA.HI.GA,CM
UMMAX(|UB.ME|),UB.ME,CM
UMMEDA,UM.ME,CM
UMMEDA2,UM×ME+DA,CM
UMMENX(|GIŠ.KUŠU2|),GIŠ.KUŠU2,CM
UMMIX(|GIŠ.KUŠU2|),GIŠ.KUŠU2,CM
UMMU,A.EDIN.A.LAL,CM
UMMU3,A.EDIN.LAL,CM
UMMUD?,A.EDIN.LAL,CM
UMMUDX(|A.EDIN|),A.EDIN,CM
UMMUDX(|A.U.EDIN.LAL|),A.U.EDIN.LAL,CM
UMMUX(|A.EDIN|),A.EDIN,CM
UMMUX(|A.U.EDIN.LAL|),A.U.EDIN.LAL,CM
UMMUX(|EDIN.A.LAL|),EDIN.A.LAL,CM
UMMUX(|EDIN.A|),EDIN.A,CM
UMMUX(|EDIN.LAL.A|),EDIN.LAL.A,CM
UMU,UM,CM
UMUH,LAGAB×U+A,CM
UMUM,UMUM,CM
UMUM×KASKAL,UMUM×KASKAL,CM
UMUM×PA,UMUM×PA,CM
UMUN,U,CM
UMUN10?,U.MU,CM
UMUN11,LAGAB×A,CM
UMUN12?,LAGAB×UD,CM
UMUN2,UMUM,CM
UMUN3,HI×NUN,CM
UMUN4,ALEPH,CM
UMUN5,LAGAB×U+A,CM
UMUN6,LAGAB×HI×NUN,CM
UMUN7,IMIN,CM
UMUN8,TAB.TAB.TAB.AŠ,CM
UMUN9,AŠ&AŠ&AŠ.AŠ&AŠ&AŠ.AŠ,CM
UMUNAX(IMIN),IMIN,CM
UMUNX(|LAGAB×GAR|),LAGAB×GAR,CM
UMUŠ,TUG2,CM
UMX(UN),UN,CM
UM×LAGAB,UM×LAGAB,CM
UM×ME+DA,UM×ME+DA,CM
UM×U,UM×U,CM
UM×U.LAGAB,UM×U.LAGAB,CM
UM×ŠA3,UM×ŠA3,CM
UN,UN,CM
UN2,U,CM
UN3,EZEN×BAD,CM
UN4,EZEN×KASKAL,CM
UN5,UD,CM
UN@G,UN@g,CM
UN@g,UN@g,CM
UNKEN,URU×BAR,CM
UNKIN,URU×BAR,CM
UNKINX(|KA×BAR|),KA×BAR,CM
UNU,AB@g,CM
UNU10,GI%GI,CM
UNU11,ZA.MUŠ3@g.AB@g,CM
UNU12,BU%BU,CM
UNU2,TE.AB@g,CM
UNU3,AB2.KU,CM
UNU4,UN,CM
UNU5,AB,CM
UNU6,TE.AB,CM
UNU7,TE@g.AB@g,CM
UNU8,UŠ,CM
UNU9,KAD4,CM
UNUD,AB2.KU,CM
UNUG,AB@g,CM
UNUG2,TE.AB@g,CM
UNUG3,TE.AB,CM
UNUG4,TE@g.AB@g,CM
UNUGI,AB×IGI@g,CM
UNUGI2,AB×GAL,CM
UNUGX(|AB×U+U+U|),AB×U+U+U,CM
UNUX(LAK171@S),LAK171@s,CM
UNUX(TE),TE,CM
UNUX(|AB×U+U+U|),AB×U+U+U,CM
UNUX(|HI×AŠ2|),HI×AŠ2,CM
UNUX(|TE.MUŠ3|),TE.MUŠ3,CM
UNX(|EZEN×X|),EZEN×X,CM
UP,UB,CM
UP2,EŠ2,CM
UPUX(AŠ@Z),AŠ@z,CM
UQ,PIRIG×UD,CM
UQ5?,EZEN×BAD,CM
UR,UR,CM
UR%UR,UR%UR,CM
UR-UR,UR%UR,CM
UR.MAH,UR.MAH,CM
UR10,URI,CM
UR11,APIN,CM
UR12,TE@g,CM
UR13?,RAB.GAL,CM
UR14,GA2×SAL,CM
UR2,UR2,CM
UR2×A,UR2×A,CM
UR2×A+HA,UR2×A+HA,CM
UR2×A+NA,UR2×A+NA,CM
UR2×AL,UR2×AL,CM
UR2×HA,UR2×HA,CM
UR2×NUN,UR2×NUN,CM
UR2×U2,UR2×U2,CM
UR2×U2+AŠ,UR2×U2+AŠ,CM
UR2×U2+BI,UR2×U2+BI,CM
UR3,GA2×NUN&NUN,CM
UR4,UR4,CM
UR5,HI×AŠ2,CM
UR5-GU7,HI×AŠ2.KA×GAR,CM
UR5-ŠA4,HI×AŠ2.DU,CM
UR6?,U.GUD,CM
UR7,NINDA2×U2+AŠ,CM
UR9,UR2×U2+AŠ,CM
UR@S,UR@s,CM
UR@s,UR@s,CM
URA,UR,CM
URA15,ŠEŠ.AB@g,CM
URA16,ŠEŠ.AB,CM
URA3,GA2×NUN&NUN,CM
URA4,UR4,CM
URA5,HI×AŠ2,CM
URAM,ŠEŠ.AB@g,CM
URAM2,ŠEŠ.AB,CM
URAŠ,IB,CM
URBIGU,UR%UR,CM
URBIGU2,EN%EN,CM
URBIGU3,LU2@LU2,CM
URBINGU,UR%UR,CM
URBINGU2,EN%EN,CM
URBINGU3,LU2@LU2,CM
URDA,ARAD,CM
URDA2,ARAD×KUR,CM
URDU,ARAD,CM
URDU2,ARAD×KUR,CM
URGILIM,NUN%NUN,CM
URGU,HI×AŠ2.KA×GAR,CM
URGU2,KA×NE,CM
URI,URI,CM
URI2,ŠEŠ.AB@g,CM
URI3,URI3,CM
URI4,IDIM,CM
URI5,ŠEŠ.AB,CM
URIM2,ŠEŠ.AB@g,CM
URIM5,ŠEŠ.AB,CM
URIMX(URI3),URI3,CM
URIN,URI3,CM
URINX(|ŠEŠ.HU.HU|),ŠEŠ.HU.HU,CM
URRUB,DUG,CM
URRUB2,KAL,CM
URSAGSIM,TAR,CM
URSAĜSIM,TAR,CM
URSUB,DUG,CM
URSUB2,KAL,CM
URTA,IB,CM
URU,URU,CM
URU.ME.U.U.U,URU.ME.U.U.U,CM
URU10,SAG×DUB,CM
URU11,URU×GAN2@t,CM
URU12,GA2×NUN&NUN,CM
URU13,UR,CM
URU14,ŠEŠ.AB@g,CM
URU15,ŠEŠ.AB,CM
URU16,EN,CM
URU17,URU×MIN,CM
URU18,URU×A,CM
URU19,URI,CM
URU2,URU×UD,CM
URU3,URI3,CM
URU4,APIN,CM
URU5,TE@g,CM
URU6,NINDA2×U2+AŠ,CM
URU7,UR2×U2+AŠ,CM
URU8,UR2,CM
URU9,SIG4.IDIM,CM
URUA,URU×A,CM
URUAKA,GAD.TAK4.GIŠ,CM
URUB,URU×GAN2@t,CM
URUD,URUDA,CM
URUD2,DUB,CM
URUDA,URUDA,CM
URUDA.IŠ.URUDA,URUDA.IŠ.URUDA,CM
URUDA×U,URUDA×U,CM
URUDA×U.LAGAB,URUDA×U.LAGAB,CM
URUDA×U.U,URUDA×U.U,CM
URUDU,URUDA,CM
URUDU2,DUB,CM
URUGAL,AB×GAL,CM
URUGAL2,AB@g,CM
URUGALX(|AB×U+U+U|),AB×U+U+U,CM
URUGALX(|URU×GAL|),URU×GAL,CM
URUIŠDUA,GAD.TAK4.GIŠ,CM
URUIŠDUHA,GAD.TAK4.GIŠ,CM
URUK,AB@g,CM
URUKX(|AB×U+U+U|),AB×U+U+U,CM
URULLA,GAD.TAK4.GIŠ,CM
URUM,NINDA2×U2+AŠ,CM
URUM2,UR2×U2+AŠ,CM
URUM3,SAG×DUB,CM
URUM4,UR2×HA,CM
URUM5,ŠEŠ.AB@g,CM
URUM6,ŠEŠ.AB,CM
URUM7,U.ŠA,CM
URUM8,UR2×U2,CM
URUM9,UR2×A+HA,CM
URUME,ERIN2.NA,CM
URUMX(IDIM),IDIM,CM
URUMX(|URU×UD|),URU×UD,CM
URUMX?(|SIG4.IDIM|),SIG4.IDIM,CM
URUN,URI3,CM
URUNX(EN),EN,CM
URURIM,URU×UD,CM
URUTAMGA,URU×GAN2@t,CM
URUTAMGA2,URU×UD,CM
URUX(|EZEN×X|),EZEN×X,CM
URUX(|HI×AŠ2|),HI×AŠ2,CM
URUX(|UR2×HA|),UR2×HA,CM
URU×A,URU×A,CM
URU×AŠGAB,URU×AŠGAB,CM
URU×BAR,URU×BAR,CM
URU×DUN,URU×DUN,CM
URU×GA,URU×GA,CM
URU×GAL,URU×GAL,CM
URU×GAN2@T,URU×GAN2@t,CM
URU×GAN2@t,URU×GAN2@t,CM
URU×GAR,URU×GAR,CM
URU×GU,URU×GU,CM
URU×HA,URU×HA,CM
URU×IGI,URU×IGI,CM
URU×IM,URU×IM,CM
URU×IŠ,URU×IŠ,CM
URU×KI,URU×KI,CM
URU×LUM,URU×LUM,CM
URU×MIN,URU×MIN,CM
URU×MIN+NI+GA,URU×MIN+NI+GA,CM
URU×PA,URU×PA,CM
URU×SIG4,URU×SIG4,CM
URU×TU,URU×TU,CM
URU×TU.URU×TU,URU×TU.URU×TU,CM
URU×U+GUD,URU×U+GUD,CM
URU×UD,URU×UD,CM
URU×URUDA,URU×URUDA,CM
URU×ŠE,URU×ŠE,CM
URUĜAL2,AB@g,CM
URUŠEB,URU×HA,CM
URUŠIB,URU×HA,CM
URUŠIBX?(|URU×UD|),URU×UD,CM
URX(TAK4),TAK4,CM
URX(|E2×SAL|),E2×SAL,CM
URX(|HI×ŠE|),HI×ŠE,CM
URZUB,DUG,CM
UR×A,UR×A,CM
UR×AL,UR×AL,CM
UR×MIN,UR×MIN,CM
URŞUB,DUG,CM
URŠA,HI×AŠ2.DU,CM
US,ŠE.HU,CM
US2,UŠ,CM
US3?,UZ3,CM
US4,PIRIG×ZA,CM
US5,LAGAB×GUD+GUD,CM
USA2,UŠ,CM
USAB,UD.NUN,CM
USAG,SAG×U2,CM
USAGX(|NUNUZ.AB2×GUD|),NUNUZ.AB2×GUD,CM
USAGX(|NUNUZ.AB2×LA|),NUNUZ.AB2×LA,CM
USAGX(|U.ŠA|),U.ŠA,CM
USAN,GU2×NUN,CM
USAN2,GU2@g,CM
USAN3,NUNUZ.AB2×AŠGAB,CM
USAN3-SUR5,NUNUZ.AB2×AŠGAB,CM
USAN4,SI@g,CM
USAN5,HU,CM
USANDA,HU.KAK,CM
USANDU,HU.KAK,CM
USANDUX(|NUNUZ.AB2×AŠGAB|),NUNUZ.AB2×AŠGAB,CM
USANSURUX(|NUNUZ.AB2×AŠGAB|),NUNUZ.AB2×AŠGAB,CM
USANX(AN),AN,CM
USANX(GU2),GU2,CM
USANX(KAK),KAK,CM
USANX(|AN.GU2×KAK|),AN.GU2×KAK,CM
USANX(|AN.GU2×NUN|),AN.GU2×NUN,CM
USANX(|GU2×KAK|),GU2×KAK,CM
USANX(|NUNUZ.AB2×GUD|),NUNUZ.AB2×GUD,CM
USAR,LAL2.SAR,CM
USAR2,LAL.SAR,CM
USAR3,LAL2.LAGAB,CM
USAR4,LAL.LAGAB,CM
USAX(GU2@G),GU2@g,CM
USDUHA,LAGAB×GUD.LU.HI.A,CM
USI,GA2×ŠE,CM
USIAN,GU2×NUN,CM
USIGI?,EZEN×KASKAL,CM
USIL,EZEN×U2,CM
USIX(|E2×ŠE|),E2×ŠE,CM
USSA2,TAB.TAB.TAB.TAB,CM
USSA3,AŠ&AŠ&AŠ.AŠ&AŠ&AŠ.TAB,CM
USSU,USSU,CM
USSU2,TAB.TAB.TAB.TAB,CM
USSU3,USSU3,CM
USU,A2.KAL,CM
USU2,UŠ,CM
USUD,GA2×AN.KAK.A,CM
USUG,ZAG.AN,CM
USUG2,U2.KA,CM
USUG3,SAG×U2,CM
USUG4,U2.KUR.NI.TUK.KI,CM
USUG5,KA×U2,CM
USUH?,SAL.LAGAR,CM
USUN,NUNUZ.AB2×AŠGAB,CM
USUR,LAL2.SAR,CM
USUR4,LAL.LAGAB,CM
USUX(UZU),UZU,CM
USX(|SIK2.AŠ|),SIK2.AŠ,CM
UT,UD,CM
UT2,AŠ2,CM
UT4,TAG×KU,CM
UT5,UZ3,CM
UT6,U.GA,CM
UTA,UD,CM
UTAG,AŠ@k,CM
UTAH,U.GA,CM
UTAHX(U),U,CM
UTAK,AŠ@k,CM
UTIMA,GA2×MI,CM
UTIMA2,UD×MI,CM
UTTE,KI.KI,CM
UTTU,TAG×TUG2,CM
UTTU2,ŠID,CM
UTTU4,MUG@g,CM
UTTU5,UŠ.BAR,CM
UTTU6,KI.LAL,CM
UTTUKU,GAR.ŠID,CM
UTTUX(TAG),TAG,CM
UTTUX(|TAG×KU|),TAG×KU,CM
UTU,UD,CM
UTU2,U.GA,CM
UTU3,U.U,CM
UTU4,KI.KI,CM
UTU5,AŠ2,CM
UTUA,DAG.KISIM5×UŠ,CM
UTUA2,DAG.KISIM5×LU+MAŠ2,CM
UTUDI?,UTUKI,CM
UTUG,UDUG,CM
UTUG2?,ŠITA2,CM
UTUGX(|GAR.ŠID|),GAR.ŠID,CM
UTUKI,UTUKI,CM
UTUKI?,UTUKI,CM
UTUL,AB2.KU,CM
UTUL10,AB2.LU,CM
UTUL11,PA.DAG.KISIM5×GUD,CM
UTUL2,HI×BAD,CM
UTUL3,DAG.KISIM5×LU+MAŠ2,CM
UTUL4,PA.DAG.KISIM5×LU+MAŠ2,CM
UTUL5,DAG.KISIM5×GUD,CM
UTUL6,DAG.KISIM5×UŠ,CM
UTUL7,KAM2,CM
UTUL8,U.MU,CM
UTUL9,PA.DAG.KISIM5×KAK,CM
UTULX(|HI×DIŠ|),HI×DIŠ,CM
UTUN,U.MU,CM
UTUQX(|GAR.ŠID|),GAR.ŠID,CM
UTUWA,DAG.KISIM5×UŠ,CM
UTUWA2,DAG.KISIM5×LU+MAŠ2,CM
UTUX(U),U,CM
UTUX(|TAG×TUG2|),TAG×TUG2,CM
UW,PI,CM
UX(NI),NI,CM
UX(PA),PA,CM
UX(|EZEN×AN|),EZEN×AN,CM
UX(|SIK2.AŠ|),SIK2.AŠ,CM
UYA,U.5(DIŠ),CM
UZ,ŠE.HU,CM
UZ2,UŠ,CM
UZ3,UZ3,CM
UZ3.KASKAL,UZ3.KASKAL,CM
UZ3×KASKAL,UZ3×KASKAL,CM
UZ4,PIRIG×ZA,CM
UZ5,LAGAB×GUD+GUD,CM
UZA,ŠE.HU,CM
UZA3,UZ3,CM
UZAGLAL,AŠ@z,CM
UZALAG,AŠ@k,CM
UZALAK,AŠ@k,CM
UZDUHA,LAGAB×GUD.LU.HI.A,CM
UZU,UZU,CM
UZU2,ZU5×A,CM
UZU3,ŠE.HU,CM
UZU5,U.UD,CM
UZUD,UZ3,CM
UZUG,ZAG.AN,CM
UZUG2,U2.KA,CM
UZUG3,U2.SAG,CM
UZUG4,U2.KUR.NI.TUK.KI,CM
UZUG5,KA×U2,CM
UZUGX(KA),KA,CM
UZUGX(|AN.ZAG|),AN.ZAG,CM
UZUNX(|NUNUZ.AB2×AŠGAB|),NUNUZ.AB2×AŠGAB,CM
U×KASKAL,U×KASKAL,CM
UĜ2,PIRIG,CM
UĜ3,UN,CM
UĜ5,EZEN×BAD,CM
UŚ,UŠ,CM
UŞ,ŠE.HU,CM
UŞ2,UŠ,CM
UŞ4,PIRIG×ZA,CM
UŠ,UŠ,CM
UŠ.BAR,UŠ.BAR,CM
UŠ.BU.DA,UŠ.BU.DA,CM
UŠ.DAM,UŠ.DAM,CM
UŠ.GA,UŠ.GA,CM
UŠ.KU,UŠ.KU,CM
UŠ.SA,UŠ.SA,CM
UŠ.SAL.DAM,UŠ.SAL.DAM,CM
UŠ.TUG2.PI,UŠ.TUG2.PI,CM
UŠ10,ŠE.HU,CM
UŠ11,KA×BAD,CM
UŠ14,KA×PI,CM
UŠ15,SI.A,CM
UŠ16?,ŠU.BAD,CM
UŠ17,HI×AŠ,CM
UŠ18,U.U.U,CM
UŠ2,UŠ2,CM
UŠ3,GA2×SAL,CM
UŠ4,TUG2,CM
UŠ5,NUN.LAGAR×SAL,CM
UŠ6,NUN.LAGAR×MAŠ,CM
UŠ7,KA×LI,CM
UŠ8,APIN,CM
UŠ9,DIŠ,CM
UŠAR,LAL2.SAR,CM
UŠAR2,LAL.SAR,CM
UŠAR3,LAL2.LAGAB,CM
UŠAR4,LAL.LAGAB,CM
UŠBAR,UR2×NUN,CM
UŠBAR2,ZU5×A,CM
UŠBAR3,UR2×U2+AŠ,CM
UŠBAR4?,SUMAŠ,CM
UŠBAR5?,U.EN×GAN2@t,CM
UŠBAR6,NINDA2×U2+AŠ,CM
UŠBAR7,UR2×U2,CM
UŠBARX(|SUMAŠ.MAŠ|),SUMAŠ.MAŠ,CM
UŠBUR,UR2×NUN,CM
UŠBUR2,ZU5×A,CM
UŠBUR3,UR2×U2+AŠ,CM
UŠBUR4,SUMAŠ,CM
UŠBUR5,U.EN×GAN2@t,CM
UŠBUR6,NINDA2×U2+AŠ,CM
UŠBUR7,UR2×U2,CM
UŠEN,GU2×NUN,CM
UŠERA,LAGAB×U2+AŠ,CM
UŠERI,LAGAB×U2+AŠ,CM
UŠTU,PI,CM
UŠTU2,UŠ.TUG2.PI,CM
UŠTUG,PI,CM
UŠTUG2,UŠ.TUG2.PI,CM
UŠTUH,KI.IB,CM
UŠU,BUR2,CM
UŠU2,U.UD,CM
UŠU3,U.U.U,CM
UŠUB,SI.A,CM
UŠUM,BUR2,CM
UŠUMGAL,GAL.BUR2,CM
UŠUMGALX(|KWU089.GAL|),KWU089.GAL,CM
UŠUMX,UŠUMX,CM
UŠUMX(KWU089),KWU089,CM
UŠUR,LAL2.SAR,CM
UŠUR2,LAL.SAR,CM
UŠUR3,LAL2.LAGAB,CM
UŠUR4,LAL.LAGAB,CM
UŠUR5,U,CM
UŠURX(|LAL2.TUG2|),LAL2.TUG2,CM
UŠUŠ,GA2×NUN,CM
UŠX,UŠX,CM
UŠX(UŠX),UŠX,CM
UŠX(|E2×SAL|),E2×SAL,CM
UŠX(|KA×ŠU|),KA×ŠU,CM
UŠ×A,UŠ×A,CM
UŠ×KU,UŠ×KU,CM
UŠ×KUR,UŠ×KUR,CM
UŠ×TAK4,UŠ×TAK4,CM
UŠŠA,HI×AŠ,CM
UŠŠUX(|A2.KAL|),A2.KAL,CM
UŢ,UD,CM
UŢE,KI.KI,CM
UŢU,TAG×TUG2,CM
UŢU2,ŠID,CM
UŢU4,MUG@g,CM
UŢU5,UŠ.BAR,CM
UŢU6,KI.LAL,CM
UŢUKU,GAR.ŠID,CM
V+,GIŠ.NI,CM
WA,PI,CM
WA2,BA,CM
WA3,U2,CM
WA4,PI×A,CM
WA6,MA,CM
WAN,U.U,CM
WAR2,MAR,CM
WAR3,ARAD,CM
WAR?,BAR,CM
WARDU,ARAD,CM
WARX(UB),UB,CM
WAX(|LAGAB×GUD+GUD|),LAGAB×GUD+GUD,CM
WAX(|LAGAB×GUD|),LAGAB×GUD,CM
WAX(|SIK2.AŠ|),SIK2.AŠ,CM
WAŠ,MAŠ,CM
WE,PI,CM
WE2,PI×E,CM
WI,PI,CM
WI2,PI×I,CM
WI4,MI,CM
WI5,GIŠ.DIN,CM
WIR,GIR3,CM
WIŠ?,ME.U.U.U,CM
WU,PI,CM
WU2,PI×U,CM
WU3,PI×U2,CM
WU4,MU,CM
WUK,MUG,CM
WUX(U2),U2,CM
WUŠ,MUŠ,CM
X,X,CM
XX(|SAG×KAK.GABA|),SAG×KAK.GABA,CM
YA,PI,CM
YA10,A,CM
YA3,NI,CM
YA4,NI.UD,CM
YAX(|A.A|),A.A,CM
YAX(|UD.NI|),UD.NI,CM
YE,PI,CM
YI,PI,CM
YI2,I.A,CM
YI3,E,CM
YU,PI,CM
ZA,ZA,CM
ZA.AN.MUŠ3@G,ZA.AN.MUŠ3@g,CM
ZA.AN.MUŠ3@g,ZA.AN.MUŠ3@g,CM
ZA.DUN3@G,ZA.DUN3@g,CM
ZA.DUN3@G@G,ZA.DUN3@g@g,CM
ZA.DUN3@g,ZA.DUN3@g,CM
ZA.DUN3@g@g,ZA.DUN3@g@g,CM
ZA.GUL,ZA.GUL,CM
ZA.IB,ZA.IB,CM
ZA.KUR,ZA.KUR,CM
ZA.KUR.A,ZA.KUR.A,CM
ZA.MUŠ3,ZA.MUŠ3,CM
ZA.MUŠ3.AB@G,ZA.MUŠ3.AB@g,CM
ZA.MUŠ3.AB@g,ZA.MUŠ3.AB@g,CM
ZA.MUŠ3.DI,ZA.MUŠ3.DI,CM
ZA.MUŠ3@G,ZA.MUŠ3@g,CM
ZA.MUŠ3@G.AB@G,ZA.MUŠ3@g.AB@g,CM
ZA.MUŠ3@G.DI,ZA.MUŠ3@g.DI,CM
ZA.MUŠ3@G.EREN,ZA.MUŠ3@g.EREN,CM
ZA.MUŠ3@g,ZA.MUŠ3@g,CM
ZA.MUŠ3@g.AB@g,ZA.MUŠ3@g.AB@g,CM
ZA.MUŠ3@g.DI,ZA.MUŠ3@g.DI,CM
ZA.MUŠ3@g.EREN,ZA.MUŠ3@g.EREN,CM
ZA.NIM,ZA.NIM,CM
ZA.SU,ZA.SU,CM
ZA2,NI.UD,CM
ZA3,ZAG,CM
ZA4,NUN,CM
ZA5,AN,CM
ZA6,KA×UD,CM
ZA7,ZA7,CM
ZA@T,ZA@t,CM
ZA@t,ZA@t,CM
ZAB,ERIN2,CM
ZABALA,ZA.MUŠ3@g.AB@g,CM
ZABALA2,ZA.MUŠ3.AB@g,CM
ZABALA3,MUŠ3.AB@g,CM
ZABALA4,MUŠ3.ZA.AB@g,CM
ZABALA5,MUŠ3.AB,CM
ZABALA6,AB.MUŠ3,CM
ZABALAM,ZA.MUŠ3@g.AB@g,CM
ZABALAM2,ZA.MUŠ3.AB@g,CM
ZABALAM3,MUŠ3.AB@g,CM
ZABALAM4,MUŠ3.ZA.AB@g,CM
ZABALAM5,MUŠ3.AB,CM
ZABALAM6,AB.MUŠ3,CM
ZABALAX(|AB@G.MUŠ3.ZA|),AB@g.MUŠ3.ZA,CM
ZABALAX(|AN.MUŠ3.AB@G|),AN.MUŠ3.AB@g,CM
ZABALAX(|AN.MUŠ3.AB|),AN.MUŠ3.AB,CM
ZABALAX(|MUŠ3.AB@G.ZA|),MUŠ3.AB@g.ZA,CM
ZABAR,UD.KA.BAR,CM
ZABAR2,ZUBUR,CM
ZABAR3,KA×UD.BAR,CM
ZABITUM,BALAG.TUR,CM
ZADIM,MUG@g,CM
ZADRI,ŠID,CM
ZADRU,ŠID,CM
ZAG,ZAG,CM
ZAG.AN,ZAG.AN,CM
ZAG.GA,ZAG.GA,CM
ZAG.HA,ZAG.HA,CM
ZAG2,PA,CM
ZAG3,NISAG,CM
ZAGGA,NI,CM
ZAGGA2,ZA,CM
ZAGINDUR,ZA.KUR.A,CM
ZAGX(|U.GA|),U.GA,CM
ZAH,NE,CM
ZAH2,HA.A,CM
ZAH3,A×HA,CM
ZAHA2,HA.A,CM
ZAHA3,A×HA,CM
ZAHAN,U.GA.HI,CM
ZAHAN2,U.GA,CM
ZAHX(|A.HA.A|),A.HA.A,CM
ZAHX(|A.HA|),A.HA,CM
ZAHX(ŠEŠ),ŠEŠ,CM
ZAK,ZAG,CM
ZAK2,PA,CM
ZAL,NI,CM
ZAL2,LAGAB×SUM,CM
ZALA,NI,CM
ZALAG,UD,CM
ZALAG2,ERIN2,CM
ZALAGA,UD,CM
ZALAH,UD,CM
ZALAQAX(UD),UD,CM
ZALAX(UD),UD,CM
ZALLI,NI,CM
ZALX?(NUN),NUN,CM
ZAMIN,UB.RI,CM
ZAMX,ZAMX,CM
ZAMX(ZAMX),ZAMX,CM
ZANABAL,LU2×LA+AŠ,CM
ZANABAL2,LU2×KAD3+AŠ,CM
ZANABAL3,LU2×SI+AŠ,CM
ZANARU,MUŠ3,CM
ZANARU2,ZA.MUŠ3,CM
ZANBUR,BAD.KASKAL,CM
ZANDAR,ŠID,CM
ZANDARA,ŠID,CM
ZANNARU,ZA.MUŠ3@g,CM
ZANNARU2,ZA.MUŠ3,CM
ZANNARUX(|ZA.AN.MUŠ3@G|),ZA.AN.MUŠ3@g,CM
ZANSUR,LAGAB×U+U+U,CM
ZANZANA,HI×ŠE,CM
ZAP,ERIN2,CM
ZAP2?,KU,CM
ZAPAH,ŠU.BAD,CM
ZAQ,ZAG,CM
ZAQ2,PA,CM
ZAQ4,ZIG,CM
ZAR,LAGAB×SUM,CM
ZAR2,NI,CM
ZAR3,SUM,CM
ZAR4,KUL,CM
ZAR5,BAD,CM
ZAR6,BAD.AŠ,CM
ZARA,LAGAB×SUM,CM
ZARA5,BAD,CM
ZARA6,BAD.AŠ,CM
ZARAH,SAG.PA.LAGAB,CM
ZARAH2,LU.KI.KAK,CM
ZARAHX(|KI.KU.SAG|),KI.KU.SAG,CM
ZARAHX(|KI.SAG.SAL|),KI.SAG.SAL,CM
ZARAHX(|KU.KI.SAG|),KU.KI.SAG,CM
ZARAX(KUL),KUL,CM
ZARIH?,LAGAB×SUM,CM
ZARX(KAK),KAK,CM
ZAX,ZAx,CM
ZAX(NISAG),NISAG,CM
ZAX(ZU),ZU,CM
ZAX(|GU%GU|),GU%GU,CM
ZAX(|U.ŠA|),U.ŠA,CM
ZAX(|UD.NI|),UD.NI,CM
ZAX(|ZAX|),ZAx,CM
ZAX(ŠEŠ),ŠEŠ,CM
ZAZ,BAD,CM
ZAZANA,TUR&TUR.ZA&ZA,CM
ZAZANAX(|TUR&TUR.ZA&ZA.TUR&TUR.ZA&ZA|),TUR&TUR.ZA&ZA.TUR&TUR.ZA&ZA,CM
ZAZNA,TUR&TUR.ZA&ZA,CM
ZAZNAX(|TUR&TUR.ZA&ZA.TUR&TUR.ZA&ZA|),TUR&TUR.ZA&ZA.TUR&TUR.ZA&ZA,CM
ZAx,ZAx,CM
ZA×4×KUR,ZA×4×KUR,CM
ZAĜ3,NISAG,CM
ZAĜA,NI,CM
ZAĜX(|UD×U+U+U@G|),UD×U+U+U@g,CM
ZE,ZI,CM
ZE2,ZE2,CM
ZE4,AB×ŠEŠ,CM
ZEB3,GUD,CM
ZEH2,ŠUBUR,CM
ZEL,NUN,CM
ZENAX?(HA@T@G),HA@t@g,CM
ZER3,MUŠ,CM
ZERMUŠKU,IGI@g.TAK4.ALAN,CM
ZERMUŠKUX(|TAK4.ALAN|),TAK4.ALAN,CM
ZERMUŠŠU,IGI@g.TAK4.ALAN,CM
ZERX(TUR),TUR,CM
ZEZNA,TUR&TUR.ZA&ZA,CM
ZEZNAX(|TUR&TUR.ZA&ZA.TUR&TUR.ZA&ZA|),TUR&TUR.ZA&ZA.TUR&TUR.ZA&ZA,CM
ZI,ZI,CM
ZI&ZI,ZI&ZI,CM
ZI&ZI.A,ZI&ZI.A,CM
ZI&ZI.EŠ2,ZI&ZI.EŠ2,CM
ZI&ZI.EŠ2.ŠE,ZI&ZI.EŠ2.ŠE,CM
ZI&ZI.LAGAB,ZI&ZI.LAGAB,CM
ZI...,NUN@t.ŠE,CM
ZI.ME.U.U.U,ZI.ME.U.U.U,CM
ZI2,ZE2,CM
ZI3,ZI3,CM
ZI4,AB×ŠEŠ,CM
ZI7,KI.NE,CM
ZI8?,KAL,CM
ZIB,AŠ@z&AŠ@z&AŠ@z&AŠ@z,CM
ZIB2,ZIG,CM
ZIB3,GUD,CM
ZIB4?,KA,CM
ZIBAR,UD.KA.BAR,CM
ZIBAR3,KA×UD.BAR,CM
ZIBIN,DAG.KISIM5×TAK4,CM
ZIBIN2,DAG.KISIM5×U2+GIR2,CM
ZID,ZI,CM
ZID2,ZI3,CM
ZIG,ZIG,CM
ZIG2,SIG,CM
ZIG3,ZI,CM
ZIGARA,IM%IM,CM
ZIGKARU,IM%IM,CM
ZIGX(|PA.GI|),PA.GI,CM
ZIH,GU%GU,CM
ZIH2,ŠUBUR,CM
ZIK,ZIG,CM
ZIK2,SIG,CM
ZIK3,URU×MIN,CM
ZIKARA,IM%IM,CM
ZIKARU,IM%IM,CM
ZIKUM,LAGAB×HAL,CM
ZIKUMUX(|LAGAB×HAL|),LAGAB×HAL,CM
ZIKUMX(|EŠ2.UD|),EŠ2.UD,CM
ZIKUMX(|LAGAB×A|),LAGAB×A,CM
ZIKURA,KASKAL.6(DIŠ),CM
ZIL,NUN,CM
ZIL2,TAG,CM
ZIL3,TAR,CM
ZILILIX(|PA.URU×MIN|),PA.URU×MIN,CM
ZILPE,NUN@t.KI,CM
ZILULU,PA.URU×MIN,CM
ZIMBIR,UD.GIŠ%GIŠ.NUN,CM
ZIN,ŠEN,CM
ZINANUTU,HI×AŠ,CM
ZIP,AŠ@z&AŠ@z&AŠ@z&AŠ@z,CM
ZIP3,PA.LU,CM
ZIPAH,MAŠ,CM
ZIPAH2,ŠU.BAD,CM
ZIPAHX(|ŠU2.BAD|),ŠU2.BAD,CM
ZIQ,ZIG,CM
ZIQ2,SIG,CM
ZIQI,ZIG,CM
ZIR,KUL,CM
ZIR2,EŠ2.KA,CM
ZIR3,MUŠ,CM
ZIR4,SUD,CM
ZIRI,KUL,CM
ZIRMUŠŠU?,IGI@g.TAK4.ALAN,CM
ZIRRU,EN.NUNUZ.ZI.AN.ŠEŠ.KI,CM
ZIRRUX(|EN.SAL.ME.NUNUZ.ZI.AN.ŠEŠ.KI|),EN.SAL.ME.NUNUZ.ZI.AN.ŠEŠ.KI,CM
ZIS,BAD,CM
ZIX(IGI@G),IGI@g,CM
ZIX(NE),NE,CM
ZIZ,BAD,CM
ZIZ2,ZIZ2,CM
ZIZ3,HI×AŠ,CM
ZIZ4,GIŠ×BAD,CM
ZIZ5,TAG.TAG,CM
ZIZANU,KUR,CM
ZIZNA,TUR&TUR.ZA&ZA,CM
ZIZNAX(|TUR&TUR.ZA&ZA.TUR&TUR.ZA&ZA|),TUR&TUR.ZA&ZA.TUR&TUR.ZA&ZA,CM
ZIZX(|TUR&TUR.ZA&ZA|),TUR&TUR.ZA&ZA,CM
ZU,ZU,CM
ZU&ZU.SAR,ZU&ZU.SAR,CM
ZU.AB,ZU.AB,CM
ZU2,KA,CM
ZU3,ZUM,CM
ZU4,BAD,CM
ZU5,ZU5,CM
ZU5×A,ZU5×A,CM
ZU6,SUD,CM
ZU7,DUN,CM
ZU8,PAP.NA2,CM
ZU9,KA×UD,CM
ZUB,KAM4,CM
ZUB2,AŠ@z&AŠ@z&AŠ@z&AŠ@z,CM
ZUBI,KAM4,CM
ZUBU,KAM4,CM
ZUBUD,HA@t,CM
ZUBUR,ZUBUR,CM
ZUEN,EN.ZU,CM
ZUENA,EN.ZU,CM
ZUG,LAGAB×A,CM
ZUG2,KA,CM
ZUG3,SAG×U2,CM
ZUG4,KA×LI,CM
ZUGUD,HA@t,CM
ZUGUZ?,KA×LUM,CM
ZUGX(|LAGAB×GAR|),LAGAB×GAR,CM
ZUH,KA,CM
ZUHX(|KA×LI|),KA×LI,CM
ZUK,LAGAB×A,CM
ZUKUM,ZI&ZI.LAGAB,CM
ZUKUMX(|A.ZI&ZI|),A.ZI&ZI,CM
ZUKUMX(|ZI&ZI.A|),ZI&ZI.A,CM
ZUKUMX(|ZI&ZI.EŠ2|),ZI&ZI.EŠ2,CM
ZUKURA,KA×TAR,CM
ZUKURAX(|KA×X|),KA×X,CM
ZULUG,LUL,CM
ZULUHU,SIK2.SUD,CM
ZULUHU2,SIK2.BU,CM
ZULUHU3,ZI&ZI.LAGAB,CM
ZULUHU4,LAGAB×A.LUM,CM
ZULUMHI,SIK2.SUD,CM
ZULUMHI2,SIK2.BU,CM
ZULUMHI3,ZI&ZI.LAGAB,CM
ZUM,ZUM,CM
ZUM.LAGAB,ZUM.LAGAB,CM
ZUM2,SAL.LAGAB×AŠ2,CM
ZUQ,LAGAB×A,CM
ZUR,AMAR,CM
ZUR2,SUR9,CM
ZUR3,MA2.IGI@g,CM
ZUR4,LAGAB×SUM,CM
ZUR5,LAL,CM
ZUR8,ŠA,CM
ZURU10,BAD.AŠ,CM
ZURU5,LAL,CM
ZURU9,BAD,CM
ZURZUB,DUG,CM
ZURZUB2,KAL,CM
ZUSU,SUD2,CM
ZUX(AŠ),AŠ,CM
ZUX(ZI3),ZI3,CM
[...],LU2×EŠ2.LAL,CM
[...]DI,NUNUZ.AB2×X,CM
[...]ENNU,E2.LU2×GAN2@t.A,CM
[...]GIDA,NUNUZ.AB2×X,CM
[...]RI,A.HA,CM
[...]di,NUNUZ.AB2×X,CM
[...]ennu,E2.LU2×GAN2@t.A,CM
[...]gida,NUNUZ.AB2×X,CM
[...]ri,A.HA,CM
a,A,CM
a',ALEPH,CM
a'2?,HI×NUN,CM
a'3,E2,CM
a'a3,LAGAB×A,CM
a'u'u,A.PA.GISAL.PAD.SI.A,CM
a-gar5,A.LU3,CM
a-ra2,A.DU,CM
a10?,ŠA6,CM
a11?,AN,CM
a12,UD,CM
a12-ra2-bu,UD.DU.BU,CM
a13,UD×U+U+U,CM
a14,E2,CM
a2,A2,CM
a3,PI,CM
a4,A.AN,CM
a5,AK,CM
a6,U,CM
a7,HA,CM
a8,UR,CM
a9,LAGAB×A,CM
ab,AB,CM
ab2,AB2,CM
ab3,AD,CM
ab4,AB@g,CM
aba,AB,CM
aba3,AD,CM
aba4,AB@g,CM
abba,AB,CM
abba2,AB×AŠ2,CM
abbar,LAGAB×A,CM
abbarax(|LAGAB×A|),LAGAB×A,CM
abbarx(|LAGAB×GAR|),LAGAB×GAR,CM
abbununna,UD.HU.HI.NUN,CM
abbununnax(|UD.HU.HI.NUN.NA|),UD.HU.HI.NUN.NA,CM
abbununnu,UD.HU.HI.NUN,CM
abbununnux(|UD.HU.HI.NUN.NA|),UD.HU.HI.NUN.NA,CM
abgal,NUN.ME,CM
abgal2,NUN.ME.KA×GAN2@t,CM
abgalx(|NUN.ME.KA×ME|),NUN.ME.KA×ME,CM
ablal,LAGAB×A+LAL,CM
ablal2?,LAGAB×A,CM
ablal3,LAGAB×U+A,CM
ablalx(|LAGAB×KIN|),LAGAB×KIN,CM
abni2,KI.NE,CM
abnu,UD.NI,CM
abrig,NUN.ME.DU,CM
abrig2,AB2.NUN.ME.DU,CM
absin,KI.AŠ.AŠ,CM
absin2,AB.NAM,CM
absin3,APIN,CM
absu,ZU.AB,CM
abul,KA2.GAL,CM
abula,KA2.GAL,CM
abulla,KA2.GAL,CM
abx(NUN),NUN,CM
abx(|AN.AN|),AN.AN,CM
abzu,ZU.AB,CM
abzux(|UMUM×KASKAL|),UMUM×KASKAL,CM
abšin3,APIN,CM
ad,AD,CM
ad-kid,AD.KID,CM
ad-kidx(|AD.E2|),AD.E2,CM
ad2,GIR2@g,CM
ad3,LU×BAD,CM
ad4,ZA@t,CM
ad5,U2.GIR2@g,CM
ad6,LU2×BAD,CM
ada,AD,CM
adab,UD.NUN,CM
adaba,UD.NUN,CM
adad,IM,CM
adama,BAD.MI,CM
adamen,LU2%LU2,CM
adamen2,LUGAL&LUGAL,CM
adamen3,GIŠ%GIŠ,CM
adamen4,NUN%NUN,CM
adamen5,EN%EN,CM
adamenx(|LUGAL@LUGAL|),LUGAL@LUGAL,CM
adamin,LU2@LU2,CM
adamin2,LUGAL&LUGAL,CM
adamin3,GIŠ%GIŠ,CM
adamin4,NUN%NUN,CM
adamin5,EN%EN,CM
adaminx(|EN@EN|),EN@EN,CM
adaminx(|LU2.LU2|),LU2.LU2,CM
adamu,BAD.MI,CM
adar,A.GUD×KUR,CM
adar2,GUD×KUR,CM
adar3,GEŠTIN×KUR,CM
adarx(SUD2),SUD2,CM
adax(|LU2×BAD|),LU2×BAD,CM
adda,LU2×BAD,CM
adda2,LU×BAD,CM
adda3,U2.GIR2@g,CM
adda4,GIR2@g,CM
addax(LU2),LU2,CM
addax(ZA@t),ZA@t,CM
addax(|LU2@g.UŠ2|),LU2@g.UŠ2,CM
addir,A.PA.GISAL.PAD.SI.A,CM
addirx(PA),PA,CM
addirx(|GISAL.PAD.SI.A|),GISAL.PAD.SI.A,CM
addirx(|PA.GISAL.SI.A.PAD|),PA.GISAL.SI.A.PAD,CM
addirx(|PA.GISAL.SI.A|),PA.GISAL.SI.A,CM
addirx(|PAD.DUG.GIŠ.SI|),PAD.DUG.GIŠ.SI,CM
addirx(|SI.GIŠ.PAD.DUG|),SI.GIŠ.PAD.DUG,CM
addu2,U2.GIR2@g,CM
addu3,GIR2@g,CM
addu4,ZA@t,CM
adkin,SIK2.LAM,CM
adx(EN),EN,CM
adx(LU2@s),LU2@s,CM
adx(|BAD.LU2|),BAD.LU2,CM
adx(|LU2@s×BAD|),LU2@s×BAD,CM
adx(|LU2×GAM|),LU2×GAM,CM
ag,AK,CM
ag2,NINDA2×NE,CM
ag3,ŠID,CM
aga,DUN3@g@g,CM
aga-us2,DUN3@g.UŠ,CM
aga2,NINDA2×NE,CM
aga3,DUN3@g,CM
agal,KA×GAL,CM
agam,A×BAD,CM
aganx(KA2),KA2,CM
agar2,LAGAB×IGI@g,CM
agar3,LAGAB×A+GAR,CM
agar4,IGI@g,CM
agar5,IM%IM,CM
agar6,IM.DUGUD,CM
agargara,NUN@t,CM
agargarax(NUN),NUN,CM
agarim,GA2×AN.AN.MUŠ3,CM
agarin,AB×DUN3@g,CM
agarin2,AB×GAN2@t,CM
agarin3,GA2×AN.DUN3@g,CM
agarin4,GA2×AN.ŠIM,CM
agarin5,GA2×AN.ŠIM×GAR,CM
agarinx(AB),AB,CM
agaš,BAD.X,CM
agrig,IGI.DUB,CM
agrigx(|IGI.ZI|),IGI.ZI,CM
agrun,E2.NUN,CM
agrunax(E2.NUN),E2.NUN,CM
agrunax(|E2.NUN|),E2.NUN,CM
agrux(E2.NUN),E2.NUN,CM
agrux(|E2.NUN|),E2.NUN,CM
agu,DUN3@g@g,CM
agx(|NINDA2×ŠE|),NINDA2×ŠE,CM
ah,HI×NUN,CM
ah2,ŠEŠ,CM
ah3,UD,CM
ah4,ALEPH,CM
ah5,A2,CM
ah6,UD.KUŠU2,CM
aha,HI×NUN,CM
aha2,ŠEŠ,CM
aha3,PAP,CM
ahhur?,IGI.A,CM
ahi,ŠEŠ,CM
ahi2,A2,CM
ahud,IM×4,CM
ai,A.A,CM
aia,A.A,CM
aia2,A,CM
aia3,UR,CM
aia4,LAGAB×A,CM
ak,AK,CM
ak3,ŠID,CM
aka,AK,CM
aka2,NINDA2×NE,CM
aka3,ŠID,CM
aka4,KA2,CM
akan,DAG.KISIM5×GA,CM
akan2,KA2,CM
akan3,LAGAB×LU,CM
akani,DAG.KISIM5×GA,CM
akar,NUN%NUN.LAGAR&LAGAR,CM
akarx(|(NUN.LAGAR×SAL)&(NUN.LAGAR×SAL)|),(NUN.LAGAR×SAL)&(NUN.LAGAR×SAL),CM
akix(AK),AK,CM
akkan3,LAGAB×LU,CM
akkil,GAD.TAK4.SI,CM
akkil2,AD.KID,CM
akkil3,GAD.TAK4,CM
akkilx(|AD.E2|),AD.E2,CM
aktum,A.SU,CM
aktum2,SU.A,CM
akx(|KA×AD|),KA×AD,CM
akšak,UD.KUŠU2,CM
akšak2,A.KUŠU2,CM
akšak3?,UD@s.KUŠU2,CM
akšakx(|EZEN×HA|),EZEN×HA,CM
al,AL,CM
al2,ALAN,CM
al3?,GAN2,CM
al5,UD,CM
al6,MAH,CM
al8,URU,CM
ala,URU,CM
ala2?,URU.ME.U.U.U,CM
ala3,AL,CM
alad,KAL×BAD,CM
alad2?,KAL,CM
alag,ALAN,CM
alal,ŠID×A,CM
alal2,ŠID,CM
alal3,GIŠ%GIŠ,CM
alal4?,GAN2%GAN2,CM
alala,ALAN,CM
alalmu,ŠID×A,CM
alalx(GAN2),GAN2,CM
alam,ALAN,CM
alamax(NIM),NIM,CM
alammuš,TA×HI,CM
alamu,ŠID×A,CM
alamu2,ŠID,CM
alamuš,TA×HI,CM
alamx(|ALAN&ALAN|),ALAN&ALAN,CM
alan,ALAN,CM
alap,GUD,CM
alax(|KA×A+LA2|),KA×A+LA2,CM
alax(|ŠID×A|),ŠID×A,CM
alaĝ,ALAN,CM
alba,GA2,CM
alba2,KASKAL.KUR,CM
ale,URU,CM
algames,UD.SAL.HUB2,CM
algameš,UD.SAL.HUB2,CM
algamis,UD.SAL.HUB2,CM
alha,KASKAL.KUR,CM
ali,URU,CM
alim,GIR3×A+IGI,CM
alima,GIR3×A+IGI,CM
alimx(|GIR3×IGI|),GIR3×IGI,CM
alimx?(|GA2×A+IGI|),GA2×A+IGI,CM
alla,NAGAR,CM
almu,ŠID×A,CM
almu2,ŠID,CM
alpu,GUD,CM
alu,URU,CM
alurx(BAHAR2),BAHAR2,CM
am,GUD×KUR,CM
am2,NINDA2×NE,CM
am3,A.AN,CM
am4?,GA2×KAK,CM
am5,GA2×SAL,CM
am6,AN,CM
am7,PI,CM
ama,GA2×AN,CM
ama2,GUD×KUR,CM
ama3?,GI.LU,CM
ama4,GA2×KAK,CM
ama5,GA2×SAL,CM
ama6,LAGAB×AN,CM
amagi,MUŠ3×A+DI,CM
amagi2,A.MUŠ3.DI,CM
amagi3,ZA.MUŠ3.DI,CM
amagi4,ZA.MUŠ3@g.DI,CM
amagix(|A.MUŠ3×A.DI|),A.MUŠ3×A.DI,CM
amagix(|MUŠ3.DI|),MUŠ3.DI,CM
amagix(|MUŠ3×DI|),MUŠ3×DI,CM
amah,LAGAB×U+A,CM
amalu,GA2×AN.AN.MUŠ3,CM
amalug?,GA2×AN.LUL,CM
aman,PAP.PAP,CM
amar,AMAR,CM
amarim?,GA2×AN.AN.MUŠ3,CM
amat,SAL.KUR,CM
amax(|E2.SAL|),E2.SAL,CM
amax(|E2×SAL|),E2×SAL,CM
amaš,DAG.KISIM5×LU+MAŠ2,CM
amaša,DAG.KISIM5×LU+MAŠ2,CM
ambar,LAGAB×A,CM
ambara,LAGAB×A,CM
ambarx(|LAGAB×GAR|),LAGAB×GAR,CM
ame,GA2×AN,CM
ame2,GA2×SAL,CM
amex(|E2.SAL|),E2.SAL,CM
ami,GA2×AN,CM
ami2,GA2×SAL,CM
amma,KUR,CM
ammax(KI),KI,CM
ammax(|GA2×AN|),GA2×AN,CM
amna,UD,CM
amna2,U.U,CM
amra,GIŠ.MA2.RA,CM
amtu,SAL.KUR,CM
amuru,KID.MAH,CM
amuš,A×MUŠ,CM
amuša,A×MUŠ,CM
amx(EN),EN,CM
an,AN,CM
an-na,AN.NA,CM
an2?,GIŠ%GIŠ,CM
ana,DIŠ,CM
ana2,AN,CM
ana3,AŠ,CM
anbar,LAGAB×A,CM
anegi,IM,CM
angar,IM%IM,CM
angur,LAGAB×HAL,CM
aniku,NA,CM
anu,AN,CM
anubu,KUR,CM
anx(DIŠ),DIŠ,CM
anx(|EZEN×BAD|),EZEN×BAD,CM
anzalub,ŠA3.GI,CM
anzu,AN.IM.DUGUD,CM
anzu2,AN.IM.MI,CM
anzud,AN.IM.DUGUD,CM
anzud2,AN.IM.MI,CM
anzux(|AN.HU.MI.IM|),AN.HU.MI.IM,CM
anzux(|HU.MI.AN.IM|),HU.MI.AN.IM,CM
anše,ANŠE,CM
anše2,GIR3,CM
anšex(|ANŠE.PA|),ANŠE.PA,CM
anši,GIR3×PA,CM
anšu,ANŠE,CM
anšu2,GIR3,CM
anšux(|ANŠE.PA|),ANŠE.PA,CM
ap,AB,CM
ap2,AB2,CM
ap3,AD,CM
apin,APIN,CM
apina,APIN,CM
aq,AK,CM
aqa,AK,CM
ar,IGI.RI,CM
ar...,UR2×U2+BI,CM
ar2,UB,CM
ar3,HI×AŠ2,CM
ar5,GAM,CM
ara,ŠA,CM
ara2,UB,CM
ara3,HI×AŠ2,CM
ara4,UD.DU,CM
ara5,HI×AŠ2.HI×AŠ2,CM
ara7,UD,CM
ara8,IGI.RI,CM
arab,UD.NUN,CM
arad,ARAD,CM
arad2,ARAD×KUR,CM
arad3?,LAM×KUR,CM
aragub,DU,CM
arah3,GA2×ŠE,CM
arah4,E2.UŠ.BU.DA,CM
araha,E2.UŠ.BU.DA,CM
arahx(|E2×ŠE|),E2×ŠE,CM
arahx(|UŠ.BU.DA|),UŠ.BU.DA,CM
arala,E2.KUR.BAD,CM
arali,E2.KUR.BAD,CM
aralix(|URU×GAL|),URU×GAL,CM
arar,UD.AB@g,CM
ararama,UD.AB@g,CM
ararama2,UD.AB,CM
ararim,URU×A,CM
ararimx(|URU×UD|),URU×UD,CM
ararma,UD.AB@g,CM
ararma2,UD.AB,CM
arata,LAM×KUR+RU,CM
aratta,LAM×KUR+RU,CM
araţa,LAM×KUR+RU,CM
arba,LIMMU2,CM
arda,ARAD,CM
argab,GAR.IB,CM
arhu,UD×U+U+U,CM
arhus2,NUN.LAGAR×SAL,CM
arhuš,GA2×SAL,CM
arhuš2,NUN.LAGAR×SAL,CM
arhuš3,NUN.LAGAR×MAŠ,CM
arhuš4?,GA2×AN,CM
arhuš5,A2.TUR,CM
arhuš6,A2.SAL,CM
arhuš7,A2.GA2×SAL,CM
arhušx(|E2×SAL|),E2×SAL,CM
ari,URI,CM
ari2,IDIM,CM
ari3,PA,CM
ari5?,PA.ME.U.U.U,CM
ari6,SUM,CM
arina,MUŠ%MUŠ.A.NA,CM
arinax(|A.LU2@s.NA|),A.LU2@s.NA,CM
arinax(|I.LU2@s.NA|),I.LU2@s.NA,CM
arinax(|LU2@s.NA|),LU2@s.NA,CM
arinax(|MUŠ&MUŠ.A.NA|),MUŠ&MUŠ.A.NA,CM
arinax(|MUŠ&MUŠ×A+NA|),MUŠ&MUŠ×A+NA,CM
arinax(|UR2×A|),UR2×A,CM
arkab,GAR.IB,CM
arkab2,ARKAB2,CM
arkabx(IB),IB,CM
arkabx(|ARKAB2.IB|),ARKAB2.IB,CM
arrap,LIMMU2,CM
aru,PA,CM
arx(|URU×A|),URU×A,CM
as,PIRIG×ZA,CM
as2,AŠ2,CM
as3,AŠ,CM
as4,LAGAB×A,CM
as4-lum,LAGAB×A.LUM,CM
as5,ŠIR,CM
as6,HI×DIŠ,CM
asa,PIRIG×ZA,CM
asa2,AŠ2,CM
asag,KU3.AN,CM
asagx(|GA2×ŠE|),GA2×ŠE,CM
asal,URU×IGI,CM
asal2,A.TU.GABA.LIŠ,CM
asalx(|A.GABA.LIŠ.TU|),A.GABA.LIŠ.TU,CM
asalx(|A.GIŠ.TU.GABA.LIŠ|),A.GIŠ.TU.GABA.LIŠ,CM
asalx(|A.TU.GABA.SIG.GAR|),A.TU.GABA.SIG.GAR,CM
asalx(|A.TU.GABA|),A.TU.GABA,CM
asalx(|A.TU.NUN&NUN|),A.TU.NUN&NUN,CM
asalx(|A.TU|),A.TU,CM
asalx(|ASAL2~a|),ASAL2~a,CM
asalx(|GABA.LIŠ|),GABA.LIŠ,CM
asalx(|KA×IGI|),KA×IGI,CM
asalx(|TU.NUN&NUN.LIŠ.A|),TU.NUN&NUN.LIŠ.A,CM
asar,URU×IGI,CM
asar2,A.TU.GABA.LIŠ,CM
asara,URU×IGI,CM
asari,URU×IGI,CM
asaru,URU×IGI,CM
asax(|KU3.AN|),KU3.AN,CM
asax(|URU×IGI|),URU×IGI,CM
asi,A.ŠE.NUN&NUN,CM
asil,EZEN×LAL2,CM
asil3,EZEN×A,CM
asil4,EZEN×A+LAL2,CM
asil5,EZEN×A+LAL,CM
asil6,EZEN×UD,CM
asila,EZEN×LAL2,CM
asila2,ŠIM,CM
asila3,EZEN×A,CM
asila4,EZEN×A+LAL2,CM
asila5,EZEN×A+LAL,CM
asila6,EZEN×UD,CM
asilal,EZEN×LAL2,CM
asilal2,ŠIM,CM
asilal3,EZEN×A,CM
asilal4,EZEN×A+LAL2,CM
asilal5,EZEN×A+LAL,CM
asilal6,EZEN×UD,CM
asilalx(EZEN),EZEN,CM
asilax(EZEN),EZEN,CM
asilax(|EZEN×KASKAL|),EZEN×KASKAL,CM
asilla2,ŠIM,CM
asillal3,EZEN×A,CM
asilx(EZEN),EZEN,CM
aski,AŠ.HI×DIŠ.GI4,CM
aslum,LAGAB×A,CM
aslumx(|A.LUM|),A.LUM,CM
aslumx(|LAGAB×GAR|),LAGAB×GAR,CM
asx(|LAGAB×GAR|),LAGAB×GAR,CM
at,AD,CM
at2,GIR2@g,CM
atum,NI.UD.KI,CM
atumx(|NI.UD|),NI.UD,CM
atumx(|UD.NI|),UD.NI,CM
au,A.PA.GISAL.PAD.SI.A,CM
aux(|GISAL.PAD.SI.A|),GISAL.PAD.SI.A,CM
aw,PI,CM
ax(DA),DA,CM
aya,A.A,CM
aya2,A,CM
aya2-aya2,A×A,CM
aya3,UR,CM
aya4,LAGAB×A,CM
ayax(HA),HA,CM
ayax(UD),UD,CM
ayax(|LAGAB×GAR|),LAGAB×GAR,CM
aye,A.A,CM
ayi,A.A,CM
ayu,A.A,CM
ayya,A.A,CM
ayye,A.A,CM
ayyi,A.A,CM
ayyu,A.A,CM
az,PIRIG×ZA,CM
az2,AŠ2,CM
az3,AŠ,CM
aza,PIRIG×ZA,CM
azad,U2.A.LAGAB×KUL.MA2.ŠU2.A,CM
azad2,TAK4,CM
azadx(|A.LAGAB×HAL.ŠU2|),A.LAGAB×HAL.ŠU2,CM
azag,KU3.AN,CM
azag2,A2.PA,CM
azak,KU3.AN,CM
azalag,TUG2.UD,CM
azalag2,TUG2,CM
azalag3,GIŠ.TUG2.PI.TE.A.DU,CM
azalag4,GIŠ.TUG2.TE.A.DU,CM
azalag5,GIŠ.TUG2.PI.TE.A,CM
azalag6,GIŠ.TUG2.TE.A,CM
azalag7,LU2×TUG2,CM
azalx(|A.TU.GABA.LIŠ|),A.TU.GABA.LIŠ,CM
azlag,TUG2.UD,CM
azlag2,TUG2,CM
azlag3,GIŠ.TUG2.PI.TE.A.DU,CM
azlag4,GIŠ.TUG2.TE.A.DU,CM
azlag5,GIŠ.TUG2.PI.TE.A,CM
azlag6,GIŠ.TUG2.TE.A,CM
azlag7,LU2×TUG2,CM
azlaggalx(|GAL.GIŠ.TUG2.TE.A.DU|),GAL.GIŠ.TUG2.TE.A.DU,CM
azu,ZU5×A,CM
azubirx(|HI×AŠ2.SAG|),HI×AŠ2.SAG,CM
azugna,HI×AŠ2.SAG,CM
azukna,HI×AŠ2.SAG,CM
aĝ,AK,CM
aĝ2,NINDA2×NE,CM
aĝ3,ŠID,CM
aĝa3,DUN3@g,CM
aĝar5,IM%IM,CM
aĝar6,IM.DUGUD,CM
aĝarin,AB×DUN3@g,CM
aĝarin2,AB×GAN2@t,CM
aĝarin3,GA2×AN.DUN3@g,CM
aĝarin4,GA2×AN.ŠIM,CM
aĝarin5,GA2×AN.ŠIM×GAR,CM
aĝrig,IGI.DUB,CM
aś,AŠ2,CM
aş,PIRIG×ZA,CM
aş2,AŠ2,CM
aş3,AŠ,CM
aš,AŠ,CM
aš10,DIŠ,CM
aš11,AŠ@z,CM
aš2,AŠ2,CM
aš2-gar3,SAL.AŠ2.GAR3,CM
aš4,TAB.TAB.TAB,CM
aš5,SIK2.LAM.SUHUR,CM
aš6,SIK2.LAM,CM
aš7,ŠIR,CM
aš7-gi4,ŠIR.GI4,CM
aš8,HI×DIŠ,CM
aš9,AŠ&AŠ&AŠ.AŠ&AŠ&AŠ,CM
aša,AŠ,CM
aša2,AŠ2,CM
aša5,GAN2,CM
ašag,GAN2,CM
ašalx(|A.TU.GABA.LIŠ|),A.TU.GABA.LIŠ,CM
ašalx(|A.TU.NUN&NUN|),A.TU.NUN&NUN,CM
ašar2,A.TU.GABA.LIŠ,CM
ašaridu,IGI.DU,CM
ašarx(|A.TU.NUN&NUN|),A.TU.NUN&NUN,CM
ašdar,U.DAR,CM
ašdarx(|DIŠ.DAR|),DIŠ.DAR,CM
ašgab,AŠGAB,CM
ašgabgalx(|GAL.AŠGAB|),GAL.AŠGAB,CM
ašgi,ŠIR.GI4,CM
ašita,A2.U.KID,CM
aški,ZI&ZI.LAGAB,CM
aškix(|A.ZI&ZI|),A.ZI&ZI,CM
aškix(|ZI&ZI.A|),ZI&ZI.A,CM
aškix(|ZI&ZI.EŠ2|),ZI&ZI.EŠ2,CM
aškud,A2.MUŠ3@g,CM
aškud2,A2.MUŠ3,CM
aškudx(|A.ZA.AN.MUŠ3|),A.ZA.AN.MUŠ3,CM
aškudx(|A2.ZA.MUŠ3@g|),A2.ZA.MUŠ3@g,CM
ašlag,TUG2.UD,CM
ašlag2,TUG2,CM
ašlag3,GIŠ.TUG2.PI.TE.A.DU,CM
ašlag4,GIŠ.TUG2.TE.A.DU,CM
ašlag5,GIŠ.TUG2.PI.TE.A,CM
ašlag6,GIŠ.TUG2.TE.A,CM
ašlag7,LU2×TUG2,CM
ašlug,E2.UŠ.BU.DA,CM
ašnan,ŠE.ŠE.NUN&NUN,CM
ašnan2,ŠE,CM
ašnana,ŠE.ŠE.NUN&NUN,CM
ašta,GAD.TAK4,CM
ašte,A2.U.KID,CM
ašte2,LAGAB×A,CM
aštex(|LAGAB×GAR|),LAGAB×GAR,CM
ašx(AB),AB,CM
ašša,AŠ,CM
ašša2,GAD.TAK4,CM
aššan,AN.DU.AN,CM
aţ,AD,CM
aţ2,GIR2@g,CM
aţu,U2.GIR2@g,CM
ba,BA,CM
ba10?,PAN,CM
ba11,KA×GAN2@t,CM
ba13,ME,CM
ba14,PAP,CM
ba15,BAR,CM
ba2,PA,CM
ba3,U.U.U,CM
ba4,GA2,CM
ba5?,KA×IM,CM
ba6,U2,CM
ba7,MAŠ,CM
ba8,EZEN×BAD,CM
ba9,BAD,CM
bab,PAP,CM
bab2,UD,CM
baba2,KA2,CM
babar,UD,CM
babar2,UD.UD,CM
babbar,UD,CM
babbar2,UD.UD,CM
babila,KA.AN,CM
babila2,KA.AN.RA,CM
babilax(|DIN.ŠE.NUN&NUN|),DIN.ŠE.NUN&NUN,CM
babilax(|KA2.AN|),KA2.AN,CM
babilim,KA2.AN,CM
babilim2,KA2.AN.RA,CM
babilima,KA2.AN,CM
babilima2,KA2.AN.RA,CM
babu,KA2,CM
bad,BAD,CM
bad2,PAD,CM
bad3,EZEN×BAD,CM
bad4,KI.KAL,CM
bad5,IGI,CM
bada,BAD,CM
bada3,EZEN×BAD,CM
badi,IGI,CM
badx(EZEN),EZEN,CM
baeš,AŠ2,CM
bag,HU,CM
bag2,AŠ@z.AŠ@z.AŠ@z.AŠ@z,CM
bag3,BAG3,CM
bag4,AŠ@k&AŠ@k&AŠ@k&AŠ@k,CM
bagx(RI),RI,CM
bah,HU,CM
bah3,LUL,CM
bahar,GUD,CM
bahar2,BAHAR2,CM
bahar3,U.EDIN,CM
bahar4,BAR.EDIN,CM
bahar5,DUG.SILA3.BUR.NA,CM
bahargalx(|GAL.BAR.EDIN|),GAL.BAR.EDIN,CM
baharx(|U.SAR|),U.SAR,CM
bak,HU,CM
bak2,AŠ@z.AŠ@z.AŠ@z.AŠ@z,CM
bak3,BAG3,CM
bakiru,U.SAR,CM
bakirum,U.SAR,CM
bakx(RI),RI,CM
bal,BAL,CM
bal2,BUR2,CM
bal3,AL×AL,CM
bal4,AL×KI,CM
bala,BAL,CM
balag,BALAG,CM
balak,BAL,CM
balaĝ,BALAG,CM
baliha,KASKAL.KUR,CM
balla,GAR.SAG.IL2.EZEN.UŠ,CM
balla2,GAR.SAG.IL2.EZEN.SAL,CM
ballatu,ZI.ME.U.U.U,CM
ban,PAN,CM
ban3,TUR,CM
ban4,KAK,CM
banda3,TUR,CM
banda4,IDIM,CM
banda5,SIG4.IDIM,CM
bandiliša,KU7,CM
baneš,AŠ2,CM
bania,AŠ2.U&U,CM
banlimmu,AŠ2.U,CM
bansur,URU×URUDA,CM
bansur2,IDIM&IDIM.BUR,CM
bansur3,KAD5,CM
banx(|LAGAB.LAGAB|),LAGAB.LAGAB,CM
banšur,URU×URUDA,CM
banšur2,IDIM&IDIM.BUR,CM
banšur3,KAD5,CM
banšura,URU×URUDA,CM
banšurx(|URU×IGI|),URU×IGI,CM
bap,PAP,CM
bappir,ŠIM×GAR,CM
bappir2,ŠIM,CM
bappir3,BI×GAR,CM
bappira,ŠIM×GAR,CM
bappira2,ŠIM,CM
bappira3,BI×GAR,CM
baq,HU,CM
bar,BAR,CM
bar2,BARA2,CM
bar3,DAG,CM
bar4,NI.UD,CM
bar5,SIG4,CM
bar6,UD,CM
bar7,NE,CM
bar8,EN×GAN2@t,CM
bara,BAR,CM
bara10,GA2×IGI@g,CM
bara2,BARA2,CM
bara2-munu4,BARA2.PAP.PAP,CM
bara2-munu5,BARA2.PAP.ŠE.PAP,CM
bara3,DAG,CM
bara4,BAD,CM
bara5,LAGAB×EN,CM
bara6,LAGAB×ME+EN,CM
bara7,LAGAB×IGI@g,CM
bara8,LAGAB×TAK4,CM
bara9,LAGAB×LUL,CM
barag,BARA2,CM
barag2,DAG,CM
baragx?(|E2×BAD|),E2×BAD,CM
barax(NE),NE,CM
barax(UD),UD,CM
bare,BAR,CM
bargi?,U&U.U@v&U@v,CM
barim,PA.DU@s,CM
barimx(|URU×BAR|),URU×BAR,CM
barx(A),A,CM
barx(U),U,CM
barzil,AN.AŠ.AN,CM
bat,BAD,CM
bat2,PAD,CM
bat3,EZEN×BAD,CM
bat5,IGI,CM
bata,BAD,CM
batu,U.U.U,CM
bax(PI),PI,CM
bazbazx(|ŠE.HU|),ŠE.HU,CM
baš?,MAŠ,CM
baštum,KAL,CM
baţ,BAD,CM
be,BAD,CM
be2,BI,CM
be3,NI,CM
be4,BA,CM
be5,KU,CM
be6,PI,CM
be7,NE,CM
bed,E2,CM
bed3,KU,CM
belili,ALAN,CM
ber2,UD,CM
ber6,ŠA3×U+A,CM
ber7,ŠA3×A,CM
bet,E2,CM
bet3,KU,CM
beš12,UD,CM
bi,BI,CM
bi2,NE,CM
bi3,PI,CM
bi4,BAD,CM
bi5,NE@s,CM
bi6,BA,CM
bi7,KU,CM
bi9?,HI×NUN,CM
bibad,ŠE.HU.TUR,CM
bibe,ŠE.HU.TUR,CM
bibra,HUL2,CM
bibri,HUL2,CM
bid,E2,CM
bid2,BAD,CM
bid3,KU,CM
big,SIG,CM
bik,SIG,CM
bil,NE,CM
bil2,NE@s,CM
bil3,GIŠ.NE@s,CM
bil4,GIŠ.NE,CM
bila,NE,CM
bili,NE,CM
billuda,PA.AN,CM
billudu,PA.AN,CM
biltu,GU2.UN,CM
biluda,PA.AN,CM
bilx(EDIN),EDIN,CM
bin,APIN,CM
bir,HI×ŠE,CM
bir2,UD,CM
bir3?,ERIN2,CM
bir4,EDIN,CM
bir5,NAM,CM
bir6,ŠA3×U+A,CM
bir7,ŠA3×A,CM
bir8,A.SUD,CM
bir9,NE,CM
birdu,KAL.EDIN,CM
biri,HI×ŠE,CM
birx(|ŠIM×GAR|),ŠIM×GAR,CM
bis2,HA@g,CM
bisag,GA2,CM
bisag2,ŠID,CM
bisag3,ŠID×A,CM
bisagx(|GA2×GI|),GA2×GI,CM
bisan,GA2,CM
bisan2,ŠID,CM
bisan3,ŠID×A,CM
bisanx(|GA2×GI|),GA2×GI,CM
bisaĝ,GA2,CM
bisaĝ2,ŠID,CM
bisaĝ3,ŠID×A,CM
bit,E2,CM
bit3,KU,CM
bix(NAM),NAM,CM
biz,BI,CM
bizeg3,ŠID×A,CM
bizem3,ŠID×A,CM
biš,HA@g,CM
bišeba,LUGAL,CM
bišeba3?,GUD&GUD.LUGAL,CM
bišebi,LUGAL,CM
bišebi3?,GUD&GUD.LUGAL,CM
biţ,E2,CM
bu,BU,CM
bu10,PAP.PAP,CM
bu11,U2,CM
bu12,U,CM
bu13,KA×IM,CM
bu14,LAGAB×SUM,CM
bu15,PAD,CM
bu2,KASKAL,CM
bu3,KA×GAN2@t,CM
bu4,LAGAB×U,CM
bu5,LAGAB×U+U+U,CM
bu5-bu5,LAGAB×U+U+U.LAGAB×U+U+U,CM
bu6,LAGAB×U,CM
bu7,KU,CM
bu8,BUR2,CM
bu9?,BULUG,CM
bubbu,LAGAB×U+U+U.LAGAB×U+U+U,CM
bubbur,BUR2.BUR2,CM
bube,KU7,CM
bubux(|LAGAB×U+U+U.LAGAB×U+U+U|),LAGAB×U+U+U.LAGAB×U+U+U,CM
bugin,LAGAB×A,CM
bugin2,LAGAB×GAR,CM
bugin3?,LAGAB×ME,CM
bugin4,LAGAB×U+A,CM
buglu,ŠA3.GI,CM
buh,LUL,CM
buhx(|KA×IM|),KA×IM,CM
buk,MUG,CM
bul,LAGAB×U+U+U,CM
bul2,BUR2,CM
bul3,BAL,CM
bul4?,KA×IM,CM
bul5,LAGAB×SUM,CM
bula,KU.NU,CM
bulug,BULUG,CM
bulug2,BUR2,CM
bulug3,PAP.PAP,CM
bulug4,NAGAR,CM
bulug5,BALAG,CM
buluh,HAL,CM
bulunx(BALAG),BALAG,CM
bulunx(|PAP.PAP|),PAP.PAP,CM
buluĝ,BULUG,CM
buluĝ3,PAP.PAP,CM
buluĝ5,BALAG,CM
bulx(KU),KU,CM
bum,KA×GAN2@t,CM
bum2,BALAG,CM
bun,LAGAB×IM,CM
bun2,KA×IM,CM
bunga,UŠ.GA,CM
bungu,UŠ.GA,CM
bunig3?,LAGAB×HAL,CM
bunin,LAGAB×A,CM
bunin2,LAGAB×GAR,CM
bunin3?,LAGAB×ME,CM
bunin4,LAGAB×U+A,CM
buninx(|A.LAGAB×A|),A.LAGAB×A,CM
buniĝ,LAGAB×A,CM
buniĝ2,LAGAB×GAR,CM
buniĝ3?,LAGAB×HAL,CM
buniĝx(A),A,CM
buniĝx(|A.LAGAB×A|),A.LAGAB×A,CM
bunx(|URU×IM|),URU×IM,CM
bur,BUR,CM
bur'ux(|U×KASKAL|),U×KASKAL,CM
bur10,LAGAB×U+U+U,CM
bur11,KI.EN.KAK,CM
bur12,BU,CM
bur13,PAP.PAP,CM
bur14,EN×GAN2@t,CM
bur2,BUR2,CM
bur3,U,CM
bur4,NU11.BUR,CM
bur5,HU.ŠE.ERIN2,CM
bur6,KISAL,CM
bur7,GURUN,CM
bur8,HAL,CM
buranun,UD.GIŠ%GIŠ.NUN,CM
buranuna,UD.GIŠ%GIŠ.NUN,CM
buranunu,UD.GIŠ%GIŠ.NUN,CM
buru,BUR,CM
buru11,KI.EN.KAK,CM
buru14,EN×GAN2@t,CM
buru15,NU11.IR,CM
buru16,LAGAB×SUM,CM
buru2,BUR2,CM
buru3,U,CM
buru4,NU11.BUR,CM
buru5,NAM@n,CM
buru6,KID,CM
buru7,GURUN,CM
buru8,HAL,CM
buru9,IDIM&IDIM.BUR,CM
burudx(U),U,CM
buruh,HAL,CM
burumx(|IGI.ERIN2|),IGI.ERIN2,CM
burunun,UD.GIŠ%GIŠ.NUN,CM
burununa,UD.GIŠ%GIŠ.NUN,CM
burux(GAN2),GAN2,CM
burux(HU),HU,CM
burux(|BAD.IGI.BAD|),BAD.IGI.BAD,CM
burux(|IDIM&IDIM×4|),IDIM&IDIM×4,CM
burux(|IDIM×4|),IDIM×4,CM
burux(|IGI.ERIN2|),IGI.ERIN2,CM
burux(|LAGAB×4|),LAGAB×4,CM
burux(|LAGAB×U+U+U|),LAGAB×U+U+U,CM
burux(|TAB×4|),TAB×4,CM
burx(A),A,CM
burx(|BAD.IGI.BAD|),BAD.IGI.BAD,CM
burx(|IDIM&IDIM.BUR|),IDIM&IDIM.BUR,CM
burx(|IDIM&IDIM×4|),IDIM&IDIM×4,CM
burx(|IDIM×4|),IDIM×4,CM
burx(|KA×GAN2@t|),KA×GAN2@t,CM
burx(|KA×ŠU|),KA×ŠU,CM
burx(|TAB×4|),TAB×4,CM
bute,ZAG,CM
buti,ZAG,CM
butu,ZAG,CM
bux(KA),KA,CM
bux(NI),NI,CM
bux(PI),PI,CM
buzur,U,CM
buzur2,U.U,CM
buzur3,U.ZAG,CM
buzur4,KA×GAN2@t.ŠA,CM
buzur5,KA×GAN2@t,CM
buš,KASKAL,CM
buš2,HA@g,CM
bītu,E2,CM
būdu,ZAG.HA,CM
d,AN,CM
da,DA,CM
da10,HI,CM
da11?,IG,CM
da12,KA,CM
da13,TAK4,CM
da2,TA,CM
da3,KAK,CM
da4,DAM,CM
da5,URUDA,CM
da6,TAG,CM
da7,UD,CM
da8,DAG,CM
da9,UMUM×KASKAL,CM
dab,DIB,CM
dab2,TAB,CM
dab3,HI,CM
dab4,DUB,CM
dab5,KU,CM
dab6,URUDA,CM
daba,DIB,CM
daba5,KU,CM
daban,KU7,CM
dabax(NUN),NUN,CM
dabašin,KU7,CM
dabda2,BAD.BAD,CM
dabda?,IGI.IGI,CM
dabe,DIB,CM
dabin,EŠ2.ŠE,CM
dabx(NUN),NUN,CM
dabx(|LAGAB×GUD|),LAGAB×GUD,CM
dad,TAK4,CM
dadag,UD.UD,CM
dadda,TAK4.TAK4,CM
dadrum?,LUGAL&LUGAL,CM
dag,DAG,CM
dag2,UD,CM
dag3,NI.UD,CM
dag4?,KISAL,CM
dag5,KA,CM
dagal,GA2×AN,CM
dagala,GA2×AN,CM
dagan?,KI.URU×MIN,CM
daggan?,KI.URU×MIN,CM
dagrim,LAGAB×KU3,CM
dagrin,LAGAB×KU3,CM
dagx(|GA2×U|),GA2×U,CM
dagx?(|E2×BAD|),E2×BAD,CM
dah,MU&MU,CM
dak,DAG,CM
dak3,NI.UD,CM
dakan,KI.URU×MIN,CM
dal,RI,CM
dal2?,MAŠ.GU2.GAR3,CM
dal3,AŠ,CM
dala,RI,CM
dala2,IGI.KAK,CM
dalhamun,IM.ŠITA,CM
dalhamun2,EN%EN,CM
dalhamun3,EN%EN.IM%IM,CM
dalhamun4,AN+NAGA×4,CM
dalhamun5,AN+NAGA@AN+NAGA,CM
dalhamun6,IM%IM,CM
dalhamun7,NAGA@NAGA,CM
dalhamunx(AN),AN,CM
dalhamunx(IM),IM,CM
dalhamunx(|IM@IM|),IM@IM,CM
dalla,MAŠ.GU2.GAR3,CM
dalla2,IGI.KAK,CM
dallax(|GU2.GAR3|),GU2.GAR3,CM
dalx(HU),HU,CM
dam,DAM,CM
dam2,UD,CM
dam3,TUM,CM
dama,DAM,CM
damal,GA2×AN,CM
damu,TUR,CM
damu2,IGI,CM
dan,KAL,CM
dan2,GA2×ME+EN,CM
dan3,GA2×TAK4,CM
dan4,GA2×GAN2@t,CM
dan5?,DIN,CM
dan6,UŠ×TAK4,CM
dan7,GA2×DA,CM
dana,KASKAL.BU,CM
dana2,KASKAL,CM
dana3,KAL,CM
danna,KASKAL.BU,CM
danna2,KASKAL,CM
dannu,KAL,CM
dap,DIB,CM
dap2,TAB,CM
dapa2,TAB,CM
dapar,GUD,CM
dapara,GUD,CM
daparax(|LU2.EN|),LU2.EN,CM
daparax(|LU2.LU2.LU2.LU2|),LU2.LU2.LU2.LU2,CM
daparu,LU2.ME.EN,CM
daq,DAG,CM
daq3,NI.UD,CM
dar,DAR,CM
dar2,IB,CM
dar3,DARA3,CM
dar4,DARA4,CM
dar6,TAR,CM
dara2,IB,CM
dara3,DARA3,CM
dara4,DARA4,CM
dara5,GIŠ%GIŠ,CM
daramx(NA2),NA2,CM
darax?(|KU.GIŠ%GIŠ|),KU.GIŠ%GIŠ,CM
darengal,UD.NUN,CM
dari2,IB,CM
dari5,GIŠ%GIŠ,CM
darix?(|KU.GIŠ%GIŠ|),KU.GIŠ%GIŠ,CM
daru2,IB,CM
daru5,GIŠ%GIŠ,CM
darum2,IB,CM
darux?(|KU.GIŠ%GIŠ|),KU.GIŠ%GIŠ,CM
das,UR,CM
dat,TAK4,CM
dax(DAR),DAR,CM
dax(PI),PI,CM
daĝal,GA2×AN,CM
daĝalx(|GA2×LA|),GA2×LA,CM
daš,UR,CM
daš2,DIŠ,CM
daš3,AŠ2,CM
daš4?,DAR,CM
de,DI,CM
de2,UMUM×KASKAL,CM
de3,NE,CM
de4,TE,CM
de5,RI,CM
de6,DU,CM
de8,HI,CM
de9,TI,CM
deb,DIB,CM
deb2,KU,CM
degx(RI),RI,CM
deh,DUB,CM
deh2,UM,CM
deh3,NIM,CM
dehi,DUB,CM
dehi2,UM,CM
dehi3,NIM,CM
dehi4,IDIM,CM
del,AŠ,CM
del2,LIŠ,CM
del4,AŠ@z,CM
dele,AŠ,CM
dele4,AŠ@z,CM
delen,LAGAB×IM,CM
delen2,ŠU.LAGAB.NA,CM
delen3,LAGAB×GAR,CM
delena,LAGAB×IM,CM
delena2,ŠU.LAGAB.NA,CM
delena3,LAGAB×GAR,CM
deli,AŠ,CM
dellu,MA2.MUG,CM
dellux?(|MA2.KAK|),MA2.KAK,CM
delmun,NI.TUK,CM
dem2,DIM2,CM
dema,KA.HI,CM
demma,KA.HI,CM
demmu,KA.HI,CM
demu,KA.HI,CM
den,DIN,CM
dergul,MA2.MUG,CM
dex(NI),NI,CM
dex(|UMUM×PA|),UMUM×PA,CM
dex-dex(|TUR.TUR|),TUR.TUR,CM
deš,DIŠ,CM
deš2,AŠ,CM
deš3,UR,CM
deš4?,ME,CM
deš5,AŠ@z,CM
deššu,AŠ2,CM
di,DI,CM
di11,DIM,CM
di12,TE,CM
di2,HI,CM
di3,TI,CM
di4,TUR,CM
di4-di4,TUR.TUR,CM
di5,RI,CM
di6,DU,CM
di7,NE,CM
di8,UMUM×KASKAL,CM
di[...]ig,IM,CM
dib,DIB,CM
dib2,KU,CM
dib5,LAGAB×GUD,CM
dibi,DIB,CM
dibira,DUB.NAGAR,CM
dibur,AN,CM
dibx(|LAGAB×GUD+GUD|),LAGAB×GUD+GUD,CM
dibx(|SIK2.AŠ|),SIK2.AŠ,CM
did?,IM,CM
dida,BI.U2.SA,CM
dida2,UŠ.SA,CM
didala?,ŠA3,CM
didalx(NE),NE,CM
didanu,PIRIG.PIRIG,CM
didanum,PIRIG.PIRIG,CM
didax(|U2.SA|),U2.SA,CM
didli,AŠ.AŠ,CM
didnu,PIRIG.PIRIG,CM
didnum,PIRIG.PIRIG,CM
dig,NI,CM
digbir,KI.NE.AN.MUŠ3,CM
digi,NI,CM
digir,AN,CM
dih,DUB,CM
dih2,UM,CM
dih3,NIM,CM
dihi,BAD,CM
dihi2,UM,CM
dihi3,NIM,CM
dik,NI,CM
dil,AŠ,CM
dil4,AŠ@z,CM
dili,AŠ,CM
dili2,LIŠ,CM
dili4,AŠ@z,CM
dilib,ŠID,CM
dilib2,KA×ŠID,CM
dilib3,SAG×ŠID,CM
dilib4,SAG×NUN,CM
dilib5,SAG×UŠ,CM
dilib6,SAG×SAL,CM
dilim,LAGAB×IM,CM
dilim2,LIŠ,CM
dilim3,LAGAB×IM,CM
dilim4,ŠU.LAGAB.NA,CM
dilim5,LAGAB×GAR,CM
dilin,LAGAB×IM,CM
dilin2,ŠU.LAGAB.NA,CM
dilin3,LAGAB×GAR,CM
dilina,LAGAB×IM,CM
dilina2,ŠU.LAGAB.NA,CM
dilina3,LAGAB×GAR,CM
dilmun,NI.TUK,CM
dilmuna,NI.TUK,CM
dilmunx(|SAL.TUK|),SAL.TUK,CM
dilur,MA2.MUG,CM
dilurx(|MA2.KAK|),MA2.KAK,CM
dilx(SAG@g),SAG@g,CM
dim,DIM,CM
dim10,RAB.HI×BAD,CM
dim11,LUGAL.HI×BAD,CM
dim12,ŠID,CM
dim13,BU,CM
dim2,DIM2,CM
dim3,LUGAL@s,CM
dim4,PAP.PAP,CM
dim5,DUB2,CM
dim6?,UMUM×KASKAL,CM
dim7,BAD,CM
dim8,RAB.GAN,CM
dim9,LUGAL.GAN,CM
dima,KA.HI,CM
dima2,DIM2,CM
dimer,AN,CM
dimgul,MA2.MUG,CM
dimir,AN,CM
dimma,KA.HI,CM
dimmer,AN,CM
dimmu,KA.HI,CM
dimmuš,U2.GIŠ.MI,CM
dimmušx?(|GIŠ.MI|),GIŠ.MI,CM
dimna,U.GA,CM
dimsar,IGI&IGI.ŠIR&ŠIR.UD&UD,CM
dimu,KA.HI,CM
dimuš,U2.GIŠ.MI,CM
dimx(LU2@s),LU2@s,CM
dimx(|LUGAL.GAM|),LUGAL.GAM,CM
din,DIN,CM
din-tir,DIN.ŠE.NUN&NUN,CM
diner,AN,CM
dingir,AN,CM
dingira,AN,CM
dini,DIN,CM
dinig,KI.NE,CM
dinig2,LU2×ME+EN,CM
dinig3,LU2×LAGAB,CM
dinir,AN,CM
dinx(EDIN),EDIN,CM
dip,DIB,CM
dipar,GUD,CM
diq,NI,CM
dir,SI.A,CM
dir2,DAR,CM
dir3,AN,CM
dir4,ŠE.NUN&NUN,CM
dirgul,MA2.MUG,CM
dirgulx(|MA2.KAK|),MA2.KAK,CM
diri,SI.A,CM
diri2?,IB,CM
dirig,SI.A,CM
disgur,AMAR×ŠE,CM
dix(DA),DA,CM
dix(DIB),DIB,CM
dix(DIM2),DIM2,CM
diĝir,AN,CM
diš,DIŠ,CM
diš2,AŠ,CM
diš4?,ME,CM
diša,DIŠ,CM
du,DU,CM
du10,HI,CM
du11,KA,CM
du12,TUK,CM
du13,TUR,CM
du13-du13,TUR.TUR,CM
du14,LU2×NE,CM
du15,HI×BAD,CM
du16,UD×U+U+U,CM
du17?,NE,CM
du19?,UMUM×KASKAL,CM
du2,TU,CM
du20,DA,CM
du24,DUN,CM
du25,ANŠE.ARAD,CM
du26,SI.A,CM
du3,KAK,CM
du4,TUM,CM
du5,DUN3,CM
du6,LAGAR@g,CM
du7,U.GUD,CM
du8,GABA,CM
du9,BUR2,CM
dub,DUB,CM
dub2,DUB2,CM
dub3,HI,CM
duba,DUB,CM
duba2,DUB2,CM
dubad,KI.KAL,CM
dubal,AL×KAD3,CM
dubal2,AL×KI,CM
dubal3,LU2×KAD2,CM
dubal4,LU2×KAD3,CM
dubal5,LU2×AL,CM
dubal6,LU2×KI,CM
dubal7,LU2×TUG2,CM
dubba,DUB,CM
dubu,DUB,CM
dubu2,DUB2,CM
dubul,ŠU.BU,CM
dubur,HI×ŠE,CM
dubur2,HI×U,CM
dubx(|NE.SI.A|),NE.SI.A,CM
dubx?(MES),MES,CM
dud,PA.UZU,CM
dud2,TU,CM
duda,PA.UZU,CM
dudda,GABA,CM
duddu,TUK.TUK,CM
dudu,KI.IB,CM
dudux(|PA.UZU|),PA.UZU,CM
dug,DUG,CM
dug3,HI,CM
dug4,KA,CM
dug5,DUN3,CM
duga3,HI×NUN,CM
duga4,KA,CM
dugax(LUL),LUL,CM
dugin,EZEN×DUN3@g,CM
dugin2,EZEN×DUN3@g@g,CM
dugina,EZEN×DUN3@g,CM
dugina2,EZEN×DUN3@g@g,CM
dugu,HI,CM
dugud,DUGUD,CM
dugud2?,MI,CM
duguda,DUGUD,CM
dugux(DUGUD),DUGUD,CM
dugx(BI),BI,CM
dugx(|ŠEŠ.IB|),ŠEŠ.IB,CM
duh,GABA,CM
duk,DUG,CM
duk2,TUK,CM
duka,DUG,CM
dukudx(DUGUD),DUGUD,CM
dul,U.TUG2,CM
dul10,BU,CM
dul2,LAGAB×U,CM
dul3,SAG@g,CM
dul4,DUN4,CM
dul5,TUG2,CM
dul6,LAGAR@g,CM
dul7,SAG,CM
dul8,DIB,CM
dul9,UR@s,CM
dullux(|HA.NAGAR.BU|),HA.NAGAR.BU,CM
dulu,ŠU.BU,CM
dulx(DU),DU,CM
dulx(DUN3),DUN3,CM
dulx(UR),UR,CM
dulx(|UR×A|),UR×A,CM
dum,TUM,CM
dum3?,DAM,CM
dum4,DIM,CM
dumgal,ŠIM×A,CM
dumu,TUR,CM
dumu-gi7,TUR.EŠ2,CM
dumx(TUR),TUR,CM
dun,DUN,CM
dun3,DUN3,CM
dun4,DUN4,CM
dun5,BUR2,CM
dun6,KAL,CM
duna,DUN,CM
dunda,PA.UZU,CM
dunga,SAG,CM
dunga2,LUL,CM
dungax(|IM.SI.A|),IM.SI.A,CM
dungu,IM.SI.A,CM
dunx(|KA×KID|),KA×KID,CM
dunx(|KA×SA|),KA×SA,CM
dup,DUB,CM
dup2,DUB2,CM
dupsik,IL2,CM
duq,DUG,CM
dur,GU2×KAK,CM
dur10,ŠEN,CM
dur11,TU,CM
dur2,DUR2,CM
dur3,ANŠE.ARAD,CM
dur4,GIŠ%GIŠ,CM
dur5,A,CM
dur6,PA,CM
dur7?,BU,CM
dur8,EZEN×BAD,CM
dur9,DUN,CM
durah,DARA3,CM
durahx(DARA4),DARA4,CM
durba,MA@g,CM
durgul,MA2.MUG,CM
duri?,NU11,CM
durix(|KA×UŠ|),KA×UŠ,CM
durme,SAG.EZEN,CM
duru2,DUR2,CM
duru3,ANŠE.ARAD,CM
duru4,GIŠ%GIŠ,CM
duru5,A,CM
duru6?,PA,CM
duru9,DUN,CM
durum,EZEN×BAD,CM
durum2,DUR2,CM
durum4,GIŠ%GIŠ,CM
durun,DUR2,CM
durun3,ŠU.LAGAB.NA,CM
duruna,DUR2,CM
duruna2,LAGAB×IM,CM
duruna3,ŠU.LAGAB.NA,CM
duruna4,LAGAB×GAR,CM
durunax(|KU.KU|),KU.KU,CM
durungal,UD.NUN,CM
durunx(|KU.KU|),KU.KU,CM
durunx(|ŠU.GAN2@t|),ŠU.GAN2@t,CM
durux?(|KU.GIŠ%GIŠ|),KU.GIŠ%GIŠ,CM
durx(|ARAD.ANŠE|),ARAD.ANŠE,CM
dusi,IL2,CM
dusi2,ANŠE.IGI.EŠ2,CM
dussa2,ANŠE.IGI.EŠ2,CM
dussu,IL2,CM
dusu,IL2,CM
dusu2,ANŠE.IGI.EŠ2,CM
dusux(|ANŠE.IGI.DIB|),ANŠE.IGI.DIB,CM
duttu,TUK.TUK,CM
dux(HUB2),HUB2,CM
dux(LU2),LU2,CM
dux(|ŠEŠ.IB|),ŠEŠ.IB,CM
dux?(DI),DI,CM
duš,KU,CM
duš2,DIŠ,CM
duţu,KA.KA,CM
dūru,EZEN×BAD.AN,CM
e,E,CM
e',ALEPH,CM
e'2?,HI×NUN,CM
e'3,E2,CM
e'ella,GA2×EL+LA,CM
e'i,E2.A,CM
e'u,E2.A,CM
e10,NAGAR,CM
e11,LAGAR@g.DU,CM
e12,LAGAR@g.DU@s,CM
e13?,SAL.KU,CM
e2,E2,CM
e2-gar6,E2.NUN,CM
e3,UD.DU,CM
e4,A,CM
e5,SAL.TUG2,CM
e6,SU&SU,CM
e6-a,SU&SU.A,CM
e7,KA,CM
e8,UD,CM
ea,A,CM
eazag?,GA2×KU3+AN,CM
eb,IB,CM
eb2,TUM,CM
ebeh,EN.TI,CM
ebih,EN.TI,CM
ebih2,EŠ2.MAH,CM
ebir,DUG,CM
ebir3,A,CM
ebir4,GA,CM
ebirx(BI),BI,CM
ebla,A.TAR.A.AN,CM
ebur,EN×GAN2@t,CM
eburra?,GA2×BAR+RA,CM
eburux(|EN×GAN2@t|),EN×GAN2@t,CM
ed,A2,CM
ed2,UD.DU,CM
ed3,LAGAR@g.DU,CM
ed4,LAGAR@g.DU@s,CM
edakua,GA2×A+DA+HA,CM
edakua2,LAGAB×A+DA+HA,CM
edakuax(|E2×A+HA+DA|),E2×A+HA+DA,CM
edakuax(|GA2×A+HA|),GA2×A+HA,CM
edamu,A.TUR,CM
edax(|UD.DU|),UD.DU,CM
eden,EDIN,CM
edena,EDIN,CM
edi,GA2×DI,CM
edim?,BAD,CM
edimx(EDIN),EDIN,CM
edin,EDIN,CM
edina,EDIN,CM
edur,A×A,CM
eduru,A×A,CM
edurux(|E2.A|),E2.A,CM
eg,IG,CM
eg2,E,CM
eg3,NINDA2×NE,CM
ega,A.MI.A,CM
ega2,NUN%NUN.LAGAR&LAGAR,CM
egar,E2.SIG4,CM
egara,GA2×GAR,CM
egarax(|E2×GAR|),E2×GAR,CM
ege,EŠ2,CM
ege2,SAL.EŠ2,CM
eger,EGIR,CM
eger2,EŠ2,CM
eger3,SAL.EŠ2,CM
eger4,TUM,CM
egera,EGIR,CM
egi,EŠ2,CM
egi2,SAL.EŠ2,CM
egia,GA2×GI4,CM
egir,EGIR,CM
egir2,EŠ2,CM
egir3,SAL.EŠ2,CM
egir4,TUM,CM
egir5,LUM,CM
egir6?,SIG4,CM
egirsu,GA2×GIR2+SU,CM
eh,HI×NUN,CM
eh2,ALEPH,CM
eh3,KU.KU,CM
ehalla,GA2×HAL+LA,CM
ehe,A2.UD.DU,CM
ehehhe,KU.KU.KU,CM
ehi,A2.UD.DU,CM
ehili,GA2×HI+LI,CM
ehx(|KU.KU.KU|),KU.KU.KU,CM
ek,IG,CM
eki,E,CM
el,EL,CM
el2,IL,CM
el3,AN,CM
el4,IL×GAN2@t,CM
ela,A.KAL,CM
elal,ŠID×A,CM
elal2,ŠID,CM
elam,NIM,CM
elama,NIM,CM
elamkuš,LAGAB×IM,CM
elamkuš2,LAGAB×LU,CM
elamkuš3,LAGAB×HA,CM
elamkuš4,LAGAB×A,CM
elamkušx(|LAGAB×IM+LU|),LAGAB×IM+LU,CM
elamu,NIM,CM
ele,U.KA,CM
ele2,EL,CM
eli,U.KA,CM
elilla,GA2×KID+LAL,CM
ella,A.KAL,CM
ella2,LAGAB,CM
ellag,LAGAB,CM
ellag2,HI×ŠE,CM
ellamkuš,LAGAB×IM,CM
ellamkuš2,LAGAB×LU,CM
ellamkuš3,LAGAB×HA,CM
ellamkuš4,LAGAB×A,CM
ellamkušx(|LAGAB×GAR|),LAGAB×GAR,CM
ellamkušx(|LAGAB×IM+HA|),LAGAB×IM+HA,CM
ellamkušx(|LAGAB×IM+LU|),LAGAB×IM+LU,CM
ellamx(|HI×ŠE|),HI×ŠE,CM
ellandu,SA.HI×ŠE.KAK,CM
ellat,KASKAL.KUR,CM
ellaĝ,LAGAB,CM
ellaĝ2,HI×ŠE,CM
ellil,EN.KID,CM
em,IM,CM
em3,NINDA2×NE,CM
em4,KA×ME,CM
emaš,MAŠ.X,CM
eme,KA×ME,CM
eme2,UM.ME,CM
eme3,SAL.ANŠE,CM
eme4,GA2×AN,CM
eme4-du2,GA2×AN.TU,CM
eme4-e4-du2,GA2×AN.A.TU,CM
eme5,SAL.HUB2,CM
eme6,ANŠE.SAL,CM
eme7,SAL.AL,CM
eme8,GA2×SAL,CM
emeda,UM.ME,CM
emeda3,UM×ME+DA,CM
emedu,GA2×AN.TU,CM
emedu2,GA2×AN.A.TU,CM
emedub,GA2×DUB,CM
emedub2,GA2×ŠID,CM
emengi,KA×ME+GI,CM
emerah,SAL.HUB2,CM
emerahx(|UD.SAL.HUB2|),UD.SAL.HUB2,CM
emesig,KA×SIG,CM
emex(KA),KA,CM
emex(|E2×SAL|),E2×SAL,CM
emex(|KA×GIR2|),KA×GIR2,CM
emex(|SAL.EN|),SAL.EN,CM
emex-gir2(|KA×GIR2|),KA×GIR2,CM
emezi,SAL.LAGAR,CM
emezix(|SAL.LAGAB|),SAL.LAGAB,CM
emeš,SAL.LAGAR,CM
emeš2,NE×UD,CM
emma,KA×UD,CM
emma2,KA×A,CM
emmen,KA×UD,CM
emmen2,KA×A,CM
emmin,KA×UD,CM
emmin2,KA×A,CM
emuš,A×MUŠ,CM
emx(A),A,CM
en,EN,CM
en-lil2,EN.KID,CM
en2,ŠU2.AN,CM
en3,LI,CM
en4,KA,CM
en5,PA.TE,CM
en6,IN,CM
en7,ZAG,CM
en8,ŠA,CM
ena,EN,CM
enaqa,NI.UD.IM,CM
enbir,LU2@LU2,CM
endib,EN.ME.MU,CM
endibdim,HI×AŠ2,CM
endub,EN.ME.MU,CM
endur,PA,CM
enegir,IM,CM
enegir3,EN.DIM2.GIG,CM
enem,KA,CM
engar,APIN,CM
engara,APIN,CM
engarx(|KI.KA.LU2|),KI.KA.LU2,CM
engiz,EN.ME.GI,CM
engiz2,EN×ME.GI,CM
engizx(|EN.GI|),EN.GI,CM
engur,LAGAB×HAL,CM
engurx(|LAGAB×A|),LAGAB×A,CM
eni,EN,CM
enigin,A.LAGAB.LAGAB,CM
enim,KA,CM
enim2,NIM,CM
enkar,EN×GAN2@t,CM
enkara,EN×GAN2@t,CM
enku,ZAG.HA,CM
enkud,ZAG.HA,CM
enkum,EN.PAP.IGI@g.NUN.ME.EZEN×KASKAL,CM
enkux(|HA.ZAG|),HA.ZAG,CM
enme,EN×ME,CM
enmen,KA×UD,CM
enmen2,KA×A,CM
enna,NI.UD.EN,CM
ennigi2,EN.NUNUZ.DIM2,CM
ennin,MUŠ3,CM
ensag,PA.TE.SI,CM
ensi,EN.ME.LI,CM
ensi2,PA.TE.SI,CM
ensi3,EN×ME,CM
ensik,PA.TE.SI,CM
ensix(|GAR.PA.TE.SI|),GAR.PA.TE.SI,CM
ensix(|PA.TE.SI.GAR|),PA.TE.SI.GAR,CM
enten,NE×A,CM
entena,NE×A,CM
enu,EN,CM
enx(|NE.GI|),NE.GI,CM
enšab,NU11,CM
enšada,PA.TUG2,CM
enšadu,PA.TUG2,CM
ep,IB,CM
ep2,TUM,CM
epig,SIG,CM
epig2?,DUG,CM
epir,DUG,CM
epir2,BI,CM
epir3,A,CM
epir4,GA,CM
eq,IG,CM
eqlu,GAN2,CM
er,IR,CM
er10?,DU,CM
er13,LU2×EŠ2@t,CM
er2,A.IGI,CM
er3,ARAD,CM
er4,URU,CM
er6,A×IGI,CM
er9,GIR3,CM
era2,A.IGI,CM
era3?,GA2×ME+EN,CM
era4?,GA2×PA,CM
era?,ARAD.RA,CM
erad?,ARAD,CM
erarimx(|URU×UD|),URU×UD,CM
erba,LIMMU2,CM
erbura,TAK4,CM
ere,URU,CM
ere14,IR,CM
erem,ERIN2,CM
eren,EREN,CM
eren2,ERIN2,CM
eren8,UR2×HA,CM
erena,EREN,CM
erena2,ERIN2,CM
erex(|LU2×EŠ2|),LU2×EŠ2,CM
erex(|LU2×ŠU|),LU2×ŠU,CM
ereš,SAL.TUG2,CM
ereš2,NAGA,CM
ereš3,IR,CM
ereš4,APIN,CM
ereš5,GAL.AN.ZU,CM
erešu,IR,CM
eri,URU,CM
eri11,AB@g,CM
eri12,AB,CM
eri13,LU2×EŠ2@t,CM
eri14,IR,CM
eri15?,GA2×ME+EN,CM
eri16?,GA2×PA,CM
eri3,ARAD,CM
erib,AŠGAB,CM
eribura,NUN%NUN,CM
eribx(|A.EDIN|),A.EDIN,CM
eribx(|SAL.UD|),SAL.UD,CM
erida,NUN,CM
erida2,PA.ŠA6,CM
eridu,NUN,CM
eridug,NUN,CM
eriduga,NUN,CM
erigal,AB×GAL,CM
erim,ERIN2,CM
erim2,NE.RU,CM
erim3,URU×GAR,CM
erim4,GA2×UD,CM
erim5,AB@g,CM
erim6,URU×UD,CM
erim7,UR2×HA,CM
erima2,NE.RU,CM
erimmax(|URU×GAR|),URU×GAR,CM
erimx(|AB×U+U+U|),AB×U+U+U,CM
erin,EREN,CM
erin2,ERIN2,CM
erin3,URU×GAR,CM
erin4,GA2×UD,CM
erin5,AB@g,CM
erin6,URU×UD,CM
erin7,NE.RU,CM
erin9,UR2×HA,CM
erina,EREN,CM
erina2,ERIN2,CM
erina8,MUŠ%MUŠ.A.NA,CM
erix(|MAŠ.X|),MAŠ.X,CM
erix(|URU×UD|),URU×UD,CM
eriš,SAL.TUG2,CM
eriš2,NAGA,CM
eriš4,APIN,CM
eriš6,HI×BAD,CM
eriš7,KAM2,CM
erištix(|GAL.ZU|),GAL.ZU,CM
eru,ARAD,CM
eru2,SAG.SAL,CM
eru3,SAG×SAL,CM
eru4,A.EDIN,CM
eru5,EDIN,CM
erua,A.EDIN,CM
erua2,EDIN,CM
erum,ARAD,CM
erum2,SAG.SAL,CM
erum3,SAG×SAL,CM
erum4,A.EDIN,CM
erx(|DU.DU|),DU.DU,CM
erx(|LU2×EŠ2|),LU2×EŠ2,CM
erx(|LU2×ŠU|),LU2×ŠU,CM
erşetu,KI,CM
es,GIŠ,CM
es2,U.U.U,CM
es3,AB,CM
es5,IŠ,CM
esa3,AB,CM
esag,A×SAG,CM
esag2,GA2×ŠE,CM
esagtur,GA2×ŠE+TUR,CM
esagx(|E2.ŠE|),E2.ŠE,CM
esagx(|E2×ŠE|),E2×ŠE,CM
esaĝ,A×SAG,CM
esaĝ2,GA2×ŠE,CM
esaĝtur,GA2×ŠE+TUR,CM
esen,EZEN,CM
eseš,A.IGI,CM
esi,KAL,CM
esibir,GA2×EN×GAN2@t,CM
esig,KAL,CM
esikilla,GA2×EL+LA,CM
esin,EZEN,CM
esir,A.LAGAB×KUL,CM
esir2,LAGAB×KUL,CM
esir3,KAD5.KAD5,CM
esir4,GI%GI,CM
esir5,GI4%GI4,CM
esirha,LAGAB×KUL+HI+A,CM
esirhia,LAGAB×KUL+HI+A,CM
esirx(LAK171@s),LAK171@s,CM
esirx(|KAD5&KAD5|),KAD5&KAD5,CM
esiš3,A.IGI,CM
essad,ZAG.HA,CM
essadu,AB.HA.ZAG.GABA.HU,CM
et,A2,CM
etam,GA2×UD,CM
etutumx(|GA2×BAD|),GA2×BAD,CM
eurre,E2.KI.SUM.GA,CM
ew,PI,CM
ex(PI),PI,CM
ex(|LAGAB×HAL|),LAGAB×HAL,CM
ex(|LUGAL@LUGAL|),LUGAL@LUGAL,CM
ez,GIŠ,CM
ez3,AB,CM
eze,LU,CM
ezem,EZEN,CM
ezema,EZEN,CM
ezen,EZEN,CM
ezen4,EZEN×ŠE,CM
ezena,EZEN,CM
ezennax(|ŠE.ŠE.NUN&NUN|),ŠE.ŠE.NUN&NUN,CM
ezim2,ŠE.ŠE.NUN&NUN,CM
ezin,EZEN,CM
ezin2,ŠE.ŠE.NUN&NUN,CM
ezina2,ŠE.ŠE.NUN&NUN,CM
ezinax(|(ŠE.NUN&NUN)×TAK4|),(ŠE.NUN&NUN)×TAK4,CM
ezinu2,ŠE.ŠE.NUN&NUN,CM
ezinu3,ŠE.NUN&NUN,CM
ezinux(|(ŠE.NUN&NUN)×TAK4|),(ŠE.NUN&NUN)×TAK4,CM
ezinux(|GIŠ×TAK4|),GIŠ×TAK4,CM
ezix(|SAL.LAGAR|),SAL.LAGAR,CM
eĝ,IG,CM
eĝ3,NINDA2×NE,CM
eĝara,GA2×GAR,CM
eĝarax(|E2×GAR|),E2×GAR,CM
eĝer,EGIR,CM
eĝera,EGIR,CM
eĝir,EGIR,CM
eĝir5,LUM,CM
eĝir6?,MURGU2,CM
eş,GIŠ,CM
eş3,AB,CM
eš,U.U.U,CM
eš10,A,CM
eš11?,RI,CM
eš12,NE×UD,CM
eš13,NE×A,CM
eš14,EL,CM
eš15,IŠ,CM
eš16,AŠ&AŠ&AŠ,CM
eš17,ME.U.U.U,CM
eš18,AŠ,CM
eš19,GIŠ,CM
eš2,EŠ2,CM
eš20,AŠ,CM
eš21,TAB.AŠ,CM
eš22,LAM×KUR,CM
eš3,AB,CM
eš4,DIŠ,CM
eš5,DIŠ.DIŠ.DIŠ,CM
eš6,AŠ.AŠ.AŠ,CM
eš7,BAD,CM
eš8,KASKAL,CM
eš9,A.IGI,CM
eša,A.ŠE.NUN&NUN,CM
eša2,U.U.U,CM
eša3,AB,CM
eša5,DIŠ.DIŠ.DIŠ,CM
ešax(KAL),KAL,CM
ešda,ŠITA2,CM
ešda2,ŠITA.GIŠ.TUG2,CM
ešda3,ŠITA,CM
ešdax(KU7),KU7,CM
eše,U.U.U,CM
eše2,EŠ2,CM
eše3,IDIM,CM
eše4,A.ŠE.NUN&NUN,CM
ešela,LU2×EŠ2.LAL,CM
ešelal,LU2×EŠ2.LAL,CM
ešemen,KI.E.NE.DI,CM
ešemen2,KI.E.NE.DI.AN.MUŠ3,CM
ešemen3,EŠ2.HUL2,CM
ešemen4,AB×IMIN,CM
ešemen5,BI,CM
ešemin,KI.E.NE.DI,CM
ešemin2,KI.E.NE.DI.AN.MUŠ3,CM
ešemin3,EŠ2.HUL2,CM
ešemin4,AB×IMIN,CM
ešemin5,BI,CM
ešer,A.LAGAB×KUL,CM
ešex(AB),AB,CM
ešgal,AB×GAL,CM
ešgar,AŠ2.GAR3,CM
ešgarx(|U.EN×GAN2@t|),U.EN×GAN2@t,CM
ešgiri,U.EN×GAN2@t,CM
ešgiri2,EN×GAN2@t,CM
eškiri,U.EN×GAN2@t,CM
eškiri2,EN×GAN2@t,CM
ešlug,LU2×LAGAB,CM
ešqa,KU7,CM
ešsad,ZAG.HA,CM
ešsadu,AB.HA.ZAG.GABA.HU,CM
eštax(|ŠITA.GIŠ.TUG2|),ŠITA.GIŠ.TUG2,CM
eštub,GUD,CM
ešux(|LAM×KUR|),LAM×KUR,CM
ešx(LAM),LAM,CM
ešša2?,ŠU2,CM
ešša3?,GI,CM
eššaba,DIC.DIC.DIC.U.U,CM
eššad,ZAG.HA,CM
eššana,DIC.DIC.DIC.U.U,CM
eššeb,KI.IB,CM
eššu2,AN,CM
eţ,A2,CM
eţlu,KAL,CM
eţutu,GA2×BAD,CM
f,SAL,CM
ga,GA,CM
ga'azag?,GA2×KU3+AN,CM
ga-ša-an-an-na,MUŠ3,CM
ga11?,HI×AŠ2,CM
ga12?,MI,CM
ga14,KA,CM
ga15?,GABA,CM
ga2,GA2,CM
ga3?,GAN2,CM
ga4,GAR,CM
ga5,SILA3,CM
ga6,IL2,CM
ga7,IG,CM
ga8,GI4,CM
gab,GABA,CM
gab2,KAB,CM
gab3,KA×A,CM
gaba,GABA,CM
gaba2,KAB,CM
gabar,PA.DAG.KISIM5×KAK,CM
gabar2,DAG.KISIM5×KAK,CM
gabrax(|DA.UŠ|),DA.UŠ,CM
gabu2,KAB,CM
gaburra,GA2×BUR+RA,CM
gaburra?,GA2×BAR+RA,CM
gabux(|KAB.BU|),KAB.BU,CM
gad,GAD,CM
gada,GAD,CM
gadibdim,HI×AŠ2,CM
gadma,GUD,CM
gadu,GAD,CM
gadub,GA2×DUB,CM
gadx(LU3),LU3,CM
gaeš,GA.KASKAL,CM
gaeš2,KASKAL.GA,CM
gag,KAK,CM
gaga,GA2×IGI@g,CM
gagal,IG,CM
gagalam,GALAM.GALAM,CM
gagar,KI,CM
gagax(|NUN.LAGAR×GAR|),NUN.LAGAR×GAR,CM
gagazu?,GAL.ZU,CM
gaggim,MUG,CM
gagi,GA2×GI4,CM
gagi2,GA2×GI,CM
gagia,GA2×GI4,CM
gagia2,GA2×GI,CM
gagig,GA2×MI,CM
gagigx(|E2×MI|),E2×MI,CM
gagim,MUG,CM
gagirsu,GA2×GIR2+SU,CM
gagri?,GI4,CM
gagx(|ZA.GUL|),ZA.GUL,CM
gahalla,GA2×HAL+LA,CM
gahili,GA2×HI+LI,CM
gaiš,GA.KASKAL,CM
gaiš2,KASKAL.GA,CM
gak,KAK,CM
gakim,MUG,CM
gakişşu,GA2×AB2@t+TAB,CM
gakkul,U.DIM×ŠE,CM
gakkul2,DIM×ŠE,CM
gakkul3,U.DIM,CM
gal,GAL,CM
gal-di,GAL.DI,CM
gal-zu,GAL.ZU,CM
gal10,LU2.DIŠ,CM
gal2,IG,CM
gal3?,URU×MIN,CM
gal4,SAL,CM
gal4-la,SAL.LA,CM
gal5,TE,CM
gal5-la,TE.LAL,CM
gal8,UD,CM
gal9,KAL,CM
gala,UŠ.KU,CM
gala10,LU2.DIŠ,CM
gala11,LAGAB×DAR,CM
gala2,SAL.LA,CM
gala3,LAGAB×U,CM
gala4,LAGAB×AL,CM
gala5,LAGAB×KI,CM
gala6,ŠU2,CM
gala7,IG,CM
gala8,GAL,CM
galam,GALAM,CM
galax(|ARAD.KU|),ARAD.KU,CM
galax(|UŠ×KU|),UŠ×KU,CM
gale,GAL,CM
galga,GA2×GAR,CM
galgax(|GA2×IGI@g|),GA2×IGI@g,CM
galgax(|NUN.LAGAR×GAR|),NUN.LAGAR×GAR,CM
galilla,GA2×KID+LAL,CM
galla,TE.LAL,CM
galla2,SAL.LA,CM
gallagalx(|GAL.TE.LAL|),GAL.TE.LAL,CM
gallax(TE),TE,CM
galti,GAL.DI,CM
galu,TE.LAL,CM
galx(ME),ME,CM
galx(|UŠ.KU|),UŠ.KU,CM
gam,GAM,CM
gam2,HI×BAD,CM
gam3,KAM4,CM
gam4,GAN,CM
gama2?,HI×BAD,CM
gamar,NI,CM
gambi?,SAL.UŠ.DI,CM
gambix(SAL),SAL,CM
gaml,KU7,CM
gammu?,SAL.UŠ.DI,CM
gamu,SAL.UŠ.DI,CM
gamun,DIN.ŠE.NUN&NUN,CM
gamun2,ŠE.NUN&NUN,CM
gamurx(LAK490),LAK490,CM
gamx(LUM),LUM,CM
gan,GAN,CM
gan2,GAN2,CM
gan3,DU@s.A,CM
gan7,GAM,CM
gana,GAN,CM
gana2,GAN2,CM
gana3,DU@s.A,CM
gana4,LAGAB×GUD+GUD,CM
gana5,LAGAB×GUD,CM
gana6,DARA4,CM
ganam4,LAGAB×GUD+GUD,CM
ganam5,LAGAB×GUD,CM
ganam6,DARA4,CM
ganamx(|SIK2.AŠ|),SIK2.AŠ,CM
ganax(|KA×MI|),KA×MI,CM
ganax(|SIK2.AŠ|),SIK2.AŠ,CM
ganba,KI.LAM,CM
gansis,TA@g,CM
gansisx(|TA×MI|),TA×MI,CM
ganu,U.EN×GAN2@t,CM
ganun,GA2×NUN,CM
ganzer,IGI.KUR.ZA,CM
ganzer2,NE.SI.A,CM
ganzer3,IGI.KUR,CM
ganzerx(TA@g),TA@g,CM
ganzir,IGI.KUR.ZA,CM
ganzir2,NE.SI.A,CM
ganzir3,IGI.KUR,CM
gap,GABA,CM
gap2,KAB,CM
gapi?,GAR.GA2×A+IGI,CM
gar,GAR,CM
gar10,GA.NI,CM
gar11,GA.A,CM
gar12,GA.DIŠ,CM
gar13,TE@g,CM
gar14,TE.A,CM
gar19,GAN2@t,CM
gar2,GA@g,CM
gar3,GAR3,CM
gar4,GUD,CM
gar5,LU3,CM
gar6,NUN,CM
gar7,MAR,CM
gar8,SIG4,CM
gar9,GA,CM
gara,GAR,CM
gara10,GA.NI,CM
gara11,GA.A,CM
gara2,GA@g,CM
gara3,GAR3,CM
gara4,GUD,CM
gara6,NUN,CM
gara8,SIG4,CM
gara9,GA,CM
garadin,(ŠE.NUN&NUN)&(ŠE.NUN&NUN).GAD&GAD.GAR&GAR,CM
garadin10,U&U.PA&PA.GAR&GAR,CM
garadin2,ŠE&ŠE.GAD&GAD.GAR&GAR,CM
garadin3,ŠE&ŠE.TAB&TAB.GAR&GAR,CM
garadin4,(ŠE.NUN&NUN)&(ŠE.NUN&NUN).LAGAB.LAGAB,CM
garadin5?,LAGAB.LAGAB,CM
garadin6?,(ŠE.NUN&NUN)&(ŠE.NUN&NUN),CM
garadin7,ŠE&ŠE.PA&PA.GAR&GAR,CM
garadin8,ŠE&ŠE.GAR&GAR,CM
garadin9,U&U.SUR&SUR,CM
garak,GAN2@t,CM
garak5,GAR,CM
garax(|GA.KASKAL|),GA.KASKAL,CM
garaš,GA2×HUB2,CM
garaš2,KI.KAL×BAD,CM
garaš3,GA.KASKAL,CM
garaš4,KASKAL.GA,CM
garaš5,KI.KAL,CM
garašax(|KI.BAD|),KI.BAD,CM
garašx(|KI.KAL.BAD.IDIM|),KI.KAL.BAD.IDIM,CM
garig2?,ZUM,CM
garim,LAGAB×KU3,CM
garim2,DAG.KISIM5×AMAR,CM
garimx(|SAL.LAGAR|),SAL.LAGAR,CM
garin,LAGAB×KU3,CM
garinx(|GA2×AN.ŠIM×GAR|),GA2×AN.ŠIM×GAR,CM
garinx(|SAL.LAGAR|),SAL.LAGAR,CM
garu,UD.KUŠU2,CM
garx(GIR2),GIR2,CM
garx(NUN@t),NUN@t,CM
garx(|GA.GA|),GA.GA,CM
garza,PA.AN,CM
garza2,PA.LUGAL,CM
garzu,PA.AN,CM
gas,GUM×ŠE,CM
gas2?,GUM,CM
gasa,KA×GIŠ%GIŠ,CM
gasax(ŠIR),ŠIR,CM
gasibir,GA2×EN×GAN2@t,CM
gasikilla,GA2×EL+LA,CM
gasx(|NU11.BUR|),NU11.BUR,CM
gat,GAD,CM
gat2,KAD2,CM
gat3,KAD3,CM
gax(GALAM),GALAM,CM
gax(ME),ME,CM
gayayu,LAGAB×GUD+GUD,CM
gayayux(|SIK2.AŠ|),SIK2.AŠ,CM
gaz,GUM×ŠE,CM
gaz2,GUM,CM
gaz3,DUB×EŠ2,CM
gaza,GUM×ŠE,CM
gaza3,KA×GIŠ%GIŠ,CM
gazag?,GA2×KU3+AN,CM
gazax(|GA2×PA|),GA2×PA,CM
gazi,GA2×PA,CM
gazi2,GA2×SUM,CM
gazi3,GA2×SAR,CM
gazibu,BU,CM
gazigal,GA2×AŠ2+GAL,CM
gazimbi,BU,CM
gazinbi,BU,CM
gazinbu,BU,CM
gazum,SAL.LAGAB×AŠ2,CM
gazum2,ZUM,CM
gazumx(|ZUM.LAGAB|),ZUM.LAGAB,CM
gaş,GUM×ŠE,CM
gaš,BI,CM
gašam,NUN.ME.TAG,CM
gašamx(|ME.NUN.TAG|),ME.NUN.TAG,CM
gašan,GAŠAN,CM
gašmu,AŠ&AŠ.TUG2&TUG2.TUG2&TUG2.PAP,CM
gaššu,NUN.ME.TAG,CM
ge,GI,CM
ge10,NE@s,CM
ge11,DUN3@g,CM
ge12,SAL.KUR,CM
ge13?,DU,CM
ge14,U,CM
ge15,AŠ,CM
ge16,GI%GI,CM
ge17,GIG,CM
ge18,DIM2,CM
ge19,PEŠ2,CM
ge2,KID,CM
ge20,GA,CM
ge21?,KUR,CM
ge22,AŠ@k,CM
ge23,AŠ@z,CM
ge24,ARAD×KUR,CM
ge26,GA2,CM
ge28,DAG.KISIM5×NE,CM
ge3,DIŠ,CM
ge4,GI4,CM
ge5,KI,CM
ge6,MI,CM
ge7,EŠ2,CM
ge8,IGI,CM
ge9,NE,CM
gedim,GIDIM,CM
gel,GI%GI,CM
gele3,KA×LI,CM
geli3,KA×LI,CM
geltan,PI,CM
gem,DIM2,CM
gem3,SAL.KUR,CM
geme2,SAL.KUR,CM
geme3,ARAD×KUR,CM
gen,DU,CM
gen3,KUR,CM
gen6,GI,CM
gen7,DIM2,CM
gena,TUR.DIŠ,CM
genan,TUR.DIŠ,CM
genna,TUR.DIŠ,CM
ger15,EŠ2,CM
ger3,GIR3,CM
gereš,HI×ŠE,CM
gereš3,ARAD×KUR,CM
gex(ME),ME,CM
gez,GIŠ,CM
geš,GIŠ,CM
geš-tin,GIŠ.DIN,CM
geš2,DIŠ,CM
geš3,UŠ,CM
geš4,AŠ,CM
gešba,RU,CM
gešbu,RU,CM
gešbu2,ŠU.PAP.PAP,CM
gešbun,KI.BI.GAR,CM
gešbun2,KI.BI,CM
gešbunx(|GIŠ.KI.BI|),GIŠ.KI.BI,CM
gešburx(U),U,CM
gešbux?(|GIŠ.RU|),GIŠ.RU,CM
gešdu,PI,CM
gešdu2,GIŠ.TUG2.PI,CM
gešdu3,GIŠ.PI.TUG2,CM
gešdu4,IGI.DU,CM
gešhar,GIŠ×BAD,CM
gešhur,KAD4,CM
gešimmar,ŠA6,CM
geškad,KAD4,CM
geškadx?(TUM),TUM,CM
gešnimbar,ŠA6,CM
gešnu,NU11,CM
gešnu2,NU11.IR,CM
gešpax?(|GIŠ.RU|),GIŠ.RU,CM
gešpu2,ŠU.PAP.PAP,CM
gešpux?(|GIŠ.RU|),GIŠ.RU,CM
gešta,DIŠ,CM
geštae,ZA×4×KUR,CM
geštaex(|ZA.KUR|),ZA.KUR,CM
geštara,PA,CM
geštin,GEŠTIN,CM
geština,GEŠTIN,CM
geštu,PI,CM
geštu2,GIŠ.TUG2.PI,CM
geštu3,GIŠ.PI.TUG2,CM
geštu4,IGI.DU,CM
geštug,PI,CM
geštug2,GIŠ.TUG2.PI,CM
geštug3,GIŠ.PI.TUG2,CM
geštunux(PI),PI,CM
geštux(|IGI.EŠ2.DU|),IGI.EŠ2.DU,CM
gešu,DIŠ,CM
gešx(|U.U|),U.U,CM
gešx(|UŠ×KUR|),UŠ×KUR,CM
gi,GI,CM
gi10,NE@s,CM
gi11,DUN3@g,CM
gi12,SAL.KUR,CM
gi16,GI%GI,CM
gi17,GIG,CM
gi18,DIM2,CM
gi2,KID,CM
gi25?,DUGUD,CM
gi27,BU,CM
gi3,DIŠ,CM
gi4,GI4,CM
gi5,KI,CM
gi6,MI,CM
gi7,EŠ2,CM
gi8,IGI,CM
gi9,NE,CM
gib,GI%GI,CM
gib2,GIŠ%GIŠ,CM
gib3,GIG,CM
gibil,NE@s,CM
gibil2,ŠU2.AŠ2,CM
gibil3,KI.NE,CM
gibil4,NE,CM
gibil5,GALAM.GALAM,CM
gibil6,NE.GI,CM
gibil7,ŠU2.AN,CM
gibila,NE@s,CM
gibilx(|GIŠ.NE@s|),GIŠ.NE@s,CM
gibir,ŠU2.AŠ2,CM
gibir2,ŠU2.AN,CM
gibiru,U,CM
giburu,U,CM
gid,KID,CM
gid2,BU,CM
gid3?,SA,CM
gid4?,GAD,CM
gid6,TAK4,CM
gida2,BU,CM
gida4,GAD,CM
gidar,PA,CM
gidax?(|E2×BAD|),E2×BAD,CM
gidešta?,GAR.ŠUŠANA.SILA3,CM
gideštax?(|GAR.KINGUSILI.SILA3|),GAR.KINGUSILI.SILA3,CM
gideštax?(|GAR.ŠANABI.SILA3|),GAR.ŠANABI.SILA3,CM
gidi3,BU,CM
gidi6,UD.GAN,CM
gidim,GIDIM,CM
gidim2,MAŠ.U,CM
gidim3,BU,CM
gidim4,UDUG,CM
gidim7?,GUD,CM
gidirx(PA),PA,CM
gidlam,SAL.UŠ.DAM,CM
gidlam2,UŠ.DAM,CM
gidlam3,UŠ.SAL.DAM,CM
gidlam4,SAL.UŠ,CM
gidri,PA,CM
gidru,PA,CM
gidx(|DU.DU|),DU.DU,CM
gig,GIG,CM
gig2,MI,CM
gig3?,GI%GI,CM
gig4,DUN3@g,CM
gigam,LU2@LU2,CM
gigamx(|LU2.LU2|),LU2.LU2,CM
giggi,MI,CM
gigi,GI4%GI4,CM
gigi2,MI,CM
gigir,LAGAB×BAD,CM
gigir2,LAGAB×U,CM
gigir3,LAGAB×LIŠ,CM
gigir4?,LAGAR@g.DU,CM
gigira,LAGAB×BAD,CM
gigira2,LAGAB×U,CM
gigirum,GAM.GAM,CM
gigirx(|LAGAB×TIL|),LAGAB×TIL,CM
gigri,DU@g.DU@g,CM
gigri2,DU@s.DU@s,CM
giguru,U,CM
giguru2,MAŠ.U,CM
giguru3,KA×ŠID,CM
gikki,MI,CM
gil,GI%GI,CM
gil2,LAGAB,CM
gil3,IL2,CM
gilgames,GIŠ.DUN3@g.MAŠ,CM
gilgames3,GIŠ.NE.GA.MES,CM
gilgameš,GIŠ.DUN3@g.MAŠ,CM
gilgameš2,GIŠ.NE@s.GA.ME.U.U.U,CM
gilgameš3,GIŠ.NE.GA.MES,CM
gili,GI%GI,CM
gili2,LAGAB,CM
gili3,KA×LI,CM
gilib3,KA×LI,CM
gilib4,KA×RU,CM
gilibx(|GI%GI|),GI%GI,CM
gilili,PEŠ2,CM
gilim,GI%GI,CM
gilim2,PEŠ2,CM
gilin,PEŠ2,CM
gillim,GI%GI,CM
gilugu?,LAGAB×HAL,CM
gim,DIM2,CM
gim2,DUN3@g,CM
gim3,SAL.KUR,CM
gim4,DU@s,CM
gim5?,DU@g,CM
gim6,DU,CM
gim7,BU,CM
gim8?,GAD.TAK4.GIŠ,CM
gimi,DIM2,CM
gin,DU,CM
gin2,DUN3@g,CM
gin3,KUR,CM
gin4,ZI&ZI.LAGAB,CM
gin5,SAL.KUR,CM
gin6,GI,CM
gin7,DIM2,CM
gin8,HI×AŠ2,CM
gina,TUR.DIŠ,CM
gina2,DUN3@g,CM
gina3,KUR,CM
ginan,TUR.DIŠ,CM
ginax(DU),DU,CM
gingira?,KISIM5&KISIM5,CM
ginna,TUR.DIŠ,CM
ginx(|A.ZI&ZI|),A.ZI&ZI,CM
ginx(|ZI&ZI.A|),ZI&ZI.A,CM
ginx(|ZI&ZI.EŠ2|),ZI&ZI.EŠ2,CM
gip2,GIŠ%GIŠ,CM
gir,HA@g,CM
gir10,NE,CM
gir11,KEŠ2,CM
gir12,IN,CM
gir13,ŠID,CM
gir14,HA,CM
gir15,EŠ2,CM
gir16,GIR3×GAN2@t,CM
gir17,KA,CM
gir18,NE.GI,CM
gir2,GIR2,CM
gir3,GIR3,CM
gir4,U.AD,CM
gir5,DU@s,CM
gir6,DU@g,CM
gir7,DU,CM
gir8,LAGAB,CM
gir9,AB2×ŠA3,CM
gira,U.MAŠ.KAB,CM
gira2,GIŠ.BAR,CM
gira3,NE.GI,CM
giraba,AB,CM
girabax(|AB.HA@g|),AB.HA@g,CM
girah,ŠU.DIM2,CM
girenx(LAGAB),LAGAB,CM
gireš,HI×ŠE,CM
gireš2,GURUŠ,CM
giri,HA@g,CM
giri11,KEŠ2,CM
giri16,GIR3×GAN2@t,CM
giri17,KA,CM
giri19,ŠU.LU2,CM
giri2,GIR2,CM
giri20,ŠU.AN,CM
giri21,ŠU.LUGAL,CM
giri3,GIR3,CM
giri5,DU@s,CM
giri6,DU@g,CM
giri8,LAGAB,CM
girid,KEŠ2,CM
girid2,GIR3×GAN2@t,CM
girim,LAGAB,CM
girim2,DU@s,CM
girim3,A.HA.TAR.KAK,CM
girin,LAGAB,CM
girix(LU2),LU2,CM
girix(|GIŠ.LU2|),GIŠ.LU2,CM
girix(|GIŠ.ŠU.LU2|),GIŠ.ŠU.LU2,CM
girix(|KA×LI|),KA×LI,CM
giriš,HI×ŠE,CM
giriš2,GURUŠ,CM
giriš3,ARAD×KUR,CM
girišx(|HI×NUN|),HI×NUN,CM
girra,NE.GI,CM
girrix(GAN2),GAN2,CM
girrix(|GAN2%GAN2|),GAN2%GAN2,CM
girrix(|GIŠ%GIŠ|),GIŠ%GIŠ,CM
giru3,GIR3,CM
girum,GAM,CM
girx(EDIN),EDIN,CM
girx(|AB2.ŠA3|),AB2.ŠA3,CM
girx(|AB2×TAK4|),AB2×TAK4,CM
girx(|GIR3.ZA@t|),GIR3.ZA@t,CM
girx(|U.EN×GAN2@t|),U.EN×GAN2@t,CM
girza,PA.LUGAL,CM
gis,GIŠ,CM
gisbun,KI.AŠ.AŠ,CM
giskim,IGI.DUB,CM
gissu,GIŠ.MI,CM
git,KID,CM
git2,BU,CM
gitag,GI,CM
gitlam,SAL.UŠ.DAM,CM
gitlam2,UŠ.DAM,CM
gitlam3,UŠ.SAL.DAM,CM
gitlam4,SAL.UŠ,CM
giz,GIŠ,CM
gizal2,GIŠ.TUG2.PI.ŠIR.SILA3,CM
gizbun,KI.BI.GAR,CM
gizkim,IGI.DUB,CM
gizzal,GIŠ.TUG2.PI.ŠIR.SILA3,CM
gizzal2,NU11.SILA3,CM
gizzu,GIŠ.MI,CM
giĝ4,DUN3@g,CM
giş?,GIŠ,CM
giš,GIŠ,CM
giš2,DIŠ,CM
giš3,UŠ,CM
giša,GIŠ,CM
gišbar,AL×GIŠ,CM
gišbun,KI.BI.GAR,CM
gišdu,PI,CM
gišdu2,GIŠ.TUG2.PI,CM
gišdu3,GIŠ.PI.TUG2,CM
gišgal,URU×MIN,CM
gišha,ŠITA2,CM
gišhar,GIŠ×BAD,CM
gišhur,KAD4,CM
gišhurx(LAK171@s),LAK171@s,CM
gišimmar,ŠA6,CM
giškad,KAD4,CM
giškadx(LAK171@s),LAK171@s,CM
giškadx?(TUM),TUM,CM
giškim,IGI.DUB,CM
gišmaš,AL×GIŠ,CM
gišnu,NU11,CM
gišta'e,ZA×4×KUR,CM
gišta'e2,ZA.KUR,CM
gišta'i,ZA×4×KUR,CM
gišta'i2,ZA.KUR,CM
gištu,PI,CM
gištu2,GIŠ.TUG2.PI,CM
gištu3,GIŠ.PI.TUG2,CM
gištug,PI,CM
gištug2,GIŠ.TUG2.PI,CM
gištug3,GIŠ.PI.TUG2,CM
gištunux(PI),PI,CM
gišturu,PA,CM
gišx(|U.U|),U.U,CM
gišzal,GIŠ.TUG2.PI.ŠIR.SILA3,CM
giššir,EN×GAN2@t,CM
giţ2,BU,CM
gu,GU,CM
gu10,MU,CM
gu11?,GA,CM
gu13?,HI×AŠ2,CM
gu14,KI,CM
gu15,LUM,CM
gu16?,KA2,CM
gu2,GU2,CM
gu3,KA,CM
gu4,GUD,CM
gu5,KU,CM
gu6?,KA×A,CM
gu7,KA×GAR,CM
gu8,GUM,CM
gu9,KUL,CM
guana,UZ3.KASKAL,CM
gub,DU,CM
gub2,LI,CM
gub3,KAB,CM
gub4,NI,CM
gub5,KID,CM
guba,DU,CM
gubalaga,EZEN×LA,CM
gublaga,EZEN×LA,CM
gubu,DU,CM
gubu3,KAB,CM
gud,GUD,CM
gud10,BALAG,CM
gud2,SAG×UR,CM
gud3,U2.KI.SUM.GA,CM
gud4,TAR,CM
gud5,GALAM,CM
gud6,LUM,CM
gud7,KU,CM
gud8,LAGAB,CM
gud9,ŠID,CM
guda2,HI×NUN.ME,CM
guda3,SAG×UR,CM
guddax(|HI×NUN.ME|),HI×NUN.ME,CM
gudedde,KA×UMUM×PA,CM
gudibdim,HI×AŠ2,CM
gudibir,TAK4,CM
gudibir2,KUR@KUR,CM
gudiddi,KA×BALAG,CM
gudma,GUD,CM
gudu,GUD,CM
gudu10,BALAG,CM
gudu11,SUMAŠ.ME,CM
gudu2,SAG×UR,CM
gudu4,HI×NUN.ME,CM
gudu5,ŠA3×ŠU2,CM
gudug,HI×NUN.ME,CM
gudug2,SUMAŠ.ME,CM
gudux(|HI×NUN|),HI×NUN,CM
gudx(LU3),LU3,CM
gudx(TAK4),TAK4,CM
gudx?(|HI×NUN.ME|),HI×NUN.ME,CM
gueriši,GU2×SAL+TUG2,CM
gug,ZA.GUL,CM
gug2,LU3,CM
gug3,GAR.LU3,CM
gug4,ZI&ZI.LAGAB,CM
gug5,LUGAL@LUGAL,CM
gug6,KA.KAK,CM
gugarid,GUD,CM
guggal,HUL2,CM
guggim,MUG,CM
gugim,MUG,CM
gugina,GAR.LU3,CM
gugru,GAN2@t.GAN2@t,CM
gugu2,EZEN×KASKAL×4,CM
gugumu,LUM.LUM,CM
gugx(|A.ZI&ZI|),A.ZI&ZI,CM
gugx(|ZI&ZI.A|),ZI&ZI.A,CM
gugx(|ZI&ZI.EŠ2|),ZI&ZI.EŠ2,CM
gugx(|ZI&ZI|),ZI&ZI,CM
guhšu,SIG4&SIG4.ŠU2,CM
guhšu2,LUM&LUM.ŠU2,CM
gukim,MUG,CM
gukin,LAGAB×KIN,CM
gukin2,HI×KIN,CM
gukkal,HUL2,CM
gukri,KA×GIŠ+SAR,CM
gul,GUL,CM
gul2,KUL,CM
gul3,TE,CM
gulla,TE.LAL,CM
gulu,GUL,CM
gum,GUM,CM
gum2,LUM,CM
gum2-gum2,LUM&LUM,CM
gum2-gum2-kaš4,LUM&LUM.DU@s,CM
gum2-gum2-šu2,LUM&LUM.ŠU2,CM
gum3,NE,CM
gum4,GAM,CM
gumgum,LUM&LUM,CM
gumgumšu,LUM&LUM.ŠU2,CM
gumle,EZEN×IGI@g,CM
gumu,LUM,CM
gumx?(GU),GU,CM
gun,GU2.UN,CM
gun2,GU2,CM
gun3,DAR,CM
gun4,AB@g,CM
gun5,LUM,CM
guna4,AB@g,CM
gunin2,LAGAB×A,CM
guninx(|LAGAB×GAR|),LAGAB×GAR,CM
gunni,KI.NE,CM
gunu3,DAR,CM
gunu4,AB@g,CM
gunux(SI@g),SI@g,CM
gunux(|AB×U+U+U|),AB×U+U+U,CM
gunux(|HI×AŠ2|),HI×AŠ2,CM
gunx(|AB×U+U+U|),AB×U+U+U,CM
gunx(|AN.HU.MI.IM|),AN.HU.MI.IM,CM
gup,DU,CM
gup2,LI,CM
gup5,KID,CM
guq,ZA.GUL,CM
gur,GUR,CM
gur10,KIN,CM
gur11,GA,CM
gur12,PAP,CM
gur13,NI,CM
gur14,HI×AŠ2,CM
gur15,UR4,CM
gur16,KUR,CM
gur17,GIŠ@t,CM
gur18,KA,CM
gur19,NUN@t.KI,CM
gur2,GAM,CM
gur21,E.TUM,CM
gur22,LAGAB×HAL,CM
gur3,IL2,CM
gur4,LAGAB,CM
gur5,URU×GU,CM
gur6,GAN2@t,CM
gur7,GUR7,CM
gur8,TE@g,CM
gur9,NINDA2,CM
gura,GUR,CM
gura8,TE@g,CM
gurdub,GA2×GI,CM
gurdub2?,GA2×GI4,CM
gurin,GURUN,CM
gurinx(DUG),DUG,CM
gurinx(|BAD.IGI.BAD|),BAD.IGI.BAD,CM
gurinx(|IDIM&IDIM.BUR|),IDIM&IDIM.BUR,CM
gurinx(|IDIM&IDIM×4|),IDIM&IDIM×4,CM
gurinx(|IDIM×4|),IDIM×4,CM
gurinx(|TAB×4|),TAB×4,CM
guru,GUR,CM
guru12,U,CM
guru17,GIŠ@t,CM
guru19,NUN@t.KI,CM
guru2,GAM,CM
guru20,GURUN,CM
guru21,E.TUM,CM
guru3,IL2,CM
guru5,URU×GU,CM
guru6,GAN2@t,CM
guru7,GUR7,CM
guru8,TE@g,CM
gurud,NUN@t.KI,CM
gurud2,LU2×KI,CM
gurum,GAM,CM
gurum2,IGI.ERIN2,CM
gurum3,KA×GU,CM
gurumx(GURUN),GURUN,CM
gurumx(|IGI.GAR|),IGI.GAR,CM
gurun,GURUN,CM
gurun2,BAD.IGI.BAD,CM
gurun3,LAGAB,CM
gurun4,LAGAB×4,CM
gurun5,IDIM×4,CM
gurun7,DUG,CM
gurun8,DIN,CM
gurunx(|IDIM&IDIM.BUR|),IDIM&IDIM.BUR,CM
gurunx(|IDIM&IDIM×4|),IDIM&IDIM×4,CM
gurunx(|TAB×4|),TAB×4,CM
gurusa,KU7,CM
gurux(ZI3),ZI3,CM
gurux(|E.TUM.GA2×NUN&NUN|),E.TUM.GA2×NUN&NUN,CM
gurux(|IGI.ERIN2|),IGI.ERIN2,CM
gurux(|LAGAB×4|),LAGAB×4,CM
guruš,GURUŠ,CM
guruš2,KU7,CM
guruš3,URU×GU,CM
guruš4,TAG,CM
gurušda,KU7,CM
gurušta,KU7,CM
gurušti,KU7,CM
guruštix(|DI.X|),DI.X,CM
gurušx(UŠ),UŠ,CM
gurušx(|KA×KI|),KA×KI,CM
gurx(EDIN),EDIN,CM
gurx(GUD),GUD,CM
gurx(X),X,CM
gurx(ZI3),ZI3,CM
gurx(|KA×GU|),KA×GU,CM
gurx(|ŠE.KIN.KIN|),ŠE.KIN.KIN,CM
gurx(|ŠE.KIN|),ŠE.KIN,CM
gurx(|ŠE.ŠE.KIN|),ŠE.ŠE.KIN,CM
gutir,BU&BU.UN,CM
gux(DAR),DAR,CM
gux(|KA×GU|),KA×GU,CM
guz,LUM,CM
guz2,BU,CM
guz3,KU,CM
guza,KU.GAR,CM
guzix(|KA×ZI|),KA×ZI,CM
guzza,KU.GAR,CM
guš,SU,CM
guškin,KU3.GI,CM
gušur,GA2×NUN&NUN,CM
gušur2,RAB.GAL,CM
ha,HA,CM
ha2,HI.A,CM
ha3,U,CM
ha4,HI,CM
ha5,UD,CM
ha6,HA@g,CM
ha7,GA,CM
ha8?,ŠITA2,CM
hab,LAGAB,CM
hab2,LAGAB×U,CM
haba,LAGAB,CM
habburudax(|ŠA3×BAD|),ŠA3×BAD,CM
habburudax(|ŠA3×U|),ŠA3×U,CM
habrud,KI×U,CM
habrud2,KI×BAD,CM
habrud3,ŠA3×BAD,CM
habrud4,ŠA3×U,CM
habruda,KI×U,CM
habruda2,KI×BAD,CM
habruda3,ŠA3×BAD,CM
habruda4,ŠA3×U,CM
had,PA,CM
had2,UD,CM
had3,ŠA6,CM
had4,KAD4,CM
hada2,UD,CM
hadx(LAK171@s),LAK171@s,CM
hahad,UD.UD,CM
hahhadx(|UD.UD|),UD.UD,CM
haia,NAGAR,CM
hal,HAL,CM
hal2,ZUM,CM
hala,HAL,CM
halba,MUŠ3×A+DI,CM
halba2,ZA.MUŠ3.DI,CM
halba3,ZA.MUŠ3@g.DI,CM
halba4,LAL2.HAL,CM
halba5,LAL2.URU×MIN,CM
halba6,A.MUŠ3.DI,CM
halbax(|A.MUŠ3×A.DI|),A.MUŠ3×A.DI,CM
halbax(|MUŠ3.DI|),MUŠ3.DI,CM
halbax(|MUŠ3×DI|),MUŠ3×DI,CM
halbax(|ZA.MUŠ3|),ZA.MUŠ3,CM
halbi,MUŠ3×A+DI,CM
halbi2,ZA.MUŠ3.DI,CM
halbi3,ZA.MUŠ3@g.DI,CM
halbi4,LAL2.HAL,CM
halbi5,LAL2.URU×MIN,CM
halbi6,A.MUŠ3.DI,CM
halbix(|A.MUŠ3×A.DI|),A.MUŠ3×A.DI,CM
halbix(|MUŠ3.DI|),MUŠ3.DI,CM
halbix(|MUŠ3×DI|),MUŠ3×DI,CM
halbu,MUŠ3×A+DI,CM
halbu2,ZA.MUŠ3.DI,CM
halbu3,ZA.MUŠ3@g.DI,CM
halbu4,LAL2.HAL,CM
halbu5,LAL2.URU×MIN,CM
halbu6,A.MUŠ3.DI,CM
halib,IGI.KUR,CM
halpi,LAL2.URU×MIN,CM
halpia,LAL2.URU×MIN,CM
halpiax(|LAL2.HAL|),LAL2.HAL,CM
halpiax(|LAL2.URU×MIN|),LAL2.URU×MIN,CM
halpix(|LAL2.HAL|),LAL2.HAL,CM
halubba,GA2×HA+LU+EŠ2,CM
hamanzer,PA.IB,CM
hamanzerx(|SIK2.PA.IB|),SIK2.PA.IB,CM
hamanzirx(|SIK2.PA.IB|),SIK2.PA.IB,CM
hamun,NAGA@NAGA,CM
hanburuda,KI×U,CM
haniš,IDIM,CM
haniš2,LUGAL,CM
haniš3,PA,CM
hanzalub,ŠA3.GI,CM
hap,LAGAB,CM
hap2,LAGAB×U,CM
har,HI×AŠ2,CM
har2,GUD,CM
har3,LU2×LAGAB,CM
hara,HI×AŠ2,CM
hara2?,GUD,CM
hara3,LU2×LAGAB,CM
hara4,DAG.KISIM5×BI,CM
hara5,DAG.KISIM5×U2+GIR2,CM
harax(|DAG.KISIM5×GA|),DAG.KISIM5×GA,CM
harax(|DAG.KISIM5×LU+MAŠ2|),DAG.KISIM5×LU+MAŠ2,CM
harax(|NUNUZ.AB2×BI|),NUNUZ.AB2×BI,CM
harax(|NUNUZ.KISIM5×BI|),NUNUZ.KISIM5×BI,CM
haru4,DAG.KISIM5×BI,CM
harub,DAG.KISIM5×U2+GIR2,CM
harubx(|NUNUZ.AB2×U2|),NUNUZ.AB2×U2,CM
harx(|DAG.KISIM5×BI|),DAG.KISIM5×BI,CM
harx(|KI×U|),KI×U,CM
has,TAR,CM
has2,PA,CM
hax(NI),NI,CM
haya,NAGAR,CM
haz,TAR,CM
haz2,PA,CM
hazabur,U2,CM
haş,TAR,CM
haş2,PA,CM
haš,TAR,CM
haš2,ZIG,CM
haš3,UD,CM
haš4,ZUM,CM
hašhur,MA@g,CM
haţ,PA,CM
he,HI,CM
he2,GAN,CM
hegal,GA2×AN,CM
henbur,KAK,CM
henbur2,ŠE.KAK,CM
henburx(|IGI.KAK|),IGI.KAK,CM
hendur,PA,CM
henzer,IGI.DIM,CM
henzir,IGI.DIM,CM
her,KEŠ2,CM
heš,UD,CM
heš2,ZIG,CM
heš5,LU2×GAN2@t,CM
hi,HI,CM
hi2,GAN,CM
hibira,AL×HA,CM
hibis,TUR.DIŠ,CM
hibis2,AL×UŠ,CM
hibiz,TUR.DIŠ,CM
hibiz2,AL×UŠ,CM
hilib,IGI.KUR,CM
hilib2,NAGA,CM
hilibu,E&E.NUN&NUN,CM
hir,KEŠ2,CM
hir2,HI×AŠ2,CM
hirim,KI.KAL,CM
hirin,KI.KAL,CM
hirin2,KU7,CM
hirinx(KWU318),KWU318,CM
hix(|SIG4&SIG4.ŠU2|),SIG4&SIG4.ŠU2,CM
hiš2,ZIG,CM
hiš3,ERIN2,CM
hiš4,HI.GIR3,CM
hu,HU,CM
hu2,TU,CM
hu2?,KU4,CM
hu3,U,CM
hu4,HI×AŠ2,CM
hu5,LUM,CM
hub,HUB2×UD,CM
hub2,HUB2,CM
hubhub,ŠID×A,CM
hubhub2,ŠID×IM,CM
hubud,GIR3.ŠU.IG,CM
hubur,NUNUZ.AB2×BI,CM
huburx(BI),BI,CM
huburx(|NUNUZ.AB2×X|),NUNUZ.AB2×X,CM
hud,PA,CM
hud2,UD,CM
hud3,HI×BAD,CM
hud4,ŠA6,CM
hudbu,PA.KAK,CM
huduš,TU,CM
hug,EŠ2,CM
huhud,UD.UD,CM
hul,IGI.UR,CM
hul2,HUL2,CM
hul3,GIŠ%GIŠ,CM
hul4,IGI.UR@s,CM
hula,IGI.UR,CM
hula2,HUL2,CM
hulpad?,IGI.UR.RU.GAR,CM
hulu,IGI.UR,CM
huluh,LUH,CM
hulum,DAG.KISIM5×LUM,CM
hulum2,SAG×LUM,CM
hulum3,DAG.KISIM5×HA,CM
hulumx?(|SAG×HA|),SAG×HA,CM
hum,LUM,CM
humu,LUM,CM
humuh,LAGAB×U+A,CM
hun,EŠ2,CM
hunin,DAG.KISIM5×HA,CM
hup,HUB2×UD,CM
hup2,HUB2,CM
hur,HI×AŠ2,CM
hurim,NA.RU,CM
hurin,NA.RU,CM
hursag,PA.DUN3,CM
hursaĝ,PA.DUN3,CM
huru,HI×AŠ2,CM
hurx(|KA×X|),KA×X,CM
hus,LUM,CM
hus2,TAR,CM
hutpu,PA.KAK,CM
hux(KU),KU,CM
hux(MA2),MA2,CM
hux(RI),RI,CM
hux(SI),SI,CM
huya,UD.KUŠU2,CM
huz?,LUM,CM
huĝ,EŠ2,CM
huš,HI.GIR3,CM
huš2,GIR3,CM
huša,HI.GIR3,CM
hušux(|HI.GIR3|),HI.GIR3,CM
i,I,CM
i',ALEPH,CM
i'2?,HI×NUN,CM
i10,UD.DU,CM
i11,HI,CM
i14,MU,CM
i15,E,CM
i16,PI,CM
i3,NI,CM
i4,NI.UD,CM
i5,KA,CM
i6,TUG2,CM
i7,A.LAGAB×HAL,CM
i8,LAGAB×HAL,CM
i9,ŠITA.GIŠ.TUG2,CM
ia,I.A,CM
ia10,A,CM
ia3,NI,CM
ia4,NI.UD,CM
ia5,MU,CM
ia7,TAB.TAB.AŠ,CM
ia9,AŠ&AŠ&AŠ.TAB,CM
ib,IB,CM
ib2,TUM,CM
ibbanunna,UD.HU.HI.NUN,CM
ibbanunnax(|UD.HU.HI.NUN.NA|),UD.HU.HI.NUN.NA,CM
ibbi,IB,CM
ibbix(NE),NE,CM
ibila,TUR.UŠ,CM
ibila2,TUR.ARAD,CM
ibila3,TUR.SAG,CM
ibila4,TUR,CM
ibira,KA×GIŠ%GIŠ,CM
ibira2,KA×AŠ2,CM
id,A2,CM
id2,A.LAGAB×HAL,CM
id3,LAGAB×HAL,CM
id5?,A,CM
id6,A.LAGAB×HAL.GAL,CM
id7,A.LAGAB×HAL.DI,CM
id8,UD×U+U+U,CM
ida2,A.LAGAB×HAL,CM
iddir?,A.PA.GISAL.PAD.SI.A,CM
idenx(EDIN),EDIN,CM
idi,GA2×MI,CM
idi2,A2,CM
idi3,DA,CM
idigna,MAŠ.GU2.GAR3,CM
idignax(|GU2.GAR3|),GU2.GAR3,CM
idignu,MAŠ.GU2.GAR3,CM
idim,IDIM,CM
idin,BAD,CM
idinx(DIN),DIN,CM
idx(|LAGAB×A|),LAGAB×A,CM
idx(|UD.ŠEŠ.KI|),UD.ŠEŠ.KI,CM
ie,I.A,CM
ig,IG,CM
ig2,E,CM
ig3,NINDA2×NE,CM
iga,IG,CM
igar,E2.SIG4,CM
igax(IGI),IGI,CM
igeštu,IGI.DU,CM
igi,IGI,CM
igi2,IGI@g,CM
igi3?,KI.SAG,CM
igigunux(IGI@g),IGI@g,CM
igira2,KI.SAG.SAL,CM
igira?,IGI.BU,CM
igirax(|KI.KA.SAL|),KI.KA.SAL,CM
igiru,KI.SAG.SAL,CM
igištu,IGI.DU,CM
igu,IGI,CM
ih,HI×NUN,CM
ih2,ALEPH,CM
ii,I.A,CM
ik,IG,CM
iku,GAN2,CM
iku2,GA2×AŠ,CM
il,IL,CM
il10,AL,CM
il2,IL2,CM
il3,AN,CM
il4,DIŠ,CM
il5,EL,CM
il6,AL×ŠE,CM
il8,IL×GAN2@t,CM
il9?,LIL,CM
ila,AN,CM
ila2,IL2,CM
ilamma?,LAGAB×IM,CM
ilar,RU,CM
ilba,GA2,CM
ilba2,KASKAL.KUR,CM
ildag,SUD2,CM
ildag2,GUD×A+KUR,CM
ildag3,GUD×KUR,CM
ildag4,GEŠTIN×KUR,CM
ildagx(|A.GUD×KUR|),A.GUD×KUR,CM
ildu,IGI.EŠ2.DU.ERIN2,CM
ildu2,IGI.NAGAR.BU,CM
ildu3,NAGAR.BU,CM
ildum,IGI.EŠ2.DU.ERIN2,CM
ildum2,IGI.NAGAR.BU,CM
ildum3,NAGAR.BU,CM
ilduma,IGI.EŠ2.DU.ERIN2,CM
ilduma2,IGI.NAGAR.BU,CM
ilduma3,NAGAR.BU,CM
ildumma,IGI.EŠ2.DU.ERIN2,CM
ildumma2,IGI.NAGAR.BU,CM
ildumma3,NAGAR.BU,CM
ildumx(BU),BU,CM
ildumx(NAGAR),NAGAR,CM
ildux(|IGI.NAGAR|),IGI.NAGAR,CM
ili,AN,CM
ili2,IL2,CM
ili5,EL,CM
ili6,DIŠ,CM
ili7,AN.ME.U.U.U,CM
ilimmu2,TAB.TAB.TAB.TAB.AŠ,CM
ilimmu3,ILIMMU3,CM
ilimmu4,ILIMMU4,CM
ilix(NI),NI,CM
illa,NAGAR,CM
illag,LAGAB,CM
illamma,LAGAB×IM,CM
illar,RU,CM
illat,KASKAL.KUR,CM
illatu,KASKAL.KUR,CM
illil,EN.KID,CM
illil2,U&U.U&U.U,CM
illu,A.KAL,CM
illulu,RU,CM
illur,RU,CM
illuru,RU,CM
ilu,AN,CM
ilumer,IM,CM
ilumer2,URU×IGI,CM
ilumer3,LUL,CM
ilx(GAN2@t),GAN2@t,CM
ilx(|AL.ŠE|),AL.ŠE,CM
im,IM,CM
im2,DU@s,CM
im3,NINDA2×NE,CM
im5?,DU@g,CM
im6,DU,CM
imdudu,MUŠ,CM
imerix(GIR3),GIR3,CM
imex(IM),IM,CM
imgaga,AŠ2.A.AN,CM
imgaga2,AŠ2.AN.NA,CM
imgaga3,AŠ2.AN,CM
imgagax(|AŠ2.A|),AŠ2.A,CM
imhur2,IGI.BI,CM
imhur3,IGI.GA,CM
imhur4,IGI.A,CM
imi,IM,CM
imi2,GA2×AN,CM
imin,IMIN,CM
imin2,TAB.TAB.TAB.AŠ,CM
imin3,AŠ&AŠ&AŠ.AŠ&AŠ&AŠ.AŠ,CM
imina,IMIN,CM
imina2,TAB.TAB.TAB.AŠ,CM
imina3,AŠ&AŠ&AŠ.AŠ&AŠ&AŠ.AŠ,CM
imma,KA×UD,CM
imma2,KA×A,CM
imma3,IGI@g,CM
immal,NUN.LAGAR×MAŠ,CM
immal2,NUN.LAGAR×SAL,CM
immal3,GAR.ŠU.DUGUD,CM
immalx(|NUN.LAGAR|),NUN.LAGAR,CM
immax?(|LAGAB×IGI@g|),LAGAB×IGI@g,CM
immeli?,KA×A,CM
immen,KA×UD,CM
immen2,KA×A,CM
immin,KA×UD,CM
immin2,KA×A,CM
immindu,LAGAB×IM,CM
immindu2,LAGAB×GAR,CM
imminte,KA×ME+TE,CM
imĝaĝa,AŠ2.A.AN,CM
imĝaĝa2,AŠ2.AN.NA,CM
imĝaĝa3,AŠ2.AN,CM
imĝaĝax(|AŠ2.A|),AŠ2.A,CM
in,IN,CM
in4,EN,CM
in5,SAL.TUG2,CM
in6,AŠ,CM
ina,AŠ,CM
ina2,IGI,CM
inana,MUŠ3,CM
inanna,MUŠ3,CM
inbir,LU2@LU2,CM
inbirx(|LU2.LU2|),LU2.LU2,CM
inda,NINDA2,CM
inda2?,LAGAB×A.TAR,CM
inda3,GAR,CM
inda4,LAGAB×GAR,CM
inda5,LAGAB×IM,CM
indagarax?(|NINDA2×AŠ|),NINDA2×AŠ,CM
indagra,NINDA2×GUD,CM
ingar,E2.SIG4,CM
ini,IN,CM
ini2,IGI,CM
ini4,IGI.MIN,CM
inim,KA,CM
inini,MUŠ3,CM
inna,DARA4,CM
innana,MUŠ3,CM
innin,MUŠ3,CM
inta3?,GAR,CM
inu2,IGI,CM
inšušinak,MUŠ3.EREN,CM
ip,IB,CM
ip2,TUM,CM
ipig,SIG,CM
iq,IG,CM
ir,IR,CM
ir11,ARAD×KUR,CM
ir13,LU2×EŠ2@t,CM
ir17,DUN3@g@g,CM
ir2,A.IGI,CM
ir3,ARAD,CM
ir4,URU,CM
ir5,HI×AŠ2,CM
ir6,A×IGI,CM
ir7?,KASKAL,CM
ir9,GIR3,CM
ira2,A.IGI,CM
irbura,TAK4,CM
irda,ARAD,CM
ire14,IR,CM
irgi,GIR3.ZA@t,CM
irhan,MUŠ,CM
irhandix(|KA×GIŠ%GIŠ|),KA×GIŠ%GIŠ,CM
iri,URU,CM
iri11,AB@g,CM
iri12,AB,CM
iri14,IR,CM
iri8,IDIM,CM
irib,AŠGAB,CM
irib2,LAGAB×LUL,CM
iribura,NUN%NUN,CM
irigal,AB×GAL,CM
irimmax(|URU×GAR|),URU×GAR,CM
irina,MUŠ%MUŠ.A.NA,CM
irišeb,URU×HA,CM
irkab,GAR.IB,CM
irtu,GABA,CM
irx(GIR2),GIR2,CM
irx(|GIR3×GAN2@t|),GIR3×GAN2@t,CM
irx?(|LU2×EŠ2.LAL|),LU2×EŠ2.LAL,CM
is,GIŠ,CM
is2,IŠ,CM
is3,AB,CM
is5,U.U.U,CM
isi,IŠ,CM
isi2,GUL,CM
isi3,U.AD,CM
isib,ME,CM
isim2,GUL,CM
isim3,U.AD,CM
isimu2,GUL,CM
isimu3,U.AD,CM
isimu4,PAP.IGI@g.NUN.ME,CM
isimud,PAP.IGI@g,CM
isin,PA.ŠE,CM
isin2,IN,CM
isinx(|ŠE.IGI.TUR|),ŠE.IGI.TUR,CM
isiš,IŠ,CM
isiš2,A.IGI,CM
isiš3,A×IGI,CM
iski,E2,CM
iskim,IGI.DUB,CM
isurungal,UD.NUN,CM
it,A2,CM
it2,A.LAGAB×HAL,CM
ita4,AN.A.LAGAB×HAL,CM
ita5,A.LAGAB×HAL,CM
itax(|UD.AN.ŠEŠ.KI|),UD.AN.ŠEŠ.KI,CM
iti,UD×U+U+U,CM
iti2,UD@s×BAD,CM
iti3,KASKAL.UD@s,CM
iti4,AN.A.LAGAB×HAL,CM
iti5,A.LAGAB×HAL,CM
iti7?,UD×U+U+U.AN.ŠEŠ.KI,CM
itid,UD×U+U+U,CM
itid2,UD@s×BAD,CM
itim,GA2×MI,CM
itima,GA2×MI,CM
itima2,UD×MI,CM
itimax(|E2.MI|),E2.MI,CM
itimax(|E2×MI|),E2×MI,CM
itix(|UD.ŠEŠ.KI|),UD.ŠEŠ.KI,CM
itu,UD×U+U+U,CM
itu2,UD@s×BAD,CM
itu4,AN.A.LAGAB×HAL,CM
itu5,A.LAGAB×HAL,CM
itud,UD×U+U+U,CM
itud2,UD@s×BAD,CM
itudx(UD@s),UD@s,CM
itudx(|UD.AN.ŠEŠ.KI|),UD.AN.ŠEŠ.KI,CM
itudx(|UD×BAD|),UD×BAD,CM
iu,I.A,CM
iu2,PI,CM
iw,PI,CM
ix(|A.LAGAB×A|),A.LAGAB×A,CM
ix(|LAGAB×A|),LAGAB×A,CM
ix(|LAGAB×HAL.A|),LAGAB×HAL.A,CM
iya,A.A,CM
iyi,A.A,CM
iyu,A.A,CM
iyya,A.A,CM
iyyi,A.A,CM
iyyu,A.A,CM
iz,GIŠ,CM
iz2,IŠ,CM
iz3,AB,CM
izen,EZEN,CM
izi,NE,CM
izi2,KI.NE,CM
izid,EŠ2,CM
izim,EZEN,CM
izin,EZEN,CM
izkim,IGI.DUB,CM
izu,NE,CM
izun,EZEN,CM
iĝ3,NINDA2×NE,CM
iś,IŠ,CM
iş,GIŠ,CM
iş2,IŠ,CM
iş3,AB,CM
işu,GIŠ,CM
iš,IŠ,CM
iš10,UŠ,CM
iš11,LAM×KUR,CM
iš2,KASKAL,CM
iš3,U.U.U,CM
iš4,DIŠ,CM
iš5,KA,CM
iš6,GIŠ,CM
iš7,AB,CM
iš8,AŠ@z,CM
iš9,EŠ2,CM
išdu,DU@g,CM
išdumx(DU@g),DU@g,CM
išgurx(IM),IM,CM
išhara,GA2×GAR,CM
išhara2,ŠA3.LAGAB,CM
išhara3,LAGAB.LAGAB,CM
išhara4,GA2×PA,CM
išhur4,GA2×PA,CM
išhuru,GA2×GAR,CM
išhuru2,URU×IGI,CM
išhuru3,GAN2,CM
išhuru4,GA2×PA,CM
išhuru5,GA2×IŠ+HU+AŠ,CM
išhurum3,GAN2,CM
iši,IŠ,CM
iši2,ŠU2.ANx3,CM
išib,ME,CM
išin,PA.ŠE,CM
iškila?,ŠA3×A,CM
iškili?,ŠA3×A,CM
iškur,IM,CM
išla,ŠA3×A,CM
išli,ŠA3×A,CM
ištar,MUŠ3,CM
ištaran,KA.DI,CM
išuruengal,A.LAGAB×HAL.UD.NUN.KI,CM
iššebu,DIC.DIC.DIC.U.U,CM
iššebux(|DIŠ.DIŠ.DIŠ.U.U.U|),DIŠ.DIŠ.DIŠ.U.U.U,CM
iţ,A2,CM
ka,KA,CM
ka...,GA2×AN.X,CM
ka10,LUL.A,CM
ka11,TE.A,CM
ka13,HI×BAD,CM
ka14,ZU,CM
ka15,KAK,CM
ka2,KA2,CM
ka3,GA,CM
ka4,SILA3,CM
ka5,LUL,CM
ka6,PEŠ2,CM
ka7,DU@s,CM
ka8?,BI,CM
ka9,ŠID,CM
kab,KAB,CM
kab2,KA×A,CM
kabar,PA.DAG.KISIM5×KAK,CM
kabar2,DAG.KISIM5×KAK,CM
kabta,TA@g,CM
kabx(|SAG×A|),SAG×A,CM
kad,GAD,CM
kad2,KAD2,CM
kad3,KAD3,CM
kad4,KAD4,CM
kad5,KAD5,CM
kad6,AŠ@z&AŠ@z&AŠ@z&AŠ@z,CM
kad8,AŠ&AŠ&AŠ%AŠ&AŠ&AŠ,CM
kadra,GAR.ŠA3.A,CM
kadra2?,GAR.ŠA3,CM
kadra3,GAR.ŠA3×A,CM
kadrax(|ŠA3.A|),ŠA3.A,CM
kadri,GAR.ŠA3.A,CM
kadri3,GAR.ŠA3×A,CM
kadru,GAR.ŠA3.A,CM
kadru3,GAR.ŠA3×A,CM
kadx(LAK171@s),LAK171@s,CM
kag2,KA,CM
kagar,IG,CM
kak,KAK,CM
kak2,KA,CM
kakkala,KU7,CM
kakkuda,KU7,CM
kakkul,U.DIM×ŠE,CM
kakkul2,DIM×ŠE,CM
kakkul3,U.DIM,CM
kakkula,KU7,CM
kakkuša,KU7,CM
kakra,IM,CM
kakru,IM,CM
kaku,DU@s,CM
kal,KAL,CM
kal2,GAL,CM
kal3,KAK,CM
kal4,SAL,CM
kala,KAL,CM
kala10,LAGAB×DAR,CM
kala2,SAL.LA,CM
kala3,LAGAB×U,CM
kala4,LAGAB×AL,CM
kala5,LAGAB×KI,CM
kalag,KAL,CM
kalaga,KAL,CM
kalam,UN,CM
kalam2?,HI×ŠE,CM
kalama,UN,CM
kalamx(UN@g),UN@g,CM
kalax(GAN2),GAN2,CM
kalbu,UR,CM
kalga,KAL,CM
kam,HI×BAD,CM
kam2,KAM2,CM
kam3,KAD4,CM
kam4,KAM4,CM
kama,HI×BAD,CM
kama5,LU2×HI×BAD,CM
kamaš,DU@s,CM
kamuš,GUD,CM
kamx(LAK171@s),LAK171@s,CM
kamx(TAK4),TAK4,CM
kan,GAN,CM
kan2,GAN2,CM
kan3,SAG×MI,CM
kan4,KA2,CM
kan5,KA×MI,CM
kan6,KA×GAN2@t,CM
kana,GAN,CM
kana2,GAN2,CM
kana3,SAG×MI,CM
kana5,KA×MI,CM
kana6,KA×GAN2@t,CM
kana7,GIŠ@t,CM
kanam,UN,CM
kanaĝ,UN,CM
kankal,KI.KAL,CM
kankan,KA2,CM
kap,KAB,CM
kapa,KAB,CM
kapar,PA.DAG.KISIM5×KAK,CM
kapara3?,LU2.LU2.LU2.LU2,CM
kaptu,DUGUD,CM
kaq,KAK,CM
kar,TE.A,CM
kar2,GAN2@t,CM
kar3,GAR3,CM
kar4,HA@g,CM
kar5,GAR,CM
kara,TE.A,CM
kara2,GAN2@t,CM
kara4,KAD4,CM
kara6,GUR7,CM
karadin,(ŠE.NUN&NUN)&(ŠE.NUN&NUN).GAD&GAD.GAR&GAR,CM
karadin10,U&U.PA&PA.GAR&GAR,CM
karadin2,ŠE&ŠE.GAD&GAD.GAR&GAR,CM
karadin3,ŠE&ŠE.TAB&TAB.GAR&GAR,CM
karadin4,(ŠE.NUN&NUN)&(ŠE.NUN&NUN).LAGAB.LAGAB,CM
karadin5?,LAGAB.LAGAB,CM
karadin6?,(ŠE.NUN&NUN)&(ŠE.NUN&NUN),CM
karadin7,ŠE&ŠE.PA&PA.GAR&GAR,CM
karadin8,ŠE&ŠE.GAR&GAR,CM
karadin9,U&U.SUR&SUR,CM
karam,GA2×UD,CM
karax(LAK171@s),LAK171@s,CM
karax(ZI3),ZI3,CM
karaš,KI.KAL×BAD,CM
karaš2,KI.KAL,CM
karašx(|KI.KAL.BAD.IDIM|),KI.KAL.BAD.IDIM,CM
karašx(|KI.KAL.BAD|),KI.KAL.BAD,CM
karašx(|LU2.LU2.LU2.LU2|),LU2.LU2.LU2.LU2,CM
karkar,IM,CM
karkara,IM,CM
karx(GAN2),GAN2,CM
karx(LAK171@s),LAK171@s,CM
karx(ZI3),ZI3,CM
karx?(KAD4),KAD4,CM
kas,KASKAL,CM
kas2,BI,CM
kas3,GUM×ŠE,CM
kas4,DU@s,CM
kas5,DU@g,CM
kas6,GUM,CM
kas7,ŠID,CM
kasa,KASKAL,CM
kaskal,KASKAL,CM
kat,GAD,CM
kat2,KAD2,CM
kat3,KAD3,CM
kat4,KAD4,CM
kat5,KAD5,CM
kat7,ŠU,CM
kata3,KAD3,CM
kaz,GUM×ŠE,CM
kaz8,HI×AŠ,CM
kaz9?,UD.HI×AŠ2,CM
kazab,U2,CM
kazabu,U2,CM
kazabur,U2,CM
kazaza,HI×AŠ,CM
kazbi,U2,CM
kazbu,U2,CM
kaĝeškarax(|GIŠ.KA.KAD4|),GIŠ.KA.KAD4,CM
kaş,BI,CM
kaş3,GUM×ŠE,CM
kaš,BI,CM
kaš-bir8,BI.A.SUD,CM
kaš2,KASKAL,CM
kaš3,UŠ×A,CM
kaš4,DU@s,CM
kaš5,DU,CM
kaš6,GUM×ŠE,CM
kašbir,BI.A.SUD,CM
kašbirx(|A.SUD|),A.SUD,CM
kaššeba2,ALAN,CM
kaššeba3?,GUD&GUD.LUGAL,CM
kaššebi2,ALAN,CM
kaššebi3?,GUD&GUD.LUGAL,CM
ke,KI,CM
ke2,GI,CM
ke3,AK,CM
ke4,KID,CM
ke5,DIM2,CM
kel,LAGAB,CM
kel3,LAGAB.LAGAB,CM
kele,LAGAB,CM
kenke,KIN.KIN,CM
keš18,UD.KUŠU2,CM
keš2,KEŠ2,CM
keš3,ŠU2.AN.HI×GAD,CM
keš4,SAG@n,CM
keš7?,DAG.KISIM5×GI,CM
keš8,DAG.KISIM5×GIR2,CM
keš9,DAG.KISIM5×U2+GIR2,CM
kešda,KEŠ2,CM
keše2,KEŠ2,CM
keše4,SAG@n,CM
keši18,UD.KUŠU2,CM
keši2,KEŠ2,CM
keši3,ŠU2.AN.HI×GAD,CM
kešx(KIŠ),KIŠ,CM
kešx(U2),U2,CM
ki,KI,CM
ki2,GI,CM
ki3,AK,CM
ki4,KID,CM
ki5,DIM2,CM
ki6,ZU,CM
ki7,KAK,CM
ki8,GI4,CM
kib,GIŠ%GIŠ,CM
kibini,KI.BI.NI,CM
kibir2,ŠU2.AŠ2,CM
kibir3,ŠU2.AN,CM
kibsur,GAR.LAGAB,CM
kibšur,GAR.LAGAB,CM
kid,KID,CM
kid10,BU,CM
kid2,TAK4,CM
kid3,AK,CM
kid4,ŠID,CM
kid5,KAD4,CM
kid6,KAD5,CM
kid7,IM×TAK4,CM
kid8,SAL.TAK4,CM
kid9,GAD,CM
kidx(LAK171@s),LAK171@s,CM
kig2,KIN,CM
kik,GIG,CM
kikken,HI×AŠ2,CM
kikken2,HI×AŠ2.HI×AŠ2,CM
kikkin,HI×AŠ2,CM
kikkin2,HI×AŠ2.HI×AŠ2,CM
kikla,KI.KAL,CM
kil,LAGAB,CM
kil2,GI%GI,CM
kil3,LAGAB.LAGAB,CM
kil4,GAD.TAK4,CM
kilahha,KI.UD.A,CM
kilax(|LAGAB.LAGAB|),LAGAB.LAGAB,CM
kili,LAGAB,CM
kili3,LAGAB.LAGAB,CM
kilib,LAGAB,CM
kilib3,LAGAB.LAGAB,CM
kilibu,U2,CM
kilim,PEŠ2,CM
kilim2,GI%GI,CM
kilim3,GI.KAK,CM
kilin,PEŠ2,CM
kilux(|LAGAB.LAGAB|),LAGAB.LAGAB,CM
kilx(|GI4&GI4|),GI4&GI4,CM
kim,DIM2,CM
kim2,KAD4,CM
kim3,BU,CM
kim4,DU@s,CM
kim5,DU@g,CM
kim6,DU,CM
kimin,KI.MIN,CM
kimx(KAD5),KAD5,CM
kimx(KIN),KIN,CM
kimx(LAK171@s),LAK171@s,CM
kin,KIN,CM
kin2,HI×AŠ2,CM
kin3,KUR,CM
kin4,LAGAB.LAGAB,CM
kin5?,URU×BAR,CM
kin7,DU,CM
kin8,DIM2,CM
kinbur,LAGAB×A+LAL,CM
kinda,GAD&GAD.GAR&GAR,CM
kinda2,URI,CM
kindagal,GAL.GAD&GAD.GAR&GAR,CM
kindagal2,GAL.URI,CM
kindaĝal,GAL.GAD&GAD.GAR&GAR,CM
kinga?,KIN,CM
kingal,GAL.URU×BAR,CM
kingusila,KINGUSILI,CM
kingusili,KINGUSILI,CM
kingusili2,U&U.U&U.U,CM
kinkin,HI×AŠ2,CM
kinkin2,HI×AŠ2.HI×AŠ2,CM
kinx(|ŠE.KIN|),ŠE.KIN,CM
kip,GIŠ%GIŠ,CM
kir,HA@g,CM
kir10,GIR3,CM
kir11,SAL.GA2×PA,CM
kir12?,U.EN×GAN2@t,CM
kir13,U.AD,CM
kir14,KA×KAK,CM
kir2,AB2×ŠA3,CM
kir3,LAGAB,CM
kir4,KA,CM
kir5,IDIM,CM
kir6,AB2×GAN2@t,CM
kir7,NIM×GAR+GAN2@t,CM
kir8,TE.A,CM
kir9,HA,CM
kiraš,ARAD×KUR,CM
kiraši,AŠ2.A.AN,CM
kirašix(|AŠ2.AN.NA|),AŠ2.AN.NA,CM
kirašix(|AŠ2.AN|),AŠ2.AN,CM
kirbanu?,ŠID×A,CM
kiri,HA@g,CM
kiri2,GAN2@t,CM
kiri3,KA,CM
kiri4,ŠA3×A,CM
kiri5,GIR3,CM
kiri6,SAR,CM
kiri7,KEŠ2,CM
kiri8,ŠID,CM
kiri9,AB2×ŠA3,CM
kirid,KEŠ2,CM
kirim?,DAG.KISIM5×GIR2,CM
kiris,KEŠ2,CM
kirit,KEŠ2,CM
kirix(ZI3),ZI3,CM
kirix(|KA×IM|),KA×IM,CM
kirix(|U.AD|),U.AD,CM
kirrux(|U.EN×GAN2@t|),U.EN×GAN2@t,CM
kirx(|AB2.ŠA3|),AB2.ŠA3,CM
kirx(|AB2×TAK4|),AB2×TAK4,CM
kis,KIŠ,CM
kis2,GIŠ,CM
kisal,KISAL,CM
kisi,UŠ×A,CM
kisig,EZEN×KU3,CM
kisig2,EZEN×IGI@g,CM
kisiga,EZEN×KU3,CM
kisim,DAG.KISIM5×U2+GIR2,CM
kisim2,DAG.KISIM5×SI,CM
kisim3,DAG.KISIM5×LU+MAŠ2,CM
kisim4,DAG.KISIM5×GIR2,CM
kisim5,KISIM5,CM
kisim6,GA.LAGAB,CM
kisim7,DAG.KISIM5×GA,CM
kisix(|DAG.KISIM5×GIR2|),DAG.KISIM5×GIR2,CM
kislah,KI.UD,CM
kislah2,KI×UD,CM
kislah3,KI.KAL,CM
kissa,KI.ŠEŠ.KAK,CM
kit,KID,CM
kit10,BU,CM
kit2,TAK4,CM
kit9,GAD,CM
kitim,GIDIM,CM
kizlah,KI.UD,CM
kiĝ,GIG,CM
kiĝ2,KIN,CM
kiş,KIŠ,CM
kiš,KIŠ,CM
kiš16,U2.GIR2@g,CM
kiš2,KEŠ2,CM
kiš5,PEŠ2,CM
kiša,U2.GIR2@g,CM
kiša2,GIR2@g,CM
kišag,EZEN×KU3,CM
kišeg,U2.GIR2@g,CM
kišeg2,GIR2@g,CM
kišek,U2.GIR2@g,CM
kišer,GIR3.BAR,CM
kišex(KIŠ),KIŠ,CM
kiši,KIŠ,CM
kiši10,U.PIRIG,CM
kiši11,IDIM&IDIM.BUR,CM
kiši12,NUN.ŠE,CM
kiši13,HI×NUN.KASKAL,CM
kiši14,ŠU2.NAGA,CM
kiši15,KASKAL.HI×NUN,CM
kiši16,U2.GIR2@g,CM
kiši17,GIR2@g,CM
kiši2,KEŠ2,CM
kiši3,ŠU2.AN.HI×GAD,CM
kiši4,SAG@n,CM
kiši5,PEŠ2,CM
kiši6,ŠEG9,CM
kiši7,DAG.KISIM5×GI,CM
kiši8,DAG.KISIM5×GIR2,CM
kiši9,DAG.KISIM5×U2+GIR2,CM
kišib,MES,CM
kišib2,PEŠ2,CM
kišib3,DUB,CM
kišig,U2.GIR2@g,CM
kišig2,GIR2@g,CM
kišik,U2.GIR2@g,CM
kišik2,GIR2@g,CM
kišim5,KISIM5,CM
kišix(|KI.SAG@n|),KI.SAG@n,CM
kišādu,GU2,CM
kiţ,KID,CM
ku,KU,CM
ku10,MI,CM
ku10-ku10,MI,CM
ku11,KI,CM
ku12,DAG.KISIM5×X,CM
ku13,GUM,CM
ku14,KUN,CM
ku15,GUD,CM
ku16,NE,CM
ku2,KA×GAR,CM
ku3,KU3,CM
ku3-babbar,KU3.UD,CM
ku3-sig17,KU3.GI,CM
ku4,KU4,CM
ku5,TAR,CM
ku6,HA,CM
ku7,KU7,CM
ku7-ku7,KU7.KU7,CM
ku8,GU,CM
ku9,KUL,CM
kua,HA,CM
kua2,UD.KUŠU2,CM
kuar,HA.A,CM
kuar2,A.HA,CM
kuara,HA.A,CM
kuara2,A.HA,CM
kub,DU,CM
kub4?,KID,CM
kud,TAR,CM
kud3,KU,CM
kud5,KU7,CM
kud6,KAD3,CM
kudma,TAR,CM
kug,KU3,CM
kugre,KA×GUR7,CM
kugu,HI,CM
kugur,KA×GUR7,CM
kuia,UD.KUŠU2,CM
kuk,KU3,CM
kuk2,LU3,CM
kukku,KU7.KU7,CM
kukku2,MI.MI,CM
kukku3,KI.KI,CM
kukku4,KI.MUŠ3@g,CM
kukku5,MI,CM
kukkuda,KU7,CM
kukkuda2,IŠ,CM
kukkug2,MI.MI,CM
kukkuš,IŠ,CM
kukkuša,KU7,CM
kuksu,TAR,CM
kuksu2,KAK.TAR,CM
kuku5,MI,CM
kukuda2,IŠ,CM
kukula,KU7,CM
kukux(|LUGAL&LUGAL|),LUGAL&LUGAL,CM
kul,KUL,CM
kul2,GUL,CM
kula,KUL,CM
kulkul,KA×GA.SAG,CM
kulla,SIG4,CM
kullux(SIG4),SIG4,CM
kulu,KUL,CM
kulx(BAL),BAL,CM
kulx(|GIŠ.KUL|),GIŠ.KUL,CM
kum,GUM,CM
kum2,NE,CM
kum3,EZEN×KASKAL,CM
kum4,UD,CM
kumx(PA),PA,CM
kumx(|GUM×ŠE|),GUM×ŠE,CM
kun,KUN,CM
kun10,KIN,CM
kun2,PA,CM
kun3,GUM,CM
kun4,I.LU,CM
kun5,TUR.EŠ2,CM
kun8,MAŠ2,CM
kun9,NE,CM
kunga,ŠU2.ANx3,CM
kunga2,ŠU2.AN,CM
kunga3,ANx3,CM
kungal,HUL2,CM
kungax(|BAR.AN&AN.AN|),BAR.AN&AN.AN,CM
kungi,ŠU2.ANx3,CM
kungi2,ŠU2.AN,CM
kungi3,ANx3,CM
kunigara,AN.BARA2,CM
kunigara2,AN.MUŠ,CM
kunigara3,AN.TU,CM
kunigara4,MUŠ%MUŠ,CM
kunigara5,A.LU3,CM
kunin,LAGAB×KUL,CM
kunin2,LAGAB×A,CM
kunin3?,LAGAB×BI,CM
kuninx(|A.LAGAB×KUL|),A.LAGAB×KUL,CM
kuninx(|LAGAB×GAR|),LAGAB×GAR,CM
kunu,KUN,CM
kunx?(LUM),LUM,CM
kup,DU,CM
kup3,HUB2,CM
kup4?,KID,CM
kur,KUR,CM
kur11,NUN@t.KI,CM
kur12,URU×GU,CM
kur14,E.TUM,CM
kur15,GA,CM
kur2,PAP,CM
kur3,GUR,CM
kur4,LAGAB,CM
kur5,TAR,CM
kur6,PAD,CM
kur7,IGI.ERIN2,CM
kur8?,KA×GAR,CM
kur9,KU4,CM
kurinx(DUG),DUG,CM
kurku,ME.AN.ŠE.NAGA,CM
kurku2,KA.AN.NI.SI,CM
kurnun?,LAL2,CM
kurrunx(GURUN),GURUN,CM
kuru,E.SUD.HUB2×UD,CM
kuru11,NUN@t.KI,CM
kuru13,GUR7,CM
kuru14,E.TUM,CM
kuru2,PAP,CM
kuru4,LAGAB,CM
kuru5,TAR,CM
kuru7,IGI.ERIN2,CM
kurud,NUN@t.KI,CM
kuruda,NUN@t.KI,CM
kurul14,E.TUM,CM
kurulx(|E.TUM.GA2×NUN&NUN|),E.TUM.GA2×NUN&NUN,CM
kurum10,DUG,CM
kurum5,TAR,CM
kurum6,PAD,CM
kurum7,IGI.ERIN2,CM
kurummax(PAD),PAD,CM
kurun,BI.DIN,CM
kurun2,DIN,CM
kurun3,DUG,CM
kurun5,BI.MI,CM
kurun6,GURUN,CM
kurunx(|BAD.IGI.BAD|),BAD.IGI.BAD,CM
kurunx(|IDIM&IDIM.BUR|),IDIM&IDIM.BUR,CM
kurunx(|IDIM&IDIM×4|),IDIM&IDIM×4,CM
kurunx(|IDIM×4|),IDIM×4,CM
kurunx(|TAB×4|),TAB×4,CM
kuruš,KU7,CM
kurušda,KU7,CM
kurušdax(KWU822),KWU822,CM
kurx(DU),DU,CM
kurx(KU4~a),KU4~a,CM
kurx(LIL),LIL,CM
kus,SU,CM
kus2,LUM,CM
kut,TAR,CM
kut2,GAD,CM
kutu,TAR,CM
kutu2?,RA.RA,CM
kuwa2,UD.KUŠU2,CM
kux(DU),DU,CM
kux(GAR),GAR,CM
kux(KU4~a),KU4~a,CM
kux(LAGAB),LAGAB,CM
kux(|NIM×GAN2@t|),NIM×GAN2@t,CM
kuya2,UD.KUŠU2,CM
kuyax(|SAL.KUŠU2|),SAL.KUŠU2,CM
kuz,SU,CM
kuz3,KU,CM
kuzbi,U2,CM
kuzbu,U2,CM
kuĝ4,I.LU,CM
kuĝ5,TUR.EŠ2,CM
kuĝx?(LUM),LUM,CM
kuş2,LUM,CM
kuš,SU,CM
kuš10,PEŠ2,CM
kuš2,SAG@g,CM
kuš3,U2,CM
kuš4,PA.AN,CM
kuš5,U.PIRIG,CM
kuš6,KU7,CM
kuš7,IŠ,CM
kuš8,HUL2,CM
kuš9,KUŠU2,CM
kušax(|UD.KUŠU2|),UD.KUŠU2,CM
kušdim,GUD,CM
kušgim,GUD,CM
kušlug,KI.NE,CM
kušu,U.PIRIG,CM
kušu2,KUŠU2,CM
kušu3,UD.KUŠU2,CM
kušu4,SAG@g,CM
kušum,BI.LUL,CM
kušum2,LUL,CM
kušum3,GUD,CM
kušum4,U.PIRIG,CM
kušumx(U2),U2,CM
kušux(|SAL.KUŠU2|),SAL.KUŠU2,CM
kušx(|SAL.KUŠU2|),SAL.KUŠU2,CM
la,LA,CM
la'u,LAL2,CM
la'u3,LAL2.NI,CM
la'u4,LAL2.KAK,CM
la'u5,LAL2.A,CM
la'u6,LAL.NI,CM
la'u7,LAL.KAK,CM
la'ux(|LAL2.U|),LAL2.U,CM
la10,ŠID,CM
la12,LAM,CM
la2,LAL,CM
la3,NU,CM
la4?,DU&DU,CM
la5,LAL2,CM
la6,KAL,CM
la7,UD,CM
la8,EDIN,CM
lab,KAL,CM
lab2?,LUL,CM
laban,EZEN×LA,CM
lag,ŠID,CM
lagab,LAGAB,CM
lagabx(GUD),GUD,CM
lagal,LAGAR,CM
lagar,LAGAR,CM
lagar2,SAL.ME,CM
lagar3,SAL.HUB2,CM
lagarx(SAL),SAL,CM
lagas,NU11.BUR.LA,CM
lagasa,NU11.BUR.LA,CM
lagaš,NU11.BUR.LA,CM
lagaša,NU11.BUR.LA,CM
lah,UD,CM
lah2,ERIN2,CM
lah3,LUH,CM
lah4,DU&DU,CM
lah5,DU.DU,CM
lah6,DU,CM
lah7,DU@s.DU@s,CM
laha3?,LUH,CM
laha4,DU&DU,CM
laha5,DU.DU,CM
lahar,LAGAB×GUD+GUD,CM
lahar2,DARA4,CM
laharx(|SIK2.AŠ|),SIK2.AŠ,CM
lahhušu,SIG4&SIG4.ŠU2,CM
lahhušux(|SIG4.SIG4.ŠU2|),SIG4.SIG4.ŠU2,CM
lahra?,AŠ2.A.AN,CM
lahrax(|LAGAB×GUD+GUD|),LAGAB×GUD+GUD,CM
lahru,LAGAB×GUD+GUD,CM
lahrum,LAGAB×GUD+GUD,CM
lahrum2,DARA4,CM
lahrux(|SIK2.AŠ|),SIK2.AŠ,CM
lahta6,DAG.KISIM5×LA,CM
lahtan,NUNUZ.AB2×LA,CM
lahtan2,NUNUZ.AB2×SILA3,CM
lahtan3,NUNUZ.KISIM5×BI.U,CM
lahtan4,NUNUZ.AB2×NE,CM
lahtan5,NUNUZ.AB2×DUG,CM
lahtan6,DAG.KISIM5×LA,CM
lahtax(|NUNUZ.AB2×LA|),NUNUZ.AB2×LA,CM
lahx(|DU&DU.DU&DU|),DU&DU.DU&DU,CM
lahx(|DU.DU.DU.DU|),DU.DU.DU.DU,CM
lahšu,LAHŠU,CM
lak,ŠID,CM
laka,ŠID,CM
lal,LAL,CM
lal'u,LAL2,CM
lal'u3,LAL2.NI,CM
lal'u4,LAL2.KAK,CM
lal'u5,LAL2.A,CM
lal'u6,LAL.NI,CM
lal'u7,LAL.KAK,CM
lal-lal,LAL2,CM
lal2,LAL2,CM
lal3,TA×HI,CM
lal5?,ŠU2.U.U.U,CM
lal6?,ŠU2.NE,CM
lala2,KAL,CM
lalah,DU&DU,CM
lalah2,DU.DU,CM
lalahx(|DU.DU.DU.DU|),DU.DU.DU.DU,CM
lalla,LAL2,CM
lalla2,IGI.IGI,CM
lallal,LAL2,CM
lam,LAM,CM
lam2,NE,CM
lam3,DAM,CM
lam4,LIMMU2,CM
lam5,IGI,CM
lam7?,LAM×KUR,CM
lama,LAM,CM
lama2,NE,CM
lama3,KAL,CM
lamahuš,ZI&ZI.LAGAB,CM
lamahušx(|A.ZI&ZI|),A.ZI&ZI,CM
lamahušx(|ZI&ZI.A|),ZI&ZI.A,CM
lamahušx(|ZI&ZI.EŠ2|),ZI&ZI.EŠ2,CM
lamassu,KAL,CM
lambi,ŠA3.SAR,CM
lamga?,NAGAR,CM
lamhu,KUR@KUR,CM
lamma,KAL,CM
lammar,KAL,CM
lammax(LAM),LAM,CM
lammu,LIMMU,CM
lammu2,LIMMU2,CM
lammu6?,LAGAB×HAL,CM
lamx(LUM),LUM,CM
lap,KAL,CM
laq,ŠID,CM
lar,PA,CM
larag,UD.UD.AK,CM
larag2,UD.UD,CM
larax(|NUN&NUN|),NUN&NUN,CM
larsa,UD.AB@g,CM
larsa2,UD.AB,CM
larsam,UD.AB@g,CM
larsam2,UD.AB,CM
lat,KUR,CM
laţ,KUR,CM
le,LI,CM
le'um,DUB,CM
le10,DA,CM
le2,NI,CM
le3,IGI,CM
le4,AN,CM
le8,AB2,CM
le9,NE,CM
lel2,KID,CM
lel4?,KISAL,CM
lelle,IGI.IGI,CM
lelli,IGI.IGI,CM
lem,IGI,CM
lem4,NE,CM
lep,LUL,CM
li,LI,CM
li10,DA,CM
li11,NUN,CM
li12,LIŠ,CM
li2,NI,CM
li3,IGI,CM
li5,ŠA,CM
li6,GAN,CM
li7,UR,CM
li8,AB2,CM
li9,NE,CM
lib,LUL,CM
lib2,KAL,CM
lib3,ŠA3,CM
lib4,IGI,CM
lib5?,SAG×UM,CM
libi,LUL,CM
libin,EZEN×LI,CM
libir,IGI.EŠ2,CM
libit,BA,CM
libiš,AB2×ŠA3,CM
libišx(|AB2.ŠA3|),AB2.ŠA3,CM
libišx(|AB2×TAK4|),AB2×TAK4,CM
libx(NI),NI,CM
libx(|NI.LU|),NI.LU,CM
lid,AB2,CM
lid2,NI,CM
lidda,ŠITA,CM
lidda2,ŠA3.DIŠ,CM
liddax(|ŠITA2|),ŠITA2,CM
lidim,AL×DIM2,CM
lidx(|ŠA3.DIŠ|),ŠA3.DIŠ,CM
ligidba,ŠIM.AN.SAL.TUG2.IB,CM
ligidba2,ŠIM.AN.MAŠ,CM
ligim,IGI.TUR.TUR,CM
ligima,IGI.TUR.TUR,CM
ligin,IGI.TUR.TUR,CM
lih,UD,CM
lih2,ERIN2,CM
lih3,LUH,CM
lih4?,LIŠ,CM
lik,UR,CM
lik2,ŠID,CM
lil,LIL,CM
lil2,KID,CM
lil3,ŠU2.U.U.U,CM
lil5,ŠU2.NE,CM
lil6,GU2,CM
lil7,BAHAR2,CM
lil8,LU2@t,CM
lila2,KID,CM
lilib,IGI.IGI,CM
lilis,AB2×BALAG,CM
liliz,AB2×BALAG,CM
lillan,LUGAL,CM
lilli,IGI.IGI,CM
lillu,BAHAR2,CM
lilx(KU4),KU4,CM
lilx?(|ŠU&ŠU@180|),ŠU&ŠU@180,CM
lim,IGI,CM
lim2,LIMMU2,CM
lim3,LAM,CM
lim4,NE,CM
lima,IGI,CM
limi,IGI,CM
limmu,LIMMU,CM
limmu2,LIMMU2,CM
limmu4,AŠ&AŠ&AŠ.AŠ,CM
limmux(LIMMU~a),LIMMU~a,CM
limmux(LIMMU~b),LIMMU~b,CM
limu,LIMMU,CM
limu2,LIMMU2,CM
limu4,AŠ&AŠ&AŠ.AŠ,CM
limx(BUR),BUR,CM
lip,LUL,CM
lip2,KAL,CM
lipiš,AB2×ŠA3,CM
lipišx(|AB2.ŠA3|),AB2.ŠA3,CM
liq,UR,CM
liq2,ŠID,CM
liq3,A.HU.SI,CM
lir,NUN&NUN,CM
liri,ŠU.KAL,CM
liri2,AŠ,CM
liri3,GIŠ%GIŠ,CM
liri4,A2.KAL,CM
liri5,A2.AŠ,CM
liri6,NUN%NUN,CM
liri7,KAL%KAL,CM
liri8,UR%UR,CM
liru,ŠU.KAL,CM
liru2,AŠ,CM
liru3,GIŠ%GIŠ,CM
liru4,A2.KAL,CM
liru5,A2.AŠ,CM
liru6,NUN%NUN,CM
liru7,KAL%KAL,CM
liru8,UR%UR,CM
lirum,ŠU.KAL,CM
lirum2,AŠ,CM
lirum3,GIŠ%GIŠ,CM
lirum4,A2.KAL,CM
lirum5,A2.AŠ,CM
lirum6,NUN%NUN,CM
lirum7,KAL%KAL,CM
lirum8,UR%UR,CM
lirumx(|GA2&GA2|),GA2&GA2,CM
lirumx(|GAN2&GAN2|),GAN2&GAN2,CM
lirumx(|GIŠ%GIŠ.ZA|),GIŠ%GIŠ.ZA,CM
lis,LIŠ,CM
lisi,NE.SI@g,CM
lisin,NE.SI@g,CM
lit,AB2,CM
liti,AB2,CM
lium,GUD.AN.NA,CM
liz,LIŠ,CM
liš,LIŠ,CM
liţ,AB2,CM
liţ2,DUG,CM
liţi,AB2,CM
lu,LU,CM
lu10,DAG.KISIM5×X,CM
lu2,LU2,CM
lu3,LU3,CM
lu4,LUM,CM
lu5,LUL,CM
lu6,UR,CM
lu7,URU×MIN,CM
lu8,URU,CM
lu9,PA,CM
lub,LUL,CM
lubun,EZEN×LU,CM
lud,DUG,CM
lug,LU,CM
lug2,PA,CM
luga,PA.GA2,CM
lugal,LUGAL,CM
lugala,LUGAL,CM
lugud,BAD.UD,CM
lugud2,LAGAB,CM
lugud3,LUM&LUM.GAR&GAR,CM
lugud4,LAGAR×ŠE+SUM,CM
lugx(LAM),LAM,CM
lugx(LUL),LUL,CM
luh,LUH,CM
luhu,LUH,CM
luhum?,LUM.LUM,CM
luhummu,GIŠ.MI,CM
luhumx?(|GIŠ.MI|),GIŠ.MI,CM
luhx(UD),UD,CM
luhša,HI×NUN.ME.U,CM
luhšax(|SUMAŠ.ME|),SUMAŠ.ME,CM
luhšu,HI×NUN.ME.U,CM
lukur,SAL.ME,CM
lul,LUL,CM
lulim,GIR3×LU+IGI,CM
lulima,GIR3×LU+IGI,CM
lulu,LUL,CM
lum,LUM,CM
lum2,IGI,CM
lum3,DUG,CM
luma,LUM,CM
lumgi,ŠIM,CM
lumgi2,ŠIM×A,CM
lumgi3,ŠIM×GAR,CM
lumha,BALAG,CM
lumhax(EGIR),EGIR,CM
lumu,LUM,CM
lumu3,DUG,CM
lumx(MURGU2),MURGU2,CM
lumx(|DUG.DUG|),DUG.DUG,CM
lumx?(|ZU&ZU.SAR|),ZU&ZU.SAR,CM
lun,PA,CM
lunga,ŠIM,CM
lunga2,ŠIM×A,CM
lunga3,ŠIM×GAR,CM
lungax(|BI.DAR|),BI.DAR,CM
lungax(|BI×GAR|),BI×GAR,CM
lup,LUL,CM
lut,DUG,CM
lutu,DUG,CM
lux(LAL),LAL,CM
luĝ2,PA,CM
luĝa,PA.GA2,CM
luţ,DUG,CM
luţu,DUG,CM
lāsimu,DU@s,CM
m/wāşit,UD,CM
ma,MA,CM
ma2,MA2,CM
ma3,GA2,CM
ma4,SAR,CM
ma5,KA×EŠ2,CM
ma6,ME,CM
ma7,MAŠ,CM
ma8,KA×SAR,CM
ma9,PI,CM
mabi,MUŠ3×A+DI,CM
mabi2,A.MUŠ3.DI,CM
mabi3,ZA.MUŠ3.DI,CM
mabix(|A.MUŠ3×A.DI|),A.MUŠ3×A.DI,CM
mabix(|MUŠ3.DI|),MUŠ3.DI,CM
mad,KUR,CM
mada,SAL.UŠ.DAM,CM
madal,BU,CM
madax(|UŠ.DAM|),UŠ.DAM,CM
madla,BU,CM
madlu,BU,CM
magar,BULUG,CM
magara,BULUG,CM
mah,MAH,CM
mah2,AL,CM
mah3,U.KA,CM
maha,MAH,CM
maha2,AL,CM
mahar2?,U.SAR,CM
mahru,IGI.DU,CM
makaš,DIŠ,CM
makaš2,AŠ,CM
makkaš,DIŠ,CM
makkaš2,AŠ,CM
mal,GA2,CM
mal2,SI.A,CM
mal3,IG,CM
mal4?,LIŠ,CM
mala,GA2,CM
malba,KI.LAM,CM
malga?,GA2×GAR,CM
malla,BU,CM
malug?,GA2×AN.LUL,CM
mam,U.U,CM
mam2,SAL,CM
mam3,SAL.MA,CM
mammi,MUŠ3×A+DI,CM
mammi2,A.MUŠ3.DI,CM
mammi3,ZA.MUŠ3.DI,CM
mammix(|A.MUŠ3×A.DI|),A.MUŠ3×A.DI,CM
mammix(|MUŠ3.DI|),MUŠ3.DI,CM
man,U.U,CM
man2,SAL,CM
man3,AŠ.AŠ,CM
mana,U.U,CM
mangaga?,KA×SA,CM
mangara,BULUG,CM
mar,MAR,CM
mar2,AMAR,CM
mar3,GAR,CM
mar6,HI×AŠ2,CM
mara,MAR,CM
mara2,AMAR,CM
marad,AMAR,CM
marad2,AMAR.DA,CM
marduk,AMAR.UD,CM
maru,TUR,CM
mas,MAŠ,CM
massa,DAG.KISIM5×GA+MAŠ,CM
massa2,DAG.KISIM5×A+MAŠ,CM
mat,U2,CM
mat2,BAD,CM
mat3,HU.HI,CM
max(|GA2×AN|),GA2×AN,CM
maz2,MAŠ2,CM
maś?,MAŠ,CM
maş?,MAŠ,CM
maš,MAŠ,CM
maš2,MAŠ2,CM
maš3,MAŠ.PA,CM
maš4,PA,CM
maša,MAŠ,CM
mašaku,MAŠ2,CM
mašammi,U2,CM
mašda,MAŠ.KAK,CM
mašda2,MAŠ.EN.KAK,CM
mašda3,MAŠ.KAK.EN,CM
mašda4,EN.MAŠ.KAK,CM
mašgi?,U&U.U@v&U@v,CM
maškim,PA.DU@s,CM
maškim2,PA.DU@g,CM
maškim3,PA.DU,CM
mašmin,MAŠ.MIN,CM
maššam,U2,CM
maţ,KUR,CM
me,ME,CM
me10,NI2,CM
me11,AK×ŠITA+GIŠ,CM
me2,MI,CM
me3,AK×ERIN2,CM
me4,BAD,CM
me5,A,CM
me6,AK,CM
me7,GA2×KASKAL,CM
me8,PI,CM
me9,LAGAB×ŠITA@t+GIŠ,CM
mebulug,URUDA,CM
mebulug2,BULUG&BULUG,CM
mebulug3,DUB,CM
medda,KU.AN,CM
medda2,KU.IDIM,CM
meddu,KU.AN,CM
meddu2,KU.IDIM,CM
medu,KA×ME+DU,CM
megida,TAB.TI,CM
megida2,TAB.KUN,CM
megidax(KUN),KUN,CM
megidax?(|SAL.TAB.KUN|),SAL.TAB.KUN,CM
megidda,TAB.TI,CM
megidda2,TAB.KUN,CM
mehida,MU,CM
mehidi,MU,CM
mehidu,MU,CM
mel,IŠ,CM
mel2,KA×LI,CM
mel3,KI.NE,CM
mele2,KA×LI,CM
melex(|KA×GAR+ŠA3+A|),KA×GAR+ŠA3+A,CM
melex(|KA×U2|),KA×U2,CM
meli,KI.NE,CM
meli2,KA×LI,CM
melix(|KA×GAR+ŠA3+A|),KA×GAR+ŠA3+A,CM
melix(|KA×U2|),KA×U2,CM
mem,SAL,CM
men,GA2×ME+EN,CM
men2,ME,CM
men3,DU,CM
men4,LAGAB×ME+EN,CM
men5,U.U,CM
menari,GAR,CM
menax(|GA2×ME+EN|),GA2×ME+EN,CM
menbulug,URUDA,CM
menbulug2,BULUG&BULUG,CM
menbulug3,DUB,CM
menx(MIN),MIN,CM
menx(|GA2×EN|),GA2×EN,CM
mer,DUN3@g@g,CM
mer2?,IM,CM
mer3,GIR2,CM
mer4,ŠID,CM
mere,DUN3@g@g,CM
meri3,GIR2,CM
merimer,EN%EN,CM
merimer2,EN×4,CM
merimer3,IM%IM,CM
merimer4,IM×4,CM
merimer5,KU&HI×AŠ2.KU&HI×AŠ2,CM
merimeri,EN%EN,CM
merimeri2,EN×4,CM
merimeri3,IM%IM,CM
merimeri4,IM×4,CM
merimeri5,KU&HI×AŠ2.KU&HI×AŠ2,CM
mermer,EN%EN,CM
mermer2,EN×4,CM
mermer3,IM%IM,CM
mermer4,IM×4,CM
mermer5,KU&HI×AŠ2.KU&HI×AŠ2,CM
mermeri,EN%EN,CM
mermeri2,EN×4,CM
mermeri3,IM%IM,CM
mermeri4,IM×4,CM
mermeri5,KU&HI×AŠ2.KU&HI×AŠ2,CM
merx(GIR3),GIR3,CM
mes,MES,CM
mes2?,DUB,CM
mes3,ME.U.U.U,CM
mesa,MES,CM
mesi,MES,CM
mete,TE.ME,CM
mex(KA),KA,CM
mex(SAL),SAL,CM
mex(|KA×ERIN2|),KA×ERIN2,CM
mex(|LAGAB×ŠITA+GIŠ+ERIN2|),LAGAB×ŠITA+GIŠ+ERIN2,CM
mex(|UZ3×KASKAL|),UZ3×KASKAL,CM
mex(ŠITA),ŠITA,CM
mez,MES,CM
meze,AB2×ME+EN,CM
mezeg,ŠID×A,CM
mezem,ŠID×A,CM
mezeĝ,ŠID×A,CM
meš,ME.U.U.U,CM
meš2,ME,CM
meš3,MES,CM
meša,KA×ME+DU,CM
meštunux(PI),PI,CM
mešx(UŠ),UŠ,CM
mešx(|U.U|),U.U,CM
meţa,KU.AN,CM
meţa2,KU.IDIM,CM
meţu,KU.AN,CM
meţu2,KU.IDIM,CM
mi,MI,CM
mi2,SAL,CM
mi3,ME,CM
mi4,GA2×ME+EN,CM
mi5,PI,CM
mid,IDIM,CM
midda,KU.AN,CM
midda2,KU.IDIM,CM
middu,KU.AN,CM
middu2,KU.IDIM,CM
midra,PA,CM
migir,DUN3@g@g,CM
migir2,DUN4,CM
mih,MAH,CM
mil,IŠ,CM
mili,IŠ,CM
mili2,KA×LI,CM
milla,IŠ,CM
mim,SAL,CM
mim-ma,SAL.MA,CM
mim2?,MUŠ3,CM
mim3,U.U,CM
mim4,SAL.MA,CM
min,MIN,CM
min2,SAL,CM
min3,U.U,CM
min4,SAL.TUG2,CM
min5,AŠ.AŠ,CM
min6,TAB,CM
min7,GA2×ME+EN,CM
mina,MIN,CM
mina3,U.U,CM
minbulug,URUDA,CM
minbulug2,BULUG&BULUG,CM
minbulugx(|BAL&BAL|),BAL&BAL,CM
minbulugx(|BULUG.NAGAR|),BULUG.NAGAR,CM
mir,DUN3@g@g,CM
mir2?,IM,CM
mir5,EZEN×DUN3@g@g,CM
miri,DUN3@g@g,CM
mirix(GIR2),GIR2,CM
mirix(GIR3),GIR3,CM
mirx(KAL),KAL,CM
mirx(|SAL.GA2×PA|),SAL.GA2×PA,CM
mis,MES,CM
misal,GIŠ.TUG2.PI.ŠIR.SILA3,CM
mit,BAD,CM
mitta,KU.AN,CM
mitta2,KU.IDIM,CM
mittu,KU.AN,CM
mittu2,KU.IDIM,CM
mitu,BAD,CM
mitum,KU.AN,CM
mitum2,KU.IDIM,CM
mix(DU),DU,CM
mizeg,ŠID×A,CM
mizem,ŠID×A,CM
miş,MES,CM
miš,MES,CM
miš2,ME.U.U.U,CM
miš3,GIŠ,CM
mišhaš,GIŠ.TAR,CM
mišsun,GIŠ.BAD,CM
mištunux(PI),PI,CM
mišx(UŠ),UŠ,CM
miţ,BAD,CM
miţa,KU.AN,CM
miţa2,KU.IDIM,CM
miţu,KU.AN,CM
miţu2,KU.IDIM,CM
miţţu,KU.AN,CM
mu,MU,CM
mu10,SAL,CM
mu11,KA×SAR,CM
mu12,HU.HI,CM
mu13,KA×ŠA,CM
mu14,A,CM
mu2,SAR,CM
mu3,KA×EŠ2,CM
mu4,TUG2,CM
mu5,NI,CM
mu6,PA,CM
mu7,KA×LI,CM
mu8,GAR,CM
mu9,GIŠ,CM
mua,PA,CM
muati,PA,CM
muatu,PA,CM
mud,HU.HI,CM
mud2,BAD,CM
mud3,NUNUZ.AB2×BI,CM
mud4,LAGAB.U.KAK,CM
mud5,ŠIM,CM
mud6,SAR,CM
mud7,ZI&ZI.LAGAB,CM
mud8,NUNUZ.AB2×KAD3,CM
mudgi,BAD.MI,CM
mudla,BU,CM
mudlu,BU,CM
mudnax(|SAL.UŠ.DAM|),SAL.UŠ.DAM,CM
mudra3,BU,CM
mudra5,SIK2.BU,CM
mudra6,MU.BU,CM
mudrax(|SIG.MU.BU|),SIG.MU.BU,CM
mudru,PA,CM
mudru2,EN.KU.A,CM
mudru3,BU,CM
mudru4,SIK2.AŠ,CM
mudru5,SIK2.BU,CM
mudru6,MU.BU,CM
mudrum4,SIK2.AŠ,CM
mudul,BU,CM
mudx(GU2@g),GU2@g,CM
mudx(|A.ZI&ZI|),A.ZI&ZI,CM
mudx(|NUNUZ.AB2×LA|),NUNUZ.AB2×LA,CM
mudx(|NUNUZ.AB2×X|),NUNUZ.AB2×X,CM
mudx(|ZI&ZI.A|),ZI&ZI.A,CM
mudx(|ZI&ZI.EŠ2|),ZI&ZI.EŠ2,CM
mug,MUG,CM
mug2,SAL,CM
muga,MUG,CM
mugux(MUG),MUG,CM
muh,U.KA,CM
muh2,SAG×KAK,CM
muh3,SAG×UB,CM
muh4,SAG@g,CM
muhaldim,MU,CM
muhaldima,MU,CM
muhhu,SAG@g,CM
muiatix?(|PA.LAGABx(GUD+GUD)|),PA.LAGABx(GUD+GUD),CM
muk,MUG,CM
muk3,SAL,CM
mul,ANx3,CM
mul2,TE,CM
mul3,HI×AŠ,CM
mul4,U.GUD,CM
mulla,BU,CM
mullu,BU,CM
mulu,ANx3,CM
mulu4,GAN2.BU,CM
mulu4-bu,GAN2.BU,CM
mulugx(ŠIM),ŠIM,CM
mum,UMUM×KASKAL,CM
mummun,KA×LI.KA×LI,CM
mumun,KA×LI.KA×LI,CM
mumunx(|KA×LI|),KA×LI,CM
mun,DIM×ŠE,CM
mun2,UMUM×KASKAL,CM
mun3,DIM,CM
mun4,ŠEŠ,CM
mun5,U.DIM×ŠE,CM
mun6,U.DIM,CM
munsub,MUNSUB,CM
munsub2,SIK2.LAM.SUHUR,CM
munsub3,GU2×NUN,CM
munsub4,GU2@g,CM
munsubx(PA),PA,CM
munsubx(|KA×SUHUR|),KA×SUHUR,CM
munsubx(|PA.GU2@g|),PA.GU2@g,CM
munsubx(|SIK2.SUHUR|),SIK2.SUHUR,CM
munu,DIM×ŠE,CM
munu2,KI.NE,CM
munu3,GA2×DIM×ŠE,CM
munu4,PAP.PAP,CM
munus,SAL,CM
munussa,SAL.UŠ.DI,CM
munux(|AB2.KU|),AB2.KU,CM
munux(|PAP.PAP×ŠE|),PAP.PAP×ŠE,CM
munuz,SAL,CM
munx(|ANx3|),ANx3,CM
munx(|KA.HI.GA|),KA.HI.GA,CM
munx(|KA×LI|),KA×LI,CM
munzer,KI.AN.ŠEŠ.KI,CM
munzerx(|MU.BU|),MU.BU,CM
munzerx(|SIG.MU.BU|),SIG.MU.BU,CM
munzur,KI.AN.ŠEŠ.KI,CM
munšub,MUNSUB,CM
munšub2,SIK2.LAM.SUHUR,CM
muq,MUG,CM
mur,HI×AŠ2,CM
mur10,TUG2,CM
mur2,NISAG,CM
mur3,IM,CM
mur6,KI.EN.KAK,CM
mur7,MURGU2,CM
mur8,MURGU2,CM
murgišur,EZEN×A,CM
murgišur2?,EZEN×X,CM
murgu,SIG4,CM
murgu2,MURGU2,CM
murgu3,KA×NE,CM
muri,NISAG,CM
murim,IM,CM
muru,HI×AŠ2,CM
muru11,NINDA2×U2+AŠ,CM
muru12,KID,CM
muru13,UD@g,CM
muru2,NISAG,CM
muru3,IM,CM
muru4,UR2×U2+AŠ,CM
muru5,SAL.UD.EDIN,CM
muru6,KI.EN.KAK,CM
muru9,IM.DUGUD,CM
murub,SAL,CM
murub2,SAL.LAGAR,CM
murub3,EN.ME.LAGAR,CM
murub4,NISAG,CM
murub5,SAL.UŠ.DAM,CM
murub6,UD@g,CM
murubx(|SAL.LAGAB|),SAL.LAGAB,CM
murubx(|UD×U+U+U@g|),UD×U+U+U@g,CM
murum,HI×AŠ2,CM
murum11,NINDA2×U2+AŠ,CM
murum4,UR2×U2+AŠ,CM
murum5,SAL.UD.EDIN,CM
murum6,KI.EN.KAK,CM
murumx(|KA×HI×AŠ2|),KA×HI×AŠ2,CM
murumx(|TUR.SAL.TUR.TUR|),TUR.SAL.TUR.TUR,CM
murux(|KID.ŠU2.MA2|),KID.ŠU2.MA2,CM
murux(|UD×U+U+U@g|),UD×U+U+U@g,CM
murušx(GURUŠ),GURUŠ,CM
murx(UD@g),UD@g,CM
murx(|UD×U+U+U@g|),UD×U+U+U@g,CM
mussa,SAL.UŠ.DI,CM
musub,MUNSUB,CM
musub2,SIK2.LAM.SUHUR,CM
musub3,GU2×NUN,CM
musub4,GU2@g,CM
musug2,U2.KA,CM
musug4,U2.KUR.NI.TUK.KI,CM
musug5,KA×U2,CM
musur,KI.AN.ŠEŠ.KI,CM
mut,HU.HI,CM
mut2,BAD,CM
muthum,U2.GIŠ.SAR,CM
muwa,PA,CM
muwati,PA,CM
mux(HI),HI,CM
mux(|KA×GAN2@t|),KA×GAN2@t,CM
muya,PA,CM
muyati,PA,CM
muzer?,SIK2.LAM.SUHUR,CM
muzir?,SIK2.LAM.SUHUR,CM
muzug,U2.SAG,CM
muzug2,U2.KA,CM
muzug4,U2.KUR.NI.TUK.KI,CM
muš,MUŠ,CM
muš2,MUŠ3@g,CM
muš3,MUŠ3,CM
muš4,HI×AŠ,CM
muš5,ŠEŠ,CM
muš6?,BULUG,CM
muš7,U.DAR,CM
muš8,HU,CM
muš9,MI,CM
mušda,DIM2,CM
mušdam,DIM2,CM
mušdama,DIM2,CM
mušdama2,MUŠ%MUŠ,CM
mušen,HU,CM
mušena,HU,CM
muši,MI,CM
mušku,MUŠ3,CM
muškux(|MUŠ%MUŠ|),MUŠ%MUŠ,CM
muštaptin,BAHAR2,CM
muštu,PI,CM
muštu2,MU.UŠ.TUG2.PI,CM
muštug,PI,CM
muštug2,MU.UŠ.TUG2.PI,CM
mušu,MI,CM
mušx(|MUŠ%MUŠ|),MUŠ%MUŠ,CM
muššagana,LAGAB×MUŠ,CM
muššagana2?,LAGAB×ŠITA@t+GIŠ,CM
muţ,HU.HI,CM
muţux(|HU.HI|),HU.HI,CM
na,NA,CM
na2,NA2,CM
na3,AK,CM
na4,NI.UD,CM
na5,ŠA,CM
na6,LU2,CM
na7,NAM,CM
na8,KA×A,CM
nab,AN&AN,CM
nab3,AN.AN,CM
nab4,IGI@g,CM
nad,KUR,CM
nad3,NA2,CM
nag,KA×A,CM
naga,NAGA,CM
naga2,KA×A,CM
naga3,GUM×ŠE,CM
naga4,GUM,CM
nagada,PA.DAG.KISIM5×KAK,CM
nagadx(|AB2.KU|),AB2.KU,CM
nagal,LAGAR,CM
nagar,NAGAR,CM
nagara,NAGAR,CM
nagargalx(|GAL.NAGAR|),GAL.NAGAR,CM
nagarx(BULUG),BULUG,CM
nagga,AN.NA,CM
nagiri,KA×AD+KU3,CM
nagx(KA),KA,CM
nagx(|URU×A|),URU×A,CM
nah,LUH,CM
nah2,EŠ2,CM
nak,KA×A,CM
nak2,NAGA,CM
nam,NAM,CM
nam-ri,MUŠ3.ZA,CM
nam2,NAM2,CM
nam3,NIM,CM
nam4,IGI@g,CM
nama,NAGA,CM
namma,LAGAB×HAL,CM
nammax(|LAGAB×A|),LAGAB×A,CM
nammu,LAGAB×HAL,CM
nammux(|LAGAB×A|),LAGAB×A,CM
namri,U2.KUR.ZA.MUŠ3@g.KI,CM
namru,ZA.MUŠ3@g.DI,CM
namx(|AN.AN|),AN.AN,CM
namx(|KA×A|),KA×A,CM
namšeše,TU,CM
nan,ŠEŠ,CM
nan2,ŠEŠ.KI,CM
nan3,U.U.U,CM
nanam,ŠA3×NE,CM
nanam2,ŠA3×BAD,CM
nanga,LAL2.LAGAB,CM
nanga2,LAL.LAGAB,CM
nanga3,LAL2.SAR,CM
nanga4,LAL.SAR,CM
nanga5?,AN.NA,CM
nanga6,NAGA,CM
nanibgal,AN.NAGA,CM
nanibgal2,AN.ŠE.NAGA,CM
nanna,ŠEŠ.KI,CM
nanše,AB×HA,CM
nap,AN&AN,CM
nap2,ANx3,CM
nappilu,NUN@t,CM
naq,KA×A,CM
nar,LUL,CM
nar3,NUN&NUN,CM
nari,LUL,CM
nat,KUR,CM
nat2,I,CM
nata,KUR,CM
nax(DU),DU,CM
nax(|HU.NA2|),HU.NA2,CM
nax(|UD.NI|),UD.NI,CM
nazi,AB×HA,CM
naĝ,KA×A,CM
naĝa,NAGA,CM
naĝa3,GUM×ŠE,CM
naĝa4,GUM,CM
naš,U.U,CM
naš?,MAŠ,CM
našše,AB×HA,CM
ne,NE,CM
ne-ru,NE.RU,CM
ne2,NI,CM
ne3,PIRIG,CM
ne4,ŠU2.NE,CM
ne5,KI.NE,CM
ne6,NA,CM
ne7,NA2,CM
ne8,NE@s,CM
neda,PI,CM
nehandix(|KA×GIŠ%GIŠ|),KA×GIŠ%GIŠ,CM
nem,NIM,CM
nemerx(|NUN&NUN|),NUN&NUN,CM
nemur,KI.NE,CM
nemurx(PIRIG),PIRIG,CM
nemurx(|PIRIG.TUR|),PIRIG.TUR,CM
nen,SAL.TUG2,CM
nen9,SAL.KU,CM
nenim,ŠA3×NE,CM
nenin,KUR.SI.A.GA,CM
nenkum,SAL.TUG2.PAP.IGI@g.NUN.ME.EZEN×KASKAL,CM
nenna,LAGAB×U+U+U.LAGAB×U+U+U,CM
nenna2,LAGAB×U+U+U,CM
nenni,LAGAB×U+U+U.LAGAB×U+U+U,CM
nenni2,LAGAB×U+U+U,CM
nenni5,(ŠE.NUN&NUN)&(ŠE.NUN&NUN),CM
ner,NUN&NUN,CM
nerah,MUŠ,CM
nergal,PIRIG.AB@g.GAL,CM
nerigal,PIRIG.AB@g.GAL,CM
nes,U.U,CM
nesag,NISAG,CM
nesag2,ŠID,CM
nesag3?,UD@g,CM
nesaĝ,NISAG,CM
nesaĝ2,ŠID,CM
nesaĝx(|UD×U+U+U@g|),UD×U+U+U@g,CM
neš,U.U,CM
neša,UR.MAH,CM
ni,NI,CM
ni-ir,NA2.X,CM
ni10,LAGAB,CM
ni11,UD@s.KID,CM
ni2,NI2,CM
ni3,GAR,CM
ni4?,SAL.TUG2,CM
ni5,NE,CM
ni6,LAGAB.LAGAB,CM
ni7,NIM,CM
ni8,LI,CM
ni9,U.UD.KID,CM
nib,PIRIG×KAL,CM
nibri,EN.KID,CM
nibru,EN.KID,CM
nid,UŠ,CM
nida,GU2.NUNUZ,CM
nida2,NINDA2,CM
nidaba,ŠE.NAGA,CM
nidaba2,NAGA,CM
nidalam,SAL.UŠ.DAM,CM
nidalam2,UŠ.DAM,CM
nidalam3,UŠ.SAL.DAM,CM
nidalam4,SAL.UŠ,CM
nidba,PAD.AN.MUŠ3,CM
nidba2,PAD.MUŠ3,CM
nidlam,SAL.UŠ.DAM,CM
nidlam2,UŠ.DAM,CM
nidlam3,UŠ.SAL.DAM,CM
nidlam4,SAL.UŠ,CM
nieš,NIGIDAEŠ,CM
nig,SAL.UR,CM
nig2,GAR,CM
nig6,U.UD.KID,CM
niga,ŠE,CM
nigan,ŠE,CM
nigar,U.UD.KID,CM
niggi,AN.NA,CM
niggin,AN.NA,CM
nigginaku,LAGAB.LAGAB,CM
niggix(|LAGAB.LAGAB|),LAGAB.LAGAB,CM
nigi,LAGAB.LAGAB,CM
nigi2,LAGAB,CM
nigi3,NUNUZ.DIM2,CM
nigida,DIŠ,CM
nigidaeš,NIGIDAEŠ,CM
nigidalimmu,NIGIDALIMMU,CM
nigidamin3,NIGIDAMIN,CM
nigin,LAGAB.LAGAB,CM
nigin10,UD@s.KID,CM
nigin11,LAGAB×UŠ,CM
nigin2,LAGAB,CM
nigin3,U.UD.KID,CM
nigin4,U.UD,CM
nigin5,LAL2.LAGAB,CM
nigin6,AB×HA,CM
nigin7,LAL.LAGAB,CM
nigin9,LAL.SAR,CM
niginx(|LAGAB×LAGAB|),LAGAB×LAGAB,CM
niginx(|U.KID|),U.KID,CM
niginx(|UD.KID|),UD.KID,CM
niginx?(|AB×LAGAB|),AB×LAGAB,CM
nigir,DUN3@g@g,CM
nigir2,DUN4,CM
nigir3,EN%EN,CM
nigix(GAR),GAR,CM
nigru,KA×AD+KU3,CM
nigu,ŠE,CM
nigx(UR),UR,CM
nigx(ŠE),ŠE,CM
nik,SAL.UR,CM
nik2,GAR,CM
nik5,KA×A,CM
nika,PEŠ2,CM
nilimmu,NIGIDALIMMU,CM
nim,NIM,CM
nim2,SAL.TUG2,CM
nim3?,U.UD,CM
nim4?,LUM,CM
nim5,GAR,CM
nima,NIM,CM
nimbar,ŠA6,CM
nimem3,LAL.LAGAB,CM
nimen,LAL2.LAGAB,CM
nimen2,LAGAB,CM
nimen4,LAL2.SAR,CM
nimen5,LAL.SAR,CM
nimenx(|LAGAB.LAGAB|),LAGAB.LAGAB,CM
nimenx(|LAGAB×UŠ|),LAGAB×UŠ,CM
nimgigre,IM%IM,CM
nimgigri2,EN%EN.IM%IM,CM
nimgigri?,EN%EN,CM
nimgin3?,U.UD.KID,CM
nimgir,DUN3@g@g,CM
nimgir2,DUN4,CM
nimgirgirri,EN%EN,CM
nimgirgirri2,EN%EN.IM%IM,CM
nimin3,NIGIDAMIN,CM
niminx?(NAGAR),NAGAR,CM
nimirx(DUN3@g@g),DUN3@g@g,CM
nimur,KI.NE,CM
nimurx(|PIRIG.TUR|),PIRIG.TUR,CM
nin,SAL.TUG2,CM
nin10,SAL.SIK2,CM
nin3,LAGAB.LAGAB,CM
nin4,LAGAB,CM
nin6,GAR,CM
nin7,LAGAB×U+U+U.LAGAB×U+U+U,CM
nin9,SAL.KU,CM
nina,AB×HA,CM
nina2,DARA4,CM
nina3,SAL.TUG2,CM
ninagal,UMUM×KASKAL,CM
ninda,GAR,CM
ninda2,NINDA2,CM
ninda3,LAGAB×IM,CM
ninda4?,LAGAB×GAR,CM
nindaba,PAD.AN.MUŠ3,CM
nindabax(|PAD.AN.MUŠ2|),PAD.AN.MUŠ2,CM
nindabax(|PAD.MUŠ3|),PAD.MUŠ3,CM
nindamekar,NINDA2×ME+GAN2@t,CM
nindan,GAR,CM
nindar,SI.A,CM
nindu,LAGAB×GAR,CM
nindu2,LAGAB×IM,CM
ningi,ŠIM,CM
ningi2,ŠIM×A,CM
ningi3,ŠIM×GAR,CM
ningin3,U.UD.KID,CM
ningin4,U.UD,CM
nini,LAGAB.LAGAB,CM
ninim,ŠA3×NE,CM
ninindu,LAGAB×GAR,CM
ninindu2,LAGAB×IM,CM
ninir,NUN&NUN,CM
ninkum,SAL.TUG2.PAP.IGI@g.NUN.ME.EZEN×KASKAL,CM
ninmuš,LAGAB×TAK4,CM
ninna,LAGAB×U+U+U.LAGAB×U+U+U,CM
ninna2,LAGAB×U+U+U,CM
ninnax(DARA4),DARA4,CM
ninni2,LAGAB.LAGAB,CM
ninni3,GAR,CM
ninni4,LAGAB×U+U+U,CM
ninni5,(ŠE.NUN&NUN)&(ŠE.NUN&NUN),CM
ninni6?,MUŠ3,CM
ninni7,PAD.AN.MUŠ3,CM
ninni8,ŠE.NUN&NUN,CM
ninnim4,LAGAB×U+U+U,CM
ninnim7,PAD.AN.MUŠ3,CM
ninnimx(|PAD.MUŠ3|),PAD.MUŠ3,CM
ninnix(|PAD.MUŠ3|),PAD.MUŠ3,CM
ninnix(|U&U.U&U.U|),U&U.U&U.U,CM
ninnu,U&U.U&U.U,CM
ninnu2,LAGAB×U+U+U.LAGAB×U+U+U,CM
ninnux(|LAGAB×U+U+U|),LAGAB×U+U+U,CM
ninta,UŠ,CM
nintah,UŠ,CM
nintah2,ARAD,CM
nintah3,SAL.UŠ,CM
nintahu,UŠ,CM
nintax(ARAD),ARAD,CM
nintax?(ARAD),ARAD,CM
ninux(|U&U.U&U.U|),U&U.U&U.U,CM
ninx(|PA.TE|),PA.TE,CM
ninx(|SAL.EŠ2|),SAL.EŠ2,CM
niq,SAL.UR,CM
niq2,GAR,CM
niqix(GAR),GAR,CM
nir,NUN&NUN,CM
nir2,ZA.DUN3@g,CM
nir3,ZA.NIM,CM
nir4,ZA.SU,CM
nir5,ZA.IB,CM
nir6,KAL,CM
nir7,ZA.DUN3@g@g,CM
nira,NUN&NUN,CM
nira2,ZA.KUR,CM
nira3,ZA.NIM,CM
nirah,MUŠ,CM
nirx(DUN@g),DUN@g,CM
nirx(|DUN3@g@g.ZA|),DUN3@g@g.ZA,CM
nis,U.U,CM
nisaba,ŠE.NAGA,CM
nisaba2,NAGA,CM
nisag,NISAG,CM
nisag2,ŠID,CM
nisag3?,UD@g,CM
nisaga,NUNUZ.KISIM5,CM
nisagga,NUNUZ.AB2,CM
nisax?(SAR),SAR,CM
nisaĝ,NISAG,CM
nisaĝ2,ŠID,CM
nisaĝx(|UD×U+U+U@g|),UD×U+U+U@g,CM
nisig,SAR,CM
nisikix(|GAR.GAD.TAK4.UR2|),GAR.GAD.TAK4.UR2,CM
nisikix(|GIŠ.GAR.UMBIN|),GIŠ.GAR.UMBIN,CM
nisix?(SAR),SAR,CM
nisku,PIRIG,CM
nissa,SAR,CM
nit,UŠ,CM
nita,UŠ,CM
nita2,ARAD,CM
nita3,SAL.UŠ,CM
nita4,GAR,CM
nitadam2,UŠ.DAM,CM
nitah,UŠ,CM
nitah2,ARAD,CM
nitah3,SAL.UŠ,CM
nitahu,UŠ,CM
nitalam,SAL.UŠ.DAM,CM
nitalam2,UŠ.DAM,CM
nitalam3,UŠ.SAL.DAM,CM
nitalam4,SAL.UŠ,CM
nitax(|ARAD×KUR|),ARAD×KUR,CM
nitax(|UŠ.KU|),UŠ.KU,CM
nitlam,SAL.UŠ.DAM,CM
nitlam2,UŠ.DAM,CM
nitlam3,UŠ.SAL.DAM,CM
nitlam4,SAL.UŠ,CM
nittax(UŠ),UŠ,CM
niĝ,SAL.UR,CM
niĝ2,GAR,CM
niĝ6,U.UD.KID,CM
niĝar,U.UD.KID,CM
niĝi2,LAGAB,CM
niĝin,LAGAB.LAGAB,CM
niĝin2,LAGAB,CM
niĝin3,U.UD.KID,CM
niĝin5,LAL2.LAGAB,CM
niĝin6,AB×HA,CM
niĝin8,LAL2.SAR,CM
niĝin9,LAL.SAR,CM
niĝinx(BULUG),BULUG,CM
niĝir,DUN3@g@g,CM
niĝirgalx(|GAL.DUN3@g@g|),GAL.DUN3@g@g,CM
niš,U.U,CM
niš2,GIŠ,CM
niša,SAR,CM
niţ,UŠ,CM
nu,NU,CM
nu10,KU,CM
nu11,NU11,CM
nu12,LU,CM
nu13,HI×NUN,CM
nu2,NA2,CM
nu3,NIM,CM
nu4,LUM,CM
nu5,KUL,CM
nu6,NUN,CM
nu7,AB@g,CM
nu8,NA,CM
nu9?,LI,CM
nud,NA2,CM
nug,ŠIM×MUG,CM
nug2,ŠIM×DIN,CM
nugx(ŠIM),ŠIM,CM
num,NIM,CM
num2,LUM,CM
numdu,KA×NUN,CM
numdum,KA×NUN,CM
numdun,KA×NUN,CM
numgišur,EZEN×A,CM
numma,ŠIR&ŠIR.BUR&BUR,CM
numu,KUL,CM
numun,KUL,CM
numun2,ZI&ZI.LAGAB,CM
numun3,HI×NUN,CM
numunx(|A.ZI&ZI|),A.ZI&ZI,CM
numunx(|ZI&ZI.A|),ZI&ZI.A,CM
numunx(|ZI&ZI.EŠ2|),ZI&ZI.EŠ2,CM
numx(NU11),NU11,CM
nun,NUN,CM
nun2,A.HA.TAR.KAK,CM
nun3,BU,CM
nuna,NUN,CM
nundu,KA×NUN,CM
nundum,KA×NUN,CM
nundun,KA×NUN,CM
nungi,ŠIM,CM
nungi2,ŠIM×A,CM
nungi3,ŠIM×GAR,CM
nunmeli,BAR.HU.KAK,CM
nunpe,NUN@t.KI,CM
nunpex(|NUN.KI|),NUN.KI,CM
nunu,NUNUZ,CM
nunun,NUN,CM
nunurra,BAHAR2,CM
nunurru,BAHAR2,CM
nunus,NUNUZ,CM
nunusx(SAL),SAL,CM
nunuz,NUNUZ,CM
nunuzzi,EN.NUNUZ.ZI.AN.UD,CM
nunx(NE),NE,CM
nur,NUN&NUN,CM
nura,ERIN2,CM
nuri,ERIN2,CM
nurra?,LUGAL,CM
nuru,ERIN2,CM
nurx(NU11),NU11,CM
nus,NUNUZ,CM
nuska,PA.TUG2,CM
nuska2,PA.LU,CM
nusku,PA.TUG2,CM
nusku2,PA.LU,CM
nussu,LAGAB×U+U+U,CM
nux(|AB×U+U+U|),AB×U+U+U,CM
nux(|HU.NA2|),HU.NA2,CM
nux(ŠITA),ŠITA,CM
nuz,NUNUZ,CM
nuzzi,EN.NUNUZ.ZI.AN.UD,CM
nuĝun,KUL,CM
nuĝx(NUN),NUN,CM
nuška,PA.TUG2,CM
nuška2,PA.LU,CM
nušku2,PA.LU,CM
nūr-ili,URU×IGI,CM
pa,PA,CM
pa10,IGI,CM
pa12,PI,CM
pa2,BA,CM
pa3,IGI.RU,CM
pa4,PAP,CM
pa5,PAP.E,CM
pa6,PAP.IŠ,CM
pa7?,HU,CM
pa8,ŠID,CM
pa9,ŠA6,CM
pab,PAP,CM
pad,PAD,CM
pad2,BAD,CM
pad3,IGI.RU,CM
pad4,IGI,CM
pad5,PAP.E,CM
pad6,PAP.IŠ,CM
pada,PAD,CM
pag,HU,CM
pagra3,LU2×4,CM
pagrax(|LU2.LU2.LU2.LU2|),LU2.LU2.LU2.LU2,CM
pagrax(|LU2@LU2|),LU2@LU2,CM
pah,LUL,CM
pah3,HU,CM
pak,HU,CM
pal,BAL,CM
pala,NAM.LUGAL,CM
pala2,NAM.EN,CM
pala3,NAM.SAL.TUG2,CM
pala4,BAL,CM
palil,IGI.DU,CM
palil2,IGI.EŠ2.DU.ERIN2,CM
pallilx(|IGI.EŠ2.DU.ERIN2|),IGI.EŠ2.DU.ERIN2,CM
pan,PAN,CM
pan2?,LUL,CM
pan3,IGI,CM
pana,PAN,CM
panax(|ŠE.NUN&NUN|),ŠE.NUN&NUN,CM
panu,ZA.MUŠ3@g.AB@g,CM
panšur,URU×URUDA,CM
pap,PAP,CM
pap-ugur2,PAP.IGI@g,CM
papa2,KA2,CM
papnun,LAL2,CM
paq,HU,CM
par,UD,CM
par2,BAR,CM
par3,DAG,CM
par4,NI.GIŠ,CM
par5,ERIN2,CM
par6,BARA2,CM
para,UD,CM
para10,BARA2,CM
para2,BAR,CM
para3,DAG,CM
para4,NI.GIŠ,CM
para5,LAGAB×EN,CM
para6,LAGAB×ME+EN,CM
para7,LAGAB×IGI@g,CM
para8,LAGAB×TAK4,CM
para9,LAGAB×LUL,CM
parag,BARA2,CM
parim,PA.DU@s,CM
parsa,KUR.TI,CM
pat,PAD,CM
pat2,BAD,CM
pata,PAD,CM
patru,GIR2,CM
pax(BAD),BAD,CM
pax(IDIM),IDIM,CM
pax(PAD),PAD,CM
pax(|DAG.KISIM5×KAK|),DAG.KISIM5×KAK,CM
pax(|E×PAP|),E×PAP,CM
paţ,PAD,CM
paţ2,BAD,CM
pe,PI,CM
pe2,BI,CM
pe3,BAD,CM
pe4?,KA,CM
pe5,NE,CM
pel,NE,CM
pel2,NE@s,CM
pel5,NUNUZ,CM
peš,HA@g,CM
peš10,KI.A,CM
peš11,HA,CM
peš12,UD,CM
peš13,ŠA3×TUR,CM
peš14,ŠU.KAD4,CM
peš2,PEŠ2,CM
peš3,MA,CM
peš4,ŠA3×A,CM
peš5,KAD4,CM
peš6,KAD5,CM
peš7,TUR,CM
peš8?,ŠU.GAN,CM
peš9,UD.A,CM
pešx(LAK171@s),LAK171@s,CM
pešx(|GA.KAD3|),GA.KAD3,CM
pešx(ŠA3),ŠA3,CM
pešše,MA,CM
pi,PI,CM
pi2,BI,CM
pi3,BAD,CM
pi4,KA,CM
pi5,NE,CM
pi7?,GA2×A+IGI,CM
pi8,BU,CM
pih?,LUL,CM
pihu,BI.U2.SA,CM
pihu2,NUNUZ.AB2×BI,CM
pihu3,BI.UŠ.SA,CM
pihu3?,KA.KAK,CM
pihu4,BI.U2.SA,CM
pihu5,UŠ.SA,CM
pihu6,NUNUZ.AB2×IGI@g,CM
pihux(|U2.SA.KA.KAK|),U2.SA.KA.KAK,CM
pihux(|U2.SA|),U2.SA,CM
pik,SIG,CM
pil,NE,CM
pil2,NE@s,CM
pil3,GIŠ.NE@s,CM
pil4,GIŠ.NE,CM
pil6?,NU11,CM
pil7,PIRIG,CM
pin,APIN,CM
piq,SIG,CM
pir,UD,CM
pir2,ERIN2,CM
pir3,HI×ŠE,CM
pir6,NAM,CM
pirig,PIRIG,CM
pirig2,UD,CM
pirig3,PIRIG×UD,CM
piriga,PIRIG,CM
piriĝ,PIRIG,CM
piriĝ2,UD,CM
piriĝ3,PIRIG×UD,CM
piriĝa,PIRIG,CM
piru?,GA2×A+IGI,CM
pis,HA@g,CM
pisag,GA2,CM
pisag2,ŠID,CM
pisag3,ŠID×A,CM
pisagx(|GA2×GI4|),GA2×GI4,CM
pisagx(|GA2×GI|),GA2×GI,CM
pisan,GA2,CM
pisan2,ŠID,CM
pisan3,ŠID×A,CM
pisanx(|GA2×GI4|),GA2×GI4,CM
pisanx(|GA2×GI|),GA2×GI,CM
pisaĝ,GA2,CM
pisaĝ2,ŠID,CM
pisaĝ3,ŠID×A,CM
pitru,GABA,CM
piš,HA@g,CM
piš10,KI.A,CM
piš2,PEŠ2,CM
piš4,ŠA3×A,CM
piš5,KAD4,CM
piš6,KAD5,CM
piša,HA@g,CM
pišx(LAK171@s),LAK171@s,CM
piţ,E2,CM
pu,BU,CM
pu-udu,KA×LU,CM
pu11,U2,CM
pu2,LAGAB×U,CM
pu3,KA×GAN2@t,CM
pu5,KA,CM
pu6,LAGAB×BAD,CM
puginx(LAGAB×A),LAGAB×A,CM
puginx(|LAGAB×A|),LAGAB×A,CM
puglu,ŠA3.GI,CM
puh,LUL,CM
puhrum,GIŠ%GIŠ,CM
puk,MUG,CM
pul,LAGAB×U+U+U,CM
pul2,BUR2,CM
pul3,BAL,CM
pum,KA×GAN2@t,CM
puq2,HU,CM
pur,BUR,CM
pur13,PAP.PAP,CM
puru,BUR,CM
pus,HA@g,CM
puta,ZAG,CM
pute,ZAG,CM
puti,ZAG,CM
putu,ZAG,CM
puzru,KA×GAN2@t.ŠA,CM
puzur,U,CM
puzur2,U.U,CM
puzur3,U.ZAG,CM
puzur4,KA×GAN2@t.ŠA,CM
puzur5,KA×GAN2@t,CM
puš2,PAP.HAL,CM
puš3,HA@g,CM
puš4,DUN3@g,CM
qa,SILA3,CM
qa2,GA,CM
qa3,KA,CM
qa4,ŠU.MIN,CM
qa6,KAK,CM
qab,GABA,CM
qab2,KAB,CM
qablu,UZ3×KASKAL,CM
qad,ŠU,CM
qad2,ŠU.MIN,CM
qad3,GAD,CM
qad6?,KAD2,CM
qadma,GUD,CM
qadmax(TAR),TAR,CM
qadmu,TAR,CM
qal,GAL,CM
qal3,URU×MIN,CM
qal4,KAL,CM
qam,GAM,CM
qam2,HI×BAD,CM
qan,GAN,CM
qan2,GI,CM
qap,GABA,CM
qap2,KAB,CM
qaptu,DUGUD,CM
qaq,KAK,CM
qaqqaru,KI,CM
qar,GAR3,CM
qar2,TE.A,CM
qar3?,GAR,CM
qara3?,GAR,CM
qat,ŠU,CM
qat2,ŠU.MIN,CM
qat3,GAD,CM
qat5,KAD4,CM
qat6?,KAD2,CM
qat7?,KAD3,CM
qat8,KAD5,CM
qata,ŠU,CM
qati,ŠU.MIN.ME.U.U.U,CM
qe,KIN,CM
qe2,KI,CM
qe3,GI,CM
qe4,GI4,CM
qer5,GAR3,CM
qi,KIN,CM
qi2,KI,CM
qi3,GI,CM
qi4,GI4,CM
qi5,KID,CM
qi6,KAK,CM
qib,GIŠ%GIŠ,CM
qid,KID,CM
qid2,BU,CM
qid4?,GAD,CM
qil,LAGAB,CM
qil2,GI%GI,CM
qili2?,GI%GI,CM
qim,DIM2,CM
qin,KIN,CM
qip,GIŠ%GIŠ,CM
qiq,GIG,CM
qir,HA@g,CM
qir3,LAGAB,CM
qir6,AB2×GAN2@t,CM
qir7,GIR3,CM
qiri,HA@g,CM
qis,KIŠ,CM
qit,KID,CM
qit2,BU,CM
qit3,BAD,CM
qiš,KIŠ,CM
qišat,ŠE.NUN&NUN,CM
qišatx(|GIŠ×TAK4|),GIŠ×TAK4,CM
qu,GUM,CM
qu2,KU,CM
qu3,GU,CM
qu5,KU3,CM
qu6,GU2,CM
qub,DU,CM
qud,TAR,CM
qudma,TAR,CM
qudmax(GUD),GUD,CM
qudmu,TAR,CM
qul,KUL,CM
qul2,GUL,CM
qum,GUM,CM
qum2,NE,CM
qum3,LUM,CM
qumx(TAR),TAR,CM
qun,KUN,CM
qup,DU,CM
qup2?,HUB2×UD,CM
qur,GUR,CM
qur2,KUR,CM
qur3?,GAM,CM
qur4,PAP,CM
qurx(TE@g),TE@g,CM
qut,TAR,CM
qutra,KI.AN.IM,CM
qutu,TAR,CM
qû,SILA3,CM
ra,RA,CM
ra2,DU,CM
ra3,UD,CM
ra4,SUD2,CM
ra5?,BU,CM
ra6,AK,CM
rab,RAB,CM
rab2,GAL,CM
rab3?,LUGAL,CM
rab4?,KAL,CM
raba,RAB,CM
rabita,EDIN,CM
rabx(NUN),NUN,CM
rad,SUD2,CM
rag,SAL,CM
ragab3,KAB.UŠ,CM
ragabx(|DA.UŠ|),DA.UŠ,CM
rah,LUH,CM
rah2,RA,CM
rahx(|DU&DU.DU&DU|),DU&DU.DU&DU,CM
rahx(|DU.DU.DU.DU|),DU.DU.DU.DU,CM
rahx(|DU.DU|),DU.DU,CM
rahx(|DU@s.DU@s|),DU@s.DU@s,CM
rak,SAL,CM
ram,NINDA2×NE,CM
ram2,AŠ,CM
rama,NINDA2×NE,CM
raman,KUR,CM
ramanu,KUR,CM
rap,RAB,CM
rap2?,GAL,CM
rapiku,DAG.KISIM5×PAP+PAP,CM
rapiqu,DAG.KISIM5×PAP+PAP,CM
rapiqu2,IDIM,CM
raq,SAL,CM
ras,KASKAL,CM
rat,SUD2,CM
rata,SUD2,CM
rax(DU@s),DU@s,CM
rax(|U.GUD|),U.GUD,CM
rax?(IGI),IGI,CM
razu,KUR,CM
raš,KASKAL,CM
raš2,TUK,CM
rašu,KUR,CM
raţ,SUD2,CM
re,RI,CM
re'e,PA.LU,CM
re'i,PA.LU,CM
re'u,PA.LU,CM
re12?,KAK,CM
re2,URU,CM
re3,LAGAB,CM
re6,DU,CM
re7,DU&DU,CM
re8,MUŠ%MUŠ,CM
rem2,AB2,CM
reme,LAGAB,CM
reme2,AB2,CM
rex(|DU&DU.DU&DU|),DU&DU.DU&DU,CM
rex(|DU.DU.DU.DU|),DU.DU.DU.DU,CM
rex(|DU@s.DU@s|),DU@s.DU@s,CM
ri,RI,CM
ri...,TUM,CM
ri10?,EDIN,CM
ri12?,KAK,CM
ri2,URU,CM
ri3,LAGAB,CM
ri4,ZUM,CM
ri5,NUN&NUN,CM
ri6,DU,CM
ri7,DU&DU,CM
ri8,MUŠ%MUŠ,CM
ri9,LU2@s,CM
rib,KAL,CM
ribx(EDIN),EDIN,CM
rid,MES,CM
rig,ŠIM,CM
rig10,PA.DAG.KISIM5×KAK,CM
rig11,MES.RU,CM
rig12,DU.HUB2,CM
rig2,ZUM,CM
rig3,ŠITA2,CM
rig5,RI,CM
rig6?,SAL.LAGAB×AŠ2,CM
rig7,PA.HUB2.DU,CM
rig8,PA.HUB2,CM
rig9,HUB2.DU,CM
rige12,DU.HUB2,CM
rigx(|PA.TUK.DU|),PA.TUK.DU,CM
rigx(|ŠID.RU|),ŠID.RU,CM
rih,LUH,CM
rik,ŠIM,CM
rik2,ZUM,CM
rik4,ŠEN,CM
rim,LAGAB,CM
rim2,AB2,CM
rim3,NE.RU,CM
rim4,DU@s,CM
rim5,AŠ,CM
rimu2,AB2,CM
rimx(ZUM),ZUM,CM
rimx(|RU.NE|),RU.NE,CM
rin,LAGAB,CM
rin2,ERIN2,CM
rin3,LAGAB.LAGAB,CM
rin4,MUŠ%MUŠ,CM
rin5,LU2@s,CM
rin6,KASKAL,CM
rina2,ERIN2,CM
rip,KAL,CM
riq,ŠIM,CM
riq2,ZUM,CM
ririg,PA.DAG.KISIM5×KAK,CM
ris,SAG,CM
rit,MES,CM
rit2,SUD2,CM
riš,SAG,CM
riţ,MES,CM
ru,RU,CM
ru10,TE@g,CM
ru11,URU×GAN2@t,CM
ru12,EN,CM
ru13,EN×GAN2@t,CM
ru14,URU×A,CM
ru2,KAK,CM
ru3,AŠ,CM
ru4,URU×UD,CM
ru5,U.GUD,CM
ru6,EDIN,CM
ru7,UR,CM
ru8,TA×HI,CM
ru9,URU,CM
rub,KAL,CM
rud,SUD2,CM
rug,ŠEN,CM
rug2,NAM.SU,CM
ruh,LUH,CM
ruh2,LU2,CM
ruk,ŠEN,CM
rum,AŠ,CM
rum2,NE.RU,CM
rum3?,NIM,CM
ruq,ŠEN,CM
ruqu,ŠEN,CM
ruš?,HI.GIR3,CM
rušban,GUD,CM
rušpan,GUD,CM
ruţ,SUD2,CM
rābişu,UDUG,CM
rēšu,SAG,CM
sa,SA,CM
sa10,NINDA2×ŠE,CM
sa11,SI@g,CM
sa12,SAG,CM
sa13,IGI.ERIN2,CM
sa14,KAL,CM
sa15?,GAR,CM
sa16,UD,CM
sa17,ŠU2.NAGA,CM
sa18,BI,CM
sa19,ŠA,CM
sa2,DI,CM
sa21,ŠEG9,CM
sa3,ZA,CM
sa4,HU.NA2,CM
sa5,SI.A,CM
sa6,ŠA6,CM
sa7,IGI@g,CM
sa7-alan,IGI@g.ALAN,CM
sa8,AN,CM
sa9,MAŠ,CM
sab,PA.IB,CM
sabad,GA2×U,CM
sabad2,GA2×BAD,CM
sabad3,GA2×IGI@g,CM
sabar,ŠEG9.BAR,CM
sabu,SI.A.BUR2,CM
sad,KUR,CM
sad2,GA2×U,CM
sad3,GA2×BAD,CM
sad4,GA2×IGI@g,CM
sadu,DI.DI,CM
sadx(|E2×U|),E2×U,CM
sag,SAG,CM
sag10,IGI.ERIN2,CM
sag11,KIN,CM
sag12,IGI@g,CM
sag2,PA.GAN,CM
sag3,PA,CM
sag4,LUGAL,CM
sag5,NISAG,CM
sag7,GAN,CM
sag8,KAL,CM
sag9,ŠA6,CM
saga,SAG,CM
saga11,KIN,CM
sagax(|ŠE.KIN.KIN|),ŠE.KIN.KIN,CM
sagax(|ŠE.KIN|),ŠE.KIN,CM
sagbar,HI×AŠ2,CM
sagdu?,SAG×DU,CM
sagdudu,LAGAB×ŠITA@t+GIŠ,CM
sagdudux(|LAGAB×ŠITA+GIŠ+ERIN2|),LAGAB×ŠITA+GIŠ+ERIN2,CM
sagdul,U.SAG,CM
sagga,ŠID,CM
sagga2,IL2.MA2.DUB2,CM
sagga3,IL2.MA2.IGI@g,CM
sagga4,IL2.DUB2,CM
sagga5,GA.UZ3.IGI@g,CM
sagga6,GA.MA2.IGI@g,CM
saggar,SAG,CM
saggar2,HI×AŠ2,CM
sagi,SILA3.ŠU.GABA,CM
sagix(|SILA3.GABA|),SILA3.GABA,CM
sagix(ŠU),ŠU,CM
sagkurini?,DUB2,CM
sagkurun,DIN.KASKAL.U@g.DIŠ,CM
sagman,MAŠ.U.U,CM
sagmaš,BAD.KASKAL,CM
sagmin,MAŠ.U.U,CM
sagminx(|SAG&SAG|),SAG&SAG,CM
sagmunzer,SIK2.MU.BU,CM
sagmunzir,SIK2.MU.BU,CM
sagtag,AŠ,CM
sagtag3,AŠ@z,CM
sagtak,AŠ,CM
sagtak3,AŠ@z,CM
sagtušx(|U.SAG|),U.SAG,CM
sagus,UD.DU,CM
saguš,UD.DU,CM
sagx(UD@g),UD@g,CM
sagx(|U.GA|),U.GA,CM
sagx(ŠE),ŠE,CM
sagšu,U.SAG,CM
sah,KID,CM
sah2,ŠUBUR,CM
sah3?,DUN,CM
sah4,GU%GU,CM
sah6,HA.A,CM
sah7,A×HA,CM
saha6,HA.A,CM
saha7,A×HA,CM
sahab,ŠU.DIŠ,CM
sahab2,ŠU.DI.U.U.U,CM
sahabx(|ŠU.SI.DI|),ŠU.SI.DI,CM
sahan?,MUŠ,CM
sahar,IŠ,CM
sahar2,SAR,CM
sahardub,IŠ,CM
sahx(KU),KU,CM
sahx(|A.HA.A|),A.HA.A,CM
sahx(|A.HA|),A.HA,CM
sak,SAG,CM
sak3,PA,CM
sak6,ZAG,CM
sakar,SAR,CM
sakarx(NU11),NU11,CM
sakkan,GIR3,CM
sakkan2,GIR3.GA2×PA.A.AN,CM
sal,SAL,CM
sal2,DI,CM
sal3,NI,CM
sal4,SILA3,CM
sala,SAL,CM
sala4,SILA3,CM
salagud,DI,CM
salah,UD,CM
salamx(|IGI@g.ALAN|),IGI@g.ALAN,CM
salgud,DI,CM
salim,DI,CM
salubug2,DIŠ,CM
salugub,AŠ,CM
salugub2,DIŠ,CM
sam,U2,CM
sam2,NINDA2×ŠE,CM
samag,UM,CM
samag2,UM×ŠA3,CM
samag3,UM×U,CM
samag4,UM×U.LAGAB,CM
samag5,UM×LAGAB,CM
samag6,IGI@g,CM
samagx(|UM.LAGAB|),UM.LAGAB,CM
samagx(|URUDA×U.LAGAB|),URUDA×U.LAGAB,CM
samagx(|URUDA×U.U|),URUDA×U.U,CM
samagx(|URUDA×U|),URUDA×U,CM
saman,EŠ2.SUD.NUN.EŠ2.TU,CM
saman2,EŠ2.BU.NUN.EŠ2.TU,CM
saman3,ŠE.EŠ2.NUN.BU,CM
saman4,U.GAN,CM
saman5,NUNUZ.AB2×AŠGAB,CM
samanurx(|EŠ2.BU.NUN.EŠ2.TU|),EŠ2.BU.NUN.EŠ2.TU,CM
samanurx(|EŠ2.SUD.NUN.EŠ2.TU|),EŠ2.SUD.NUN.EŠ2.TU,CM
samanx(EŠ2),EŠ2,CM
samanx(|A.PA.BI.SI.A.GA|),A.PA.BI.SI.A.GA,CM
samanx(|A.PA.GISAL.PAD.SI.A|),A.PA.GISAL.PAD.SI.A,CM
samanx(|BU.NUN.ŠE.EŠ2|),BU.NUN.ŠE.EŠ2,CM
samanx(|GISAL.PAD.SI.A|),GISAL.PAD.SI.A,CM
samanx(|KU.BU.NUN.TU.KU|),KU.BU.NUN.TU.KU,CM
samanx(|NUN.ŠE.LAL|),NUN.ŠE.LAL,CM
samanx(|SUD.NUN.EŠ2.TU|),SUD.NUN.EŠ2.TU,CM
samanx(|SUD.NUN.ŠE.EŠ2|),SUD.NUN.ŠE.EŠ2,CM
samanx(|TUG2.BU.TUG2.TU|),TUG2.BU.TUG2.TU,CM
samun+,EŠ2.SUD.NUN.EŠ2.TU,CM
samx(SAG),SAG,CM
samx(|NINDA2×AN|),NINDA2×AN,CM
samx(|NINDA2×ŠE+A+AN|),NINDA2×ŠE+A+AN,CM
samx(|NINDA2×ŠE+A.AN|),NINDA2×ŠE+A.AN,CM
samx(|NINDA2×ŠE+A|),NINDA2×ŠE+A,CM
samx(|NINDA2×ŠE.A.AN|),NINDA2×ŠE.A.AN,CM
samx(|NINDA2×ŠE.A|),NINDA2×ŠE.A,CM
san,SAG,CM
san2,ŠEN,CM
san3,NINDA2×AN,CM
sandak4,DIŠ,CM
sanga,ŠID,CM
sanga2,SANGA2,CM
sanga3,IL2.MA2.IGI@g,CM
sanga4,IL2.DUB2,CM
sanga5,GA.UZ3.IGI@g,CM
sanga6,GA.MA2.IGI@g,CM
sangax(|GA.UZ3.HI|),GA.UZ3.HI,CM
sangax(|GA.UZ3|),GA.UZ3,CM
sangu,ŠID,CM
sangu2,IL2.MA2.DUB2,CM
sangu3,IL2.MA2.IGI@g,CM
sangu4,IL2.DUB2,CM
sangu5,GA.UZ3.IGI@g,CM
sangu6,GA.MA2.IGI@g,CM
santa,AŠ,CM
santa4,DIŠ,CM
santag,AŠ,CM
santag4,DIŠ,CM
santak,AŠ,CM
santak2,AŠ@k,CM
santak3,AŠ@z,CM
santak4,DIŠ,CM
santan,GAL.NI,CM
santana,GAL.NI,CM
sap,PA.IB,CM
sap2,ERIN2,CM
sap3,PA.LU,CM
saparu?,LU2.ME.EN,CM
saq,SAG,CM
sar,SAR,CM
sar2,ŠAR2,CM
sar3,NI,CM
sar4,SUD,CM
sar5,MUŠ3,CM
sar6,LAGAB×SUM,CM
sar7,LUL,CM
sar8,SUM,CM
sara,SAR,CM
sara2,ŠAR2,CM
sare2,ŠAR2,CM
sargad,HI×GAD,CM
sarix(SAR),SAR,CM
sarsa,SAR.SAR,CM
sarx(NU),NU,CM
sarx(|A.LAGAB×KUL|),A.LAGAB×KUL,CM
sas,ŠEŠ,CM
sasx(KI),KI,CM
sat,KUR,CM
sata,KUR,CM
sax(NISAG),NISAG,CM
sax(ZAG),ZAG,CM
sax(|GU%GU|),GU%GU,CM
sax(|NINDA2×AN|),NINDA2×AN,CM
sax(|NINDA2×AŠ+AŠ|),NINDA2×AŠ+AŠ,CM
sax(|NINDA2×ŠE+A+AN|),NINDA2×ŠE+A+AN,CM
sax(|NINDA2×ŠE+A.AN|),NINDA2×ŠE+A.AN,CM
sax(|NINDA2×ŠE+A|),NINDA2×ŠE+A,CM
sax(|NINDA2×ŠE+AŠ+AŠ|),NINDA2×ŠE+AŠ+AŠ,CM
sax(|NINDA2×ŠE+AŠ|),NINDA2×ŠE+AŠ,CM
sax(|NINDA2×ŠE.A.AN|),NINDA2×ŠE.A.AN,CM
sax(|NINDA2×ŠE.A|),NINDA2×ŠE.A,CM
saĝ,SAG,CM
saĝ4,LUGAL,CM
saĝ5,NISAG,CM
saĝa,SAG,CM
saĝa2,SANGA2,CM
saĝa3,IL2.MA2.IGI@g,CM
saĝa4,IL2.DUB2,CM
saĝa5,GA.UZ3.IGI@g,CM
saĝa6,GA.MA2.IGI@g,CM
saĝa7,GA.BALAG,CM
saĝa8,ŠID,CM
saĝax(|GA.UZ.IGI@g|),GA.UZ.IGI@g,CM
saĝax(|GA.UZ3.HI|),GA.UZ3.HI,CM
saĝax(|GA.UZ3|),GA.UZ3,CM
saĝax(|LAGAB×LAK175|),LAGAB×LAK175,CM
saĝdudux(|LAGAB×ŠITA@t|),LAGAB×ŠITA@t,CM
saĝmaš,BAD.KASKAL,CM
saĝmin,MAŠ.U.U,CM
saĝminx(|SAG&SAG|),SAG&SAG,CM
saĝtak,AŠ,CM
saĝtak2,AŠ@k,CM
saĝtak3,AŠ@z,CM
saĝtak4,DIŠ,CM
saĝx(|UD×U+U+U@g|),UD×U+U+U@g,CM
saĝĝa,ŠID,CM
saĝĝa2,IL2.MA2.DUB2,CM
saĝĝar,SAG,CM
saĝĝar2,HI×AŠ2,CM
saĝšu,U.SAG,CM
se,SI,CM
se10,ZA.MUŠ3.DI,CM
se11,SIG,CM
se12,IGI@g,CM
se15,SAR,CM
se2,ZI,CM
se20,ZE2,CM
se24,A.MUŠ3,CM
se25,MUŠ3.DI,CM
se26,A.MUŠ3.DI,CM
se27,MUŠ3,CM
se28,MUŠ3@g,CM
se3,SUM,CM
se8,DI,CM
se9,MUŠ3×A+DI,CM
sed,MUŠ3×A+DI,CM
sed3,A.MUŠ3,CM
sed4,MUŠ3.DI,CM
sed5,A.MUŠ3.DI,CM
sed6,MUŠ3,CM
sed7,MUŠ3@g,CM
sed8,ZA.MUŠ3.DI,CM
sedi,MUŠ3×A+DI,CM
sedi3,A.MUŠ3,CM
sedi4,MUŠ3.DI,CM
sedi6,MUŠ3,CM
sedi7,MUŠ3@g,CM
sedi8,ZA.MUŠ3.DI,CM
sedx(A),A,CM
sedx(|MUŠ3×DI|),MUŠ3×DI,CM
seg,SIG,CM
seg10,SUM,CM
seg11,PA.GAN,CM
seg14,ŠEG9,CM
seg15,KAL,CM
seg16,GAN,CM
seg17,GI,CM
seg18,KIN,CM
seg2,SIK2,CM
seg3,PA,CM
seg4,SIG4,CM
seg5,IGI.ERIN2,CM
seg6,ŠA6,CM
seg7,IGI@g,CM
seg8,GAD.TAK4.GIŠ,CM
seg9,SI,CM
segga,ŠEG9,CM
ser3,EZEN,CM
sermuššu?,IGI@g.TAK4.ALAN,CM
ses,ŠEŠ,CM
sex(|MUŠ3×DI|),MUŠ3×DI,CM
si,SI,CM
si11,SIG,CM
si12,IGI@g,CM
si13,NAM,CM
si14,DUG,CM
si15,SAR,CM
si17,IGI,CM
si18,KA×BALAG,CM
si19,KA×UD,CM
si2,ZI,CM
si20,ZE2,CM
si21,KAL,CM
si22,GI,CM
si23,GUL,CM
si29,PA,CM
si3,SUM,CM
si4,SI@g,CM
si5,IGI.EŠ2,CM
si6,LU,CM
si7,UMUM×KASKAL,CM
si8,DI,CM
sib,ME,CM
sib2,PA.LU,CM
siba,PA.LU,CM
sibad,PA.LU,CM
sibir,U.EN×GAN2@t,CM
sibsib,KA×ME+ME,CM
sid,MUŠ3×A+DI,CM
sid2,ŠID,CM
sidra,EZEN,CM
sidug,LAGAB×DAR,CM
sidug2,LAGAB×GA,CM
siduga2,LAGAB×GA,CM
sidugax(|LAGAB×TAG|),LAGAB×TAG,CM
sidugga,LAGAB×DAR,CM
sidugga2,LAGAB×GA,CM
sig,SIG,CM
sig10,SUM,CM
sig11,PA.GAN,CM
sig14,ŠEG9,CM
sig15,KAL,CM
sig16,GAN,CM
sig17,GI,CM
sig18,KIN,CM
sig2,SIK2,CM
sig3,PA,CM
sig4,SIG4,CM
sig5,IGI.ERIN2,CM
sig6,ŠA6,CM
sig7,IGI@g,CM
sig8,GAD.TAK4.GIŠ,CM
sig9,SI,CM
siga,SIG,CM
siga18,KIN,CM
sigax(|ŠU2.NAGA|),ŠU2.NAGA,CM
sigga,ŠEG9,CM
sigga2,PA,CM
sigx(KA),KA,CM
sigx(KA×BALAG),KA×BALAG,CM
sigx(KA×ŠID),KA×ŠID,CM
sigx(SAR),SAR,CM
sigx(UMBIN),UMBIN,CM
sigx(|KA×BALAG|),KA×BALAG,CM
sigx(|KA×ŠID|),KA×ŠID,CM
sigx(|URU×TU|),URU×TU,CM
sigx(|ŠE.KIN|),ŠE.KIN,CM
sih,ŠUBUR,CM
sih2,KID,CM
sih4,MUŠ3@g,CM
sih5,GU%GU,CM
sik,SIG,CM
sik10,SUM,CM
sik2,SIK2,CM
siki,SIK2,CM
siki2,UD,CM
sikil,EL,CM
sikin,SIK2.LAM,CM
sikix(|PA.GAN|),PA.GAN,CM
sil,TAR,CM
sil10,EZEN×UD,CM
sil2,NUN,CM
sil3,SILA3,CM
sil4,MI,CM
sil5,EZEN×KASKAL,CM
sil6,EZEN×A,CM
sil7,EZEN×A+LAL,CM
sil8,ŠIR,CM
sil9,EZEN×A+LAL2,CM
sila,TAR,CM
sila11,ŠID,CM
sila3,SILA3,CM
sila4,GA2×PA,CM
silag,ŠID,CM
silaku,GA2×PA,CM
silal,EZEN×A,CM
silalx(|EZEN×KU3|),EZEN×KU3,CM
silaĝ,ŠID,CM
silig,URU×IGI,CM
silig2,TAG×UD,CM
silig3,TAG×TUG2,CM
silig4,TAG×GUD,CM
silig5,URU×URUDA,CM
silig6,KA×ŠID,CM
silim,DI,CM
silim2,KAL,CM
silima,DI,CM
silima2,KAL,CM
silix(DI),DI,CM
sillal,EZEN×UD,CM
silx(EZEN),EZEN,CM
silx(|EZEN×LAL2|),EZEN×LAL2,CM
sim,NAM,CM
sim2,SUM,CM
sim3,DI,CM
sim4?,LAGAB,CM
sim5,ZUM,CM
simed,AŠ,CM
simig,DUB,CM
simug,UMUM,CM
simuggalx(|GAL.UMUM|),GAL.UMUM,CM
simx(GIG),GIG,CM
simx(|KA×GA|),KA×GA,CM
sin,U.U.U,CM
sin2,NAM,CM
sin3,EN.ZU,CM
sinx(ŠID),ŠID,CM
sip,ME,CM
sip2,PA.LU,CM
sip3,AŠ@z&AŠ@z&AŠ@z&AŠ@z,CM
sip4,PA.IB,CM
sipa,PA.LU,CM
sipa2,PA.IB,CM
sipad,PA.LU,CM
sipar,UD.KA.BAR,CM
sippar,UD.GIŠ%GIŠ.NUN,CM
siq,SIG,CM
siqqax(PA),PA,CM
sir,SUD,CM
sir2,BU,CM
sir3,EZEN,CM
sir4,ŠIR,CM
sir5,NU,CM
sirara,AB×HA,CM
sirara2,UD.MA2.AB×HA.ŠIR,CM
sirara3,UD.MA2.AB×HA.TAG,CM
sirara4,UD.MA2.AB×HA,CM
sirara5,AB@g,CM
sirara6,UD.MA2.AB×HA.KI.TAG,CM
siraran,AB×HA,CM
sirarax(|AB×U+U+U|),AB×U+U+U,CM
siraš,ŠIM,CM
siraš2,ŠIM×A,CM
siraš3,ŠIM×GAR,CM
sirda,EZEN,CM
sirim2,EZEN,CM
siris,ŠIM,CM
siris2,ŠIM×A,CM
siris3,ŠIM×GAR,CM
siris4,BI,CM
siris5,BI.MI,CM
siriš,ŠIM,CM
sirmuššu,IGI@g.TAK4.ALAN,CM
sirru,NU11.IR,CM
sirsir,BU&BU.AB,CM
siru,ŠIR,CM
sirum,ŠIR,CM
sis,ŠEŠ,CM
sisax(DI),DI,CM
sishe,GU%GU.GU%GU,CM
sisi,ANŠE.KUR.RA,CM
sisix(|ANŠE.KUR|),ANŠE.KUR,CM
siskur,AMAR×ŠE,CM
siskur2,AMAR×ŠE.AMAR×ŠE,CM
sissix(GI),GI,CM
sit2,ŠID,CM
siu,UMUM×KASKAL,CM
six(BU),BU,CM
six(SUD),SUD,CM
six(TAR),TAR,CM
six(|SI.A|),SI.A,CM
sizkur,AMAR×ŠE,CM
sizkur2,AMAR×ŠE.AMAR×ŠE,CM
siš,ŠEŠ,CM
siškur,AMAR×ŠE,CM
siškur2,AMAR×ŠE.AMAR×ŠE,CM
su,SU,CM
su10,MUŠ3@g,CM
su11,KA,CM
su12,SUM,CM
su13,BU,CM
su14,ZUM,CM
su15,BI,CM
su16,BUR2,CM
su17,DUN,CM
su18,DUN3,CM
su2,ZU,CM
su20,ŠIM,CM
su3,SUD,CM
su4,SI@g,CM
su5,KU,CM
su6,KA×SA,CM
su7,LAGAR×ŠE,CM
su8,DU&DU,CM
su9,SI@g.A,CM
sub,KA×GA,CM
sub2,DU&DU,CM
sub3,GU2×NUN,CM
sub5,MUNSUB,CM
sub6,TAG,CM
sub7,RU,CM
suba,ZA.MUŠ3@g,CM
suba2,ZA.MUŠ3,CM
suba3,MUŠ3.ZA,CM
suba4?,MUŠ3,CM
subar,ŠUBUR,CM
subarrumx(ARAD),ARAD,CM
subir,ŠUBUR,CM
subu,TAG,CM
subur,ŠUBUR,CM
subur2,LUH,CM
suburx(ARAD),ARAD,CM
subx(KAL),KAL,CM
subx(|DAG.KISIM5×GA|),DAG.KISIM5×GA,CM
subx(|DU&DU.DU&DU|),DU&DU.DU&DU,CM
subx(|DU.DU.DU.DU|),DU.DU.DU.DU,CM
subx(|DU@s.DU@s|),DU@s.DU@s,CM
subx(|KA×UD|),KA×UD,CM
subx(|MUŠ3.ZA|),MUŠ3.ZA,CM
subx(|PAP.NA2|),PAP.NA2,CM
subx(ŠID),ŠID,CM
sud,SUD,CM
sud2,SUD2,CM
sud3,SU.KUR.RU,CM
sud4,BU,CM
sud5,EZEN×KASKAL,CM
sudx(NU11),NU11,CM
sudx(|SU.KUR|),SU.KUR,CM
sudx(|SU.RU×KUR|),SU.RU×KUR,CM
suen,EN.ZU,CM
suena,EN.ZU,CM
sug,LAGAB×A,CM
sug2,DU&DU,CM
sug4,SUD,CM
sug5,DUN3,CM
sug6,SU,CM
sug7,KA×LI,CM
sug8,LAGAR×ŠE,CM
sug9?,NUNUZ,CM
sugal,ZA.MUŠ3@g.AB@g,CM
sugal2,ZA.MUŠ3.AB@g,CM
sugal3,MUŠ3.AB@g,CM
sugal4,MUŠ3.ZA.AB@g,CM
sugal5,MUŠ3.AB,CM
sugal6,AB.MUŠ3,CM
sugal7,LUH,CM
sugin,BAD,CM
sugix(|LAGAB×A|),LAGAB×A,CM
sugx(BU),BU,CM
sugx(KA),KA,CM
sugx(|DU&DU.DU&DU|),DU&DU.DU&DU,CM
sugx(|DU.DU.DU.DU|),DU.DU.DU.DU,CM
sugx(|DU@s.DU@s|),DU@s.DU@s,CM
sugx(|LAGAB×GAR|),LAGAB×GAR,CM
sugx(|PA.SUD.EL|),PA.SUD.EL,CM
sugx(|SUD.PA.EL|),SUD.PA.EL,CM
suh,MUŠ3@g,CM
suh10,MUŠ3,CM
suh2?,SUHUR,CM
suh3,GU%GU,CM
suh4,KID,CM
suh5,KU,CM
suh6,DU@g,CM
suh7,MU,CM
suhirim,LAGAR×ŠE+SUM,CM
suhirin,LAGAR×ŠE+SUM,CM
suhub,ŠU2.ANx3,CM
suhub2,ANx3,CM
suhub3,ŠU.DIŠ,CM
suhub4,ŠU.DI.U.U.U,CM
suhub5,ŠU.GA,CM
suhul,ŠU2.ANx3,CM
suhul2,IM.DUN3@g@g.DUN,CM
suhul3,IM.DUN.DUN3@g@g,CM
suhur,SUHUR,CM
suhuš,DU@g,CM
suhuš2,NINDA2×UŠ,CM
suhušx(TUR),TUR,CM
suhušx(|UR×AL|),UR×AL,CM
suhušx(|ŠA6.TUR|),ŠA6.TUR,CM
suhx(TAG),TAG,CM
suk,LAGAB×A,CM
suk3,URU×MIN,CM
sukal,LUH,CM
sukkal,LUH,CM
sukkal2,SAL.HUB2,CM
sukkal3,SAL.AL,CM
sukkalgalx(|GAL.LUH|),GAL.LUH,CM
suku4,KI.URU×MIN,CM
suku5,MUŠ3@g,CM
suku6,MUŠ3,CM
sukud,GALAM,CM
sukud2,MUŠ3@g,CM
sukud3,MUŠ3,CM
sukux(GALAM),GALAM,CM
sukux(LIL),LIL,CM
sukuš,MUŠ3,CM
sul,DUN,CM
sul2,NI,CM
sul3,KA×SA,CM
sul4,LAGAR×ŠE,CM
sulgar,ŠU2.ANx3,CM
sullat,IDIM,CM
sullat2,PA,CM
sullim,EN×GAN2@t,CM
sulu,TAR,CM
sulug,LUL,CM
suluhu,SIK2.SUD,CM
suluhu2,SIK2.BU,CM
suluhu3,ZI&ZI.LAGAB,CM
suluhu4,LAGAB×A.LUM,CM
suluhux(|A.ZI&ZI|),A.ZI&ZI,CM
suluhux(|ZI&ZI.A|),ZI&ZI.A,CM
suluhux(|ZI&ZI.EŠ2|),ZI&ZI.EŠ2,CM
sulumhi,SIK2.SUD,CM
sulumhi2,SIK2.BU,CM
sulumhi3,ZI&ZI.LAGAB,CM
sulumhi4,LAGAB×A.LUM,CM
sulummar,KI.SAG.DU,CM
sulx(|KA×KID|),KA×KID,CM
sum,SUM,CM
sum2,ZUM,CM
sum3,SU,CM
sum4,KA×SA,CM
sum5,AŠ@k&AŠ@k&AŠ@k&AŠ@k,CM
sum6,TAG,CM
sumaš,SUMAŠ,CM
sumu,SUM,CM
sumug,UM,CM
sumug2,UM×ŠA3,CM
sumug3,UM×U,CM
sumug4,UM×U.LAGAB,CM
sumug5,UM×LAGAB,CM
sumugan,GIR3,CM
sumuganx(|ANŠE.PA|),ANŠE.PA,CM
sumugga,GIR3,CM
sumugx(|UM.LAGAB|),UM.LAGAB,CM
sumugx(|URUDA×U.LAGAB|),URUDA×U.LAGAB,CM
sumugx(|URUDA×U|),URUDA×U,CM
sumukan,GIR3,CM
sumun,TIL,CM
sumun2,GUL,CM
sumuna2,GUL,CM
sumunda,LAGAR@g&LAGAR@g.ŠE,CM
sumunu2,GUL,CM
sumuqan,GIR3,CM
sumur,SAG@g,CM
sumur2,SUHUR,CM
sumur3,MUNSUB,CM
sumurx(KA),KA,CM
sumux(KA),KA,CM
sumx(|KA×KID|),KA×KID,CM
sumx(|ZI&ZI|),ZI&ZI,CM
sun,TIL,CM
sun2,GUL,CM
sun3,SUM,CM
sun4,KA×SA,CM
sun5,BUR2,CM
sun6,ŠEN,CM
sun7,KAL,CM
suna,TIL,CM
suna2,GUL,CM
sunax(KAL),KAL,CM
sungin,BAD,CM
sunx(|KA×KID|),KA×KID,CM
sup2,DU&DU,CM
suq,LAGAB×A,CM
sur,SUR,CM
sur10,MA2.IGI@g,CM
sur11,KU,CM
sur12,LAGAR×ŠE,CM
sur14,SAG,CM
sur2,SAG@g,CM
sur3,HI×AŠ,CM
sur4,ŠA3×A,CM
sur5,LAL,CM
sur6,KI.GAL,CM
sur7,KI.KAK,CM
sur8,LAGAB×SUM,CM
sur9,SUR9,CM
sura,SUR,CM
sura10,MA2.IGI@g,CM
sura12,LAGAR×ŠE,CM
sura13,EŠ2.KA,CM
sura9,SUR9,CM
surengal,A.LAGAB×HAL.UD.NUN.KI,CM
surgal,A.LAGAB×HAL.UD.NUN.KI,CM
suri,TUM,CM
surra13,EŠ2.KA,CM
surru,SUR9,CM
surru2,MA2.IGI@g,CM
suru5,LAL,CM
suruen,EN.ŠEŠ,CM
suruengal,UD.NUN,CM
surugal,UD.NUN,CM
surum?,NUN.LAGAR,CM
surungal,UD.NUN,CM
surx(AMAR),AMAR,CM
surx(BU),BU,CM
surx(ERIN2),ERIN2,CM
surx(LAGAB),LAGAB,CM
surx(NU),NU,CM
surx(UR),UR,CM
surx(UZ3),UZ3,CM
surx(|HI×AŠ2|),HI×AŠ2,CM
surx(|LAL.LAGAB|),LAL.LAGAB,CM
surx(|LAL2.TUG2|),LAL2.TUG2,CM
sus,MUŠ3@g,CM
sus2,MUŠ3,CM
susan,MUŠ3.EREN,CM
susbu,MUŠ3@g.BU,CM
susbu2,MUŠ3@g,CM
susbu3,MUŠ3.BU,CM
susbu4,MUŠ3,CM
suslug,ŠU.LUL,CM
susu,SUD2,CM
susx(SUD2),SUD2,CM
sutu,BAR,CM
sux(EREN),EREN,CM
sux(LAGAB),LAGAB,CM
sux(MI),MI,CM
sux(TAG),TAG,CM
sux(|DU&DU.DU&DU|),DU&DU.DU&DU,CM
sux(|DU.DU.DU.DU|),DU.DU.DU.DU,CM
sux(|DU@s.DU@s|),DU@s.DU@s,CM
sux(|KA×KID|),KA×KID,CM
suz,MUŠ3@g,CM
suz2,MUŠ3,CM
suzbu,MUŠ3@g.BU,CM
suzbu2,MUŠ3@g,CM
suzbu3,MUŠ3.BU,CM
suš,KU,CM
suš2,NI,CM
suš3,BU,CM
sušbu,MUŠ3@g,CM
sušx(IŠ),IŠ,CM
ta,TA,CM
ta*,TAx,CM
ta2,DA,CM
ta3,TAG,CM
ta4,DAM,CM
ta5,UD,CM
ta6,TAK4,CM
ta7,PI,CM
ta8,HI,CM
tab,TAB,CM
tab2,GIR2@g,CM
tab4,U.U,CM
taba,TAB,CM
tabira,DUB.NAGAR,CM
tad,TAK4,CM
tag,TAG,CM
tag2,DAG,CM
tag4,TAK4,CM
taga,TAG,CM
tagrimx(|LAGAB×KU3|),LAGAB×KU3,CM
tagrinx(|LAGAB×KU3|),LAGAB×KU3,CM
tah,MU&MU,CM
tah2,GABA,CM
tah3,MU,CM
taha,MU&MU,CM
tak,TAG,CM
tak2,DAG,CM
tak3,NI.UD,CM
tak4,TAK4,CM
taka,TAG,CM
taka4,TAK4,CM
taka\+,BALAG,CM
tal,RI,CM
tal2,PI,CM
tal3,AŠ,CM
tal4,DIŠ,CM
tal5,KAD5.KAD5,CM
tala,RI,CM
tala2,PI,CM
taltal,PI%PI,CM
talx(HU),HU,CM
talx(LAK171@s),LAK171@s,CM
talx(|KAD5&KAD5.KAD5&KAD5|),KAD5&KAD5.KAD5&KAD5,CM
tam,UD,CM
tam2,DAM,CM
tam3,DIM,CM
tam4,TUM,CM
tam5,ERIN2,CM
tam6,DIM2,CM
tan,KAL,CM
tan2,GA2×ME+EN,CM
tan3,GA2×TAK4,CM
tan4,GA2×GAN2@t,CM
tan6,UŠ×TAK4,CM
tan7,GA2×DA,CM
tan8,UR,CM
tana,KAL,CM
tap,TAB,CM
tapa,TAB,CM
taq,TAG,CM
taq2,DAG,CM
taq3,NI.UD,CM
tar,TAR,CM
tar2,DAR,CM
tar3,DARA3,CM
tar5,GI,CM
tara,TAR,CM
tara3,DARA3,CM
tarah,DARA3,CM
tarahx(DARA4),DARA4,CM
targul,MA2.MUG,CM
targulx(|MA2.KAK|),MA2.KAK,CM
tari,GUR,CM
taru,GUR,CM
taru5,GI,CM
tas,UR,CM
taskarin,TUG2,CM
tat,TAK4,CM
tatge,TAK4.TAK4,CM
tax(TAR),TAR,CM
taz,UR,CM
taş,UR,CM
taš,UR,CM
taš2,DIŠ,CM
taš3,AŠ2,CM
taša,UR,CM
taškarin,TUG2,CM
te,TE,CM
te10,DI,CM
te2,HI,CM
te3,NAGA,CM
te4,NE,CM
te5,TUG2,CM
te6,ŠID,CM
te8,A2,CM
te9,TI,CM
tebiru,DUB.NAGAR,CM
teg3,TE,CM
tegi,BALAG.LUL,CM
tegi2,LUL.BALAG,CM
teh2,UM,CM
tehe3,NIM,CM
tehi,DUB,CM
tehi2,UM,CM
tehi3,NIM,CM
tel,TIL,CM
telmun,NI.TUK,CM
teme,NAGA,CM
teme2,NAGA@180,CM
temen,TE,CM
temennax(TE),TE,CM
temex(NAGA@t),NAGA@t,CM
temx(TE),TE,CM
ten,TE,CM
ten2,DIN,CM
ten3,DUN3@g@g,CM
ter,ŠE.NUN&NUN,CM
ter4,SI.A,CM
tertu,PA.SU,CM
terx(|GIŠ×TAK4|),GIŠ×TAK4,CM
terx(|KA×PI|),KA×PI,CM
tex(TE@g),TE@g,CM
teĝ3,TE,CM
teĝ4,TI,CM
teš,AŠ,CM
teš2,UR,CM
tešbi,U2,CM
tešlug,LU2×LAGAB,CM
tešub,IM,CM
ti,TI,CM
ti2,HI,CM
ti3,DIM,CM
ti4,DI,CM
ti5,BAD,CM
ti7,TE,CM
ti8,A2,CM
ti9,NE,CM
tib,DIB,CM
tibir,TAG,CM
tibir2,TAG×ŠU,CM
tibir3,TAG×UD,CM
tibir4,TAG×TUG2,CM
tibir5,TAG×GUD,CM
tibira,DUB.NAGAR,CM
tibira2,KA×GIŠ%GIŠ,CM
tibirx(|TAG×ŠE|),TAG×ŠE,CM
tibnu,TI@t,CM
tibula,ŠA3.MIN.TAR,CM
tibula2?,ŠA3.MIN.KASKAL,CM
tibula3?,ŠA3.MIN.DI,CM
tibx(KU),KU,CM
tid?,IM,CM
tidanu,PIRIG.PIRIG,CM
tidanum,PIRIG.PIRIG,CM
tidnim,PIRIG.PIRIG,CM
tidnu,PIRIG.PIRIG,CM
tidnum,PIRIG@PIRIG,CM
tidnumx(|ERIN2.X1|),ERIN2.X1,CM
tig3,DUB2,CM
tig4,TI,CM
tigi,BALAG.LUL,CM
tigi2,LUL.BALAG,CM
tigidla,ŠA3.TAR,CM
tigidla2,ŠA3.MIN.KASKAL,CM
tigidla3,ŠA3.MIN.DI,CM
tigidlax(|ŠA3.MIN.TAR|),ŠA3.MIN.TAR,CM
tigix(|KID.BALAG|),KID.BALAG,CM
tigu,BALAG.LUL,CM
tigu2,LUL.BALAG,CM
tik,GU2,CM
til,TIL,CM
til2,LAGAR@g,CM
til3,TI,CM
til4,AŠ,CM
til5,DIŠ,CM
til6,KAD5.KAD5,CM
til7,PI,CM
til8,KUL,CM
til9?,MAŠ,CM
tila,URI,CM
tila3,TI,CM
tile,BAD,CM
tilhar,GA2×BAD,CM
tilla,URI,CM
tilla2,AN.AŠ.AN,CM
tilla3?,AN.DIŠ.AN,CM
tilla4?,AN.AŠ.A.AN,CM
tilla5,AN.AŠ@z.AN,CM
tillax(|AN&AN|),AN&AN,CM
tilmun,NI.TUK,CM
tilx(DIN),DIN,CM
tilx(LAK171@s),LAK171@s,CM
tilx(|KAD5&KAD5.KAD5&KAD5|),KAD5&KAD5.KAD5&KAD5,CM
tilx(|TUR.TUR|),TUR.TUR,CM
tilx?(KUL@g),KUL@g,CM
tim,DIM,CM
tim2,TUM,CM
tim3,DIN,CM
timuax(NA2),NA2,CM
tin,DIN,CM
tin3,DUN3@g@g,CM
tinur,LAGAB×IM,CM
tinur2,ŠU.LAGAB.NA,CM
tinur3,LAGAB×GAR,CM
tinuru,LAGAB×IM,CM
tinurx(|ŠU.LAGAB|),ŠU.LAGAB,CM
tip,DIB,CM
tiq,GU2,CM
tiq2,NI,CM
tir,ŠE.NUN&NUN,CM
tir2,TAR,CM
tir3,DAR,CM
tir4,SI.A,CM
tir5,PAN,CM
tirigi?,SAG.AN,CM
tiru,GAL.TE,CM
tirum,GAL.TE,CM
tirx(|GIŠ×TAK4|),GIŠ×TAK4,CM
tirx(|NUN&NUN|),NUN&NUN,CM
tis2,UR,CM
titab,BARA2.PAP.ŠE.PAP,CM
titab2,LU3.PAP.PAP,CM
titabx(|EŠ2.LU3|),EŠ2.LU3,CM
tiz,DIŠ,CM
tiz2,UR,CM
tiĝ4,TI,CM
tiş2,UR,CM
tiš,DIŠ,CM
tiš2,UR,CM
tiškarin,TUG2,CM
tiškarini,TUG2,CM
tišpak,MUŠ3@g,CM
tu,TU,CM
tu10,HUB2×UD,CM
tu11,HUB2,CM
tu12,TUK,CM
tu13,LAGAB×U+U+U,CM
tu14,ŠID,CM
tu15,IM,CM
tu16?,DUB2,CM
tu17,A.ŠU.NAGA,CM
tu18,DUN3,CM
tu19?,TUR,CM
tu2,UD,CM
tu20,KAK,CM
tu21,LAGAR@g,CM
tu22,NAGA,CM
tu23,NAGA×ŠU@t,CM
tu24,GABA,CM
tu25,NIM×GAN2@t,CM
tu3,DU,CM
tu4,TUM,CM
tu5,ŠU.NAGA,CM
tu6,KA×LI,CM
tu7,HI×BAD,CM
tu8,NIM,CM
tu9,TUG2,CM
tub,DUB,CM
tub2,DUB2,CM
tuba,ME,CM
tuba2,A.HA,CM
tuba3,ŠID,CM
tubax(TUG2),TUG2,CM
tubašin,KU7,CM
tud,TU,CM
tud2,PA.UZU,CM
tudu,PA.UZU,CM
tug,TUK,CM
tug2,TUG2,CM
tug3,DUG,CM
tug4,LAGAB×U+U+U,CM
tug7,IM×TAK4,CM
tug8,DUN3,CM
tugir,TUG2.DU@s,CM
tugul,NAGAR.ZA@t,CM
tugure,KA×GAN2@t,CM
tugx(LAK483),LAK483,CM
tuh,GABA,CM
tuh2,MU&MU,CM
tuh3,MU,CM
tuhu,GABA,CM
tuhul,NAGAR.ZA@t,CM
tuk,TUK,CM
tuk2,TUG2,CM
tuk3,DUG,CM
tuk4,LAGAB×U+U+U,CM
tuk7,IM×TAK4,CM
tuku,TUK,CM
tuku2,TUG2,CM
tuku4,LAGAB×U+U+U,CM
tuku5,TAG,CM
tuku6,LAGAB,CM
tukul,KU,CM
tukul2,GIŠ.KU,CM
tukula,KU,CM
tukulx(LAGAB),LAGAB,CM
tukum,ŠU.GAR.TUR.LAL,CM
tukumbi,ŠU.GAR.TUR.LAL.BI,CM
tukumbix(|ŠU.LAL.TUR|),ŠU.LAL.TUR,CM
tukumx(|ŠU.GAR|),ŠU.GAR,CM
tukumx(|ŠU.TUR|),ŠU.TUR,CM
tukun,ŠU.GAR.TUR.LAL,CM
tukunbi,ŠU.GAR.TUR.LAL.BI,CM
tukur,LAGAB,CM
tukur2,KA×ŠE,CM
tukur3,KA×U2,CM
tukurex(|KA×ŠE|),KA×ŠE,CM
tukurx(|LAGAB×U|),LAGAB×U,CM
tukx(HUB2),HUB2,CM
tukx(TAK4),TAK4,CM
tukx(|IM.KAD3|),IM.KAD3,CM
tul,U.TUG2,CM
tul2,LAGAB×U,CM
tul4,TUR,CM
tul5,LAGAR@g,CM
tul6,DUN4,CM
tul7,UR@s,CM
tul8,LAGAB×BAD,CM
tum,TUM,CM
tum10,DAM,CM
tum11,NIM×GAR+GAN2@t,CM
tum12,TU,CM
tum13,EGIR,CM
tum2,DU,CM
tum3,NIM×GAN2@t,CM
tum4,NIM,CM
tum5?,KU,CM
tum8,DIM,CM
tum9,IM,CM
tuma2,DU,CM
tuma?,KU,CM
tumu,IM,CM
tumu2,DU,CM
tumu3,NIM×GAN2@t,CM
tumu4,NIM,CM
tumx(HUB2),HUB2,CM
tumx(|HUB2×UD|),HUB2×UD,CM
tun3,DUN3,CM
tun4,DUN,CM
tuna3,DUN3,CM
tunda,PA.UZU,CM
tungal,EN.ZU,CM
tungal2,EN.KI,CM
tunur,LAGAB×IM,CM
tunx(DUB2),DUB2,CM
tunx(|KA×SA|),KA×SA,CM
tunĝal2,EN.KI,CM
tup,DUB,CM
tup2,DUB2,CM
tuq,TUK,CM
tuq3,DUG,CM
tur,TUR,CM
tur-tur,TUR.TUR,CM
tur2,GU2×KAK,CM
tur3,NUN.LAGAR,CM
tur4,GIŠ%GIŠ,CM
tur5,TU,CM
tur6,LAGAB,CM
tur7,DUR2,CM
tur8?,BU,CM
tura,TUR,CM
turan?,GU2×KAK.GIŠ%GIŠ,CM
turu,TUR,CM
turungal,UD.NUN,CM
tutke,LAGAB×U+U+U.LAGAB×U+U+U,CM
tutki,LAGAB×U+U+U.LAGAB×U+U+U,CM
tutku,LAGAB×U+U+U.LAGAB×U+U+U,CM
tux(|KA×IM|),KA×IM,CM
tux(|KA×UD|),KA×UD,CM
tux(|ŠE.NAGA|),ŠE.NAGA,CM
tuš,KU,CM
tuše,A.DU,CM
tušu,KU,CM
tuššuru,A.DU,CM
u,U,CM
u',ALEPH,CM
u'2?,HI×NUN,CM
u'3,LAGAB×GUD,CM
u'4,UD.KUŠU2,CM
u'a,LAGAB×(GUD+GUD).A,CM
u'i,LAGAB×(GUD+GUD).A,CM
u'u,LAGAB×(GUD+GUD).A,CM
u-gun3,U.DAR,CM
u-gunx(|DIŠ.DAR|),DIŠ.DAR,CM
u10,DARA4,CM
u11,HU,CM
u12,UN,CM
u13,HI×NUN,CM
u14?,U.GA,CM
u16,UM,CM
u17,PI,CM
u18,URU×MIN,CM
u19,URU,CM
u2,U2,CM
u20,ŠE,CM
u21,PIRIG×UD,CM
u22,UD×U+U+U,CM
u3,IGI.DIB,CM
u4,UD,CM
u4-sakar,UD.SAR,CM
u5,HU.SI,CM
u6,IGI.E2,CM
u7,KI.MIN,CM
u8,LAGAB×GUD+GUD,CM
u9,EZEN×BAD,CM
ua,LAGAB×GUD+GUD,CM
ua2,DARA4,CM
ua4,DAG.KISIM5×LU+MAŠ2,CM
ub,UB,CM
ub2,EŠ2,CM
ub3,AB2×ŠA3,CM
ub4,LAGAB×U,CM
ub5,AB2×TAK4,CM
ub6,AB2×ME+EN,CM
uba,UB,CM
uba2,EŠ2,CM
uba5,AB2×TAK4,CM
ubar,EZEN×KASKAL,CM
ubara,EZEN×KASKAL,CM
ubda,UB,CM
ubdax(KI),KI,CM
ubi,GALAM,CM
ubi2,SUHUR,CM
ubilla,GIŠ.NE@s,CM
ubilla2,GIŠ.MI,CM
ubinigga,TAB&TAB.NI&NI.DIŠ&DIŠ,CM
ubisag,ŠID,CM
ubisag2,ŠID×A,CM
ubišaga?,TAB&TAB.NI&NI.DIŠ&DIŠ,CM
ubri,IGI.KAK,CM
ubri2,IGI.DIM,CM
ubrim,IGI.KAK,CM
ubu,AŠ@z,CM
ubu2,UB,CM
ubudil,NINDA2×U2+AŠ,CM
ubudili,NINDA2×U2+AŠ,CM
ubur,DAG.KISIM5×GA,CM
ubur2,DAG.KISIM5×LU,CM
ubur3,DAG.KISIM5×IR,CM
ubur4,DAG.KISIM5×IR+LU,CM
ubura,AŠ@k,CM
uburu,AŠ@k,CM
ubx(|AB2.ŠA3|),AB2.ŠA3,CM
ubx(|EZEN×BAD|),EZEN×BAD,CM
ubx(|URU×GAN2@t|),URU×GAN2@t,CM
ud,UD,CM
ud2,AŠ2,CM
ud2-duru5,AŠ2.A,CM
ud3,HU.SI,CM
ud4,TAG×KU,CM
ud5,UZ3,CM
ud6,U.GA,CM
uda5,UZ3,CM
udax(ERIN2),ERIN2,CM
udda,LAGAB×KIN,CM
udeššu,AŠ2,CM
udinim,EZEN×IGI@g,CM
udkinx?(|SIK2.LAM|),SIK2.LAM,CM
udnim,EZEN×IGI@g,CM
udnimx(|EZEN×HA|),EZEN×HA,CM
udnimx(|EZEN×KU3|),EZEN×KU3,CM
udra,AŠ2.A.AN,CM
udra2,AŠ2.AN.NA,CM
udra3,AŠ2.AN,CM
udrax(|AŠ2.A|),AŠ2.A,CM
udru,AŠ2.A.AN,CM
udu,LU,CM
udu2,ŠU.BAD,CM
udub,LAGAB×NE,CM
udub2,ŠITA2,CM
udub3,NE.SI.A,CM
udug,UDUG,CM
udug2,ŠITA2,CM
udul,AB2.KU,CM
udul10,AB2.LU,CM
udul11,PA.DAG.KISIM5×GUD,CM
udul2?,HI×BAD,CM
udul3,DAG.KISIM5×LU+MAŠ2,CM
udul4,PA.DAG.KISIM5×LU+MAŠ2,CM
udul5,DAG.KISIM5×GUD,CM
udul6,DAG.KISIM5×UŠ,CM
udul7,KAM2,CM
udul8,U.MU,CM
udul9,PA.DAG.KISIM5×KAK,CM
udulx(|PA.NUN.LAGAR|),PA.NUN.LAGAR,CM
udun,U.MU,CM
udux(UDUG),UDUG,CM
udx(|PIRIG×UD|),PIRIG×UD,CM
ug,PIRIG×UD,CM
ug2,PIRIG,CM
ug3,UN,CM
ug4,UD,CM
ug5,EZEN×BAD,CM
ug6,IGI.E2,CM
ug7,UŠ2,CM
ug8?,LU2@s,CM
uga,U2.NAGA.GA,CM
uga2,A.KA,CM
uga3,UN,CM
uga5,EZEN×BAD,CM
ugab,SUHUR,CM
ugal,KA×UŠ,CM
ugar,A.GAR3,CM
ugax(NAGA),NAGA,CM
ugax(U2),U2,CM
ugax(|NU11.BUR|),NU11.BUR,CM
ugax(|U2.NAGA|),U2.NAGA,CM
ugnim,KI.SU.LU.EŠ2.GAR,CM
ugnimx(|KI.LU.EŠ2|),KI.LU.EŠ2,CM
ugnimx(|KI.SU.LU.EŠ2.GAR.RA|),KI.SU.LU.EŠ2.GAR.RA,CM
ugnimx(|KI.SU.LU.GAR|),KI.SU.LU.GAR,CM
ugnimx(|KI.SU.LU.KI.GAR|),KI.SU.LU.KI.GAR,CM
ugnimx(|KI.SU.LU.LAGAB×U.GAR|),KI.SU.LU.LAGAB×U.GAR,CM
ugnimx(|KI.SU.LU.ŠU.GAR|),KI.SU.LU.ŠU.GAR,CM
ugnimx(|KI.SU.ZA.LU.EŠ2|),KI.SU.ZA.LU.EŠ2,CM
ugnimx(|LU.EŠ2.GAR.KI|),LU.EŠ2.GAR.KI,CM
ugnimx(|SU.KI.LU.EŠ2.KI|),SU.KI.LU.EŠ2.KI,CM
ugra,LAGAB×U2+AŠ,CM
ugri,LAGAB×U2+AŠ,CM
ugu,U.KA,CM
ugu2,A.KA,CM
ugu3,A.SAG,CM
ugu4,KU,CM
ugu5,SAG@g,CM
ugudil,NINDA2×U2+AŠ,CM
ugudili,NINDA2×U2+AŠ,CM
ugula,PA,CM
ugulu,PA,CM
ugun,U.DAR,CM
ugun2,GAŠAN,CM
ugun3,U.KA,CM
ugunu,U.DAR,CM
ugunu2,GAŠAN,CM
ugur,U.GUR,CM
ugur2,IGI@g,CM
ugurx(|GU2×KAK×IGI@g|),GU2×KAK×IGI@g,CM
ugux(SAG@n@g),SAG@n@g,CM
ugux(|A.U.KA|),A.U.KA,CM
ugux(|U.SAG|),U.SAG,CM
ugx(|NINDA2×NE|),NINDA2×NE,CM
ugx(|PIRIG×ZA|),PIRIG×ZA,CM
uh,HI×NUN,CM
uh2,UD.KUŠU2,CM
uh3,KUŠU2,CM
uh4,KA×BAD,CM
uh5,ALEPH,CM
uh6,IM.ŠU2,CM
uhhur2?,IGI.GA,CM
uhhur3,IGI.A,CM
uhhur?,IGI.BI,CM
uhu,HI×NUN,CM
uhu2,UD.KUŠU2,CM
uia,U.5(DIŠ),CM
uk,PIRIG×UD,CM
uk5,EZEN×BAD,CM
ukdin,IGI@g.ALAN,CM
ukken,URU×BAR,CM
ukkin,URU×BAR,CM
ukra,GAL.ŠUBUR,CM
uktin,IGI@g.ALAN,CM
uku,DUN3@g@g,CM
uku-uš,DUN3@g.UŠ,CM
uku2,LAL2.DU,CM
uku3,UN,CM
uku4,PIRIG×UD,CM
uku5,LAL2.DU.DU,CM
ukum,IŠ,CM
ukur2,GAL.ŠUBUR,CM
ukur3,LAL2.DU,CM
ukur4,LAL2.DU.DU,CM
ukur5,IGI@g,CM
ukur?,GIR2,CM
ukurrim,EN.ME.AN.MUŠ3,CM
ukuš,DUN3@g@g.UŠ,CM
ukuš2,HUL2,CM
ul,U.GUD,CM
ul12,URU×MIN,CM
ul2,NU,CM
ul3,GIŠ%GIŠ,CM
ul4,GIR2@g,CM
ul5,EZEN×KASKAL,CM
ul6,UD,CM
ul7,ŠU.BU,CM
ul8?,GAN2,CM
ula,U.GUD,CM
ula2,GA2×U,CM
ulal,BAD,CM
ulax(|E2×U|),E2×U,CM
uli,KA×ME,CM
ulil,AŠ@k,CM
ullu,U.GUD,CM
ullu3,U.GUD,CM
ulu,U.GUD,CM
ulu2,HI×NUN.ME.U,CM
ulu3,URU×MIN,CM
ulu4,URU,CM
ulubar,IM.GAN2.HI×NUN.ME.U,CM
ulubar2,IM.HI×NUN.ME.U.GAN2,CM
ulud,DUG,CM
uludi?,MUŠ,CM
uludim,KI.KAL,CM
uludim2,IGI@g.ALAN,CM
uludin,KI.KAL,CM
uludin2,IGI@g.ALAN,CM
uluki?,MUŠ,CM
ulul,GIŠ%GIŠ,CM
ulul2,GAN2%GAN2,CM
ululx(GAN2),GAN2,CM
ulumaš,IM.GAN2.HI×NUN.ME.U,CM
ulumaš2,IM.HI×NUN.ME.U.GAN2,CM
ulutim,KI.KAL,CM
ulutim2,IGI@g.ALAN,CM
ulutin,KI.KAL,CM
ulutin2,IGI@g.ALAN,CM
ulušin,BI.AŠ2.A.AN,CM
ulušin2,BI.AŠ2.AN.NA,CM
ulušin3,BI.AŠ2.AN,CM
ulušinx(|BI.A.SUD|),BI.A.SUD,CM
ulušinx(|BI.AŠ2|),BI.AŠ2,CM
ulx(|U.GA|),U.GA,CM
um,UM,CM
um-me-da,UM.ME,CM
um2,UD,CM
uma,AŠ@k,CM
umah,LAGAB×U+A,CM
umahx?(|SAL.LAGAR|),SAL.LAGAR,CM
uman,HI×NUN,CM
umbara,EZEN×KASKAL,CM
umbin,UMBIN,CM
umbisag,ŠID,CM
umbisag2,ŠID×A,CM
umbisaĝ,ŠID,CM
umbisaĝ2,ŠID×A,CM
umma,GIŠ.KUŠU2,CM
umma2?,HI×DIŠ,CM
umman,KI.SU.LU.EŠ2.GAR,CM
ummanu,KI.SU.LU.EŠ2.GAR,CM
ummax(|GIŠ.SAL.KUR|),GIŠ.SAL.KUR,CM
ummax(|KA.HI.GA|),KA.HI.GA,CM
ummax(|UB.ME|),UB.ME,CM
ummeda,UM.ME,CM
ummeda2,UM×ME+DA,CM
ummenx(|GIŠ.KUŠU2|),GIŠ.KUŠU2,CM
ummix(|GIŠ.KUŠU2|),GIŠ.KUŠU2,CM
ummu,A.EDIN.A.LAL,CM
ummu3,A.EDIN.LAL,CM
ummud?,A.EDIN.LAL,CM
ummudx(|A.EDIN|),A.EDIN,CM
ummudx(|A.U.EDIN.LAL|),A.U.EDIN.LAL,CM
ummux(|A.EDIN|),A.EDIN,CM
ummux(|A.U.EDIN.LAL|),A.U.EDIN.LAL,CM
ummux(|EDIN.A.LAL|),EDIN.A.LAL,CM
ummux(|EDIN.A|),EDIN.A,CM
ummux(|EDIN.LAL.A|),EDIN.LAL.A,CM
umu,UM,CM
umuh,LAGAB×U+A,CM
umum,UMUM,CM
umun,U,CM
umun10?,U.MU,CM
umun11,LAGAB×A,CM
umun12?,LAGAB×UD,CM
umun2,UMUM,CM
umun3,HI×NUN,CM
umun4,ALEPH,CM
umun5,LAGAB×U+A,CM
umun6,LAGAB×HI×NUN,CM
umun7,IMIN,CM
umun8,TAB.TAB.TAB.AŠ,CM
umun9,AŠ&AŠ&AŠ.AŠ&AŠ&AŠ.AŠ,CM
umunax(IMIN),IMIN,CM
umunx(|LAGAB×GAR|),LAGAB×GAR,CM
umuš,TUG2,CM
umx(UN),UN,CM
un,UN,CM
un2,U,CM
un3,EZEN×BAD,CM
un4,EZEN×KASKAL,CM
un5,UD,CM
unken,URU×BAR,CM
unkin,URU×BAR,CM
unkinx(|KA×BAR|),KA×BAR,CM
unu,AB@g,CM
unu10,GI%GI,CM
unu11,ZA.MUŠ3@g.AB@g,CM
unu12,BU%BU,CM
unu2,TE.AB@g,CM
unu3,AB2.KU,CM
unu4,UN,CM
unu5,AB,CM
unu6,TE.AB,CM
unu7,TE@g.AB@g,CM
unu8,UŠ,CM
unu9,KAD4,CM
unud,AB2.KU,CM
unug,AB@g,CM
unug2,TE.AB@g,CM
unug3,TE.AB,CM
unug4,TE@g.AB@g,CM
unugi,AB×IGI@g,CM
unugi2,AB×GAL,CM
unugx(|AB×U+U+U|),AB×U+U+U,CM
unux(LAK171@s),LAK171@s,CM
unux(TE),TE,CM
unux(|AB×U+U+U|),AB×U+U+U,CM
unux(|HI×AŠ2|),HI×AŠ2,CM
unux(|TE.MUŠ3|),TE.MUŠ3,CM
unx(|EZEN×X|),EZEN×X,CM
up,UB,CM
up2,EŠ2,CM
upux(AŠ@z),AŠ@z,CM
uq,PIRIG×UD,CM
uq5?,EZEN×BAD,CM
ur,UR,CM
ur-ur,UR%UR,CM
ur10,URI,CM
ur11,APIN,CM
ur12,TE@g,CM
ur13?,RAB.GAL,CM
ur14,GA2×SAL,CM
ur2,UR2,CM
ur3,GA2×NUN&NUN,CM
ur4,UR4,CM
ur5,HI×AŠ2,CM
ur5-gu7,HI×AŠ2.KA×GAR,CM
ur5-ša4,HI×AŠ2.DU,CM
ur6?,U.GUD,CM
ur7,NINDA2×U2+AŠ,CM
ur9,UR2×U2+AŠ,CM
ura,UR,CM
ura15,ŠEŠ.AB@g,CM
ura16,ŠEŠ.AB,CM
ura3,GA2×NUN&NUN,CM
ura4,UR4,CM
ura5,HI×AŠ2,CM
uram,ŠEŠ.AB@g,CM
uram2,ŠEŠ.AB,CM
uraš,IB,CM
urbigu,UR%UR,CM
urbigu2,EN%EN,CM
urbigu3,LU2@LU2,CM
urbingu,UR%UR,CM
urbingu2,EN%EN,CM
urbingu3,LU2@LU2,CM
urda,ARAD,CM
urda2,ARAD×KUR,CM
urdu,ARAD,CM
urdu2,ARAD×KUR,CM
urgilim,NUN%NUN,CM
urgu,HI×AŠ2.KA×GAR,CM
urgu2,KA×NE,CM
uri,URI,CM
uri2,ŠEŠ.AB@g,CM
uri3,URI3,CM
uri4,IDIM,CM
uri5,ŠEŠ.AB,CM
urim2,ŠEŠ.AB@g,CM
urim5,ŠEŠ.AB,CM
urimx(URI3),URI3,CM
urin,URI3,CM
urinx(|ŠEŠ.HU.HU|),ŠEŠ.HU.HU,CM
urrub,DUG,CM
urrub2,KAL,CM
ursagsim,TAR,CM
ursaĝsim,TAR,CM
ursub,DUG,CM
ursub2,KAL,CM
urta,IB,CM
uru,URU,CM
uru10,SAG×DUB,CM
uru11,URU×GAN2@t,CM
uru12,GA2×NUN&NUN,CM
uru13,UR,CM
uru14,ŠEŠ.AB@g,CM
uru15,ŠEŠ.AB,CM
uru16,EN,CM
uru17,URU×MIN,CM
uru18,URU×A,CM
uru19,URI,CM
uru2,URU×UD,CM
uru3,URI3,CM
uru4,APIN,CM
uru5,TE@g,CM
uru6,NINDA2×U2+AŠ,CM
uru7,UR2×U2+AŠ,CM
uru8,UR2,CM
uru9,SIG4.IDIM,CM
urua,URU×A,CM
uruaka,GAD.TAK4.GIŠ,CM
urub,URU×GAN2@t,CM
urud,URUDA,CM
urud2,DUB,CM
uruda,URUDA,CM
urudu,URUDA,CM
urudu2,DUB,CM
urugal,AB×GAL,CM
urugal2,AB@g,CM
urugalx(|AB×U+U+U|),AB×U+U+U,CM
urugalx(|URU×GAL|),URU×GAL,CM
uruišdua,GAD.TAK4.GIŠ,CM
uruišduha,GAD.TAK4.GIŠ,CM
uruk,AB@g,CM
urukx(|AB×U+U+U|),AB×U+U+U,CM
urulla,GAD.TAK4.GIŠ,CM
urum,NINDA2×U2+AŠ,CM
urum2,UR2×U2+AŠ,CM
urum3,SAG×DUB,CM
urum4,UR2×HA,CM
urum5,ŠEŠ.AB@g,CM
urum6,ŠEŠ.AB,CM
urum7,U.ŠA,CM
urum8,UR2×U2,CM
urum9,UR2×A+HA,CM
urume,ERIN2.NA,CM
urumx(IDIM),IDIM,CM
urumx(|URU×UD|),URU×UD,CM
urumx?(|SIG4.IDIM|),SIG4.IDIM,CM
urun,URI3,CM
urunx(EN),EN,CM
ururim,URU×UD,CM
urutamga,URU×GAN2@t,CM
urutamga2,URU×UD,CM
urux(|EZEN×X|),EZEN×X,CM
urux(|HI×AŠ2|),HI×AŠ2,CM
urux(|UR2×HA|),UR2×HA,CM
uruĝal2,AB@g,CM
urušeb,URU×HA,CM
urušib,URU×HA,CM
urušibx?(|URU×UD|),URU×UD,CM
urx(TAK4),TAK4,CM
urx(|E2×SAL|),E2×SAL,CM
urx(|HI×ŠE|),HI×ŠE,CM
urzub,DUG,CM
urşub,DUG,CM
urša,HI×AŠ2.DU,CM
us,ŠE.HU,CM
us2,UŠ,CM
us3?,UZ3,CM
us4,PIRIG×ZA,CM
us5,LAGAB×GUD+GUD,CM
usa2,UŠ,CM
usab,UD.NUN,CM
usag,SAG×U2,CM
usagx(|NUNUZ.AB2×GUD|),NUNUZ.AB2×GUD,CM
usagx(|NUNUZ.AB2×LA|),NUNUZ.AB2×LA,CM
usagx(|U.ŠA|),U.ŠA,CM
usan,GU2×NUN,CM
usan2,GU2@g,CM
usan3,NUNUZ.AB2×AŠGAB,CM
usan3-sur5,NUNUZ.AB2×AŠGAB,CM
usan4,SI@g,CM
usan5,HU,CM
usanda,HU.KAK,CM
usandu,HU.KAK,CM
usandux(|NUNUZ.AB2×AŠGAB|),NUNUZ.AB2×AŠGAB,CM
usansurux(|NUNUZ.AB2×AŠGAB|),NUNUZ.AB2×AŠGAB,CM
usanx(AN),AN,CM
usanx(GU2),GU2,CM
usanx(KAK),KAK,CM
usanx(|AN.GU2×KAK|),AN.GU2×KAK,CM
usanx(|AN.GU2×NUN|),AN.GU2×NUN,CM
usanx(|GU2×KAK|),GU2×KAK,CM
usanx(|NUNUZ.AB2×GUD|),NUNUZ.AB2×GUD,CM
usar,LAL2.SAR,CM
usar2,LAL.SAR,CM
usar3,LAL2.LAGAB,CM
usar4,LAL.LAGAB,CM
usax(GU2@g),GU2@g,CM
usduha,LAGAB×GUD.LU.HI.A,CM
usi,GA2×ŠE,CM
usian,GU2×NUN,CM
usigi?,EZEN×KASKAL,CM
usil,EZEN×U2,CM
usix(|E2×ŠE|),E2×ŠE,CM
ussa2,TAB.TAB.TAB.TAB,CM
ussa3,AŠ&AŠ&AŠ.AŠ&AŠ&AŠ.TAB,CM
ussu,USSU,CM
ussu2,TAB.TAB.TAB.TAB,CM
ussu3,USSU3,CM
usu,A2.KAL,CM
usu2,UŠ,CM
usud,GA2×AN.KAK.A,CM
usug,ZAG.AN,CM
usug2,U2.KA,CM
usug3,SAG×U2,CM
usug4,U2.KUR.NI.TUK.KI,CM
usug5,KA×U2,CM
usuh?,SAL.LAGAR,CM
usun,NUNUZ.AB2×AŠGAB,CM
usur,LAL2.SAR,CM
usur4,LAL.LAGAB,CM
usux(UZU),UZU,CM
usx(|SIK2.AŠ|),SIK2.AŠ,CM
ut,UD,CM
ut2,AŠ2,CM
ut4,TAG×KU,CM
ut5,UZ3,CM
ut6,U.GA,CM
uta,UD,CM
utag,AŠ@k,CM
utah,U.GA,CM
utahx(U),U,CM
utak,AŠ@k,CM
utima,GA2×MI,CM
utima2,UD×MI,CM
utte,KI.KI,CM
uttu,TAG×TUG2,CM
uttu2,ŠID,CM
uttu4,MUG@g,CM
uttu5,UŠ.BAR,CM
uttu6,KI.LAL,CM
uttuku,GAR.ŠID,CM
uttux(TAG),TAG,CM
uttux(|TAG×KU|),TAG×KU,CM
utu,UD,CM
utu2,U.GA,CM
utu3,U.U,CM
utu4,KI.KI,CM
utu5,AŠ2,CM
utua,DAG.KISIM5×UŠ,CM
utua2,DAG.KISIM5×LU+MAŠ2,CM
utudi?,UTUKI,CM
utug,UDUG,CM
utug2?,ŠITA2,CM
utugx(|GAR.ŠID|),GAR.ŠID,CM
utuki?,UTUKI,CM
utul,AB2.KU,CM
utul10,AB2.LU,CM
utul11,PA.DAG.KISIM5×GUD,CM
utul2,HI×BAD,CM
utul3,DAG.KISIM5×LU+MAŠ2,CM
utul4,PA.DAG.KISIM5×LU+MAŠ2,CM
utul5,DAG.KISIM5×GUD,CM
utul6,DAG.KISIM5×UŠ,CM
utul7,KAM2,CM
utul8,U.MU,CM
utul9,PA.DAG.KISIM5×KAK,CM
utulx(|HI×DIŠ|),HI×DIŠ,CM
utun,U.MU,CM
utuqx(|GAR.ŠID|),GAR.ŠID,CM
utuwa,DAG.KISIM5×UŠ,CM
utuwa2,DAG.KISIM5×LU+MAŠ2,CM
utux(U),U,CM
utux(|TAG×TUG2|),TAG×TUG2,CM
uw,PI,CM
ux(NI),NI,CM
ux(PA),PA,CM
ux(|EZEN×AN|),EZEN×AN,CM
ux(|SIK2.AŠ|),SIK2.AŠ,CM
uya,U.5(DIŠ),CM
uz,ŠE.HU,CM
uz2,UŠ,CM
uz3,UZ3,CM
uz4,PIRIG×ZA,CM
uz5,LAGAB×GUD+GUD,CM
uza,ŠE.HU,CM
uza3,UZ3,CM
uzaglal,AŠ@z,CM
uzalag,AŠ@k,CM
uzalak,AŠ@k,CM
uzduha,LAGAB×GUD.LU.HI.A,CM
uzu,UZU,CM
uzu2,ZU5×A,CM
uzu3,ŠE.HU,CM
uzu5,U.UD,CM
uzud,UZ3,CM
uzug,ZAG.AN,CM
uzug2,U2.KA,CM
uzug3,U2.SAG,CM
uzug4,U2.KUR.NI.TUK.KI,CM
uzug5,KA×U2,CM
uzugx(KA),KA,CM
uzugx(|AN.ZAG|),AN.ZAG,CM
uzunx(|NUNUZ.AB2×AŠGAB|),NUNUZ.AB2×AŠGAB,CM
uĝ2,PIRIG,CM
uĝ3,UN,CM
uĝ5,EZEN×BAD,CM
uś,UŠ,CM
uş,ŠE.HU,CM
uş2,UŠ,CM
uş4,PIRIG×ZA,CM
uš,UŠ,CM
uš10,ŠE.HU,CM
uš11,KA×BAD,CM
uš14,KA×PI,CM
uš15,SI.A,CM
uš16?,ŠU.BAD,CM
uš17,HI×AŠ,CM
uš18,U.U.U,CM
uš2,UŠ2,CM
uš3,GA2×SAL,CM
uš4,TUG2,CM
uš5,NUN.LAGAR×SAL,CM
uš6,NUN.LAGAR×MAŠ,CM
uš7,KA×LI,CM
uš8,APIN,CM
uš9,DIŠ,CM
ušar,LAL2.SAR,CM
ušar2,LAL.SAR,CM
ušar3,LAL2.LAGAB,CM
ušar4,LAL.LAGAB,CM
ušbar,UR2×NUN,CM
ušbar2,ZU5×A,CM
ušbar3,UR2×U2+AŠ,CM
ušbar4?,SUMAŠ,CM
ušbar5?,U.EN×GAN2@t,CM
ušbar6,NINDA2×U2+AŠ,CM
ušbar7,UR2×U2,CM
ušbarx(|SUMAŠ.MAŠ|),SUMAŠ.MAŠ,CM
ušbur,UR2×NUN,CM
ušbur2,ZU5×A,CM
ušbur3,UR2×U2+AŠ,CM
ušbur4,SUMAŠ,CM
ušbur5,U.EN×GAN2@t,CM
ušbur6,NINDA2×U2+AŠ,CM
ušbur7,UR2×U2,CM
ušen,GU2×NUN,CM
ušera,LAGAB×U2+AŠ,CM
ušeri,LAGAB×U2+AŠ,CM
uštu,PI,CM
uštu2,UŠ.TUG2.PI,CM
uštug,PI,CM
uštug2,UŠ.TUG2.PI,CM
uštuh,KI.IB,CM
ušu,BUR2,CM
ušu2,U.UD,CM
ušu3,U.U.U,CM
ušub,SI.A,CM
ušum,BUR2,CM
ušumgal,GAL.BUR2,CM
ušumgalx(|KWU089.GAL|),KWU089.GAL,CM
ušumx(KWU089),KWU089,CM
ušur,LAL2.SAR,CM
ušur2,LAL.SAR,CM
ušur3,LAL2.LAGAB,CM
ušur4,LAL.LAGAB,CM
ušur5,U,CM
ušurx(|LAL2.TUG2|),LAL2.TUG2,CM
ušuš,GA2×NUN,CM
ušx(UŠX),UŠX,CM
ušx(|E2×SAL|),E2×SAL,CM
ušx(|KA×ŠU|),KA×ŠU,CM
ušša,HI×AŠ,CM
uššux(|A2.KAL|),A2.KAL,CM
uţ,UD,CM
uţe,KI.KI,CM
uţu,TAG×TUG2,CM
uţu2,ŠID,CM
uţu4,MUG@g,CM
uţu5,UŠ.BAR,CM
uţu6,KI.LAL,CM
uţuku,GAR.ŠID,CM
v+,GIŠ.NI,CM
wa,PI,CM
wa2,BA,CM
wa3,U2,CM
wa4,PI×A,CM
wa6,MA,CM
wan,U.U,CM
war2,MAR,CM
war3,ARAD,CM
war?,BAR,CM
wardu,ARAD,CM
warx(UB),UB,CM
wax(|LAGAB×GUD+GUD|),LAGAB×GUD+GUD,CM
wax(|LAGAB×GUD|),LAGAB×GUD,CM
wax(|SIK2.AŠ|),SIK2.AŠ,CM
waš,MAŠ,CM
we,PI,CM
we2,PI×E,CM
wi,PI,CM
wi2,PI×I,CM
wi4,MI,CM
wi5,GIŠ.DIN,CM
wir,GIR3,CM
wiš?,ME.U.U.U,CM
wu,PI,CM
wu2,PI×U,CM
wu3,PI×U2,CM
wu4,MU,CM
wuk,MUG,CM
wux(U2),U2,CM
wuš,MUŠ,CM
x,x,CM
xx(|SAG×KAK.GABA|),SAG×KAK.GABA,CM
ya,PI,CM
ya10,A,CM
ya3,NI,CM
ya4,NI.UD,CM
yax(|A.A|),A.A,CM
yax(|UD.NI|),UD.NI,CM
ye,PI,CM
yi,PI,CM
yi2,I.A,CM
yi3,E,CM
yu,PI,CM
za,ZA,CM
za2,NI.UD,CM
za3,ZAG,CM
za4,NUN,CM
za5,AN,CM
za6,KA×UD,CM
za7,ZA7,CM
zab,ERIN2,CM
zabala,ZA.MUŠ3@g.AB@g,CM
zabala2,ZA.MUŠ3.AB@g,CM
zabala3,MUŠ3.AB@g,CM
zabala4,MUŠ3.ZA.AB@g,CM
zabala5,MUŠ3.AB,CM
zabala6,AB.MUŠ3,CM
zabalam,ZA.MUŠ3@g.AB@g,CM
zabalam2,ZA.MUŠ3.AB@g,CM
zabalam3,MUŠ3.AB@g,CM
zabalam4,MUŠ3.ZA.AB@g,CM
zabalam5,MUŠ3.AB,CM
zabalam6,AB.MUŠ3,CM
zabalax(|AB@g.MUŠ3.ZA|),AB@g.MUŠ3.ZA,CM
zabalax(|AN.MUŠ3.AB@g|),AN.MUŠ3.AB@g,CM
zabalax(|AN.MUŠ3.AB|),AN.MUŠ3.AB,CM
zabalax(|MUŠ3.AB@g.ZA|),MUŠ3.AB@g.ZA,CM
zabar,UD.KA.BAR,CM
zabar2,ZUBUR,CM
zabar3,KA×UD.BAR,CM
zabitum,BALAG.TUR,CM
zadim,MUG@g,CM
zadri,ŠID,CM
zadru,ŠID,CM
zag,ZAG,CM
zag2,PA,CM
zag3,NISAG,CM
zagga,NI,CM
zagga2,ZA,CM
zagindur,ZA.KUR.A,CM
zagx(|U.GA|),U.GA,CM
zah,NE,CM
zah2,HA.A,CM
zah3,A×HA,CM
zaha2,HA.A,CM
zaha3,A×HA,CM
zahan,U.GA.HI,CM
zahan2,U.GA,CM
zahx(|A.HA.A|),A.HA.A,CM
zahx(|A.HA|),A.HA,CM
zahx(ŠEŠ),ŠEŠ,CM
zak,ZAG,CM
zak2,PA,CM
zal,NI,CM
zal2,LAGAB×SUM,CM
zala,NI,CM
zalag,UD,CM
zalag2,ERIN2,CM
zalaga,UD,CM
zalah,UD,CM
zalaqax(UD),UD,CM
zalax(UD),UD,CM
zalli,NI,CM
zalx?(NUN),NUN,CM
zamin,UB.RI,CM
zamx(ZAMX),ZAMX,CM
zanabal,LU2×LA+AŠ,CM
zanabal2,LU2×KAD3+AŠ,CM
zanabal3,LU2×SI+AŠ,CM
zanaru,MUŠ3,CM
zanaru2,ZA.MUŠ3,CM
zanbur,BAD.KASKAL,CM
zandar,ŠID,CM
zandara,ŠID,CM
zannaru,ZA.MUŠ3@g,CM
zannaru2,ZA.MUŠ3,CM
zannarux(|ZA.AN.MUŠ3@g|),ZA.AN.MUŠ3@g,CM
zansur,LAGAB×U+U+U,CM
zanzana,HI×ŠE,CM
zap,ERIN2,CM
zap2?,KU,CM
zapah,ŠU.BAD,CM
zaq,ZAG,CM
zaq2,PA,CM
zaq4,ZIG,CM
zar,LAGAB×SUM,CM
zar2,NI,CM
zar3,SUM,CM
zar4,KUL,CM
zar5,BAD,CM
zar6,BAD.AŠ,CM
zara,LAGAB×SUM,CM
zara5,BAD,CM
zara6,BAD.AŠ,CM
zarah,SAG.PA.LAGAB,CM
zarah2,LU.KI.KAK,CM
zarahx(|KI.KU.SAG|),KI.KU.SAG,CM
zarahx(|KI.SAG.SAL|),KI.SAG.SAL,CM
zarahx(|KU.KI.SAG|),KU.KI.SAG,CM
zarax(KUL),KUL,CM
zarih?,LAGAB×SUM,CM
zarx(KAK),KAK,CM
zax(NISAG),NISAG,CM
zax(ZU),ZU,CM
zax(|GU%GU|),GU%GU,CM
zax(|U.ŠA|),U.ŠA,CM
zax(|UD.NI|),UD.NI,CM
zax(|ZAx|),ZAx,CM
zax(ŠEŠ),ŠEŠ,CM
zaz,BAD,CM
zazana,TUR&TUR.ZA&ZA,CM
zazanax(|TUR&TUR.ZA&ZA.TUR&TUR.ZA&ZA|),TUR&TUR.ZA&ZA.TUR&TUR.ZA&ZA,CM
zazna,TUR&TUR.ZA&ZA,CM
zaznax(|TUR&TUR.ZA&ZA.TUR&TUR.ZA&ZA|),TUR&TUR.ZA&ZA.TUR&TUR.ZA&ZA,CM
zaĝ3,NISAG,CM
zaĝa,NI,CM
zaĝx(|UD×U+U+U@g|),UD×U+U+U@g,CM
ze,ZI,CM
ze2,ZE2,CM
ze4,AB×ŠEŠ,CM
zeb3,GUD,CM
zeh2,ŠUBUR,CM
zel,NUN,CM
zenax?(HA@t@g),HA@t@g,CM
zer3,MUŠ,CM
zermušku,IGI@g.TAK4.ALAN,CM
zermuškux(|TAK4.ALAN|),TAK4.ALAN,CM
zermuššu,IGI@g.TAK4.ALAN,CM
zerx(TUR),TUR,CM
zezna,TUR&TUR.ZA&ZA,CM
zeznax(|TUR&TUR.ZA&ZA.TUR&TUR.ZA&ZA|),TUR&TUR.ZA&ZA.TUR&TUR.ZA&ZA,CM
zi,ZI,CM
zi...,NUN@t.ŠE,CM
zi2,ZE2,CM
zi3,ZI3,CM
zi4,AB×ŠEŠ,CM
zi7,KI.NE,CM
zi8?,KAL,CM
zib,AŠ@z&AŠ@z&AŠ@z&AŠ@z,CM
zib2,ZIG,CM
zib3,GUD,CM
zib4?,KA,CM
zibar,UD.KA.BAR,CM
zibar3,KA×UD.BAR,CM
zibin,DAG.KISIM5×TAK4,CM
zibin2,DAG.KISIM5×U2+GIR2,CM
zid,ZI,CM
zid2,ZI3,CM
zig,ZIG,CM
zig2,SIG,CM
zig3,ZI,CM
zigara,IM%IM,CM
zigkaru,IM%IM,CM
zigx(|PA.GI|),PA.GI,CM
zih,GU%GU,CM
zih2,ŠUBUR,CM
zik,ZIG,CM
zik2,SIG,CM
zik3,URU×MIN,CM
zikara,IM%IM,CM
zikaru,IM%IM,CM
zikum,LAGAB×HAL,CM
zikumux(|LAGAB×HAL|),LAGAB×HAL,CM
zikumx(|EŠ2.UD|),EŠ2.UD,CM
zikumx(|LAGAB×A|),LAGAB×A,CM
zikura,KASKAL.6(DIŠ),CM
zil,NUN,CM
zil2,TAG,CM
zil3,TAR,CM
zililix(|PA.URU×MIN|),PA.URU×MIN,CM
zilpe,NUN@t.KI,CM
zilulu,PA.URU×MIN,CM
zimbir,UD.GIŠ%GIŠ.NUN,CM
zin,ŠEN,CM
zinanutu,HI×AŠ,CM
zip,AŠ@z&AŠ@z&AŠ@z&AŠ@z,CM
zip3,PA.LU,CM
zipah,MAŠ,CM
zipah2,ŠU.BAD,CM
zipahx(|ŠU2.BAD|),ŠU2.BAD,CM
ziq,ZIG,CM
ziq2,SIG,CM
ziqi,ZIG,CM
zir,KUL,CM
zir2,EŠ2.KA,CM
zir3,MUŠ,CM
zir4,SUD,CM
ziri,KUL,CM
zirmuššu?,IGI@g.TAK4.ALAN,CM
zirru,EN.NUNUZ.ZI.AN.ŠEŠ.KI,CM
zirrux(|EN.SAL.ME.NUNUZ.ZI.AN.ŠEŠ.KI|),EN.SAL.ME.NUNUZ.ZI.AN.ŠEŠ.KI,CM
zis,BAD,CM
zix(IGI@g),IGI@g,CM
zix(NE),NE,CM
ziz,BAD,CM
ziz2,ZIZ2,CM
ziz3,HI×AŠ,CM
ziz4,GIŠ×BAD,CM
ziz5,TAG.TAG,CM
zizanu,KUR,CM
zizna,TUR&TUR.ZA&ZA,CM
ziznax(|TUR&TUR.ZA&ZA.TUR&TUR.ZA&ZA|),TUR&TUR.ZA&ZA.TUR&TUR.ZA&ZA,CM
zizx(|TUR&TUR.ZA&ZA|),TUR&TUR.ZA&ZA,CM
zu,ZU,CM
zu2,KA,CM
zu3,ZUM,CM
zu4,BAD,CM
zu5,ZU5,CM
zu6,SUD,CM
zu7,DUN,CM
zu8,PAP.NA2,CM
zu9,KA×UD,CM
zub,KAM4,CM
zub2,AŠ@z&AŠ@z&AŠ@z&AŠ@z,CM
zubi,KAM4,CM
zubu,KAM4,CM
zubud,HA@t,CM
zubur,ZUBUR,CM
zuen,EN.ZU,CM
zuena,EN.ZU,CM
zug,LAGAB×A,CM
zug2,KA,CM
zug3,SAG×U2,CM
zug4,KA×LI,CM
zugud,HA@t,CM
zuguz?,KA×LUM,CM
zugx(|LAGAB×GAR|),LAGAB×GAR,CM
zuh,KA,CM
zuhx(|KA×LI|),KA×LI,CM
zuk,LAGAB×A,CM
zukum,ZI&ZI.LAGAB,CM
zukumx(|A.ZI&ZI|),A.ZI&ZI,CM
zukumx(|ZI&ZI.A|),ZI&ZI.A,CM
zukumx(|ZI&ZI.EŠ2|),ZI&ZI.EŠ2,CM
zukura,KA×TAR,CM
zukurax(|KA×X|),KA×X,CM
zulug,LUL,CM
zuluhu,SIK2.SUD,CM
zuluhu2,SIK2.BU,CM
zuluhu3,ZI&ZI.LAGAB,CM
zuluhu4,LAGAB×A.LUM,CM
zulumhi,SIK2.SUD,CM
zulumhi2,SIK2.BU,CM
zulumhi3,ZI&ZI.LAGAB,CM
zum,ZUM,CM
zum2,SAL.LAGAB×AŠ2,CM
zuq,LAGAB×A,CM
zur,AMAR,CM
zur2,SUR9,CM
zur3,MA2.IGI@g,CM
zur4,LAGAB×SUM,CM
zur5,LAL,CM
zur8,ŠA,CM
zuru10,BAD.AŠ,CM
zuru5,LAL,CM
zuru9,BAD,CM
zurzub,DUG,CM
zurzub2,KAL,CM
zusu,SUD2,CM
zux(AŠ),AŠ,CM
zux(ZI3),ZI3,CM
ĀLIK,DU@s,CM
ālik,DU@s,CM
ĜA10,A,CM
ĜA2,GA2,CM
ĜA3?,GAN2,CM
ĜA6,IL2,CM
ĜABURRA,GA2×BUR+RA,CM
ĜABURRAX(|GA2×BUR|),GA2×BUR,CM
ĜAGIA,GA2×GI4,CM
ĜAGIAX(|GA2×GI4+A|),GA2×GI4+A,CM
ĜAHALLA,GA2×HAL+LA,CM
ĜAHALLAX(|GA2×HAL|),GA2×HAL,CM
ĜAHILI,GA2×HI+LI,CM
ĜAIKU,GA2×AŠ,CM
ĜAL2,IG,CM
ĜAL4,SAL,CM
ĜALGA,GA2×GAR,CM
ĜALGAX(|E2×GAR|),E2×GAR,CM
ĜALILLA,GA2×KID+LAL,CM
ĜALILLAX(|GA2×KID|),GA2×KID,CM
ĜANUN,GA2×NUN,CM
ĜAR,GAR,CM
ĜAR3,GAR3,CM
ĜAR7,MAR,CM
ĜAR8,SIG4,CM
ĜARIM,LAGAB×KU3,CM
ĜARIM2,DAG.KISIM5×AMAR,CM
ĜARIN,LAGAB×KU3,CM
ĜARZA,PA.AN,CM
ĜARZA2,PA.LUGAL,CM
ĜARZU,PA.AN,CM
ĜASAG?,GA2×KU3+AN,CM
ĜASIBIR,GA2×EN×GAN2@t,CM
ĜASIKILLA,GA2×EL+LA,CM
ĜASIKILLAX(|GA2×EL|),GA2×EL,CM
ĜAĜIRSU,GA2×GIR2+SU,CM
ĜE26,GA2,CM
ĜE6,MI,CM
ĜE7,EŠ2,CM
ĜEDAR,PA,CM
ĜEDRU,PA,CM
ĜELI3,KA×LI,CM
ĜEN,DU,CM
ĜER15,EŠ2,CM
ĜEREŠ2,GURUŠ,CM
ĜESTUG,PI,CM
ĜEZZALX(|GIŠ.TUG2.PI.ŠIR@T.SILA3|),GIŠ.TUG2.PI.ŠIR@t.SILA3,CM
ĜEŠ,GIŠ,CM
ĜEŠ2,DIŠ,CM
ĜEŠ3,UŠ,CM
ĜEŠBA,RU,CM
ĜEŠBAX(|ŠU.PAP.PAP|),ŠU.PAP.PAP,CM
ĜEŠBU,RU,CM
ĜEŠBU2,ŠU.PAP.PAP,CM
ĜEŠBUN,KI.BI.GAR,CM
ĜEŠBUN2,KI.BI,CM
ĜEŠBUX?(|GIŠ.RU|),GIŠ.RU,CM
ĜEŠDU,PI,CM
ĜEŠIMMAR,ŠA6,CM
ĜEŠMAŠ,AL×GIŠ,CM
ĜEŠNIMBAR,ŠA6,CM
ĜEŠNU,NU11,CM
ĜEŠNU2?,NU11.IR,CM
ĜEŠNUX(|GIŠ.NU11|),GIŠ.NU11,CM
ĜEŠNUX(|NU11.GIŠ|),NU11.GIŠ,CM
ĜEŠPAX?(|GIŠ.RU|),GIŠ.RU,CM
ĜEŠPU,RU,CM
ĜEŠPU2,ŠU.PAP.PAP,CM
ĜEŠPUX?(|GIŠ.RU|),GIŠ.RU,CM
ĜEŠTAE,ZA×4×KUR,CM
ĜEŠTIN,GEŠTIN,CM
ĜEŠTINA,GEŠTIN,CM
ĜEŠTU,PI,CM
ĜEŠTU2,GIŠ.TUG2.PI,CM
ĜEŠTU3,GIŠ.PI.TUG2,CM
ĜEŠTUG,PI,CM
ĜEŠTUG2,GIŠ.TUG2.PI,CM
ĜEŠTUG3,GIŠ.PI.TUG2,CM
ĜEŠTURU,PA,CM
ĜEŠTUX(|PI.GIŠ.TUG2|),PI.GIŠ.TUG2,CM
ĜEŠŠIR,EN×GAN2@t,CM
ĜI25,DUGUD,CM
ĜI6,MI,CM
ĜI7,EŠ2,CM
ĜIDLAM,SAL.UŠ.DAM,CM
ĜIDLAM2,UŠ.DAM,CM
ĜIDLAM3,UŠ.SAL.DAM,CM
ĜIDLAM4,SAL.UŠ,CM
ĜIDRI,PA,CM
ĜIDRU,PA,CM
ĜILI3,KA×LI,CM
ĜIM6,DU,CM
ĜIN,DU,CM
ĜIR,HA@g,CM
ĜIR15,EŠ2,CM
ĜIR2,GIR2,CM
ĜIR3,GIR3,CM
ĜIRI,HA@g,CM
ĜIRI16,GIR3×GAN2@t,CM
ĜIRI2,GIR2,CM
ĜIRI3,GIR3,CM
ĜIRIX(|KA×LI|),KA×LI,CM
ĜISKIM,IGI.DUB,CM
ĜISSU,GIŠ.MI,CM
ĜISTUG,PI,CM
ĜITLAM,SAL.UŠ.DAM,CM
ĜITLAM2,UŠ.DAM,CM
ĜITLAM3,UŠ.SAL.DAM,CM
ĜIZZAL,GIŠ.TUG2.PI.ŠIR.SILA3,CM
ĜIZZAL2,ŠIR@t.SILA3,CM
ĜIZZALX(GIŠ),GIŠ,CM
ĜIZZALX(|GIŠ.TUG2.PI.ŠIR@T.SILA3|),GIŠ.TUG2.PI.ŠIR@t.SILA3,CM
ĜIŠ,GIŠ,CM
ĜIŠ2,DIŠ,CM
ĜIŠ3,UŠ,CM
ĜIŠBUN,KI.BI.GAR,CM
ĜIŠBUN2,KI.BI,CM
ĜIŠBUNX(KI),KI,CM
ĜIŠDU,PI,CM
ĜIŠGAL,URU×MIN,CM
ĜIŠIMMAR,ŠA6,CM
ĜIŠKIM,IGI.DUB,CM
ĜIŠNIMBAR,ŠA6,CM
ĜIŠNU2?,NU11.IR,CM
ĜIŠNUX(|NU11.GIŠ|),NU11.GIŠ,CM
ĜIŠTU,PI,CM
ĜIŠTU2,GIŠ.TUG2.PI,CM
ĜIŠTU3,GIŠ.PI.TUG2,CM
ĜIŠTUG,PI,CM
ĜIŠTUG2,GIŠ.TUG2.PI,CM
ĜIŠTUG3,GIŠ.PI.TUG2,CM
ĜIŠŠIR,EN×GAN2@t,CM
ĜU10,MU,CM
ĜURUŠ,GURUŠ,CM
ĜUŠUR,GA2×NUN&NUN,CM
ĜUŠUR2,RAB.GAL,CM
ĜUŠURX(|RAB.MAH|),RAB.MAH,CM
ĜUŠURX(|RAB.TUR.TUR|),RAB.TUR.TUR,CM
ĝa10,A,CM
ĝa2,GA2,CM
ĝa3?,GAN2,CM
ĝa6,IL2,CM
ĝaburra,GA2×BUR+RA,CM
ĝaburrax(|GA2×BUR|),GA2×BUR,CM
ĝagia,GA2×GI4,CM
ĝagiax(|GA2×GI4+A|),GA2×GI4+A,CM
ĝahalla,GA2×HAL+LA,CM
ĝahallax(|GA2×HAL|),GA2×HAL,CM
ĝahili,GA2×HI+LI,CM
ĝaiku,GA2×AŠ,CM
ĝal2,IG,CM
ĝal4,SAL,CM
ĝalga,GA2×GAR,CM
ĝalgax(|E2×GAR|),E2×GAR,CM
ĝalilla,GA2×KID+LAL,CM
ĝalillax(|GA2×KID|),GA2×KID,CM
ĝanun,GA2×NUN,CM
ĝar,GAR,CM
ĝar3,GAR3,CM
ĝar7,MAR,CM
ĝar8,SIG4,CM
ĝarim,LAGAB×KU3,CM
ĝarim2,DAG.KISIM5×AMAR,CM
ĝarin,LAGAB×KU3,CM
ĝarza,PA.AN,CM
ĝarza2,PA.LUGAL,CM
ĝarzu,PA.AN,CM
ĝasag?,GA2×KU3+AN,CM
ĝasibir,GA2×EN×GAN2@t,CM
ĝasikilla,GA2×EL+LA,CM
ĝasikillax(|GA2×EL|),GA2×EL,CM
ĝaĝirsu,GA2×GIR2+SU,CM
ĝe26,GA2,CM
ĝe6,MI,CM
ĝe7,EŠ2,CM
ĝedar,PA,CM
ĝedru,PA,CM
ĝeli3,KA×LI,CM
ĝen,DU,CM
ĝer15,EŠ2,CM
ĝereš2,GURUŠ,CM
ĝestug,PI,CM
ĝezzalx(|GIŠ.TUG2.PI.ŠIR@t.SILA3|),GIŠ.TUG2.PI.ŠIR@t.SILA3,CM
ĝeš,GIŠ,CM
ĝeš2,DIŠ,CM
ĝeš3,UŠ,CM
ĝešba,RU,CM
ĝešbax(|ŠU.PAP.PAP|),ŠU.PAP.PAP,CM
ĝešbu,RU,CM
ĝešbu2,ŠU.PAP.PAP,CM
ĝešbun,KI.BI.GAR,CM
ĝešbun2,KI.BI,CM
ĝešbux?(|GIŠ.RU|),GIŠ.RU,CM
ĝešdu,PI,CM
ĝešimmar,ŠA6,CM
ĝešmaš,AL×GIŠ,CM
ĝešnimbar,ŠA6,CM
ĝešnu,NU11,CM
ĝešnu2?,NU11.IR,CM
ĝešnux(|GIŠ.NU11|),GIŠ.NU11,CM
ĝešnux(|NU11.GIŠ|),NU11.GIŠ,CM
ĝešpax?(|GIŠ.RU|),GIŠ.RU,CM
ĝešpu,RU,CM
ĝešpu2,ŠU.PAP.PAP,CM
ĝešpux?(|GIŠ.RU|),GIŠ.RU,CM
ĝeštae,ZA×4×KUR,CM
ĝeštin,GEŠTIN,CM
ĝeština,GEŠTIN,CM
ĝeštu,PI,CM
ĝeštu2,GIŠ.TUG2.PI,CM
ĝeštu3,GIŠ.PI.TUG2,CM
ĝeštug,PI,CM
ĝeštug2,GIŠ.TUG2.PI,CM
ĝeštug3,GIŠ.PI.TUG2,CM
ĝešturu,PA,CM
ĝeštux(|PI.GIŠ.TUG2|),PI.GIŠ.TUG2,CM
ĝeššir,EN×GAN2@t,CM
ĝi25,DUGUD,CM
ĝi6,MI,CM
ĝi7,EŠ2,CM
ĝidlam,SAL.UŠ.DAM,CM
ĝidlam2,UŠ.DAM,CM
ĝidlam3,UŠ.SAL.DAM,CM
ĝidlam4,SAL.UŠ,CM
ĝidri,PA,CM
ĝidru,PA,CM
ĝili3,KA×LI,CM
ĝim6,DU,CM
ĝin,DU,CM
ĝir,HA@g,CM
ĝir15,EŠ2,CM
ĝir2,GIR2,CM
ĝir3,GIR3,CM
ĝiri,HA@g,CM
ĝiri16,GIR3×GAN2@t,CM
ĝiri2,GIR2,CM
ĝiri3,GIR3,CM
ĝirix(|KA×LI|),KA×LI,CM
ĝiskim,IGI.DUB,CM
ĝissu,GIŠ.MI,CM
ĝistug,PI,CM
ĝitlam,SAL.UŠ.DAM,CM
ĝitlam2,UŠ.DAM,CM
ĝitlam3,UŠ.SAL.DAM,CM
ĝizzal,GIŠ.TUG2.PI.ŠIR.SILA3,CM
ĝizzal2,ŠIR@t.SILA3,CM
ĝizzalx(GIŠ),GIŠ,CM
ĝizzalx(|GIŠ.TUG2.PI.ŠIR@t.SILA3|),GIŠ.TUG2.PI.ŠIR@t.SILA3,CM
ĝiš,GIŠ,CM
ĝiš2,DIŠ,CM
ĝiš3,UŠ,CM
ĝišbun,KI.BI.GAR,CM
ĝišbun2,KI.BI,CM
ĝišbunx(KI),KI,CM
ĝišdu,PI,CM
ĝišgal,URU×MIN,CM
ĝišimmar,ŠA6,CM
ĝiškim,IGI.DUB,CM
ĝišnimbar,ŠA6,CM
ĝišnu2?,NU11.IR,CM
ĝišnux(|NU11.GIŠ|),NU11.GIŠ,CM
ĝištu,PI,CM
ĝištu2,GIŠ.TUG2.PI,CM
ĝištu3,GIŠ.PI.TUG2,CM
ĝištug,PI,CM
ĝištug2,GIŠ.TUG2.PI,CM
ĝištug3,GIŠ.PI.TUG2,CM
ĝiššir,EN×GAN2@t,CM
ĝu10,MU,CM
ĝuruš,GURUŠ,CM
ĝušur,GA2×NUN&NUN,CM
ĝušur2,RAB.GAL,CM
ĝušurx(|RAB.MAH|),RAB.MAH,CM
ĝušurx(|RAB.TUR.TUR|),RAB.TUR.TUR,CM
ĪNU,IGI.MIN,CM
īnu,IGI.MIN,CM
ŚA,SA,CM
ŚA2,DI,CM
ŚAR,SAR,CM
ŚE,SI,CM
ŚE2,SIG,CM
ŚI,SI,CM
ŚI2,SI@g,CM
ŚI3,SIG,CM
ŚIM2,NAM,CM
ŚU,SU,CM
ŚU2,SI@g,CM
ŚU3,SUD,CM
ŚUM,TAG,CM
ŚUM2,SUM,CM
ŚUR,SUR,CM
ŚUR2,SAG@g,CM
śa,SA,CM
śa2,DI,CM
śar,SAR,CM
śe,SI,CM
śe2,SIG,CM
śi,SI,CM
śi2,SI@g,CM
śi3,SIG,CM
śim2,NAM,CM
śu,SU,CM
śu2,SI@g,CM
śu3,SUD,CM
śum,TAG,CM
śum2,SUM,CM
śur,SUR,CM
śur2,SAG@g,CM
ŞA,ZA,CM
ŞA3,AN,CM
ŞAB,ERIN2,CM
ŞAH,NE,CM
ŞAH2,KID,CM
ŞAK,ZAG,CM
ŞAL,NI,CM
ŞALMU,SAG@g,CM
ŞAP,ERIN2,CM
ŞAPA,ERIN2,CM
ŞAR,LAGAB×SUM,CM
ŞAR2,AMAR,CM
ŞARA,LAGAB×SUM,CM
ŞE,ZE2,CM
ŞE2,ZI,CM
ŞEH,ŠUBUR,CM
ŞEH2,NE,CM
ŞI,ZE2,CM
ŞI2,ZI,CM
ŞI3,SI,CM
ŞI9,EŠ2,CM
ŞIB,AŠ@z&AŠ@z&AŠ@z&AŠ@z,CM
ŞIB2,ZIG,CM
ŞIBI,AŠ@z&AŠ@z&AŠ@z&AŠ@z,CM
ŞIL,NUN,CM
ŞIL2,MI,CM
ŞIL3,AN.SAG@g,CM
ŞIL4,GIŠ.MI,CM
ŞILLU,AN.SAG@g,CM
ŞIM,ZUM,CM
ŞIN,U.U.U,CM
ŞIP,AŠ@z&AŠ@z&AŠ@z&AŠ@z,CM
ŞIR,MUŠ,CM
ŞIŞ,BAD,CM
ŞU,ZUM,CM
ŞU2,ZU,CM
ŞUM,ZUM,CM
ŞUR,AMAR,CM
ŞUR2,MUŠ,CM
ŞURU,AMAR,CM
ŞURŞUB,DUG,CM
ŞURŞUB2,KAL,CM
ŞĀBU,ERIN2,CM
ŞĪTU,UD,CM
şa,ZA,CM
şa3,AN,CM
şab,ERIN2,CM
şah,NE,CM
şah2,KID,CM
şak,ZAG,CM
şal,NI,CM
şalmu,SAG@g,CM
şap,ERIN2,CM
şapa,ERIN2,CM
şar,LAGAB×SUM,CM
şar2,AMAR,CM
şara,LAGAB×SUM,CM
şe,ZE2,CM
şe2,ZI,CM
şeh,ŠUBUR,CM
şeh2,NE,CM
şi,ZE2,CM
şi2,ZI,CM
şi3,SI,CM
şi9,EŠ2,CM
şib,AŠ@z&AŠ@z&AŠ@z&AŠ@z,CM
şib2,ZIG,CM
şibi,AŠ@z&AŠ@z&AŠ@z&AŠ@z,CM
şil,NUN,CM
şil2,MI,CM
şil3,AN.SAG@g,CM
şil4,GIŠ.MI,CM
şillu,AN.SAG@g,CM
şim,ZUM,CM
şin,U.U.U,CM
şip,AŠ@z&AŠ@z&AŠ@z&AŠ@z,CM
şir,MUŠ,CM
şiş,BAD,CM
şu,ZUM,CM
şu2,ZU,CM
şum,ZUM,CM
şur,AMAR,CM
şur2,MUŠ,CM
şuru,AMAR,CM
şurşub,DUG,CM
şurşub2,KAL,CM
şābu,ERIN2,CM
şītu,UD,CM
ŠA,ŠA,CM
ŠA10,SA,CM
ŠA11,LU2,CM
ŠA12,SAL,CM
ŠA13,GA2,CM
ŠA15?,IGI.ERIN2,CM
ŠA16,EŠ2,CM
ŠA17,IGI.DIB,CM
ŠA2,GAR,CM
ŠA21,BI,CM
ŠA22,HU.NA2,CM
ŠA23,BARA2,CM
ŠA24,SAG,CM
ŠA3,ŠA3,CM
ŠA3.A,ŠA3.A,CM
ŠA3.DIŠ,ŠA3.DIŠ,CM
ŠA3.GI,ŠA3.GI,CM
ŠA3.GIŠ.SAR,ŠA3.GIŠ.SAR,CM
ŠA3.LAGAB,ŠA3.LAGAB,CM
ŠA3.MIN.DI,ŠA3.MIN.DI,CM
ŠA3.MIN.KASKAL,ŠA3.MIN.KASKAL,CM
ŠA3.MIN.TAR,ŠA3.MIN.TAR,CM
ŠA3.SAR,ŠA3.SAR,CM
ŠA3.TAR,ŠA3.TAR,CM
ŠA3×A,ŠA3×A,CM
ŠA3×BAD,ŠA3×BAD,CM
ŠA3×GIŠ,ŠA3×GIŠ,CM
ŠA3×NE,ŠA3×NE,CM
ŠA3×TAR,ŠA3×TAR,CM
ŠA3×TUR,ŠA3×TUR,CM
ŠA3×U,ŠA3×U,CM
ŠA3×U+A,ŠA3×U+A,CM
ŠA3×ŠU2,ŠA3×ŠU2,CM
ŠA4,DU,CM
ŠA5,AK,CM
ŠA6,ŠA6,CM
ŠA6.TUR,ŠA6.TUR,CM
ŠA7?,RI,CM
ŠA8,SAR,CM
ŠA9,GUM,CM
ŠAB,PA.IB,CM
ŠAB2,ŠA3,CM
ŠAB4,ME,CM
ŠAB5,PA.LU,CM
ŠAB6,ŠAB6,CM
ŠABA,PA.IB,CM
ŠABALBAL,KUL,CM
ŠABRA,PA.AL,CM
ŠABRA2,PA.E2,CM
ŠABU,ŠE.NUN&NUN,CM
ŠABUX(|GIŠ×TAK4|),GIŠ×TAK4,CM
ŠAD,KUR,CM
ŠAD2?,MU,CM
ŠADA,KUR,CM
ŠADU,KUR,CM
ŠAG,SAG,CM
ŠAG3,PA,CM
ŠAG4,ŠA3,CM
ŠAG5,ŠA6,CM
ŠAG6?,SIG,CM
ŠAGA,LU2×GAN2@t,CM
ŠAGAN,U.GAN,CM
ŠAGANX(|GA2×AN|),GA2×AN,CM
ŠAGAR,KA×GAR,CM
ŠAGAX(LU2),LU2,CM
ŠAGGIN,GIR3.ARAD,CM
ŠAGGINA,GIR3.ARAD,CM
ŠAGGINX(|ANŠE.ARAD|),ANŠE.ARAD,CM
ŠAGIA,SILA3.ŠU.GABA,CM
ŠAGINA,GIR3.ARAD,CM
ŠAGX(|AB2.ŠA3|),AB2.ŠA3,CM
ŠAGX(|AB2×TAK4|),AB2×TAK4,CM
ŠAGX(|AB2×ŠA3|),AB2×ŠA3,CM
ŠAGX(|U.KID|),U.KID,CM
ŠAH,ŠUBUR,CM
ŠAH2,DUN,CM
ŠAH3,KID,CM
ŠAHA,ŠUBUR,CM
ŠAHAB,ŠU.DIŠ,CM
ŠAHAB2,ŠU.DI.U.U.U,CM
ŠAHAN,KUR,CM
ŠAHAN2?,MUŠ,CM
ŠAHAN3,DUN,CM
ŠAK,SAG,CM
ŠAK6?,SIG,CM
ŠAK7,TUR,CM
ŠAKAKA,KI.LAM,CM
ŠAKAN,U.GAN,CM
ŠAKAN2,GIR3,CM
ŠAKAN3,ANŠE,CM
ŠAKAN4,ANŠE.AN,CM
ŠAKAN5,NUNUZ.AB2×AŠGAB,CM
ŠAKAN6,GIR3.ARAD,CM
ŠAKANKA,KI.LAM,CM
ŠAKANX(|ANŠE.PA|),ANŠE.PA,CM
ŠAKAR,SAR,CM
ŠAKIR,URU×GU,CM
ŠAKIR3,URU×GA,CM
ŠAKIRA,URU×GU,CM
ŠAKIRA2,KI.AN.UD,CM
ŠAKIRA3,URU×GA,CM
ŠAKIRAX(|URU×MIN+NI+GA|),URU×MIN+NI+GA,CM
ŠAKIRI,URU×GU,CM
ŠAKIRX(|KI.AN.UD|),KI.AN.UD,CM
ŠAKIRX(|URU×MIN+NI+GA|),URU×MIN+NI+GA,CM
ŠAKKAN2,GIR3,CM
ŠAKKAN6,ANŠE.ARAD,CM
ŠAKKAN7,GA2×AN,CM
ŠAKX(|U.KID|),U.KID,CM
ŠAL,SAL,CM
ŠAL2,SILA3,CM
ŠAL3,NI,CM
ŠALAM2,NUN.LAGAR×MAŠ,CM
ŠALAMBI,ŠA3,CM
ŠALAMBIX(|ŠA3.GIŠ.SAR|),ŠA3.GIŠ.SAR,CM
ŠALLAM,NUN.LAGAR×SAL,CM
ŠALLAM2,NUN.LAGAR×MAŠ,CM
ŠALLUR,GIŠ%GIŠ,CM
ŠAM,U2,CM
ŠAM2,NINDA2×ŠE,CM
ŠAM3,NINDA2×AN,CM
ŠAM4,NAM,CM
ŠAMAGX(IGI@G),IGI@g,CM
ŠAMAN+,EŠ2.SUD.NUN.EŠ2.TU,CM
ŠAMAN2,U.GAN,CM
ŠAMANUR,URUDA.IŠ.URUDA,CM
ŠAMANUR+,EŠ2.SUD.NUN.EŠ2.TU,CM
ŠAMAŠ,UD,CM
ŠAMAŠ2,U.U,CM
ŠAMMI,U2,CM
ŠAMNU,NI,CM
ŠAMX(|NINDA2×ŠE+A+AN|),NINDA2×ŠE+A+AN,CM
ŠAMX(|NINDA2×ŠE+A.AN|),NINDA2×ŠE+A.AN,CM
ŠAMX(|NINDA2×ŠE+A|),NINDA2×ŠE+A,CM
ŠAMX(|NINDA2×ŠE.A.AN|),NINDA2×ŠE.A.AN,CM
ŠAMX(|NINDA2×ŠE.A|),NINDA2×ŠE.A,CM
ŠAN,NINDA2×AN,CM
ŠAN2,TAG,CM
ŠANABA,ŠANABI,CM
ŠANABI,ŠANABI,CM
ŠANAPI,ŠANABI,CM
ŠANDAN,GAL.NI,CM
ŠANDANA,GAL.NI,CM
ŠANDILIMMA,KU7,CM
ŠANGA,ŠID,CM
ŠANGA7,PA.ŠA6,CM
ŠANNA,GAN2.BU,CM
ŠANTAG,DIŠ,CM
ŠANTAK,DIŠ,CM
ŠAP,PA.IB,CM
ŠAP5,PA.LU,CM
ŠAP6,ŠAB6,CM
ŠAPRA,PA.AL,CM
ŠAPRA2,PA.E2,CM
ŠAQ,SAG,CM
ŠAQA,BI.LUL,CM
ŠAQA2,ŠIM×LUL,CM
ŠAQU,BI.LUL,CM
ŠAQU2,ŠIM×LUL,CM
ŠAQU3?,GUM,CM
ŠAQUM,BI.LUL,CM
ŠAR,SAR,CM
ŠAR2,ŠAR2,CM
ŠAR2×GAL+DIŠ,ŠAR2×GAL+DIŠ,CM
ŠAR2×GAL+MIN,ŠAR2×GAL+MIN,CM
ŠAR3,LUGAL,CM
ŠAR4,U.U,CM
ŠAR5,IM,CM
ŠAR6,BARA2,CM
ŠAR7,TAR,CM
ŠAR8,NI,CM
ŠARA,BARA2,CM
ŠARA2,LAGAB×IGI@g,CM
ŠARA3,LAGAB×TAK4,CM
ŠARA4,LAGAB×GUD,CM
ŠARA5,IM,CM
ŠARA6,ŠAR2,CM
ŠARA7,SAR,CM
ŠARAG,UD,CM
ŠARAGX(|UD.SAR|),UD.SAR,CM
ŠARAN,DAG.KISIM5×BALAG,CM
ŠARAN2,DAG.KISIM5×U2+GIR2,CM
ŠARAP,KAL.EDIN,CM
ŠARAX(LUGAL),LUGAL,CM
ŠARAX(|UD.SAR|),UD.SAR,CM
ŠARDIŠ?,HI×DIŠ,CM
ŠARGAD,HI×GAD,CM
ŠARGADU,HI×GAD,CM
ŠARGALDIŠ,ŠAR2×GAL+DIŠ,CM
ŠARGALMIN,ŠAR2×GAL+MIN,CM
ŠARGEŠ?,HI×DIŠ,CM
ŠARIN,DAG.KISIM5×U2+GIR2,CM
ŠARRA,LUGAL,CM
ŠARRU,LUGAL,CM
ŠARRU2,U.U,CM
ŠARU,HI×U,CM
ŠARX(NE),NE,CM
ŠAS,ŠEŠ,CM
ŠASUK,SAG.DUN3,CM
ŠAT,KUR,CM
ŠATA,KUR,CM
ŠATAM,LUL,CM
ŠATTAM,LUL,CM
ŠAX(|ŠA3×ŠU2|),ŠA3×ŠU2,CM
ŠAĜA,LU2×GAN2@t,CM
ŠAĜAN,U.GAN,CM
ŠAĜAR,KA×GAR,CM
ŠAĜAX(LU2),LU2,CM
ŠAŞ,ŠEŠ,CM
ŠAŠ,ŠEŠ,CM
ŠAŠKI,BU,CM
ŠAŠKU,BU,CM
ŠAŢ,KUR,CM
ŠAŢAM,LUL,CM
ŠE,ŠE,CM
ŠE&ŠE.GAD&GAD.GAR&GAR,ŠE&ŠE.GAD&GAD.GAR&GAR,CM
ŠE&ŠE.GAR&GAR,ŠE&ŠE.GAR&GAR,CM
ŠE&ŠE.PA&PA.GAR&GAR,ŠE&ŠE.PA&PA.GAR&GAR,CM
ŠE&ŠE.TAB&TAB.GAR&GAR,ŠE&ŠE.TAB&TAB.GAR&GAR,CM
ŠE+SUHUR,ŠE+SUHUR,CM
ŠE.EŠ2.NUN.BU,ŠE.EŠ2.NUN.BU,CM
ŠE.HU,ŠE.HU,CM
ŠE.HU.TUR,ŠE.HU.TUR,CM
ŠE.IGI.TUR,ŠE.IGI.TUR,CM
ŠE.KAK,ŠE.KAK,CM
ŠE.KIN,ŠE.KIN,CM
ŠE.KIN.KIN,ŠE.KIN.KIN,CM
ŠE.LUGAL,ŠE.LUGAL,CM
ŠE.NAGA,ŠE.NAGA,CM
ŠE.NUN&NUN,ŠE.NUN&NUN,CM
ŠE.ŠE.KIN,ŠE.ŠE.KIN,CM
ŠE.ŠE.NUN&NUN,ŠE.ŠE.NUN&NUN,CM
ŠE.ŠEŠ,ŠE.ŠEŠ,CM
ŠE10,KU,CM
ŠE11,LUL,CM
ŠE12,A.MUŠ3,CM
ŠE13,DU,CM
ŠE14,ŠID,CM
ŠE15,ŠE.NUN&NUN,CM
ŠE16,ŠEŠ,CM
ŠE17,MUŠ3.DI,CM
ŠE18,A.MUŠ3.DI,CM
ŠE19,SUM,CM
ŠE2,SI,CM
ŠE20,IGI,CM
ŠE21,HU.NA2,CM
ŠE22,EREN,CM
ŠE23,MUŠ3,CM
ŠE24,MUŠ3@g,CM
ŠE25,KA×ŠID,CM
ŠE26,KA×BALAG,CM
ŠE27,SIG4,CM
ŠE28,KA,CM
ŠE29,LU2×GAN2@t,CM
ŠE3,EŠ2,CM
ŠE3-MUNU4,EŠ2.PAP.PAP,CM
ŠE4,MUŠ3×A+DI,CM
ŠE5,ZA.MUŠ3.DI,CM
ŠE6,NE,CM
ŠE7,A.AN,CM
ŠE8,ŠEŠ2,CM
ŠE9,ŠU2.AN,CM
ŠEB4,SIG4,CM
ŠED,ŠID,CM
ŠED10,MUŠ3.DI,CM
ŠED12,MUŠ3,CM
ŠED13,MUŠ3@g,CM
ŠED14,KA×ŠID,CM
ŠED15,KA×BALAG,CM
ŠED16,SIG4,CM
ŠED17?,KA,CM
ŠED3,NUN%NUN,CM
ŠED4,KAD3,CM
ŠED5,KAD4,CM
ŠED6,KU,CM
ŠED7,MUŠ3×A+DI,CM
ŠED8,ZA.MUŠ3.DI,CM
ŠED9,A.MUŠ3,CM
ŠEDU,KAL,CM
ŠEDU2,UDUG,CM
ŠEDU3,A×LAGAR@g,CM
ŠEDUR,LAGAB×TE+A+SU+NA,CM
ŠEDX(LAK171@S),LAK171@s,CM
ŠEDX(|KA×ŠU|),KA×ŠU,CM
ŠEDX(|MUŠ3×A|),MUŠ3×A,CM
ŠEG10,KA×ŠID,CM
ŠEG11,KA×BALAG,CM
ŠEG12,SIG4,CM
ŠEG13?,KA,CM
ŠEG14,IM.A.AN,CM
ŠEG3,A.AN,CM
ŠEG4,A.ŠU2.NAGA,CM
ŠEG5,URU×TU,CM
ŠEG6,NE,CM
ŠEG8,ŠU2.NAGA,CM
ŠEG9,ŠEG9,CM
ŠEG9-BAR,ŠEG9,CM
ŠEG9.BAR,ŠEG9.BAR,CM
ŠEGA9,ŠEG9,CM
ŠEGGA,ŠEG9,CM
ŠEGX(A),A,CM
ŠEGX(HA@G),HA@g,CM
ŠEGX(SAG),SAG,CM
ŠEGX(|GIŠ.NE@S|),GIŠ.NE@s,CM
ŠEGX(|IM.A.A|),IM.A.A,CM
ŠEGX(|IM.A|),IM.A,CM
ŠEGX(|KA×KID2|),KA×KID2,CM
ŠEGX(|KA×LI|),KA×LI,CM
ŠEGX(|KA×ŠU|),KA×ŠU,CM
ŠEGX(|URU×GU|),URU×GU,CM
ŠEGX(|URU×ŠE|),URU×ŠE,CM
ŠEKNUX(|URUDA.IŠ.URUDA|),URUDA.IŠ.URUDA,CM
ŠEL4,SAL,CM
ŠEM,ŠIM,CM
ŠEM3,AB2×ŠA3,CM
ŠEM4,AB2×ME+EN,CM
ŠEM5,AB2×GAN2@t,CM
ŠEM6,AB2×TAK4,CM
ŠEMBI,ŠIM×IGI@g,CM
ŠEMBI2,ŠIM,CM
ŠEMBI3,BI×IGI@g,CM
ŠEMBIRIDA,U2.KUR.RA,CM
ŠEMBIZI,ŠIM,CM
ŠEMBULUG3,ŠIM×IGI,CM
ŠEMBULUG4,ŠIM×BAL,CM
ŠEMBULUG5,ŠIM×BULUG,CM
ŠEMBULUG?,BULUG&BULUG,CM
ŠEMBULUGX(|ŠIM.BAL|),ŠIM.BAL,CM
ŠEMBULUGX(ŠIM),ŠIM,CM
ŠEMBULUGX(ŠIM×KUŠU2),ŠIM×KUŠU2,CM
ŠEMEŠAL,ŠIM×SAL,CM
ŠEMMIŠLA,ŠIM×SAL,CM
ŠEMMUG,ŠIM×BULUG,CM
ŠEMUŠ,ŠE.ŠEŠ,CM
ŠEMX(NE),NE,CM
ŠEMX(|A.AN|),A.AN,CM
ŠEMX(|AB2.ŠA3|),AB2.ŠA3,CM
ŠEMŠALA,ŠIM×SAL,CM
ŠEN,ŠEN,CM
ŠEN2,URUDA,CM
ŠEN3,NAM,CM
ŠEN4,DUB,CM
ŠENBAR?,ŠEG9,CM
ŠENDILIMA,KU7,CM
ŠENNU,EN.ME.AD.KU3,CM
ŠENNUR,GIŠ%GIŠ,CM
ŠENX(ŠEG9),ŠEG9,CM
ŠER,ŠIR,CM
ŠER10,MUŠ,CM
ŠER11,GIR3.BAR,CM
ŠER2,BU,CM
ŠER3,EZEN,CM
ŠER4,UZU,CM
ŠER7,NUN&NUN,CM
ŠER9,SAR,CM
ŠERAH,MUŠ,CM
ŠERAX(|TAG.TUG2|),TAG.TUG2,CM
ŠERBA,LAGAB×GUD+GUD,CM
ŠERID,TAG,CM
ŠERIM,TAG,CM
ŠERIM2,LAGAB×SUM,CM
ŠERIMSUR,LAGAB×ŠE+SUM,CM
ŠERIMX(|TAG.TUG2|),TAG.TUG2,CM
ŠERINSUR,LAGAB×ŠE+SUM,CM
ŠERKAN,IM.DUB2,CM
ŠERRIDA,UD.AN.UD,CM
ŠERU,UZU,CM
ŠES,ŠEŠ,CM
ŠESAG,ŠE.LUGAL,CM
ŠEX(IGI@G),IGI@g,CM
ŠEX(NA2),NA2,CM
ŠEX(SIG),SIG,CM
ŠEX(|A.MUŠ3×A.DI|),A.MUŠ3×A.DI,CM
ŠEX(|A.MUŠ|),A.MUŠ,CM
ŠEX(|GIŠ×TAK4|),GIŠ×TAK4,CM
ŠEX(|IGI×A|),IGI×A,CM
ŠEX(|KA×ŠU|),KA×ŠU,CM
ŠEX(|MUŠ3×A|),MUŠ3×A,CM
ŠEX(|MUŠ3×DI|),MUŠ3×DI,CM
ŠEX(|MUŠ×A|),MUŠ×A,CM
ŠEX(|MUŠ×ZA|),MUŠ×ZA,CM
ŠEĜ,SIG,CM
ŠEĜ3,A.AN,CM
ŠEĜ6,NE,CM
ŠEĜ7,IM,CM
ŠEŠ,ŠEŠ,CM
ŠEŠ.AB,ŠEŠ.AB,CM
ŠEŠ.AB@G,ŠEŠ.AB@g,CM
ŠEŠ.AB@g,ŠEŠ.AB@g,CM
ŠEŠ.HU.HU,ŠEŠ.HU.HU,CM
ŠEŠ.IB,ŠEŠ.IB,CM
ŠEŠ.KI,ŠEŠ.KI,CM
ŠEŠ2,ŠEŠ2,CM
ŠEŠ3,A×IGI,CM
ŠEŠ4,EREN,CM
ŠEŠLAM,ŠEŠLAM,CM
ŠEŠLAM2,EN.ME.LI,CM
ŠEŠX(|A.IGI|),A.IGI,CM
ŠEŠŠED,NUN%NUN,CM
ŠEŠŠED2,KAD3.KAD3,CM
ŠEŠŠED3,KAD4.KAD4.KAD5,CM
ŠEŠŠEG,URU×TU.URU×TU,CM
ŠI,IGI,CM
ŠI2,SI,CM
ŠI3,SIG,CM
ŠI4,EŠ2,CM
ŠI5,KU,CM
ŠI6,ŠIM,CM
ŠI7,IGI@g,CM
ŠIB,ME,CM
ŠIB2,RU,CM
ŠIB3,PA.IB,CM
ŠIB4,AŠ@z&AŠ@z&AŠ@z&AŠ@z,CM
ŠIBIR,U.EN×GAN2@t,CM
ŠIBIR2?,EN×GAN2@t,CM
ŠID,ŠID,CM
ŠID.GAR,ŠID.GAR,CM
ŠID.RU,ŠID.RU,CM
ŠID2?,KAD2,CM
ŠID3,NUN%NUN,CM
ŠIDAX(SUD2),SUD2,CM
ŠIDI,DIM2,CM
ŠIDIM,DIM2,CM
ŠIDIMGALX(|GAL.DIM2|),GAL.DIM2,CM
ŠIDX(KA×BALAG),KA×BALAG,CM
ŠIDX(|KA×BALAG|),KA×BALAG,CM
ŠID×A,ŠID×A,CM
ŠID×IM,ŠID×IM,CM
ŠIG,SIG,CM
ŠIG5,URU×TU,CM
ŠIGAGU,AŠGAB,CM
ŠIGX(KA×BALAG),KA×BALAG,CM
ŠIGX(KA×ŠID),KA×ŠID,CM
ŠIGX(URU),URU,CM
ŠIGX(|KA×BALAG|),KA×BALAG,CM
ŠIGX(|KA×ŠID|),KA×ŠID,CM
ŠIGX(|URU×GU|),URU×GU,CM
ŠIGX(|URU×ŠE|),URU×ŠE,CM
ŠIH,ŠUBUR,CM
ŠIH2,KID,CM
ŠIK,SIG,CM
ŠIK2,SIK2,CM
ŠIKA,LA,CM
ŠIKAHARA,SIG4&SIG4.ŠU2,CM
ŠIKANGU,AŠGAB,CM
ŠIKIN,GAR,CM
ŠIKIN2,DUG,CM
ŠIKIN3,SIK2.LAM,CM
ŠIKIRA3,URU×GA,CM
ŠIKX(LA),LA,CM
ŠIL,TAR,CM
ŠIL3,U,CM
ŠILAM,NUN.LAGAR×SAL,CM
ŠILAM2,NUN.LAGAR×MAŠ,CM
ŠILAMX(DIM2),DIM2,CM
ŠILAMX?(|NUN.LAGAR|),NUN.LAGAR,CM
ŠILAX(|NUN.LAGAR×SAL|),NUN.LAGAR×SAL,CM
ŠILIG,URU×IGI,CM
ŠILIG5,URU×URUDA,CM
ŠILIG6,KA×ŠID,CM
ŠILIG7,KA×IGI,CM
ŠIM,ŠIM,CM
ŠIM.AN.MAŠ,ŠIM.AN.MAŠ,CM
ŠIM.AN.SAL.TUG2.IB,ŠIM.AN.SAL.TUG2.IB,CM
ŠIM.BAL,ŠIM.BAL,CM
ŠIM2,NAM,CM
ŠIMAŠKI,LU.SU,CM
ŠIMAŠKI2,LU.SU.A,CM
ŠIMBI,ŠIM×IGI@g,CM
ŠIMBI3,BI×IGI@g,CM
ŠIMBIRIDA,U2.KUR.RA,CM
ŠIMBIZI,ŠIM,CM
ŠIMBULUG2?,ŠIM×MUG,CM
ŠIMBULUG3,ŠIM×IGI,CM
ŠIMBULUG5,ŠIM×BULUG,CM
ŠIMBULUG?,BULUG&BULUG,CM
ŠIMEŠAL,ŠIM×SAL,CM
ŠIMEŠŠAL,ŠIM×SAL,CM
ŠIMMEŠLA,ŠIM×SAL,CM
ŠIMMUG,ŠIM×BULUG,CM
ŠIM×A,ŠIM×A,CM
ŠIM×BAL,ŠIM×BAL,CM
ŠIM×BULUG,ŠIM×BULUG,CM
ŠIM×DIN,ŠIM×DIN,CM
ŠIM×GAR,ŠIM×GAR,CM
ŠIM×IGI,ŠIM×IGI,CM
ŠIM×IGI@G,ŠIM×IGI@g,CM
ŠIM×IGI@g,ŠIM×IGI@g,CM
ŠIM×KUŠU2,ŠIM×KUŠU2,CM
ŠIM×LUL,ŠIM×LUL,CM
ŠIM×MUG,ŠIM×MUG,CM
ŠIM×SAL,ŠIM×SAL,CM
ŠIN,ŠEN,CM
ŠIN2?,MIN,CM
ŠINA,MIN,CM
ŠINDILIB,KU7,CM
ŠINDILIMMA,KU7,CM
ŠINIG,ŠINIG,CM
ŠINX(|ŠIM×GAR|),ŠIM×GAR,CM
ŠIP,ME,CM
ŠIP3,PA.IB,CM
ŠIQ,SIG,CM
ŠIQ2,SIK2,CM
ŠIQ4,KA×ŠID,CM
ŠIR,ŠIR,CM
ŠIR&ŠIR.BUR&BUR,ŠIR&ŠIR.BUR&BUR,CM
ŠIR.GI4,ŠIR.GI4,CM
ŠIR10,MUŠ,CM
ŠIR2,BU,CM
ŠIR3,EZEN,CM
ŠIR4,UZU,CM
ŠIR5,NU,CM
ŠIR6,TUR,CM
ŠIR8,SUD,CM
ŠIR9,SAR,CM
ŠIR@T.SILA3,ŠIR@t.SILA3,CM
ŠIR@t,ŠIR@t,CM
ŠIR@t.SILA3,ŠIR@t.SILA3,CM
ŠIRAM,UZU,CM
ŠIRI,KA×X,CM
ŠIRIM,UZU,CM
ŠIRU,UZU,CM
ŠIRUM,UZU,CM
ŠIRX(|MA×TAK4|),MA×TAK4,CM
ŠIT,ŠID,CM
ŠITA,ŠITA,CM
ŠITA.GIŠ.TUG2,ŠITA.GIŠ.TUG2,CM
ŠITA2,ŠITA2,CM
ŠITA3,SUD2,CM
ŠITA4,U.KID,CM
ŠITA5,ŠID,CM
ŠITA@t,ŠITA@t,CM
ŠITALAMX(DIM2),DIM2,CM
ŠITANX(SUD2),SUD2,CM
ŠITAX(|KAK.GIŠ|),KAK.GIŠ,CM
ŠITEN,KI.DU.KAK,CM
ŠITENX(|KI.LUGAL|),KI.LUGAL,CM
ŠITI,ŠID,CM
ŠITIM,DIM2,CM
ŠITIM2,ŠID,CM
ŠIX(KA),KA,CM
ŠIX(KA×BALAG),KA×BALAG,CM
ŠIX(|KA×BALAG|),KA×BALAG,CM
ŠIX(|KA×ŠU|),KA×ŠU,CM
ŠIZ,ŠEŠ,CM
ŠIZBU,GA,CM
ŠIŞ,ŠEŠ,CM
ŠIŠ,ŠEŠ,CM
ŠIŠ2,ŠEŠ2,CM
ŠIŢ,ŠID,CM
ŠU,ŠU,CM
ŠU&ŠU@180,ŠU&ŠU@180,CM
ŠU-GI,ŠU.GI,CM
ŠU-U,ŠU.U,CM
ŠU.AN,ŠU.AN,CM
ŠU.BAD,ŠU.BAD,CM
ŠU.BU,ŠU.BU,CM
ŠU.DI.U.U.U,ŠU.DI.U.U.U,CM
ŠU.DIM2,ŠU.DIM2,CM
ŠU.DIŠ,ŠU.DIŠ,CM
ŠU.EREN.ME,ŠU.EREN.ME,CM
ŠU.GA,ŠU.GA,CM
ŠU.GAN,ŠU.GAN,CM
ŠU.GAN2@T,ŠU.GAN2@t,CM
ŠU.GAN2@t,ŠU.GAN2@t,CM
ŠU.GAR,ŠU.GAR,CM
ŠU.GAR.TUR.LAL,ŠU.GAR.TUR.LAL,CM
ŠU.GAR.TUR.LAL.BI,ŠU.GAR.TUR.LAL.BI,CM
ŠU.GI,ŠU.GI,CM
ŠU.GI%GI,ŠU.GI%GI,CM
ŠU.GIR2@g,ŠU.GIR2@g,CM
ŠU.HA,ŠU.HA,CM
ŠU.KAD4,ŠU.KAD4,CM
ŠU.KAL,ŠU.KAL,CM
ŠU.LAGAB,ŠU.LAGAB,CM
ŠU.LAGAB.NA,ŠU.LAGAB.NA,CM
ŠU.LAL.TUR,ŠU.LAL.TUR,CM
ŠU.LU2,ŠU.LU2,CM
ŠU.LUGAL,ŠU.LUGAL,CM
ŠU.LUL,ŠU.LUL,CM
ŠU.ME.EREN,ŠU.ME.EREN,CM
ŠU.MIN,ŠU.MIN,CM
ŠU.MIN.ME.U.U.U,ŠU.MIN.ME.U.U.U,CM
ŠU.NAGA,ŠU.NAGA,CM
ŠU.PAP.PAP,ŠU.PAP.PAP,CM
ŠU.SI.DI,ŠU.SI.DI,CM
ŠU.TUR,ŠU.TUR,CM
ŠU.U,ŠU.U,CM
ŠU10,MU,CM
ŠU11,SU,CM
ŠU12,KA×ŠU,CM
ŠU13,BI,CM
ŠU14,TAG,CM
ŠU15?,ZUM,CM
ŠU16,U.UD,CM
ŠU2,ŠU2,CM
ŠU2+ZI3,ŠU2+ZI3,CM
ŠU2.AN,ŠU2.AN,CM
ŠU2.AN.HI×GAD,ŠU2.AN.HI×GAD,CM
ŠU2.ANX3,ŠU2.ANx3,CM
ŠU2.ANx3,ŠU2.ANx3,CM
ŠU2.AŠ2,ŠU2.AŠ2,CM
ŠU2.BAD,ŠU2.BAD,CM
ŠU2.DUN3@G@G@S,ŠU2.DUN3@g@g@s,CM
ŠU2.DUN3@g@g@s,ŠU2.DUN3@g@g@s,CM
ŠU2.NAGA,ŠU2.NAGA,CM
ŠU2.NE,ŠU2.NE,CM
ŠU2.U.U.U,ŠU2.U.U.U,CM
ŠU2.UR@S,ŠU2.UR@s,CM
ŠU2.UR@s,ŠU2.UR@s,CM
ŠU2.ŠE.KU.KAK,ŠU2.ŠE.KU.KAK,CM
ŠU3,EŠ2,CM
ŠU4,U,CM
ŠU5,LAGAB×ŠU2,CM
ŠU6,LAGAB×ŠU2+ŠU2,CM
ŠU7?,GAR,CM
ŠU@180,ŠU@180,CM
ŠU@t,ŠU@t,CM
ŠUB,RU,CM
ŠUB3,PA.IB,CM
ŠUB4,MUNSUB,CM
ŠUB5,ZI&ZI.LAGAB,CM
ŠUB6,ŠID,CM
ŠUB7,ZA.MUŠ3@g,CM
ŠUB8,ZA.MUŠ3,CM
ŠUBA,ZA.MUŠ3@g,CM
ŠUBA2,ZA.MUŠ3,CM
ŠUBA3,MUŠ3.ZA,CM
ŠUBA4?,MUŠ3,CM
ŠUBA5,RU,CM
ŠUBAR,ŠUBUR,CM
ŠUBARTIN,ŠU2,CM
ŠUBAX(MUŠ),MUŠ,CM
ŠUBAX(|MUŠ.ŠA|),MUŠ.ŠA,CM
ŠUBAX(|ZA.AN.MUŠ3@G|),ZA.AN.MUŠ3@g,CM
ŠUBAX?(|U2.ZA.MUŠ3|),U2.ZA.MUŠ3,CM
ŠUBBA,EZEN×X,CM
ŠUBTU,KASKAL.LAGAB,CM
ŠUBTU3,KASKAL.LAGAB,CM
ŠUBTU4,KASKAL&KASKAL.LAGAB&LAGAB,CM
ŠUBTU5,KASKAL.LAGAB×U,CM
ŠUBTU6,KASKAL.LAGAB×U&LAGAB×U,CM
ŠUBTU7,(KASKAL.LAGAB×U)&(KASKAL.LAGAB×U),CM
ŠUBTUM3,KASKAL.LAGAB,CM
ŠUBTUM4,KASKAL&KASKAL.LAGAB&LAGAB,CM
ŠUBTUM5,KASKAL.LAGAB×U,CM
ŠUBTUM6,KASKAL.LAGAB×U&LAGAB×U,CM
ŠUBTUM7,(KASKAL.LAGAB×U)&(KASKAL.LAGAB×U),CM
ŠUBTUMX(KASKAL),KASKAL,CM
ŠUBUL,AN,CM
ŠUBUN,KI.BI.GAR,CM
ŠUBUR,ŠUBUR,CM
ŠUBUR2?,ARAD,CM
ŠUBURA,ŠUBUR,CM
ŠUBUX(|U2.ZA.MUŠ3|),U2.ZA.MUŠ3,CM
ŠUBUX(|ZA.MUŠ3|),ZA.MUŠ3,CM
ŠUBX(|A.ZI&ZI|),A.ZI&ZI,CM
ŠUBX(|KA×GA|),KA×GA,CM
ŠUBX(|ZI&ZI.A|),ZI&ZI.A,CM
ŠUBX(|ZI&ZI.EŠ2|),ZI&ZI.EŠ2,CM
ŠUD,SUD,CM
ŠUD2,BU,CM
ŠUD3,KA×ŠU,CM
ŠUD4,ŠID,CM
ŠUDAMINX?(ŠANABI),ŠANABI,CM
ŠUDAX?(ŠUŠANA),ŠUŠANA,CM
ŠUDE3,KA×ŠU,CM
ŠUDU3,KA×ŠU,CM
ŠUDUG,GI.PAD,CM
ŠUDUL,ŠU2.DUN3@g@g@s,CM
ŠUDUL2,U.TUG2,CM
ŠUDUL3,ŠU2.UR@s,CM
ŠUDUL4,UR@s,CM
ŠUDUL5,UR@s,CM
ŠUDUL6,U.KID,CM
ŠUDUM,ŠID,CM
ŠUDUN,ŠU2.DUN3@g@g@s,CM
ŠUDUN2,U.TUG2,CM
ŠUDUN3,ŠU2.UR@s,CM
ŠUDUN4,DUN4,CM
ŠUDUN5,UR@s,CM
ŠUDX(KA),KA,CM
ŠUDX(|KA.ŠU|),KA.ŠU,CM
ŠUG,PAD,CM
ŠUGI,ŠU.GI%GI,CM
ŠUGMAŠ?,ŠU.KAL,CM
ŠUGUR,LUGAL,CM
ŠUH,MUŠ3@g,CM
ŠUH2,ŠUBUR,CM
ŠUHUB,ŠU2.ANx3,CM
ŠUHUB2,ANx3,CM
ŠUHUB4,ŠU.DI.U.U.U,CM
ŠUHUBX(|AN.ANX3|),AN.ANx3,CM
ŠUHUŠ,DU@g,CM
ŠUK,PAD,CM
ŠUK2,MUG,CM
ŠUK3,LAGAB×A,CM
ŠUKAL,LUH,CM
ŠUKBAR?,ŠU.KAL,CM
ŠUKKAL,LUH,CM
ŠUKRA,ŠU.GAN2@t,CM
ŠUKU,PAD,CM
ŠUKUDX(|ŠU.HA|),ŠU.HA,CM
ŠUKUMX(|LAGAB×KUL|),LAGAB×KUL,CM
ŠUKUN3,PAD,CM
ŠUKUR,IGI.KAK,CM
ŠUKUR2,PAD,CM
ŠUKX(MUŠ3@G),MUŠ3@g,CM
ŠUL,DUN,CM
ŠUL.GI,ŠUL.GI,CM
ŠUL3,DI,CM
ŠULLAT,IDIM,CM
ŠULLAT2,PA,CM
ŠUM,TAG,CM
ŠUM2,SUM,CM
ŠUM3,MU,CM
ŠUM4,TIL,CM
ŠUM5,BUR2,CM
ŠUMATI,MU.ME.U.U.U,CM
ŠUMGAMME,TAG.GAM.ME,CM
ŠUMU,MU,CM
ŠUMU2,SUM,CM
ŠUMU3,TAG,CM
ŠUMUGX(UM),UM,CM
ŠUMUN,TIL,CM
ŠUMUNDA,LAGAR@g&LAGAR@g.ŠE.SAR,CM
ŠUN,ŠEN,CM
ŠUN2,ANx3,CM
ŠUN3,GUL,CM
ŠUN4,SUM,CM
ŠUNIGIN,ŠU.GAN2@t,CM
ŠUP,RU,CM
ŠUP2,AŠ,CM
ŠUP3,PA.IB,CM
ŠUQ,PAD,CM
ŠUQUX(|ŠIM×LUL|),ŠIM×LUL,CM
ŠUR,SUR,CM
ŠUR2,SAG@g,CM
ŠUR3,ŠIR,CM
ŠUR4,LAL2.SAR,CM
ŠUR5,LAL.LAGAB,CM
ŠUR6?,LAL2.LAGAB,CM
ŠURIM,LAGAB×GUD+GUD,CM
ŠURIM3,LAGAB×GUD,CM
ŠURIMX(|SIK2.AŠ|),SIK2.AŠ,CM
ŠURIN4,DAG.KISIM5×NE,CM
ŠURIN5,DAG.KISIM5×U2+GIR2,CM
ŠURIPAK,SU.KUR.RU,CM
ŠURIPAK2,LAM×KUR+RU,CM
ŠURIPPAK,SU.KUR.RU,CM
ŠURIPPAK2,LAM×KUR+RU,CM
ŠURMEN,ŠU.ME.EREN,CM
ŠURMENX(|EREN.ŠU.ME|),EREN.ŠU.ME,CM
ŠURMENX(|ŠU.EREN.ME|),ŠU.EREN.ME,CM
ŠURMIN,ŠU.ME.EREN,CM
ŠURU,LAGAB×GUD+GUD,CM
ŠURU2,LAGAB×TAK4,CM
ŠURU3,LAGAB×GUD,CM
ŠURU6,TAK4,CM
ŠURUM,LAGAB×GUD+GUD,CM
ŠURUM3,LAGAB×GUD,CM
ŠURUM6,TAK4,CM
ŠURUMX(|NUN.LAGAR|),NUN.LAGAR,CM
ŠURUMX(|SIK2.AŠ|),SIK2.AŠ,CM
ŠURUMX(|URU×GU|),URU×GU,CM
ŠURUN,LAGAB×GUD+GUD,CM
ŠURUN2,LAGAB×TAK4,CM
ŠURUN3,LAGAB×GUD,CM
ŠURUN4,DAG.KISIM5×NE,CM
ŠURUN5?,DAG.KISIM5×U2+GIR2,CM
ŠURUNX(|SIK2.AŠ|),SIK2.AŠ,CM
ŠURUPAK,SU.KUR.RU,CM
ŠURUPAK2,LAM×KUR+RU,CM
ŠURUPPAK,SU.KUR.RU,CM
ŠURUPPAK2,LAM×KUR+RU,CM
ŠURUPPAKX(|SU.RU×KUR|),SU.RU×KUR,CM
ŠURUX(E),E,CM
ŠURUX(LAL),LAL,CM
ŠURUX(|E.SUD.HUB2×UD|),E.SUD.HUB2×UD,CM
ŠURUX(|E.TUM|),E.TUM,CM
ŠURUX(|SIK2.AŠ|),SIK2.AŠ,CM
ŠURX(LAL),LAL,CM
ŠUSBU,MUŠ3@g,CM
ŠUT,SUD,CM
ŠUTUG,PAD,CM
ŠUTUG2,HI×NUN.ME,CM
ŠUTUL3,ŠU2.UR@s,CM
ŠUTUL4,DUN4,CM
ŠUTUL5,UR@s,CM
ŠUTUL6,U.KID,CM
ŠUTULX(|U.UR@S|),U.UR@s,CM
ŠUTUM,GI.NA.AB.U.GUD,CM
ŠUTUM2,E2.GI.NA.AB.U.GUD,CM
ŠUTUMX(|E2.GI.NA.AB.HI|),E2.GI.NA.AB.HI,CM
ŠUTUMX(|GI.NA.AB.NA.TUM|),GI.NA.AB.NA.TUM,CM
ŠUTUMX(|KI.NA.AB.TUM|),KI.NA.AB.TUM,CM
ŠUTUMX(|MI.NA.AB.U.GUD|),MI.NA.AB.U.GUD,CM
ŠUTUN4,DUN4,CM
ŠUTUN5,UR@s,CM
ŠUTUR,MAH,CM
ŠUWATI,MU.ME.U.U.U,CM
ŠUX(RU),RU,CM
ŠUX(SUD),SUD,CM
ŠUX(TAK4),TAK4,CM
ŠUX(|DU&DU.DU&DU|),DU&DU.DU&DU,CM
ŠUX(|DU.DU.DU.DU|),DU.DU.DU.DU,CM
ŠUX(|DU.DU|),DU.DU,CM
ŠUX(|DU@S.DU@S|),DU@s.DU@s,CM
ŠUX(|IM.ŠU2|),IM.ŠU2,CM
ŠUZ,SUD,CM
ŠUZI,UR,CM
ŠUŠ,U,CM
ŠUŠ2,ŠU2,CM
ŠUŠ3,IŠ,CM
ŠUŠ4,TAG,CM
ŠUŠ5,LAGAB×ŠU2,CM
ŠUŠ6,LAGAB×ŠU2+ŠU2,CM
ŠUŠANA,ŠUŠANA,CM
ŠUŠANA2,U.U,CM
ŠUŠANAKU,U.U,CM
ŠUŠBAR,AL×UŠ,CM
ŠUŠGIM,GUD,CM
ŠUŠIN,MUŠ3.EREN,CM
ŠUŠINAK,MUŠ3.EREN,CM
ŠUŠINAKX(MUŠ3@G),MUŠ3@g,CM
ŠUŠMAŠ,AL×UŠ,CM
ŠUŠU,SUD2,CM
ŠUŠUM,MUŠ3.EREN,CM
ŠUŠUR,AŠ&AŠ&AŠ,CM
ŠUŠUR2,AŠ&AŠ&AŠ%AŠ&AŠ&AŠ,CM
ŠUŠUX(|MUŠ3@G.SIK2.LAM|),MUŠ3@g.SIK2.LAM,CM
ŠUŠUX(|ZA.MUŠ3@G.EREN|),ZA.MUŠ3@g.EREN,CM
ŠUŠŠANX(ŠUŠANA),ŠUŠANA,CM
ŠUŠŠUB,PAP.PAP.IDIM×4,CM
ŠUŢ,SUD,CM
ŠĒDU,UDUG,CM
ša,ŠA,CM
ša10,SA,CM
ša11,LU2,CM
ša12,SAL,CM
ša13,GA2,CM
ša15?,IGI.ERIN2,CM
ša16,EŠ2,CM
ša17,IGI.DIB,CM
ša2,GAR,CM
ša21,BI,CM
ša22,HU.NA2,CM
ša23,BARA2,CM
ša24,SAG,CM
ša3,ŠA3,CM
ša4,DU,CM
ša5,AK,CM
ša6,ŠA6,CM
ša7?,RI,CM
ša8,SAR,CM
ša9,GUM,CM
šab,PA.IB,CM
šab2,ŠA3,CM
šab4,ME,CM
šab5,PA.LU,CM
šab6,ŠAB6,CM
šaba,PA.IB,CM
šabalbal,KUL,CM
šabra,PA.AL,CM
šabra2,PA.E2,CM
šabu,ŠE.NUN&NUN,CM
šabux(|GIŠ×TAK4|),GIŠ×TAK4,CM
šad,KUR,CM
šad2?,MU,CM
šada,KUR,CM
šadu,KUR,CM
šag,SAG,CM
šag3,PA,CM
šag4,ŠA3,CM
šag5,ŠA6,CM
šag6?,SIG,CM
šaga,LU2×GAN2@t,CM
šagan,U.GAN,CM
šaganx(|GA2×AN|),GA2×AN,CM
šagar,KA×GAR,CM
šagax(LU2),LU2,CM
šaggin,GIR3.ARAD,CM
šaggina,GIR3.ARAD,CM
šagginx(|ANŠE.ARAD|),ANŠE.ARAD,CM
šagia,SILA3.ŠU.GABA,CM
šagina,GIR3.ARAD,CM
šagx(|AB2.ŠA3|),AB2.ŠA3,CM
šagx(|AB2×TAK4|),AB2×TAK4,CM
šagx(|AB2×ŠA3|),AB2×ŠA3,CM
šagx(|U.KID|),U.KID,CM
šah,ŠUBUR,CM
šah2,DUN,CM
šah3,KID,CM
šaha,ŠUBUR,CM
šahab,ŠU.DIŠ,CM
šahab2,ŠU.DI.U.U.U,CM
šahan,KUR,CM
šahan2?,MUŠ,CM
šahan3,DUN,CM
šak,SAG,CM
šak6?,SIG,CM
šak7,TUR,CM
šakaka,KI.LAM,CM
šakan,U.GAN,CM
šakan2,GIR3,CM
šakan3,ANŠE,CM
šakan4,ANŠE.AN,CM
šakan5,NUNUZ.AB2×AŠGAB,CM
šakan6,GIR3.ARAD,CM
šakanka,KI.LAM,CM
šakanx(|ANŠE.PA|),ANŠE.PA,CM
šakar,SAR,CM
šakir,URU×GU,CM
šakir3,URU×GA,CM
šakira,URU×GU,CM
šakira2,KI.AN.UD,CM
šakira3,URU×GA,CM
šakirax(|URU×MIN+NI+GA|),URU×MIN+NI+GA,CM
šakiri,URU×GU,CM
šakirx(|KI.AN.UD|),KI.AN.UD,CM
šakirx(|URU×MIN+NI+GA|),URU×MIN+NI+GA,CM
šakkan2,GIR3,CM
šakkan6,ANŠE.ARAD,CM
šakkan7,GA2×AN,CM
šakx(|U.KID|),U.KID,CM
šal,SAL,CM
šal2,SILA3,CM
šal3,NI,CM
šalam2,NUN.LAGAR×MAŠ,CM
šalambi,ŠA3,CM
šalambix(|ŠA3.GIŠ.SAR|),ŠA3.GIŠ.SAR,CM
šallam,NUN.LAGAR×SAL,CM
šallam2,NUN.LAGAR×MAŠ,CM
šallur,GIŠ%GIŠ,CM
šam,U2,CM
šam2,NINDA2×ŠE,CM
šam3,NINDA2×AN,CM
šam4,NAM,CM
šamagx(IGI@g),IGI@g,CM
šaman+,EŠ2.SUD.NUN.EŠ2.TU,CM
šaman2,U.GAN,CM
šamanur,URUDA.IŠ.URUDA,CM
šamanur+,EŠ2.SUD.NUN.EŠ2.TU,CM
šamaš,UD,CM
šamaš2,U.U,CM
šammi,U2,CM
šamnu,NI,CM
šamx(|NINDA2×ŠE+A+AN|),NINDA2×ŠE+A+AN,CM
šamx(|NINDA2×ŠE+A.AN|),NINDA2×ŠE+A.AN,CM
šamx(|NINDA2×ŠE+A|),NINDA2×ŠE+A,CM
šamx(|NINDA2×ŠE.A.AN|),NINDA2×ŠE.A.AN,CM
šamx(|NINDA2×ŠE.A|),NINDA2×ŠE.A,CM
šan,NINDA2×AN,CM
šan2,TAG,CM
šanaba,ŠANABI,CM
šanabi,ŠANABI,CM
šanapi,ŠANABI,CM
šandan,GAL.NI,CM
šandana,GAL.NI,CM
šandilimma,KU7,CM
šanga,ŠID,CM
šanga7,PA.ŠA6,CM
šanna,GAN2.BU,CM
šantag,DIŠ,CM
šantak,DIŠ,CM
šap,PA.IB,CM
šap5,PA.LU,CM
šap6,ŠAB6,CM
šapra,PA.AL,CM
šapra2,PA.E2,CM
šaq,SAG,CM
šaqa,BI.LUL,CM
šaqa2,ŠIM×LUL,CM
šaqu,BI.LUL,CM
šaqu2,ŠIM×LUL,CM
šaqu3?,GUM,CM
šaqum,BI.LUL,CM
šar,SAR,CM
šar2,ŠAR2,CM
šar3,LUGAL,CM
šar4,U.U,CM
šar5,IM,CM
šar6,BARA2,CM
šar7,TAR,CM
šar8,NI,CM
šara,BARA2,CM
šara2,LAGAB×IGI@g,CM
šara3,LAGAB×TAK4,CM
šara4,LAGAB×GUD,CM
šara5,IM,CM
šara6,ŠAR2,CM
šara7,SAR,CM
šarag,UD,CM
šaragx(|UD.SAR|),UD.SAR,CM
šaran,DAG.KISIM5×BALAG,CM
šaran2,DAG.KISIM5×U2+GIR2,CM
šarap,KAL.EDIN,CM
šarax(LUGAL),LUGAL,CM
šarax(|UD.SAR|),UD.SAR,CM
šardiš?,HI×DIŠ,CM
šargad,HI×GAD,CM
šargadu,HI×GAD,CM
šargaldiš,ŠAR2×GAL+DIŠ,CM
šargalmin,ŠAR2×GAL+MIN,CM
šargeš?,HI×DIŠ,CM
šarin,DAG.KISIM5×U2+GIR2,CM
šarra,LUGAL,CM
šarru,LUGAL,CM
šarru2,U.U,CM
šaru,HI×U,CM
šarx(NE),NE,CM
šas,ŠEŠ,CM
šasuk,SAG.DUN3,CM
šat,KUR,CM
šata,KUR,CM
šatam,LUL,CM
šattam,LUL,CM
šax(|ŠA3×ŠU2|),ŠA3×ŠU2,CM
šaĝa,LU2×GAN2@t,CM
šaĝan,U.GAN,CM
šaĝar,KA×GAR,CM
šaĝax(LU2),LU2,CM
šaş,ŠEŠ,CM
šaš,ŠEŠ,CM
šaški,BU,CM
šašku,BU,CM
šaţ,KUR,CM
šaţam,LUL,CM
še,ŠE,CM
še10,KU,CM
še11,LUL,CM
še12,A.MUŠ3,CM
še13,DU,CM
še14,ŠID,CM
še15,ŠE.NUN&NUN,CM
še16,ŠEŠ,CM
še17,MUŠ3.DI,CM
še18,A.MUŠ3.DI,CM
še19,SUM,CM
še2,SI,CM
še20,IGI,CM
še21,HU.NA2,CM
še22,EREN,CM
še23,MUŠ3,CM
še24,MUŠ3@g,CM
še25,KA×ŠID,CM
še26,KA×BALAG,CM
še27,SIG4,CM
še28,KA,CM
še29,LU2×GAN2@t,CM
še3,EŠ2,CM
še3-munu4,EŠ2.PAP.PAP,CM
še4,MUŠ3×A+DI,CM
še5,ZA.MUŠ3.DI,CM
še6,NE,CM
še7,A.AN,CM
še8,ŠEŠ2,CM
še9,ŠU2.AN,CM
šeb4,SIG4,CM
šed,ŠID,CM
šed10,MUŠ3.DI,CM
šed12,MUŠ3,CM
šed13,MUŠ3@g,CM
šed14,KA×ŠID,CM
šed15,KA×BALAG,CM
šed16,SIG4,CM
šed17?,KA,CM
šed3,NUN%NUN,CM
šed4,KAD3,CM
šed5,KAD4,CM
šed6,KU,CM
šed7,MUŠ3×A+DI,CM
šed8,ZA.MUŠ3.DI,CM
šed9,A.MUŠ3,CM
šedu,KAL,CM
šedu2,UDUG,CM
šedu3,A×LAGAR@g,CM
šedur,LAGAB×TE+A+SU+NA,CM
šedx(LAK171@s),LAK171@s,CM
šedx(|KA×ŠU|),KA×ŠU,CM
šedx(|MUŠ3×A|),MUŠ3×A,CM
šeg10,KA×ŠID,CM
šeg11,KA×BALAG,CM
šeg12,SIG4,CM
šeg13?,KA,CM
šeg14,IM.A.AN,CM
šeg3,A.AN,CM
šeg4,A.ŠU2.NAGA,CM
šeg5,URU×TU,CM
šeg6,NE,CM
šeg8,ŠU2.NAGA,CM
šeg9,ŠEG9,CM
šeg9-bar,ŠEG9,CM
šega9,ŠEG9,CM
šegga,ŠEG9,CM
šegx(A),A,CM
šegx(HA@g),HA@g,CM
šegx(SAG),SAG,CM
šegx(|GIŠ.NE@s|),GIŠ.NE@s,CM
šegx(|IM.A.A|),IM.A.A,CM
šegx(|IM.A|),IM.A,CM
šegx(|KA×KID2|),KA×KID2,CM
šegx(|KA×LI|),KA×LI,CM
šegx(|KA×ŠU|),KA×ŠU,CM
šegx(|URU×GU|),URU×GU,CM
šegx(|URU×ŠE|),URU×ŠE,CM
šeknux(|URUDA.IŠ.URUDA|),URUDA.IŠ.URUDA,CM
šel4,SAL,CM
šem,ŠIM,CM
šem3,AB2×ŠA3,CM
šem4,AB2×ME+EN,CM
šem5,AB2×GAN2@t,CM
šem6,AB2×TAK4,CM
šembi,ŠIM×IGI@g,CM
šembi2,ŠIM,CM
šembi3,BI×IGI@g,CM
šembirida,U2.KUR.RA,CM
šembizi,ŠIM,CM
šembulug3,ŠIM×IGI,CM
šembulug4,ŠIM×BAL,CM
šembulug5,ŠIM×BULUG,CM
šembulug?,BULUG&BULUG,CM
šembulugx(|ŠIM.BAL|),ŠIM.BAL,CM
šembulugx(ŠIM),ŠIM,CM
šembulugx(ŠIM×KUŠU2),ŠIM×KUŠU2,CM
šemešal,ŠIM×SAL,CM
šemmišla,ŠIM×SAL,CM
šemmug,ŠIM×BULUG,CM
šemuš,ŠE.ŠEŠ,CM
šemx(NE),NE,CM
šemx(|A.AN|),A.AN,CM
šemx(|AB2.ŠA3|),AB2.ŠA3,CM
šemšala,ŠIM×SAL,CM
šen,ŠEN,CM
šen2,URUDA,CM
šen3,NAM,CM
šen4,DUB,CM
šenbar?,ŠEG9,CM
šendilima,KU7,CM
šennu,EN.ME.AD.KU3,CM
šennur,GIŠ%GIŠ,CM
šenx(ŠEG9),ŠEG9,CM
šer,ŠIR,CM
šer10,MUŠ,CM
šer11,GIR3.BAR,CM
šer2,BU,CM
šer3,EZEN,CM
šer4,UZU,CM
šer7,NUN&NUN,CM
šer9,SAR,CM
šerah,MUŠ,CM
šerax(|TAG.TUG2|),TAG.TUG2,CM
šerba,LAGAB×GUD+GUD,CM
šerid,TAG,CM
šerim,TAG,CM
šerim2,LAGAB×SUM,CM
šerimsur,LAGAB×ŠE+SUM,CM
šerimx(|TAG.TUG2|),TAG.TUG2,CM
šerinsur,LAGAB×ŠE+SUM,CM
šerkan,IM.DUB2,CM
šerrida,UD.AN.UD,CM
šeru,UZU,CM
šes,ŠEŠ,CM
šesag,ŠE.LUGAL,CM
šex(IGI@g),IGI@g,CM
šex(NA2),NA2,CM
šex(SIG),SIG,CM
šex(|A.MUŠ3×A.DI|),A.MUŠ3×A.DI,CM
šex(|A.MUŠ|),A.MUŠ,CM
šex(|GIŠ×TAK4|),GIŠ×TAK4,CM
šex(|IGI×A|),IGI×A,CM
šex(|KA×ŠU|),KA×ŠU,CM
šex(|MUŠ3×A|),MUŠ3×A,CM
šex(|MUŠ3×DI|),MUŠ3×DI,CM
šex(|MUŠ×A|),MUŠ×A,CM
šex(|MUŠ×ZA|),MUŠ×ZA,CM
šeĝ,SIG,CM
šeĝ3,A.AN,CM
šeĝ6,NE,CM
šeĝ7,IM,CM
šeš,ŠEŠ,CM
šeš2,ŠEŠ2,CM
šeš3,A×IGI,CM
šeš4,EREN,CM
šešlam,ŠEŠLAM,CM
šešlam2,EN.ME.LI,CM
šešx(|A.IGI|),A.IGI,CM
šeššed,NUN%NUN,CM
šeššed2,KAD3.KAD3,CM
šeššed3,KAD4.KAD4.KAD5,CM
šeššeg,URU×TU.URU×TU,CM
ši,IGI,CM
ši2,SI,CM
ši3,SIG,CM
ši4,EŠ2,CM
ši5,KU,CM
ši6,ŠIM,CM
ši7,IGI@g,CM
šib,ME,CM
šib2,RU,CM
šib3,PA.IB,CM
šib4,AŠ@z&AŠ@z&AŠ@z&AŠ@z,CM
šibir,U.EN×GAN2@t,CM
šibir2?,EN×GAN2@t,CM
šid,ŠID,CM
šid2?,KAD2,CM
šid3,NUN%NUN,CM
šidax(SUD2),SUD2,CM
šidi,DIM2,CM
šidim,DIM2,CM
šidimgalx(|GAL.DIM2|),GAL.DIM2,CM
šidx(KA×BALAG),KA×BALAG,CM
šidx(|KA×BALAG|),KA×BALAG,CM
šig,SIG,CM
šig5,URU×TU,CM
šigagu,AŠGAB,CM
šigx(KA×BALAG),KA×BALAG,CM
šigx(KA×ŠID),KA×ŠID,CM
šigx(URU),URU,CM
šigx(|KA×BALAG|),KA×BALAG,CM
šigx(|KA×ŠID|),KA×ŠID,CM
šigx(|URU×GU|),URU×GU,CM
šigx(|URU×ŠE|),URU×ŠE,CM
ših,ŠUBUR,CM
ših2,KID,CM
šik,SIG,CM
šik2,SIK2,CM
šika,LA,CM
šikahara,SIG4&SIG4.ŠU2,CM
šikangu,AŠGAB,CM
šikin,GAR,CM
šikin2,DUG,CM
šikin3,SIK2.LAM,CM
šikira3,URU×GA,CM
šikx(LA),LA,CM
šil,TAR,CM
šil3,U,CM
šilam,NUN.LAGAR×SAL,CM
šilam2,NUN.LAGAR×MAŠ,CM
šilamx(DIM2),DIM2,CM
šilamx?(|NUN.LAGAR|),NUN.LAGAR,CM
šilax(|NUN.LAGAR×SAL|),NUN.LAGAR×SAL,CM
šilig,URU×IGI,CM
šilig5,URU×URUDA,CM
šilig6,KA×ŠID,CM
šilig7,KA×IGI,CM
šim,ŠIM,CM
šim2,NAM,CM
šimaški,LU.SU,CM
šimaški2,LU.SU.A,CM
šimbi,ŠIM×IGI@g,CM
šimbi3,BI×IGI@g,CM
šimbirida,U2.KUR.RA,CM
šimbizi,ŠIM,CM
šimbulug2?,ŠIM×MUG,CM
šimbulug3,ŠIM×IGI,CM
šimbulug5,ŠIM×BULUG,CM
šimbulug?,BULUG&BULUG,CM
šimešal,ŠIM×SAL,CM
šimeššal,ŠIM×SAL,CM
šimmešla,ŠIM×SAL,CM
šimmug,ŠIM×BULUG,CM
šin,ŠEN,CM
šin2?,MIN,CM
šina,MIN,CM
šindilib,KU7,CM
šindilimma,KU7,CM
šinig,ŠINIG,CM
šinx(|ŠIM×GAR|),ŠIM×GAR,CM
šip,ME,CM
šip3,PA.IB,CM
šiq,SIG,CM
šiq2,SIK2,CM
šiq4,KA×ŠID,CM
šir,ŠIR,CM
šir10,MUŠ,CM
šir2,BU,CM
šir3,EZEN,CM
šir4,UZU,CM
šir5,NU,CM
šir6,TUR,CM
šir8,SUD,CM
šir9,SAR,CM
širam,UZU,CM
širi,KA×X,CM
širim,UZU,CM
širu,UZU,CM
širum,UZU,CM
širx(|MA×TAK4|),MA×TAK4,CM
šit,ŠID,CM
šita,ŠITA,CM
šita2,ŠITA2,CM
šita3,SUD2,CM
šita4,U.KID,CM
šita5,ŠID,CM
šitalamx(DIM2),DIM2,CM
šitanx(SUD2),SUD2,CM
šitax(|KAK.GIŠ|),KAK.GIŠ,CM
šiten,KI.DU.KAK,CM
šitenx(|KI.LUGAL|),KI.LUGAL,CM
šiti,ŠID,CM
šitim,DIM2,CM
šitim2,ŠID,CM
šix(KA),KA,CM
šix(KA×BALAG),KA×BALAG,CM
šix(|KA×BALAG|),KA×BALAG,CM
šix(|KA×ŠU|),KA×ŠU,CM
šiz,ŠEŠ,CM
šizbu,GA,CM
šiş,ŠEŠ,CM
šiš,ŠEŠ,CM
šiš2,ŠEŠ2,CM
šiţ,ŠID,CM
šu,ŠU,CM
šu-gi,ŠU.GI,CM
šu-u,ŠU.U,CM
šu10,MU,CM
šu11,SU,CM
šu12,KA×ŠU,CM
šu13,BI,CM
šu14,TAG,CM
šu15?,ZUM,CM
šu16,U.UD,CM
šu2,ŠU2,CM
šu3,EŠ2,CM
šu4,U,CM
šu5,LAGAB×ŠU2,CM
šu6,LAGAB×ŠU2+ŠU2,CM
šu7?,GAR,CM
šub,RU,CM
šub3,PA.IB,CM
šub4,MUNSUB,CM
šub5,ZI&ZI.LAGAB,CM
šub6,ŠID,CM
šub7,ZA.MUŠ3@g,CM
šub8,ZA.MUŠ3,CM
šuba,ZA.MUŠ3@g,CM
šuba2,ZA.MUŠ3,CM
šuba3,MUŠ3.ZA,CM
šuba4?,MUŠ3,CM
šuba5,RU,CM
šubar,ŠUBUR,CM
šubartin,ŠU2,CM
šubax(MUŠ),MUŠ,CM
šubax(|MUŠ.ŠA|),MUŠ.ŠA,CM
šubax(|ZA.AN.MUŠ3@g|),ZA.AN.MUŠ3@g,CM
šubax?(|U2.ZA.MUŠ3|),U2.ZA.MUŠ3,CM
šubba,EZEN×X,CM
šubtu,KASKAL.LAGAB,CM
šubtu3,KASKAL.LAGAB,CM
šubtu4,KASKAL&KASKAL.LAGAB&LAGAB,CM
šubtu5,KASKAL.LAGAB×U,CM
šubtu6,KASKAL.LAGAB×U&LAGAB×U,CM
šubtu7,(KASKAL.LAGAB×U)&(KASKAL.LAGAB×U),CM
šubtum3,KASKAL.LAGAB,CM
šubtum4,KASKAL&KASKAL.LAGAB&LAGAB,CM
šubtum5,KASKAL.LAGAB×U,CM
šubtum6,KASKAL.LAGAB×U&LAGAB×U,CM
šubtum7,(KASKAL.LAGAB×U)&(KASKAL.LAGAB×U),CM
šubtumx(KASKAL),KASKAL,CM
šubul,AN,CM
šubun,KI.BI.GAR,CM
šubur,ŠUBUR,CM
šubur2?,ARAD,CM
šubura,ŠUBUR,CM
šubux(|U2.ZA.MUŠ3|),U2.ZA.MUŠ3,CM
šubux(|ZA.MUŠ3|),ZA.MUŠ3,CM
šubx(|A.ZI&ZI|),A.ZI&ZI,CM
šubx(|KA×GA|),KA×GA,CM
šubx(|ZI&ZI.A|),ZI&ZI.A,CM
šubx(|ZI&ZI.EŠ2|),ZI&ZI.EŠ2,CM
šud,SUD,CM
šud2,BU,CM
šud3,KA×ŠU,CM
šud4,ŠID,CM
šudaminx?(ŠANABI),ŠANABI,CM
šudax?(ŠUŠANA),ŠUŠANA,CM
šude3,KA×ŠU,CM
šudu3,KA×ŠU,CM
šudug,GI.PAD,CM
šudul,ŠU2.DUN3@g@g@s,CM
šudun,ŠU2.DUN3@g@g@s,CM
šudul2,U.TUG2,CM
šudul3,ŠU2.UR@s,CM
šudul4,UR@s,CM
šudul5,UR@s,CM
šudul6,U.KID,CM
šudum,ŠID,CM
šudun2,U.TUG2,CM
šudun3,ŠU2.UR@s,CM
šudun4,DUN4,CM
šudun5,UR@s,CM
šudx(KA),KA,CM
šudx(|KA.ŠU|),KA.ŠU,CM
šug,PAD,CM
šugi,ŠU.GI%GI,CM
šugmaš?,ŠU.KAL,CM
šugur,LUGAL,CM
šuh,MUŠ3@g,CM
šuh2,ŠUBUR,CM
šuhub,ŠU2.ANx3,CM
šuhub2,ANx3,CM
šuhub4,ŠU.DI.U.U.U,CM
šuhubx(|AN.ANx3|),AN.ANx3,CM
šuhuš,DU@g,CM
šuk,PAD,CM
šuk2,MUG,CM
šuk3,LAGAB×A,CM
šukal,LUH,CM
šukbar?,ŠU.KAL,CM
šukkal,LUH,CM
šukra,ŠU.GAN2@t,CM
šuku,PAD,CM
šukudx(|ŠU.HA|),ŠU.HA,CM
šukumx(|LAGAB×KUL|),LAGAB×KUL,CM
šukun3,PAD,CM
šukur,IGI.KAK,CM
šukur2,PAD,CM
šukx(MUŠ3@g),MUŠ3@g,CM
šul,DUN,CM
šul3,DI,CM
šullat,IDIM,CM
šullat2,PA,CM
šum,TAG,CM
šum2,SUM,CM
šum3,MU,CM
šum4,TIL,CM
šum5,BUR2,CM
šumati,MU.ME.U.U.U,CM
šumgamme,TAG.GAM.ME,CM
šumu,MU,CM
šumu2,SUM,CM
šumu3,TAG,CM
šumugx(UM),UM,CM
šumun,TIL,CM
šumunda,LAGAR@g&LAGAR@g.ŠE.SAR,CM
šun,ŠEN,CM
šun2,ANx3,CM
šun3,GUL,CM
šun4,SUM,CM
šunigin,ŠU.GAN2@t,CM
šup,RU,CM
šup2,AŠ,CM
šup3,PA.IB,CM
šuq,PAD,CM
šuqux(|ŠIM×LUL|),ŠIM×LUL,CM
šur,SUR,CM
šur2,SAG@g,CM
šur3,ŠIR,CM
šur4,LAL2.SAR,CM
šur5,LAL.LAGAB,CM
šur6?,LAL2.LAGAB,CM
šurim,LAGAB×GUD+GUD,CM
šurim3,LAGAB×GUD,CM
šurimx(|SIK2.AŠ|),SIK2.AŠ,CM
šurin4,DAG.KISIM5×NE,CM
šurin5,DAG.KISIM5×U2+GIR2,CM
šuripak,SU.KUR.RU,CM
šuripak2,LAM×KUR+RU,CM
šurippak,SU.KUR.RU,CM
šurippak2,LAM×KUR+RU,CM
šurmen,ŠU.ME.EREN,CM
šurmenx(|EREN.ŠU.ME|),EREN.ŠU.ME,CM
šurmenx(|ŠU.EREN.ME|),ŠU.EREN.ME,CM
šurmin,ŠU.ME.EREN,CM
šuru,LAGAB×GUD+GUD,CM
šuru2,LAGAB×TAK4,CM
šuru3,LAGAB×GUD,CM
šuru6,TAK4,CM
šurum,LAGAB×GUD+GUD,CM
šurum3,LAGAB×GUD,CM
šurum6,TAK4,CM
šurumx(|NUN.LAGAR|),NUN.LAGAR,CM
šurumx(|SIK2.AŠ|),SIK2.AŠ,CM
šurumx(|URU×GU|),URU×GU,CM
šurun,LAGAB×GUD+GUD,CM
šurun2,LAGAB×TAK4,CM
šurun3,LAGAB×GUD,CM
šurun4,DAG.KISIM5×NE,CM
šurun5?,DAG.KISIM5×U2+GIR2,CM
šurunx(|SIK2.AŠ|),SIK2.AŠ,CM
šurupak,SU.KUR.RU,CM
šurupak2,LAM×KUR+RU,CM
šuruppak,SU.KUR.RU,CM
šuruppak2,LAM×KUR+RU,CM
šuruppakx(|SU.RU×KUR|),SU.RU×KUR,CM
šurux(E),E,CM
šurux(LAL),LAL,CM
šurux(|E.SUD.HUB2×UD|),E.SUD.HUB2×UD,CM
šurux(|E.TUM|),E.TUM,CM
šurux(|SIK2.AŠ|),SIK2.AŠ,CM
šurx(LAL),LAL,CM
šusbu,MUŠ3@g,CM
šut,SUD,CM
šutug,PAD,CM
šutug2,HI×NUN.ME,CM
šutul3,ŠU2.UR@s,CM
šutul4,DUN4,CM
šutul5,UR@s,CM
šutul6,U.KID,CM
šutulx(|U.UR@s|),U.UR@s,CM
šutum,GI.NA.AB.U.GUD,CM
šutum2,E2.GI.NA.AB.U.GUD,CM
šutumx(|E2.GI.NA.AB.HI|),E2.GI.NA.AB.HI,CM
šutumx(|GI.NA.AB.NA.TUM|),GI.NA.AB.NA.TUM,CM
šutumx(|KI.NA.AB.TUM|),KI.NA.AB.TUM,CM
šutumx(|MI.NA.AB.U.GUD|),MI.NA.AB.U.GUD,CM
šutun4,DUN4,CM
šutun5,UR@s,CM
šutur,MAH,CM
šuwati,MU.ME.U.U.U,CM
šux(RU),RU,CM
šux(SUD),SUD,CM
šux(TAK4),TAK4,CM
šux(|DU&DU.DU&DU|),DU&DU.DU&DU,CM
šux(|DU.DU.DU.DU|),DU.DU.DU.DU,CM
šux(|DU.DU|),DU.DU,CM
šux(|DU@s.DU@s|),DU@s.DU@s,CM
šux(|IM.ŠU2|),IM.ŠU2,CM
šuz,SUD,CM
šuzi,UR,CM
šuš,U,CM
šuš2,ŠU2,CM
šuš3,IŠ,CM
šuš4,TAG,CM
šuš5,LAGAB×ŠU2,CM
šuš6,LAGAB×ŠU2+ŠU2,CM
šušana,ŠUŠANA,CM
šušana2,U.U,CM
šušanaku,U.U,CM
šušbar,AL×UŠ,CM
šušgim,GUD,CM
šušin,MUŠ3.EREN,CM
šušinak,MUŠ3.EREN,CM
šušinakx(MUŠ3@g),MUŠ3@g,CM
šušmaš,AL×UŠ,CM
šušu,SUD2,CM
šušum,MUŠ3.EREN,CM
šušur,AŠ&AŠ&AŠ,CM
šušur2,AŠ&AŠ&AŠ%AŠ&AŠ&AŠ,CM
šušux(|MUŠ3@g.SIK2.LAM|),MUŠ3@g.SIK2.LAM,CM
šušux(|ZA.MUŠ3@g.EREN|),ZA.MUŠ3@g.EREN,CM
šuššanx(ŠUŠANA),ŠUŠANA,CM
šuššub,PAP.PAP.IDIM×4,CM
šuţ,SUD,CM
šēdu,UDUG,CM
ŢA,DA,CM
ŢA2,TA,CM
ŢA3,HI,CM
ŢA4,DAM,CM
ŢAB,TAB,CM
ŢAB3,DIB,CM
ŢAB6,HI,CM
ŢAH,MU&MU,CM
ŢAH2,GABA,CM
ŢAK?,DAG,CM
ŢAL,RI,CM
ŢAM,DAM,CM
ŢAM2,UD,CM
ŢAN,KAL,CM
ŢAP,TAB,CM
ŢAR,TAR,CM
ŢAR2,DAR,CM
ŢAR3,DARA3,CM
ŢAT,TAK4,CM
ŢE,DI,CM
ŢE2,HI,CM
ŢE3,NE,CM
ŢE4,TE,CM
ŢE5,UMUM×KASKAL,CM
ŢE6,TI,CM
ŢI,DI,CM
ŢI2,HI,CM
ŢI3,TI,CM
ŢI4,TE,CM
ŢI5,NE,CM
ŢIB,DIB,CM
ŢIL,AŠ,CM
ŢIL2,BAD,CM
ŢIM,DIM,CM
ŢIM2,DIM2,CM
ŢIN?,DIN,CM
ŢIP,DIB,CM
ŢIR,SI.A,CM
ŢIR2,TAR,CM
ŢIR3,SUR,CM
ŢIR4,DAR,CM
ŢIR5,ŠE.NUN&NUN,CM
ŢIŠ,DIŠ,CM
ŢU,DUN3,CM
ŢU2,TU,CM
ŢU3,DU,CM
ŢU4,TUM,CM
ŢU5,GABA,CM
ŢUB2,DUB2,CM
ŢUH,GABA,CM
ŢUL,LAGAB×U,CM
ŢUL3,LAGAR@g,CM
ŢUM,TUM,CM
ŢUP,DUB,CM
ŢUR,GU2×KAK,CM
ŢUR2,DUR2,CM
ŢUR3,TUR,CM
ŢUR4,GIŠ%GIŠ,CM
ŢUR5,A,CM
ŢĒMU,KA.HI,CM
ţa,DA,CM
ţa2,TA,CM
ţa3,HI,CM
ţa4,DAM,CM
ţab,TAB,CM
ţab3,DIB,CM
ţab6,HI,CM
ţah,MU&MU,CM
ţah2,GABA,CM
ţak?,DAG,CM
ţal,RI,CM
ţam,DAM,CM
ţam2,UD,CM
ţan,KAL,CM
ţap,TAB,CM
ţar,TAR,CM
ţar2,DAR,CM
ţar3,DARA3,CM
ţat,TAK4,CM
ţe,DI,CM
ţe2,HI,CM
ţe3,NE,CM
ţe4,TE,CM
ţe5,UMUM×KASKAL,CM
ţe6,TI,CM
ţi,DI,CM
ţi2,HI,CM
ţi3,TI,CM
ţi4,TE,CM
ţi5,NE,CM
ţib,DIB,CM
ţil,AŠ,CM
ţil2,BAD,CM
ţim,DIM,CM
ţim2,DIM2,CM
ţin?,DIN,CM
ţip,DIB,CM
ţir,SI.A,CM
ţir2,TAR,CM
ţir3,SUR,CM
ţir4,DAR,CM
ţir5,ŠE.NUN&NUN,CM
ţiš,DIŠ,CM
ţu,DUN3,CM
ţu2,TU,CM
ţu3,DU,CM
ţu4,TUM,CM
ţu5,GABA,CM
ţub2,DUB2,CM
ţuh,GABA,CM
ţul,LAGAB×U,CM
ţul3,LAGAR@g,CM
ţum,TUM,CM
ţup,DUB,CM
ţur,GU2×KAK,CM
ţur2,DUR2,CM
ţur3,TUR,CM
ţur4,GIŠ%GIŠ,CM
ţur5,A,CM
ţēmu,KA.HI,CM
'a5,NI,ADDITIONAL
'A5,NI,ADDITIONAL
BAR×SILA4&SILA4,BAR×SILA4&SILA4,ADDITIONAL
bu16,NI,ADDITIONAL
BU16,NI,ADDITIONAL
C703,C703,ADDITIONAL
C704,C704,ADDITIONAL
C706,C706,ADDITIONAL
C707,C707,ADDITIONAL
C709,C709,ADDITIONAL
C710,C710,ADDITIONAL
C713,C713,ADDITIONAL
C714,C714,ADDITIONAL
C716,C716,ADDITIONAL
C718,C718,ADDITIONAL
C721,C721,ADDITIONAL
C722,C722,ADDITIONAL
C723,C723,ADDITIONAL
C724,C724,ADDITIONAL
C725,C725,ADDITIONAL
DAG×KASKAL,DAG×KASKAL,ADDITIONAL
DAG×KAS,DAG×KASKAL,ADDITIONAL
DAG×PA4,DAG×PAP,ADDITIONAL
DAG×PAP,DAG×PAP,ADDITIONAL
DIB+GIŠ,DIB.GIŠ,ADDITIONAL
E2×PA4,E2×PAP,ADDITIONAL
E2×PAP,E2×PAP,ADDITIONAL
E2×GIGIR,E2×GIGIR,ADDITIONAL
E2×KASKAL,E2×KASKAL,ADDITIONAL
EZEN×UŠ2,EZEN×UŠ2,ADDITIONAL
GA2×GEME2,GA2×GEME2,ADDITIONAL
GA2×LA2,GA2×LAL,ADDITIONAL
GA2×LAL,GA2×LAL,ADDITIONAL
HIxMAŠ,HIxMAŠ,ADDITIONAL
IGI+HI,IGI.HI,ADDITIONAL
LAGAB×LA2,LAGAB×LAL,ADDITIONAL
LAGAB×LAL,LAGAB×LAL,ADDITIONAL
LAGAB×UŠ2,LAGAB×UŠ2,ADDITIONAL
LAK92,LAK92,ADDITIONAL
LAK304,LAK304,ADDITIONAL
LAK350,LAK350,ADDITIONAL
LAK355,LAK355,ADDITIONAL
LAK384,LAK384,ADDITIONAL
LAK390,LAK390,ADDITIONAL
LAK457,LAK457,ADDITIONAL
LAK492,LAK492,ADDITIONAL
LAK727,LAK727,ADDITIONAL
LAK838,LAK838,ADDITIONAL
LUx,LUx,ADDITIONAL
LU2×TIL,LU2×TIL,ADDITIONAL
MA×GANA2@t,MA×GAN2@t,ADDITIONAL
MA2×GANA2@t,MA2×GAN2@t,ADDITIONAL
NI&NI,NI.NI,ADDITIONAL
NINDA×ŠE,NINDA×ŠE,ADDITIONAL
NAGA+A,NAGA.A,ADDITIONAL
SI+GA,SI.GA,ADDITIONAL
SIKI+LAK778,SIKI.LAK778,ADDITIONAL
ŠE+GIR3,ŠE.GIR3,ADDITIONAL
ŠU2+ŠA,ŠU2+ŠA,ADDITIONAL
ŠE+KIN,ŠE.KIN,ADDITIONAL
UDUAx,UDUAx,ADDITIONAL
URx,URx,ADDITIONAL
ZAMx,ZAMx,ADDITIONAL
…,xxx,ADDITIONAL
A@g,A@g,URUK2
A@t,A@t,URUK2
AB~a,AB~a,URUK2
AB~a@g,AB~a@g,URUK2
|AB~ax1(N01)|,|AB~ax1(N01)|,URUK2
|AB~axA@t|,|AB~axA@t|,URUK2
|AB~axAŠ2|,|AB~axAŠ2|,URUK2
|AB~axKU6~a|,|AB~axKU6~a|,URUK2
|AB~axSUKKAL|,|AB~axSUKKAL|,URUK2
|AB~ax(ŠE~a&ŠE~a)|,|AB~ax(ŠE~a&ŠE~a)|,URUK2
|AB~axX|,|AB~axX|,URUK2
|AB~axZATU659|,|AB~axZATU659|,URUK2
AB~b,AB~b,URUK2
|AB~bxA|,|AB~bxA|,URUK2
|AB~bxKU6~a|,|AB~bxKU6~a|,URUK2
|AB~bxŠA3~a1|,|AB~bxŠA3~a1|,URUK2
|AB2x2(N14)|,|AB2x2(N14)|,URUK2
ABGAL,ABGAL,URUK2
ABRIG,ABRIG,URUK2
ABZU,ABZU,URUK2
AD~a,AD~a,URUK2
AD~b,AD~b,URUK2
AD~c,AD~c,URUK2
ADAB,ADAB,URUK2
ADDA,ADDA,URUK2
ADDA@t,ADDA@t,URUK2
AGAR2,AGAR2,URUK2
AK~a,AK~a,URUK2
AK~b,AK~b,URUK2
ALAN~a,ALAN~a,URUK2
ALAN~b,ALAN~b,URUK2
ALAN~c,ALAN~c,URUK2
ALAN~d,ALAN~d,URUK2
ALAN~e,ALAN~e,URUK2
ALAN~f,ALAN~f,URUK2
ALIM~a,ALIM~a,URUK2
AM~a,AM~a,URUK2
AM~b,AM~b,URUK2
AMA~a,AMA~a,URUK2
|AMA~axE2~a|,|AMA~axE2~a|,URUK2
AMA~b,AMA~b,URUK2
|AMAR.1(N02)|,|AMAR.1(N02)|,URUK2
|AMAR@g|,|AMAR@g|,URUK2
|AMAR&AMAR|,|AMAR&AMAR|,URUK2
|AMARxTAR|,|AMARxTAR|,URUK2
ANŠE~a,ANŠE~a,URUK2
ANŠE~b,ANŠE~b,URUK2
ANŠE~c,ANŠE~c,URUK2
ANŠE~e,ANŠE~e,URUK2
ANZU2,ANZU2,URUK2
|APIN~a.APIN~a|,|APIN~a.APIN~a|,URUK2
APIN~a,APIN~a,URUK2
APIN~b,APIN~b,URUK2
APIN~c,APIN~c,URUK2
ARARMA2~a,ARARMA2~a,URUK2
ARARMA2~b,ARARMA2~b,URUK2
ARATTA,ARATTA,URUK2
ASAL2,ASAL2,URUK2
ASAR,ASAR,URUK2
|Ax1(N14)|,|Ax1(N14)|,URUK2
|AxAB2|,|AxAB2|,URUK2
|AxAN|,|AxAN|,URUK2
|AxEN~a|,|AxEN~a|,URUK2
|AxŠUBUR|,|AxŠUBUR|,URUK2
|AxZATU672|,|AxZATU672|,URUK2
AZ,AZ,URUK2
AZU,AZU,URUK2
BAD~a,BAD~a,URUK2
BAD~b,BAD~b,URUK2
|BAD&BAD|,|BAD&BAD|,URUK2
BAD3~a,BAD3~a,URUK2
BAD3~b1,BAD3~b1,URUK2
BAD3~b2,BAD3~b2,URUK2
BAHAR2~a,BAHAR2~a,URUK2
BAHAR2~b,BAHAR2~b,URUK2
BAHAR2~c,BAHAR2~c,URUK2
BALA~a,BALA~a,URUK2
BALA~b,BALA~b,URUK2
BAN~a,BAN~a,URUK2
BAN~b,BAN~b,URUK2
BANŠUR~a,BANŠUR~a,URUK2
BANŠUR~a@t,BANŠUR~a@t,URUK2
BANŠUR~b1,BANŠUR~b1,URUK2
BANŠUR~b2,BANŠUR~b2,URUK2
BANŠUR~c,BANŠUR~c,URUK2
BAPPIR~a,BAPPIR~a,URUK2
BAPPIR~b,BAPPIR~b,URUK2
BAPPIR~c,BAPPIR~c,URUK2
BAPPIR~d,BAPPIR~d,URUK2
BAPPIR~e,BAPPIR~e,URUK2
BAPPIR~f,BAPPIR~f,URUK2
BARA2~a,BARA2~a,URUK2
BARA2~b,BARA2~b,URUK2
BARA3,BARA3,URUK2
BIR~a,BIR~a,URUK2
BIR~b,BIR~b,URUK2
BIR~c,BIR~c,URUK2
BIR3~a,BIR3~a,URUK2
BIR3~b,BIR3~b,URUK2
BIR3~c,BIR3~c,URUK2
BU~a,BU~a,URUK2
|(BU~a&BU~a).NA2~a|,|(BU~a&BU~a).NA2~a|,URUK2
|(BU~a&BU~a).NA2~a@n|,|(BU~a&BU~a).NA2~a@n|,URUK2
|(BU~a&BU~a).NA2~b|,|(BU~a&BU~a).NA2~b|,URUK2
|(BU~a&BU~a).X|,|(BU~a&BU~a).X|,URUK2
|BU~a+DU6~a|,|BU~a+DU6~a|,URUK2
|BU~ax1(N58)|,|BU~ax1(N58)|,URUK2
|BU~axA|,|BU~axA|,URUK2
|BU~axGIŠ@t|,|BU~axGIŠ@t|,URUK2
BU~b,BU~b,URUK2
|BU~b.NA2~a|,|BU~b.NA2~a|,URUK2
BU3,BU3,URUK2
BULUG3,BULUG3,URUK2
BUR~a,BUR~a,URUK2
BUR~b,BUR~b,URUK2
BUR~c,BUR~c,URUK2
BUR~d,BUR~d,URUK2
DA~a,DA~a,URUK2
|DA~a.LIŠ|,|DA~a.LIŠ|,URUK2
DA~b,DA~b,URUK2
DA~c,DA~c,URUK2
DA~d,DA~d,URUK2
DAH,DAH,URUK2
DANNA,DANNA,URUK2
DAR~a,DAR~a,URUK2
|DAR~axA|,|DAR~axA|,URUK2
DAR~b,DAR~b,URUK2
DAR~c,DAR~c,URUK2
DAR~d,DAR~d,URUK2
DARA3~a,DARA3~a,URUK2
DARA3~b,DARA3~b,URUK2
DARA3~c,DARA3~c,URUK2
|DARA3~cxKAR2|,|DARA3~cxKAR2|,URUK2
|DARA3~cx(KAR2.ŠE~a)|,|DARA3~cx(KAR2.ŠE~a)|,URUK2
DARA3~d,DARA3~d,URUK2
|DARA3~dxKAR2|,|DARA3~dxKAR2|,URUK2
|DARA3~dx(KAR2.ŠE~a)|,|DARA3~dx(KAR2.ŠE~a)|,URUK2
DARA4~a1,DARA4~a1,URUK2
DARA4~a2,DARA4~a2,URUK2
DARA4~a3,DARA4~a3,URUK2
DARA4~b,DARA4~b,URUK2
DARA4~c1,DARA4~c1,URUK2
DARA4~c2,DARA4~c2,URUK2
DARA4~c3,DARA4~c3,URUK2
DARA4~c4,DARA4~c4,URUK2
DARA4~c5,DARA4~c5,URUK2
DARA4~d,DARA4~d,URUK2
DI@t,DI@t,URUK2
DILMUN,DILMUN,URUK2
DIM~a,DIM~a,URUK2
|DIM~axGU|,|DIM~axGU|,URUK2
|DIM~axX|,|DIM~axX|,URUK2
DIM~b,DIM~b,URUK2
DIM~c,DIM~c,URUK2
DIN@t,DIN@t,URUK2
DU6~a,DU6~a,URUK2
|DU6~axDIŠ|,|DU6~axDIŠ|,URUK2
DU6~b,DU6~b,URUK2
DU6~c,DU6~c,URUK2
DU7,DU7,URUK2
DU8~a,DU8~a,URUK2
DU8~b,DU8~b,URUK2
DU8~c,DU8~c,URUK2
DU8~c@g,DU8~c@g,URUK2
|DU8~cxHI|,|DU8~cxHI|,URUK2
|DU8~cxUDU~a|,|DU8~cxUDU~a|,URUK2
|DU8~cxX|,|DU8~cxX|,URUK2
DUB~a,DUB~a,URUK2
DUB~b,DUB~b,URUK2
DUB~c,DUB~c,URUK2
DUB~d,DUB~d,URUK2
DUB~e,DUB~e,URUK2
DUB~f,DUB~f,URUK2
DUB~h,DUB~h,URUK2
|(DUBxDIŠ)~a|,|(DUBxDIŠ)~a|,URUK2
|(DUBxDIŠ)~b|,|(DUBxDIŠ)~b|,URUK2
|(DUBxDIŠ)~c|,|(DUBxDIŠ)~c|,URUK2
|DUG~ax1(N57)|,|DUG~ax1(N57)|,URUK2
|DUG~axHI|,|DUG~axHI|,URUK2
|DUG~axKASKAL|,|DUG~axKASKAL|,URUK2
|DUG~axLAM~b|,|DUG~axLAM~b|,URUK2
|DUG~axNAGA~a|,|DUG~axNAGA~a|,URUK2
|DUG~axU2~a|,|DUG~axU2~a|,URUK2
|DUG~axU2~b|,|DUG~axU2~b|,URUK2
|DUG~axX|,|DUG~axX|,URUK2
DUG~b,DUG~b,URUK2
|(DUG~b&DUG~b)x1(N58)|,|(DUG~b&DUG~b)x1(N58)|,URUK2
|DUG~bx1(N57)|,|DUG~bx1(N57)|,URUK2
|DUG~bx(1(N57).KU3~a)|,|DUG~bx(1(N57).KU3~a)|,URUK2
|DUG~bx3(N57)|,|DUG~bx3(N57)|,URUK2
|DUG~bxAB2|,|DUG~bxAB2|,URUK2
|DUG~bxANŠE~b|,|DUG~bxANŠE~b|,URUK2
|DUG~bxANŠE~d|,|DUG~bxANŠE~d|,URUK2
|DUG~bxBALA~a|,|DUG~bxBALA~a|,URUK2
|DUG~bxBIR3~c|,|DUG~bxBIR3~c|,URUK2
|DUG~bxDIN|,|DUG~bxDIN|,URUK2
|(DUG~bxDIN)@r|,|(DUG~bxDIN)@r|,URUK2
|DUG~bxE~a|,|DUG~bxE~a|,URUK2
|DUG~bxGA~a|,|DUG~bxGA~a|,URUK2
|DUG~bxGA~b|,|DUG~bxGA~b|,URUK2
|DUG~bxGEŠTU~a|,|DUG~bxGEŠTU~a|,URUK2
|DUG~bxGEŠTU~b|,|DUG~bxGEŠTU~b|,URUK2
|DUG~bxGI6|,|DUG~bxGI6|,URUK2
|DUG~bxGIŠ|,|DUG~bxGIŠ|,URUK2
|DUG~bxHI|,|DUG~bxHI|,URUK2
|DUG~bxHI@g~a|,|DUG~bxHI@g~a|,URUK2
|DUG~bxKASKAL|,|DUG~bxKASKAL|,URUK2
|DUG~bxKU6~a|,|DUG~bxKU6~a|,URUK2
|DUG~bxKUR@g~a|,|DUG~bxKUR@g~a|,URUK2
|DUG~bxKUR~a|,|DUG~bxKUR~a|,URUK2
|DUG~bx(KUR~a.X)|,|DUG~bx(KUR~a.X)|,URUK2
|DUG~bxKUR~b|,|DUG~bxKUR~b|,URUK2
|DUG~bxLAM~a|,|DUG~bxLAM~a|,URUK2
|DUG~bxMAŠ|,|DUG~bxMAŠ|,URUK2
|DUG~bxNAGA~a|,|DUG~bxNAGA~a|,URUK2
|DUG~bxNAM2|,|DUG~bxNAM2|,URUK2
|DUG~bx(NI~a@g.ZATU779)|,|DUG~bx(NI~a@g.ZATU779)|,URUK2
|DUG~bxSA~a|,|DUG~bxSA~a|,URUK2
|DUG~bxSI4~a|,|DUG~bxSI4~a|,URUK2
|DUG~bx(SI4~a.X)|,|DUG~bx(SI4~a.X)|,URUK2
|DUG~bxSIG2~a1|,|DUG~bxSIG2~a1|,URUK2
|DUG~bxSIG2~a2|,|DUG~bxSIG2~a2|,URUK2
|DUG~bxSIG7|,|DUG~bxSIG7|,URUK2
|DUG~bxSUHUR|,|DUG~bxSUHUR|,URUK2
|DUG~bxŠAH2~a|,|DUG~bxŠAH2~a|,URUK2
|DUG~bxŠE~a|,|DUG~bxŠE~a|,URUK2
|DUG~bx(ŠE~a.NAM2)|,|DUG~bx(ŠE~a.NAM2)|,URUK2
|DUG~bxTAK4~a|,|DUG~bxTAK4~a|,URUK2
|DUG~bx(TAK4~a.SA~a)|,|DUG~bx(TAK4~a.SA~a)|,URUK2
|DUG~bx(TAK4~a.SAL)|,|DUG~bx(TAK4~a.SAL)|,URUK2
|DUG~bxTI|,|DUG~bxTI|,URUK2
|DUG~bxU2~a|,|DUG~bxU2~a|,URUK2
|DUG~bxU2~b|,|DUG~bxU2~b|,URUK2
|DUG~bxUH3~a|,|DUG~bxUH3~a|,URUK2
|DUG~bxUH3~a@t|,|DUG~bxUH3~a@t|,URUK2
|DUG~bxX|,|DUG~bxX|,URUK2
|DUG~bxZATU707~a|,|DUG~bxZATU707~a|,URUK2
|DUG~bxZATU764|,|DUG~bxZATU764|,URUK2
|DUG~bxZATU779|,|DUG~bxZATU779|,URUK2
|DUG~bxZATU780|,|DUG~bxZATU780|,URUK2
|DUG~bxZATU781|,|DUG~bxZATU781|,URUK2
|DUG~bx(ZATU789.SA~a)|,|DUG~bx(ZATU789.SA~a)|,URUK2
DUG~c,DUG~c,URUK2
DUG~c@t,DUG~c@t,URUK2
|DUG~cx1(N57)|,|DUG~cx1(N57)|,URUK2
DUG~d,DUG~d,URUK2
DUR~a,DUR~a,URUK2
DUR~b,DUR~b,URUK2
|DUxDIŠ|,|DUxDIŠ|,URUK2
E~a,E~a,URUK2
E~b,E~b,URUK2
E~c,E~c,URUK2
E~d,E~d,URUK2
E~e,E~e,URUK2
E2~a,E2~a,URUK2
|E2~a.LIŠ|,|E2~a.LIŠ|,URUK2
|E2~ax1(N57)@t|,|E2~ax1(N57)@t|,URUK2
|E2~ax3(N58)|,|E2~ax3(N58)|,URUK2
E2~b,E2~b,URUK2
|E2~b.LIŠ|,|E2~b.LIŠ|,URUK2
|E2~bx1(N57)@t|,|E2~bx1(N57)@t|,URUK2
E2~c,E2~c,URUK2
E2~d,E2~d,URUK2
E3~a,E3~a,URUK2
E3~b,E3~b,URUK2
EN@g~a,EN@g~a,URUK2
EN@g~b,EN@g~b,URUK2
EN~a,EN~a,URUK2
EN~b,EN~b,URUK2
EN~b@t,EN~b@t,URUK2
EN~c,EN~c,URUK2
|EN~c&EN~c|,|EN~c&EN~c|,URUK2
EN~e,EN~e,URUK2
|EN2.E2~a|,|EN2.E2~a|,URUK2
|EN2.E2~b|,|EN2.E2~b|,URUK2
EN2,EN2,URUK2
ENDIB,ENDIB,URUK2
ENGIZ,ENGIZ,URUK2
ENKUM,ENKUM,URUK2
ENLIL,ENLIL,URUK2
ENSI,ENSI,URUK2
ENSI2,ENSI2,URUK2
ERIM~a,ERIM~a,URUK2
ERIM~b1,ERIM~b1,URUK2
ERIM~b2,ERIM~b2,URUK2
ERIM2,ERIM2,URUK2
ERIN,ERIN,URUK2
EŠDA,EŠDA,URUK2
|EŠDAxTAR|,|EŠDAxTAR|,URUK2
EŠGAR,EŠGAR,URUK2
EZEN~a,EZEN~a,URUK2
|EZEN~axEN~a|,|EZEN~axEN~a|,URUK2
|EZEN~axEN~b|,|EZEN~axEN~b|,URUK2
|EZEN~ax(HI.1(N57).AN)|,|EZEN~ax(HI.1(N57).AN)|,URUK2
|EZEN~axKAB|,|EZEN~axKAB|,URUK2
|EZEN~axKI|,|EZEN~axKI|,URUK2
|EZEN~axLA~e|,|EZEN~axLA~e|,URUK2
|EZEN~axNIM~b2|,|EZEN~axNIM~b2|,URUK2
|EZEN~axNIMGIR|,|EZEN~axNIMGIR|,URUK2
|EZEN~axRAD~a|,|EZEN~axRAD~a|,URUK2
|EZEN~axSAG|,|EZEN~axSAG|,URUK2
|EZEN~axSU~a|,|EZEN~axSU~a|,URUK2
|EZEN~ax(U2~b.A)|,|EZEN~ax(U2~b.A)|,URUK2
|EZEN~axU4|,|EZEN~axU4|,URUK2
|EZEN~axX|,|EZEN~axX|,URUK2
EZEN~b,EZEN~b,URUK2
|EZEN~b@t|,|EZEN~b@t|,URUK2
|EZEN~bx6(N57)|,|EZEN~bx6(N57)|,URUK2
EZEN~c,EZEN~c,URUK2
EZINU~a,EZINU~a,URUK2
EZINU~b,EZINU~b,URUK2
EZINU~c,EZINU~c,URUK2
EZINU~d,EZINU~d,URUK2
GA'AR~a1,GA'AR~a1,URUK2
GA'AR~a2,GA'AR~a2,URUK2
GA'AR~b1,GA'AR~b1,URUK2
GA'AR~b2,GA'AR~b2,URUK2
GA~a,GA~a,URUK2
|GA~a.ZATU753|,|GA~a.ZATU753|,URUK2
|GA~axX|,|GA~axX|,URUK2
GA~b,GA~b,URUK2
GA~c,GA~c,URUK2
|GA~cx1(N14)|,|GA~cx1(N14)|,URUK2
|GA~cxKASKAL|,|GA~cxKASKAL|,URUK2
GA2~a1,GA2~a1,URUK2
|GA2~a1x1(N14)|,|GA2~a1x1(N14)|,URUK2
|GA2~a1x1(N57)|,|GA2~a1x1(N57)|,URUK2
|GA2~a1xA|,|GA2~a1xA|,URUK2
|GA2~a1xEN~b|,|GA2~a1xEN~b|,URUK2
|GA2~a1xGEŠTU~c3|,|GA2~a1xGEŠTU~c3|,URUK2
|GA2~a1xGEŠTU~c5|,|GA2~a1xGEŠTU~c5|,URUK2
|GA2~a1xGIR~a|,|GA2~a1xGIR~a|,URUK2
|GA2~a1x(GIR~a.KU6~a)|,|GA2~a1x(GIR~a.KU6~a)|,URUK2
|GA2~a1xGIŠ@t|,|GA2~a1xGIŠ@t|,URUK2
|GA2~a1xGU4|,|GA2~a1xGU4|,URUK2
|GA2~a1xHAL|,|GA2~a1xHAL|,URUK2
|GA2~a1xHI|,|GA2~a1xHI|,URUK2
|GA2~a1x(HI.SUHUR)|,|GA2~a1x(HI.SUHUR)|,URUK2
|GA2~a1xKU3~a|,|GA2~a1xKU3~a|,URUK2
|GA2~a1xKU6~a|,|GA2~a1xKU6~a|,URUK2
|GA2~a1x(KU6~a.KU6~a)|,|GA2~a1x(KU6~a.KU6~a)|,URUK2
|GA2~a1xLAGAB~b|,|GA2~a1xLAGAB~b|,URUK2
|GA2~a1xMAŠ|,|GA2~a1xMAŠ|,URUK2
|GA2~a1xNAGA~a|,|GA2~a1xNAGA~a|,URUK2
|GA2~a1xNUN~a|,|GA2~a1xNUN~a|,URUK2
|GA2~a1xPAD~b|,|GA2~a1xPAD~b|,URUK2
|GA2~a1xPAP~a|,|GA2~a1xPAP~a|,URUK2
|GA2~a1xSU~a|,|GA2~a1xSU~a|,URUK2
|GA2~a1xSUHUR|,|GA2~a1xSUHUR|,URUK2
|GA2~a1xSUKUD|,|GA2~a1xSUKUD|,URUK2
|GA2~a1x((SUKUD&SUKUD)~a)|,|GA2~a1x((SUKUD&SUKUD)~a)|,URUK2
|GA2~a1x((SUKUD&SUKUD)~b)|,|GA2~a1x((SUKUD&SUKUD)~b)|,URUK2
|GA2~a1xSUMAŠ|,|GA2~a1xSUMAŠ|,URUK2
|GA2~a1xŠA|,|GA2~a1xŠA|,URUK2
|GA2~a1xTI|,|GA2~a1xTI|,URUK2
|GA2~a1xU4|,|GA2~a1xU4|,URUK2
|GA2~a1xX|,|GA2~a1xX|,URUK2
GA2~a2,GA2~a2,URUK2
|GA2~a2x3(N57)|,|GA2~a2x3(N57)|,URUK2
|GA2~a2xGU4|,|GA2~a2xGU4|,URUK2
|GA2~a2x(GU4.ŠE3)|,|GA2~a2x(GU4.ŠE3)|,URUK2
|GA2~a2xNI~a|,|GA2~a2xNI~a|,URUK2
|GA2~a2xNI~b|,|GA2~a2xNI~b|,URUK2
|GA2~a2xNIM~b1|,|GA2~a2xNIM~b1|,URUK2
|GA2~a2xSUHUR|,|GA2~a2xSUHUR|,URUK2
|GA2~a2xŠE3|,|GA2~a2xŠE3|,URUK2
|GA2~a2xX|,|GA2~a2xX|,URUK2
GA2~a3,GA2~a3,URUK2
|GA2~a3xX|,|GA2~a3xX|,URUK2
GA2~a4,GA2~a4,URUK2
GA2~b,GA2~b,URUK2
|GA2~bxDUB~a|,|GA2~bxDUB~a|,URUK2
|GA2~bxDUB~b|,|GA2~bxDUB~b|,URUK2
|GA2~bxKU3~a|,|GA2~bxKU3~a|,URUK2
|GA2~bxZATU659|,|GA2~bxZATU659|,URUK2
GA2~c,GA2~c,URUK2
GAD	GADA,GAD	GADA,URUK2
GADA~a,GADA~a,URUK2
GADA~b,GADA~b,URUK2
GADA~b@g,GADA~b@g,URUK2
GAL~a,GAL~a,URUK2
GAL~b,GAL~b,URUK2
GALGA~a,GALGA~a,URUK2
GALGA~b,GALGA~b,URUK2
GAN~a,GAN~a,URUK2
GAN~b,GAN~b,URUK2
GAN~c,GAN~c,URUK2
|GAN~cxDIN|,|GAN~cxDIN|,URUK2
|GAN~cx(HI.DIN)|,|GAN~cx(HI.DIN)|,URUK2
|GAN~cxHI|,|GAN~cxHI|,URUK2
|GAN~cxKAŠ~c|,|GAN~cxKAŠ~c|,URUK2
|GAN~cx(KUR~a.A)|,|GAN~cx(KUR~a.A)|,URUK2
|GAN~cxLAGAB~b|,|GAN~cxLAGAB~b|,URUK2
|GAN~cxNE~a|,|GAN~cxNE~a|,URUK2
|GAN~cxSIG7|,|GAN~cxSIG7|,URUK2
|GAN~cxŠE~a|,|GAN~cxŠE~a|,URUK2
|GAN~cxŠE3@t|,|GAN~cxŠE3@t|,URUK2
|GAN~cxX|,|GAN~cxX|,URUK2
|GAN~cxZATU777|,|GAN~cxZATU777|,URUK2
GAN~d,GAN~d,URUK2
|GAN~dxGEŠTU~a|,|GAN~dxGEŠTU~a|,URUK2
|GAN~dxHI|,|GAN~dxHI|,URUK2
GAR@g~a,GAR@g~a,URUK2
GAR@g~b,GAR@g~b,URUK2
GAR@g~c,GAR@g~c,URUK2
GARA2~a,GARA2~a,URUK2
GARA2~b,GARA2~b,URUK2
GAZI,GAZI,URUK2
GEŠTIN~a,GEŠTIN~a,URUK2
GEŠTIN~c,GEŠTIN~c,URUK2
|GEŠTIN~cxX|,|GEŠTIN~cxX|,URUK2
GEŠTU~a,GEŠTU~a,URUK2
|GEŠTU~axŠE~a@t|,|GEŠTU~axŠE~a@t|,URUK2
GEŠTU~b,GEŠTU~b,URUK2
GEŠTU~c3,GEŠTU~c3,URUK2
GEŠTU~c5,GEŠTU~c5,URUK2
GIxA,GIxA,URUK2
GI@t,GI@t,URUK2
|GI&GI|,|GI&GI|,URUK2
|GI&GI&GI|,|GI&GI&GI|,URUK2
|(GI&GI)xGIŠ@t|,|(GI&GI)xGIŠ@t|,URUK2
|(GI&GI)xX|,|(GI&GI)xX|,URUK2
|(GI+&GI)xŠE3|,|(GI+&GI)xŠE3|,URUK2
GI4~a,GI4~a,URUK2
|GI4~a&GI4~a|,|GI4~a&GI4~a|,URUK2
|GI4~axA|,|GI4~axA|,URUK2
GI4~b,GI4~b,URUK2
|GI4~b&GI4~b|,|GI4~b&GI4~b|,URUK2
GI6,GI6,URUK2
GIBIL,GIBIL,URUK2
GIBIL@t,GIBIL@t,URUK2
GIBIL6,GIBIL6,URUK2
GIL,GIL,URUK2
GIR~a,GIR~a,URUK2
|GIR~a.KU6~a|,|GIR~a.KU6~a|,URUK2
|GIR~b.GIR~b|,|GIR~b.GIR~b|,URUK2
GIR~b,GIR~b,URUK2
GIR~c,GIR~c,URUK2
GIR~d,GIR~d,URUK2
GIR2~a,GIR2~a,URUK2
GIR2~b,GIR2~b,URUK2
GIR3@g~a,GIR3@g~a,URUK2
GIR3@g~b,GIR3@g~b,URUK2
GIR3@g~c,GIR3@g~c,URUK2
GIR3~a,GIR3~a,URUK2
|GIR3~axŠE~b|,|GIR3~axŠE~b|,URUK2
GIR3~b,GIR3~b,URUK2
GIR3~c,GIR3~c,URUK2
|GIR3~cxKAR2|,|GIR3~cxKAR2|,URUK2
|GIR3~cxŠE3|,|GIR3~cxŠE3|,URUK2
GIR4,GIR4,URUK2
GISAL~a,GISAL~a,URUK2
GISAL~b,GISAL~b,URUK2
|GIŠ.TE|,|GIŠ.TE|,URUK2
|GIŠ@t.E2~a|,|GIŠ@t.E2~a|,URUK2
GIŠ~x,GIŠ~x,URUK2
GIŠ3~a,GIŠ3~a,URUK2
|GIŠ3~a&GIŠ3~a|,|GIŠ3~a&GIŠ3~a|,URUK2
GIŠ3~b,GIŠ3~b,URUK2
GIŠGAL,GIŠGAL,URUK2
GIŠIMMAR~a1,GIŠIMMAR~a1,URUK2
GIŠIMMAR~a2,GIŠIMMAR~a2,URUK2
GIŠIMMAR~a3,GIŠIMMAR~a3,URUK2
GIŠIMMAR~b1,GIŠIMMAR~b1,URUK2
GIŠIMMAR~b3,GIŠIMMAR~b3,URUK2
|(GIŠx(DIN.DIN))~a|,|(GIŠx(DIN.DIN))~a|,URUK2
|(GIŠx(DIN.DIN))~b|,|(GIŠx(DIN.DIN))~b|,URUK2
|(GIŠx(DIN.DIN))~c|,|(GIŠx(DIN.DIN))~c|,URUK2
|GIŠxŠU2~a|,|GIŠxŠU2~a|,URUK2
|GIŠxŠU2~b|,|GIŠxŠU2~b|,URUK2
|GIx1(N14)|,|GIx1(N14)|,URUK2
|GIx1(N58)@t|,|GIx1(N58)@t|,URUK2
|GIxGIŠ@t|,|GIxGIŠ@t|,URUK2
|GIxKU~b1|,|GIxKU~b1|,URUK2
|GIxLAGAB~a|,|GIxLAGAB~a|,URUK2
|GIxNAM2|,|GIxNAM2|,URUK2
|GIxSIG2~d1|,|GIxSIG2~d1|,URUK2
|GIxŠE3|,|GIxŠE3|,URUK2
|GIxX|,|GIxX|,URUK2
GIZZAL~x,GIZZAL~x,URUK2
GU~a,GU~a,URUK2
GU4,GU4,URUK2
|GU4.ZATU755~a|,|GU4.ZATU755~a|,URUK2
GU4@g,GU4@g,URUK2
GU7,GU7,URUK2
GUB3~a,GUB3~a,URUK2
GUB3~b,GUB3~b,URUK2
GUB3~c,GUB3~c,URUK2
GUB3~d,GUB3~d,URUK2
GUG2,GUG2,URUK2
GUG2@t,GUG2@t,URUK2
|GUG2xSILA3~a|,|GUG2xSILA3~a|,URUK2
|GUG2xŠITA~a1|,|GUG2xŠITA~a1|,URUK2
|GUG2xTUR|,|GUG2xTUR|,URUK2
|GUKKAL~a.HI@g~a|,|GUKKAL~a.HI@g~a|,URUK2
GUKKAL~a,GUKKAL~a,URUK2
GUKKAL~b,GUKKAL~b,URUK2
GUKKAL~c,GUKKAL~c,URUK2
GUKKAL~d,GUKKAL~d,URUK2
GUM~a,GUM~a,URUK2
GUM~b,GUM~b,URUK2
GUM~b@n,GUM~b@n,URUK2
GUN3~a,GUN3~a,URUK2
GUN3~b,GUN3~b,URUK2
GURUŠ~a,GURUŠ~a,URUK2
|GURUŠ~ax2(N14)|,|GURUŠ~ax2(N14)|,URUK2
GURUŠ~b,GURUŠ~b,URUK2
|GURUŠ~bx2(N14)|,|GURUŠ~bx2(N14)|,URUK2
|GURUŠ~cx2(N14)|,|GURUŠ~cx2(N14)|,URUK2
GURUŠDA~a,GURUŠDA~a,URUK2
HALUB,HALUB,URUK2
HAŠHUR,HAŠHUR,URUK2
|HAŠHURxMA|,|HAŠHURxMA|,URUK2
|HI.SUHUR|,|HI.SUHUR|,URUK2
HI@g~a,HI@g~a,URUK2
HI@g~b,HI@g~b,URUK2
HI@g~c,HI@g~c,URUK2
|HIx1(N01)F|,|HIx1(N01)F|,URUK2
|HIx1(N57)|,|HIx1(N57)|,URUK2
|HIx1(N57)@t|,|HIx1(N57)@t|,URUK2
|(HIx1(N57))&(HI+1(N57))|,|(HIx1(N57))&(HI+1(N57))|,URUK2
|HIx1(N58)|,|HIx1(N58)|,URUK2
|HIxLAGAB~a|,|HIxLAGAB~a|,URUK2
|HIxŠE3@t|,|HIxŠE3@t|,URUK2
|HIxZATU707~a|,|HIxZATU707~a|,URUK2
IB~a,IB~a,URUK2
IB~b,IB~b,URUK2
IB~c,IB~c,URUK2
|IB~a@n|,|IB~a@n|,URUK2
IDIGNA,IDIGNA,URUK2
IG~a,IG~a,URUK2
IG~b,IG~b,URUK2
ILDUM~a,ILDUM~a,URUK2
ILDUM~b,ILDUM~b,URUK2
IM~a,IM~a,URUK2
IM~a@g,IM~a@g,URUK2
IM~b,IM~b,URUK2
IN~b,IN~b,URUK2
IN~d,IN~d,URUK2
|IR~a.GA2~a1|,|IR~a.GA2~a1|,URUK2
IR~a,IR~a,URUK2
IR~b,IR~b,URUK2
IR~c,IR~c,URUK2
IR~d,IR~d,URUK2
IR11,IR11,URUK2
IRHAN,IRHAN,URUK2
IŠ~a,IŠ~a,URUK2
IŠ~b,IŠ~b,URUK2
IŠ~c,IŠ~c,URUK2
KA~a,KA~a,URUK2
|KA~a.ŠE~a|,|KA~a.ŠE~a|,URUK2
|KA~axSAR~a|,|KA~axSAR~a|,URUK2
KA2~a,KA2~a,URUK2
KA2~b,KA2~b,URUK2
KA2~c,KA2~c,URUK2
KA2~d,KA2~d,URUK2
|KA2xLAM|,|KA2xLAM|,URUK2
|KABx1(N58)|,|KABx1(N58)|,URUK2
KAD4~a,KAD4~a,URUK2
KAD4~b,KAD4~b,URUK2
KAD4~c1,KAD4~c1,URUK2
KAD4~c2,KAD4~c2,URUK2
|KAK~a.GA2~a1|,|KAK~a.GA2~a1|,URUK2
KAK~a,KAK~a,URUK2
KAK~b,KAK~b,URUK2
KAL~a,KAL~a,URUK2
KAL~b1,KAL~b1,URUK2
KAL~b2,KAL~b2,URUK2
KALAM~a,KALAM~a,URUK2
KALAM~b,KALAM~b,URUK2
KALAM~c,KALAM~c,URUK2
KALAM~d,KALAM~d,URUK2
KALAM~e,KALAM~e,URUK2
KALAM~f,KALAM~f,URUK2
KAR,KAR,URUK2
KAR2~a,KAR2~a,URUK2
KAR2~b,KAR2~b,URUK2
|KASKAL@g|,|KASKAL@g|,URUK2
KAŠ~a,KAŠ~a,URUK2
KAŠ~b,KAŠ~b,URUK2
|KAŠ~b@t|,|KAŠ~b@t|,URUK2
|KAŠ~bxŠE~a|,|KAŠ~bxŠE~a|,URUK2
KAŠ~c,KAŠ~c,URUK2
KAŠ~d,KAŠ~d,URUK2
KI~a,KI~a,URUK2
KI@n,KI@n,URUK2
|KI@nxDUB~a|,|KI@nxDUB~a|,URUK2
KIB,KIB,URUK2
KIB@g,KIB@g,URUK2
KID~a,KID~a,URUK2
KID~b,KID~b,URUK2
KID~c,KID~c,URUK2
KID~d,KID~d,URUK2
KID~e,KID~e,URUK2
KIN2~a,KIN2~a,URUK2
KIN2~c,KIN2~c,URUK2
KIN2~d,KIN2~d,URUK2
KIN2~e,KIN2~e,URUK2
KINGAL,KINGAL,URUK2
KIR11	SAL.|LAGABxLAGAB|,KIR11	SAL.|LAGABxLAGAB|,URUK2
KISAL~a1,KISAL~a1,URUK2
KISAL~a2,KISAL~a2,URUK2
KISAL~b1,KISAL~b1,URUK2
KISAL~b2,KISAL~b2,URUK2
|KISAL~b2@t|,|KISAL~b2@t|,URUK2
KISAL~b3,KISAL~b3,URUK2
KISIM~a,KISIM~a,URUK2
KISIM~b,KISIM~b,URUK2
KISIM~c,KISIM~c,URUK2
KIŠIK~a,KIŠIK~a,URUK2
KIŠIK~b,KIŠIK~b,URUK2
KITI,KITI,URUK2
KU~a,KU~a,URUK2
KU~a@t,KU~a@t,URUK2
KU~b1,KU~b1,URUK2
KU~b2,KU~b2,URUK2
KU3~a,KU3~a,URUK2
KU3~c,KU3~c,URUK2
|KU6~a.1(N02)|,|KU6~a.1(N02)|,URUK2
KU6~a,KU6~a,URUK2
KU6~a@s,KU6~a@s,URUK2
|KU6~a+GIŠ|,|KU6~a+GIŠ|,URUK2
|KU6~a+KU6~a|,|KU6~a+KU6~a|,URUK2
KU6~c,KU6~c,URUK2
KU6~d,KU6~d,URUK2
|KUR@g~a|,|KUR@g~a|,URUK2
|KUR@g~b|,|KUR@g~b|,URUK2
|KUR~a.E2~a|,|KUR~a.E2~a|,URUK2
KUR~a,KUR~a,URUK2
|KUR~a.NUNUZ~a1|,|KUR~a.NUNUZ~a1|,URUK2
|KUR~b.E2~a|,|KUR~b.E2~a|,URUK2
KUR~b,KUR~b,URUK2
KUR~c,KUR~c,URUK2
KUR~d,KUR~d,URUK2
KUŠU2~a,KUŠU2~a,URUK2
KUŠU2~b,KUŠU2~b,URUK2
KUŠU2~c,KUŠU2~c,URUK2
KUŠU2~d,KUŠU2~d,URUK2
KUŠU2~e,KUŠU2~e,URUK2
KUŠU2~f,KUŠU2~f,URUK2
LA~b,LA~b,URUK2
LA~c,LA~c,URUK2
LA~d,LA~d,URUK2
LA~e,LA~e,URUK2
LA2~a,LA2~a,URUK2
LAGAB~a,LAGAB~a,URUK2
|LAGAB~ax2(N14)|,|LAGAB~ax2(N14)|,URUK2
|LAGAB~ax2(N58)|,|LAGAB~ax2(N58)|,URUK2
|LAGAB~axBA|,|LAGAB~axBA|,URUK2
|LAGAB~axBIR3~b|,|LAGAB~axBIR3~b|,URUK2
|LAGAB~axDU6~b|,|LAGAB~axDU6~b|,URUK2
|LAGAB~axKAK~a|,|LAGAB~axKAK~a|,URUK2
|LAGAB~axKU6~a|,|LAGAB~axKU6~a|,URUK2
|LAGAB~ax(KU6~a+KU6~a)|,|LAGAB~ax(KU6~a+KU6~a)|,URUK2
|LAGAB~axKUŠU2~b|,|LAGAB~axKUŠU2~b|,URUK2
|LAGAB~axLAGAB~a|,|LAGAB~axLAGAB~a|,URUK2
|LAGAB~axME~a|,|LAGAB~axME~a|,URUK2
|LAGAB~axNUN~b|,|LAGAB~axNUN~b|,URUK2
|LAGAB~axPA~a|,|LAGAB~axPA~a|,URUK2
|LAGAB~axSI|,|LAGAB~axSI|,URUK2
|LAGAB~axSIG7|,|LAGAB~axSIG7|,URUK2
|LAGAB~axSU~a|,|LAGAB~axSU~a|,URUK2
|LAGAB~axŠA|,|LAGAB~axŠA|,URUK2
|LAGAB~axŠITA~a1|,|LAGAB~axŠITA~a1|,URUK2
|LAGAB~axTI|,|LAGAB~axTI|,URUK2
|LAGAB~axU4|,|LAGAB~axU4|,URUK2
|LAGAB~axUB|,|LAGAB~axUB|,URUK2
|LAGAB~axX|,|LAGAB~axX|,URUK2
|LAGAB~axZATU753|,|LAGAB~axZATU753|,URUK2
LAGAB~b,LAGAB~b,URUK2
|LAGAB~bx1(N01)|,|LAGAB~bx1(N01)|,URUK2
|LAGAB~bxBANŠUR~a|,|LAGAB~bxBANŠUR~a|,URUK2
|LAGAB~bxGA'AR~a1|,|LAGAB~bxGA'AR~a1|,URUK2
|LAGAB~bxHI|,|LAGAB~bxHI|,URUK2
|LAGAB~bxKUR~e|,|LAGAB~bxKUR~e|,URUK2
|LAGAB~bxLAGAB~b|,|LAGAB~bxLAGAB~b|,URUK2
|LAGAB~bxPA~a|,|LAGAB~bxPA~a|,URUK2
|LAGAB~bxSI|,|LAGAB~bxSI|,URUK2
|LAGAB~bxSUH|3,|LAGAB~bxSUH|3,URUK2
|LAGAB~bxŠITA~c|,|LAGAB~bxŠITA~c|,URUK2
|LAGAB~bxU4|,|LAGAB~bxU4|,URUK2
|LAGAB~bxX|,|LAGAB~bxX|,URUK2
LAGAR~a,LAGAR~a,URUK2
LAGAR~a@r,LAGAR~a@r,URUK2
LAGAR~b1,LAGAR~b1,URUK2
LAGAR~b2,LAGAR~b2,URUK2
LAGAR~c,LAGAR~c,URUK2
LAHTAN2,LAHTAN2,URUK2
LAK025,LAK025,URUK2
LAK050,LAK050,URUK2
LAK172,LAK172,URUK2
LAK251,LAK251,URUK2
LAK777,LAK777,URUK2
LAL2~a,LAL2~a,URUK2
|LAL2~axEZEN~a|,|LAL2~axEZEN~a|,URUK2
|LAL2~axNIM~b2|,|LAL2~axNIM~b2|,URUK2
LAL2~b,LAL2~b,URUK2
LAL3~a,LAL3~a,URUK2
LAL3~b,LAL3~b,URUK2
LAL3~c,LAL3~c,URUK2
LAM~a,LAM~a,URUK2
LAM~b,LAM~b,URUK2
LAM~b@r,LAM~b@r,URUK2
LAM~b@s,LAM~b@s,URUK2
|LAM~b@t|,|LAM~b@t|,URUK2
LAM~c,LAM~c,URUK2
|LU2xGEŠTU~c3|,|LU2xGEŠTU~c3|,URUK2
MAGUR~a,MAGUR~a,URUK2
MAGUR~b,MAGUR~b,URUK2
MAH~a,MAH~a,URUK2
|MAH~axAB2|,|MAH~axAB2|,URUK2
|MAH~axGUKKAL~a|,|MAH~axGUKKAL~a|,URUK2
|MAH~axKU6~a|,|MAH~axKU6~a|,URUK2
|MAH~axMAŠ|,|MAH~axMAŠ|,URUK2
|MAH~axNA~a|,|MAH~axNA~a|,URUK2
|MAH~ax(SILA3~axUMBIN~a)|,|MAH~ax(SILA3~axUMBIN~a)|,URUK2
|MAH~axTUG2~a|,|MAH~axTUG2~a|,URUK2
|MAH~axUD5~a|,|MAH~axUD5~a|,URUK2
|MAH~axUDU~a|,|MAH~axUDU~a|,URUK2
|MAH~axUR~a|,|MAH~axUR~a|,URUK2
|MAH~axUTUA~a|,|MAH~axUTUA~a|,URUK2
|MAH~axX|,|MAH~axX|,URUK2
|MAH~axZATU659|,|MAH~axZATU659|,URUK2
MAH~b,MAH~b,URUK2
|MAH~bxKU6~a|,|MAH~bxKU6~a|,URUK2
|MAH~bxMAŠ|,|MAH~bxMAŠ|,URUK2
|MAH~bxNA~a|,|MAH~bxNA~a|,URUK2
|MAH~bxSAL|,|MAH~bxSAL|,URUK2
MAR~a,MAR~a,URUK2
MAR~a@t,MAR~a@t,URUK2
MAR~b,MAR~b,URUK2
|MAR~bx(LAGAB~b.ŠE3)|,|MAR~bx(LAGAB~b.ŠE3)|,URUK2
|MAR~bxŠE~a|,|MAR~bxŠE~a|,URUK2
|MAR~bxX|,|MAR~bxX|,URUK2
MAŠ2@g,MAŠ2@g,URUK2
|MAx1(N58)|,|MAx1(N58)|,URUK2
|MAx2(N57)|,|MAx2(N57)|,URUK2
|MAxA|,|MAxA|,URUK2
|MAxMA|,|MAxMA|,URUK2
|MAxX|,|MAxX|,URUK2
ME~a,ME~a,URUK2
ME~b,ME~b,URUK2
ME3,ME3,URUK2
MEN~a,MEN~a,URUK2
MEN~b,MEN~b,URUK2
MIR~a,MIR~a,URUK2
MIR~b,MIR~b,URUK2
MUD,MUD,URUK2
MUD3~a,MUD3~a,URUK2
MUD3~a@g,MUD3~a@g,URUK2
|MUD3~a@gxGU|,|MUD3~a@gxGU|,URUK2
MUD3~b,MUD3~b,URUK2
MUD3~c,MUD3~c,URUK2
MUD3~d,MUD3~d,URUK2
MUL,MUL,URUK2
MUN~a1,MUN~a1,URUK2
MUN~a2,MUN~a2,URUK2
MUN~a3,MUN~a3,URUK2
MUN~a4,MUN~a4,URUK2
MUN~b,MUN~b,URUK2
MUNŠUB~a,MUNŠUB~a,URUK2
MUNŠUB~b,MUNŠUB~b,URUK2
MUNU3,MUNU3,URUK2
MURUB2,MURUB2,URUK2
MUŠ3~a,MUŠ3~a,URUK2
MUŠ3~a@g,MUŠ3~a@g,URUK2
MUŠ3~b,MUŠ3~b,URUK2
MUŠEN,MUŠEN,URUK2
|MUŠEN.UR3~b2|,|MUŠEN.UR3~b2|,URUK2
|MUŠENx1(N57)|,|MUŠENx1(N57)|,URUK2
|MUŠENx2(N57)|,|MUŠENx2(N57)|,URUK2
|MUŠENx3(N57)|,|MUŠENx3(N57)|,URUK2
|MUŠENxPAP~a|,|MUŠENxPAP~a|,URUK2
|MUŠENxX|,|MUŠENxX|,URUK2
NA~a,NA~a,URUK2
NA~b,NA~b,URUK2
NA~c,NA~c,URUK2
NA~d,NA~d,URUK2
NA2~a,NA2~a,URUK2
NA2~b1,NA2~b1,URUK2
NA2~b2,NA2~b2,URUK2
NAB,NAB,URUK2
NAGA~a,NAGA~a,URUK2
|NAGA~axTAK4~a|,|NAGA~axTAK4~a|,URUK2
NAGA~b,NAGA~b,URUK2
NAGAR~a,NAGAR~a,URUK2
NAGAR~b,NAGAR~b,URUK2
NAM~a,NAM~a,URUK2
NAM~b,NAM~b,URUK2
NAM~c,NAM~c,URUK2
NAM~d,NAM~d,URUK2
NAM2@g,NAM2@g,URUK2
NAM2@t,NAM2@t,URUK2
|NAM2x1(N01)|,|NAM2x1(N01)|,URUK2
NAMEŠDA,NAMEŠDA,URUK2
NANNA~a,NANNA~a,URUK2
NANNA~b,NANNA~b,URUK2
NANŠE~a,NANŠE~a,URUK2
NANŠE~b,NANŠE~b,URUK2
NAR,NAR,URUK2
NE~a,NE~a,URUK2
NE~b,NE~b,URUK2
NE~c,NE~c,URUK2
NE~d,NE~d,URUK2
NERGAL~x,NERGAL~x,URUK2
NESAG2~a,NESAG2~a,URUK2
NESAG2~b,NESAG2~b,URUK2
NESAG2~b@t,NESAG2~b@t,URUK2
NI~a,NI~a,URUK2
|NI~a.RU|,|NI~a.RU|,URUK2
NI~a@g,NI~a@g,URUK2
|NI~ax1(N57)|,|NI~ax1(N57)|,URUK2
NI~b,NI~b,URUK2
|NI~bx4(N57)|,|NI~bx4(N57)|,URUK2
|NI~bxX|,|NI~bxX|,URUK2
NIGIN,NIGIN,URUK2
NIM~a,NIM~a,URUK2
NIM~b1,NIM~b1,URUK2
NIM~b2,NIM~b2,URUK2
NIM~b3,NIM~b3,URUK2
NIMGIR,NIMGIR,URUK2
NIN,NIN,URUK2
|NINDA2x1(N01)|,|NINDA2x1(N01)|,URUK2
|NINDA2x1(N06)|,|NINDA2x1(N06)|,URUK2
|NINDA2x1(N08)|,|NINDA2x1(N08)|,URUK2
|NINDA2x2(N01)|,|NINDA2x2(N01)|,URUK2
|NINDA2x(AN.HI)|,|NINDA2x(AN.HI)|,URUK2
|NINDA2xAN|,|NINDA2xAN|,URUK2
|NINDA2x(AN.ME~a)|,|NINDA2x(AN.ME~a)|,URUK2
|NINDA2x(AN.X)|,|NINDA2x(AN.X)|,URUK2
|NINDA2xBA|,|NINDA2xBA|,URUK2
|NINDA2xEZEN~b|,|NINDA2xEZEN~b|,URUK2
|NINDA2xGA'AR~a1|,|NINDA2xGA'AR~a1|,URUK2
|NINDA2xGAR|,|NINDA2xGAR|,URUK2
|NINDA2x(GIŠ.DAR~a)|,|NINDA2x(GIŠ.DAR~a)|,URUK2
|NINDA2xGIŠ|,|NINDA2xGIŠ|,URUK2
|NINDA2xGU4|,|NINDA2xGU4|,URUK2
|NINDA2xGUDU4|,|NINDA2xGUDU4|,URUK2
|NINDA2x(HI.AN.ME~a)|,|NINDA2x(HI.AN.ME~a)|,URUK2
|NINDA2xHI|,|NINDA2xHI|,URUK2
|NINDA2x(HI.ME~a)|,|NINDA2x(HI.ME~a)|,URUK2
|NINDA2x(HI.X)|,|NINDA2x(HI.X)|,URUK2
|NINDA2x(HI@g~a.1(N06))|,|NINDA2x(HI@g~a.1(N06))|,URUK2
|NINDA2xKAŠ~b|,|NINDA2xKAŠ~b|,URUK2
|NINDA2xMAR~a|,|NINDA2xMAR~a|,URUK2
|NINDA2xMAR~b|,|NINDA2xMAR~b|,URUK2
|NINDA2xNE~a|,|NINDA2xNE~a|,URUK2
|NINDA2xŠIM~a|,|NINDA2xŠIM~a|,URUK2
|NINDA2xU4|,|NINDA2xU4|,URUK2
|NINDA2x(U4.X)|,|NINDA2x(U4.X)|,URUK2
|NINDA2x((UDU~axTAR)~a)|,|NINDA2x((UDU~axTAR)~a)|,URUK2
|NINDA2xX|,|NINDA2xX|,URUK2
|NINDA2x(X.MAŠ)|,|NINDA2x(X.MAŠ)|,URUK2
|NINDA2x(ZATU659x1(N01))|,|NINDA2x(ZATU659x1(N01))|,URUK2
NINKUM,NINKUM,URUK2
NINLIL,NINLIL,URUK2
NIR~a,NIR~a,URUK2
|NIR~axAN|,|NIR~axAN|,URUK2
NIR~b,NIR~b,URUK2
NU@g,NU@g,URUK2
|NU11@t|,|NU11@t|,URUK2
|NU11&NU11|,|NU11&NU11|,URUK2
NUMUN,NUMUN,URUK2
NUMUN2,NUMUN2,URUK2
NUN~a,NUN~a,URUK2
|NUN~a+A|,|NUN~a+A|,URUK2
|NUN~a+EN~a|,|NUN~a+EN~a|,URUK2
|NUN~a+EN~b|,|NUN~a+EN~b|,URUK2
|NUN~a+EN~d|,|NUN~a+EN~d|,URUK2
|NUN~a+NAM2|,|NUN~a+NAM2|,URUK2
NUN~b,NUN~b,URUK2
|NUN~b+EN~a|,|NUN~b+EN~a|,URUK2
NUN~c,NUN~c,URUK2
NUN~d,NUN~d,URUK2
NUNUZ~a0,NUNUZ~a0,URUK2
NUNUZ~a1,NUNUZ~a1,URUK2
|NUNUZ~a1@t|,|NUNUZ~a1@t|,URUK2
NUNUZ~a2,NUNUZ~a2,URUK2
NUNUZ~b1,NUNUZ~b1,URUK2
NUNUZ~b2,NUNUZ~b2,URUK2
NUNUZ~c,NUNUZ~c,URUK2
PA~a,PA~a,URUK2
PA~b,PA~b,URUK2
PA3,PA3,URUK2
PAD~a,PAD~a,URUK2
PAD~b,PAD~b,URUK2
PAP~a,PAP~a,URUK2
PAP~a@t,PAP~a@t,URUK2
PAP~b,PAP~b,URUK2
PIRIG~a1,PIRIG~a1,URUK2
PIRIG~a2,PIRIG~a2,URUK2
PIRIG~a3,PIRIG~a3,URUK2
PIRIG~b1,PIRIG~b1,URUK2
|PIRIG~b1xUR2|,|PIRIG~b1xUR2|,URUK2
PIRIG~b2,PIRIG~b2,URUK2
PU2,PU2,URUK2
RAD~a,RAD~a,URUK2
RAD~a@g,RAD~a@g,URUK2
|RAD~a@t|,|RAD~a@t|,URUK2
RAD~b,RAD~b,URUK2
RI~x,RI~x,URUK2
RI8~a,RI8~a,URUK2
RI8~b,RI8~b,URUK2
|RU@t|,|RU@t|,URUK2
SA~a,SA~a,URUK2
SA~c,SA~c,URUK2
SAGŠU,SAGŠU,URUK2
|SAGx1(N14)|,|SAGx1(N14)|,URUK2
|SAGxGEŠTU~a|,|SAGxGEŠTU~a|,URUK2
|SAGxGEŠTU~b|,|SAGxGEŠTU~b|,URUK2
|SAGxGEŠTU~c|,|SAGxGEŠTU~c|,URUK2
|SAGxLAM~c|,|SAGxLAM~c|,URUK2
|SAGxMA|,|SAGxMA|,URUK2
|SAGxSAR~a|,|SAGxSAR~a|,URUK2
|SAL.KUR~a|,|SAL.KUR~a|,URUK2
|SAL.LAM~b|,|SAL.LAM~b|,URUK2
|SAL.ŠU2|,|SAL.ŠU2|,URUK2
|SALx1(N58)|,|SALx1(N58)|,URUK2
SANGA~a,SANGA~a,URUK2
SANGA~b,SANGA~b,URUK2
SANGA~c,SANGA~c,URUK2
SAR~a,SAR~a,URUK2
|SAR~axŠE~a|,|SAR~axŠE~a|,URUK2
SAR~b,SAR~b,URUK2
SAR~c,SAR~c,URUK2
SI4~a,SI4~a,URUK2
SI4~b,SI4~b,URUK2
SI4~c,SI4~c,URUK2
SI4~d,SI4~d,URUK2
SI4~f,SI4~f,URUK2
SIG~a,SIG~a,URUK2
SIG~b,SIG~b,URUK2
SIG2~a1,SIG2~a1,URUK2
SIG2~a2,SIG2~a2,URUK2
SIG2~a3,SIG2~a3,URUK2
SIG2~a4,SIG2~a4,URUK2
SIG2~b,SIG2~b,URUK2
|SIG2~b.SIG2~b|,|SIG2~b.SIG2~b|,URUK2
|SIG2~bx1(N14)|,|SIG2~bx1(N14)|,URUK2
SIG2~c1,SIG2~c1,URUK2
SIG2~c2,SIG2~c2,URUK2
SIG2~d1,SIG2~d1,URUK2
SIG2~d2,SIG2~d2,URUK2
SIG2~d3,SIG2~d3,URUK2
SIG2~d4,SIG2~d4,URUK2
SIG2~e,SIG2~e,URUK2
SIG7,SIG7,URUK2
|SIGx1(N57)|,|SIGx1(N57)|,URUK2
SIKIL,SIKIL,URUK2
SILA3~a,SILA3~a,URUK2
|SILA3~ax1(N57)|,|SILA3~ax1(N57)|,URUK2
|SILA3~ax1(N58)|,|SILA3~ax1(N58)|,URUK2
|SILA3~axA|,|SILA3~axA|,URUK2
|SILA3~axAMAR|,|SILA3~axAMAR|,URUK2
|SILA3~axDUG~a|,|SILA3~axDUG~a|,URUK2
|SILA3~axDUG~b|,|SILA3~axDUG~b|,URUK2
|SILA3~axGA~a|,|SILA3~axGA~a|,URUK2
|SILA3~axGARA2~a|,|SILA3~axGARA2~a|,URUK2
|SILA3~axGEŠTU~a|,|SILA3~axGEŠTU~a|,URUK2
|SILA3~axGEŠTU~c3|,|SILA3~axGEŠTU~c3|,URUK2
|SILA3~axGEŠTU~c5|,|SILA3~axGEŠTU~c5|,URUK2
|SILA3~axHAŠHUR|,|SILA3~axHAŠHUR|,URUK2
|SILA3~axHI|,|SILA3~axHI|,URUK2
|SILA3~axHI@g~a|,|SILA3~axHI@g~a|,URUK2
|SILA3~axIB~a|,|SILA3~axIB~a|,URUK2
|SILA3~axKAŠ~a|,|SILA3~axKAŠ~a|,URUK2
|SILA3~axKAŠ~c|,|SILA3~axKAŠ~c|,URUK2
|SILA3~axKAŠ~d|,|SILA3~axKAŠ~d|,URUK2
|SILA3~axKU6~a|,|SILA3~axKU6~a|,URUK2
|SILA3~axKUR~a|,|SILA3~axKUR~a|,URUK2
|SILA3~axMA|,|SILA3~axMA|,URUK2
|SILA3~axMAŠ|,|SILA3~axMAŠ|,URUK2
|SILA3~axNAGA~a|,|SILA3~axNAGA~a|,URUK2
|SILA3~axNI~a|,|SILA3~axNI~a|,URUK2
|SILA3~axNUN~b|,|SILA3~axNUN~b|,URUK2
|SILA3~axSUHUR|,|SILA3~axSUHUR|,URUK2
|SILA3~axSUM~a|,|SILA3~axSUM~a|,URUK2
|SILA3~axSUM~b|,|SILA3~axSUM~b|,URUK2
|SILA3~axŠE~a|,|SILA3~axŠE~a|,URUK2
|SILA3~axŠE~a@t|,|SILA3~axŠE~a@t|,URUK2
|SILA3~axŠU|,|SILA3~axŠU|,URUK2
|SILA3~axŠU2|,|SILA3~axŠU2|,URUK2
|SILA3~axX|,|SILA3~axX|,URUK2
|SILA3~axZATU629|,|SILA3~axZATU629|,URUK2
|SILA3~axZATU646|,|SILA3~axZATU646|,URUK2
|SILA3~ax(ZATU659.TU~c)|,|SILA3~ax(ZATU659.TU~c)|,URUK2
SILA3~b,SILA3~b,URUK2
|SILA3~bxDUG~a|,|SILA3~bxDUG~a|,URUK2
|SILA3~bxGUG2|,|SILA3~bxGUG2|,URUK2
|SILA3~bxNAGA~b|,|SILA3~bxNAGA~b|,URUK2
|SILA3~bxNI~a|,|SILA3~bxNI~a|,URUK2
|SILA3~bxNI~b|,|SILA3~bxNI~b|,URUK2
SILA3~c,SILA3~c,URUK2
|SILA3~cxŠU|,|SILA3~cxŠU|,URUK2
|SILA3~cxZATU687|,|SILA3~cxZATU687|,URUK2
|SILA3~dxNI~a|,|SILA3~dxNI~a|,URUK2
SILA4~a,SILA4~a,URUK2
SILA4~b,SILA4~b,URUK2
SILA4~c,SILA4~c,URUK2
SILA4~d,SILA4~d,URUK2
SILANITA,SILANITA,URUK2
SIMUG,SIMUG,URUK2
SIPA,SIPA,URUK2
|SIxGU4|,|SIxGU4|,URUK2
|SIxŠE3|,|SIxŠE3|,URUK2
SU~a,SU~a,URUK2
|SU~ax1(N58)|,|SU~ax1(N58)|,URUK2
SU~b,SU~b,URUK2
SU3,SU3,URUK2
SUG,SUG,URUK2
SUG5,SUG5,URUK2
SUH3,SUH3,URUK2
SUHUR@g,SUHUR@g,URUK2
|SUHUR@n|,|SUHUR@n|,URUK2
SUKKAL,SUKKAL,URUK2
SUKUD,SUKUD,URUK2
SUKUD@g~a,SUKUD@g~a,URUK2
SUKUD@g~b,SUKUD@g~b,URUK2
SUKUD@g~c,SUKUD@g~c,URUK2
|SUKUD@g~d|,|SUKUD@g~d|,URUK2
|(SUKUD+SUKUD)~a|,|(SUKUD+SUKUD)~a|,URUK2
|(SUKUD+SUKUD)~b|,|(SUKUD+SUKUD)~b|,URUK2
|(SUKUD+SUKUD)~c|,|(SUKUD+SUKUD)~c|,URUK2
|(SUKUD+SUKUD)~d|,|(SUKUD+SUKUD)~d|,URUK2
SUM~a,SUM~a,URUK2
|SUM~a@t|,|SUM~a@t|,URUK2
SUM~b,SUM~b,URUK2
SUSA,SUSA,URUK2
ŠA@g,ŠA@g,URUK2
ŠA3~a1,ŠA3~a1,URUK2
ŠA3~a2,ŠA3~a2,URUK2
ŠA3~b,ŠA3~b,URUK2
ŠA3~c,ŠA3~c,URUK2
ŠA3~d,ŠA3~d,URUK2
ŠAB~a,ŠAB~a,URUK2
ŠAB~b,ŠAB~b,URUK2
ŠAGAN,ŠAGAN,URUK2
ŠAGINA,ŠAGINA,URUK2
ŠAH2~a,ŠAH2~a,URUK2
ŠAH2~b,ŠAH2~b,URUK2
ŠAH2~c,ŠAH2~c,URUK2
ŠAKIR~a,ŠAKIR~a,URUK2
ŠAKIR~b,ŠAKIR~b,URUK2
ŠAKIR~c,ŠAKIR~c,URUK2
ŠAM2,ŠAM2,URUK2
ŠANDANA~a,ŠANDANA~a,URUK2
ŠANDANA~b,ŠANDANA~b,URUK2
|(ŠAxHI@g~a)~a|,|(ŠAxHI@g~a)~a|,URUK2
|(ŠAxHI@g~a)~b|,|(ŠAxHI@g~a)~b|,URUK2
|ŠE~a.KIN2~c|,|ŠE~a.KIN2~c|,URUK2
|ŠE~a.NAM2|,|ŠE~a.NAM2|,URUK2
ŠE~a,ŠE~a,URUK2
ŠE~a@t,ŠE~a@t,URUK2
|ŠE~a&ŠE~a|,|ŠE~a&ŠE~a|,URUK2
ŠE~b,ŠE~b,URUK2
ŠE~c,ŠE~c,URUK2
ŠE3,ŠE3,URUK2
ŠE3@t,ŠE3@t,URUK2
ŠELU,ŠELU,URUK2
ŠEN~a,ŠEN~a,URUK2
ŠEN~b,ŠEN~b,URUK2
ŠEN~c,ŠEN~c,URUK2
ŠEN~c@t,ŠEN~c@t,URUK2
ŠEN~d,ŠEN~d,URUK2
|ŠEN~dxA|,|ŠEN~dxA|,URUK2
ŠEN~e,ŠEN~e,URUK2
ŠENNUR~a,ŠENNUR~a,URUK2
ŠENNUR~b,ŠENNUR~b,URUK2
ŠEŠ~a,ŠEŠ~a,URUK2
ŠEŠ~b,ŠEŠ~b,URUK2
ŠIDIM,ŠIDIM,URUK2
ŠIDIM@t,ŠIDIM@t,URUK2
ŠIM~a,ŠIM~a,URUK2
ŠIM~b,ŠIM~b,URUK2
ŠIR~a,ŠIR~a,URUK2
ŠIR~b,ŠIR~b,URUK2
ŠITA@g~a,ŠITA@g~a,URUK2
|ŠITA@g~ax1(N04)|,|ŠITA@g~ax1(N04)|,URUK2
|ŠITA@g~ax1(N06)|,|ŠITA@g~ax1(N06)|,URUK2
ŠITA@g~b,ŠITA@g~b,URUK2
ŠITA~a1,ŠITA~a1,URUK2
|ŠITA~a1x1(N06)|,|ŠITA~a1x1(N06)|,URUK2
|ŠITA~a1xKAK~a|,|ŠITA~a1xKAK~a|,URUK2
|ŠITA~a1xŠU|,|ŠITA~a1xŠU|,URUK2
|ŠITA~a1xŠU2|,|ŠITA~a1xŠU2|,URUK2
|ŠITA~a1xUDU~a|,|ŠITA~a1xUDU~a|,URUK2
ŠITA~a2,ŠITA~a2,URUK2
ŠITA~a3,ŠITA~a3,URUK2
ŠITA~b1,ŠITA~b1,URUK2
|ŠITA~b1xHI@g~a|,|ŠITA~b1xHI@g~a|,URUK2
ŠITA~b2,ŠITA~b2,URUK2
ŠITA~b3,ŠITA~b3,URUK2
|ŠITA~b3xNAM2|,|ŠITA~b3xNAM2|,URUK2
ŠITA~c,ŠITA~c,URUK2
ŠU@g,ŠU@g,URUK2
ŠU@s,ŠU@s,URUK2
|ŠU&ŠU|,|ŠU&ŠU|,URUK2
ŠU12,ŠU12,URUK2
|ŠU2.1(N02)|,|ŠU2.1(N02)|,URUK2
|ŠU2.2(N57)|,|ŠU2.2(N57)|,URUK2
|ŠU2.E2~a|,|ŠU2.E2~a|,URUK2
|ŠU2.E2~b|,|ŠU2.E2~b|,URUK2
|ŠU2.EN~a|,|ŠU2.EN~a|,URUK2
|ŠU2.EN~b|,|ŠU2.EN~b|,URUK2
|ŠU2.GIŠ|,|ŠU2.GIŠ|,URUK2
|ŠU2.((HI+1(N57))+(HI+1(N57)))|,|ŠU2.((HI+1(N57))+(HI+1(N57)))|,URUK2
|ŠU2.URI3~a|,|ŠU2.URI3~a|,URUK2
ŠUM,ŠUM,URUK2
ŠUR2~a,ŠUR2~a,URUK2
ŠUR2~b,ŠUR2~b,URUK2
ŠURUPPAK~a,ŠURUPPAK~a,URUK2
ŠURUPPAK~b,ŠURUPPAK~b,URUK2
ŠURUPPAK~c,ŠURUPPAK~c,URUK2
|ŠUx1(N58)|,|ŠUx1(N58)|,URUK2
TA~a,TA~a,URUK2
TA~b,TA~b,URUK2
TA~c,TA~c,URUK2
TA~d,TA~d,URUK2
|TA~dxMAŠ|,|TA~dxMAŠ|,URUK2
TA~e,TA~e,URUK2
TA~f,TA~f,URUK2
TAG~a1,TAG~a1,URUK2
TAG~a1@t,TAG~a1@t,URUK2
TAG~a2,TAG~a2,URUK2
TAG~a3,TAG~a3,URUK2
TAG~a4,TAG~a4,URUK2
TAG~b,TAG~b,URUK2
TAG~c,TAG~c,URUK2
TAG~d,TAG~d,URUK2
TAK4~a,TAK4~a,URUK2
TAK4~a@n,TAK4~a@n,URUK2
TAK4~c,TAK4~c,URUK2
TAR~a,TAR~a,URUK2
TAR~d,TAR~d,URUK2
TI@g,TI@g,URUK2
TI@r,TI@r,URUK2
TIDNUM,TIDNUM,URUK2
TILLA2,TILLA2,URUK2
TU~a,TU~a,URUK2
TU~b,TU~b,URUK2
TU~c,TU~c,URUK2
|TUG2~a.(BAD&BAD)|,|TUG2~a.(BAD&BAD)|,URUK2
TUG2~a,TUG2~a,URUK2
TUG2~a@g,TUG2~a@g,URUK2
TUG2~b,TUG2~b,URUK2
TUG2~c,TUG2~c,URUK2
TUG2~d,TUG2~d,URUK2
TUM~a,TUM~a,URUK2
TUM~a@g,TUM~a@g,URUK2
TUM~b,TUM~b,URUK2
TUM~c,TUM~c,URUK2
TUM~d,TUM~d,URUK2
TUN3~a,TUN3~a,URUK2
TUN3~b,TUN3~b,URUK2
TUN3~c,TUN3~c,URUK2
TUR@g,TUR@g,URUK2
TUR3~a,TUR3~a,URUK2
|TUR3~a@n|,|TUR3~a@n|,URUK2
TUR3~b,TUR3~b,URUK2
|TUR3~bxTAK4~a|,|TUR3~bxTAK4~a|,URUK2
TUR3~c,TUR3~c,URUK2
|TURxX|,|TURxX|,URUK2
U2~a,U2~a,URUK2
U2~b,U2~b,URUK2
U2~c,U2~c,URUK2
|U4.1(N08)|,|U4.1(N08)|,URUK2
|U4.(1(N14).3(N08))|,|U4.(1(N14).3(N08))|,URUK2
|U4.(1(N14).4(N08))|,|U4.(1(N14).4(N08))|,URUK2
|U4.(1(N14).5(N08))|,|U4.(1(N14).5(N08))|,URUK2
|U4.(1(N14).8(N08))|,|U4.(1(N14).8(N08))|,URUK2
|U4.1(N14)|,|U4.1(N14)|,URUK2
|U4.2(N08)|,|U4.2(N08)|,URUK2
|U4.2(N14)|,|U4.2(N14)|,URUK2
|U4.3(N08)|,|U4.3(N08)|,URUK2
|U4.4(N08)|,|U4.4(N08)|,URUK2
|U4.5(N08)|,|U4.5(N08)|,URUK2
|U4.6(N08)|,|U4.6(N08)|,URUK2
|U4.7(N08)|,|U4.7(N08)|,URUK2
|U4.8(N08)|,|U4.8(N08)|,URUK2
U4,U4,URUK2
|U4.ŠU2|,|U4.ŠU2|,URUK2
U4@t,U4@t,URUK2
|U4x10(N57)|,|U4x10(N57)|,URUK2
|U4x1(N01).5(N08)|,|U4x1(N01).5(N08)|,URUK2
|U4x1(N01)|,|U4x1(N01)|,URUK2
|U4x1(N01)F|,|U4x1(N01)F|,URUK2
|U4x(1(N14).2(N01))|,|U4x(1(N14).2(N01))|,URUK2
|U4x(1(N14).4(N01))|,|U4x(1(N14).4(N01))|,URUK2
|U4x(1(N14).8(N01))|,|U4x(1(N14).8(N01))|,URUK2
|U4x1(N14)|,|U4x1(N14)|,URUK2
|U4x1(N57)|,|U4x1(N57)|,URUK2
|U4x1(N58)@t|,|U4x1(N58)@t|,URUK2
|U4x2(N01).(2(N14).1(N08))|,|U4x2(N01).(2(N14).1(N08))|,URUK2
|U4x2(N01).2(N14)|,|U4x2(N01).2(N14)|,URUK2
|U4x2(N01)|,|U4x2(N01)|,URUK2
|U4x2(N01).X|,|U4x2(N01).X|,URUK2
|U4x(2(N14).4(N01))|,|U4x(2(N14).4(N01))|,URUK2
|U4x2(N14)|,|U4x2(N14)|,URUK2
|U4x2(N57)|,|U4x2(N57)|,URUK2
|U4x3(N01).3(N08)|,|U4x3(N01).3(N08)|,URUK2
|U4x3(N01)|,|U4x3(N01)|,URUK2
|U4x(3(N14).2(N01))|,|U4x(3(N14).2(N01))|,URUK2
|U4x(3(N14).7(N01))|,|U4x(3(N14).7(N01))|,URUK2
|U4x3(N57)|,|U4x3(N57)|,URUK2
|U4x4(N01).2(N14)|,|U4x4(N01).2(N14)|,URUK2
|U4x4(N01)|,|U4x4(N01)|,URUK2
|U4x4(N57)|,|U4x4(N57)|,URUK2
|U4x5(N01).1(N14)|,|U4x5(N01).1(N14)|,URUK2
|U4x5(N01)|,|U4x5(N01)|,URUK2
|U4x5(N57)|,|U4x5(N57)|,URUK2
|U4x6(N01)|,|U4x6(N01)|,URUK2
|U4x6(N57)|,|U4x6(N57)|,URUK2
|U4x7(N57)|,|U4x7(N57)|,URUK2
|U4x8(N01)|,|U4x8(N01)|,URUK2
|U4x8(N01).X|,|U4x8(N01).X|,URUK2
|U4x8(N57)|,|U4x8(N57)|,URUK2
|U4×1(N58)@t|,|U4×1(N58)@t|,URUK2
|U4xX|,|U4xX|,URUK2
|U4x(X+2(N01))|,|U4x(X+2(N01))|,URUK2
|U4x(X(N01))|,|U4x(X(N01))|,URUK2
U8,U8,URUK2
|(U8xTAR)~b|,|(U8xTAR)~b|,URUK2
UBI~a,UBI~a,URUK2
UBI~c,UBI~c,URUK2
UD5~a,UD5~a,URUK2
UD5~a@g,UD5~a@g,URUK2
UD5~b,UD5~b,URUK2
UD5~c,UD5~c,URUK2
UDU~a,UDU~a,URUK2
|(UDU~axTAR)~a|,|(UDU~axTAR)~a|,URUK2
|(UDU~axTAR)~b|,|(UDU~axTAR)~b|,URUK2
UDU~b,UDU~b,URUK2
UDU~c,UDU~c,URUK2
UDUNITA~a,UDUNITA~a,URUK2
UDUNITA~b,UDUNITA~b,URUK2
UDUNITA~c,UDUNITA~c,URUK2
UDUNITA~d,UDUNITA~d,URUK2
|UET2.405|,|UET2.405|,URUK2
UH,UH,URUK2
UH3~a,UH3~a,URUK2
UH3~a@t,UH3~a@t,URUK2
UH3~b,UH3~b,URUK2
UKKIN~a,UKKIN~a,URUK2
UKKIN~b,UKKIN~b,URUK2
|UKKIN~bx2(N01)|,|UKKIN~bx2(N01)|,URUK2
|UKKIN~bx3(N01)|,|UKKIN~bx3(N01)|,URUK2
|UKKIN~bx5(N01)|,|UKKIN~bx5(N01)|,URUK2
|UKKIN~bx(DIN.1(N01))|,|UKKIN~bx(DIN.1(N01))|,URUK2
|UKKIN~bxDIN|,|UKKIN~bxDIN|,URUK2
|UKKIN~bxDUG~a|,|UKKIN~bxDUG~a|,URUK2
|UKKIN~bxHI@g~a|,|UKKIN~bxHI@g~a|,URUK2
|UKKIN~bxNI~a|,|UKKIN~bxNI~a|,URUK2
|UKKIN~bxX|,|UKKIN~bxX|,URUK2
UKKIN~c,UKKIN~c,URUK2
UMBIN~a,UMBIN~a,URUK2
UMBIN~b1,UMBIN~b1,URUK2
UMBIN~b2,UMBIN~b2,URUK2
UMBIN~c,UMBIN~c,URUK2
UMUN2,UMUN2,URUK2
UNUG~a,UNUG~a,URUK2
UNUG~a@s,UNUG~a@s,URUK2
|UNUG~axA@t|,|UNUG~axA@t|,URUK2
UNUG~b,UNUG~b,URUK2
UNUG~c,UNUG~c,URUK2
UR~a,UR~a,URUK2
UR~a@g,UR~a@g,URUK2
|UR~axKAR2|,|UR~axKAR2|,URUK2
UR~b,UR~b,URUK2
UR~c,UR~c,URUK2
|UR2x1(N57)|,|UR2x1(N57)|,URUK2
|UR2xTAR|,|UR2xTAR|,URUK2
UR3~a1,UR3~a1,URUK2
UR3~a2,UR3~a2,URUK2
UR3~a3,UR3~a3,URUK2
UR3~b1,UR3~b1,URUK2
|UR3~b1xMAŠ|,|UR3~b1xMAŠ|,URUK2
UR3~b2,UR3~b2,URUK2
UR4~a,UR4~a,URUK2
UR4~b,UR4~b,URUK2
UR4~c,UR4~c,URUK2
UR5~a,UR5~a,URUK2
UR5~b,UR5~b,URUK2
URI2,URI2,URUK2
URI3~a,URI3~a,URUK2
|URI3~a+IB~a|,|URI3~a+IB~a|,URUK2
URI3~b,URI3~b,URUK2
URI5,URI5,URUK2
URU~a1,URU~a1,URUK2
|URU~a1@n|,|URU~a1@n|,URUK2
|URU~a1x1(N57)|,|URU~a1x1(N57)|,URUK2
|URU~a1x2(N57)|,|URU~a1x2(N57)|,URUK2
|URU~a1xA|,|URU~a1xA|,URUK2
|URU~a1xAMAR|,|URU~a1xAMAR|,URUK2
|URU~a1xGU4|,|URU~a1xGU4|,URUK2
|URU~a1xHI@g~a|,|URU~a1xHI@g~a|,URUK2
|URU~a1xNIMGIR|,|URU~a1xNIMGIR|,URUK2
|URU~a1xU4|,|URU~a1xU4|,URUK2
|URU~a1xX|,|URU~a1xX|,URUK2
URU~a2,URU~a2,URUK2
|URU~a2x1(N58)|,|URU~a2x1(N58)|,URUK2
|URU~a3xKALAM~a|,|URU~a3xKALAM~a|,URUK2
URU~b1,URU~b1,URUK2
URU~b2,URU~b2,URUK2
URU~c,URU~c,URUK2
URUDU@g~a,URUDU@g~a,URUK2
URUDU@g~b,URUDU@g~b,URUK2
URUDU@g~c,URUDU@g~c,URUK2
URUDU@g~d,URUDU@g~d,URUK2
URUDU~a,URUDU~a,URUK2
URUDU~c,URUDU~c,URUK2
URUDU~d,URUDU~d,URUK2
UŠ~a,UŠ~a,URUK2
|UŠ~a&UŠ~a|,|UŠ~a&UŠ~a|,URUK2
UŠ~b,UŠ~b,URUK2
|UŠ~b&UŠ~b|,|UŠ~b&UŠ~b|,URUK2
|UŠ~bxTAR~c|,|UŠ~bxTAR~c|,URUK2
|UŠ~bxTAR~d|,|UŠ~bxTAR~d|,URUK2
UŠUMGAL,UŠUMGAL,URUK2
UŠUR3~a,UŠUR3~a,URUK2
UŠUR3~b1,UŠUR3~b1,URUK2
UŠUR3~b2,UŠUR3~b2,URUK2
UTUA~a,UTUA~a,URUK2
UTUA~a@t,UTUA~a@t,URUK2
UTUA~b,UTUA~b,URUK2
UTUL~a,UTUL~a,URUK2
UTUL~b,UTUL~b,URUK2
UTUL~c,UTUL~c,URUK2
UTUL~d,UTUL~d,URUK2
|x(N57).GAR|,|x(N57).GAR|,URUK2
ZA~x,ZA~x,URUK2
ZABALAM~a,ZABALAM~a,URUK2
ZABALAM~b,ZABALAM~b,URUK2
ZADIM,ZADIM,URUK2
ZAG~a,ZAG~a,URUK2
ZAG~b,ZAG~b,URUK2
ZAG~c,ZAG~c,URUK2
ZAR~a,ZAR~a,URUK2
ZAR~b1,ZAR~b1,URUK2
ZAR~b2,ZAR~b2,URUK2
ZAR~c,ZAR~c,URUK2
ZI~a,ZI~a,URUK2
ZI~b,ZI~b,URUK2
ZI~d,ZI~d,URUK2
|(ZU&ZU).SAR~a|,|(ZU&ZU).SAR~a|,URUK2
ZUBI~a,ZUBI~a,URUK2
ZUBI~b,ZUBI~b,URUK2
ZATU620,ZATU620,URUK2
ZATU621~a,ZATU621~a,URUK2
ZATU621~b,ZATU621~b,URUK2
ZATU621~c,ZATU621~c,URUK2
ZATU621~d,ZATU621~d,URUK2
ZATU622,ZATU622,URUK2
ZATU623,ZATU623,URUK2
ZATU624~a,ZATU624~a,URUK2
ZATU624~b,ZATU624~b,URUK2
ZATU624~c,ZATU624~c,URUK2
ZATU625,ZATU625,URUK2
ZATU626~a,ZATU626~a,URUK2
ZATU626~b,ZATU626~b,URUK2
ZATU626~c,ZATU626~c,URUK2
ZATU627,ZATU627,URUK2
ZATU628~a,ZATU628~a,URUK2
ZATU628~b,ZATU628~b,URUK2
ZATU629,ZATU629,URUK2
ZATU630,ZATU630,URUK2
ZATU631,ZATU631,URUK2
ZATU632~a,ZATU632~a,URUK2
ZATU632~b,ZATU632~b,URUK2
ZATU632~c,ZATU632~c,URUK2
ZATU633~a,ZATU633~a,URUK2
ZATU633~b,ZATU633~b,URUK2
ZATU634,ZATU634,URUK2
ZATU635,ZATU635,URUK2
ZATU636,ZATU636,URUK2
ZATU637,ZATU637,URUK2
ZATU639,ZATU639,URUK2
ZATU640,ZATU640,URUK2
ZATU641,ZATU641,URUK2
ZATU642,ZATU642,URUK2
ZATU643,ZATU643,URUK2
ZATU644~a,ZATU644~a,URUK2
|ZATU644~ax1(N14)|,|ZATU644~ax1(N14)|,URUK2
ZATU644~b,ZATU644~b,URUK2
ZATU646,ZATU646,URUK2
ZATU647,ZATU647,URUK2
ZATU648,ZATU648,URUK2
ZATU649,ZATU649,URUK2
ZATU650,ZATU650,URUK2
ZATU651,ZATU651,URUK2
ZATU651@g,ZATU651@g,URUK2
|ZATU651xAN|,|ZATU651xAN|,URUK2
|ZATU651xEN~a|,|ZATU651xEN~a|,URUK2
|ZATU651xGAR|,|ZATU651xGAR|,URUK2
|ZATU651xMA|,|ZATU651xMA|,URUK2
|ZATU651xNUN~a|,|ZATU651xNUN~a|,URUK2
|ZATU651xŠE~a|,|ZATU651xŠE~a|,URUK2
|ZATU651xX|,|ZATU651xX|,URUK2
|ZATU651xZAR~c|,|ZATU651xZAR~c|,URUK2
ZATU659,ZATU659,URUK2
|ZATU659x1(N01)|,|ZATU659x1(N01)|,URUK2
|ZATU659x1(N14)|,|ZATU659x1(N14)|,URUK2
|ZATU659x1(N58)@t|,|ZATU659x1(N58)@t|,URUK2
ZATU662,ZATU662,URUK2
|ZATU662x1(N14)|,|ZATU662x1(N14)|,URUK2
ZATU664,ZATU664,URUK2
ZATU665,ZATU665,URUK2
ZATU666,ZATU666,URUK2
ZATU667,ZATU667,URUK2
ZATU668,ZATU668,URUK2
ZATU669,ZATU669,URUK2
ZATU670,ZATU670,URUK2
ZATU672,ZATU672,URUK2
ZATU674,ZATU674,URUK2
ZATU675~a,ZATU675~a,URUK2
ZATU675~b,ZATU675~b,URUK2
ZATU675~c,ZATU675~c,URUK2
ZATU675~d,ZATU675~d,URUK2
ZATU676~a,ZATU676~a,URUK2
ZATU676~b,ZATU676~b,URUK2
ZATU677~a,ZATU677~a,URUK2
ZATU677~b,ZATU677~b,URUK2
ZATU678,ZATU678,URUK2
ZATU679,ZATU679,URUK2
ZATU680~a1,ZATU680~a1,URUK2
ZATU680~a2,ZATU680~a2,URUK2
ZATU680~b,ZATU680~b,URUK2
ZATU680~d,ZATU680~d,URUK2
ZATU680~e,ZATU680~e,URUK2
ZATU681,ZATU681,URUK2
ZATU682,ZATU682,URUK2
|ZATU683@t|,|ZATU683@t|,URUK2
ZATU683~a,ZATU683~a,URUK2
ZATU683~b,ZATU683~b,URUK2
ZATU684,ZATU684,URUK2
ZATU685,ZATU685,URUK2
ZATU686~a,ZATU686~a,URUK2
ZATU686~b,ZATU686~b,URUK2
ZATU686~c,ZATU686~c,URUK2
ZATU687,ZATU687,URUK2
ZATU688~a,ZATU688~a,URUK2
ZATU688~b,ZATU688~b,URUK2
ZATU689,ZATU689,URUK2
ZATU690,ZATU690,URUK2
ZATU691,ZATU691,URUK2
ZATU692,ZATU692,URUK2
ZATU693,ZATU693,URUK2
ZATU693@t,ZATU693@t,URUK2
ZATU694~a,ZATU694~a,URUK2
ZATU694~b,ZATU694~b,URUK2
ZATU694~c,ZATU694~c,URUK2
ZATU694~d,ZATU694~d,URUK2
ZATU694~d@t,ZATU694~d@t,URUK2
ZATU695,ZATU695,URUK2
ZATU696,ZATU696,URUK2
ZATU697~a,ZATU697~a,URUK2
ZATU697~b,ZATU697~b,URUK2
ZATU697~c,ZATU697~c,URUK2
ZATU699~a,ZATU699~a,URUK2
ZATU699~b,ZATU699~b,URUK2
ZATU700,ZATU700,URUK2
ZATU701,ZATU701,URUK2
ZATU702,ZATU702,URUK2
ZATU703,ZATU703,URUK2
ZATU704,ZATU704,URUK2
ZATU705,ZATU705,URUK2
ZATU706,ZATU706,URUK2
ZATU707~a,ZATU707~a,URUK2
ZATU707~b,ZATU707~b,URUK2
ZATU708,ZATU708,URUK2
ZATU709,ZATU709,URUK2
ZATU710,ZATU710,URUK2
ZATU711,ZATU711,URUK2
|ZATU711xHI@g~a|,|ZATU711xHI@g~a|,URUK2
|ZATU711xX|,|ZATU711xX|,URUK2
ZATU713,ZATU713,URUK2
ZATU714,ZATU714,URUK2
|ZATU714.RU|,|ZATU714.RU|,URUK2
|ZATU714xHI@g~a|,|ZATU714xHI@g~a|,URUK2
|ZATU714xX|,|ZATU714xX|,URUK2
ZATU717,ZATU717,URUK2
ZATU718,ZATU718,URUK2
ZATU719,ZATU719,URUK2
ZATU720,ZATU720,URUK2
ZATU721,ZATU721,URUK2
ZATU722,ZATU722,URUK2
ZATU723,ZATU723,URUK2
ZATU724,ZATU724,URUK2
ZATU725,ZATU725,URUK2
ZATU726~a,ZATU726~a,URUK2
ZATU726~c,ZATU726~c,URUK2
ZATU726~d,ZATU726~d,URUK2
ZATU727,ZATU727,URUK2
ZATU728,ZATU728,URUK2
ZATU729,ZATU729,URUK2
ZATU730,ZATU730,URUK2
ZATU732,ZATU732,URUK2
ZATU733,ZATU733,URUK2
ZATU734,ZATU734,URUK2
ZATU735~a,ZATU735~a,URUK2
ZATU735~b,ZATU735~b,URUK2
ZATU735~c,ZATU735~c,URUK2
ZATU736~a,ZATU736~a,URUK2
ZATU736~b,ZATU736~b,URUK2
ZATU737,ZATU737,URUK2
|ZATU737xAB~a|,|ZATU737xAB~a|,URUK2
|ZATU737xBU~a|,|ZATU737xBU~a|,URUK2
|ZATU737xBUR~a|,|ZATU737xBUR~a|,URUK2
|ZATU737xDI|,|ZATU737xDI|,URUK2
|ZATU737xE~a|,|ZATU737xE~a|,URUK2
|ZATU737xEN~a|,|ZATU737xEN~a|,URUK2
|ZATU737xEN~b|,|ZATU737xEN~b|,URUK2
|ZATU737xGAR|,|ZATU737xGAR|,URUK2
|ZATU737xNI~a@g|,|ZATU737xNI~a@g|,URUK2
|ZATU737xNIMGIR|,|ZATU737xNIMGIR|,URUK2
|ZATU737xSAL|,|ZATU737xSAL|,URUK2
|ZATU737xSU~a|,|ZATU737xSU~a|,URUK2
|ZATU737xŠE~a|,|ZATU737xŠE~a|,URUK2
|ZATU737xŠITA@g~a|,|ZATU737xŠITA@g~a|,URUK2
|ZATU737xŠITA~a1|,|ZATU737xŠITA~a1|,URUK2
|ZATU737xU4|,|ZATU737xU4|,URUK2
|ZATU737xUNUG~a|,|ZATU737xUNUG~a|,URUK2
|ZATU737xX|,|ZATU737xX|,URUK2
ZATU741	ZATU737xGAR,ZATU741	ZATU737xGAR,URUK2
ZATU742	ZATU737xNIMGIR,ZATU742	ZATU737xNIMGIR,URUK2
ZATU743	ZATU737xSAL,ZATU743	ZATU737xSAL,URUK2
ZATU744	ZATU737xSU,ZATU744	ZATU737xSU,URUK2
ZATU745	ZATU737xŠE,ZATU745	ZATU737xŠE,URUK2
ZATU746	ZATU737xŠITA@g,ZATU746	ZATU737xŠITA@g,URUK2
ZATU747	ZATU737xU4,ZATU747	ZATU737xU4,URUK2
ZATU748	ZATU737xUNUG,ZATU748	ZATU737xUNUG,URUK2
ZATU749~a,ZATU749~a,URUK2
ZATU749~b,ZATU749~b,URUK2
ZATU749~c,ZATU749~c,URUK2
ZATU750,ZATU750,URUK2
ZATU751~a,ZATU751~a,URUK2
ZATU751~b,ZATU751~b,URUK2
ZATU752,ZATU752,URUK2
ZATU753,ZATU753,URUK2
ZATU754,ZATU754,URUK2
ZATU755~a,ZATU755~a,URUK2
ZATU755~b,ZATU755~b,URUK2
ZATU756,ZATU756,URUK2
ZATU757,ZATU757,URUK2
ZATU758,ZATU758,URUK2
ZATU759,ZATU759,URUK2
|ZATU759@txX|,|ZATU759@txX|,URUK2
|ZATU759xKU6~a|,|ZATU759xKU6~a|,URUK2
|ZATU759x(KU6~a+KU6~a)|,|ZATU759x(KU6~a+KU6~a)|,URUK2
|ZATU759xKU6~d|,|ZATU759xKU6~d|,URUK2
|ZATU759xX|,|ZATU759xX|,URUK2
ZATU761,ZATU761,URUK2
ZATU762~a,ZATU762~a,URUK2
|ZATU762~axNIM~a|,|ZATU762~axNIM~a|,URUK2
ZATU762~b,ZATU762~b,URUK2
|ZATU762~bxAB~a|,|ZATU762~bxAB~a|,URUK2
ZATU764,ZATU764,URUK2
ZATU765,ZATU765,URUK2
ZATU766,ZATU766,URUK2
ZATU767,ZATU767,URUK2
ZATU768,ZATU768,URUK2
ZATU769,ZATU769,URUK2
ZATU771,ZATU771,URUK2
ZATU772,ZATU772,URUK2
ZATU773~a,ZATU773~a,URUK2
ZATU773~b,ZATU773~b,URUK2
ZATU774,ZATU774,URUK2
ZATU775,ZATU775,URUK2
ZATU776,ZATU776,URUK2
ZATU777,ZATU777,URUK2
ZATU778,ZATU778,URUK2
ZATU779,ZATU779,URUK2
ZATU780,ZATU780,URUK2
ZATU781,ZATU781,URUK2
ZATU782,ZATU782,URUK2
ZATU783,ZATU783,URUK2
ZATU784,ZATU784,URUK2
ZATU785,ZATU785,URUK2
ZATU786,ZATU786,URUK2
ZATU787,ZATU787,URUK2
ZATU788,ZATU788,URUK2
ZATU789,ZATU789,URUK2
ZATU791,ZATU791,URUK2
ZATU792,ZATU792,URUK2
ZATU795,ZATU795,URUK2
ZATU797,ZATU797,URUK2
ZATU798,ZATU798,URUK2
ZATU799,ZATU799,URUK2
ZATU800,ZATU800,URUK2
ZATU801,ZATU801,URUK2
ZATU802,ZATU802,URUK2
ZATU803,ZATU803,URUK2
ZATU804,ZATU804,URUK2
ZATU805,ZATU805,URUK2
ZATU806,ZATU806,URUK2
ZATU807,ZATU807,URUK2
ZATU808,ZATU808,URUK2
ZATU809,ZATU809,URUK2
ZATU810,ZATU810,URUK2
ZATU811,ZATU811,URUK2
ZATU812,ZATU812,URUK2
ZATU813,ZATU813,URUK2
ZATU814,ZATU814,URUK2
ZATU815,ZATU815,URUK2
ZATU817,ZATU817,URUK2
ZATU818,ZATU818,URUK2
ZATU819,ZATU819,URUK2
ZATU820,ZATU820,URUK2
ZATU821,ZATU821,URUK2
ZATU822,ZATU822,URUK2
ZATU823,ZATU823,URUK2
ZATU824,ZATU824,URUK2
ZATU825,ZATU825,URUK2
ZATU826,ZATU826,URUK2
ZATU829,ZATU829,URUK2
ZATU831,ZATU831,URUK2
|ZATU831@g|,|ZATU831@g|,URUK2
ZATU832,ZATU832,URUK2
ZATU833,ZATU833,URUK2
ZATU834,ZATU834,URUK2
ZATU835,ZATU835,URUK2
ZATU836,ZATU836,URUK2
ZATU837~a,ZATU837~a,URUK2
ZATU837~b,ZATU837~b,URUK2
ZATU838,ZATU838,URUK2
ZATU839,ZATU839,URUK2
ZATU840,ZATU840,URUK2
ZATU841,ZATU841,URUK2
ZATU842,ZATU842,URUK2
ZATU843,ZATU843,URUK2
ZATU844,ZATU844,URUK2
ZATU845,ZATU845,URUK2
ZATU846,ZATU846,URUK2
ZATU847,ZATU847,URUK2
ZATU848,ZATU848,URUK2
ZATU849,ZATU849,URUK2
ZATU850,ZATU850,URUK2
ZATU851,ZATU851,URUK2
ZATU852,ZATU852,URUK2
ZATU853,ZATU853,URUK2
ZATU854,ZATU854,URUK2
ZATU855,ZATU855,URUK2
|1(N57).AB2|,|1(N57).AB2|,URUK2
|1(N57).ŠAH2~a|,|1(N57).ŠAH2~a|,URUK2
|1(N57).ŠUBUR|,|1(N57).ŠUBUR|,URUK2
|1(N58).BAD~a|,|1(N58).BAD~a|,URUK2
|1(N58).BAD~b|,|1(N58).BAD~b|,URUK2
|2(N57).AB2|,|2(N57).AB2|,URUK2
|2(N57).KU6~a|,|2(N57).KU6~a|,URUK2
|2(N57).SU~a|,|2(N57).SU~a|,URUK2
|2(N57).ŠUBUR|,|2(N57).ŠUBUR|,URUK2
|3(N57).AMAR|,|3(N57).AMAR|,URUK2
|3(N57).BARA3|,|3(N57).BARA3|,URUK2
|3(N57).E2~b|,|3(N57).E2~b|,URUK2
|3(N57).GAR|,|3(N57).GAR|,URUK2
|3(N57).NUNUZ~a1|,|3(N57).NUNUZ~a1|,URUK2
|3(N57).NUNUZ~c|,|3(N57).NUNUZ~c|,URUK2
|3(N57).PIRIG~b1|,|3(N57).PIRIG~b1|,URUK2
|3(N57).ŠUBUR|,|3(N57).ŠUBUR|,URUK2
|3(N58).UR3~b1|,|3(N58).UR3~b1|,URUK2
|4(N57).AMAR|,|4(N57).AMAR|,URUK2
|4(N57).GAR|,|4(N57).GAR|,URUK2
|4(N57).KU3~a|,|4(N57).KU3~a|,URUK2
|4(N57).NI~b|,|4(N57).NI~b|,URUK2
|5(N57).GAR|,|5(N57).GAR|,URUK2
|5(N57).KU3~a|,|5(N57).KU3~a|,URUK2
|6(N57).GAR|,|6(N57).GAR|,URUK2
|6(N57).KU3~a|,|6(N57).KU3~a|,URUK2
|8(N57).NI~b|,|8(N57).NI~b|,URUK2
1(N01),1(N01),URUK2
2(N01),2(N01),URUK2
3(N01),3(N01),URUK2
4(N01),4(N01),URUK2
5(N01),5(N01),URUK2
6(N01),6(N01),URUK2
7(N01),7(N01),URUK2
8(N01),8(N01),URUK2
9(N01),9(N01),URUK2
10(N01),10(N01),URUK2
1(N01@f),1(N01@f),URUK2
2(N01@f),2(N01@f),URUK2
3(N01@f),3(N01@f),URUK2
4(N01@f),4(N01@f),URUK2
5(N01@f),5(N01@f),URUK2
6(N01@f),6(N01@f),URUK2
7(N01@f),7(N01@f),URUK2
8(N01@f),8(N01@f),URUK2
9(N01@f),9(N01@f),URUK2
|1(N01@r)|,|1(N01@r)|,URUK2
1(N02),1(N02),URUK2
2(N02),2(N02),URUK2
3(N02),3(N02),URUK2
4(N02),4(N02),URUK2
5(N02),5(N02),URUK2
6(N02),6(N02),URUK2
7(N02),7(N02),URUK2
8(N02),8(N02),URUK2
9(N02),9(N02),URUK2
|1(N02).RU|,|1(N02).RU|,URUK2
1(N03),1(N03),URUK2
2(N03),2(N03),URUK2
3(N03),3(N03),URUK2
4(N03),4(N03),URUK2
5(N03),5(N03),URUK2
1(N04),1(N04),URUK2
2(N04),2(N04),URUK2
3(N04),3(N04),URUK2
4(N04),4(N04),URUK2
5(N04),5(N04),URUK2
1(N04@f),1(N04@f),URUK2
2(N04@f),2(N04@f),URUK2
3(N04@f),3(N04@f),URUK2
4(N04@f),4(N04@f),URUK2
5(N04@f),5(N04@f),URUK2
1(N05),1(N05),URUK2
2(N05),2(N05),URUK2
3(N05),3(N05),URUK2
4(N05),4(N05),URUK2
5(N05),5(N05),URUK2
1(N06),1(N06),URUK2
1(N07~a),1(N07~a),URUK2
2(N07~a),2(N07~a),URUK2
3(N07~a),3(N07~a),URUK2
1(N07~b),1(N07~b),URUK2
2(N07~b),2(N07~b),URUK2
3(N07~b),3(N07~b),URUK2
1(N08),1(N08),URUK2
2(N08),2(N08),URUK2
3(N08),3(N08),URUK2
4(N08),4(N08),URUK2
5(N08),5(N08),URUK2
6(N08),6(N08),URUK2
7(N08),7(N08),URUK2
8(N08),8(N08),URUK2
9(N08),9(N08),URUK2
1(N08@f),1(N08@f),URUK2
|1(N08@f)x1(N57)|,|1(N08@f)x1(N57)|,URUK2
1(N08~b),1(N08~b),URUK2
2(N08~b),2(N08~b),URUK2
3(N08~b),3(N08~b),URUK2
4(N08~b),4(N08~b),URUK2
4(N08~c),4(N08~c),URUK2
1(N09),1(N09),URUK2
1(N11),1(N11),URUK2
1(N12),1(N12),URUK2
1(N14),1(N14),URUK2
2(N14),2(N14),URUK2
3(N14),3(N14),URUK2
4(N14),4(N14),URUK2
5(N14),5(N14),URUK2
6(N14),6(N14),URUK2
7(N14),7(N14),URUK2
8(N14),8(N14),URUK2
9(N14),9(N14),URUK2
10(N14),10(N14),URUK2
12(N14),12(N14),URUK2
1(N14@f),1(N14@f),URUK2
2(N14@f),2(N14@f),URUK2
3(N14@f),3(N14@f),URUK2
4(N14@f),4(N14@f),URUK2
5(N14@f),5(N14@f),URUK2
6(N14@f),6(N14@f),URUK2
7(N14@f),7(N14@f),URUK2
8(N14@f),8(N14@f),URUK2
9(N14@f),9(N14@f),URUK2
10(N14@f),10(N14@f),URUK2
2(LAGAB~a),2(LAGAB~a),URUK2
4(LAGAB~a),4(LAGAB~a),URUK2
6(LAGAB~a),6(LAGAB~a),URUK2
1(N15),1(N15),URUK2
2(N15),2(N15),URUK2
3(N15),3(N15),URUK2
4(N15),4(N15),URUK2
5(N15),5(N15),URUK2
1(N16),1(N16),URUK2
1(N17),1(N17),URUK2
1(N18),1(N18),URUK2
2(N18),2(N18),URUK2
3(N18),3(N18),URUK2
4(N18),4(N18),URUK2
5(N18),5(N18),URUK2
6(N18),6(N18),URUK2
7(N18),7(N18),URUK2
8(N18),8(N18),URUK2
9(N18),9(N18),URUK2
1(N19),1(N19),URUK2
2(N19),2(N19),URUK2
3(N19),3(N19),URUK2
4(N19),4(N19),URUK2
5(N19),5(N19),URUK2
6(N19),6(N19),URUK2
7(N19),7(N19),URUK2
8(N19),8(N19),URUK2
9(N19),9(N19),URUK2
1(N19@f),1(N19@f),URUK2
2(N19@f),2(N19@f),URUK2
3(N19@f),3(N19@f),URUK2
4(N19@f),4(N19@f),URUK2
5(N19@f),5(N19@f),URUK2
6(N19@f),6(N19@f),URUK2
7(N19@f),7(N19@f),URUK2
8(N19@f),8(N19@f),URUK2
9(N19@f),9(N19@f),URUK2
1(N20),1(N20),URUK2
2(N20),2(N20),URUK2
3(N20),3(N20),URUK2
4(N20),4(N20),URUK2
5(N20),5(N20),URUK2
6(N20),6(N20),URUK2
7(N20),7(N20),URUK2
8(N20),8(N20),URUK2
9(N20),9(N20),URUK2
2(N21),2(N21),URUK2
3(N21),3(N21),URUK2
4(N21),4(N21),URUK2
5(N21),5(N21),URUK2
6(N21),6(N21),URUK2
1(N22),1(N22),URUK2
2(N22),2(N22),URUK2
1(N22@f),1(N22@f),URUK2
2(N22@f),2(N22@f),URUK2
1(N23),1(N23),URUK2
2(N23),2(N23),URUK2
3(N23),3(N23),URUK2
5(N23),5(N23),URUK2
7(N23),7(N23),URUK2
1(N24),1(N24),URUK2
2(N24),2(N24),URUK2
4(N24),4(N24),URUK2
6(N24),6(N24),URUK2
1(N24@f),1(N24@f),URUK2
1(N24~a),1(N24~a),URUK2
1(N24~b),1(N24~b),URUK2
1(N25),1(N25),URUK2
1(N26),1(N26),URUK2
1(N26~b),1(N26~b),URUK2
1(N27),1(N27),URUK2
1(N28),1(N28),URUK2
1(N28~b),1(N28~b),URUK2
1(N28~c),1(N28~c),URUK2
1(N29~a),1(N29~a),URUK2
2(N29~a),2(N29~a),URUK2
1(N29~b),1(N29~b),URUK2
1(N29A~b),1(N29A~b),URUK2
2(N29A~b),2(N29A~b),URUK2
1(N29A~c),1(N29A~c),URUK2
1(N30~a),1(N30~a),URUK2
1(N30~c),1(N30~c),URUK2
1(N30~d),1(N30~d),URUK2
1(N30~e),1(N30~e),URUK2
1(N30A~c),1(N30A~c),URUK2
1(N30C~b),1(N30C~b),URUK2
1(N30C~c),1(N30C~c),URUK2
1(N31),1(N31),URUK2
1(N32),1(N32),URUK2
1(N33),1(N33),URUK2
1(N34),1(N34),URUK2
2(N34),2(N34),URUK2
3(N34),3(N34),URUK2
4(N34),4(N34),URUK2
5(N34),5(N34),URUK2
6(N34),6(N34),URUK2
7(N34),7(N34),URUK2
8(N34),8(N34),URUK2
9(N34),9(N34),URUK2
|1(N34)x1(N58)|,|1(N34)x1(N58)|,URUK2
1(N34@f),1(N34@f),URUK2
2(N34@f),2(N34@f),URUK2
3(N34@f),3(N34@f),URUK2
4(N34@f),4(N34@f),URUK2
5(N34@f),5(N34@f),URUK2
6(N34@f),6(N34@f),URUK2
7(N34@f),7(N34@f),URUK2
8(N34@f),8(N34@f),URUK2
9(N34@f),9(N34@f),URUK2
|1(N34F@t)|,|1(N34F@t)|,URUK2
1(N35),1(N35),URUK2
2(N35),2(N35),URUK2
5(N35),5(N35),URUK2
1(N36),1(N36),URUK2
2(N36),2(N36),URUK2
3(N36),3(N36),URUK2
4(N36),4(N36),URUK2
5(N36),5(N36),URUK2
6(N36),6(N36),URUK2
7(N36),7(N36),URUK2
8(N36),8(N36),URUK2
9(N36),9(N36),URUK2
1(N36@f),1(N36@f),URUK2
1(N37),1(N37),URUK2
2(N37),2(N37),URUK2
1(N38),1(N38),URUK2
1(N39~a),1(N39~a),URUK2
2(N39~a),2(N39~a),URUK2
3(N39~a),3(N39~a),URUK2
4(N39~a),4(N39~a),URUK2
1(N39~b),1(N39~b),URUK2
2(N39~b),2(N39~b),URUK2
3(N39~b),3(N39~b),URUK2
4(N39~b),4(N39~b),URUK2
1(N40),1(N40),URUK2
2(N40),2(N40),URUK2
3(N40),3(N40),URUK2
4(N40),4(N40),URUK2
1(N41),1(N41),URUK2
2(N41),2(N41),URUK2
3(N41),3(N41),URUK2
4(N41),4(N41),URUK2
1(N42~a),1(N42~a),URUK2
2(N42~a),2(N42~a),URUK2
3(N42~a),3(N42~a),URUK2
4(N42~a),4(N42~a),URUK2
1(N42~b),1(N42~b),URUK2
2(N42~b),2(N42~b),URUK2
3(N42~b),3(N42~b),URUK2
4(N42~b),4(N42~b),URUK2
1(N43),1(N43),URUK2
4(N43),4(N43),URUK2
1(N44),1(N44),URUK2
1(N45),1(N45),URUK2
2(N45),2(N45),URUK2
3(N45),3(N45),URUK2
4(N45),4(N45),URUK2
5(N45),5(N45),URUK2
6(N45),6(N45),URUK2
7(N45),7(N45),URUK2
9(N45),9(N45),URUK2
1(N45@f),1(N45@f),URUK2
2(N45@f),2(N45@f),URUK2
3(N45@f),3(N45@f),URUK2
4(N45@f),4(N45@f),URUK2
5(N45@f),5(N45@f),URUK2
6(N45@f),6(N45@f),URUK2
7(N45@f),7(N45@f),URUK2
8(N45@f),8(N45@f),URUK2
9(N45@f),9(N45@f),URUK2
1(N45~a),1(N45~a),URUK2
1(N46),1(N46),URUK2
2(N46),2(N46),URUK2
3(N46),3(N46),URUK2
1(N46@f),1(N46@f),URUK2
2(N46@f),2(N46@f),URUK2
1(N47),1(N47),URUK2
2(N47),2(N47),URUK2
3(N47),3(N47),URUK2
1(N48),1(N48),URUK2
2(N48),2(N48),URUK2
3(N48),3(N48),URUK2
4(N48),4(N48),URUK2
5(N48),5(N48),URUK2
6(N48),6(N48),URUK2
7(N48),7(N48),URUK2
1(N48@f),1(N48@f),URUK2
1(N49),1(N49),URUK2
2(N49),2(N49),URUK2
3(N49),3(N49),URUK2
4(N49),4(N49),URUK2
5(N49),5(N49),URUK2
1(N50),1(N50),URUK2
2(N50),2(N50),URUK2
3(N50),3(N50),URUK2
4(N50),4(N50),URUK2
5(N50),5(N50),URUK2
1(N51),1(N51),URUK2
2(N51),2(N51),URUK2
3(N51),3(N51),URUK2
4(N51),4(N51),URUK2
5(N51),5(N51),URUK2
6(N51),6(N51),URUK2
7(N51),7(N51),URUK2
8(N51),8(N51),URUK2
1(N51@f),1(N51@f),URUK2
2(N51@f),2(N51@f),URUK2
3(N51@f),3(N51@f),URUK2
4(N51@f),4(N51@f),URUK2
5(N51@f),5(N51@f),URUK2
6(N51@f),6(N51@f),URUK2
7(N51@f),7(N51@f),URUK2
8(N51@f),8(N51@f),URUK2
9(N51@f),9(N51@f),URUK2
1(N52),1(N52),URUK2
2(N52),2(N52),URUK2
3(N52),3(N52),URUK2
4(N52),4(N52),URUK2
5(N52),5(N52),URUK2
3(N53),3(N53),URUK2
1(N54),1(N54),URUK2
2(N54),2(N54),URUK2
3(N54),3(N54),URUK2
4(N54),4(N54),URUK2
5(N54),5(N54),URUK2
1(N55),1(N55),URUK2
1(N56),1(N56),URUK2
2(N56),2(N56),URUK2
|1(N57).1(N57)|,|1(N57).1(N57)|,URUK2
1(N57),1(N57),URUK2
2(N57),2(N57),URUK2
3(N57),3(N57),URUK2
4(N57),4(N57),URUK2
5(N57),5(N57),URUK2
6(N57),6(N57),URUK2
7(N57),7(N57),URUK2
8(N57),8(N57),URUK2
9(N57),9(N57),URUK2
10(N57),10(N57),URUK2
1(N58),1(N58),URUK2
2(N58),2(N58),URUK2
3(N58),3(N58),URUK2
4(N58),4(N58),URUK2
5(N58),5(N58),URUK2
8(N58),8(N58),URUK2
9(N58),9(N58),URUK2
10(N58),10(N58),URUK2
12(N58),12(N58),URUK2
|1(N58@t)|,|1(N58@t)|,URUK2
2(N59),2(N59),URUK2
3(N59),3(N59),URUK2
4(N59),4(N59),URUK2
1(N60),1(N60),URUK2
3(N61),3(N61),URUK2
4(N62),4(N62),URUK2
1(N63),1(N63),URUK2
N01,N01,URUK2
N01@f,N01@f,URUK2
|N01@r|,|N01@r|,URUK2
N02,N02,URUK2
|N02.RU|,|N02.RU|,URUK2
N03,N03,URUK2
N04,N04,URUK2
N04@f,N04@f,URUK2
N05,N05,URUK2
N06,N06,URUK2
N07~a,N07~a,URUK2
N07~b,N07~b,URUK2
N08,N08,URUK2
N08@f,N08@f,URUK2
|N08@fxN57|,|N08@fxN57|,URUK2
N08~b,N08~b,URUK2
N08~c,N08~c,URUK2
N09,N09,URUK2
N11,N11,URUK2
N12,N12,URUK2
N14,N14,URUK2
N14@f,N14@f,URUK2
N15,N15,URUK2
N16,N16,URUK2
N17,N17,URUK2
N18,N18,URUK2
N19,N19,URUK2
N19@f,N19@f,URUK2
N20,N20,URUK2
N21,N21,URUK2
N22,N22,URUK2
N22@f,N22@f,URUK2
N23,N23,URUK2
N24,N24,URUK2
N24@f,N24@f,URUK2
N24~a,N24~a,URUK2
N24~b,N24~b,URUK2
N25,N25,URUK2
N26,N26,URUK2
N26~b,N26~b,URUK2
N27,N27,URUK2
N28,N28,URUK2
N28~b,N28~b,URUK2
N28~c,N28~c,URUK2
N29~a,N29~a,URUK2
N29~b,N29~b,URUK2
N29A~b,N29A~b,URUK2
N29A~c,N29A~c,URUK2
N30~a,N30~a,URUK2
N30~c,N30~c,URUK2
N30~d,N30~d,URUK2
N30~e,N30~e,URUK2
N30A~c,N30A~c,URUK2
N30C~b,N30C~b,URUK2
N30C~c,N30C~c,URUK2
N31,N31,URUK2
N32,N32,URUK2
N33,N33,URUK2
N34,N34,URUK2
|N34xN58|,|N34xN58|,URUK2
N34@f,N34@f,URUK2
|N34F@t|,|N34F@t|,URUK2
N35,N35,URUK2
N36,N36,URUK2
N36@f,N36@f,URUK2
N37,N37,URUK2
N38,N38,URUK2
N39~a,N39~a,URUK2
N39~b,N39~b,URUK2
N40,N40,URUK2
N41,N41,URUK2
N42~a,N42~a,URUK2
N42~b,N42~b,URUK2
N43,N43,URUK2
N44,N44,URUK2
N45,N45,URUK2
N45@f,N45@f,URUK2
N45~a,N45~a,URUK2
N46,N46,URUK2
N46@f,N46@f,URUK2
N47,N47,URUK2
N48,N48,URUK2
N48@f,N48@f,URUK2
N49,N49,URUK2
N50,N50,URUK2
N51,N51,URUK2
N51@f,N51@f,URUK2
N52,N52,URUK2
N53,N53,URUK2
N54,N54,URUK2
N55,N55,URUK2
N56,N56,URUK2
|N57.N57|,|N57.N57|,URUK2
N57,N57,URUK2
N58,N58,URUK2
|N58@t|,|N58@t|,URUK2
N59,N59,URUK2
N60,N60,URUK2
N61,N61,URUK2
N62,N62,URUK2
N63,N63,URUK2
