compound_form,compound_form_normalized,PhoneticVersion_Compound,reading_status,reading_source,nested_in_forms,component_reading_inferred
3/4(GUR),3/4(GUR),3(barig@v)|3(bariga)@v,ATTESTED_DIRECT,OSL,,2(barig@v)-1/6(diš)@v
OO,OO,oo,ATTESTED_DIRECT,OSL,,
|(BU&BU)×NA₂.A|,(BU&BU)×NA2.A,,NO_ATTESTED_READING,,,arinaₓ-'u4
|(HI&HI).SUHUR|,(HI&HI).SUHUR,,NO_ATTESTED_READING,,,
|(PAN&PAN).(EŠ₂&EŠ₂)|,(PAN&PAN).(EŠ2&EŠ2),lubširₓ,ATTESTED_DIRECT,OSL,,
|(SU.LU.EŠ₂.GAR)&(SU.LU.EŠ₂.GAR).ŠIR|,(SU.LU.EŠ2.GAR)&(SU.LU.EŠ2.GAR).ŠIR,,NO_ATTESTED_READING,,,
|(ŠE%ŠE).KIN|,(ŠE%ŠE).KIN,gurₓ,ATTESTED_DIRECT,OSL,,
|(ŠE&ŠE).KIN|,(ŠE&ŠE).KIN,gurₓ,ATTESTED_DIRECT,OSL,,
|(ŠE.NUN&NUN)&(ŠE.NUN&NUN).GAD&GAD|,(ŠE.NUN&NUN)&(ŠE.NUN&NUN).GAD&GAD,,NESTED_IN_LONGER_FORM,,(ŠE.NUN&NUN)&(ŠE.NUN&NUN).GAD&GAD.GAR&GAR,
|(ŠE.NUN&NUN)&(ŠE.NUN&NUN).GAR|,(ŠE.NUN&NUN)&(ŠE.NUN&NUN).GAR,,NO_ATTESTED_READING,,,garadin₆?-ga4
|(ŠE.NUN&NUN)&(ŠE.NUN&NUN).LAGAB|,(ŠE.NUN&NUN)&(ŠE.NUN&NUN).LAGAB,(ŠE.NUN&NUN)&(ŠE.NUN&NUN).LAGAB,ATTESTED_DIRECT,SYLLABARY_CM,,garadin₆?-ella2
|(ŠE.NUN&NUN)&(ŠE.NUN&NUN).U₂|,(ŠE.NUN&NUN)&(ŠE.NUN&NUN).U2,ninniₓ,ATTESTED_DIRECT,OSL,,garadin₆?-ba6
|1(DIŠ).1(BAN₂)|,1(DIŠ).1(BAN2),7(ban₂),ATTESTED_DIRECT,OSL,,anₓ-ban₂
|1(DIŠ).2(BAN₂)|,1(DIŠ).2(BAN2),8(ban₂),ATTESTED_DIRECT,OSL,,anₓ-bamen
|1(DIŠ).3(BAN₂)|,1(DIŠ).3(BAN2),9(ban₂),ATTESTED_DIRECT,OSL,,anₓ-3(ban₂)
|3×AN.BAR|,3×AN.BAR,suhub|šuhub,ATTESTED_DIRECT,OSL,,anx3-ba15
|9(DIŠ~b)+9(DIŠ~b)|,9(DIŠ~b)+9(DIŠ~b),,NO_ATTESTED_READING,,,ilimmu₄-ilimmu₄
|A.A.A|,A.A.A,ayayaₓ,ATTESTED_DIRECT,OSL,,'u4-'u4-'u4
|A.AB.BA|,A.AB.BA,,NO_ATTESTED_READING,,,'u4-ab-ba
|A.AN|,A.AN,a₄|am₃|emₓ|še₇|šeg₃|šeŋ₃|šemₓ,ATTESTED_DIRECT,OSL,,'u4-/dimer/
|A.A|,A.A,ai|aia|aya|aye|ayi|ayu|ayya|ayye|ayyi|ayyu|iya|iyi|iyu|iyya|iyyi|iyyu|yaₓ,ATTESTED_DIRECT,OSL,,'u4-'u4
|A.BAD|,A.BAD,agam,ATTESTED_DIRECT,OSL,,'u4-ba9
|A.BAR.BAHAR₂|,A.BAR.BAHAR2,baharₓ,ATTESTED_DIRECT,OSL,,'u4-ba15-/allura/
|A.BARA₂|,A.BARA2,idₓ,ATTESTED_DIRECT,OSL,,'u4-bar2
|A.BI|,A.BI,maštabaₓ,ATTESTED_DIRECT,OSL,,'u4-be2
|A.BU.DU|,A.BU.DU,,NO_ATTESTED_READING,,,'u4-bu-aragub
|A.BU.HA.DA|,A.BU.HA.DA,,NO_ATTESTED_READING,,,'u4-bu-'a4-ax(da)
|A.BU.HA.DU|,A.BU.HA.DU,,NO_ATTESTED_READING,,,'u4-bu-'a4-aragub
|A.BU.HA.NI.DU|,A.BU.HA.NI.DU,,NO_ATTESTED_READING,,,'u4-bu-'a4-be3-aragub
|A.BU.HA|,A.BU.HA,,NO_ATTESTED_READING,,,'u4-bu-'a4
|A.BU|,A.BU,,NESTED_IN_LONGER_FORM,,SI.A.BUR2,'u4-'u4-'u4-bu-bu-bu
|A.DU&A.DU|,A.DU&A.DU,,NO_ATTESTED_READING,,,
|A.DU|,A.DU,a-ra₂|tuše|tuššuru,ATTESTED_DIRECT,OSL,,'u4-aragub
|A.EDIN.A.LAL|,A.EDIN.A.LAL,ummu,ATTESTED_DIRECT,OSL,,'u4-bilx(edin)-'u4-la2
|A.EDIN.NA|,A.EDIN.NA,,NO_ATTESTED_READING,,,'u4-bilx(edin)-aniku
|A.EDIN|,A.EDIN,eribₓ|eru₄|erua|erum₄|ummuₓ|ummudₓ,ATTESTED_DIRECT,OGSL,,'u4-'u4-bilx(edin)-bilx(edin)
|A.GABA.LIŠ.TU|,A.GABA.LIŠ.TU,A.GABA.LIŠ.TU|ASALX(|A.GABA.LIŠ.TU|)|asalx(|A.GABA.LIŠ.TU|),ATTESTED_DIRECT,SYLLABARY_CM,,'u4-du8-del₂-du2
|A.GAR₃|,A.GAR3,a-gar₃|ugar,ATTESTED_DIRECT,OSL,,'u4-gar3
|A.GISAL.PAD.SI.A|,A.GISAL.PAD.SI.A,addirₓ,ATTESTED_DIRECT,OSL,,'u4-gisal-bad2-hux(si)-'u4
|A.GISAL.SI.ELLES214|,A.GISAL.SI.ELLES214,addirₓ,ATTESTED_DIRECT,OSL,,
|A.GISAL.SI|,A.GISAL.SI,,NESTED_IN_LONGER_FORM,,PA.GISAL.SI.A.PAD; PA.GISAL.SI.A,'u4-gisal-hux(si)
|A.GISAL|,A.GISAL,,NESTED_IN_LONGER_FORM,,A.PA.GISAL.PAD.SI.A; PA.GISAL.SI.A.PAD; PA.GISAL.SI.A,'u4-gisal
|A.GIŠ%GIŠ.NUN|,A.GIŠ%GIŠ.NUN,,NO_ATTESTED_READING,,,'u4-adamen₃-...ri
|A.GIŠ.TU.GABA.LIŠ|,A.GIŠ.TU.GABA.LIŠ,A.GIŠ.TU.GABA.LIŠ|ASALX(|A.GIŠ.TU.GABA.LIŠ|)|asalx(|A.GIŠ.TU.GABA.LIŠ|),ATTESTED_DIRECT,SYLLABARY_CM,,'u4-es-du2-du8-del₂
|A.GUD×KUR|,A.GUD×KUR,{ŋeš}|A.GUD×KUR|,ATTESTED_DIRECT,DIRI,,'u4-adar2
|A.GU|,A.GU,zah₃,ATTESTED_DIRECT,OSL,,'u4-gu
|A.HA.A.DU|,A.HA.A.DU,,NO_ATTESTED_READING,,,'u4-'a4-'u4-aragub
|A.HA.A|,A.HA.A,sahₓ|zahₓ,ATTESTED_DIRECT,OSL,,'u4-'a4-'u4
|A.HA.BU.DU|,A.HA.BU.DU,,NO_ATTESTED_READING,,,'u4-'a4-bu-aragub
|A.HA.BU.LAGAB|,A.HA.BU.LAGAB,,NO_ATTESTED_READING,,,'u4-'a4-bu-ella2
|A.HA.BU.TAR.DU|,A.HA.BU.TAR.DU,,NO_ATTESTED_READING,,,'u4-'a4-bu-dar6-aragub
|A.HA.DU|,A.HA.DU,,NO_ATTESTED_READING,,,'u4-'a4-aragub
|A.HA.MUŠ.DU|,A.HA.MUŠ.DU,,NO_ATTESTED_READING,,,'u4-'a4-imdudu-aragub
|A.HA.TAR.A.DU|,A.HA.TAR.A.DU,,NO_ATTESTED_READING,,,'u4-'a4-dar6-'u4-aragub
|A.HA.TAR.UD.DU|,A.HA.TAR.UD.DU,,NO_ATTESTED_READING,,,'u4-'a4-dar6-a12-aragub
|A.HA|,A.HA,kuar₂|kuara₂|sahₓ|tuba₂|urumₓ|xriₓ|zahₓ,ATTESTED_DIRECT,OGSL,,'u4-'u4-'a4-'a4
|A.HU.SI|,A.HU.SI,liq₃,ATTESTED_DIRECT,OSL,,'u4-'u5-hux(si)
|A.IGI.GIR₃|,A.IGI.GIR3,,NO_ATTESTED_READING,,,'u4-bad5-anše2
|A.KAL|,A.KAL,ela|ella|eribₓ|illu,ATTESTED_DIRECT,OSL,,'u4-alad2
|A.KA×A|,A.KA×A,uguₓ,ATTESTED_DIRECT,OSL,,'u4-emma2
|A.KU|,A.KU,guninₓ,ATTESTED_DIRECT,OSL,,'u4-be5
|A.KUŠU₂|,A.KUŠU2,akšak₂,ATTESTED_DIRECT,OSL,,'u4-kuš9
|A.LAGAB.LAGAB|,A.LAGAB.LAGAB,enigin,ATTESTED_DIRECT,OSL,,'u4-ella2-ella2
|A.LAGAB×A|,A.LAGAB×A,buniŋₓ|buninₓ,ATTESTED_DIRECT,OSL,,'u4-'u4-'u4-a'a3-a'a3-a'a3
|A.LAGAB×HAL.DI|,A.LAGAB×HAL.DI,id₇,ATTESTED_DIRECT,OSL,,'u4-angur-de
|A.LAGAB×HAL.GAL|,A.LAGAB×HAL.GAL,id₆,ATTESTED_DIRECT,OSL,,'u4-angur-gal
|A.LAGAB×HAL.PAP.NA₂|,A.LAGAB×HAL.PAP.NA2,isubuₓ,ATTESTED_DIRECT,OSL,,'u4-angur-aha3-daramx(na2)
|A.LAGAB×HAL.UD.NUN.KI|,A.LAGAB×HAL.UD.NUN.KI,darengalₓ|idarengalₓ|isurugalₓ|išuruengal|surengal|surgal|turungalₓ,ATTESTED_DIRECT,OSL,,'u4-angur-a12-...ri-ammax(ki)
|A.LAGAB×HAL.X|,A.LAGAB×HAL.X,azadₓ,ATTESTED_DIRECT,OSL,,
|A.LAGAB×HAL.ŠU₂.A|,A.LAGAB×HAL.ŠU2.A,,NO_ATTESTED_READING,,,'u4-angur-ešša2-'u4
|A.LAGAB×HAL.ŠU₂|,A.LAGAB×HAL.ŠU2,azadₓ,ATTESTED_DIRECT,OSL,,'u4-angur-ešša2
|A.LAGAB×KUL.ŠU₂.MA₂.A|,A.LAGAB×KUL.ŠU2.MA2.A,,NO_ATTESTED_READING,,,'u4-esir2-ešša2-hux(ma2)-'u4
|A.LAGAB×KUL.ŠU₂|,A.LAGAB×KUL.ŠU2,azadₓ,ATTESTED_DIRECT,OSL,,'u4-esir2-ešša2
|A.LAGAB×MU|,A.LAGAB×MU,buniŋₓ,ATTESTED_DIRECT,OSL,,
|A.LAGAB×U|,A.LAGAB×U,,NO_ATTESTED_READING,,,'u4-bu4
|A.LAGAR@g|,A.LAGAR@g,,NO_ATTESTED_READING,,,'u4-du6
|A.LAK648×A.GAD.GAR.A.SI|,A.LAK648×A.GAD.GAR.A.SI,,NO_ATTESTED_READING,,,
|A.LAK648×A|,A.LAK648×A,addirₓ,ATTESTED_DIRECT,OSL,,
|A.LUM|,A.LUM,aslumₓ,ATTESTED_DIRECT,OSL,,'u4-egir5
|A.LU₂@s.NA|,A.LU2@s.NA,a-rin₄-na|arinaₓ,ATTESTED_DIRECT,OSL,,'u4-ad₇-aniku
|A.LU₃|,A.LU3,a-gar₅|kunigara₅,ATTESTED_DIRECT,OSL,,'u4-gadx(lu3)
|A.MI.A|,A.MI.A,ega,ATTESTED_DIRECT,OSL,,'u4-dugud2-'u4
|A.MUŠ|,A.MUŠ,šeₓ,ATTESTED_DIRECT,OSL,,'u4-imdudu
|A.MUŠ₃.A.DI|,A.MUŠ3.A.DI,amagiₓ,ATTESTED_DIRECT,OSL,,'u4-ennin-'u4-de
|A.MUŠ₃.DI|,A.MUŠ3.DI,amagea|amagi₂|halba₆|halbi₆|halbu₆|mabi₂|mammi₂|se₂₆|sed₅|sedi₅|še₁₈|šed₁₁,ATTESTED_DIRECT,OSL,,'u4-ennin-de
|A.MUŠ₃@g.DI|,A.MUŠ3@g.DI,,NESTED_IN_LONGER_FORM,,ZA.MUŠ3@g.DI,'u4-muš2-de
|A.MUŠ₃@g|,A.MUŠ3@g,šed₉,ATTESTED_DIRECT,OSL,,'u4-muš2
|A.MUŠ₃|,A.MUŠ3,se₂₄|sed₃|sedi₃|še₁₂|šed₉,ATTESTED_DIRECT,OSL,,'u4-ennin
|A.MUŠ₃×A.DI|,A.MUŠ3×A.DI,amagiₓ|halbaₓ|halbiₓ|mabiₓ|mammiₓ|šeₓ,ATTESTED_DIRECT,OSL,,'u4-muš3×a-de
|A.PA.BI.GIŠ.PAD.SI.A.GA|,A.PA.BI.GIŠ.PAD.SI.A.GA,,NO_ATTESTED_READING,,,'u4-addirx(pa)-be2-es-bad2-hux(si)-'u4-ebir4
|A.PA.BI.GIŠ.PAD.SI.A|,A.PA.BI.GIŠ.PAD.SI.A,addir,ATTESTED_DIRECT,DIRI,,'u4-addirx(pa)-be2-es-bad2-hux(si)-'u4
|A.PA.BI.GIŠ.PAD|,A.PA.BI.GIŠ.PAD,,NO_ATTESTED_READING,,,'u4-addirx(pa)-be2-es-bad2
|A.PA.BI.SI.A.GA|,A.PA.BI.SI.A.GA,samanₓ,ATTESTED_DIRECT,OSL,,'u4-addirx(pa)-be2-hux(si)-'u4-ebir4
|A.PA.GISAL|,A.PA.GISAL,,NESTED_IN_LONGER_FORM,,A.PA.GISAL.PAD.SI.A,'u4-addirx(pa)-gisal
|A.PA.NE.PAD.SI.A|,A.PA.NE.PAD.SI.A,,NO_ATTESTED_READING,,,'u4-addirx(pa)-bar7-bad2-hux(si)-'u4
|A.SAG|,A.SAG,muhₓ|ugu₃,ATTESTED_DIRECT,OSL,,'u4-dul7
|A.SA|,A.SA,A.SA,ATTESTED_DIRECT,SYLLABARY_CM,,'u4-gid3
|A.SIG|,A.SIG,epigₓ,ATTESTED_DIRECT,OSL,,'u4-big
|A.SI|,A.SI,,NESTED_IN_LONGER_FORM,,A.TU.GABA.SIG.GAR; GAR.ŠUŠANA.SILA3; LAK589.A.SI,'u4-hux(si)
|A.TAR.A.AN|,A.TAR.A.AN,ebla,ATTESTED_DIRECT,OSL,,'u4-dar6-'u4-/dimer/
|A.TAR|,A.TAR,,NESTED_IN_LONGER_FORM,,A.HA.TAR.KAK; A.TAR.A.AN; LAGAB×A.TAR,'u4-dar6
|A.TU.A.TU.GABA.LIŠ|,A.TU.A.TU.GABA.LIŠ,,NO_ATTESTED_READING,,,'u4-du2-'u4-du2-du8-del₂
|A.TU.GABA.LIŠ.GAR|,A.TU.GABA.LIŠ.GAR,,NO_ATTESTED_READING,,,'u4-du2-du8-del₂-ga4
|A.TU.GABA.SIG.GAR|,A.TU.GABA.SIG.GAR,A.TU.GABA.SIG.GAR|ASALX(|A.TU.GABA.SIG.GAR|)|asalx(|A.TU.GABA.SIG.GAR|),ATTESTED_DIRECT,SYLLABARY_CM,,'u4-du2-du8-big-ga4
|A.TU.GABA|,A.TU.GABA,A.TU.GABA|ASALX(|A.TU.GABA|)|asalx(|A.TU.GABA|),ATTESTED_DIRECT,SYLLABARY_CM,,'u4-du2-du8
|A.TU.NUN&NUN.GABA.LIŠ|,A.TU.NUN&NUN.GABA.LIŠ,,NO_ATTESTED_READING,,,'u4-du2-lurₓ-du8-del₂
|A.TU.NUN&NUN.LIŠ|,A.TU.NUN&NUN.LIŠ,,NO_ATTESTED_READING,,,'u4-du2-lurₓ-del₂
|A.TU.NUN&NUN|,A.TU.NUN&NUN,asal₃,ATTESTED_DIRECT,OSL,,'u4-du2-lurₓ
|A.TUR|,A.TUR,edamu,ATTESTED_DIRECT,OSL,,'u4-ban3
|A.TU|,A.TU,A.TU|ASALX(|A.TU|)|asalx(|A.TU|),ATTESTED_DIRECT,SYLLABARY_CM,,'u4-du2
|A.U.EDIN.LAL|,A.U.EDIN.LAL,ummuₓ|ummudₓ,ATTESTED_DIRECT,OSL,,'u4-1u-bilx(edin)-la2
|A.U.KA|,A.U.KA,uguₓ,ATTESTED_DIRECT,OSL,,'u4-1u-/eneĝ/
|A.ZA.MUŠ₃@g|,A.ZA.MUŠ3@g,aškudₓ,ATTESTED_DIRECT,OSL,,'u4-sa3-muš2
|A.ZI&ZI.A|,A.ZI&ZI.A,,NO_ATTESTED_READING,,,
|A.ZI&ZI.EŠ₂|,A.ZI&ZI.EŠ2,,NO_ATTESTED_READING,,,
|A.ZI&ZI.LAGAB|,A.ZI&ZI.LAGAB,aškiₓ,ATTESTED_DIRECT,OSL,,
|A.ZU|,A.ZU,aktumₓ,ATTESTED_DIRECT,OSL,,'u4-ka14
|A.ZU₅|,A.ZU5,azuₓ,ATTESTED_DIRECT,OSL,,'u4-zu5
|A.ŠE.NUN&NUN|,A.ŠE.NUN&NUN,asi|eša|eše₄,ATTESTED_DIRECT,OSL,,'u4-dir4
|A.ŠU.NAGA|,A.ŠU.NAGA,tu₁₇,ATTESTED_DIRECT,OSL,,'u4-kat7-ereš2
|A.ŠU₂.U₂.NAGA|,A.ŠU2.U2.NAGA,šeg₄,ATTESTED_DIRECT,DIRI,,'u4-ešša2-ba6-ereš2
|AB.HA.ZAG.GABA.HU|,AB.HA.ZAG.GABA.HU,essadu|ešsadu,ATTESTED_DIRECT,OSL,,ab-'a4-bute-du8-'u5
|AB.HA@g|,AB.HA@g,girabaₓ,ATTESTED_DIRECT,OSL,,ab-bis2
|AB.KID&KID|,AB.KID&KID,,NO_ATTESTED_READING,,,
|AB.KID.KID|,AB.KID.KID,akkilₓ,ATTESTED_DIRECT,OSL,,ab-buru6-buru6
|AB.KID|,AB.KID,akkilₓ,ATTESTED_DIRECT,OSL,,ab-buru6
|AB.MUŠ₃|,AB.MUŠ3,sugal₆|zabala₆|zabalam₆,ATTESTED_DIRECT,OSL,,ab-ennin
|AB.NAM|,AB.NAM,absin₂,ATTESTED_DIRECT,OSL,,ab-bir5
|AB.TE|,AB.TE,,NO_ATTESTED_READING,,,ab-de4
|AB.ŠEŠ|,AB.ŠEŠ,,NO_ATTESTED_READING,,,ab-ah2
|AB@g.MUŠ₃.ZA|,AB@g.MUŠ3.ZA,zabalaₓ,ATTESTED_DIRECT,OSL,,ab4-ennin-sa3
|AB@g.MUŠ₃|,AB@g.MUŠ3,zabalaₓ,ATTESTED_DIRECT,OSL,,ab4-ennin
|AB×(U.U.U).KU₃.LAM.SAL|,AB×(U.U.U).KU3.LAM.SAL,,NO_ATTESTED_READING,,,ab×u+u+u-ku3-ešx(lam)-f
|AB×A|,AB×A,AB×A,ATTESTED_DIRECT,SYLLABARY_CM,,ab-'u4
|AB×DIŠ|,AB×DIŠ,,NO_ATTESTED_READING,,,ab-anₓ
|AB×HA.TAG|,AB×HA.TAG,siraraₓ,ATTESTED_DIRECT,OSL,,ab×ha-da6
|AB×KI|,AB×KI,,NESTED_IN_LONGER_FORM,,LAGAB×KIN; LAGAB×KI,ab-ammax(ki)
|AB×MAŠ|,AB×MAŠ,,NO_ATTESTED_READING,,,ab-ba7
|AB×NUN@t|,AB×NUN@t,,NO_ATTESTED_READING,,,ab-agargara
|AB×TAK₄|,AB×TAK4,,NESTED_IN_LONGER_FORM,,LAGAB×TAK4,ab-azad2
|AB×U|,AB×U,mahₓ|iriₓ,ATTESTED_DIRECT,OSL,,ab-1u
|AB₂.AN.ŠEŠ.KI|,AB2.AN.ŠEŠ.KI,munzerₓ,ATTESTED_DIRECT,OSL,,ab2-/dimer/-ah2-ammax(ki)
|AB₂.LAGAB×U|,AB2.LAGAB×U,unudₓ,ATTESTED_DIRECT,OSL,,ab2-bu4
|AB₂.LU|,AB2.LU,udul₁₀|utul₁₀,ATTESTED_DIRECT,OSL,,ab2-eze
|AB₂.NUN.ME.DU|,AB2.NUN.ME.DU,{+ab₂}abrig|abrig₂,ATTESTED_DIRECT,OSL,,ab2-...ri-ba13-aragub
|AB₂.NUN.ME|,AB2.NUN.ME,abrig₂,ATTESTED_DIRECT,OSL,,ab2-...ri-ba13
|AB₂.TAK₄|,AB2.TAK4,,NO_ATTESTED_READING,,,ab2-azad2
|AB₂.TUG₂|,AB2.TUG2,sumunₓ,ATTESTED_DIRECT,OSL,,ab2-azalag2
|AB₂.ŠA₃.GI|,AB2.ŠA3.GI,zeₓ,ATTESTED_DIRECT,OSL,,ab2-didala-ešša3
|AB₂×AMAR@t|,AB2×AMAR@t,,NO_ATTESTED_READING,,,ab2-amar
|AB₂×DUB₂|,AB2×DUB2,AB2×DUB2,ATTESTED_DIRECT,SYLLABARY_CM,,ab2-dim5
|AB₂×GAN₂|,AB2×GAN2,lilisₓ,ATTESTED_DIRECT,OSL,,ab2-al3
|AB₂×GUD|,AB2×GUD,,NESTED_IN_LONGER_FORM,,NUNUZ.AB2×GUD,ab2-alap
|AB₂×KU|,AB2×KU,unudₓ,ATTESTED_DIRECT,OSL,,ab2-be5
|AB₂×MU|,AB2×MU,,NO_ATTESTED_READING,,,ab2-gu10
|AB₂×TAB|,AB2×TAB,,NO_ATTESTED_READING,,,ab2-dab2
|AB₂×TAK₄|,AB2×TAK4,girₓ|kirₓ|libišₓ|šagₓ|šem₆|ub₅|uba₅,ATTESTED_DIRECT,OSL,,ab2-azad2
|AB₂×ŠE|,AB2×ŠE,,NO_ATTESTED_READING,,,ab2-ašnan2
|AD.E₂|,AD.E2,ad-kidₓ|akkilₓ,ATTESTED_DIRECT,OSL,,ab3-'a3
|AD.KID.KID|,AD.KID.KID,akkilₓ,ATTESTED_DIRECT,OSL,,ab3-buru6-buru6
|AD.KU|,AD.KU,akkilₓ,ATTESTED_DIRECT,OSL,,ab3-be5
|AL.PA|,AL.PA,,NESTED_IN_LONGER_FORM,,A.PA.GISAL.PAD.SI.A; GISAL.PAD.SI.A,al-addirx(pa)
|AL.ŠE|,AL.ŠE,ilₓ,ATTESTED_DIRECT,OSL,,al-ašnan2
|ALAN&ALAN|,ALAN&ALAN,alamₓ,ATTESTED_DIRECT,OSL,,al2-al2
|ALAN×GAN₂@t|,ALAN×GAN2@t,,NO_ATTESTED_READING,,,al2-gan2@t
|AL×TUG₂|,AL×TUG2,dubal₇,ATTESTED_DIRECT,OSL,,al-azalag2
|AMAR&AMAR|,AMAR&AMAR,,NESTED_IN_LONGER_FORM,,|AMAR&AMAR|,amar-amar
|AMAR.DA|,AMAR.DA,marad₂,ATTESTED_DIRECT,OSL,,amar-ax(da)
|AMAR.ERIN₂|,AMAR.ERIN2,,NO_ATTESTED_READING,,,amar-bir3
|AMAR.GIŠ|,AMAR.GIŠ,,NO_ATTESTED_READING,,,amar-es
|AMAR×PAP|,AMAR×PAP,amar|mar₂|zur,ATTESTED_DIRECT,OSL,,amar-aha3
|AMAR×ŠE.AMAR×ŠE|,AMAR×ŠE.AMAR×ŠE,siskur₂|siškur₂|sizkur₂|tiškurₓ,ATTESTED_DIRECT,OSL,,amar×še-amar×še
|AN&AŠ&AN|,AN&AŠ&AN,,NO_ATTESTED_READING,,,/dimer/-1aš-/dimer/
|AN.3×AN|,AN.3×AN,šuhubₓ,ATTESTED_DIRECT,OSL,,/dimer/-anx3
|AN.A.LAGAB×HAL|,AN.A.LAGAB×HAL,ita₄|iti₄|itu₄,ATTESTED_DIRECT,OSL,,/dimer/-'u4-angur
|AN.AB×HA|,AN.AB×HA,niŋenₓ,ATTESTED_DIRECT,OSL,,/dimer/-ab×ha
|AN.AN.AN|,AN.AN.AN,,NO_ATTESTED_READING,,,/dimer/-/dimer/-/dimer/
|AN.AN.AŠ|,AN.AN.AŠ,tillaₓ,ATTESTED_DIRECT,OSL,,/dimer/-/dimer/-1aš
|AN.AN|,AN.AN,tillaₓ,ATTESTED_DIRECT,OSL,,/dimer/-/dimer/
|AN.AŠ.A.AN|,AN.AŠ.A.AN,tilla₄?,ATTESTED_DIRECT,OSL,,/dimer/-1aš-'u4-/dimer/
|AN.AŠ@z.AN|,AN.AŠ@z.AN,tilla₅,ATTESTED_DIRECT,OSL,,/dimer/-1(aš@t)-/dimer/
|AN.BARA₂|,AN.BARA2,kunigara,ATTESTED_DIRECT,OSL,,/dimer/-bar2
|AN.DIŠ.AN|,AN.DIŠ.AN,tilla₃?,ATTESTED_DIRECT,OSL,,/dimer/-anₓ-/dimer/
|AN.DU.AN|,AN.DU.AN,aššan,ATTESTED_DIRECT,OSL,,/dimer/-aragub-/dimer/
|AN.DUGUD|,AN.DUGUD,,NO_ATTESTED_READING,,,/dimer/-dugud
|AN.EN.NU.NUNUZ.NAM.AN.ŠEŠ.KI|,AN.EN.NU.NUNUZ.NAM.AN.ŠEŠ.KI,zirruₓ,ATTESTED_DIRECT,OSL,,/dimer/-adx(en)-la3-nunu-bir5-/dimer/-ah2-ammax(ki)
|AN.EN.NU.NUNUZ.ZI.AN.ŠEŠ.KI|,AN.EN.NU.NUNUZ.ZI.AN.ŠEŠ.KI,zirruₓ,ATTESTED_DIRECT,OSL,,/dimer/-adx(en)-la3-nunu-se2-/dimer/-ah2-ammax(ki)
|AN.GUD|,AN.GUD,nirahₓ,ATTESTED_DIRECT,OSL,,/dimer/-alap
|AN.GU×KAK|,AN.GU×KAK,ušanₓ,ATTESTED_DIRECT,OSL,,
|AN.GU₂×KAK|,AN.GU2×KAK,usanₓ,ATTESTED_DIRECT,OSL,,/dimer/-dur
|AN.GU₂×NUN.PA.EL|,AN.GU2×NUN.PA.EL,an-zib₂,ATTESTED_DIRECT,DIRI,,/dimer/-gu2×nun-addirx(pa)-el
|AN.GU₂×NUN|,AN.GU2×NUN,usanₓ,ATTESTED_DIRECT,OSL,,/dimer/-gu2×nun
|AN.GU₂×PAP|,AN.GU2×PAP,usanₓ,ATTESTED_DIRECT,OSL,,
|AN.HI×GAD|,AN.HI×GAD,kešₓ,ATTESTED_DIRECT,OSL,,/dimer/-hi×gad
|AN.HUL₂|,AN.HUL2,,NO_ATTESTED_READING,,,/dimer/-bibra
|AN.IM|,AN.IM,kutraₓ|qutraₓ,ATTESTED_DIRECT,OSL,,/dimer/-adad
|AN.ME.NAGA|,AN.ME.NAGA,kurkuₓ,ATTESTED_DIRECT,OSL,,/dimer/-ba13-ereš2
|AN.ME.U.U.U|,AN.ME.U.U.U,ili₇,ATTESTED_DIRECT,OSL,,/dimer/-eš17
|AN.MI.HU|,AN.MI.HU,,NO_ATTESTED_READING,,,/dimer/-dugud2-'u5
|AN.MI|,AN.MI,,NO_ATTESTED_READING,,,/dimer/-dugud2
|AN.MUŠ|,AN.MUŠ,kunigara₂,ATTESTED_DIRECT,OSL,,/dimer/-imdudu
|AN.MUŠ₃.AB@g|,AN.MUŠ3.AB@g,zabalaₓ,ATTESTED_DIRECT,OSL,,/dimer/-ennin-ab4
|AN.NA|,AN.NA,an-na|nagga|nanga₅?|niggi|niggin,ATTESTED_DIRECT,OSL,,/dimer/-aniku
|AN.NI₂.MI|,AN.NI2.MI,,NO_ATTESTED_READING,,,/dimer/-me10-dugud2
|AN.SAG@g|,AN.SAG@g,ṣil₃|%akk ṣillu,ATTESTED_DIRECT,OSL,,/dimer/-dilx(sag@g)
|AN.SAL.TUG₂.IB|,AN.SAL.TUG2.IB,ligidbaₓ|urzababitumₓ,ATTESTED_DIRECT,OSL,,/dimer/-nin-arkabx(ib)
|AN.TU|,AN.TU,kunigara₃,ATTESTED_DIRECT,OSL,,/dimer/-du2
|AN.UD.AN.UD|,AN.UD.AN.UD,,NO_ATTESTED_READING,,,/dimer/-a12-/dimer/-a12
|AN.U|,AN.U,enₓ,ATTESTED_DIRECT,OSL,,/dimer/-1u
|AN.ZAG|,AN.ZAG,uzugₓ,ATTESTED_DIRECT,OSL,,/dimer/-bute
|AN.ŠE.NAGA.GAL|,AN.ŠE.NAGA.GAL,nanibgalₓ,ATTESTED_DIRECT,OSL,,/dimer/-ašnan2-ereš2-gal
|AN.ŠEŠ.KI|,AN.ŠEŠ.KI,nanna₂,ATTESTED_DIRECT,OSL,,/dimer/-ah2-ammax(ki)
|AN.ŠU₂.E₂|,AN.ŠU2.E2,,NO_ATTESTED_READING,,,/dimer/-ešša2-'a3
|ANŠE.AN|,ANŠE.AN,šakan₄,ATTESTED_DIRECT,OSL,,anše-/dimer/
|ANŠE.ARAD|,ANŠE.ARAD,dur₃|šakkan₆||ANŠE.ARAD|,ATTESTED_DIRECT,DIRI,,anše-...ki
|ANŠE.ARAD×KUR|,ANŠE.ARAD×KUR,,NO_ATTESTED_READING,,,anše-/ĝereš/
|ANŠE.IGI.DIB|,ANŠE.IGI.DIB,dusuₓ,ATTESTED_DIRECT,OSL,,anše-ša₁₇
|ANŠE.IGI|,ANŠE.IGI,dusuₓ,ATTESTED_DIRECT,OSL,,anše-bad5
|ANŠE.KUR|,ANŠE.KUR,ANŠE.KUR|SISIX(|ANŠE.KUR|)|sisix(|ANŠE.KUR|),ATTESTED_DIRECT,SYLLABARY_CM,,anše-amma
|ANŠE.PA|,ANŠE.PA,anšeₓ|anšuₓ|sumuganₓ|šakanₓ,ATTESTED_DIRECT,OSL,,anše-addirx(pa)
|ANŠE×SAL|,ANŠE×SAL,,NO_ATTESTED_READING,,,anše-f
|ANŠE×ŠA₃|,ANŠE×ŠA3,šakkanₓ,ATTESTED_DIRECT,OSL,,anše-didala
|ARAD.ANŠE|,ARAD.ANŠE,durₓ,ATTESTED_DIRECT,OGSL,,...ki-...ki-anše-anše
|ARAD.RA|,ARAD.RA,era?,ATTESTED_DIRECT,OSL,,...ki-ra
|ARKAB₂.IB|,ARKAB2.IB,arkabₓ,ATTESTED_DIRECT,OSL,,argab-arkabx(ib)
|A×AN|,A×AN,,NO_ATTESTED_READING,,,'u4-/dimer/
|A×KU₃|,A×KU3,,NO_ATTESTED_READING,,,'u4-ku3
|A×SUD@90|,A×SUD@90,amušₓ,ATTESTED_DIRECT,OSL,,'u4-sar4
|AŠ&AŠ&AŠ.AŠ&AŠ&AŠ.AŠ|,AŠ&AŠ&AŠ.AŠ&AŠ&AŠ.AŠ,imin₃|imina₃|umun₉,ATTESTED_DIRECT,OSL,,eš₁₆-eš₁₆-1aš
|AŠ&AŠ&AŠ.AŠ&AŠ&AŠ|,AŠ&AŠ&AŠ.AŠ&AŠ&AŠ,aš₉,ATTESTED_DIRECT,OSL,,eš₁₆-eš₁₆
|AŠ&AŠ&AŠ.TAB|,AŠ&AŠ&AŠ.TAB,ia₉,ATTESTED_DIRECT,OSL,,eš₁₆-dab2
|AŠ+GU₂|,AŠ+GU2,,NO_ATTESTED_READING,,,1aš-gu2
|AŠ+SUR|,AŠ+SUR,aš-šur,ATTESTED_DIRECT,OSL,,1aš-sur
|AŠ.A.AN|,AŠ.A.AN,tillaₓ,ATTESTED_DIRECT,OSL,,1aš-'u4-/dimer/
|AŠ.AN.AŠ|,AŠ.AN.AŠ,tillaₓ,ATTESTED_DIRECT,OSL,,1aš-/dimer/-1aš
|AŠ.AŠ|,AŠ.AŠ,didli|man₃|min₅,ATTESTED_DIRECT,OSL,,1aš-1aš-1aš-1aš
|AŠ.GAN₂|,AŠ.GAN2,ikuₓ,ATTESTED_DIRECT,OSL,,1aš-al3
|AŠ.HI×DIŠ.GI₄|,AŠ.HI×DIŠ.GI4,aski|ašgi,ATTESTED_DIRECT,OSL,,1aš-as₆-ga8
|AŠ.KUN|,AŠ.KUN,megidaₓ,ATTESTED_DIRECT,OSL,,1aš-...nunnam...
|AŠ@t.DAR|,AŠ@t.DAR,ašdar|eš₁₈-dar,ATTESTED_DIRECT,OSL,,1(aš@t)-dar
|AŠ@z&AŠ@z&AŠ@z|,AŠ@z&AŠ@z&AŠ@z,eš₁₆,ATTESTED_DIRECT,OSL,,1aš-1aš-1aš
|AŠ×BAD|,AŠ×BAD,,NO_ATTESTED_READING,,,1aš-ba9
|AŠ₂.A|,AŠ2.A,imgagaₓ|imŋaŋaₓ,ATTESTED_DIRECT,OSL,,as2-'u4
|AŠ₂.GAR₃|,AŠ2.GAR3,ešgar,ATTESTED_DIRECT,OSL,,as2-gar3
|AŠ₂.U&U|,AŠ2.U&U,bania,ATTESTED_DIRECT,OSL,,
|AŠ₂.U|,AŠ2.U,banlimmu,ATTESTED_DIRECT,OSL,,as2-1u
|A₂.AŠ|,A2.AŠ,liri₅|liru₅|lirum₅,ATTESTED_DIRECT,OSL,,a2-1aš
|A₂.GA₂×SAL|,A2.GA2×SAL,arhuš₇,ATTESTED_DIRECT,OSL,,a2-am5
|A₂.HU|,A2.HU,ti₈~v,ATTESTED_DIRECT,OSL,,a2-'u5
|A₂.KAL|,A2.KAL,liri₄|liru₄|lirum₄|usu|uššuₓ,ATTESTED_DIRECT,OSL,,a2-alad2
|A₂.MUŠ₃@g|,A2.MUŠ3@g,aškud,ATTESTED_DIRECT,OSL,,a2-muš2
|A₂.MUŠ₃|,A2.MUŠ3,aškud₂,ATTESTED_DIRECT,OSL,,a2-ennin
|A₂.PA|,A2.PA,azag₂,ATTESTED_DIRECT,OSL,,a2-addirx(pa)
|A₂.SAL|,A2.SAL,arhuš₆,ATTESTED_DIRECT,OSL,,a2-f
|A₂.TUR|,A2.TUR,arhuš₅,ATTESTED_DIRECT,OSL,,a2-ban3
|A₂.U.KID|,A2.U.KID,ašita|ašte,ATTESTED_DIRECT,OSL,,a2-1u-buru6
|A₂.UD.DU|,A2.UD.DU,ehe|ehi,ATTESTED_DIRECT,OSL,,a2-a12-aragub
|A₂.ZA.AN.MUŠ₃|,A2.ZA.AN.MUŠ3,aškudₓ|zannaruₓ,ATTESTED_DIRECT,OSL,,a2-sa3-/dimer/-ennin
|A₂.ZA.MUŠ₃|,A2.ZA.MUŠ3,,NESTED_IN_LONGER_FORM,,A2.ZA.MUŠ3@g,a2-sa3-ennin
|BAD&BAD.X|,BAD&BAD.X,,NO_ATTESTED_READING,,,
|BAD&BAD|,BAD&BAD,ešemen₅|ešemin₅,ATTESTED_DIRECT,OSL,,ba9-ba9
|BAD.AŠ|,BAD.AŠ,zar₆|zara₆|zuru₁₀,ATTESTED_DIRECT,OSL,,ba9-1aš
|BAD.BAD|,BAD.BAD,dabda₂|ugₓ,ATTESTED_DIRECT,OSL,,ba9-ba9
|BAD.IGI.BAD|,BAD.IGI.BAD,burₓ|buruₓ|gurinₓ|gurun₂|kurunₓ,ATTESTED_DIRECT,OSL,,ba9-bad5-ba9
|BAD.KASKAL|,BAD.KASKAL,sagmaš|saŋmaš|zanbur,ATTESTED_DIRECT,OSL,,ba9-bu2
|BAD.LU₂|,BAD.LU2,adₓ|addaₓ,ATTESTED_DIRECT,OSL,,ba9-addax(lu2)
|BAD.MI|,BAD.MI,adama|adamu|mudgi,ATTESTED_DIRECT,OSL,,ba9-dugud2
|BAD×AŠ@t|,BAD×AŠ@t,,NO_ATTESTED_READING,,,ba9-1(aš@t)
|BAD×DIŠ|,BAD×DIŠ,,NO_ATTESTED_READING,,,ba9-anₓ
|BAHAR₂×GU|,BAHAR2×GU,,NO_ATTESTED_READING,,,/allura/-gu
|BALAG.A|,BALAG.A,hurinₓ,ATTESTED_DIRECT,OSL,,balag-'u4
|BALAG.DIN.AN.MUŠ|,BALAG.DIN.AN.MUŠ,,NO_ATTESTED_READING,,,balag-dan5-/dimer/-imdudu
|BALAG.KID|,BALAG.KID,,NO_ATTESTED_READING,,,balag-buru6
|BALAG.LUL|,BALAG.LUL,tegi|tigi|tigu,ATTESTED_DIRECT,OSL,,balag-bah3
|BALAG.TUR|,BALAG.TUR,zabitum,ATTESTED_DIRECT,OSL,,balag-ban3
|BAR.3×AN|,BAR.3×AN,suhub|šuhub,ATTESTED_DIRECT,OSL,,ba15-anx3
|BAR.AN|,BAR.AN,kunga₂,ATTESTED_DIRECT,OGSL,,ba15-/dimer/
|BAR.BAHAR₂|,BAR.BAHAR2,,NO_ATTESTED_READING,,,ba15-/allura/
|BAR.GUD|,BAR.GUD,,NO_ATTESTED_READING,,,ba15-alap
|BAR.HU.KAK|,BAR.HU.KAK,nunmeli,ATTESTED_DIRECT,OSL,,ba15-'u5-ban4
|BARA₂.BI|,BARA2.BI,titabₓ,ATTESTED_DIRECT,OSL,,bar2-be2
|BARA₂.PAP.PAP|,BARA2.PAP.PAP,bara₂-munu₅|titab,ATTESTED_DIRECT,OSL,,bar2-aha3-aha3
|BARA₂.PAP.ŠE.PAP|,BARA2.PAP.ŠE.PAP,BARA2-MUNU5|BARA2.PAP.ŠE.PAP|TITAB|bara2-munu5|titab,ATTESTED_DIRECT,SYLLABARY_CM,,bar2-aha3-ašnan2-aha3
|BAR×AN|,BAR×AN,kunga₂|kungi₂|suhubₓ,ATTESTED_DIRECT,OSL,,ba15-/dimer/
|BI.DAR|,BI.DAR,lungaₓ,ATTESTED_DIRECT,OSL,,be2-dar
|BI.DIN|,BI.DIN,kurun,ATTESTED_DIRECT,OSL,,be2-dan5
|BI.GIŠ.GAD.A.A.SI|,BI.GIŠ.GAD.A.A.SI,,NO_ATTESTED_READING,,,be2-es-gad-'u4-'u4-hux(si)
|BI.GIŠ|,BI.GIŠ,gisalₓ,ATTESTED_DIRECT,OSL,,be2-es
|BI.KI.GAR|,BI.KI.GAR,,NO_ATTESTED_READING,,,be2-ammax(ki)-ga4
|BI.KI|,BI.KI,,NO_ATTESTED_READING,,,be2-ammax(ki)
|BI.LUL|,BI.LUL,kušum|šaqa|šaqu|šaqum,ATTESTED_DIRECT,OSL,,be2-bah3
|BI.MI|,BI.MI,kurun₅|siris₅,ATTESTED_DIRECT,OSL,,be2-dugud2
|BI.SUD.A|,BI.SUD.A,kašbirₓ,ATTESTED_DIRECT,OSL,,be2-sar4-'u4
|BI.UD.SUD|,BI.UD.SUD,kašbirₓ,ATTESTED_DIRECT,OSL,,be2-a12-sar4
|BI.UŠ.SA|,BI.UŠ.SA,dida₂|{kaš}dida₂|pihu₅,ATTESTED_DIRECT,OSL,,be2-geš3-gid3
|BI.U₂.SA.KA.KAK|,BI.U2.SA.KA.KAK,pihu,ATTESTED_DIRECT,OSL,,be2-ba6-gid3-/eneĝ/-ban4
|BI.U₂.SA|,BI.U2.SA,dida|pihu₄,ATTESTED_DIRECT,OSL,,be2-ba6-gid3
|BI.ZIZ₂.A.AN|,BI.ZIZ2.A.AN,{kaš}ulušin,ATTESTED_DIRECT,OSL,,be2-ziz2-'u4-/dimer/
|BI.ZIZ₂.AN.NA|,BI.ZIZ2.AN.NA,{kaš}ulušin₂,ATTESTED_DIRECT,OSL,,be2-ziz2-/dimer/-aniku
|BI.ZIZ₂.AN|,BI.ZIZ2.AN,{kaš}ulušin₃,ATTESTED_DIRECT,OSL,,be2-ziz2-/dimer/
|BI.ZIZ₂|,BI.ZIZ2,{kaš}ulušinₓ,ATTESTED_DIRECT,OSL,,be2-ziz2
|BI×BAD|,BI×BAD,,NO_ATTESTED_READING,,,be2-ba9
|BI×DIŠ|,BI×DIŠ,bappirₓ|lungaₓ,ATTESTED_DIRECT,OSL,,be2-anₓ
|BI×IGI|,BI×IGI,,NESTED_IN_LONGER_FORM,,BI×IGI@g,be2-bad5
|BI×PAP|,BI×PAP,,NO_ATTESTED_READING,,,be2-aha3
|BU%BU.AB|,BU%BU.AB,,NO_ATTESTED_READING,,,unu₁₂-ab
|BU&BU|,BU&BU,sirsirₓ,ATTESTED_DIRECT,OSL,,bu-bu
|BU.BU@90.KALAM@g|,BU.BU@90.KALAM@g,kitiₓ,ATTESTED_DIRECT,OSL,,
|BU.BU@90|,BU.BU@90,arinaₓ,ATTESTED_DIRECT,OSL,,
|BU.BU|,BU.BU,riₓ,ATTESTED_DIRECT,OSL,,bu-bu
|BU.DIN.BALAG.DAR|,BU.DIN.BALAG.DAR,,NO_ATTESTED_READING,,,bu-dan5-balag-dar
|BU.DIN.BALAG.NUN|,BU.DIN.BALAG.NUN,,NO_ATTESTED_READING,,,bu-dan5-balag-...ri
|BU.EŠ₂.ŠE.NUN|,BU.EŠ2.ŠE.NUN,saman₃,ATTESTED_DIRECT,OSL,,bu-ege-ašnan2-...ri
|BU.HA.DU|,BU.HA.DU,,NO_ATTESTED_READING,,,bu-'a4-aragub
|BU.NAGAR.UM|,BU.NAGAR.UM,ildumₓ,ATTESTED_DIRECT,OSL,,bu-alla-deh2
|BU.NAGAR|,BU.NAGAR,,NO_ATTESTED_READING,,,bu-alla
|BU.NU.NUN.LUH.EŠ₂|,BU.NU.NUN.LUH.EŠ2,samanₓ,ATTESTED_DIRECT,OSL,,bu-la3-...ri-huluh-ege
|BU.NUN.ŠE.EŠ₂|,BU.NUN.ŠE.EŠ2,samanₓ,ATTESTED_DIRECT,OSL,,bu-...ri-ašnan2-ege
|BU.ŠE.EŠ₂.NUN|,BU.ŠE.EŠ2.NUN,saman₃,ATTESTED_DIRECT,OSL,,bu-ašnan2-ege-...ri
|BU@90.BU.KALAM@g|,BU@90.BU.KALAM@g,,NO_ATTESTED_READING,,,
|BU@90.BU.NA₂|,BU@90.BU.NA2,,NO_ATTESTED_READING,,,
|BULUG.NAGAR|,BULUG.NAGAR,minbulugₓ,ATTESTED_DIRECT,OSL,,bu9-alla
|BUR.NU₁₁.LA.HU|,BUR.NU11.LA.HU,lagašₓ,ATTESTED_DIRECT,OSL,,bur-duri-la-'u5
|BUR.NU₁₁.LA|,BUR.NU11.LA,lagašₓ,ATTESTED_DIRECT,OSL,,bur-duri-la
|BUR.NU₁₁|,BUR.NU11,buruₓ|lagašₓ,ATTESTED_DIRECT,OGSL,,bur-bur-duri-duri
|BURU₅×A|,BURU5×A,,NO_ATTESTED_READING,,,birₓ-'u4
|BUR₂.BUR₂|,BUR2.BUR2,bubbur,ATTESTED_DIRECT,OSL,,bal2-bal2
|BU×ERIN₂|,BU×ERIN2,,NO_ATTESTED_READING,,,bu-bir3
|DA.UŠ|,DA.UŠ,gabraₓ|ragabₓ,ATTESTED_DIRECT,OSL,,ax(da)-geš3
|DAG.AB₂×LA|,DAG.AB2×LA,,NO_ATTESTED_READING,,,
|DAG.DAG.KISIM₅×(U₂.GIR₂)|,DAG.DAG.KISIM5×(U2.GIR2),,NO_ATTESTED_READING,,,bar3-dag.kisim5×u2+gir2
|DAG.E₂.NUN|,DAG.E2.NUN,,NO_ATTESTED_READING,,,bar3-'a3-...ri
|DAG.KISIM₅|,DAG.KISIM5,kišiₓ,ATTESTED_DIRECT,OSL,,bar3-kisim5
|DAG.KISIM₅×(LU.GIR₂)|,DAG.KISIM5×(LU.GIR2),kišiₓ,ATTESTED_DIRECT,OSL,,
|DAG.KISIM₅×EN|,DAG.KISIM5×EN,,NO_ATTESTED_READING,,,
|DAG.KISIM₅×U|,DAG.KISIM5×U,uburₓ,ATTESTED_DIRECT,OSL,,
|DAG.KISIM₅×X|,DAG.KISIM5×X,ku₁₂|lu₁₀,ATTESTED_DIRECT,OSL,,
|DAG.KISIM₅×ŠE|,DAG.KISIM5×ŠE,,NO_ATTESTED_READING,,,
|DAG×PAP|,DAG×PAP,DAG×PA4|DAG×PAP,ATTESTED_DIRECT,SYLLABARY_CM,,bar3-aha3
|DAG×U|,DAG×U,,NO_ATTESTED_READING,,,bar3-1u
|DAM.UŠ|,DAM.UŠ,nitadamₓ,ATTESTED_DIRECT,OSL,,da4-geš3
|DARA₃×MA|,DARA3×MA,,NO_ATTESTED_READING,,,dar3-ma
|DA×GIŠ@t|,DA×GIŠ@t,,NO_ATTESTED_READING,,,ax(da)-giš@t
|DI.DI|,DI.DI,sadu,ATTESTED_DIRECT,OSL,,de-de
|DI.TAR|,DI.TAR,ištaranₓ,ATTESTED_DIRECT,OSL,,de-dar6
|DI.X|,DI.X,guruštiₓ,ATTESTED_DIRECT,OSL,,
|DIM×KAK|,DIM×KAK,saŋšagurₓ|šagurₓ|šaŋurₓ,ATTESTED_DIRECT,OSL,,di11-ban4
|DIM×KUR.SAR|,DIM×KUR.SAR,,NO_ATTESTED_READING,,,
|DIM×MAŠ|,DIM×MAŠ,mašgurₓ,ATTESTED_DIRECT,OSL,,di11-ba7
|DIM₂×SU|,DIM2×SU,,NO_ATTESTED_READING,,,/šitlam/-guš
|DIN.BI|,DIN.BI,kurunₓ,ATTESTED_DIRECT,OSL,,dan5-be2
|DIN.KASKAL|,DIN.KASKAL,kurunₓ,ATTESTED_DIRECT,OSL,,dan5-bu2
|DIN.ŠE.NUN&NUN|,DIN.ŠE.NUN&NUN,babilaₓ|din-tir|gamun,ATTESTED_DIRECT,OSL,,dan5-dir4
|DIN×ŠE|,DIN×ŠE,,NO_ATTESTED_READING,,,dan5-ašnan2
|DIŠ+NUN.LAGAR|,DIŠ+NUN.LAGAR,immal,ATTESTED_DIRECT,OSL,,anₓ-...ri-lagal
|DIŠ.DAR|,DIŠ.DAR,ašdar₂,ATTESTED_DIRECT,OSL,,anₓ-dar
|DIŠ.DIŠ.DIŠ.U.U.U|,DIŠ.DIŠ.DIŠ.U.U.U,iššebuₓ,ATTESTED_DIRECT,OSL,,anₓ-anₓ-anₓ-ba₃
|DIŠ.DIŠ.DIŠ.U.U|,DIŠ.DIŠ.DIŠ.U.U,eššaba|eššana|iššebu,ATTESTED_DIRECT,OSL,,anₓ-anₓ-anₓ-amna₂
|DIŠ.DIŠ.DIŠ|,DIŠ.DIŠ.DIŠ,eš₅|eša₅,ATTESTED_DIRECT,OSL,,anₓ-anₓ-anₓ
|DIŠ@k.DIŠ@k.DIŠ@k.DIŠ@k|,DIŠ@k.DIŠ@k.DIŠ@k.DIŠ@k,bag₂|bak₂,ATTESTED_DIRECT,OSL,,
|DU&DU.DU&DU|,DU&DU.DU&DU,lahₓ|rahₓ|reₓ|suₓ|subₓ|sugₓ|šuₓ,ATTESTED_DIRECT,OSL,,er₁₄-er₁₄
|DU.DU.DU.DU|,DU.DU.DU.DU,lahₓ|lalahₓ|rahₓ|reₓ|suₓ|subₓ|sugₓ|šuₓ,ATTESTED_DIRECT,OSL,,aragub-aragub-aragub-aragub
|DU.DU|,DU.DU,erₓ|ereₓ|gidₓ|lah₅|laha₅|lalah₂|rahₓ|sugₓ|šuₓ,ATTESTED_DIRECT,OSL,,aragub-aragub
|DU.HUB₂|,DU.HUB2,rig₁₂|rige₁₂,ATTESTED_DIRECT,OSL,,aragub-dux(hub2)
|DU.KI|,DU.KI,alikₓ,ATTESTED_DIRECT,OSL,,aragub-ammax(ki)
|DU.LAGAR@g|,DU.LAGAR@g,edₓ,ATTESTED_DIRECT,OSL,,aragub-du6
|DU.MUŠ.A.HA|,DU.MUŠ.A.HA,,NO_ATTESTED_READING,,,aragub-imdudu-'u4-'a4
|DU@g.A|,DU@g.A,ganaₓ,ATTESTED_DIRECT,OSL,,du@g-'u4
|DU@g.DU@g|,DU@g.DU@g,gigri,ATTESTED_DIRECT,OSL,,du@g-du@g
|DU@g×KASKAL|,DU@g×KASKAL,,NO_ATTESTED_READING,,,du@g-bu2
|DU@s&DU@s|,DU@s&DU@s,,NO_ATTESTED_READING,,,barim-barim
|DU@s.A|,DU@s.A,gan₃|gana₃,ATTESTED_DIRECT,OSL,,barim-'u4
|DU@s.KI|,DU@s.KI,lasimₓ,ATTESTED_DIRECT,OSL,,barim-ammax(ki)
|DU@s.PA|,DU@s.PA,maškimₓ,ATTESTED_DIRECT,OSL,,barim-addirx(pa)
|DUB.LAGAB|,DUB.LAGAB,,NO_ATTESTED_READING,,,dab4-ella2
|DUB.ME|,DUB.ME,,NO_ATTESTED_READING,,,dab4-ba13
|DUB.TI|,DUB.TI,,NO_ATTESTED_READING,,,dab4-de9
|DUB×ŠA₃|,DUB×ŠA3,,NO_ATTESTED_READING,,,dab4-didala
|DUB₂.LUL|,DUB2.LUL,DUB2.LUL,ATTESTED_DIRECT,SYLLABARY_CM,,dim5-bah3
|DUG.BUR|,DUG.BUR,baharₓ,ATTESTED_DIRECT,OSL,,dug-bur
|DUG.DUG|,DUG.DUG,lumₓ,ATTESTED_DIRECT,OSL,,dug-dug
|DUG.LIŠ.BUR|,DUG.LIŠ.BUR,,NO_ATTESTED_READING,,,dug-del₂-bur
|DUG.PAP.BUR|,DUG.PAP.BUR,baharₓ,ATTESTED_DIRECT,OSL,,dug-aha3-bur
|DUG.SILA₃.BUR.NA|,DUG.SILA3.BUR.NA,bahar₅,ATTESTED_DIRECT,OSL,,dug-ga5-bur-aniku
|DUG.SILA₃.BUR|,DUG.SILA3.BUR,,NESTED_IN_LONGER_FORM,,DUG.SILA3.BUR.NA,dug-ga5-bur
|DUG×DUB|,DUG×DUB,,NO_ATTESTED_READING,,,dug-dab4
|DUG×LUH|,DUG×LUH,,NO_ATTESTED_READING,,,dug-huluh
|DUG×ŠUBUR|,DUG×ŠUBUR,,NO_ATTESTED_READING,,,dug-sah2
|DUN.GI|,DUN.GI,,NO_ATTESTED_READING,,,du24-ešša3
|DUN.NE.TUR|,DUN.NE.TUR,zahdaₓ,ATTESTED_DIRECT,OSL,,du24-bar7-ban3
|DUN.TUR|,DUN.TUR,zahdaₓ,ATTESTED_DIRECT,OSL,,du24-ban3
|DUN₃@g.UŠ|,DUN3@g.UŠ,aga-us₂|uku-uš,ATTESTED_DIRECT,OSL,,aga3-geš3
|DUN₃@g@g.UŠ|,DUN3@g@g.UŠ,ukuš,ATTESTED_DIRECT,OSL,,aga-geš3
|DUN₃@g@g.ZA|,DUN3@g@g.ZA,nirₓ,ATTESTED_DIRECT,OSL,,aga-sa3
|DUN₃@g@g×UŠ|,DUN3@g@g×UŠ,,NO_ATTESTED_READING,,,aga-geš3
|DUR₂&DUR₂|,DUR2&DUR2,,NO_ATTESTED_READING,,,dur2-dur2
|DU×KASKAL|,DU×KASKAL,,NO_ATTESTED_READING,,,aragub-bu2
|DU×TAK₄|,DU×TAK4,,NO_ATTESTED_READING,,,aragub-azad2
|E.KISIM₅×(A.MAŠ)|,E.KISIM5×(A.MAŠ),,NO_ATTESTED_READING,,,
|E.KISIM₅×(U₂.GIR₂)|,E.KISIM5×(U2.GIR2),,NO_ATTESTED_READING,,,
|E.KISIM₅×BALAG|,E.KISIM5×BALAG,,NO_ATTESTED_READING,,,
|E.KISIM₅×GA|,E.KISIM5×GA,,NO_ATTESTED_READING,,,
|E.KISIM₅×GIR₂|,E.KISIM5×GIR2,,NO_ATTESTED_READING,,,
|E.KISIM₅×LA|,E.KISIM5×LA,,NO_ATTESTED_READING,,,
|E.KISIM₅×TAK₄|,E.KISIM5×TAK4,,NO_ATTESTED_READING,,,
|E.KISIM₅×X|,E.KISIM5×X,garaₓ,ATTESTED_DIRECT,OSL,,
|E.PAP.PAP|,E.PAP.PAP,paₓ,ATTESTED_DIRECT,OSL,,e-aha3-aha3
|E.SUD.HUB₂×UD|,E.SUD.HUB2×UD,kuru|šuruₓ,ATTESTED_DIRECT,OSL,,e-sar4-hub
|E.TUM.GA₂×(NUN&NUN)|,E.TUM.GA2×(NUN&NUN),guruₓ|kurulₓ,ATTESTED_DIRECT,OSL,,e-dam3-gušur?
|E.TUM|,E.TUM,gur₂₁|guru₂₁|kur₁₄|kuru₁₄|kurul₁₄|šuruₓ,ATTESTED_DIRECT,OSL,,e-dam3
|EDIN.A.LAL|,EDIN.A.LAL,ummuₓ,ATTESTED_DIRECT,OSL,,bilx(edin)-'u4-la2
|EDIN.A.SU.A|,EDIN.A.SU.A,ummuₓ,ATTESTED_DIRECT,OSL,,bilx(edin)-'u4-guš-'u4
|EDIN.A.SU|,EDIN.A.SU,ummuₓ,ATTESTED_DIRECT,OSL,,bilx(edin)-'u4-guš
|EDIN.A|,EDIN.A,ummuₓ,ATTESTED_DIRECT,OSL,,bilx(edin)-'u4
|EDIN.LAL.A|,EDIN.LAL.A,ummuₓ,ATTESTED_DIRECT,OSL,,bilx(edin)-la2-'u4
|EDIN.LAL|,EDIN.LAL,ummuₓ,ATTESTED_DIRECT,OSL,,bilx(edin)-la2
|EDIN.NA.A.LAL|,EDIN.NA.A.LAL,ummuₓ,ATTESTED_DIRECT,OSL,,bilx(edin)-aniku-'u4-la2
|EL.SUD|,EL.SUD,,NO_ATTESTED_READING,,,el-sar4
|EN%EN.EN%EN|,EN%EN.EN%EN,,NO_ATTESTED_READING,,,adamen₅-adamen₅
|EN%EN.IM%IM|,EN%EN.IM%IM,dalhamun₃|nimgigri₂|nimgirgirri₂|nimŋirŋirri₂,ATTESTED_DIRECT,OSL,,adamen₅-agar₅
|EN.DAG.NUN.X|,EN.DAG.NUN.X,enkumₓ,ATTESTED_DIRECT,OSL,,
|EN.DIM₂.GIG|,EN.DIM2.GIG,enegi₃|enegir₃|ennigi₃,ATTESTED_DIRECT,OSL,,adx(en)-/šitlam/-ge17
|EN.E₂|,EN.E2,,NO_ATTESTED_READING,,,adx(en)-'a3
|EN.GA₂×SAL.DIM₂|,EN.GA2×SAL.DIM2,šugalanzuₓ,ATTESTED_DIRECT,OSL,,adx(en)-am5-/šitlam/
|EN.GI|,EN.GI,enegiₓ|engizₓ,ATTESTED_DIRECT,OSL,,adx(en)-ešša3
|EN.KI|,EN.KI,tungal₂|tunŋal₂,ATTESTED_DIRECT,OSL,,adx(en)-ammax(ki)
|EN.KU.A|,EN.KU.A,mudru₂,ATTESTED_DIRECT,OSL,,adx(en)-be5-'u4
|EN.LI|,EN.LI,ensiₓ,ATTESTED_DIRECT,OSL,,adx(en)-en3
|EN.MAŠ.KAK|,EN.MAŠ.KAK,mašda₄,ATTESTED_DIRECT,OSL,,adx(en)-ba7-ban4
|EN.ME.AD.KU₃|,EN.ME.AD.KU3,šennu,ATTESTED_DIRECT,OSL,,adx(en)-ba13-ab3-ku3
|EN.ME.AN×MUŠ₃|,EN.ME.AN×MUŠ3,,NO_ATTESTED_READING,,,
|EN.ME.GI₄|,EN.ME.GI4,engiz||EN.ME.GI₄|,ATTESTED_DIRECT,DIRI,,adx(en)-ba13-ga8
|EN.ME.LAGAR|,EN.ME.LAGAR,murub₃,ATTESTED_DIRECT,OSL,,adx(en)-ba13-lagal
|EN.ME.ZI.AN.NA|,EN.ME.ZI.AN.NA,endibₓ,ATTESTED_DIRECT,OSL,,adx(en)-ba13-se2-/dimer/-aniku
|EN.NU.NUNUZ.ZI.AN.UD|,EN.NU.NUNUZ.ZI.AN.UD,nunuzziₓ,ATTESTED_DIRECT,OSL,,adx(en)-la3-nunu-se2-/dimer/-a12
|EN.NU.NUNUZ.ZI.AN.ŠEŠ.KI|,EN.NU.NUNUZ.ZI.AN.ŠEŠ.KI,,NO_ATTESTED_READING,,,adx(en)-la3-nunu-se2-/dimer/-ah2-ammax(ki)
|EN.NUNUZ.MA|,EN.NUNUZ.MA,ennigi₂,ATTESTED_DIRECT,DIRI,,adx(en)-nunu-ma
|EN.PAP.E.IGI@g.NUN.ME.EZEN×KASKAL|,EN.PAP.E.IGI@g.NUN.ME.EZEN×KASKAL,enkumₓ,ATTESTED_DIRECT,OSL,,adx(en)-aha3-e-agar4-...ri-ba13-asilax(
|EN.PAP.IGI@g.NUN.EZEN×KASKAL|,EN.PAP.IGI@g.NUN.EZEN×KASKAL,|EN.PAP.IGI@g.NUN.EZEN×KASKAL|,ATTESTED_DIRECT,DIRI,,adx(en)-aha3-agar4-...ri-asilax(
|EN.SAL.NUNUZ.ZI.AN.ŠEŠ.KI|,EN.SAL.NUNUZ.ZI.AN.ŠEŠ.KI,zirruₓ,ATTESTED_DIRECT,OSL,,adx(en)-f-nunu-se2-/dimer/-ah2-ammax(ki)
|EN.TI|,EN.TI,ebeh|ebih,ATTESTED_DIRECT,OSL,,adx(en)-de9
|EN.ZU|,EN.ZU,sin₃|suen|suena|tungal|zuen|zuena,ATTESTED_DIRECT,OSL,,adx(en)-ka14
|EN.ŠEŠ|,EN.ŠEŠ,suruen,ATTESTED_DIRECT,OSL,,adx(en)-ah2
|EN×A|,EN×A,,NESTED_IN_LONGER_FORM,,EZEN×A; EZEN×A+LAL2; EZEN×A+LAL; EZEN×AN,adx(en)-'u4
|EN×IGI@g.NUN.EZEN×KASKAL|,EN×IGI@g.NUN.EZEN×KASKAL,,NO_ATTESTED_READING,,,
|EN×IGI@g.NUN.ME.EZEN×KASKAL|,EN×IGI@g.NUN.ME.EZEN×KASKAL,,NO_ATTESTED_READING,,,
|EN×IGI@g|,EN×IGI@g,,NESTED_IN_LONGER_FORM,,EZEN×IGI@g,adx(en)-agar4
|EN×KUR|,EN×KUR,,NO_ATTESTED_READING,,,adx(en)-amma
|EN×MAŠ.KAK|,EN×MAŠ.KAK,,NO_ATTESTED_READING,,,
|EN×MAŠ|,EN×MAŠ,,NO_ATTESTED_READING,,,adx(en)-ba7
|EN×ME.GI|,EN×ME.GI,ENGIZ2|EN×ME.GI|engiz2,ATTESTED_DIRECT,SYLLABARY_CM,,enme-ešša3
|EN×ME.GI₄|,EN×ME.GI4,engiz₂,ATTESTED_DIRECT,OSL,,enme-ga8
|EN×ME.LI|,EN×ME.LI,,NO_ATTESTED_READING,,,enme-en3
|EN×ME.MU|,EN×ME.MU,,NO_ATTESTED_READING,,,enme-gu10
|EN×U|,EN×U,,NESTED_IN_LONGER_FORM,,EZEN×UD; EZEN×U2; EZEN×UŠ2,adx(en)-1u
|EREN.ŠU.ME|,EREN.ŠU.ME,šurmenₓ,ATTESTED_DIRECT,OSL,,eren-kat7-ba13
|EREN×KASKAL|,EREN×KASKAL,,NO_ATTESTED_READING,,,eren-bu2
|ERIN₂.A|,ERIN2.A,uriₓ,ATTESTED_DIRECT,OSL,,bir3-'u4
|ERIN₂.KAB|,ERIN2.KAB,emerahₓ,ATTESTED_DIRECT,OSL,,bir3-gab2
|ERIN₂.NA|,ERIN2.NA,urume,ATTESTED_DIRECT,OSL,,bir3-aniku
|ERIN₂.NUN.NA|,ERIN2.NUN.NA,surungalₓ,ATTESTED_DIRECT,OSL,,bir3-...ri-aniku
|ERIN₂.UD|,ERIN2.UD,,NO_ATTESTED_READING,,,bir3-a12
|EZEN.AN|,EZEN.AN,,NO_ATTESTED_READING,,,asilalx(ezen)-/dimer/
|EZEN×AŠ|,EZEN×AŠ,,NO_ATTESTED_READING,,,asilalx(ezen)-asilalx(ezen)-1aš-1aš
|EZEN×BAD.AN|,EZEN×BAD.AN,derₓ|%akk/n dūru,ATTESTED_DIRECT,OSL,,anx(-/dimer/
|EZEN×BAD.GAL.AN|,EZEN×BAD.GAL.AN,derₓ,ATTESTED_DIRECT,OSL,,anx(-gal-/dimer/
|EZEN×BAD.SI.AB.BA|,EZEN×BAD.SI.AB.BA,barsip,ATTESTED_DIRECT,OSL,,anx(-hux(si)-ab-ba
|EZEN×DUN₃|,EZEN×DUN3,udnimₓ,ATTESTED_DIRECT,OSL,,asilalx(ezen)-du5
|EZEN×GAN₂@t|,EZEN×GAN2@t,,NO_ATTESTED_READING,,,asilalx(ezen)-gan2@t
|EZEN×HAL|,EZEN×HAL,ubₓ|ugₓ,ATTESTED_DIRECT,OSL,,asilalx(ezen)-buluh
|EZEN×KUR|,EZEN×KUR,,NO_ATTESTED_READING,,,asilalx(ezen)-amma
|EZEN×U@c|,EZEN×U@c,badₓ,ATTESTED_DIRECT,OSL,,asilalx(ezen)-1u
|EZEN×X.KI|,EZEN×X.KI,,NO_ATTESTED_READING,,,
|EZEN×ŠID|,EZEN×ŠID,asilaₓ|asilalₓ,ATTESTED_DIRECT,OSL,,asilalx(ezen)-ag3
|EŠ₂%EŠ₂.NUN.A|,EŠ2%EŠ2.NUN.A,,NO_ATTESTED_READING,,,
|EŠ₂.BU.EŠ₂.NUN.EŠ₂.TU|,EŠ2.BU.EŠ2.NUN.EŠ2.TU,,NO_ATTESTED_READING,,,ege-bu-ege-...ri-ege-du2
|EŠ₂.BU.NUN.EŠ₂.TU|,EŠ2.BU.NUN.EŠ2.TU,saman₂|samanurₓ,ATTESTED_DIRECT,OSL,,ege-bu-...ri-ege-du2
|EŠ₂.HUL₂|,EŠ2.HUL2,ešemen₃|ešemin₃,ATTESTED_DIRECT,OSL,,ege-bibra
|EŠ₂.KA|,EŠ2.KA,sura₁₃|surra₁₃|zir₂,ATTESTED_DIRECT,OSL,,ege-/eneĝ/
|EŠ₂.MAH|,EŠ2.MAH,ebih₂,ATTESTED_DIRECT,OSL,,ege-al6
|EŠ₂.NUN.BU.ŠE|,EŠ2.NUN.BU.ŠE,,NO_ATTESTED_READING,,,ege-...ri-bu-ašnan2
|EŠ₂.NUN.BU|,EŠ2.NUN.BU,,NESTED_IN_LONGER_FORM,,ŠE.EŠ2.NUN.BU,ege-...ri-bu
|EŠ₂.PAP.PAP|,EŠ2.PAP.PAP,še₃-munu₄,ATTESTED_DIRECT,OSL,,ege-aha3-aha3
|EŠ₂.SUD.EŠ₂.TU|,EŠ2.SUD.EŠ2.TU,samanₓ,ATTESTED_DIRECT,OSL,,ege-sar4-ege-du2
|EŠ₂.SUD.NUN.TU.EŠ₂|,EŠ2.SUD.NUN.TU.EŠ2,samanₓ,ATTESTED_DIRECT,OSL,,ege-sar4-...ri-du2-ege
|EŠ₂.SUD.NUN|,EŠ2.SUD.NUN,samanₓ,ATTESTED_DIRECT,OSL,,ege-sar4-...ri
|EŠ₂.SUD.UD.NUN.EŠ₂.TU|,EŠ2.SUD.UD.NUN.EŠ2.TU,,NO_ATTESTED_READING,,,ege-sar4-a12-...ri-ege-du2
|EŠ₂.TU.BU|,EŠ2.TU.BU,samanₓ,ATTESTED_DIRECT,OSL,,ege-du2-bu
|EŠ₂.UD|,EŠ2.UD,zi₃-kum₄|zikumₓ,ATTESTED_DIRECT,OSL,,ege-a12
|EŠ₂.ŠE|,EŠ2.ŠE,dabin,ATTESTED_DIRECT,OSL,,ege-ašnan2
|EŠ₂@t.GIR₂@g|,EŠ2@t.GIR2@g,EŠ2@t.GIR2@g,ATTESTED_DIRECT,SYLLABARY_CM,,
|EŠ₂×GAD|,EŠ2×GAD,,NO_ATTESTED_READING,,,ege-gad
|E₂.AN.ŠE.NAGA|,E2.AN.ŠE.NAGA,xingaraₓ,ATTESTED_DIRECT,OSL,,'a3-/dimer/-ašnan2-ereš2
|E₂.A|,E2.A,eʾi|eʾu|eduruₓ,ATTESTED_DIRECT,OSL,,'a3-'u4
|E₂.BALAG|,E2.BALAG,,NO_ATTESTED_READING,,,'a3-balag
|E₂.BAR|,E2.BAR,saŋŋaₓ,ATTESTED_DIRECT,OSL,,'a3-ba15
|E₂.GI.NA.AB.HI|,E2.GI.NA.AB.HI,šutumₓ,ATTESTED_DIRECT,OSL,,'a3-ešša3-aniku-ab-'i3
|E₂.GI.NA.AB.TUM|,E2.GI.NA.AB.TUM,šutumₓ,ATTESTED_DIRECT,OSL,,'a3-ešša3-aniku-ab-dam3
|E₂.GI.NA.AB.U.GUD|,E2.GI.NA.AB.U.GUD,šutumₓ,ATTESTED_DIRECT,OSL,,'a3-ešša3-aniku-ab-du₇
|E₂.GI.NA.TUM|,E2.GI.NA.TUM,šutumₓ,ATTESTED_DIRECT,OSL,,'a3-ešša3-aniku-dam3
|E₂.GIŠ.TUG₂.PI.AN.ŠE.NAGA|,E2.GIŠ.TUG2.PI.AN.ŠE.NAGA,xingaraₓ,ATTESTED_DIRECT,OSL,,'a3-es-azalag2-a3-/dimer/-ašnan2-ereš2
|E₂.KI.SUM.GA|,E2.KI.SUM.GA,eurre|xlaₓ,ATTESTED_DIRECT,OSL,,'a3-ammax(ki)-/zeĝ/-ebir4
|E₂.LU₂×GAN₂@t.A|,E2.LU2×GAN2@t.A,xennuₓ,ATTESTED_DIRECT,OSL,,'a3-heš5-'u4
|E₂.MI|,E2.MI,itimaₓ,ATTESTED_DIRECT,OSL,,'a3-dugud2
|E₂.PAP.GAŠAN.DIŠ|,E2.PAP.GAŠAN.DIŠ,,NO_ATTESTED_READING,,,'a3-aha3-gašan-anₓ
|E₂.SAL|,E2.SAL,amaₓ|ameₓ,ATTESTED_DIRECT,OSL,,'a3-f
|E₂.SIG₄|,E2.SIG4,egar|eŋar|igar|ingar,ATTESTED_DIRECT,OSL,,'a3-bar5
|E₂.UŠ.BU.DA|,E2.UŠ.BU.DA,arah₄|araha|ašlug,ATTESTED_DIRECT,OSL,,'a3-geš3-bu-ax(da)
|E₂.ŠA₃|,E2.ŠA3,arhušₓ,ATTESTED_DIRECT,OSL,,'a3-didala
|E₂.ŠE|,E2.ŠE,asaŋ|esagₓ|esaŋₓ,ATTESTED_DIRECT,OSL,,'a3-ašnan2
|E₂×AŠ@t|,E2×AŠ@t,dagₓ|gukkalₓ,ATTESTED_DIRECT,OSL,,'a3-1(aš@t)
|E₂×BAD|,E2×BAD,baragₓ?|dagₓ?|gidaₓ?,ATTESTED_DIRECT,OSL,,'a3-ba9
|E₂×GAN₂|,E2×GAN2,,NO_ATTESTED_READING,,,'a3-al3
|E₂×MIN|,E2×MIN,,NO_ATTESTED_READING,,,'a3-menx(min)
|E₂×ŠA₃|,E2×ŠA3,arhušₓ,ATTESTED_DIRECT,OSL,,'a3-didala
|GA.A|,GA.A,gar₁₁|gara₁₁,ATTESTED_DIRECT,OSL,,ebir4-'u4
|GA.BALAG|,GA.BALAG,saŋa₇|saŋŋa₇|sanga₇,ATTESTED_DIRECT,OSL,,ebir4-balag
|GA.DIŠ|,GA.DIŠ,gar₁₂,ATTESTED_DIRECT,OSL,,ebir4-anₓ
|GA.DUB₂|,GA.DUB2,GA.DUB2,ATTESTED_DIRECT,SYLLABARY_CM,,ebir4-dim5
|GA.GA|,GA.GA,garₓ,ATTESTED_DIRECT,OSL,,ebir4-ebir4
|GA.HI×AŠ₂.BUR|,GA.HI×AŠ2.BUR,,NO_ATTESTED_READING,,,ebir4-ar3-bur
|GA.HI×AŠ₂.GAŠAN.DIŠ|,GA.HI×AŠ2.GAŠAN.DIŠ,,NO_ATTESTED_READING,,,ebir4-ar3-gašan-anₓ
|GA.KAD₃|,GA.KAD3,pešₓ,ATTESTED_DIRECT,OSL,,ebir4-gat3
|GA.KASKAL.KAL.NE|,GA.KASKAL.KAL.NE,GA.KASKAL.KAL.NE,ATTESTED_DIRECT,SYLLABARY_CM,,ebir4-bu2-alad2-bar7
|GA.KASKAL|,GA.KASKAL,gaeš|gaiš|garaₓ|garaš₃,ATTESTED_DIRECT,OSL,,ebir4-bu2
|GA.KA×GU.SAR|,GA.KA×GU.SAR,,NO_ATTESTED_READING,,,ebir4-gurum3-kiri6
|GA.LAGAB|,GA.LAGAB,kisim₆,ATTESTED_DIRECT,OSL,,ebir4-ella2
|GA.MA₂.DUB₂|,GA.MA2.DUB2,GA.MA2.DUB2,ATTESTED_DIRECT,SYLLABARY_CM,,ebir4-hux(ma2)-dim5
|GA.MA₂.IGI@g|,GA.MA2.IGI@g,sagga₆|saŋa₆|saŋŋa₆|sanga₆|sangu₆,ATTESTED_DIRECT,OSL,,ebir4-hux(ma2)-agar4
|GA.MA₂.KASKAL.IGI@g|,GA.MA2.KASKAL.IGI@g,GA.MA2.KASKAL.IGI@g,ATTESTED_DIRECT,SYLLABARY_CM,,ebir4-hux(ma2)-bu2-agar4
|GA.NAGA|,GA.NAGA,uga,ATTESTED_DIRECT,OSL,,ebir4-ereš2
|GA.NI|,GA.NI,gar₁₀|gara₁₀,ATTESTED_DIRECT,OSL,,ebir4-be3
|GA.PAP.U@g.DIŠ|,GA.PAP.U@g.DIŠ,,NO_ATTESTED_READING,,,ebir4-aha3-burʾu-anₓ
|GA.UZ₃.HI|,GA.UZ3.HI,saŋaₓ|sangaₓ,ATTESTED_DIRECT,OSL,,ebir4-surx(uz3)-'i3
|GA.UZ₃.IGI@g|,GA.UZ3.IGI@g,sagga₅|saŋa₅|saŋŋa₅|sanga₅|sangu₅,ATTESTED_DIRECT,OSL,,ebir4-surx(uz3)-agar4
|GA.UZ₃|,GA.UZ3,saŋaₓ|sangaₓ,ATTESTED_DIRECT,OSL,,ebir4-surx(uz3)
|GABA.LIŠ|,GABA.LIŠ,ASALX(|GABA.LIŠ|)|GABA.LIŠ|asalx(|GABA.LIŠ|),ATTESTED_DIRECT,SYLLABARY_CM,,du8-del₂
|GABA.ŠU.SILA₃|,GABA.ŠU.SILA3,šagia,ATTESTED_DIRECT,OSL,,du8-kat7-ga5
|GAD+DIŠ×A|,GAD+DIŠ×A,šuaₓ,ATTESTED_DIRECT,OSL,,
|GAD+TAK₄.DUH|,GAD+TAK4.DUH,,NO_ATTESTED_READING,,,gad-azad2-du8
|GAD.DUN₃|,GAD.DUN3,xₓ,ATTESTED_DIRECT,OSL,,gad-du5
|GAD.GAR|,GAD.GAR,,NESTED_IN_LONGER_FORM,,(ŠE.NUN&NUN)&(ŠE.NUN&NUN).GAD&GAD.GAR&GAR; GAD&GAD.GAR&GAR; GAL.GAD&GAD.GAR&GAR; ŠE&ŠE.GAD&GAD.GAR&GAR,gad-ga4
|GAD.NAGA|,GAD.NAGA,,NO_ATTESTED_READING,,,gad-ereš2
|GAD.PAD.MUŠ₃|,GAD.PAD.MUŠ3,nidbaₓ,ATTESTED_DIRECT,OSL,,gad-bad2-ennin
|GAD.TAK₄.GIŠ|,GAD.TAK4.GIŠ,gim₈?|seg₈|sig₈|uruaka|uruišdua|uruišduha|urulla|xₓ|xgiₓ,ATTESTED_DIRECT,OSL,,gad-azad2-es
|GAD.TAK₄.SI.A|,GAD.TAK4.SI.A,akkilₓ,ATTESTED_DIRECT,OSL,,gad-azad2-hux(si)-'u4
|GAD.TAK₄.SI|,GAD.TAK4.SI,akkil|talₓ,ATTESTED_DIRECT,OSL,,gad-azad2-hux(si)
|GAD.TAK₄.UR₂|,GAD.TAK4.UR2,,NESTED_IN_LONGER_FORM,,GAR.GAD.TAK4.UR2,gad-azad2-ur2
|GAD.TAK₄|,GAD.TAK4,akkil₃|ašša₂|ašta|kil₄|talₓ,ATTESTED_DIRECT,OSL,,gad-azad2
|GAL.AN.ZU|,GAL.AN.ZU,ereš₅,ATTESTED_DIRECT,OSL,,gal-/dimer/-ka14
|GAL.AŠGAB|,GAL.AŠGAB,ašgabgalₓ,ATTESTED_DIRECT,OSL,,gal-ašgab
|GAL.BAR.EDIN|,GAL.BAR.EDIN,bahargalₓ,ATTESTED_DIRECT,OSL,,gal-ba15-bilx(edin)
|GAL.BUR₂|,GAL.BUR2,ušumgal,ATTESTED_DIRECT,OSL,,gal-bal2
|GAL.DIM|,GAL.DIM,dimgal,ATTESTED_DIRECT,OSL,,gal-di11
|GAL.DIM₂|,GAL.DIM2,šidimgalₓ,ATTESTED_DIRECT,OSL,,gal-/šitlam/
|GAL.DI|,GAL.DI,gal-di|galti,ATTESTED_DIRECT,OSL,,gal-de
|GAL.DUN|,GAL.DUN,ukur₂,ATTESTED_DIRECT,OSL,,gal-du24
|GAL.DUN₃@g@g|,GAL.DUN3@g@g,niŋirgalₓ,ATTESTED_DIRECT,OSL,,gal-aga
|GAL.GAD.GAR|,GAL.GAD.GAR,,NO_ATTESTED_READING,,,gal-gad-ga4
|GAL.GIŠ.TUG₂.TE.A.DU|,GAL.GIŠ.TUG2.TE.A.DU,azlaggalₓ,ATTESTED_DIRECT,OSL,,gal-es-azalag2-de4-'u4-aragub
|GAL.LUH|,GAL.LUH,sukkalgalₓ,ATTESTED_DIRECT,OSL,,gal-huluh
|GAL.MUG@g|,GAL.MUG@g,zadimgalₓ,ATTESTED_DIRECT,OSL,,gal-mug@g
|GAL.NAGAR|,GAL.NAGAR,nagargalₓ,ATTESTED_DIRECT,OSL,,gal-alla
|GAL.NI|,GAL.NI,santan|santana|šandan|šandana,ATTESTED_DIRECT,OSL,,gal-be3
|GAL.TE.LAL|,GAL.TE.LAL,gallagalₓ,ATTESTED_DIRECT,OSL,,gal-de4-la2
|GAL.TE|,GAL.TE,tiru|tirum,ATTESTED_DIRECT,OSL,,gal-de4
|GAL.UMUM|,GAL.UMUM,simuggalₓ,ATTESTED_DIRECT,OSL,,gal-simug
|GAL.URI|,GAL.URI,kindagal₂,ATTESTED_DIRECT,OSL,,gal-ari
|GAL.URU×BAR|,GAL.URU×BAR,kiŋgal|kingal,ATTESTED_DIRECT,OSL,,gal-barimx(
|GAL.ZU|,GAL.ZU,erištiₓ|gagazu?|gal-zu,ATTESTED_DIRECT,OSL,,gal-ka14
|GALAM.GALAM|,GALAM.GALAM,gagalam|gibil₅,ATTESTED_DIRECT,OSL,,galam-galam
|GAM.GAM|,GAM.GAM,ad₄,ATTESTED_DIRECT,OSL,,ar5-ar5
|GAN.SU|,GAN.SU,duganₓ,ATTESTED_DIRECT,OSL,,gam4-guš
|GAN×HI|,GAN×HI,he₂,ATTESTED_DIRECT,OSL,,gam4-'i3
|GAN×KASKAL|,GAN×KASKAL,,NO_ATTESTED_READING,,,gam4-bu2
|GAN₂.BU|,GAN2.BU,mulu₄-bu|šanna,ATTESTED_DIRECT,OSL,,al3-bu
|GAN₂@t&GAN₂@t|,GAN2@t&GAN2@t,,NO_ATTESTED_READING,,,gan2@t-gan2@t
|GAN₂@t.GAN₂@t|,GAN2@t.GAN2@t,gugru,ATTESTED_DIRECT,OSL,,gan2@t-gan2@t
|GAN₂×HI|,GAN2×HI,,NO_ATTESTED_READING,,,al3-'i3
|GAR.GAD.TAK₄.UR₂|,GAR.GAD.TAK4.UR2,nisikiₓ,ATTESTED_DIRECT,OSL,,ga4-gad-azad2-ur2
|GAR.GAR|,GAR.GAR,arkabₓ,ATTESTED_DIRECT,OSL,,ga4-ga4
|GAR.GA₂×(A.IGI)|,GAR.GA2×(A.IGI),gapi?,ATTESTED_DIRECT,OSL,,ga4-alimx(
|GAR.GU.SUR.NUN|,GAR.GU.SUR.NUN,GAR.GU.SUR.NUN,ATTESTED_DIRECT,SYLLABARY_CM,,ga4-gu-sur-...ri
|GAR.GUL.DA|,GAR.GUL.DA,gugₓ,ATTESTED_DIRECT,OSL,,ga4-gul-ax(da)
|GAR.IB|,GAR.IB,argab|arkab|irkab,ATTESTED_DIRECT,OSL,,ga4-arkabx(ib)
|GAR.KINGUSILI.SILA₃|,GAR.KINGUSILI.SILA3,gideštaₓ?,ATTESTED_DIRECT,OSL,,ga4-kingusila-ga5
|GAR.LAGAB|,GAR.LAGAB,kibsur|kibšur,ATTESTED_DIRECT,OSL,,ga4-ella2
|GAR.LU₃|,GAR.LU3,gug₃|gugina,ATTESTED_DIRECT,OSL,,ga4-gadx(lu3)
|GAR.PA.TE.SI|,GAR.PA.TE.SI,ensiₓ,ATTESTED_DIRECT,OSL,,ga4-addirx(pa)-de4-hux(si)
|GAR.SAG.IL₂.EZEN.SAL|,GAR.SAG.IL2.EZEN.SAL,balla₂,ATTESTED_DIRECT,OSL,,ga4-dul7-dupsik-asilalx(ezen)-f
|GAR.SAG.IL₂.EZEN.UŠ|,GAR.SAG.IL2.EZEN.UŠ,balla,ATTESTED_DIRECT,OSL,,ga4-dul7-dupsik-asilalx(ezen)-geš3
|GAR.SAG.KEŠ₂.SAL|,GAR.SAG.KEŠ2.SAL,ballaₓ,ATTESTED_DIRECT,OSL,,ga4-dul7-gir11-f
|GAR.SAG.LAL.SAL|,GAR.SAG.LAL.SAL,ballaₓ,ATTESTED_DIRECT,OSL,,ga4-dul7-la2-f
|GAR.SAG.SAL.LAL|,GAR.SAG.SAL.LAL,ballaₓ,ATTESTED_DIRECT,OSL,,ga4-dul7-f-la2
|GAR.SAL.LAL.SAG|,GAR.SAL.LAL.SAG,ballaₓ,ATTESTED_DIRECT,OSL,,ga4-f-la2-dul7
|GAR.SAL.SAG.LAL|,GAR.SAL.SAG.LAL,ballaₓ,ATTESTED_DIRECT,OSL,,ga4-f-dul7-la2
|GAR.TUG₂|,GAR.TUG2,šudulₓ,ATTESTED_DIRECT,OSL,,ga4-azalag2
|GAR.ŠANABI.SILA₃|,GAR.ŠANABI.SILA3,gideštaₓ?,ATTESTED_DIRECT,OSL,,ga4-šanaba-ga5
|GAR.ŠA₃.A|,GAR.ŠA3.A,kadra|kadri|kadru,ATTESTED_DIRECT,OSL,,ga4-didala-'u4
|GAR.ŠA₃|,GAR.ŠA3,kadra₂?,ATTESTED_DIRECT,OSL,,ga4-didala
|GAR.ŠA₃×A|,GAR.ŠA3×A,kadra₃|kadri₃|kadru₃,ATTESTED_DIRECT,OSL,,ga4-ber7
|GAR.ŠID|,GAR.ŠID,saŋŋaₓ|sangaₓ|uttuku|utugₓ|utuqₓ|uṭuku,ATTESTED_DIRECT,OSL,,ga4-ag3
|GAR.ŠU.DUGUD|,GAR.ŠU.DUGUD,immal₃,ATTESTED_DIRECT,OSL,,ga4-kat7-dugud
|GAR.ŠU.TUR.LAL|,GAR.ŠU.TUR.LAL,,NO_ATTESTED_READING,,,ga4-kat7-ban3-la2
|GAR.ŠU.TUR|,GAR.ŠU.TUR,tukumₓ,ATTESTED_DIRECT,OSL,,ga4-kat7-ban3
|GAR.ŠUŠANA.SILA₃|,GAR.ŠUŠANA.SILA3,gidešta?,ATTESTED_DIRECT,OSL,,ga4-igišŋalₓ-ga5
|GAR×SAL|,GAR×SAL,pešₓ,ATTESTED_DIRECT,OSL,,ga4-f
|GA×SILA₃|,GA×SILA3,,NO_ATTESTED_READING,,,ebir4-ga5
|GA₂.SILA₃|,GA2.SILA3,šitaₓ,ATTESTED_DIRECT,OSL,,alba-ga5
|GA₂×AN.A.TU|,GA2×AN.A.TU,amedu|eme₄-e₄-du₂|emedu₂,ATTESTED_DIRECT,OSL,,/damal/-'u4-du2
|GA₂×AN.AN.MUŠ₃|,GA2×AN.AN.MUŠ3,agarim|amalu|amarim?,ATTESTED_DIRECT,OSL,,/damal/-/dimer/-ennin
|GA₂×AN.DUN₃|,GA2×AN.DUN3,,NESTED_IN_LONGER_FORM,,GA2×AN.DUN3@g,/damal/-du5
|GA₂×AN.GAN.KAK|,GA2×AN.GAN.KAK,,NO_ATTESTED_READING,,,/damal/-gam4-ban4
|GA₂×AN.GAN|,GA2×AN.GAN,ama-gan,ATTESTED_DIRECT,DIRI,,/damal/-gam4
|GA₂×AN.LUL|,GA2×AN.LUL,amalug?|malug?,ATTESTED_DIRECT,OSL,,/damal/-bah3
|GA₂×AN.MUŠ₃|,GA2×AN.MUŠ3,amaluₓ,ATTESTED_DIRECT,OSL,,/damal/-ennin
|GA₂×AN.TU|,GA2×AN.TU,eme₄-du₂|emedu|emedudₓ,ATTESTED_DIRECT,OSL,,/damal/-du2
|GA₂×AN.X|,GA2×AN.X,kaxₓ,ATTESTED_DIRECT,OSL,,
|GA₂×AN.ŠIM|,GA2×AN.ŠIM,agarin₄|aŋarin₄,ATTESTED_DIRECT,OSL,,/damal/-asila2
|GA₂×AN.ŠIM×GAR|,GA2×AN.ŠIM×GAR,agarin₅|aŋarin₅|garinₓ,ATTESTED_DIRECT,OSL,,/damal/-bappir
|GA₂×A|,GA2×A,,NESTED_IN_LONGER_FORM,,GA2×AN; GA2×AN.AN.MUŠ3; GA2×AN.DUN3@g; GA2×AN.ŠIM; GA2×AN.ŠIM×GAR,alba-'u4
|GA₂×BUR.ME|,GA2×BUR.ME,gaburaₓ|ŋaburra,ATTESTED_DIRECT,OSL,,ga2×bur-ba13
|GA₂×BU|,GA2×BU,,NESTED_IN_LONGER_FORM,,GA2×BUR; GA2×BUR+RA,alba-bu
|GA₂×DIM|,GA2×DIM,,NESTED_IN_LONGER_FORM,,GA2×DIM×ŠE,alba-di11
|GA₂×EN.NUN|,GA2×EN.NUN,ŋanunₓ,ATTESTED_DIRECT,OSL,,ga2×en-...ri
|GA₂×ERIN₂|,GA2×ERIN2,,NO_ATTESTED_READING,,,alba-bir3
|GA₂×GAM|,GA2×GAM,ginₓ,ATTESTED_DIRECT,OSL,,alba-ar5
|GA₂×GAR.ME|,GA2×GAR.ME,,NO_ATTESTED_READING,,,egara-ba13
|GA₂×GIŠ|,GA2×GIŠ,,NO_ATTESTED_READING,,,alba-es
|GA₂×GUD|,GA2×GUD,,NO_ATTESTED_READING,,,alba-alap
|GA₂×HA.A|,GA2×HA.A,,NO_ATTESTED_READING,,,
|GA₂×HA|,GA2×HA,,NESTED_IN_LONGER_FORM,,GA2×HAL+LA; GA2×HA+LU+EŠ2; GA2×HAL,alba-'a4
|GA₂×IGI@g|,GA2×IGI@g,bara₁₀|gaga|galgaₓ|sabad₃|sad₄,ATTESTED_DIRECT,OGSL,,alba-agar4
|GA₂×IL₂|,GA2×IL2,,NO_ATTESTED_READING,,,alba-dupsik
|GA₂×KU|,GA2×KU,,NESTED_IN_LONGER_FORM,,GA2×KU3+AN,alba-be5
|GA₂×LI|,GA2×LI,,NO_ATTESTED_READING,,,alba-en3
|GA₂×ME|,GA2×ME,,NESTED_IN_LONGER_FORM,,GA2×ME+EN,alba-ba13
|GA₂×NU|,GA2×NU,,NESTED_IN_LONGER_FORM,,E.TUM.GA2×NUN&NUN; GA2×NUN; GA2×NUN&NUN,alba-la3
|GA₂×SANGA₂|,GA2×SANGA2,šangaₓ,ATTESTED_DIRECT,OSL,,alba-sanga2
|GA₂×SILA₃|,GA2×SILA3,,NO_ATTESTED_READING,,,alba-ga5
|GA₂×TE|,GA2×TE,,NO_ATTESTED_READING,,,alba-de4
|GA₂×TUR|,GA2×TUR,urₓ,ATTESTED_DIRECT,OSL,,alba-ban3
|GA₂×U₂|,GA2×U2,,NO_ATTESTED_READING,,,alba-ba6
|GA₂×ŠU|,GA2×ŠU,,NO_ATTESTED_READING,,,alba-kat7
|GA₂×ŠU₂|,GA2×ŠU2,,NO_ATTESTED_READING,,,alba-ešša2
|GI&GI|,GI&GI,,NESTED_IN_LONGER_FORM,,|GI&GI|; |GI&GI&GI|; |(GI&GI)xGIŠ@t|; |(GI&GI)xX|,ešša3-ešša3
|GI.NA.AB.TUM|,GI.NA.AB.TUM,šutum₂,ATTESTED_DIRECT,OSL,,ešša3-aniku-ab-dam3
|GI.NE|,GI.NE,,NO_ATTESTED_READING,,,ešša3-bar7
|GI.ŠA₃.GI|,GI.ŠA3.GI,pugluₓ,ATTESTED_DIRECT,OSL,,ešša3-didala-ešša3
|GIR₂@g×EŠ₂|,GIR2@g×EŠ2,,NO_ATTESTED_READING,,,ad2-ege
|GIR₂×AŠGAB|,GIR2×AŠGAB,,NO_ATTESTED_READING,,,garx(gir2)-ašgab
|GIR₃.AB@g.GAL|,GIR3.AB@g.GAL,,NO_ATTESTED_READING,,,anše2-ab4-gal
|GIR₃.BAR|,GIR3.BAR,kišer|šer₁₁,ATTESTED_DIRECT,OSL,,anše2-ba15
|GIR₃.GA₂×PA.A.AN|,GIR3.GA2×PA.A.AN,sakkan₂,ATTESTED_DIRECT,OSL,,anše2-era4-'u4-/dimer/
|GIR₃.GIR₃|,GIR3.GIR3,,NO_ATTESTED_READING,,,anše2-anše2
|GIR₃.ZA@t|,GIR3.ZA@t,girₓ|irgi,ATTESTED_DIRECT,OSL,,anše2-ad4
|GIR₃×AN|,GIR3×AN,šakkanₓ,ATTESTED_DIRECT,OSL,,anše2-/dimer/
|GIR₃×BI|,GIR3×BI,,NO_ATTESTED_READING,,,anše2-be2
|GIR₃×HI|,GIR3×HI,huš,ATTESTED_DIRECT,OSL,,anše2-'i3
|GIR₃×ZA@t|,GIR3×ZA@t,,NO_ATTESTED_READING,,,anše2-ad4
|GIR₃×ŠE|,GIR3×ŠE,,NO_ATTESTED_READING,,,anše2-ašnan2
|GISAL.A.SI|,GISAL.A.SI,,NO_ATTESTED_READING,,,gisal-'u4-hux(si)
|GISAL.A|,GISAL.A,,NO_ATTESTED_READING,,,gisal-'u4
|GISAL.GAD.GAR.A.SI.A|,GISAL.GAD.GAR.A.SI.A,addirₓ,ATTESTED_DIRECT,OSL,,gisal-gad-ga4-'u4-hux(si)-'u4
|GISAL.PAD.A.SI|,GISAL.PAD.A.SI,addirₓ,ATTESTED_DIRECT,OSL,,gisal-gisal-bad2-bad2-'u4-'u4-hux(si)-hux(si)
|GISAL.PAD.SI.A|,GISAL.PAD.SI.A,ADDIRX(|GISAL.PAD.SI.A|)|AUX(|GISAL.PAD.SI.A|)|GISAL.PAD.SI.A|SAMANX(|GISAL.PAD.SI.A|)|addirx(|GISAL.PAD.SI.A|)|aux(|GISAL.PAD.SI.A|)|samanx(|GISAL.PAD.SI.A|),ATTESTED_DIRECT,SYLLABARY_CM,,gisal-bad2-hux(si)-'u4
|GISAL.PAD.SI|,GISAL.PAD.SI,,NESTED_IN_LONGER_FORM,,A.PA.GISAL.PAD.SI.A; GISAL.PAD.SI.A,gisal-bad2-hux(si)
|GISAL.SI.A|,GISAL.SI.A,,NESTED_IN_LONGER_FORM,,PA.GISAL.SI.A.PAD; PA.GISAL.SI.A,gisal-hux(si)-'u4
|GISAL.SI|,GISAL.SI,,NESTED_IN_LONGER_FORM,,PA.GISAL.SI.A.PAD; PA.GISAL.SI.A,gisal-hux(si)
|GISAL×A.GAD.GAR.A.SI.A|,GISAL×A.GAD.GAR.A.SI.A,addirₓ,ATTESTED_DIRECT,OSL,,
|GI×TAK₄|,GI×TAK4,gitag,ATTESTED_DIRECT,OSL,,ešša3-azad2
|GIŠ%GIŠ.NUN|,GIŠ%GIŠ.NUN,buranunₓ,ATTESTED_DIRECT,OGSL,,adamen₃-adamen₃-...ri-...ri
|GIŠ%GIŠ.ZA|,GIŠ%GIŠ.ZA,lirumₓ,ATTESTED_DIRECT,OSL,,adamen₃-sa3
|GIŠ&GIŠ|,GIŠ&GIŠ,,NO_ATTESTED_READING,,,es-es
|GIŠ.BAD|,GIŠ.BAD,mišsun,ATTESTED_DIRECT,OSL,,es-ba9
|GIŠ.BAR|,GIŠ.BAR,gira₂,ATTESTED_DIRECT,OSL,,es-ba15
|GIŠ.DIN|,GIŠ.DIN,geš-tin|wi₅,ATTESTED_DIRECT,OSL,,es-dan5
|GIŠ.DU.TE.A.TUG₂|,GIŠ.DU.TE.A.TUG2,,NO_ATTESTED_READING,,,es-aragub-de4-'u4-azalag2
|GIŠ.DUN₃@g.MAŠ|,GIŠ.DUN3@g.MAŠ,gilgames|gilgameš,ATTESTED_DIRECT,OSL,,es-aga3-ba7
|GIŠ.GAR.UMBIN|,GIŠ.GAR.UMBIN,nisikiₓ,ATTESTED_DIRECT,OSL,,es-ga4-sigx(umbin)
|GIŠ.GIŠ.NE@s.MES.GA|,GIŠ.GIŠ.NE@s.MES.GA,gilgamesₓ|gilgamešₓ,ATTESTED_DIRECT,OSL,,es-es-bel₂-dubx(mes)-ebir4
|GIŠ.KA.KAD₃|,GIŠ.KA.KAD3,kageškaraₓ|kaŋeškaraₓ,ATTESTED_DIRECT,OSL,,es-/eneĝ/-gat3
|GIŠ.KA.KAD₄|,GIŠ.KA.KAD4,kageškaraₓ|kaŋeškaraₓ,ATTESTED_DIRECT,OSL,,es-/eneĝ/-gešhur
|GIŠ.KA.KAD₅|,GIŠ.KA.KAD5,kageškaraₓ|kaŋeškaraₓ,ATTESTED_DIRECT,OSL,,es-/eneĝ/-bansur3
|GIŠ.KI.BI|,GIŠ.KI.BI,gešbunₓ,ATTESTED_DIRECT,OSL,,es-ammax(ki)-be2
|GIŠ.KI.KUŠU₂|,GIŠ.KI.KUŠU2,gešaₓ|ŋešaₓ,ATTESTED_DIRECT,OSL,,es-ammax(ki)-kuš9
|GIŠ.KUL|,GIŠ.KUL,kulₓ|xₓ,ATTESTED_DIRECT,OSL,,es-gu9
|GIŠ.KU|,GIŠ.KU,ŋeštukul₂|tukul₂,ATTESTED_DIRECT,OSL,,es-be5
|GIŠ.KUŠU₂×KASKAL|,GIŠ.KUŠU2×KASKAL,gešaₓ|ŋešaₓ|ummaₓ,ATTESTED_DIRECT,OSL,,
|GIŠ.LU₂|,GIŠ.LU2,ŋešgiriₓ,ATTESTED_DIRECT,OSL,,es-addax(lu2)
|GIŠ.MA₂.RA|,GIŠ.MA2.RA,amra,ATTESTED_DIRECT,OSL,,es-hux(ma2)-ra
|GIŠ.MI|,GIŠ.MI,dimmušₓ?|gissu|gizzu|ŋessu|ŋessun|ŋissu|luhmaₓ|luhumₓ?|luhummu|ṣil₄|ubilla₂,ATTESTED_DIRECT,OSL,,es-dugud2
|GIŠ.NE.MES.GA|,GIŠ.NE.MES.GA,gilgamešₓ,ATTESTED_DIRECT,OSL,,es-bar7-dubx(mes)-ebir4
|GIŠ.NE.PAP|,GIŠ.NE.PAP,bilₓ,ATTESTED_DIRECT,OSL,,es-bar7-aha3
|GIŠ.NE.X.GA.MES|,GIŠ.NE.X.GA.MES,gilgamešₓ,ATTESTED_DIRECT,OSL,,
|GIŠ.NE@s.GA.ME.U.U.U|,GIŠ.NE@s.GA.ME.U.U.U,gilgameš₂,ATTESTED_DIRECT,OSL,,es-bel₂-ebir4-eš17
|GIŠ.NE@s.GA.MES|,GIŠ.NE@s.GA.MES,gilgames₄|gilgameš₄,ATTESTED_DIRECT,OSL,,es-bel₂-ebir4-dubx(mes)
|GIŠ.NE@s.GA|,GIŠ.NE@s.GA,gilgamesₓ|gilgamešₓ,ATTESTED_DIRECT,OSL,,es-bel₂-ebir4
|GIŠ.NE@s.MES.GA|,GIŠ.NE@s.MES.GA,gilgamesₓ|gilgamešₓ,ATTESTED_DIRECT,OSL,,es-bel₂-dubx(mes)-ebir4
|GIŠ.NE|,GIŠ.NE,bil₄|pil₄,ATTESTED_DIRECT,OSL,,es-bar7
|GIŠ.NU₁₁|,GIŠ.NU11,ŋeš-nu₁₁,ATTESTED_DIRECT,OSL,,es-duri
|GIŠ.PAP.NE@s|,GIŠ.PAP.NE@s,bilₓ,ATTESTED_DIRECT,OSL,,es-aha3-bel₂
|GIŠ.PAP.NE|,GIŠ.PAP.NE,bilₓ,ATTESTED_DIRECT,OSL,,es-aha3-bar7
|GIŠ.PAP.PAP|,GIŠ.PAP.PAP,kibirₓ,ATTESTED_DIRECT,OSL,,es-aha3-aha3
|GIŠ.PI.TUG₂.NU₁₁@90|,GIŠ.PI.TUG2.NU11@90,ŋizzal,ATTESTED_DIRECT,OSL,,
|GIŠ.PI|,GIŠ.PI,geštuₓ|ŋeštugₓ,ATTESTED_DIRECT,OSL,,es-a3
|GIŠ.RU|,GIŠ.RU,gešbuₓ?|gešpaₓ?|gešpuₓ?|ŋešbuₓ?|ŋešpaₓ?|ŋešpuₓ?,ATTESTED_DIRECT,OSL,,es-gešba
|GIŠ.SAL.KUR|,GIŠ.SAL.KUR,ummaₓ,ATTESTED_DIRECT,OSL,,es-f-amma
|GIŠ.TAR|,GIŠ.TAR,mišhaš,ATTESTED_DIRECT,OSL,,es-dar6
|GIŠ.TE.A.DU.TUG₂|,GIŠ.TE.A.DU.TUG2,,NO_ATTESTED_READING,,,es-de4-'u4-aragub-azalag2
|GIŠ.TE.A.TUG₂.DU|,GIŠ.TE.A.TUG2.DU,,NO_ATTESTED_READING,,,es-de4-'u4-azalag2-aragub
|GIŠ.TUG₂.DU|,GIŠ.TUG2.DU,azlagₓ,ATTESTED_DIRECT,OSL,,es-azalag2-aragub
|GIŠ.TUG₂.NI|,GIŠ.TUG2.NI,ŋizzalₓ,ATTESTED_DIRECT,OSL,,es-azalag2-be3
|GIŠ.TUG₂.PI.A.SILA₃|,GIŠ.TUG2.PI.A.SILA3,,NO_ATTESTED_READING,,,es-azalag2-a3-'u4-ga5
|GIŠ.TUG₂.PI.NI|,GIŠ.TUG2.PI.NI,gizzalₓ|ŋizzalₓ,ATTESTED_DIRECT,OSL,,es-azalag2-a3-be3
|GIŠ.TUG₂.PI.NU₁₁.SILA₃|,GIŠ.TUG2.PI.NU11.SILA3,ŋizzal,ATTESTED_DIRECT,DIRI,,es-azalag2-a3-duri-ga5
|GIŠ.TUG₂.PI.NU₁₁@90|,GIŠ.TUG2.PI.NU11@90,ŋessal,ATTESTED_DIRECT,OSL,,
|GIŠ.TUG₂.PI.SILA₃.A|,GIŠ.TUG2.PI.SILA3.A,,NO_ATTESTED_READING,,,es-azalag2-a3-ga5-'u4
|GIŠ.TUG₂.PI.TE.A|,GIŠ.TUG2.PI.TE.A,ašlag₅|azalag₅|azlag₅,ATTESTED_DIRECT,OSL,,es-azalag2-a3-de4-'u4
|GIŠ.TUG₂.PI.ŠIR.TAR.GAR₃|,GIŠ.TUG2.PI.ŠIR.TAR.GAR3,,NO_ATTESTED_READING,,,es-azalag2-a3-as5-dar6-gar3
|GIŠ.TUG₂.PI|,GIŠ.TUG2.PI,azlagₓ|gešdu₂|geštu₂|geštug₂|gišdu₂|gištu₂|gištug₂|ŋessalₓ|ŋeštu₂|ŋeštug₂|ŋištu₂|ŋištug₂|muštuₓ|muštugₓ,ATTESTED_DIRECT,OSL,,es-azalag2-a3
|GIŠ.TUG₂.TE.A|,GIŠ.TUG2.TE.A,ašlag₆|azalag₆|azlag₆,ATTESTED_DIRECT,OSL,,es-azalag2-de4-'u4
|GIŠ.TUK.MAŠ|,GIŠ.TUK.MAŠ,gilgamešₓ,ATTESTED_DIRECT,OSL,,es-du12-ba7
|GIŠ.ŠEŠ.KI|,GIŠ.ŠEŠ.KI,munzerₓ,ATTESTED_DIRECT,OSL,,es-ah2-ammax(ki)
|GIŠ.ŠU.LU₂|,GIŠ.ŠU.LU2,ŋeš-giri₁₉,ATTESTED_DIRECT,DIRI,,es-kat7-addax(lu2)
|GIŠ×ERIN₂|,GIŠ×ERIN2,,NO_ATTESTED_READING,,,es-bir3
|GIŠ×EŠ₂@t|,GIŠ×EŠ2@t,,NO_ATTESTED_READING,,,es-ege
|GIŠ×HI|,GIŠ×HI,,NO_ATTESTED_READING,,,es-'i3
|GIŠ×ŠU|,GIŠ×ŠU,,NO_ATTESTED_READING,,,es-kat7
|GI₄.NA.AB.TUM|,GI4.NA.AB.TUM,šutumₓ,ATTESTED_DIRECT,OSL,,ga8-aniku-ab-dam3
|GU%GU.GU%GU|,GU%GU.GU%GU,sishe,ATTESTED_DIRECT,OSL,,saₓ-saₓ
|GU&GU|,GU&GU,,NO_ATTESTED_READING,,,gu-gu
|GU.GU|,GU.GU,,NESTED_IN_LONGER_FORM,,GU%GU.GU%GU,gu-gu
|GU.SUR.NUN|,GU.SUR.NUN,GU.SUR.NUN,ATTESTED_DIRECT,SYLLABARY_CM,,gu-sur-...ri
|GUD&GUD|,GUD&GUD,,NESTED_IN_LONGER_FORM,,GUD&GUD.LUGAL,alap-alap
|GUD.AN.NA|,GUD.AN.NA,lium,ATTESTED_DIRECT,OSL,,alap-/dimer/-aniku
|GUD.BAR|,GUD.BAR,,NO_ATTESTED_READING,,,alap-ba15
|GUD.GIŠ|,GUD.GIŠ,GUD.GIŠ,ATTESTED_DIRECT,SYLLABARY_CM,,alap-es
|GUD.GIŠ×TAK₄.SI|,GUD.GIŠ×TAK4.SI,,NO_ATTESTED_READING,,,
|GUD.KU|,GUD.KU,unuₓ,ATTESTED_DIRECT,OSL,,alap-be5
|GUD×AŠ|,GUD×AŠ,addaₓ,ATTESTED_DIRECT,OSL,,alap-1aš
|GUD×BAD|,GUD×BAD,addaₓ,ATTESTED_DIRECT,OSL,,alap-ba9
|GUD×DIŠ|,GUD×DIŠ,,NO_ATTESTED_READING,,,alap-anₓ
|GUD×HI|,GUD×HI,,NO_ATTESTED_READING,,,alap-'i3
|GUD×KASKAL|,GUD×KASKAL,,NO_ATTESTED_READING,,,alap-bu2
|GUD×UD|,GUD×UD,guduₓ,ATTESTED_DIRECT,OSL,,alap-a12
|GUD×ŠE|,GUD×ŠE,saₓ,ATTESTED_DIRECT,OSL,,alap-ašnan2
|GUL.ZA|,GUL.ZA,,NO_ATTESTED_READING,,,gul-sa3
|GUR×AŠ@c|,GUR×AŠ@c,gurₓ,ATTESTED_DIRECT,OSL,,gur-1aš
|GU×GU@90|,GU×GU@90,,NO_ATTESTED_READING,,,gu-gu
|GU₂.KAK|,GU2.KAK,,NO_ATTESTED_READING,,,gu2-ban4
|GU₂.KALAM@g|,GU2.KALAM@g,biltu|gun,ATTESTED_DIRECT,OSL,,gu2-kalam
|GU₂.KAM₄|,GU2.KAM4,,NO_ATTESTED_READING,,,gu2-gam3
|GU₂.NUNUZ|,GU2.NUNUZ,nida,ATTESTED_DIRECT,OSL,,gu2-nunu
|GU₂.NUN|,GU2.NUN,,NESTED_IN_LONGER_FORM,,GU2.NUNUZ,gu2-...ri
|GU₂×AŠ₂|,GU2×AŠ2,,NO_ATTESTED_READING,,,gu2-as2
|GU₂×GAD|,GU2×GAD,,NO_ATTESTED_READING,,,gu2-gad
|GU₂×IGI@g|,GU2×IGI@g,,NO_ATTESTED_READING,,,gu2-agar4
|GU₂×IGI|,GU2×IGI,,NO_ATTESTED_READING,,,gu2-bad5
|GU₂×KAK.GIŠ%GIŠ|,GU2×KAK.GIŠ%GIŠ,duran?|turan?,ATTESTED_DIRECT,OSL,,dur-adamen₃
|GU₂×KAK.IGI|,GU2×KAK.IGI,,NO_ATTESTED_READING,,,dur-bad5
|GU₂×PAP|,GU2×PAP,,NO_ATTESTED_READING,,,gu2-aha3
|GU₂×PA|,GU2×PA,,NO_ATTESTED_READING,,,gu2-addirx(pa)
|HA.A.DU|,HA.A.DU,,NO_ATTESTED_READING,,,'a4-'u4-aragub
|HA.A.TAR.DU|,HA.A.TAR.DU,,NO_ATTESTED_READING,,,'a4-'u4-dar6-aragub
|HA.A.TAR|,HA.A.TAR,,NO_ATTESTED_READING,,,'a4-'u4-dar6
|HA.A.UR₂|,HA.A.UR2,kuaraₓ,ATTESTED_DIRECT,OSL,,'a4-'u4-ur2
|HA.A|,HA.A,kuar|kuara|sah₆|saha₆|zah₂|zaha₂,ATTESTED_DIRECT,OSL,,'a4-'u4
|HA.DU|,HA.DU,,NO_ATTESTED_READING,,,'a4-aragub
|HA.LU.EŠ₂|,HA.LU.EŠ2,{ŋeš}HA-LU-EŠ₂,ATTESTED_DIRECT,DIRI,,'a4-eze-ege
|HA.MUŠ.A.DU|,HA.MUŠ.A.DU,,NO_ATTESTED_READING,,,'a4-imdudu-'u4-aragub
|HA.MUŠ.DU|,HA.MUŠ.DU,,NO_ATTESTED_READING,,,'a4-imdudu-aragub
|HA.NAGAR.BU|,HA.NAGAR.BU,dulluₓ,ATTESTED_DIRECT,OSL,,'a4-alla-bu
|HA.TAR.A.DU|,HA.TAR.A.DU,,NO_ATTESTED_READING,,,'a4-dar6-'u4-aragub
|HA.TAR.DU|,HA.TAR.DU,,NO_ATTESTED_READING,,,'a4-dar6-aragub
|HA.ZAG|,HA.ZAG,enkuₓ,ATTESTED_DIRECT,OSL,,'a4-bute
|HA@g.TAR.A.DU|,HA@g.TAR.A.DU,,NO_ATTESTED_READING,,,bis2-dar6-'u4-aragub
|HA@g.TAR.DU|,HA@g.TAR.DU,,NO_ATTESTED_READING,,,bis2-dar6-aragub
|HA@t×TIL|,HA@t×TIL,,NO_ATTESTED_READING,,,ha@t-sumun
|HI+AŠ.NUN.ME|,HI+AŠ.NUN.ME,,NO_ATTESTED_READING,,,'i3-1aš-...ri-ba13
|HI+AŠ₂.SAG|,HI+AŠ2.SAG,,NO_ATTESTED_READING,,,'i3-as2-dul7
|HI+NUN.ME|,HI+NUN.ME,,NO_ATTESTED_READING,,,'i3-...ri-ba13
|HI+NUN|,HI+NUN,,NO_ATTESTED_READING,,,'i3-...ri
|HI.A|,HI.A,ha₂,ATTESTED_DIRECT,OSL,,'i3-'u4
|HI.AŠ.RI.ME|,HI.AŠ.RI.ME,,NO_ATTESTED_READING,,,'i3-1aš-bagx(ri)-ba13
|HI.AŠ.RI|,HI.AŠ.RI,,NO_ATTESTED_READING,,,'i3-1aš-bagx(ri)
|HI.AŠ|,HI.AŠ,,NO_ATTESTED_READING,,,'i3-1aš
|HI.AŠ₂|,HI.AŠ2,,NO_ATTESTED_READING,,,'i3-as2
|HI.BAD|,HI.BAD,,NO_ATTESTED_READING,,,'i3-ba9
|HI.HU|,HI.HU,,NO_ATTESTED_READING,,,'i3-'u5
|HI.KASKAL|,HI.KASKAL,,NO_ATTESTED_READING,,,'i3-bu2
|HI.KISIM₅×SA|,HI.KISIM5×SA,,NO_ATTESTED_READING,,,
|HI.SUHUR|,HI.SUHUR,,NESTED_IN_LONGER_FORM,,|GA2~a1x(HI.SUHUR)|; |HI.SUHUR|,'i3-suh2
|HI.ŠE+SAR.ZU&ZU|,HI.ŠE+SAR.ZU&ZU,,NO_ATTESTED_READING,,,
|HI@g×BAD|,HI@g×BAD,,NO_ATTESTED_READING,,,'i3-ba9
|HI@g×GAD|,HI@g×GAD,,NO_ATTESTED_READING,,,'i3-gad
|HI×AŠ@c|,HI×AŠ@c,,NO_ATTESTED_READING,,,'i3-1aš
|HI×AŠ@t|,HI×AŠ@t,,NO_ATTESTED_READING,,,'i3-1(aš@t)
|HI×AŠ|,HI×AŠ,ehₓ|kaz₈|kazaza|mul₃|muš₄|sur₃|udulₓ|uš₁₇|ušša|zinanutu,ATTESTED_DIRECT,OGSL,,'i3-'i3-1aš-1aš
|HI×AŠ₂.DU|,HI×AŠ2.DU,ur₅-ša₄|urša,ATTESTED_DIRECT,OSL,,ar3-aragub
|HI×AŠ₂.HI×AŠ₂|,HI×AŠ2.HI×AŠ2,ara₅|kikken₂|kikkin₂|kinkin₂,ATTESTED_DIRECT,OSL,,ar3-ar3
|HI×AŠ₂.KA×GAR|,HI×AŠ2.KA×GAR,ur₅-gu₇|urgu,ATTESTED_DIRECT,OSL,,ar3-gu7
|HI×BAD|,HI×BAD,du₁₅|eriš₆|gam₂|gama₂?|hud₃|ka₁₃|kam|kama|qam₂|tu₇|udul₂?|utul₂,ATTESTED_DIRECT,OSL,,'i3-ba9
|HI×BAD×U|,HI×BAD×U,,NO_ATTESTED_READING,,,'i3-ba9-1u
|HI×DIŠ|,HI×DIŠ,as₆|aš₈|kamₓ|šardiš|šargalₓ|šarŋeš|umma₂|utulₓ,ATTESTED_DIRECT,OGSL,,'i3-'i3-anₓ-anₓ
|HI×GAN₂@t|,HI×GAN2@t,,NO_ATTESTED_READING,,,'i3-gan2@t
|HI×HAL|,HI×HAL,,NO_ATTESTED_READING,,,'i3-buluh
|HI×HI|,HI×HI,,NO_ATTESTED_READING,,,'i3-'i3
|HI×KUR|,HI×KUR,,NO_ATTESTED_READING,,,'i3-amma
|HI×KUŠU₂|,HI×KUŠU2,,NO_ATTESTED_READING,,,'i3-kuš9
|HI×MAŠ|,HI×MAŠ,,NO_ATTESTED_READING,,,'i3-'i3-'i3-ba7-ba7-ba7
|HI×NUN.HI×NUN|,HI×NUN.HI×NUN,uhₓ,ATTESTED_DIRECT,OSL,,a'2-a'2
|HI×NUN.ME.BAD|,HI×NUN.ME.BAD,,NO_ATTESTED_READING,,,a'2-ba13-ba9
|HI×NUN.ME.U|,HI×NUN.ME.U,HI×NUN.ME.U|LUHŠA|LUHŠU|ULU2|luhša|luhšu|ulu2,ATTESTED_DIRECT,SYLLABARY_CM,,a'2-ba13-1u
|HI×PAP|,HI×PAP,,NO_ATTESTED_READING,,,'i3-aha3
|HI×PA|,HI×PA,,NO_ATTESTED_READING,,,'i3-addirx(pa)
|HI×SAR|,HI×SAR,,NO_ATTESTED_READING,,,'i3-kiri6
|HI×U|,HI×U,ellaŋₓ,ATTESTED_DIRECT,OSL,,'i3-'i3-1u-1u
|HI×ZI₃|,HI×ZI3,,NO_ATTESTED_READING,,,'i3-gurux(zi3)
|HU.ERIN₂|,HU.ERIN2,,NO_ATTESTED_READING,,,'u5-bir3
|HU.KAK|,HU.KAK,usanda|usandu,ATTESTED_DIRECT,OSL,,'u5-ban4
|HU.MA₂|,HU.MA2,,NO_ATTESTED_READING,,,'u5-hux(ma2)
|HU.MI.AN.IM|,HU.MI.AN.IM,anzuₓ,ATTESTED_DIRECT,OSL,,'u5-dugud2-/dimer/-adad
|HU.ŠE.ERIN₂|,HU.ŠE.ERIN2,BUR5|HU.ŠE.ERIN2|bur5,ATTESTED_DIRECT,SYLLABARY_CM,,'u5-ašnan2-bir3
|HUB₂.DU|,HUB2.DU,rig₉,ATTESTED_DIRECT,OSL,,dux(hub2)-aragub
|I.DIB|,I.DIB,kuŋₓ,ATTESTED_DIRECT,OSL,,i-dab
|I.LU|,I.LU,kuŋ₄|kun₄,ATTESTED_DIRECT,OSL,,i-eze
|I.LU₂@s.NA|,I.LU2@s.NA,arinaₓ,ATTESTED_DIRECT,OSL,,i-ad₇-aniku
|IGI.A|,IGI.A,ahhur?|imhur₄|uₓ|uhhur₃,ATTESTED_DIRECT,OSL,,bad5-'u4
|IGI.BI|,IGI.BI,imhur₂|uhhur?,ATTESTED_DIRECT,OSL,,bad5-be2
|IGI.BUR|,IGI.BUR,,NO_ATTESTED_READING,,,bad5-bur
|IGI.BU|,IGI.BU,igira?,ATTESTED_DIRECT,OSL,,bad5-bu
|IGI.DIM|,IGI.DIM,henzer|henzir|ubri₂,ATTESTED_DIRECT,OSL,,bad5-di11
|IGI.DUB|,IGI.DUB,agrig|aŋrig|geškim|giskim|giškim|gizkim|ŋešgem|ŋeškim|ŋiskim|ŋiškim|iskim|izkim,ATTESTED_DIRECT,OSL,,bad5-dab4
|IGI.DUN|,IGI.DUN,sigₓ,ATTESTED_DIRECT,OSL,,bad5-du24
|IGI.DU|,IGI.DU,ašarid|%akk ašaridu|gešdu₄|geštu₄|igeštu|igištu|mahra|%akk mahruₓ|palil,ATTESTED_DIRECT,OSL,,bad5-aragub
|IGI.ERIN₂|,IGI.ERIN2,buruₓ|burumₓ|damiqₓ|guruₓ|gurum₂|kur₇|kuru₇|kurum₇|sa₁₃|sag₁₀|saga₁₀|seg₅|sig₅|ša₁₅?|šiₓ,ATTESTED_DIRECT,OSL,,bad5-bir3
|IGI.EŠ₂.DU.ERIN₂|,IGI.EŠ2.DU.ERIN2,ildu|ildum|ilduma|ildumma|palil₂|pallilₓ,ATTESTED_DIRECT,OSL,,bad5-ege-aragub-bir3
|IGI.EŠ₂.DU|,IGI.EŠ2.DU,geštuₓ,ATTESTED_DIRECT,OSL,,bad5-ege-aragub
|IGI.GAN₂@t|,IGI.GAN2@t,gurumₓ,ATTESTED_DIRECT,OSL,,bad5-gan2@t
|IGI.GAR|,IGI.GAR,gurumₓ|sikkuₓ,ATTESTED_DIRECT,OSL,,bad5-ga4
|IGI.GA|,IGI.GA,imhur₃|uhhur₂?,ATTESTED_DIRECT,OSL,,bad5-ebir4
|IGI.IB|,IGI.IB,,NO_ATTESTED_READING,,,bad5-arkabx(ib)
|IGI.IGI|,IGI.IGI,dabda?|lalla₂|lelle|lelli|lilib|lilli|pabadₓ|papadₓ,ATTESTED_DIRECT,OSL,,bad5-bad5
|IGI.KID|,IGI.KID,,NO_ATTESTED_READING,,,bad5-buru6
|IGI.KISAL|,IGI.KISAL,,NO_ATTESTED_READING,,,bad5-bur6
|IGI.KIŠ|,IGI.KIŠ,,NO_ATTESTED_READING,,,bad5-erraₓ
|IGI.KUR.ZA|,IGI.KUR.ZA,ganzer|ganzir,ATTESTED_DIRECT,OSL,,bad5-amma-sa3
|IGI.KUR|,IGI.KUR,ganzer₃|ganzir₃|halib|hilib|xlukuₓ,ATTESTED_DIRECT,OSL,,bad5-amma
|IGI.LAGAB|,IGI.LAGAB,,NO_ATTESTED_READING,,,bad5-ella2
|IGI.LU.GIR₃|,IGI.LU.GIR3,,NO_ATTESTED_READING,,,bad5-eze-anše2
|IGI.LU|,IGI.LU,u₃|libir(|IGI.LU|),ATTESTED_DIRECT,DIRI,,bad5-eze
|IGI.MAR|,IGI.MAR,ubriₓ,ATTESTED_DIRECT,OSL,,bad5-gar7
|IGI.MIN|,IGI.MIN,ini₄|%akk/n īnu{II},ATTESTED_DIRECT,OSL,,bad5-menx(min)
|IGI.NAGAR.BU|,IGI.NAGAR.BU,dulum|ildu₂|ildum₂|ilduma₂|ildumma₂,ATTESTED_DIRECT,OSL,,bad5-alla-bu
|IGI.NAGAR.ŠIR|,IGI.NAGAR.ŠIR,dulumaₓ,ATTESTED_DIRECT,OSL,,bad5-alla-as5
|IGI.NISAG|,IGI.NISAG,,NO_ATTESTED_READING,,,bad5-mur2
|IGI.NI|,IGI.NI,,NO_ATTESTED_READING,,,bad5-be3
|IGI.PA|,IGI.PA,paₓ,ATTESTED_DIRECT,OSL,,bad5-addirx(pa)
|IGI.RU|,IGI.RU,pa₃|pad₃,ATTESTED_DIRECT,OSL,,bad5-gešba
|IGI.SUHUR|,IGI.SUHUR,,NO_ATTESTED_READING,,,bad5-suh2
|IGI.TUR|,IGI.TUR,ligimaₓ,ATTESTED_DIRECT,OSL,,bad5-ban3
|IGI.UD|,IGI.UD,,NO_ATTESTED_READING,,,bad5-a12
|IGI.UR.RU.GAR|,IGI.UR.RU.GAR,hulpad?,ATTESTED_DIRECT,OSL,,bad5-a8-gešba-ga4
|IGI.UR.SAR|,IGI.UR.SAR,isimudₓ,ATTESTED_DIRECT,OSL,,bad5-a8-kiri6
|IGI.UR@s|,IGI.UR@s,hul₄,ATTESTED_DIRECT,OSL,,bad5-dul₉
|IGI.UR|,IGI.UR,hul|hula|hulu,ATTESTED_DIRECT,OSL,,bad5-a8
|IGI.ZA.MUŠ₃@g|,IGI.ZA.MUŠ3@g,ištaranₓ,ATTESTED_DIRECT,OSL,,bad5-sa3-muš2
|IGI.ZI|,IGI.ZI,agrigₓ,ATTESTED_DIRECT,OSL,,bad5-se2
|IGI@g.ALAN|,IGI@g.ALAN,sa₇-alan|salamₓ|ukdin|uktim|uktin|uludim₂|uludin₂|ulutim₂|ulutin₂,ATTESTED_DIRECT,OSL,,agar4-al2
|IGI@g.EN.NUN.ME.EZEN×KASKAL|,IGI@g.EN.NUN.ME.EZEN×KASKAL,,NO_ATTESTED_READING,,,agar4-adx(en)-...ri-ba13-asilax(
|IGI@g.IGI@g|,IGI@g.IGI@g,immaₓ|ubriₓ,ATTESTED_DIRECT,OSL,,agar4-agar4
|IGI@g.PAP.NUN.ME|,IGI@g.PAP.NUN.ME,,NO_ATTESTED_READING,,,agar4-aha3-...ri-ba13
|IGI@g.PAP|,IGI@g.PAP,kumₓ?,ATTESTED_DIRECT,OSL,,agar4-aha3
|IGI@g.TAK₄.ALAN|,IGI@g.TAK4.ALAN,sermuššu?|sirmuššu|zermušku|zermuššu|zirmuššu?,ATTESTED_DIRECT,OSL,,agar4-azad2-al2
|IGI×A|,IGI×A,šeₓ,ATTESTED_DIRECT,OSL,,bad5-'u4
|IL₂.DUB₂|,IL2.DUB2,sagga₄|saŋa₄|saŋŋa₄|sanga₄|sangu₄,ATTESTED_DIRECT,OSL,,dupsik-dim5
|IL₂.IL₂|,IL2.IL2,,NO_ATTESTED_READING,,,dupsik-dupsik
|IL₂.KID.DUB₂|,IL2.KID.DUB2,saŋaₓ,ATTESTED_DIRECT,OSL,,dupsik-buru6-dim5
|IL₂.MA₂.DUB₂|,IL2.MA2.DUB2,sagga₂|saŋŋa₂|sangu₂,ATTESTED_DIRECT,OSL,,dupsik-hux(ma2)-dim5
|IL₂.MA₂.IGI@g|,IL2.MA2.IGI@g,sagga₃|saŋa₃|saŋŋa₃|sanga₃|sangu₃,ATTESTED_DIRECT,OSL,,dupsik-hux(ma2)-agar4
|IM&IM|,IM&IM,aŋar₅|dalhamun₆|mermeri₃,ATTESTED_DIRECT,OSL,,adad-adad-adad-adad
|IM.A.AN|,IM.A.AN,šeg₁₄|šeŋ₁₄,ATTESTED_DIRECT,OSL,,adad-'u4-/dimer/
|IM.A.A|,IM.A.A,šegₓ|šeŋₓ,ATTESTED_DIRECT,OSL,,adad-'u4-'u4
|IM.A|,IM.A,šegₓ|šeŋₓ,ATTESTED_DIRECT,OSL,,adad-'u4
|IM.DUB₂|,IM.DUB2,šerkan,ATTESTED_DIRECT,OSL,,adad-dim5
|IM.DUGUD|,IM.DUGUD,agar₆|aŋar₆|muru₉,ATTESTED_DIRECT,OSL,,adad-dugud
|IM.DUN.DUN₃@g@g|,IM.DUN.DUN3@g@g,suhul₃,ATTESTED_DIRECT,OSL,,adad-du24-aga
|IM.DUN₃@g@g.DUN|,IM.DUN3@g@g.DUN,suhul₂,ATTESTED_DIRECT,OSL,,adad-aga-du24
|IM.GAN₂.HI×NUN.ME.U|,IM.GAN2.HI×NUN.ME.U,uluba|ulubar|ulumaš,ATTESTED_DIRECT,OSL,,adad-al3-a'2-ba13-1u
|IM.HI×NUN.ME.U.GAN₂|,IM.HI×NUN.ME.U.GAN2,uluba₂|ulubar₂|ulumaš₂,ATTESTED_DIRECT,OSL,,adad-a'2-ba13-1u-al3
|IM.KAD₃|,IM.KAD3,tuk₈,ATTESTED_DIRECT,OSL,,adad-gat3
|IM.LAK648|,IM.LAK648,ulu₃,ATTESTED_DIRECT,OSL,,
|IM.MI|,IM.MI,,NESTED_IN_LONGER_FORM,,AN.IM.MI,adad-dugud2
|IM.NE|,IM.NE,,NO_ATTESTED_READING,,,adad-bar7
|IM.NI.UD|,IM.NI.UD,enaqa,ATTESTED_DIRECT,OSL,,adad-atumx(
|IM.SI.A|,IM.SI.A,duggu|dungaₓ|dungu,ATTESTED_DIRECT,OSL,,adad-hux(si)-'u4
|IM.SI|,IM.SI,dunguₓ,ATTESTED_DIRECT,OSL,,adad-hux(si)
|IM.TAK₄|,IM.TAK4,kid₇,ATTESTED_DIRECT,DIRI,,adad-azad2
|IM.UD|,IM.UD,sidar,ATTESTED_DIRECT,OSL,,adad-a12
|IM.ŠITA|,IM.ŠITA,dalhamun,ATTESTED_DIRECT,OSL,,adad-ešda3
|IM.ŠU₂|,IM.ŠU2,šu₁₇|uh₆,ATTESTED_DIRECT,OSL,,adad-ešša2
|IR.MUŠ.HA.DIN.BALAG|,IR.MUŠ.HA.DIN.BALAG,,NO_ATTESTED_READING,,,er-imdudu-'a4-dan5-balag
|IŠ.A.SUD|,IŠ.A.SUD,imₓ,ATTESTED_DIRECT,OSL,,es₅-'u4-sar4
|IŠ.URUDA|,IŠ.URUDA,samannu|samanur|šamanur|šašamanur|šeknu|šem₇|šen₅,ATTESTED_DIRECT,OSL,,es₅-da5
|KA&KA|,KA&KA,,NO_ATTESTED_READING,,,/eneĝ/-/eneĝ/
|KA.AD.KU₃|,KA.AD.KU3,,NO_ATTESTED_READING,,,/eneĝ/-ab3-ku3
|KA.AN.NI.SI|,KA.AN.NI.SI,kurku₂,ATTESTED_DIRECT,OSL,,/eneĝ/-/dimer/-be3-hux(si)
|KA.BALAG.GA₂.TE.A.DU@s.ZA.NA|,KA.BALAG.GA2.TE.A.DU@s.ZA.NA,bizaza,ATTESTED_DIRECT,OSL,,/eneĝ/-balag-alba-de4-'u4-barim-sa3-aniku
|KA.BAR|,KA.BAR,,NESTED_IN_LONGER_FORM,,UD.KA.BAR,/eneĝ/-ba15
|KA.DI|,KA.DI,ištaran,ATTESTED_DIRECT,OSL,,/eneĝ/-de
|KA.EŠ₂|,KA.EŠ2,eškiriₓ,ATTESTED_DIRECT,OSL,,/eneĝ/-ege
|KA.GAR|,KA.GAR,,NO_ATTESTED_READING,,,/eneĝ/-ga4
|KA.GIŠ%GIŠ|,KA.GIŠ%GIŠ,,NO_ATTESTED_READING,,,/eneĝ/-adamen₃
|KA.HI.GA|,KA.HI.GA,munₓ|ummaₓ,ATTESTED_DIRECT,OSL,,/eneĝ/-'i3-ebir4
|KA.HI|,KA.HI,dema|demma|demmu|demu|dima|dimma|dimmu|dimu|%akk/n ṭēmu,ATTESTED_DIRECT,OSL,,/eneĝ/-'i3
|KA.IM|,KA.IM,,NO_ATTESTED_READING,,,/eneĝ/-adad
|KA.KAK|,KA.KAK,gug₆|pihu₃,ATTESTED_DIRECT,OSL,,/eneĝ/-ban4
|KA.KAL|,KA.KAL,sigₓ,ATTESTED_DIRECT,OSL,,/eneĝ/-alad2
|KA.KA|,KA.KA,duṭu,ATTESTED_DIRECT,OSL,,/eneĝ/-/eneĝ/
|KA.LI|,KA.LI,,NO_ATTESTED_READING,,,/eneĝ/-en3
|KA.LUM|,KA.LUM,,NO_ATTESTED_READING,,,/eneĝ/-egir5
|KA.ME|,KA.ME,,NO_ATTESTED_READING,,,/eneĝ/-ba13
|KA.NE|,KA.NE,,NO_ATTESTED_READING,,,/eneĝ/-bar7
|KA.NUN|,KA.NUN,,NO_ATTESTED_READING,,,/eneĝ/-...ri
|KA.SAR|,KA.SAR,,NO_ATTESTED_READING,,,/eneĝ/-kiri6
|KA.TAR|,KA.TAR,,NO_ATTESTED_READING,,,/eneĝ/-dar6
|KA.UD.AŠ|,KA.UD.AŠ,,NO_ATTESTED_READING,,,/eneĝ/-a12-1aš
|KA.UD.BAR|,KA.UD.BAR,,NO_ATTESTED_READING,,,/eneĝ/-a12-ba15
|KA.UD|,KA.UD,,NO_ATTESTED_READING,,,/eneĝ/-a12
|KA.U₂|,KA.U2,,NO_ATTESTED_READING,,,/eneĝ/-ba6
|KA.X|,KA.X,zubₓ,ATTESTED_DIRECT,OSL,,
|KA.ŠU.IG|,KA.ŠU.IG,,NO_ATTESTED_READING,,,/eneĝ/-kat7-/mal/
|KA.ŠU|,KA.ŠU,šudₓ|šuduₓ,ATTESTED_DIRECT,OSL,,/eneĝ/-kat7
|KAB.BU|,KAB.BU,gabuₓ,ATTESTED_DIRECT,OSL,,gab2-bu
|KAB.UŠ|,KAB.UŠ,ragab₃,ATTESTED_DIRECT,OSL,,gab2-geš3
|KAD₂.U.SI|,KAD2.U.SI,u₅,ATTESTED_DIRECT,OSL,,gat2-1u-hux(si)
|KAD₃.KAD₃|,KAD3.KAD3,šeššed₂,ATTESTED_DIRECT,OSL,,gat3-gat3
|KAD₄.KAD₄.KAD₅|,KAD4.KAD4.KAD5,šeššed₃,ATTESTED_DIRECT,OSL,,gešhur-gešhur-bansur3
|KAD₄.SAG|,KAD4.SAG,,NO_ATTESTED_READING,,,gešhur-dul7
|KAD₅&KAD₅.KAD₅&KAD₅|,KAD5&KAD5.KAD5&KAD5,talₓ|tilₓ,ATTESTED_DIRECT,OSL,,esirₓ-esirₓ
|KAD₅.KAD₅|,KAD5.KAD5,esir₃|šedšedₓ|tal₅|til₆,ATTESTED_DIRECT,OSL,,bansur3-bansur3
|KAK&KAK|,KAK&KAK,,NO_ATTESTED_READING,,,ban4-ban4
|KAK+DIŠ|,KAK+DIŠ,,NO_ATTESTED_READING,,,ban4-anₓ
|KAK.TAR|,KAK.TAR,kuksu₂,ATTESTED_DIRECT,OSL,,ban4-dar6
|KAL.EDIN|,KAL.EDIN,birdu|šarap,ATTESTED_DIRECT,OSL,,alad2-bilx(edin)
|KASKAL&KASKAL.DU&DU.BAD&BAD|,KASKAL&KASKAL.DU&DU.BAD&BAD,,NO_ATTESTED_READING,,,
|KASKAL.6(DIŠ)|,KASKAL.6(DIŠ),zikura,ATTESTED_DIRECT,OSL,,bu2-aš₃
|KASKAL.BU|,KASKAL.BU,dana|danna,ATTESTED_DIRECT,OSL,,bu2-bu
|KASKAL.GA|,KASKAL.GA,gaeš₂|gaiš₂|garaš₄,ATTESTED_DIRECT,OSL,,bu2-ebir4
|KASKAL.HI|,KASKAL.HI,,NESTED_IN_LONGER_FORM,,KASKAL.HI×NUN,bu2-'i3
|KASKAL.KUR|,KASKAL.KUR,alba₂|alha|baliha|dalₓ|ellat|ilba₂|ilha|illat|%akk illatu,ATTESTED_DIRECT,OSL,,bu2-amma
|KASKAL.LAGAB|,KASKAL.LAGAB,šubtu₃|šubtum₃,ATTESTED_DIRECT,OSL,,bu2-ella2
|KASKAL.LAGAB×U|,KASKAL.LAGAB×U,šubtu₅|šubtum₅,ATTESTED_DIRECT,OSL,,bu2-bu4
|KASKAL.LAGAB×X|,KASKAL.LAGAB×X,šubtumₓ,ATTESTED_DIRECT,OSL,,
|KASKAL.PA.DU|,KASKAL.PA.DU,maškimₓ,ATTESTED_DIRECT,OSL,,bu2-addirx(pa)-aragub
|KASKAL.UD@s|,KASKAL.UD@s,iti₃,ATTESTED_DIRECT,OSL,,bu2-itiₓ
|KA×A.A|,KA×A.A,pišₓ,ATTESTED_DIRECT,OSL,,emma2-'u4
|KA×AŠ|,KA×AŠ,,NESTED_IN_LONGER_FORM,,KA×AŠ2,/eneĝ/-1aš
|KA×BAL|,KA×BAL,buluₓ,ATTESTED_DIRECT,OSL,,/eneĝ/-bal
|KA×DIŠ|,KA×DIŠ,,NO_ATTESTED_READING,,,/eneĝ/-anₓ
|KA×DUB₂|,KA×DUB2,KA×DUB2,ATTESTED_DIRECT,SYLLABARY_CM,,/eneĝ/-dim5
|KA×DU|,KA×DU,,NESTED_IN_LONGER_FORM,,KA×DUB2,/eneĝ/-aragub
|KA×GA.SAG|,KA×GA.SAG,kulkul,ATTESTED_DIRECT,OSL,,ka×ga-dul7
|KA×GAN|,KA×GAN,,NESTED_IN_LONGER_FORM,,NUN.ME.KA×GAN2@t; KA×GAN2@t; KA×GAN2@t.ŠA,/eneĝ/-gam4
|KA×GAN₂|,KA×GAN2,,NESTED_IN_LONGER_FORM,,NUN.ME.KA×GAN2@t; KA×GAN2@t; KA×GAN2@t.ŠA,/eneĝ/-al3
|KA×GA₂|,KA×GA2,šeg₁₈,ATTESTED_DIRECT,OSL,,/eneĝ/-alba
|KA×GIG|,KA×GIG,,NO_ATTESTED_READING,,,/eneĝ/-ge17
|KA×KAD₃|,KA×KAD3,,NO_ATTESTED_READING,,,/eneĝ/-gat3
|KA×KU|,KA×KU,,NO_ATTESTED_READING,,,/eneĝ/-be5
|KA×LI.KA×LI|,KA×LI.KA×LI,mummun|mumun,ATTESTED_DIRECT,OSL,,gele3-gele3
|KA×MAŠ|,KA×MAŠ,kabₓ,ATTESTED_DIRECT,OSL,,/eneĝ/-ba7
|KA×MES|,KA×MES,,NO_ATTESTED_READING,,,/eneĝ/-dubx(mes)
|KA×MU.KA×MU|,KA×MU.KA×MU,,NO_ATTESTED_READING,,,
|KA×NA|,KA×NA,,NO_ATTESTED_READING,,,/eneĝ/-aniku
|KA×NI|,KA×NI,,NO_ATTESTED_READING,,,/eneĝ/-be3
|KA×NI₂|,KA×NI2,,NO_ATTESTED_READING,,,/eneĝ/-me10
|KA×RI|,KA×RI,,NO_ATTESTED_READING,,,/eneĝ/-bagx(ri)
|KA×SAL|,KA×SAL,zarahₓ,ATTESTED_DIRECT,OSL,,/eneĝ/-f
|KA×SI|,KA×SI,kurkuₓ,ATTESTED_DIRECT,OSL,,/eneĝ/-hux(si)
|KA×TAB|,KA×TAB,,NO_ATTESTED_READING,,,/eneĝ/-dab2
|KA×TAK₄|,KA×TAK4,šegₓ,ATTESTED_DIRECT,OSL,,/eneĝ/-azad2
|KA×TE|,KA×TE,emenₓ,ATTESTED_DIRECT,OSL,,/eneĝ/-de4
|KA×TIL|,KA×TIL,šegₓ,ATTESTED_DIRECT,OSL,,/eneĝ/-sumun
|KA×UD.BAR|,KA×UD.BAR,zabar₃|zibar₃,ATTESTED_DIRECT,OSL,,emma-ba15
|KA×URUDA|,KA×URUDA,,NO_ATTESTED_READING,,,/eneĝ/-da5
|KA×UZU|,KA×UZU,,NO_ATTESTED_READING,,,/eneĝ/-usux(uzu)
|KA×X.KA×X|,KA×X.KA×X,,NO_ATTESTED_READING,,,
|KA×ŠAR₂|,KA×ŠAR2,,NO_ATTESTED_READING,,,/eneĝ/-1šar2
|KA×ŠU.ŠA|,KA×ŠU.ŠA,,NO_ATTESTED_READING,,,burx(-ara
|KA×ŠU|,KA×ŠU,adabₓ|burₓ|subₓ|šeₓ|šedₓ|šegₓ|šiₓ|šu₁₂|šud₃|šude₃?|šudu₃|šušudi|ušₓ,ATTESTED_DIRECT,OSL,,/eneĝ/-kat7
|KA₂.AN.RA|,KA2.AN.RA,babila₂|babilim₂|babilima₂,ATTESTED_DIRECT,OSL,,aganx(ka2)-/dimer/-ra
|KA₂.AN|,KA2.AN,babila|babilim|babilima,ATTESTED_DIRECT,OSL,,aganx(ka2)-/dimer/
|KA₂.GAL|,KA2.GAL,abul|abula|abulla,ATTESTED_DIRECT,OSL,,aganx(ka2)-gal
|KEŠ₂×A|,KEŠ2×A,,NO_ATTESTED_READING,,,gir11-'u4
|KI.5(DIŠ)|,KI.5(DIŠ),,NO_ATTESTED_READING,,,ammax(ki)-i₂
|KI.AN.IM|,KI.AN.IM,kutra|qutra,ATTESTED_DIRECT,OSL,,ammax(ki)-/dimer/-adad
|KI.AN.UD|,KI.AN.UD,šakirₓ|šakira₂,ATTESTED_DIRECT,OSL,,ammax(ki)-/dimer/-a12
|KI.AN.ŠEŠ.KI|,KI.AN.ŠEŠ.KI,munzer|munzur|musur,ATTESTED_DIRECT,OSL,,ammax(ki)-/dimer/-ah2-ammax(ki)
|KI.AN|,KI.AN,,NESTED_IN_LONGER_FORM,,KI.AN.IM; KI.AN.UD; KI.AN.ŠEŠ.KI,ammax(ki)-/dimer/
|KI.A|,KI.A,peš₁₀|piš₁₀,ATTESTED_DIRECT,OSL,,ammax(ki)-'u4
|KI.AŠ.AŠ|,KI.AŠ.AŠ,absin|gisbun,ATTESTED_DIRECT,OSL,,ammax(ki)-1aš-1aš
|KI.BAD|,KI.BAD,garašaₓ,ATTESTED_DIRECT,OSL,,ammax(ki)-ba9
|KI.BI.KAK|,KI.BI.KAK,xgaₓ,ATTESTED_DIRECT,OSL,,ammax(ki)-be2-ban4
|KI.BI.NI|,KI.BI.NI,kibini,ATTESTED_DIRECT,OSL,,ammax(ki)-be2-be3
|KI.DIŠ.DIŠ.DIŠ|,KI.DIŠ.DIŠ.DIŠ,,NO_ATTESTED_READING,,,ammax(ki)-anₓ-anₓ-anₓ
|KI.DU.KAK|,KI.DU.KAK,šiten,ATTESTED_DIRECT,OSL,,ammax(ki)-aragub-ban4
|KI.E.NE.DI.AN.MUŠ₃|,KI.E.NE.DI.AN.MUŠ3,ešemen₂|ešemin₂,ATTESTED_DIRECT,OSL,,ammax(ki)-e-bar7-de-/dimer/-ennin
|KI.E.NE.DI|,KI.E.NE.DI,ešemen|ešemin,ATTESTED_DIRECT,OSL,,ammax(ki)-e-bar7-de
|KI.EN.KAK|,KI.EN.KAK,bur₁₁|buru₁₁|mur₆|muru₆|murum₆,ATTESTED_DIRECT,OSL,,ammax(ki)-adx(en)-ban4
|KI.GAL|,KI.GAL,sur₆,ATTESTED_DIRECT,OSL,,ammax(ki)-gal
|KI.GAR.BI|,KI.GAR.BI,,NO_ATTESTED_READING,,,ammax(ki)-ga4-be2
|KI.IB|,KI.IB,dudu|eššeb|uštuh,ATTESTED_DIRECT,OSL,,ammax(ki)-arkabx(ib)
|KI.KA.LU₂|,KI.KA.LU2,engarₓ,ATTESTED_DIRECT,OSL,,ammax(ki)-/eneĝ/-addax(lu2)
|KI.KA.SAL|,KI.KA.SAL,igiraₓ,ATTESTED_DIRECT,OSL,,ammax(ki)-/eneĝ/-f
|KI.KAK|,KI.KAK,sur₇,ATTESTED_DIRECT,OSL,,ammax(ki)-ban4
|KI.KAL.BAD.IDIM|,KI.KAL.BAD.IDIM,garašₓ|karašₓ,ATTESTED_DIRECT,OSL,,ammax(ki)-alad2-ba9-ari2
|KI.KAL.BAD|,KI.KAL.BAD,karaš|garaš₂,ATTESTED_DIRECT,DIRI,,ammax(ki)-alad2-ba9
|KI.KAL.IDIM|,KI.KAL.IDIM,garaš₂,ATTESTED_DIRECT,DIRI,,ammax(ki)-alad2-ari2
|KI.KAL|,KI.KAL,bad₄|dubad|garaš₅|hirim|hirin|hurin|kankal|karaš₂|kiŋalₓ|kikla|kislah₃|sas|uludim|uludin|ulutim|ulutin,ATTESTED_DIRECT,OSL,,ammax(ki)-alad2
|KI.KI|,KI.KI,kukku₃|utte|utu₄|uṭe,ATTESTED_DIRECT,OSL,,ammax(ki)-ammax(ki)
|KI.KU.LU₂|,KI.KU.LU2,<(...)>,ATTESTED_DIRECT,DIRI,,ammax(ki)-be5-addax(lu2)
|KI.KU.SAG|,KI.KU.SAG,zarahₓ,ATTESTED_DIRECT,OSL,,ammax(ki)-be5-dul7
|KI.KU|,KI.KU,idriₓ,ATTESTED_DIRECT,OSL,,ammax(ki)-be5
|KI.LAL|,KI.LAL,uttu₆|uṭu₆,ATTESTED_DIRECT,OSL,,ammax(ki)-la2
|KI.LAM|,KI.LAM,ganba|kalbuₓ|malba|šakaka|šakanka|xbaₓ,ATTESTED_DIRECT,OSL,,ammax(ki)-ešx(lam)
|KI.LAM×KUR|,KI.LAM×KUR,ganbaₓ,ATTESTED_DIRECT,OSL,,ammax(ki)-arad3
|KI.LIMMU|,KI.LIMMU,,NO_ATTESTED_READING,,,ammax(ki)-lammu
|KI.LU.EŠ₂.GAR.SU.GAR.RA|,KI.LU.EŠ2.GAR.SU.GAR.RA,,NO_ATTESTED_READING,,,ammax(ki)-eze-ege-ga4-guš-ga4-ra
|KI.LU.EŠ₂.GAR|,KI.LU.EŠ2.GAR,,NO_ATTESTED_READING,,,ammax(ki)-eze-ege-ga4
|KI.LU.EŠ₂|,KI.LU.EŠ2,KI.LU.EŠ2|UGNIMX(|KI.LU.EŠ2|)|ugnimx(|KI.LU.EŠ2|),ATTESTED_DIRECT,SYLLABARY_CM,,ammax(ki)-eze-ege
|KI.LUGAL|,KI.LUGAL,šitenₓ,ATTESTED_DIRECT,OSL,,ammax(ki)-bišeba
|KI.MIN|,KI.MIN,kimin|u₇,ATTESTED_DIRECT,OSL,,ammax(ki)-menx(min)
|KI.MUŠ₃@g|,KI.MUŠ3@g,kukku₄,ATTESTED_DIRECT,OSL,,ammax(ki)-muš2
|KI.NE.AN.MUŠ₃|,KI.NE.AN.MUŠ3,digbir,ATTESTED_DIRECT,OSL,,ammax(ki)-bar7-/dimer/-ennin
|KI.NE.DI|,KI.NE.DI,ešemenₓ,ATTESTED_DIRECT,OSL,,ammax(ki)-bar7-de
|KI.NE@s|,KI.NE@s,gunniₓ,ATTESTED_DIRECT,OSL,,ammax(ki)-bel₂
|KI.NI|,KI.NI,,NO_ATTESTED_READING,,,ammax(ki)-be3
|KI.SAG.DU|,KI.SAG.DU,sulumₓ|sulummar,ATTESTED_DIRECT,OSL,,ammax(ki)-dul7-aragub
|KI.SAG@n.DU|,KI.SAG@n.DU,sulummar₂,ATTESTED_DIRECT,OSL,,ammax(ki)-keš₄-aragub
|KI.SAG@n|,KI.SAG@n,kišiₓ,ATTESTED_DIRECT,OSL,,ammax(ki)-keš₄
|KI.SAG|,KI.SAG,egi₃?|igi₃?,ATTESTED_DIRECT,OSL,,ammax(ki)-dul7
|KI.SU.GAR.RA|,KI.SU.GAR.RA,,NO_ATTESTED_READING,,,ammax(ki)-guš-ga4-ra
|KI.SU.LU.EŠ₂.GAR.KI|,KI.SU.LU.EŠ2.GAR.KI,,NO_ATTESTED_READING,,,ammax(ki)-guš-eze-ege-ga4-ammax(ki)
|KI.SU.LU.EŠ₂.GAR.RA|,KI.SU.LU.EŠ2.GAR.RA,KI.SU.LU.EŠ2.GAR.RA|UGNIMX(|KI.SU.LU.EŠ2.GAR.RA|)|ugnimx(|KI.SU.LU.EŠ2.GAR.RA|),ATTESTED_DIRECT,SYLLABARY_CM,,ammax(ki)-guš-eze-ege-ga4-ra
|KI.SU.LU.EŠ₂.KI.GAR|,KI.SU.LU.EŠ2.KI.GAR,,NO_ATTESTED_READING,,,ammax(ki)-guš-eze-ege-ammax(ki)-ga4
|KI.SU.LU.EŠ₂|,KI.SU.LU.EŠ2,,NESTED_IN_LONGER_FORM,,KI.SU.LU.EŠ2.GAR; KI.SU.LU.EŠ2.GAR.RA,ammax(ki)-guš-eze-ege
|KI.SU.LU.GAR.EŠ₂|,KI.SU.LU.GAR.EŠ2,,NO_ATTESTED_READING,,,ammax(ki)-guš-eze-ga4-ege
|KI.SU.LU.GAR.KI|,KI.SU.LU.GAR.KI,,NO_ATTESTED_READING,,,ammax(ki)-guš-eze-ga4-ammax(ki)
|KI.SU.LU.GAR|,KI.SU.LU.GAR,KI.SU.LU.GAR|UGNIMX(|KI.SU.LU.GAR|)|ugnimx(|KI.SU.LU.GAR|),ATTESTED_DIRECT,SYLLABARY_CM,,ammax(ki)-guš-eze-ga4
|KI.SU.LU.KI.GAR|,KI.SU.LU.KI.GAR,KI.SU.LU.KI.GAR|UGNIMX(|KI.SU.LU.KI.GAR|)|ugnimx(|KI.SU.LU.KI.GAR|),ATTESTED_DIRECT,SYLLABARY_CM,,ammax(ki)-guš-eze-ammax(ki)-ga4
|KI.SU.LU.LAGAB×U.GAR|,KI.SU.LU.LAGAB×U.GAR,KI.SU.LU.LAGAB×U.GAR|UGNIMX(|KI.SU.LU.LAGAB×U.GAR|)|ugnimx(|KI.SU.LU.LAGAB×U.GAR|),ATTESTED_DIRECT,SYLLABARY_CM,,ammax(ki)-guš-eze-bu4-ga4
|KI.SU.LU.ŠU.GAR|,KI.SU.LU.ŠU.GAR,KI.SU.LU.ŠU.GAR|UGNIMX(|KI.SU.LU.ŠU.GAR|)|ugnimx(|KI.SU.LU.ŠU.GAR|),ATTESTED_DIRECT,SYLLABARY_CM,,ammax(ki)-guš-eze-kat7-ga4
|KI.SU.ZA.LU.EŠ₂|,KI.SU.ZA.LU.EŠ2,KI.SU.ZA.LU.EŠ2|UGNIMX(|KI.SU.ZA.LU.EŠ2|)|ugnimx(|KI.SU.ZA.LU.EŠ2|),ATTESTED_DIRECT,SYLLABARY_CM,,ammax(ki)-guš-sa3-eze-ege
|KI.U.U.U|,KI.U.U.U,,NO_ATTESTED_READING,,,ammax(ki)-ba₃
|KI.UD.A|,KI.UD.A,kilahha,ATTESTED_DIRECT,OSL,,ammax(ki)-a12-'u4
|KI.UD|,KI.UD,kankalₓ|kiŋalₓ|kislah|kizlah,ATTESTED_DIRECT,OSL,,ammax(ki)-a12
|KI.URU×MIN|,KI.URU×MIN,dagan?|daggan?|dakan|dakkan|suku₄,ATTESTED_DIRECT,OSL,,ammax(ki)-gal3
|KI.ŠEŠ.KAK.A|,KI.ŠEŠ.KAK.A,kissa,ATTESTED_DIRECT,DIRI,,ammax(ki)-ah2-ban4-'u4
|KID.MAH|,KID.MAH,amuru|muruₓ,ATTESTED_DIRECT,OSL,,buru6-al6
|KID.MA₂.MAH|,KID.MA2.MAH,kid-ma₂-mah,ATTESTED_DIRECT,DIRI,,buru6-hux(ma2)-al6
|KID.MA₂.ŠU₂.A|,KID.MA2.ŠU2.A,,NO_ATTESTED_READING,,,buru6-hux(ma2)-ešša2-'u4
|KID.MA₂.ŠU₂|,KID.MA2.ŠU2,kid-ma₂-šu₂-a,ATTESTED_DIRECT,DIRI,,buru6-hux(ma2)-ešša2
|KID.NUN|,KID.NUN,,NO_ATTESTED_READING,,,buru6-...ri
|KIN.KIN|,KIN.KIN,kenke,ATTESTED_DIRECT,OSL,,gur10-gur10
|KIN×UD|,KIN×UD,,NO_ATTESTED_READING,,,gur10-a12
|KISAL×PAP|,KISAL×PAP,,NO_ATTESTED_READING,,,bur6-aha3
|KISAL×UD|,KISAL×UD,,NO_ATTESTED_READING,,,bur6-a12
|KISIM₅×KAK|,KISIM5×KAK,,NESTED_IN_LONGER_FORM,,DAG.KISIM5×KAK; PA.DAG.KISIM5×KAK,kisim5-ban4
|KIŠ.AB@g|,KIŠ.AB@g,guduaₓ|nergalₓ,ATTESTED_DIRECT,OSL,,erraₓ-ab4
|KIŠ.ARAD|,KIŠ.ARAD,šagana,ATTESTED_DIRECT,OSL,,erraₓ-...ki
|KIŠ.PIRIG|,KIŠ.PIRIG,tidnumₓ,ATTESTED_DIRECT,OSL,,erraₓ-ne3
|KIŠ@g.ARAD|,KIŠ@g.ARAD,,NO_ATTESTED_READING,,,
|KIŠ×TIL|,KIŠ×TIL,,NO_ATTESTED_READING,,,erraₓ-sumun
|KU.AN.RA|,KU.AN.RA,metuₓ,ATTESTED_DIRECT,OSL,,be5-/dimer/-ra
|KU.AN|,KU.AN,medda|meddu|meṭa|meṭu|midda|middu|mitₓ|mitta|mittu|mitum|miṭa|%akk miṭṭu|miṭu,ATTESTED_DIRECT,OSL,,be5-/dimer/
|KU.ARAD|,KU.ARAD,,NO_ATTESTED_READING,,,be5-...ki
|KU.BU.NUN.TU.KU|,KU.BU.NUN.TU.KU,samanₓ,ATTESTED_DIRECT,OSL,,be5-bu-...ri-du2-be5
|KU.GAR|,KU.GAR,guza|guzza,ATTESTED_DIRECT,OSL,,be5-ga4
|KU.GIŠ%GIŠ|,KU.GIŠ%GIŠ,daraₓ?|dariₓ?|daruₓ?|duruₓ?,ATTESTED_DIRECT,OSL,,be5-adamen₃
|KU.IDIM|,KU.IDIM,medda₂|meddu₂|meṭa₂|meṭu₂|midda₂|middu₂|mitta₂|mittu₂|mitum₂|miṭa₂|miṭu₂,ATTESTED_DIRECT,OSL,,be5-ari2
|KU.KI.SAG|,KU.KI.SAG,zarahₓ,ATTESTED_DIRECT,OSL,,be5-ammax(ki)-dul7
|KU.KU.KU|,KU.KU.KU,ehₓ|eheh|ehehhe,ATTESTED_DIRECT,OSL,,be5-be5-be5
|KU.KU|,KU.KU,durunₓ|durunaₓ|eh₃,ATTESTED_DIRECT,OSL,,be5-be5
|KU.NU|,KU.NU,bula,ATTESTED_DIRECT,OSL,,be5-la3
|KUL.ŠA₃|,KUL.ŠA3,,NO_ATTESTED_READING,,,gu9-didala
|KUR.BAD|,KUR.BAD,,NESTED_IN_LONGER_FORM,,E2.KUR.BAD,amma-ba9
|KUR.MUŠ₃@g.ZA.KI|,KUR.MUŠ3@g.ZA.KI,%akk namru,ATTESTED_DIRECT,OSL,,amma-muš2-sa3-ammax(ki)
|KUR.MUŠ₃@g.ZA|,KUR.MUŠ3@g.ZA,|KUR.MUŠ₃@g.ZA|,ATTESTED_DIRECT,DIRI,,amma-muš2-sa3
|KUR.MUŠ₃|,KUR.MUŠ3,,NESTED_IN_LONGER_FORM,,KUR.MUŠ3@g.ZA.KI,amma-ennin
|KUR.RA|,KUR.RA,,NESTED_IN_LONGER_FORM,,ANŠE.KUR.RA; U2.KUR.RA,amma-ra
|KUR.SI.A.GA|,KUR.SI.A.GA,nenin,ATTESTED_DIRECT,OSL,,amma-hux(si)-'u4-ebir4
|KUR.TI|,KUR.TI,parsa,ATTESTED_DIRECT,OSL,,amma-de9
|KUR.ZA.KUR.ZI|,KUR.ZA.KUR.ZI,ganzerₓ,ATTESTED_DIRECT,OSL,,amma-sa3-amma-se2
|KUŠU₂.AN.MUŠ₃@g|,KUŠU2.AN.MUŠ3@g,,NO_ATTESTED_READING,,,kuš9-/dimer/-muš2
|KUŠU₂.HI×DIŠ|,KUŠU2.HI×DIŠ,ummaₓ,ATTESTED_DIRECT,OSL,,kuš9-as₆
|KUŠU₂.MUŠ₃|,KUŠU2.MUŠ3,uruhₓ,ATTESTED_DIRECT,OSL,,kuš9-ennin
|KUŠU₂×KASKAL|,KUŠU2×KASKAL,,NO_ATTESTED_READING,,,kuš9-bu2
|KU₃.AN|,KU3.AN,asaₓ|asag|aza₂|azag|azak|sagₓ,ATTESTED_DIRECT,OSL,,ku3-/dimer/
|KU₃.GI|,KU3.GI,guškin|ku₃-sig₁₇,ATTESTED_DIRECT,OSL,,ku3-ešša3
|KU₃.UD|,KU3.UD,ku₃-babbar,ATTESTED_DIRECT,OSL,,ku3-a12
|KU₇.KU₇|,KU7.KU7,ku₇-ku₇|kukku,ATTESTED_DIRECT,OSL,,bandiliša-bandiliša
|LA.NU₁₁.BUR|,LA.NU11.BUR,lagašₓ,ATTESTED_DIRECT,OSL,,la-duri-bur
|LAGAB.DAR|,LAGAB.DAR,,NO_ATTESTED_READING,,,ella2-dar
|LAGAB.LAGAB|,LAGAB.LAGAB,banₓ|garadin₅|išhara₃|karadin₅|kel₃|kil₃|kilaₓ|kili₃|kilib₃|kiluₓ|kin₄|ni₆|niggiₓ|nigginaku|nigi|nigin|niŋen|niŋin|nimenₓ|nin₃|nini|ninni₂|rin₃,ATTESTED_DIRECT,OSL,,ella2-ella2
|LAGAB.SAG@g|,LAGAB.SAG@g,LAGAB.SAG@g,ATTESTED_DIRECT,SYLLABARY_CM,,ella2-dilx(sag@g)
|LAGAB.U.KAK|,LAGAB.U.KAK,mud₄,ATTESTED_DIRECT,OSL,,ella2-1u-ban4
|LAGAB×(GUD&GUD)+HUL₂|,LAGAB×(GUD&GUD)+HUL2,,NO_ATTESTED_READING,,,dibx(-bibra
|LAGAB×(GUD&GUD).A|,LAGAB×(GUD&GUD).A,uʾa|uʾi|uʾu,ATTESTED_DIRECT,OSL,,dibx(-'u4
|LAGAB×(U.U.U).LAGAB×(U.U.U)|,LAGAB×(U.U.U).LAGAB×(U.U.U),bu₅-bu₅|bubbu|bubuₓ|nenna|nenni|nin₇|ninna|ninnu₂|tutke|tutki|tutku,ATTESTED_DIRECT,OSL,,bu5-bu5
|LAGAB×A.LUM|,LAGAB×A.LUM,as₄-lum|suluhu₄|sulumhi₄|zuluhu₄|zulumhi₄,ATTESTED_DIRECT,OSL,,a'a3-egir5
|LAGAB×A.TAR|,LAGAB×A.TAR,inda₂?,ATTESTED_DIRECT,OSL,,a'a3-dar6
|LAGAB×AŠ@c|,LAGAB×AŠ@c,,NO_ATTESTED_READING,,,ella2-ella2-ella2-1aš-1aš-1aš
|LAGAB×AŠ|,LAGAB×AŠ,gigirₓ,ATTESTED_DIRECT,OSL,,ella2-1aš
|LAGAB×AŠ₂|,LAGAB×AŠ2,,NESTED_IN_LONGER_FORM,,SAL.LAGAB×AŠ2,ella2-as2
|LAGAB×BAR|,LAGAB×BAR,,NO_ATTESTED_READING,,,ella2-ba15
|LAGAB×ERIN₂|,LAGAB×ERIN2,,NO_ATTESTED_READING,,,ella2-bir3
|LAGAB×GAL|,LAGAB×GAL,,NO_ATTESTED_READING,,,ella2-gal
|LAGAB×GAN₂|,LAGAB×GAN2,,NO_ATTESTED_READING,,,ella2-al3
|LAGAB×GUD.LU.HI.A|,LAGAB×GUD.LU.HI.A,usduha|uzduha,ATTESTED_DIRECT,OSL,,'u3-eze-'i3-'u4
|LAGAB×GUR|,LAGAB×GUR,,NO_ATTESTED_READING,,,ella2-gur
|LAGAB×HA.A|,LAGAB×HA.A,,NO_ATTESTED_READING,,,elamkuš3-'u4
|LAGAB×HAL.A|,LAGAB×HAL.A,iₓ,ATTESTED_DIRECT,OSL,,angur-'u4
|LAGAB×HAL.ŠU₂|,LAGAB×HAL.ŠU2,,NESTED_IN_LONGER_FORM,,A.LAGAB×HAL.ŠU2,angur-ešša2
|LAGAB×HA|,LAGAB×HA,elamkuš₃|ellamkuš₃,ATTESTED_DIRECT,OSL,,ella2-'a4
|LAGAB×IGI@g.ME|,LAGAB×IGI@g.ME,,NO_ATTESTED_READING,,,agar2-ba13
|LAGAB×IGI|,LAGAB×IGI,,NESTED_IN_LONGER_FORM,,LAGAB×IGI@g,ella2-bad5
|LAGAB×KALAM@g|,LAGAB×KALAM@g,,NO_ATTESTED_READING,,,ella2-kalam
|LAGAB×LAGAR|,LAGAB×LAGAR,siduggaₓ,ATTESTED_DIRECT,OSL,,ella2-lagal
|LAGAB×LIŠ|,LAGAB×LIŠ,gigir₃,ATTESTED_DIRECT,OSL,,ella2-del₂
|LAGAB×NUN|,LAGAB×NUN,,NO_ATTESTED_READING,,,ella2-...ri
|LAGAB×PAP|,LAGAB×PAP,,NO_ATTESTED_READING,,,ella2-aha3
|LAGAB×SANGA₂|,LAGAB×SANGA2,saŋaₓ,ATTESTED_DIRECT,OSL,,ella2-sanga2
|LAGAB×SI|,LAGAB×SI,,NO_ATTESTED_READING,,,ella2-hux(si)
|LAGAB×TIL|,LAGAB×TIL,gigirₓ|pu₂,ATTESTED_DIRECT,OSL,,ella2-sumun
|LAGAB×TUK|,LAGAB×TUK,,NO_ATTESTED_READING,,,ella2-du12
|LAGAB×UŠ₂|,LAGAB×UŠ2,LAGAB×UŠ2,ATTESTED_DIRECT,SYLLABARY_CM,,ella2-ug7
|LAGAB×ZA|,LAGAB×ZA,,NO_ATTESTED_READING,,,ella2-sa3
|LAGAB×ŠE|,LAGAB×ŠE,surₓ,ATTESTED_DIRECT,OSL,,ella2-ašnan2
|LAGAB×ŠITA|,LAGAB×ŠITA,,NESTED_IN_LONGER_FORM,,LAGAB×ŠITA+GIŠ+ERIN2; LAGAB×ŠITA@t; LAGAB×ŠITA@t+GIŠ,ella2-ešda3
|LAGAB×ŠU|,LAGAB×ŠU,,NESTED_IN_LONGER_FORM,,LAGAB×ŠU2; LAGAB×ŠU2+ŠU2,ella2-kat7
|LAGAR.HUL₂|,LAGAR.HUL2,,NO_ATTESTED_READING,,,lagal-bibra
|LAGAR.IB|,LAGAR.IB,arkabₓ,ATTESTED_DIRECT,OSL,,lagal-arkabx(ib)
|LAGAR@g&LAGAR@g.LAGAR@g&LAGAR@g.LAGAR@g&LAGAR@g|,LAGAR@g&LAGAR@g.LAGAR@g&LAGAR@g.LAGAR@g&LAGAR@g,,NO_ATTESTED_READING,,,
|LAGAR@g&LAGAR@g.SAR|,LAGAR@g&LAGAR@g.SAR,,NO_ATTESTED_READING,,,
|LAGAR@g&LAGAR@g|,LAGAR@g&LAGAR@g,{u₂}|LAGAR@g&LAGAR@g|{sar},ATTESTED_DIRECT,DIRI,,du6-du6
|LAGAR@g.DU@s|,LAGAR@g.DU@s,e₁₂|ed₄,ATTESTED_DIRECT,OSL,,du6-barim
|LAGAR@g.DU|,LAGAR@g.DU,e₁₁|ed₃|gigir₄?,ATTESTED_DIRECT,OSL,,du6-aragub
|LAGAR@g×DU×KASKAL|,LAGAR@g×DU×KASKAL,eₓ,ATTESTED_DIRECT,OSL,,du6-aragub-bu2
|LAGAR@g×ŠE|,LAGAR@g×ŠE,,NO_ATTESTED_READING,,,du6-ašnan2
|LAGAR×SUM|,LAGAR×SUM,suₓ,ATTESTED_DIRECT,OSL,,lagal-/zeĝ/
|LAGAR×ZA|,LAGAR×ZA,,NO_ATTESTED_READING,,,lagal-sa3
|LAK248@g.ARAD|,LAK248@g.ARAD,,NO_ATTESTED_READING,,,
|LAK449×AŠ|,LAK449×AŠ,usanₓ,ATTESTED_DIRECT,OSL,,nisagga-1aš
|LAK449×SI|,LAK449×SI,,NO_ATTESTED_READING,,,nisagga-hux(si)
|LAK490×KASKAL|,LAK490×KASKAL,,NO_ATTESTED_READING,,,gaʾar-bu2
|LAK526.MUŠ₃|,LAK526.MUŠ3,uruhₓ,ATTESTED_DIRECT,OSL,,
|LAK617×HI|,LAK617×HI,,NO_ATTESTED_READING,,,
|LAK617×IGI|,LAK617×IGI,,NO_ATTESTED_READING,,,
|LAK617×LA@n|,LAK617×LA@n,,NO_ATTESTED_READING,,,
|LAK636.LAK636|,LAK636.LAK636,šiššalₓ,ATTESTED_DIRECT,OSL,,ašalₓ-ašalₓ
|LAL.A|,LAL.A,laʾu₅|lalʾu₅,ATTESTED_DIRECT,OSL,,la2-'u4
|LAL.DUG|,LAL.DUG,ummuₓ,ATTESTED_DIRECT,OSL,,la2-dug
|LAL.KAK|,LAL.KAK,laʾu₇|lalʾu₇,ATTESTED_DIRECT,OSL,,la2-ban4
|LAL.LAGAB|,LAL.LAGAB,nanga₂|nigin₇|nimem₃|surₓ|šur₅|usar₄|usur₄|ušar₄|ušur₄,ATTESTED_DIRECT,OSL,,la2-ella2
|LAL.NI|,LAL.NI,laʾu₆|lalʾu₆,ATTESTED_DIRECT,OSL,,la2-be3
|LAL.SAR|,LAL.SAR,nanga₄|nigin₉|niŋin₉|nimen₅|usar₂|ušar₂|ušur₂,ATTESTED_DIRECT,OSL,,la2-kiri6
|LAL.TUG₂|,LAL.TUG2,,NO_ATTESTED_READING,,,la2-azalag2
|LAL×DIŠ|,LAL×DIŠ,,NO_ATTESTED_READING,,,la2-anₓ
|LAL×KU|,LAL×KU,,NO_ATTESTED_READING,,,la2-be5
|LAL×LAGAB|,LAL×LAGAB,,NO_ATTESTED_READING,,,la2-ella2
|LAL₂.A|,LAL2.A,laʾu₂|lalʾu₂,ATTESTED_DIRECT,OSL,,kurnun?-'u4
|LAL₂.AŠ₂|,LAL2.AŠ2,niginₓ|niŋinₓ,ATTESTED_DIRECT,OSL,,kurnun?-as2
|LAL₂.DU.DU|,LAL2.DU.DU,uku₅|ukur₄,ATTESTED_DIRECT,OSL,,kurnun?-kurnun?-aragub-aragub-aragub-aragub
|LAL₂.DUR₂|,LAL2.DUR2,ušurₓ,ATTESTED_DIRECT,OSL,,kurnun?-dur2
|LAL₂.KAK|,LAL2.KAK,laʾu₄|lalʾu₄,ATTESTED_DIRECT,OSL,,kurnun?-ban4
|LAL₂.LAGAB|,LAL2.LAGAB,nanga|nigin₅|niŋen₅|niŋin₅|nimen|šur₆?|usar₃|ušar₃|ušur₃,ATTESTED_DIRECT,OSL,,kurnun?-ella2
|LAL₂.NI|,LAL2.NI,laʾu₃|lalʾu₃,ATTESTED_DIRECT,OSL,,kurnun?-be3
|LAL₂.SAR|,LAL2.SAR,nanga₃|nigin₈|niŋin₈|nimen₄|šur₄|usar|usur|ušar|ušur,ATTESTED_DIRECT,OSL,,kurnun?-kiri6
|LAL₂.URU|,LAL2.URU,,NESTED_IN_LONGER_FORM,,LAL2.URU×MIN,kurnun?-al8
|LAL₂.U|,LAL2.U,laʾu₈|lalʾu₈,ATTESTED_DIRECT,OSL,,kurnun?-1u
|LAL₂.X|,LAL2.X,laʾuₓ,ATTESTED_DIRECT,OSL,,
|LAL₂×DUR₂|,LAL2×DUR2,,NO_ATTESTED_READING,,,kurnun?-dur2
|LAL₂×HAL|,LAL2×HAL,,NO_ATTESTED_READING,,,kurnun?-buluh
|LAL₂×KAK|,LAL2×KAK,,NO_ATTESTED_READING,,,kurnun?-ban4
|LAL₂×KU|,LAL2×KU,,NO_ATTESTED_READING,,,kurnun?-be5
|LAL₂×LAGAB|,LAL2×LAGAB,,NO_ATTESTED_READING,,,kurnun?-ella2
|LAL₂×SAR|,LAL2×SAR,,NO_ATTESTED_READING,,,kurnun?-kiri6
|LAL₂×TUG₂|,LAL2×TUG2,,NO_ATTESTED_READING,,,kurnun?-azalag2
|LAM.HI×DIŠ|,LAM.HI×DIŠ,arattaₓ,ATTESTED_DIRECT,OSL,,ešx(lam)-as₆
|LAM.KUR.RU|,LAM.KUR.RU,|LAM.KUR.RU|{ki},ATTESTED_DIRECT,DIRI,,ešx(lam)-amma-gešba
|LAM.RU|,LAM.RU,,NO_ATTESTED_READING,,,ešx(lam)-gešba
|LAM.SAG|,LAM.SAG,šubaₓ,ATTESTED_DIRECT,OSL,,ešx(lam)-dul7
|LAM×KUR.KI|,LAM×KUR.KI,ganbaₓ,ATTESTED_DIRECT,OSL,,arad3-ammax(ki)
|LAM×KUR.RU.DA|,LAM×KUR.RU.DA,arattaₓ,ATTESTED_DIRECT,OSL,,arad3-gešba-ax(da)
|LAM×KUR.RU|,LAM×KUR.RU,,NO_ATTESTED_READING,,,arad3-gešba
|LA×KUR|,LA×KUR,,NO_ATTESTED_READING,,,la-amma
|LI&LI|,LI&LI,,NO_ATTESTED_READING,,,en3-en3
|LU.BAD|,LU.BAD,,NO_ATTESTED_READING,,,eze-ba9
|LU.EŠ₂.GAR.KI|,LU.EŠ2.GAR.KI,LU.EŠ2.GAR.KI|UGNIMX(|LU.EŠ2.GAR.KI|)|ugnimx(|LU.EŠ2.GAR.KI|),ATTESTED_DIRECT,SYLLABARY_CM,,eze-ege-ga4-ammax(ki)
|LU.GIR₃×IGI|,LU.GIR3×IGI,,NO_ATTESTED_READING,,,eze-alimx(
|LU.HUL₂|,LU.HUL2,guggal|gukkal|kuŋgala|kungal|kungalaₓ,ATTESTED_DIRECT,OSL,,eze-bibra
|LU.IGI.ANŠE|,LU.IGI.ANŠE,,NO_ATTESTED_READING,,,eze-bad5-anše
|LU.KI.KAK|,LU.KI.KAK,zarah₂,ATTESTED_DIRECT,OSL,,eze-ammax(ki)-ban4
|LU.KU|,LU.KU,unuₓ,ATTESTED_DIRECT,OSL,,eze-be5
|LU.LU.EŠ₂.EŠ₂|,LU.LU.EŠ2.EŠ2,lubširₓ,ATTESTED_DIRECT,OSL,,eze-eze-ege-ege
|LUGAL.GAL|,LUGAL.GAL,LUGAL.GAL,ATTESTED_DIRECT,SYLLABARY_CM,,bišeba-gal
|LUGAL.GAM|,LUGAL.GAM,dimₓ,ATTESTED_DIRECT,OSL,,bišeba-ar5
|LUGAL.GAN|,LUGAL.GAN,dim₉|kamad₂,ATTESTED_DIRECT,OSL,,bišeba-gam4
|LUGAL.HI×BAD|,LUGAL.HI×BAD,dim₁₁,ATTESTED_DIRECT,OSL,,bišeba-du15
|LUGAL.KI.DU|,LUGAL.KI.DU,,NO_ATTESTED_READING,,,bišeba-ammax(ki)-aragub
|LUL.A|,LUL.A,ka₁₀|libₓ|lulₓ,ATTESTED_DIRECT,OSL,,bah3-'u4
|LUL.AŠ|,LUL.AŠ,,NO_ATTESTED_READING,,,bah3-1aš
|LUL.BALAG|,LUL.BALAG,tegi₂|tigi₂|tigu₂,ATTESTED_DIRECT,OSL,,bah3-balag
|LUL.DIN.LIŠ|,LUL.DIN.LIŠ,tigiₓ,ATTESTED_DIRECT,OSL,,bah3-dan5-del₂
|LUL.E₂.BALAG|,LUL.E2.BALAG,tigiₓ,ATTESTED_DIRECT,OSL,,bah3-'a3-balag
|LUL×A|,LUL×A,,NO_ATTESTED_READING,,,bah3-'u4
|LUL×ŠE|,LUL×ŠE,,NO_ATTESTED_READING,,,bah3-ašnan2
|LUM&LUM.DU@s|,LUM&LUM.DU@s,gum₂-gum₂-kaš₄|gumgumₓ,ATTESTED_DIRECT,OSL,,gum₂-gum₂-barim
|LUM&LUM.ŠU₂|,LUM&LUM.ŠU2,guhšu₂|gum₂-gum₂-šu₂|gumgumšu,ATTESTED_DIRECT,OSL,,gum₂-gum₂-ešša2
|LUM.LUM|,LUM.LUM,gugumu|luhum?,ATTESTED_DIRECT,OSL,,egir5-egir5
|LU₂&LU₂.GIŠ&GIŠ|,LU2&LU2.GIŠ&GIŠ,,NO_ATTESTED_READING,,,
|LU₂&LU₂|,LU2&LU2,adamin|urbigu₃,ATTESTED_DIRECT,OSL,,addax(lu2)-addax(lu2)
|LU₂.AL|,LU2.AL,,NO_ATTESTED_READING,,,addax(lu2)-al
|LU₂.BAD|,LU2.BAD,at₆,ATTESTED_DIRECT,OSL,,addax(lu2)-ba9
|LU₂.DIŠ|,LU2.DIŠ,gal₁₀|gala₁₀,ATTESTED_DIRECT,OSL,,addax(lu2)-anₓ
|LU₂.EN|,LU2.EN,daparaₓ|daparuₓ,ATTESTED_DIRECT,OSL,,addax(lu2)-adx(en)
|LU₂.EŠ₂.LAL|,LU2.EŠ2.LAL,,NO_ATTESTED_READING,,,addax(lu2)-ege-la2
|LU₂.EŠ₂@t|,LU2.EŠ2@t,,NO_ATTESTED_READING,,,
|LU₂.EŠ₂|,LU2.EŠ2,,NO_ATTESTED_READING,,,addax(lu2)-ege
|LU₂.GAM|,LU2.GAM,addaₓ,ATTESTED_DIRECT,OGSL,,addax(lu2)-ar5
|LU₂.GAN|,LU2.GAN,,NESTED_IN_LONGER_FORM,,LU2.GAN2@t,addax(lu2)-gam4
|LU₂.GAN₂@t|,LU2.GAN2@t,LU2.GAN2@t,ATTESTED_DIRECT,SYLLABARY_CM,,addax(lu2)-gan2@t
|LU₂.HI.BAD|,LU2.HI.BAD,kama₅,ATTESTED_DIRECT,OSL,,addax(lu2)-'i3-ba9
|LU₂.HI×BAD|,LU2.HI×BAD,kamaₓ,ATTESTED_DIRECT,OSL,,addax(lu2)-du15
|LU₂.KI|,LU2.KI,gurud₂,ATTESTED_DIRECT,OSL,,addax(lu2)-ammax(ki)
|LU₂.KU|,LU2.KU,,NO_ATTESTED_READING,,,addax(lu2)-be5
|LU₂.LAGAB|,LU2.LAGAB,LU2.LAGAB,ATTESTED_DIRECT,SYLLABARY_CM,,addax(lu2)-ella2
|LU₂.LAGAB×U|,LU2.LAGAB×U,ad₆,ATTESTED_DIRECT,OSL,,addax(lu2)-bu4
|LU₂.LU₂.LU₂.LU₂|,LU2.LU2.LU2.LU2,DAPARAX(|LU2.LU2.LU2.LU2|)|KAPARA3?|KARAŠX(|LU2.LU2.LU2.LU2|)|LU2.LU2.LU2.LU2|PAGRAX(|LU2.LU2.LU2.LU2|)|daparax(|LU2.LU2.LU2.LU2|)|kapara3?|karašx(|LU2.LU2.LU2.LU2|)|pagrax(|LU2.LU2.LU2.LU2|),ATTESTED_DIRECT,SYLLABARY_CM,,addax(lu2)-addax(lu2)-addax(lu2)-addax(lu2)-addax(lu2)-addax(lu2)-addax(lu2)-addax(lu2)
|LU₂.LU₂|,LU2.LU2,adamin,ATTESTED_DIRECT,OSL,,addax(lu2)-addax(lu2)
|LU₂.ME.EN|,LU2.ME.EN,daparu|saparu,ATTESTED_DIRECT,OGSL,,addax(lu2)-ba13-adx(en)
|LU₂.NE|,LU2.NE,LU2.NE,ATTESTED_DIRECT,SYLLABARY_CM,,addax(lu2)-bar7
|LU₂.NU|,LU2.NU,,NO_ATTESTED_READING,,,addax(lu2)-la3
|LU₂.SU.A|,LU2.SU.A,šimašgi₂|šimaški₂,ATTESTED_DIRECT,OSL,,addax(lu2)-guš-'u4
|LU₂.SU|,LU2.SU,šimašgi|šimaški,ATTESTED_DIRECT,OSL,,addax(lu2)-guš
|LU₂.TUG₂|,LU2.TUG2,{lu₂}azlag₂,ATTESTED_DIRECT,DIRI,,addax(lu2)-azalag2
|LU₂.ŠA₃|,LU2.ŠA3,,NO_ATTESTED_READING,,,addax(lu2)-didala
|LU₂.ŠU|,LU2.ŠU,eri₁₃,ATTESTED_DIRECT,OSL,,addax(lu2)-kat7
|LU₂@g.UŠ₂|,LU2@g.UŠ2,addaₓ,ATTESTED_DIRECT,OSL,,
|LU₂@s+GAM|,LU2@s+GAM,rinₓ,ATTESTED_DIRECT,OSL,,ad₇-ar5
|LU₂@s.NA|,LU2@s.NA,arinaₓ,ATTESTED_DIRECT,OSL,,ad₇-aniku
|LU₂@s×TIL|,LU2@s×TIL,adₓ,ATTESTED_DIRECT,OSL,,ad₇-sumun
|LU₂×AŠ₂|,LU2×AŠ2,,NO_ATTESTED_READING,,,addax(lu2)-as2
|LU₂×BAD.BAD.A|,LU2×BAD.BAD.A,addaₓ,ATTESTED_DIRECT,OSL,,ad6-ba9-'u4
|LU₂×BAD.BAD|,LU2×BAD.BAD,addaₓ,ATTESTED_DIRECT,OSL,,ad6-ba9
|LU₂×EŠ₂|,LU2×EŠ2,erₓ|ereₓ,ATTESTED_DIRECT,OGSL,,addax(lu2)-ege
|LU₂×GAM|,LU2×GAM,kama₆|kamad|lugam,ATTESTED_DIRECT,OSL,,addax(lu2)-ar5
|LU₂×IŠ|,LU2×IŠ,,NO_ATTESTED_READING,,,addax(lu2)-es₅
|LU₂×LIL|,LU2×LIL,,NO_ATTESTED_READING,,,addax(lu2)-il9
|LU₂×UŠ₂|,LU2×UŠ2,,NO_ATTESTED_READING,,,addax(lu2)-ug7
|LU₂×ŠA₃|,LU2×ŠA3,LU2×ŠA3,ATTESTED_DIRECT,SYLLABARY_CM,,addax(lu2)-didala
|LU₂×ŠU|,LU2×ŠU,erₓ|ereₓ,ATTESTED_DIRECT,OSL,,addax(lu2)-kat7
|LU₃.LU₃|,LU3.LU3,gadaₓ|gaddaₓ,ATTESTED_DIRECT,OSL,,gadx(lu3)-gadx(lu3)
|MAR.TU|,MAR.TU,amurrum,ATTESTED_DIRECT,OSL,,gar7-du2
|MA×GAN₂@t|,MA×GAN2@t,MA×GANA2@t,ATTESTED_DIRECT,SYLLABARY_CM,,ma-ma-gan2@t-gan2@t
|MAŠ.EN.KAK|,MAŠ.EN.KAK,mašda₂|mašgagen,ATTESTED_DIRECT,OSL,,ba7-adx(en)-ban4
|MAŠ.EN|,MAŠ.EN,,NESTED_IN_LONGER_FORM,,MAŠ.EN.KAK,ba7-adx(en)
|MAŠ.KAK.EN|,MAŠ.KAK.EN,mašda₃,ATTESTED_DIRECT,OSL,,ba7-ban4-adx(en)
|MAŠ.KAK|,MAŠ.KAK,mašda,ATTESTED_DIRECT,OSL,,ba7-ban4
|MAŠ.KAM₄|,MAŠ.KAM4,,NO_ATTESTED_READING,,,ba7-gam3
|MAŠ.NA₂|,MAŠ.NA2,,NO_ATTESTED_READING,,,ba7-daramx(na2)
|MAŠ.PA|,MAŠ.PA,maš₃,ATTESTED_DIRECT,OSL,,ba7-addirx(pa)
|MAŠ.U.U.U|,MAŠ.U.U.U,saŋeš,ATTESTED_DIRECT,OSL,,ba7-ba₃
|MAŠ.U.U|,MAŠ.U.U,mašmin|sagman|sagmin|saŋman|saŋmin,ATTESTED_DIRECT,OSL,,ba7-amna₂
|MAŠ.U|,MAŠ.U,gidim₂|giguru₂,ATTESTED_DIRECT,OSL,,ba7-1u
|MAŠ.X|,MAŠ.X,emaš|eriₓ,ATTESTED_DIRECT,OSL,,
|MAŠ₂.MI|,MAŠ2.MI,zagarₓ,ATTESTED_DIRECT,OSL,,kun8-dugud2
|MA₂.HI.DIŠ|,MA2.HI.DIŠ,,NO_ATTESTED_READING,,,hux(ma2)-'i3-anₓ
|MA₂.HU|,MA2.HU,uₓ,ATTESTED_DIRECT,OSL,,hux(ma2)-'u5
|MA₂.IGI|,MA2.IGI,,NESTED_IN_LONGER_FORM,,GA.MA2.IGI@g; IL2.MA2.IGI@g; MA2.IGI@g,hux(ma2)-bad5
|MA₂.KAK|,MA2.KAK,{ŋeš}|MA₂.KAK|,ATTESTED_DIRECT,DIRI,,hux(ma2)-ban4
|MA₂.KASKAL.IGI@g&IGI@g|,MA2.KASKAL.IGI@g&IGI@g,MA2.KASKAL.IGI@g&IGI@g,ATTESTED_DIRECT,SYLLABARY_CM,,
|MA₂.KASKAL.IGI@g|,MA2.KASKAL.IGI@g,MA2.KASKAL.IGI@g,ATTESTED_DIRECT,SYLLABARY_CM,,hux(ma2)-bu2-agar4
|MA₂.SAL.DIŠ|,MA2.SAL.DIŠ,šilamₓ,ATTESTED_DIRECT,OSL,,hux(ma2)-f-anₓ
|MA₂.X|,MA2.X,nirₓ,ATTESTED_DIRECT,OSL,,
|MA₂×EŠ₂|,MA2×EŠ2,,NO_ATTESTED_READING,,,hux(ma2)-ege
|ME.AD.KU₃|,ME.AD.KU3,šennuₓ,ATTESTED_DIRECT,OSL,,ba13-ab3-ku3
|ME.AN.ŠE.NAGA|,ME.AN.ŠE.NAGA,kurku,ATTESTED_DIRECT,OSL,,ba13-/dimer/-ašnan2-ereš2
|ME.EN.GI|,ME.EN.GI,,NO_ATTESTED_READING,,,ba13-adx(en)-ešša3
|ME.EN.MU|,ME.EN.MU,,NO_ATTESTED_READING,,,ba13-adx(en)-gu10
|ME.MU|,ME.MU,endibₓ,ATTESTED_DIRECT,OSL,,ba13-gu10
|ME.NUN.DU|,ME.NUN.DU,,NO_ATTESTED_READING,,,ba13-...ri-aragub
|ME.UM|,ME.UM,emedaₓ,ATTESTED_DIRECT,OSL,,ba13-deh2
|MES.RU|,MES.RU,rig₁₁,ATTESTED_DIRECT,OSL,,dubx(mes)-gešba
|MI&MI|,MI&MI,,NO_ATTESTED_READING,,,dugud2-dugud2
|MI.MI|,MI.MI,kukku₂|kukkug₂,ATTESTED_DIRECT,OSL,,dugud2-dugud2
|MU.BU|,MU.BU,mudra₆|mudru₆|munzerₓ,ATTESTED_DIRECT,OSL,,gu10-bu
|MU.ME.U.U.U|,MU.ME.U.U.U,šumati|šuwati,ATTESTED_DIRECT,OSL,,gu10-eš17
|MU.MU|,MU.MU,,NO_ATTESTED_READING,,,gu10-gu10
|MU.UŠ.TUG₂.PI|,MU.UŠ.TUG2.PI,muštu₂|muštug₂,ATTESTED_DIRECT,OSL,,gu10-geš3-azalag2-a3
|MUG.DIŠ|,MUG.DIŠ,,NO_ATTESTED_READING,,,buk-anₓ
|MUG.MUG|,MUG.MUG,,NO_ATTESTED_READING,,,buk-buk
|MUŠ%MUŠ.AB|,MUŠ%MUŠ.AB,,NO_ATTESTED_READING,,,arinaₓ-ab
|MUŠ%MUŠ.HI|,MUŠ%MUŠ.HI,,NO_ATTESTED_READING,,,arinaₓ-'i3
|MUŠ%MUŠ.KAK|,MUŠ%MUŠ.KAK,,NO_ATTESTED_READING,,,arinaₓ-ban4
|MUŠ&MUŠ.A.NA|,MUŠ&MUŠ.A.NA,arinaₓ,ATTESTED_DIRECT,OSL,,arinaₓ-'u4-aniku
|MUŠ&MUŠ|,MUŠ&MUŠ,arinaₓ|mušₓ,ATTESTED_DIRECT,OGSL,,imdudu-imdudu
|MUŠ.A.HA.DU|,MUŠ.A.HA.DU,,NO_ATTESTED_READING,,,imdudu-'u4-'a4-aragub
|MUŠ.DIN.BALAG.DAR|,MUŠ.DIN.BALAG.DAR,,NO_ATTESTED_READING,,,imdudu-dan5-balag-dar
|MUŠ.DIN.BALAG|,MUŠ.DIN.BALAG,,NO_ATTESTED_READING,,,imdudu-dan5-balag
|MUŠ.DU.A.HA|,MUŠ.DU.A.HA,,NO_ATTESTED_READING,,,imdudu-aragub-'u4-'a4
|MUŠ.DU.HA.A|,MUŠ.DU.HA.A,,NO_ATTESTED_READING,,,imdudu-aragub-'a4-'u4
|MUŠ.HA.A.DU|,MUŠ.HA.A.DU,,NO_ATTESTED_READING,,,imdudu-'a4-'u4-aragub
|MUŠ.HA.DU.A|,MUŠ.HA.DU.A,girimₓ,ATTESTED_DIRECT,OSL,,imdudu-'a4-aragub-'u4
|MUŠ.IR.HA.DIN.BALAG|,MUŠ.IR.HA.DIN.BALAG,,NO_ATTESTED_READING,,,imdudu-er-'a4-dan5-balag
|MUŠ.MUŠ|,MUŠ.MUŠ,,NO_ATTESTED_READING,,,imdudu-imdudu
|MUŠ.ŠA|,MUŠ.ŠA,šubaₓ,ATTESTED_DIRECT,OSL,,imdudu-ara
|MUŠ@90.MUŠ@90|,MUŠ@90.MUŠ@90,,NO_ATTESTED_READING,,,
|MUŠ×ERIN₂|,MUŠ×ERIN2,,NO_ATTESTED_READING,,,imdudu-bir3
|MUŠ×GAD|,MUŠ×GAD,,NO_ATTESTED_READING,,,imdudu-gad
|MUŠ₃&MUŠ₃|,MUŠ3&MUŠ3,,NO_ATTESTED_READING,,,ennin-ennin
|MUŠ₃.(TA×HI)|,MUŠ3.(TA×HI),alammušₓ,ATTESTED_DIRECT,OSL,,
|MUŠ₃.AB@g.ZA|,MUŠ3.AB@g.ZA,zabalaₓ,ATTESTED_DIRECT,OSL,,ennin-ab4-sa3
|MUŠ₃.AB@g|,MUŠ3.AB@g,sugal₃|zabala₃|zabalam₃,ATTESTED_DIRECT,OSL,,ennin-ab4
|MUŠ₃.AB|,MUŠ3.AB,sugal₅|zabala₅|zabalam₅,ATTESTED_DIRECT,OSL,,ennin-ab
|MUŠ₃.BU|,MUŠ3.BU,susbu₃|suzbu₃,ATTESTED_DIRECT,OSL,,ennin-bu
|MUŠ₃.KUŠU₂|,MUŠ3.KUŠU2,uruhₓ,ATTESTED_DIRECT,OSL,,ennin-kuš9
|MUŠ₃.PAD|,MUŠ3.PAD,,NO_ATTESTED_READING,,,ennin-bad2
|MUŠ₃.SIK₂.LAM|,MUŠ3.SIK2.LAM,šušuₓ,ATTESTED_DIRECT,OSL,,ennin-seg2-ešx(lam)
|MUŠ₃.TE.AB@g|,MUŠ3.TE.AB@g,zabalaₓ,ATTESTED_DIRECT,OSL,,ennin-de4-ab4
|MUŠ₃.ZA.AB@g|,MUŠ3.ZA.AB@g,sugal₄|zabala₄|zabalam₄,ATTESTED_DIRECT,OSL,,ennin-sa3-ab4
|MUŠ₃.ZA|,MUŠ3.ZA,nam-ri|subₓ|suba₃|subi₃|šuba₃,ATTESTED_DIRECT,OSL,,ennin-sa3
|MUŠ₃.ZA₇|,MUŠ3.ZA7,,NO_ATTESTED_READING,,,ennin-za7
|MUŠ₃.ŠEŠ₂|,MUŠ3.ŠEŠ2,šušin,ATTESTED_DIRECT,OSL,,ennin-še8
|MUŠ₃@g.BU|,MUŠ3@g.BU,susbu|suzbu,ATTESTED_DIRECT,OSL,,muš2-bu
|MUŠ₃@g.DI|,MUŠ3@g.DI,se₂₉,ATTESTED_DIRECT,OSL,,muš2-de
|MUŠ₃@g.SIK₂.LAM|,MUŠ3@g.SIK2.LAM,šušuₓ,ATTESTED_DIRECT,OSL,,muš2-seg2-ešx(lam)
|MUŠ₃@g.ŠEŠ₂|,MUŠ3@g.ŠEŠ2,,NO_ATTESTED_READING,,,muš2-še8
|MUŠ₃×AN|,MUŠ3×AN,,NO_ATTESTED_READING,,,ennin-/dimer/
|MUŠ₃×MUŠ₃|,MUŠ3×MUŠ3,,NO_ATTESTED_READING,,,ennin-ennin
|MUŠ₃×PA|,MUŠ3×PA,,NO_ATTESTED_READING,,,ennin-addirx(pa)
|NAGA.U₂|,NAGA.U2,ugaₓ,ATTESTED_DIRECT,OSL,,ereš2-ba6
|NAGAR.DIŠ|,NAGAR.DIŠ,kušaₓ,ATTESTED_DIRECT,OSL,,alla-anₓ
|NAGAR.DUB|,NAGAR.DUB,,NO_ATTESTED_READING,,,alla-dab4
|NAGAR×ZA@t|,NAGAR×ZA@t,,NO_ATTESTED_READING,,,alla-ad4
|NAGA×DIŠ|,NAGA×DIŠ,,NO_ATTESTED_READING,,,ereš2-anₓ
|NAM.EN.NA|,NAM.EN.NA,palaₓ,ATTESTED_DIRECT,OSL,,bir5-adx(en)-aniku
|NAM.EN|,NAM.EN,pala₂,ATTESTED_DIRECT,OSL,,bir5-adx(en)
|NAM.SAL.TUG₂|,NAM.SAL.TUG2,pala₃,ATTESTED_DIRECT,OSL,,bir5-nin
|NAM.SU|,NAM.SU,rug₂,ATTESTED_DIRECT,OSL,,bir5-guš
|NA₂.HU|,NA2.HU,,NO_ATTESTED_READING,,,daramx(na2)-'u5
|NA₂.X|,NA2.X,ni-ir,ATTESTED_DIRECT,OSL,,
|NE.GI|,NE.GI,enₓ|gibil₆|gir₁₈|gira₃|girra,ATTESTED_DIRECT,OSL,,bar7-ešša3
|NE.GIŠ~v|,NE.GIŠ~v,bilₓ,ATTESTED_DIRECT,OSL,,
|NE.NE|,NE.NE,,NO_ATTESTED_READING,,,bar7-bar7
|NE.PAP.GIŠ|,NE.PAP.GIŠ,bilₓ,ATTESTED_DIRECT,OSL,,bar7-aha3-es
|NE.PAP.GIŠ~v|,NE.PAP.GIŠ~v,bilₓ,ATTESTED_DIRECT,OSL,,
|NE.PAP.MES|,NE.PAP.MES,bilₓ,ATTESTED_DIRECT,OSL,,bar7-aha3-dubx(mes)
|NE.PAP|,NE.PAP,,NO_ATTESTED_READING,,,bar7-aha3
|NE.RU|,NE.RU,erim₂|erima₂|erin₇|ne-ru|riₓ|rim₃|rum₂,ATTESTED_DIRECT,OSL,,bar7-gešba
|NE.SI.A|,NE.SI.A,dubₓ|ganzer₂|ganzir₂|udub₃,ATTESTED_DIRECT,OSL,,bar7-hux(si)-'u4
|NE.SI@g|,NE.SI@g,lisi|lisin,ATTESTED_DIRECT,OSL,,bar7-gunux(si@g)
|NE@s.GA.MES|,NE@s.GA.MES,gilgamesₓ|gilgamešₓ,ATTESTED_DIRECT,OSL,,bel₂-ebir4-dubx(mes)
|NE@s.GI|,NE@s.GI,gibilₓ,ATTESTED_DIRECT,OSL,,bel₂-ešša3
|NE×KASKAL|,NE×KASKAL,,NO_ATTESTED_READING,,,bar7-bu2
|NE×PAP|,NE×PAP,,NO_ATTESTED_READING,,,bar7-aha3
|NI&NI|,NI&NI,,NESTED_IN_LONGER_FORM,,TAB&TAB.NI&NI.DIŠ&DIŠ,be3-be3
|NI.DIŠ.GIŠ|,NI.DIŠ.GIŠ,,NO_ATTESTED_READING,,,be3-anₓ-es
|NI.GIŠ|,NI.GIŠ,para₄,ATTESTED_DIRECT,OSL,,be3-es
|NI.LU|,NI.LU,libₓ|libiₓ|ligiₓ,ATTESTED_DIRECT,OSL,,be3-eze
|NI.NI|,NI.NI,%akk/n ilī,ATTESTED_DIRECT,OSL,,be3-be3
|NI.UD.EN|,NI.UD.EN,enna,ATTESTED_DIRECT,OSL,,atumx(-adx(en)
|NI.UD.KISIM₅×(U₂.GIR₂)|,NI.UD.KISIM5×(U2.GIR2),,NO_ATTESTED_READING,,,
|NI.UD.KI|,NI.UD.KI,atum,ATTESTED_DIRECT,OSL,,atumx(-ammax(ki)
|NIM×GAN₂|,NIM×GAN2,,NESTED_IN_LONGER_FORM,,NIM×GAN2@t,alamax(nim)-al3
|NIM×GA|,NIM×GA,,NESTED_IN_LONGER_FORM,,NIM×GAR+GAN2@t; NIM×GAN2@t,alamax(nim)-ebir4
|NINDA₂.AŠ.AŠ|,NINDA2.AŠ.AŠ,,NO_ATTESTED_READING,,,gur9-1aš-1aš
|NINDA₂.AŠ|,NINDA2.AŠ,ugu₇-dil,ATTESTED_DIRECT,OSL,,gur9-1aš
|NINDA₂.GUD|,NINDA2.GUD,,NO_ATTESTED_READING,,,gur9-alap
|NINDA₂×(ŠE.AN)|,NINDA2×(ŠE.AN),,NO_ATTESTED_READING,,,agx(-/dimer/
|NINDA₂×AŠ.KUR|,NINDA2×AŠ.KUR,humₓ,ATTESTED_DIRECT,OSL,,indagarax(-amma
|NINDA₂×AŠ@c|,NINDA2×AŠ@c,,NO_ATTESTED_READING,,,gur9-1aš
|NINDA₂×DIŠ@c|,NINDA2×DIŠ@c,,NO_ATTESTED_READING,,,gur9-anₓ
|NINDA₂×DUB|,NINDA2×DUB,bariga,ATTESTED_DIRECT,OSL,,gur9-dab4
|NINDA₂×DUN₃@g|,NINDA2×DUN3@g,,NO_ATTESTED_READING,,,gur9-aga3
|NINDA₂×GAL|,NINDA2×GAL,,NO_ATTESTED_READING,,,gur9-gal
|NINDA₂×GAR₃|,NINDA2×GAR3,,NO_ATTESTED_READING,,,gur9-gar3
|NINDA₂×GI.IDIM|,NINDA2×GI.IDIM,gidimₓ,ATTESTED_DIRECT,OSL,,giguruₓ-ari2
|NINDA₂×IGI@g|,NINDA2×IGI@g,,NO_ATTESTED_READING,,,gur9-agar4
|NINDA₂×KUL|,NINDA2×KUL,nindaₓ,ATTESTED_DIRECT,OSL,,gur9-gu9
|NINDA₂×MI|,NINDA2×MI,gurgig,ATTESTED_DIRECT,OSL,,gur9-dugud2
|NINDA₂×NIGIDAMIN@c|,NINDA2×NIGIDAMIN@c,,NO_ATTESTED_READING,,,gur9-2bariga
|NINDA₂×TUR|,NINDA2×TUR,,NO_ATTESTED_READING,,,gur9-ban3
|NINDA₂×U@c|,NINDA2×U@c,,NO_ATTESTED_READING,,,gur9-1u
|NINDA₂×U₂|,NINDA2×U2,NINDA2×U2,ATTESTED_DIRECT,SYLLABARY_CM,,gur9-ba6
|NINDA₂×ŠE.A.AN|,NINDA2×ŠE.A.AN,NINDA2×ŠE.A.AN|SAMX(|NINDA2×ŠE.A.AN|)|SAX(|NINDA2×ŠE.A.AN|)|samx(|NINDA2×ŠE.A.AN|)|sax(|NINDA2×ŠE.A.AN|)|ŠAMX(|NINDA2×ŠE.A.AN|)|šamx(|NINDA2×ŠE.A.AN|),ATTESTED_DIRECT,SYLLABARY_CM,,agx(-'u4-/dimer/
|NINDA₂×ŠE.A|,NINDA2×ŠE.A,NINDA2×ŠE.A|SAMX(|NINDA2×ŠE.A|)|SAX(|NINDA2×ŠE.A|)|samx(|NINDA2×ŠE.A|)|sax(|NINDA2×ŠE.A|)|ŠAMX(|NINDA2×ŠE.A|)|šamx(|NINDA2×ŠE.A|),ATTESTED_DIRECT,SYLLABARY_CM,,agx(-'u4
|NINDA₂×ŠID|,NINDA2×ŠID,gurmedub,ATTESTED_DIRECT,OSL,,gur9-ag3
|NINDA₂×ŠIM|,NINDA2×ŠIM,,NO_ATTESTED_READING,,,gur9-asila2
|NI×GIŠ|,NI×GIŠ,,NO_ATTESTED_READING,,,be3-es
|NU&NU.NUNUZ&NUNUZ.U₂&U₂|,NU&NU.NUNUZ&NUNUZ.U2&U2,,NO_ATTESTED_READING,,,
|NU.SAG|,NU.SAG,nundumₓ,ATTESTED_DIRECT,OSL,,la3-dul7
|NUN.AB₂.DU|,NUN.AB2.DU,abrig₂,ATTESTED_DIRECT,OSL,,...ri-ab2-aragub
|NUN.EŠ₂.AB.BU|,NUN.EŠ2.AB.BU,,NO_ATTESTED_READING,,,...ri-ege-ab-bu
|NUN.EŠ₂.BU|,NUN.EŠ2.BU,samanₓ,ATTESTED_DIRECT,OSL,,...ri-ege-bu
|NUN.EŠ₂.ŠE.BU|,NUN.EŠ2.ŠE.BU,,NO_ATTESTED_READING,,,...ri-ege-ašnan2-bu
|NUN.GIŠ%GIŠ|,NUN.GIŠ%GIŠ,,NO_ATTESTED_READING,,,...ri-adamen₃
|NUN.KI|,NUN.KI,guruda|nunpeₓ,ATTESTED_DIRECT,OSL,,...ri-ammax(ki)
|NUN.LA.GA₂×GAR|,NUN.LA.GA2×GAR,gagaₓ,ATTESTED_DIRECT,OSL,,...ri-la-egara
|NUN.LA.GA₂×UŠ|,NUN.LA.GA2×UŠ,,NO_ATTESTED_READING,,,
|NUN.LAGAR|,NUN.LAGAR,šilam⁻,ATTESTED_DIRECT,OSL,,...ri-...ri-lagal-lagal
|NUN.LAGAR×TAK₄|,NUN.LAGAR×TAK4,,NO_ATTESTED_READING,,,
|NUN.ME.AB₂.DU|,NUN.ME.AB2.DU,abrig₂,ATTESTED_DIRECT,OSL,,...ri-ba13-ab2-aragub
|NUN.ME.EZEN.GUM|,NUN.ME.EZEN.GUM,kumₓ,ATTESTED_DIRECT,OSL,,...ri-ba13-asilalx(ezen)-gas2
|NUN.ME.KA×GAN₂@t|,NUN.ME.KA×GAN2@t,abgal₂?,ATTESTED_DIRECT,OSL,,...ri-ba13-ba11
|NUN.ME.KA×ME|,NUN.ME.KA×ME,abgalₓ?,ATTESTED_DIRECT,OSL,,...ri-ba13-em4
|NUN.ME.TAG.GA|,NUN.ME.TAG.GA,,NO_ATTESTED_READING,,,...ri-ba13-da6-ebir4
|NUN.NUN|,NUN.NUN,,NO_ATTESTED_READING,,,...ri-...ri-...ri-...ri
|NUN.TAG|,NUN.TAG,,NESTED_IN_LONGER_FORM,,ME.NUN.TAG,...ri-da6
|NUN.ŠE.LAL|,NUN.ŠE.LAL,NUN.ŠE.LAL|SAMANX(|NUN.ŠE.LAL|)|samanx(|NUN.ŠE.LAL|),ATTESTED_DIRECT,SYLLABARY_CM,,...ri-ašnan2-la2
|NUN.ŠE|,NUN.ŠE,kiši₁₂|zixₓ,ATTESTED_DIRECT,OSL,,...ri-ašnan2
|NUN@t.ŠE|,NUN@t.ŠE,zixₓ,ATTESTED_DIRECT,OSL,,agargara-ašnan2
|NUNUZ.AB₂|,NUNUZ.AB2,NISAGGA|NUNUZ.AB2|nisagga,ATTESTED_DIRECT,SYLLABARY_CM,,nunu-ab2
|NUNUZ.AB₂×(BI.SILA₃)|,NUNUZ.AB2×(BI.SILA3),,NO_ATTESTED_READING,,,
|NUNUZ.AB₂×(BUR₂.LU₃)|,NUNUZ.AB2×(BUR2.LU3),,NO_ATTESTED_READING,,,
|NUNUZ.AB₂×(LU₃.BUR₂)|,NUNUZ.AB2×(LU3.BUR2),,NO_ATTESTED_READING,,,
|NUNUZ.AB₂×(U.U.U)|,NUNUZ.AB2×(U.U.U),lahtanₓ,ATTESTED_DIRECT,OSL,,
|NUNUZ.AB₂×GU|,NUNUZ.AB2×GU,,NESTED_IN_LONGER_FORM,,NUNUZ.AB2×GUD; NUNUZ.AB2×GUG2+BULUG2,
|NUNUZ.AB₂×LU₃|,NUNUZ.AB2×LU3,,NO_ATTESTED_READING,,,
|NUNUZ.AB₂×NI|,NUNUZ.AB2×NI,,NO_ATTESTED_READING,,,
|NUNUZ.AB₂×TAB|,NUNUZ.AB2×TAB,lahtanₓ,ATTESTED_DIRECT,OSL,,
|NUNUZ.AB₂×X|,NUNUZ.AB2×X,huburₓ|mudₓ|xdiₓ|xgidaₓ,ATTESTED_DIRECT,OSL,,
|NUNUZ.DIM₂|,NUNUZ.DIM2,nigi₃,ATTESTED_DIRECT,OSL,,nunu-/šitlam/
|NUNUZ.DUH.A|,NUNUZ.DUH.A,,NO_ATTESTED_READING,,,nunu-du8-'u4
|NUNUZ.KISIM₅|,NUNUZ.KISIM5,nisaga,ATTESTED_DIRECT,OSL,,nunu-kisim5
|NUNUZ.KISIM₅×(LU₃.PAP.PAP)|,NUNUZ.KISIM5×(LU3.PAP.PAP),,NO_ATTESTED_READING,,,
|NUNUZ.KISIM₅×(TUG₂.HI)|,NUNUZ.KISIM5×(TUG2.HI),,NO_ATTESTED_READING,,,
|NUNUZ.KISIM₅×AŠGAB|,NUNUZ.KISIM5×AŠGAB,lahtanₓ,ATTESTED_DIRECT,OSL,,
|NUNUZ.KISIM₅×KAK|,NUNUZ.KISIM5×KAK,,NO_ATTESTED_READING,,,
|NUNUZ.KISIM₅×U₂|,NUNUZ.KISIM5×U2,haraₓ,ATTESTED_DIRECT,OSL,,
|NUNUZ.NUNUZ|,NUNUZ.NUNUZ,,NO_ATTESTED_READING,,,nunu-nunu
|NU×U@c|,NU×U@c,,NO_ATTESTED_READING,,,la3-1u
|NU₁₁.BUR.HU|,NU11.BUR.HU,,NO_ATTESTED_READING,,,duri-bur-'u5
|NU₁₁.BUR.LA.HU|,NU11.BUR.LA.HU,,NO_ATTESTED_READING,,,duri-bur-la-'u5
|NU₁₁.BUR.SU.HU.LA|,NU11.BUR.SU.HU.LA,lagašₓ,ATTESTED_DIRECT,OSL,,duri-bur-guš-'u5-la
|NU₁₁.BUR.SU.LA.HU|,NU11.BUR.SU.LA.HU,,NO_ATTESTED_READING,,,duri-bur-guš-la-'u5
|NU₁₁.GA₂|,NU11.GA2,,NO_ATTESTED_READING,,,duri-alba
|NU₁₁.GIŠ|,NU11.GIŠ,ŋešnu|ŋišnu,ATTESTED_DIRECT,OSL,,duri-es
|NU₁₁.IR|,NU11.IR,gešnu₂|gišnu₂|ŋešnu₂|ŋišnu₂,ATTESTED_DIRECT,OSL,,duri-er
|NU₁₁.LA.BUR|,NU11.LA.BUR,,NO_ATTESTED_READING,,,duri-la-bur
|NU₁₁.LA.HU|,NU11.LA.HU,lagašₓ,ATTESTED_DIRECT,OSL,,duri-la-'u5
|NU₁₁@90.PI|,NU11@90.PI,gizzalₓ|ŋizzalₓ,ATTESTED_DIRECT,OSL,,
|NU₁₁@90.SILA₃|,NU11@90.SILA3,gizzal₂|ŋizzal₂,ATTESTED_DIRECT,OSL,,
|NU₁₁@t.SILA₃|,NU11@t.SILA3,ŋešniₓ,ATTESTED_DIRECT,OSL,,šir@t-ga5
|PA.AN|,PA.AN,billuda|billudu|biluda|garza|garzu|ŋarza|ŋarzu|kuš₄,ATTESTED_DIRECT,OSL,,addirx(pa)-/dimer/
|PA.BU.EL|,PA.BU.EL,susugₓ,ATTESTED_DIRECT,OSL,,addirx(pa)-bu-el
|PA.DAG.KISIM₅×GA|,PA.DAG.KISIM5×GA,kabarₓ,ATTESTED_DIRECT,OSL,,addirx(pa)-akan
|PA.DAG.KISIM₅×GUD|,PA.DAG.KISIM5×GUD,udul₁₁|utul₁₁,ATTESTED_DIRECT,OSL,,addirx(pa)-dag.kisim5×gud
|PA.DAG.KISIM₅×LU|,PA.DAG.KISIM5×LU,udulₓ,ATTESTED_DIRECT,OSL,,addirx(pa)-dag.kisim5×lu
|PA.DAG.KISIM₅×PAP|,PA.DAG.KISIM5×PAP,sirig,ATTESTED_DIRECT,OSL,,
|PA.DU@g|,PA.DU@g,maškim₂,ATTESTED_DIRECT,OSL,,addirx(pa)-du@g
|PA.DU@s.HUB₂|,PA.DU@s.HUB2,rigₓ,ATTESTED_DIRECT,OSL,,addirx(pa)-barim-dux(hub2)
|PA.DU@s|,PA.DU@s,barimₓ|maškim|parimₓ,ATTESTED_DIRECT,OSL,,addirx(pa)-barim
|PA.DUG.GIŠ.PAD.SI.A|,PA.DUG.GIŠ.PAD.SI.A,addirₓ,ATTESTED_DIRECT,OSL,,addirx(pa)-addirx(pa)-dug-dug-es-es-bad2-bad2-hux(si)-hux(si)-'u4-'u4
|PA.DUN₃|,PA.DUN3,hursag|hursaŋ,ATTESTED_DIRECT,OSL,,addirx(pa)-du5
|PA.DU|,PA.DU,maškim₃,ATTESTED_DIRECT,OSL,,addirx(pa)-aragub
|PA.EL.SUD|,PA.EL.SUD,,NO_ATTESTED_READING,,,addirx(pa)-el-sar4
|PA.EL|,PA.EL,susugₓ,ATTESTED_DIRECT,OSL,,addirx(pa)-el
|PA.EŠ₂|,PA.EŠ2,,NO_ATTESTED_READING,,,addirx(pa)-ege
|PA.E₂|,PA.E2,šabra₂|šapra₂,ATTESTED_DIRECT,OSL,,addirx(pa)-'a3
|PA.GAN|,PA.GAN,sag₂|seg₁₁|sig₁₁|sikiₓ,ATTESTED_DIRECT,OSL,,addirx(pa)-gam4
|PA.GAR.TE.SI|,PA.GAR.TE.SI,,NO_ATTESTED_READING,,,addirx(pa)-ga4-de4-hux(si)
|PA.GA₂|,PA.GA2,luga|luŋa,ATTESTED_DIRECT,OSL,,addirx(pa)-alba
|PA.GISAL.PAD|,PA.GISAL.PAD,addir₃,ATTESTED_DIRECT,OSL,,addirx(pa)-gisal-bad2
|PA.GISAL.SI.A.PAD|,PA.GISAL.SI.A.PAD,ADDIRX(|PA.GISAL.SI.A.PAD|)|PA.GISAL.SI.A.PAD|addirx(|PA.GISAL.SI.A.PAD|),ATTESTED_DIRECT,SYLLABARY_CM,,addirx(pa)-gisal-hux(si)-'u4-bad2
|PA.GISAL.SI.A|,PA.GISAL.SI.A,ADDIRX(|PA.GISAL.SI.A|)|PA.GISAL.SI.A|addirx(|PA.GISAL.SI.A|),ATTESTED_DIRECT,SYLLABARY_CM,,addirx(pa)-gisal-hux(si)-'u4
|PA.GISAL.SI.KAL.RU|,PA.GISAL.SI.KAL.RU,addirₓ,ATTESTED_DIRECT,OSL,,addirx(pa)-gisal-hux(si)-alad2-gešba
|PA.GISAL.SI|,PA.GISAL.SI,,NESTED_IN_LONGER_FORM,,PA.GISAL.SI.A.PAD; PA.GISAL.SI.A,addirx(pa)-gisal-hux(si)
|PA.GI|,PA.GI,sigₓ|zigₓ,ATTESTED_DIRECT,OSL,,addirx(pa)-ešša3
|PA.GU₂×NUN|,PA.GU2×NUN,musubₓ,ATTESTED_DIRECT,OSL,,addirx(pa)-gu2×nun
|PA.HUB₂.DU|,PA.HUB2.DU,rig₇,ATTESTED_DIRECT,OSL,,addirx(pa)-dux(hub2)-aragub
|PA.HUB₂|,PA.HUB2,rig₈,ATTESTED_DIRECT,OSL,,addirx(pa)-dux(hub2)
|PA.IB|,PA.IB,hamanzer|sab|saba|sap|sip₄|sipa₂|šab|šaba|šap|šib₃|šip₃|šub₃|šup₃,ATTESTED_DIRECT,OSL,,addirx(pa)-arkabx(ib)
|PA.KAK|,PA.KAK,hudbu|%akk hutpu,ATTESTED_DIRECT,OSL,,addirx(pa)-ban4
|PA.LAGAB×(GUD&GUD)|,PA.LAGAB×(GUD&GUD),muatiₓ,ATTESTED_DIRECT,OSL,,addirx(pa)-dibx(
|PA.LU.TA|,PA.LU.TA,,NO_ATTESTED_READING,,,addirx(pa)-eze-da2
|PA.LUGAL|,PA.LUGAL,garza₂|girza|ŋarza₂,ATTESTED_DIRECT,OSL,,addirx(pa)-bišeba
|PA.LU|,PA.LU,{d}|PA.LU|,ATTESTED_DIRECT,DIRI,,addirx(pa)-eze
|PA.LU₂|,PA.LU2,,NO_ATTESTED_READING,,,addirx(pa)-addax(lu2)
|PA.ME.U.U.U|,PA.ME.U.U.U,ari₅?,ATTESTED_DIRECT,OSL,,addirx(pa)-eš17
|PA.MUNSUB|,PA.MUNSUB,munsubₓ,ATTESTED_DIRECT,OSL,,addirx(pa)-munsub
|PA.NAM₂|,PA.NAM2,,NO_ATTESTED_READING,,,addirx(pa)-nam2
|PA.NUN.LAGAR|,PA.NUN.LAGAR,udulₓ|utulₓ,ATTESTED_DIRECT,OSL,,addirx(pa)-...ri-lagal
|PA.PA|,PA.PA,šullatₓ,ATTESTED_DIRECT,OSL,,addirx(pa)-addirx(pa)
|PA.SAG|,PA.SAG,{d}PA-SAG,ATTESTED_DIRECT,DIRI,,addirx(pa)-dul7
|PA.SI.GAR|,PA.SI.GAR,ensiₓ,ATTESTED_DIRECT,OSL,,addirx(pa)-hux(si)-ga4
|PA.SI|,PA.SI,ensiₓ,ATTESTED_DIRECT,OSL,,addirx(pa)-hux(si)
|PA.SUD.EL|,PA.SUD.EL,sugₓ,ATTESTED_DIRECT,OSL,,addirx(pa)-sar4-el
|PA.SU|,PA.SU,%akk tertu,ATTESTED_DIRECT,OSL,,addirx(pa)-guš
|PA.TAR|,PA.TAR,gugₓ,ATTESTED_DIRECT,OSL,,addirx(pa)-dar6
|PA.TE.SI|,PA.TE.SI,ensag|ensi₂|ensik,ATTESTED_DIRECT,OSL,,addirx(pa)-de4-hux(si)
|PA.TE|,PA.TE,en₅|ninₓ,ATTESTED_DIRECT,OSL,,addirx(pa)-de4
|PA.TUK.DU|,PA.TUK.DU,rigₓ,ATTESTED_DIRECT,OSL,,addirx(pa)-du12-aragub
|PA.URU|,PA.URU,,NESTED_IN_LONGER_FORM,,PA.URU×MIN,addirx(pa)-al8
|PA.UZU|,PA.UZU,dud|duda|duduₓ|dunda|tud₂|tudu|tunda,ATTESTED_DIRECT,OSL,,addirx(pa)-usux(uzu)
|PA.X.X|,PA.X.X,utulₓ,ATTESTED_DIRECT,OSL,,
|PA.ŠA₆|,PA.ŠA6,erida₂|erimₓ|gangud|šanga₇|tidimₓ,ATTESTED_DIRECT,OSL,,addirx(pa)-a10
|PA.ŠE|,PA.ŠE,isin|isina|išin,ATTESTED_DIRECT,OSL,,addirx(pa)-ašnan2
|PAD.AN.MUŠ₃@g|,PAD.AN.MUŠ3@g,nindabaₓ,ATTESTED_DIRECT,OSL,,bad2-/dimer/-muš2
|PAD.AN.MUŠ₃|,PAD.AN.MUŠ3,nidba|niŋdaba|nindaba|ninni₇|ninnim₇,ATTESTED_DIRECT,OSL,,bad2-/dimer/-ennin
|PAD.DUG.GIŠ.SI|,PAD.DUG.GIŠ.SI,ADDIRX(|PAD.DUG.GIŠ.SI|)|PAD.DUG.GIŠ.SI|addirx(|PAD.DUG.GIŠ.SI|),ATTESTED_DIRECT,SYLLABARY_CM,,bad2-dug-es-hux(si)
|PAD.GISAL.SI.A|,PAD.GISAL.SI.A,,NO_ATTESTED_READING,,,bad2-gisal-hux(si)-'u4
|PAD.GISAL.SI|,PAD.GISAL.SI,addirₓ,ATTESTED_DIRECT,OSL,,bad2-gisal-hux(si)
|PAD.UD|,PAD.UD,šutugₓ,ATTESTED_DIRECT,OSL,,bad2-a12
|PAN.GAM|,PAN.GAM,,NO_ATTESTED_READING,,,ba10-ar5
|PAP.E|,PAP.E,pa₅|pad₅,ATTESTED_DIRECT,OSL,,aha3-e
|PAP.GIŠ.NE|,PAP.GIŠ.NE,bilₓ,ATTESTED_DIRECT,OSL,,aha3-es-bar7
|PAP.GU₂.GAR₃|,PAP.GU2.GAR3,,NO_ATTESTED_READING,,,aha3-gu2-gar3
|PAP.HAL|,PAP.HAL,puš₂,ATTESTED_DIRECT,OSL,,aha3-buluh
|PAP.IGI@g.NUN.ME.EZEN×KASKAL|,PAP.IGI@g.NUN.ME.EZEN×KASKAL,,NESTED_IN_LONGER_FORM,,EN.PAP.IGI@g.NUN.ME.EZEN×KASKAL; SAL.TUG2.PAP.IGI@g.NUN.ME.EZEN×KASKAL,aha3-agar4-...ri-ba13-asilax(
|PAP.IGI@g|,PAP.IGI@g,isima|isimu|isimud|pap-ugur₂,ATTESTED_DIRECT,OSL,,aha3-agar4
|PAP.IŠ|,PAP.IŠ,pa₆|pad₆,ATTESTED_DIRECT,OSL,,aha3-es₅
|PAP.NE.GIŠ|,PAP.NE.GIŠ,bilₓ,ATTESTED_DIRECT,OSL,,aha3-bar7-es
|PAP.NE|,PAP.NE,bilₓ,ATTESTED_DIRECT,OSL,,aha3-bar7
|PAP.NUN.ME.EZEN|,PAP.NUN.ME.EZEN,isimudₓ,ATTESTED_DIRECT,OSL,,aha3-...ri-ba13-asilalx(ezen)
|PAP.PAP.4×IDIM|,PAP.PAP.4×IDIM,šušru,ATTESTED_DIRECT,OSL,,
|PAP.PAP.LU₃|,PAP.PAP.LU3,,NO_ATTESTED_READING,,,aha3-aha3-gadx(lu3)
|PAP.PAP.ŠE|,PAP.PAP.ŠE,,NO_ATTESTED_READING,,,aha3-aha3-ašnan2
|PAP.PAP|,PAP.PAP,aman|bu₁₀|bulug₃|buluŋ₃|bulunₓ|bur₁₃|dim₄|munₓ|munu₄|pur₁₃,ATTESTED_DIRECT,OSL,,aha3-aha3
|PAP.PAP×ŠE|,PAP.PAP×ŠE,munuₓ,ATTESTED_DIRECT,OSL,,
|PAP.SAG|,PAP.SAG,PAP.SAG,ATTESTED_DIRECT,SYLLABARY_CM,,aha3-dul7
|PI.GIŠ.TUG₂|,PI.GIŠ.TUG2,ŋeštuₓ,ATTESTED_DIRECT,OSL,,a3-es-azalag2
|PIRIG.AB×GAL|,PIRIG.AB×GAL,nergalₓ,ATTESTED_DIRECT,OSL,,ne3-ab×gal
|PIRIG.KIŠ|,PIRIG.KIŠ,tidnum,ATTESTED_DIRECT,OSL,,ne3-erraₓ
|PIRIG.PIRIG|,PIRIG.PIRIG,didanu|didanum|didnu|didnum|tidanu|tidanum|tidnim|tidnu,ATTESTED_DIRECT,OSL,,ne3-ne3
|PIRIG.TUR|,PIRIG.TUR,nemur₂|nimurₓ,ATTESTED_DIRECT,OSL,,ne3-ban3
|PIRIG×PA.LAGAB|,PIRIG×PA.LAGAB,,NO_ATTESTED_READING,,,
|PIRIG×ŠE|,PIRIG×ŠE,,NO_ATTESTED_READING,,,ne3-ašnan2
|RA.RA|,RA.RA,kutu₂?,ATTESTED_DIRECT,OSL,,ra-ra
|RAB.GAL|,RAB.GAL,gušur₂|ŋušur₂|ur₁₃?,ATTESTED_DIRECT,OSL,,rab-gal
|RAB.GAN|,RAB.GAN,dim₈,ATTESTED_DIRECT,OSL,,rab-gam4
|RAB.HI×BAD|,RAB.HI×BAD,dim₁₀,ATTESTED_DIRECT,OSL,,rab-du15
|RAB.MAH|,RAB.MAH,gušurₓ|ŋušurₓ,ATTESTED_DIRECT,OSL,,rab-al6
|RAB.TUR.TUR|,RAB.TUR.TUR,gušurₓ|ŋušurₓ,ATTESTED_DIRECT,OSL,,rab-ban3-ban3
|RU.NE|,RU.NE,rimₓ,ATTESTED_DIRECT,OSL,,gešba-bar7
|RU×KUR|,RU×KUR,,NESTED_IN_LONGER_FORM,,SU.RU×KUR,gešba-amma
|SA.HI×ŠE.KAK|,SA.HI×ŠE.KAK,ellandu,ATTESTED_DIRECT,OSL,,gid3-bir-ban4
|SA.NI|,SA.NI,,NO_ATTESTED_READING,,,gid3-be3
|SA.SUD|,SA.SUD,,NO_ATTESTED_READING,,,gid3-sar4
|SAG.AN|,SAG.AN,tirigi?,ATTESTED_DIRECT,OSL,,dul7-/dimer/
|SAG.DUN₃|,SAG.DUN3,šasuk,ATTESTED_DIRECT,OSL,,dul7-du5
|SAG.DU|,SAG.DU,%akk/n muhhuₓ,ATTESTED_DIRECT,OSL,,dul7-aragub
|SAG.HUB₂.DU|,SAG.HUB2.DU,saragaₓ,ATTESTED_DIRECT,OSL,,dul7-dux(hub2)-aragub
|SAG.KEŠ₂|,SAG.KEŠ2,,NO_ATTESTED_READING,,,dul7-gir11
|SAG.LAL.SAL|,SAG.LAL.SAL,ballaₓ,ATTESTED_DIRECT,OSL,,dul7-la2-f
|SAG.NI|,SAG.NI,,NO_ATTESTED_READING,,,dul7-be3
|SAG.PA.LAGAB|,SAG.PA.LAGAB,zarah,ATTESTED_DIRECT,OSL,,dul7-addirx(pa)-ella2
|SAG.SAL|,SAG.SAL,eru₂|erum₂|igiraₓ,ATTESTED_DIRECT,OSL,,dul7-f
|SAG.U|,SAG.U,saŋšu,ATTESTED_DIRECT,OSL,,dul7-1u
|SAG.ŠU₂|,SAG.ŠU2,saŋšu,ATTESTED_DIRECT,OSL,,dul7-ešša2
|SAG@g×AŠ@t|,SAG@g×AŠ@t,,NO_ATTESTED_READING,,,dilx(sag@g)-1(aš@t)
|SAG@g×MIN|,SAG@g×MIN,,NO_ATTESTED_READING,,,dilx(sag@g)-menx(min)
|SAG×GAN₂@t|,SAG×GAN2@t,,NO_ATTESTED_READING,,,dul7-gan2@t
|SAG×GAR|,SAG×GAR,,NO_ATTESTED_READING,,,dul7-ga4
|SAG×IGI|,SAG×IGI,,NO_ATTESTED_READING,,,dul7-bad5
|SAG×IG|,SAG×IG,,NO_ATTESTED_READING,,,dul7-/mal/
|SAG×KAK.GABA|,SAG×KAK.GABA,xₓ,ATTESTED_DIRECT,OSL,,muh2-du8
|SAG×KU|,SAG×KU,,NESTED_IN_LONGER_FORM,,SAG×KUR,dul7-be5
|SAG×LAM|,SAG×LAM,,NO_ATTESTED_READING,,,dul7-ešx(lam)
|SAG×MAŠ|,SAG×MAŠ,,NO_ATTESTED_READING,,,dul7-ba7
|SAG×MIN|,SAG×MIN,,NO_ATTESTED_READING,,,dul7-menx(min)
|SAG×NI.BU|,SAG×NI.BU,azadₓ,ATTESTED_DIRECT,OSL,,
|SAG×NI.ME|,SAG×NI.ME,azadₓ,ATTESTED_DIRECT,OSL,,
|SAG×NI|,SAG×NI,azadₓ|uguₓ,ATTESTED_DIRECT,OSL,,dul7-be3
|SAG×PAP|,SAG×PAP,,NO_ATTESTED_READING,,,dul7-aha3
|SAG×SAR|,SAG×SAR,,NO_ATTESTED_READING,,,dul7-kiri6
|SAG×U|,SAG×U,saŋšu,ATTESTED_DIRECT,OSL,,dul7-1u
|SAG×ZA|,SAG×ZA,,NO_ATTESTED_READING,,,dul7-sa3
|SAG×ŠU|,SAG×ŠU,,NO_ATTESTED_READING,,,dul7-kat7
|SAL.AL|,SAL.AL,eme₇|sukkal₃,ATTESTED_DIRECT,OSL,,f-al
|SAL.ANŠE|,SAL.ANŠE,eme₃,ATTESTED_DIRECT,OSL,,f-anše
|SAL.AŠ₂.GAR₃|,SAL.AŠ2.GAR3,{munus}aš₂-gar₃,ATTESTED_DIRECT,OSL,,f-as2-gar3
|SAL.AŠ₂|,SAL.AŠ2,,NESTED_IN_LONGER_FORM,,SAL.AŠ2.GAR3,f-as2
|SAL.BAR|,SAL.BAR,rak₀,ATTESTED_DIRECT,OSL,,f-ba15
|SAL.DI.UŠ|,SAL.DI.UŠ,,NO_ATTESTED_READING,,,f-de-geš3
|SAL.EN|,SAL.EN,emeₓ,ATTESTED_DIRECT,OSL,,f-adx(en)
|SAL.EŠ₂|,SAL.EŠ2,ege₂|eger₃|egi₂|egir₃|ninₓ,ATTESTED_DIRECT,OSL,,f-ege
|SAL.GA₂×PA|,SAL.GA2×PA,kir₁₁|mirₓ,ATTESTED_DIRECT,OSL,,f-era4
|SAL.GIŠ|,SAL.GIŠ,alₓ|rig₃|udug₂,ATTESTED_DIRECT,OSL,,f-es
|SAL.HU.BA|,SAL.HU.BA,lagarₓ,ATTESTED_DIRECT,OSL,,f-'u5-ba
|SAL.HUB₂.AL|,SAL.HUB2.AL,,NO_ATTESTED_READING,,,f-dux(hub2)-al
|SAL.HUB₂.DU|,SAL.HUB2.DU,,NO_ATTESTED_READING,,,f-dux(hub2)-aragub
|SAL.HUB₂×UD|,SAL.HUB2×UD,garinₓ,ATTESTED_DIRECT,OSL,,f-hub
|SAL.KAB|,SAL.KAB,emerahₓ|nigₓ,ATTESTED_DIRECT,OSL,,f-gab2
|SAL.KUŠU₂|,SAL.KUŠU2,kušₓ|kušuₓ|kuyaₓ,ATTESTED_DIRECT,OSL,,f-kuš9
|SAL.LAGAB|,SAL.LAGAB,emeziₓ|murubₓ,ATTESTED_DIRECT,OSL,,f-ella2
|SAL.LAGAB×(GUD&GUD)|,SAL.LAGAB×(GUD&GUD),kirₓ,ATTESTED_DIRECT,OSL,,f-dibx(
|SAL.LA|,SAL.LA,gal₄-la|gala₂|galla₂|kala₂,ATTESTED_DIRECT,OSL,,f-la
|SAL.MA|,SAL.MA,mam₃|mim-ma|mim₄,ATTESTED_DIRECT,OSL,,f-ma
|SAL.ME.HUB₂|,SAL.ME.HUB2,lagarₓ,ATTESTED_DIRECT,OSL,,f-ba13-dux(hub2)
|SAL.NUNUZ.ZI.AN.ŠEŠ.KI|,SAL.NUNUZ.ZI.AN.ŠEŠ.KI,zirruₓ,ATTESTED_DIRECT,OSL,,f-nunu-se2-/dimer/-ah2-ammax(ki)
|SAL.SAL.DAM|,SAL.SAL.DAM,murumₓ,ATTESTED_DIRECT,OSL,,f-f-da4
|SAL.SIK₂|,SAL.SIK2,nin₁₀,ATTESTED_DIRECT,OSL,,f-seg2
|SAL.TAB.KUN|,SAL.TAB.KUN,megidaₓ?,ATTESTED_DIRECT,OSL,,f-dab2-...nunnam...
|SAL.TAK₄|,SAL.TAK4,kid₈,ATTESTED_DIRECT,OSL,,f-azad2
|SAL.TUG₂.BAHAR₂|,SAL.TUG2.BAHAR2,aruruₓ,ATTESTED_DIRECT,OSL,,nin-/allura/
|SAL.TUG₂.IGI@g.NUN.ME.EZEN×KASKAL|,SAL.TUG2.IGI@g.NUN.ME.EZEN×KASKAL,,NO_ATTESTED_READING,,,nin-agar4-...ri-ba13-asilax(
|SAL.TUG₂.IN.DUB|,SAL.TUG2.IN.DUB,,NO_ATTESTED_READING,,,nin-en6-dab4
|SAL.TUG₂.KU₃.GI|,SAL.TUG2.KU3.GI,šalaš,ATTESTED_DIRECT,OSL,,nin-ku3-ešša3
|SAL.TUG₂.ME.DAG.X|,SAL.TUG2.ME.DAG.X,,NO_ATTESTED_READING,,,
|SAL.TUG₂.PAP.E.IGI@g.NUN.ME.EZEN×KASKAL|,SAL.TUG2.PAP.E.IGI@g.NUN.ME.EZEN×KASKAL,nenkumₓ|ninkumₓ,ATTESTED_DIRECT,OSL,,nin-aha3-e-agar4-...ri-ba13-asilax(
|SAL.TUG₂.PAP.IGI@g.ME.EZEN×KASKAL|,SAL.TUG2.PAP.IGI@g.ME.EZEN×KASKAL,,NO_ATTESTED_READING,,,nin-aha3-agar4-ba13-asilax(
|SAL.TUG₂.PAP.IGI@g.NUN.EZEN×KASKAL|,SAL.TUG2.PAP.IGI@g.NUN.EZEN×KASKAL,|SAL.TUG₂.PAP.IGI@g.NUN.EZEN×KASKAL|,ATTESTED_DIRECT,DIRI,,nin-aha3-agar4-...ri-asilax(
|SAL.TUK.DU|,SAL.TUK.DU,rigₓ,ATTESTED_DIRECT,OSL,,f-du12-aragub
|SAL.TUK|,SAL.TUK,dilmun@v|dilmunₓ,ATTESTED_DIRECT,OSL,,f-du12
|SAL.U.DIŠ|,SAL.U.DIŠ,kušuₓ,ATTESTED_DIRECT,OSL,,f-1u-anₓ
|SAL.UD.EDIN|,SAL.UD.EDIN,muru₅|murub₅|murum₅,ATTESTED_DIRECT,OSL,,f-a12-bilx(edin)
|SAL.UD|,SAL.UD,eribₓ,ATTESTED_DIRECT,OSL,,f-a12
|SAL.UR|,SAL.UR,nig|niŋ|nik|niq,ATTESTED_DIRECT,OSL,,f-a8
|SAL.UŠ.DI.DAM|,SAL.UŠ.DI.DAM,,NO_ATTESTED_READING,,,f-geš3-de-da4
|SAL.UŠ.DI.E₂|,SAL.UŠ.DI.E2,gaiₓ,ATTESTED_DIRECT,OSL,,f-geš3-de-'a3
|SAL.UŠ.DI.KID|,SAL.UŠ.DI.KID,gaiₓ|gambi,ATTESTED_DIRECT,OSL,,f-geš3-de-buru6
|SAL.UŠ.E₂.DI|,SAL.UŠ.E2.DI,gambi,ATTESTED_DIRECT,OSL,,f-geš3-'a3-de
|SAL.UŠ.KID|,SAL.UŠ.KID,gambi,ATTESTED_DIRECT,OSL,,f-geš3-buru6
|SAL.UŠ.KI|,SAL.UŠ.KI,gambiₓ,ATTESTED_DIRECT,OSL,,f-geš3-ammax(ki)
|SAL.UŠ|,SAL.UŠ,gidlam₄|gišₓ|gitlam₄|ŋešdan₄|ŋešdana₄|ŋeštan₄|ŋeštana₄|ŋidlam₄|karkidₓ|mussaₓ|nidalam₄|nidlam₄|nigirsiₓ|niŋirsiₓ|nintah₃|nita₃|nitadam₄|nitah₃|nitalam₄|nitlam₄,ATTESTED_DIRECT,OSL,,f-geš3
|SAL.X|,SAL.X,emeₓ,ATTESTED_DIRECT,OSL,,
|SAL×KUR|,SAL×KUR,,NO_ATTESTED_READING,,,f-amma
|SAL×LAGAR|,SAL×LAGAR,,NO_ATTESTED_READING,,,f-lagal
|SANGA₂.MAH|,SANGA2.MAH,dungaₓ,ATTESTED_DIRECT,OSL,,sanga2-al6
|SAR&SAR|,SAR&SAR,,NO_ATTESTED_READING,,,kiri6-kiri6
|SAR.SAR|,SAR.SAR,sarsa,ATTESTED_DIRECT,OSL,,kiri6-kiri6
|SAR×U₂|,SAR×U2,,NO_ATTESTED_READING,,,kiri6-ba6
|SAR×ZIZ₂|,SAR×ZIZ2,,NO_ATTESTED_READING,,,kiri6-ziz2
|SI.A.BUR₂|,SI.A.BUR2,sabu,ATTESTED_DIRECT,OSL,,hux(si)-'u4-bal2
|SI.A.GAR.X|,SI.A.GAR.X,addirₓ,ATTESTED_DIRECT,OSL,,
|SI.A.PAD.GISAL|,SI.A.PAD.GISAL,,NO_ATTESTED_READING,,,hux(si)-'u4-bad2-gisal
|SI.GIŠ.PAD.DUG|,SI.GIŠ.PAD.DUG,ADDIRX(|SI.GIŠ.PAD.DUG|)|SI.GIŠ.PAD.DUG|addirx(|SI.GIŠ.PAD.DUG|),ATTESTED_DIRECT,SYLLABARY_CM,,hux(si)-es-bad2-dug
|SI.GUD.AŠ|,SI.GUD.AŠ,SI.GUD.AŠ,ATTESTED_DIRECT,SYLLABARY_CM,,hux(si)-alap-1aš
|SI.GUD|,SI.GUD,SI.GUD,ATTESTED_DIRECT,SYLLABARY_CM,,hux(si)-alap
|SI.GUD×AŠ|,SI.GUD×AŠ,SI.GUD×AŠ,ATTESTED_DIRECT,SYLLABARY_CM,,
|SI@g.A|,SI@g.A,su₉,ATTESTED_DIRECT,OSL,,gunux(si@g)-'u4
|SIG.MU.BU|,SIG.MU.BU,mudraₓ|munzerₓ,ATTESTED_DIRECT,OSL,,big-gu10-bu
|SIG₄%SIG₄.ŠU₂|,SIG4%SIG4.ŠU2,,NO_ATTESTED_READING,,,
|SIG₄.ANŠE|,SIG4.ANŠE,amaraₓ,ATTESTED_DIRECT,OSL,,bar5-anše
|SIG₄.IDIM|,SIG4.IDIM,banda₅|uru₉|urumₓ?,ATTESTED_DIRECT,OSL,,bar5-ari2
|SIG₄.SIG₄.ŠU₂|,SIG4.SIG4.ŠU2,lahhušuₓ,ATTESTED_DIRECT,OSL,,bar5-bar5-ešša2
|SIK₂.BU|,SIK2.BU,zulumhi⁻,ATTESTED_DIRECT,OSL,,seg2-seg2-bu-bu
|SIK₂.E|,SIK2.E,,NO_ATTESTED_READING,,,seg2-e
|SIK₂.HI×(NUN.ME)|,SIK2.HI×(NUN.ME),,NO_ATTESTED_READING,,,
|SIK₂.HI×(NUN.ME.U)|,SIK2.HI×(NUN.ME.U),,NO_ATTESTED_READING,,,
|SIK₂.HI×NUN.AŠ.U|,SIK2.HI×NUN.AŠ.U,guruₓ,ATTESTED_DIRECT,OSL,,seg2-a'2-1aš-1u
|SIK₂.LAM.HI×NUN.ME.GAM|,SIK2.LAM.HI×NUN.ME.GAM,guru₇,ATTESTED_DIRECT,OSL,,seg2-ešx(lam)-a'2-ba13-ar5
|SIK₂.LAM.HI×NUN.ME.U|,SIK2.LAM.HI×NUN.ME.U,,NO_ATTESTED_READING,,,seg2-ešx(lam)-a'2-ba13-1u
|SIK₂.LAM.SUHUR|,SIK2.LAM.SUHUR,aš₅|munsub₂|munšub₂|musub₂|muzer?|muzir?,ATTESTED_DIRECT,OSL,,seg2-ešx(lam)-suh2
|SIK₂.LAM|,SIK2.LAM,adkin|aš₆|sikin|šikin₃|šušuₓ|udkinₓ,ATTESTED_DIRECT,OGSL,,seg2-ešx(lam)
|SIK₂.MU.BU|,SIK2.MU.BU,sagmunzer|sagmunzir,ATTESTED_DIRECT,OSL,,seg2-gu10-bu
|SIK₂.NUN.ME.U|,SIK2.NUN.ME.U,,NO_ATTESTED_READING,,,seg2-...ri-ba13-1u
|SIK₂.NUN|,SIK2.NUN,irinaₓ,ATTESTED_DIRECT,OSL,,seg2-...ri
|SIK₂.PA.IB|,SIK2.PA.IB,hamanzerₓ|hamanzirₓ|humunzerₓ,ATTESTED_DIRECT,OSL,,seg2-addirx(pa)-arkabx(ib)
|SIK₂.SAG.PA.IB|,SIK2.SAG.PA.IB,hamanzerₓ,ATTESTED_DIRECT,OSL,,seg2-dul7-addirx(pa)-arkabx(ib)
|SIK₂.SUHUR|,SIK2.SUHUR,munsubₓ,ATTESTED_DIRECT,OSL,,seg2-seg2-suh2-suh2
|SIK₂×NUN|,SIK2×NUN,SIK2×NUN,ATTESTED_DIRECT,SYLLABARY_CM,,seg2-...ri
|SILA₃.GABA.A|,SILA3.GABA.A,šagia,ATTESTED_DIRECT,OSL,,ga5-du8-'u4
|SILA₃.GABA|,SILA3.GABA,sagiₓ|šagia,ATTESTED_DIRECT,OSL,,ga5-du8
|SILA₃.ŠU.GABA.A|,SILA3.ŠU.GABA.A,sagiaₓ|šagia,ATTESTED_DIRECT,OSL,,ga5-kat7-du8-'u4
|SILA₃.ŠU|,SILA3.ŠU,šagia,ATTESTED_DIRECT,OSL,,ga5-kat7
|SILA₃×ŠE|,SILA3×ŠE,,NO_ATTESTED_READING,,,ga5-ašnan2
|SU&SU.A|,SU&SU.A,e₆-a,ATTESTED_DIRECT,OSL,,e₆-'u4
|SU&SU.SAR|,SU&SU.SAR,luₓ,ATTESTED_DIRECT,OSL,,e₆-kiri6
|SU.EDIN|,SU.EDIN,suburₓ,ATTESTED_DIRECT,OSL,,guš-bilx(edin)
|SU.GAN|,SU.GAN,duganₓ,ATTESTED_DIRECT,OSL,,guš-gam4
|SU.KI.LU.EŠ₂.KI|,SU.KI.LU.EŠ2.KI,SU.KI.LU.EŠ2.KI|UGNIMX(|SU.KI.LU.EŠ2.KI|)|ugnimx(|SU.KI.LU.EŠ2.KI|),ATTESTED_DIRECT,SYLLABARY_CM,,guš-ammax(ki)-eze-ege-ammax(ki)
|SU.KUR|,SU.KUR,sudₓ,ATTESTED_DIRECT,OSL,,guš-amma
|SU.LAM.KUR.RU|,SU.LAM.KUR.RU,šuruppakₓ,ATTESTED_DIRECT,OSL,,guš-ešx(lam)-amma-gešba
|SU.LU.EŠ₂.KI.GAR.RA|,SU.LU.EŠ2.KI.GAR.RA,,NO_ATTESTED_READING,,,guš-eze-ege-ammax(ki)-ga4-ra
|SU.LU.EŠ₂.KI.GAR|,SU.LU.EŠ2.KI.GAR,,NO_ATTESTED_READING,,,guš-eze-ege-ammax(ki)-ga4
|SU.LU.EŠ₂|,SU.LU.EŠ2,,NESTED_IN_LONGER_FORM,,KI.SU.LU.EŠ2.GAR; KI.SU.LU.EŠ2.GAR.RA,guš-eze-ege
|SU.LU.ŠU.KI.GAR|,SU.LU.ŠU.KI.GAR,,NO_ATTESTED_READING,,,guš-eze-kat7-ammax(ki)-ga4
|SU.PIRIG|,SU.PIRIG,,NO_ATTESTED_READING,,,guš-ne3
|SU.RU×KUR|,SU.RU×KUR,sudₓ|šuruppakₓ,ATTESTED_DIRECT,OSL,,
|SU.SU.LU.LU.EŠ₂.EŠ₂|,SU.SU.LU.LU.EŠ2.EŠ2,,NO_ATTESTED_READING,,,guš-guš-eze-eze-ege-ege
|SUD&SUD.AB|,SUD&SUD.AB,,NO_ATTESTED_READING,,,
|SUD.NU.NUN.EŠ₂|,SUD.NU.NUN.EŠ2,samanₓ,ATTESTED_DIRECT,OSL,,sar4-la3-...ri-ege
|SUD.NUN.EŠ₂.TU|,SUD.NUN.EŠ2.TU,samanₓ,ATTESTED_DIRECT,OSL,,sar4-...ri-ege-du2
|SUD.NUN.ŠE.EŠ₂|,SUD.NUN.ŠE.EŠ2,samanₓ,ATTESTED_DIRECT,OSL,,sar4-...ri-ašnan2-ege
|SUD.PA.EL|,SUD.PA.EL,sugₓ,ATTESTED_DIRECT,OSL,,sar4-addirx(pa)-el
|SUD.ŠE.NUN.EŠ₂|,SUD.ŠE.NUN.EŠ2,,NO_ATTESTED_READING,,,sar4-ašnan2-...ri-ege
|SUMAŠ.MAŠ|,SUMAŠ.MAŠ,ušbarₓ,ATTESTED_DIRECT,OSL,,sumaš-ba7
|SUMAŠ.ME|,SUMAŠ.ME,gudu₁₁|gudug₂|luhšaₓ,ATTESTED_DIRECT,OSL,,sumaš-ba13
|SUM×DIŠ|,SUM×DIŠ,,NO_ATTESTED_READING,,,/zeĝ/-anₓ
|SU×A|,SU×A,,NO_ATTESTED_READING,,,guš-'u4
|SU×KUR.RU|,SU×KUR.RU,sudₓ,ATTESTED_DIRECT,OSL,,
|SU×KUR|,SU×KUR,,NO_ATTESTED_READING,,,guš-amma
|SU×U@c|,SU×U@c,,NO_ATTESTED_READING,,,guš-1u
|TAB&TAB|,TAB&TAB,limₓ|limmuₓ,ATTESTED_DIRECT,OSL,,dab2-dab2
|TAB+ERIN₂×(U.U.U)|,TAB+ERIN2×(U.U.U),,NO_ATTESTED_READING,,,
|TAB.GAR.ŠE|,TAB.GAR.ŠE,garadinₓ,ATTESTED_DIRECT,OSL,,dab2-ga4-ašnan2
|TAB.KUN|,TAB.KUN,megida₂|megidda₂,ATTESTED_DIRECT,OSL,,dab2-...nunnam...
|TAB.PI|,TAB.PI,geštuₓ,ATTESTED_DIRECT,OSL,,dab2-a3
|TAB.TAB.AŠ|,TAB.TAB.AŠ,ia₇,ATTESTED_DIRECT,OSL,,dab2-dab2-1aš
|TAB.TAB.TAB.AŠ|,TAB.TAB.TAB.AŠ,imin₂|imina₂|umun₈,ATTESTED_DIRECT,OSL,,dab2-dab2-dab2-1aš
|TAB.TAB.TAB.TAB.AŠ|,TAB.TAB.TAB.TAB.AŠ,ilimmu₂,ATTESTED_DIRECT,OSL,,dab2-dab2-dab2-dab2-1aš
|TAB.TAB.TAB.TAB|,TAB.TAB.TAB.TAB,ussa₂|ussu₂,ATTESTED_DIRECT,OSL,,dab2-dab2-dab2-dab2
|TAB.TAB.TAB|,TAB.TAB.TAB,aš₄,ATTESTED_DIRECT,OSL,,dab2-dab2-dab2
|TAB.TI|,TAB.TI,megida|megidda,ATTESTED_DIRECT,OSL,,dab2-de9
|TAG.GAM.ME|,TAG.GAM.ME,šumgamme,ATTESTED_DIRECT,OSL,,da6-ar5-ba13
|TAG.LU|,TAG.LU,,NO_ATTESTED_READING,,,da6-eze
|TAG.TAG|,TAG.TAG,ziz₅,ATTESTED_DIRECT,OSL,,da6-da6
|TAG.UD|,TAG.UD,,NO_ATTESTED_READING,,,da6-a12
|TAG.ŠU|,TAG.ŠU,,NO_ATTESTED_READING,,,da6-kat7
|TAG×KU|,TAG×KU,TAG×KU|UD4|UT4|UTTUX(|TAG×KU|)|ud4|ut4|uttux(|TAG×KU|),ATTESTED_DIRECT,SYLLABARY_CM,,da6-be5
|TAK₄.ALAN|,TAK4.ALAN,alanₓ|zermuškuₓ,ATTESTED_DIRECT,OSL,,azad2-al2
|TAK₄.IM|,TAK4.IM,kidₓ,ATTESTED_DIRECT,OSL,,azad2-adad
|TAK₄.SILA₃.GABA|,TAK4.SILA3.GABA,šagia,ATTESTED_DIRECT,OSL,,azad2-ga5-du8
|TAK₄.TAK₄|,TAK4.TAK4,dadda|tatge,ATTESTED_DIRECT,OSL,,azad2-azad2
|TAR.A.DU|,TAR.A.DU,,NO_ATTESTED_READING,,,dar6-'u4-aragub
|TAR.TAR|,TAR.TAR,,NO_ATTESTED_READING,,,dar6-dar6
|TA×GAR|,TA×GAR,lungaₓ,ATTESTED_DIRECT,OSL,,da2-ga4
|TA×IGI@g|,TA×IGI@g,sukudₓ,ATTESTED_DIRECT,OSL,,da2-da2-agar4-agar4
|TA×IR|,TA×IR,gansis,ATTESTED_DIRECT,OSL,,da2-er
|TA×KASKAL|,TA×KASKAL,,NO_ATTESTED_READING,,,da2-bu2
|TA×KUR|,TA×KUR,,NO_ATTESTED_READING,,,da2-amma
|TA×U|,TA×U,,NO_ATTESTED_READING,,,da2-1u
|TA×ŠE|,TA×ŠE,sukudₓ,ATTESTED_DIRECT,OGSL,,da2-ašnan2
|TE&TE|,TE&TE,,NO_ATTESTED_READING,,,de4-de4
|TE.A.MUŠ|,TE.A.MUŠ,,NO_ATTESTED_READING,,,de4-'u4-imdudu
|TE.AB@g|,TE.AB@g,unₓ|unu₂|unug₂,ATTESTED_DIRECT,OSL,,de4-ab4
|TE.A|,TE.A,gar₁₄|ka₁₁|kar|kara|kir₈|qar₂|unuₓ,ATTESTED_DIRECT,OSL,,de4-'u4
|TE.LAL|,TE.LAL,gal₅-la|galla|galu|gulla|ŋulla|mullaₓ,ATTESTED_DIRECT,OSL,,de4-la2
|TE.ME|,TE.ME,mete,ATTESTED_DIRECT,OSL,,de4-ba13
|TE.MUŠ₃|,TE.MUŠ3,unuₓ,ATTESTED_DIRECT,OSL,,de4-ennin
|TE@g.AB@g|,TE@g.AB@g,unu₇|unug₄,ATTESTED_DIRECT,OSL,,gar13-ab4
|TIL×AŠ|,TIL×AŠ,,NO_ATTESTED_READING,,,sumun-1aš
|TU&TU|,TU&TU,,NO_ATTESTED_READING,,,du2-du2
|TU.GABA.LIŠ|,TU.GABA.LIŠ,asalₓ,ATTESTED_DIRECT,OSL,,du2-du8-del₂
|TU.NUN&NUN.LIŠ.A|,TU.NUN&NUN.LIŠ.A,asalₓ,ATTESTED_DIRECT,OSL,,du2-lurₓ-del₂-'u4
|TUG₂.BU.TUG₂.TU|,TUG2.BU.TUG2.TU,samanₓ,ATTESTED_DIRECT,OSL,,azalag2-bu-azalag2-du2
|TUG₂.DU@s|,TUG2.DU@s,tugir,ATTESTED_DIRECT,OSL,,azalag2-barim
|TUG₂.NAM.LUGAL|,TUG2.NAM.LUGAL,,NO_ATTESTED_READING,,,azalag2-bir5-bišeba
|TUG₂.PI.PI|,TUG2.PI.PI,ŋeštugₓ,ATTESTED_DIRECT,OSL,,azalag2-a3-a3
|TUG₂.PI.TE.A.RA|,TUG2.PI.TE.A.RA,azlagₓ,ATTESTED_DIRECT,OSL,,azalag2-a3-de4-'u4-ra
|TUG₂.TAG|,TUG2.TAG,uttu,ATTESTED_DIRECT,OSL,,azalag2-da6
|TUG₂.TE.A.DU|,TUG2.TE.A.DU,azlagₓ,ATTESTED_DIRECT,OSL,,azalag2-de4-'u4-aragub
|TUG₂.UD|,TUG2.UD,ašlag|azalag|azlag,ATTESTED_DIRECT,OSL,,azalag2-a12
|TUK.TUK|,TUK.TUK,duddu|duttu,ATTESTED_DIRECT,OSL,,du12-du12
|TUK×HAL|,TUK×HAL,,NO_ATTESTED_READING,,,du12-buluh
|TUK×UD|,TUK×UD,,NO_ATTESTED_READING,,,du12-a12
|TUM.AŠ₂|,TUM.AŠ2,hašₓ,ATTESTED_DIRECT,OSL,,dam3-as2
|TUM.KAD₃|,TUM.KAD3,haš₂,ATTESTED_DIRECT,OSL,,dam3-gat3
|TUM.U.U.U|,TUM.U.U.U,kibₓ,ATTESTED_DIRECT,OSL,,dam3-ba₃
|TUM.UD|,TUM.UD,egir,ATTESTED_DIRECT,OSL,,dam3-a12
|TUM.ŠU₂|,TUM.ŠU2,egir,ATTESTED_DIRECT,OSL,,dam3-ešša2
|TUM×A|,TUM×A,,NO_ATTESTED_READING,,,dam3-'u4
|TUM×PAP|,TUM×PAP,idigna,ATTESTED_DIRECT,OSL,,dam3-aha3
|TUM×SAL|,TUM×SAL,,NO_ATTESTED_READING,,,dam3-f
|TUM×UD|,TUM×UD,,NO_ATTESTED_READING,,,dam3-a12
|TUR&TUR.ZA&ZA.NA|,TUR&TUR.ZA&ZA.NA,,NO_ATTESTED_READING,,,zazana-aniku
|TUR&TUR.ZA&ZA.TUR&TUR.ZA&ZA|,TUR&TUR.ZA&ZA.TUR&TUR.ZA&ZA,zazanaₓ|zaznaₓ|zeznaₓ|ziznaₓ,ATTESTED_DIRECT,OSL,,zazana-zazana
|TUR&TUR|,TUR&TUR,,NESTED_IN_LONGER_FORM,,TUR&TUR.ZA&ZA; TUR&TUR.ZA&ZA.TUR&TUR.ZA&ZA,ban3-ban3
|TUR.ARAD|,TUR.ARAD,ibila₂,ATTESTED_DIRECT,OSL,,ban3-...ki
|TUR.DIŠ|,TUR.DIŠ,gena|genan|genna|gina|ginan|ginna|hibis|hibiz|ibilaₓ,ATTESTED_DIRECT,OSL,,ban3-anₓ
|TUR.EŠ₂|,TUR.EŠ2,dumu-gi₇|kuŋ₅|kun₅,ATTESTED_DIRECT,OSL,,ban3-ege
|TUR.NE|,TUR.NE,ibilaₓ,ATTESTED_DIRECT,OSL,,ban3-bar7
|TUR.SAG|,TUR.SAG,ibila₃,ATTESTED_DIRECT,OSL,,ban3-dul7
|TUR.SAL.TUR.TUR|,TUR.SAL.TUR.TUR,murumₓ,ATTESTED_DIRECT,OSL,,ban3-f-ban3-ban3
|TUR.TUR.LAL|,TUR.TUR.LAL,didla,ATTESTED_DIRECT,OSL,,ban3-ban3-la2
|TUR.TUR|,TUR.TUR,deₓ-deₓ|di₄-di₄|du₁₃-du₁₃|tilₓ|tur-tur,ATTESTED_DIRECT,OSL,,ban3-ban3
|TUR.UŠ|,TUR.UŠ,ibila|suhušₓ,ATTESTED_DIRECT,OSL,,ban3-geš3
|TUR.ZA|,TUR.ZA,zizna,ATTESTED_DIRECT,OSL,,ban3-sa3
|TUR.ŠA₆|,TUR.ŠA6,,NO_ATTESTED_READING,,,ban3-a10
|TUR×ARAD|,TUR×ARAD,,NO_ATTESTED_READING,,,ban3-...ki
|TUR×NUN|,TUR×NUN,,NO_ATTESTED_READING,,,ban3-...ri
|TUR×ZI|,TUR×ZI,,NO_ATTESTED_READING,,,ban3-se2
|U&U.GAD&GAD.GAR&GAR|,U&U.GAD&GAD.GAR&GAR,,NO_ATTESTED_READING,,,
|U&U|,U&U,,NESTED_IN_LONGER_FORM,,AŠ2.U&U; U&U.U@v&U@v; U&U.PA&PA.GAR&GAR; U&U.SUR&SUR; U&U.U&U.U,1u-1u
|U.AN.HI×GAD|,U.AN.HI×GAD,keš₃,ATTESTED_DIRECT,OSL,,1u-/dimer/-hi×gad
|U.AN|,U.AN,,NESTED_IN_LONGER_FORM,,AN.DU.AN; ŠU.AN; UD×U+U+U.AN.ŠEŠ.KI; KU.AN,1u-/dimer/
|U.BAHAR₂|,U.BAHAR2,,NO_ATTESTED_READING,,,1u-/allura/
|U.DIM|,U.DIM,gakkul₃|kakkul₃|mun₆,ATTESTED_DIRECT,OSL,,1u-di11
|U.DIM×ŠE|,U.DIM×ŠE,gakkul|kakkul|mun₅,ATTESTED_DIRECT,OSL,,1u-dim×še
|U.EN|,U.EN,,NESTED_IN_LONGER_FORM,,U.EN×GAN2@t,1u-adx(en)
|U.EN×GAN₂@t|,U.EN×GAN2@t,ešgarₓ|ešgiri|eškiri|ganu|girₓ|kir₁₂?|kirruₓ|sibir|šibir|ušbar₅?|ušbur₅,ATTESTED_DIRECT,OSL,,1u-bar8
|U.GA.HI|,U.GA.HI,zahan,ATTESTED_DIRECT,OSL,,1u-ebir4-'i3
|U.GABA%GABA|,U.GABA%GABA,,NO_ATTESTED_READING,,,
|U.GAN@s|,U.GAN@s,šaman₂,ATTESTED_DIRECT,OSL,,
|U.GA|,U.GA,dimna|gurₓ|sagₓ|u₁₄?|ud₆|ulₓ|ut₆|utah|utu₂|zagₓ|zahan₂,ATTESTED_DIRECT,OSL,,1u-ebir4
|U.GA₂|,U.GA2,,NO_ATTESTED_READING,,,1u-alba
|U.GIŠ%GIŠ|,U.GIŠ%GIŠ,šennurₓ,ATTESTED_DIRECT,OSL,,1u-adamen₃
|U.GUR|,U.GUR,nergalₓ|ugur,ATTESTED_DIRECT,OSL,,1u-gur
|U.KUL|,U.KUL,,NO_ATTESTED_READING,,,1u-gu9
|U.MAŠ.KAB|,U.MAŠ.KAB,gira,ATTESTED_DIRECT,OSL,,1u-ba7-gab2
|U.PIRIG|,U.PIRIG,kiši₁₀|kuš₅|kušu|kušum₄,ATTESTED_DIRECT,OSL,,1u-ne3
|U.SAG×PAP|,U.SAG×PAP,uguₓ,ATTESTED_DIRECT,OSL,,
|U.SAR|,U.SAR,baharₓ|bakiru|bakirum|mahar₂?,ATTESTED_DIRECT,OSL,,1u-kiri6
|U.TUG₂|,U.TUG2,dul|šudul₂|šudun₂|šutul₂|tul|uduₓ,ATTESTED_DIRECT,OSL,,1u-azalag2
|U.U.HUB₂|,U.U.HUB2,emerahₓ,ATTESTED_DIRECT,OSL,,amna₂-dux(hub2)
|U.U.U.6(DIŠ)|,U.U.U.6(DIŠ),bangašₓ,ATTESTED_DIRECT,OSL,,ba₃-aš₃
|U.UD|,U.UD,nigin₄|niŋarₓ|niŋin₄|nim₃?|ningin₄|šu₁₆|ušu₂|uzu₅,ATTESTED_DIRECT,OSL,,1u-a12
|U.UR@s|,U.UR@s,šutulₓ,ATTESTED_DIRECT,OSL,,1u-dul₉
|U.UR|,U.UR,,NESTED_IN_LONGER_FORM,,U.UR@s; URU×TU.URU×TU,1u-a8
|U.ZAG|,U.ZAG,buzur₃|puzur₃,ATTESTED_DIRECT,OSL,,1u-bute
|UB.ME|,UB.ME,ummaₓ,ATTESTED_DIRECT,OSL,,ar2-ba13
|UB.RI|,UB.RI,zamin,ATTESTED_DIRECT,OSL,,ar2-bagx(ri)
|UD&UD|,UD&UD,,NESTED_IN_LONGER_FORM,,IGI&IGI.ŠIR&ŠIR.UD&UD,a12-a12
|UD.(GIŠ%GIŠ)@g.AN|,UD.(GIŠ%GIŠ)@g.AN,zimbir,ATTESTED_DIRECT,OSL,,
|UD.AB@g|,UD.AB@g,arar|ararama|ararma|larsa|larsam,ATTESTED_DIRECT,OSL,,a12-ab4
|UD.AB×(U.U.U).ŠIR.LAGAB.A|,UD.AB×(U.U.U).ŠIR.LAGAB.A,{id₂}|UD.AB×(U.U.U).ŠIR.LAGAB.A|,ATTESTED_DIRECT,DIRI,,a12-ab×u+u+u-as5-ella2-'u4
|UD.AB×(U.U.U)|,UD.AB×(U.U.U),|UD.AB×(U.U.U)|{ki},ATTESTED_DIRECT,DIRI,,a12-ab×u+u+u
|UD.AMAR|,UD.AMAR,,NO_ATTESTED_READING,,,a12-amar
|UD.AN.(GIŠ%GIŠ)@g|,UD.AN.(GIŠ%GIŠ)@g,zimbir,ATTESTED_DIRECT,OSL,,
|UD.AN.ŠEŠ.KI|,UD.AN.ŠEŠ.KI,id₄|it₄|itaₓ|iti₆?|itudₓ,ATTESTED_DIRECT,OSL,,a12-/dimer/-ah2-ammax(ki)
|UD.A|,UD.A,PEŠ9|UD.A|peš9,ATTESTED_DIRECT,SYLLABARY_CM,,a12-'u4
|UD.BAD|,UD.BAD,,NO_ATTESTED_READING,,,a12-ba9
|UD.DU.BU|,UD.DU.BU,a₁₂-ra₂-bu,ATTESTED_DIRECT,OSL,,a12-aragub-bu
|UD.DU.UD.DU|,UD.DU.UD.DU,,NO_ATTESTED_READING,,,a12-aragub-a12-aragub
|UD.GAN|,UD.GAN,gidi₆,ATTESTED_DIRECT,OSL,,a12-gam4
|UD.GIŠ%GIŠ.NUN.KI|,UD.GIŠ%GIŠ.NUN.KI,buranunₓ,ATTESTED_DIRECT,OSL,,a12-adamen₃-...ri-ammax(ki)
|UD.HI.HU.HI.NUN.NA|,UD.HI.HU.HI.NUN.NA,|UD.HI.HU.HI.NUN.NA|,ATTESTED_DIRECT,DIRI,,a12-'i3-'u5-'i3-...ri-aniku
|UD.HI×AŠ₂|,UD.HI×AŠ2,kaz₉?,ATTESTED_DIRECT,OSL,,a12-ar3
|UD.HU.HI.HU.KI|,UD.HU.HI.HU.KI,|UD.HU.HI.HU.KI|,ATTESTED_DIRECT,DIRI,,a12-'u5-'i3-'u5-ammax(ki)
|UD.HU.HI.NUN.KI|,UD.HU.HI.NUN.KI,,NO_ATTESTED_READING,,,a12-'u5-'i3-...ri-ammax(ki)
|UD.HU.HI.NUN.NA.KI|,UD.HU.HI.NUN.NA.KI,,NO_ATTESTED_READING,,,a12-'u5-'i3-...ri-aniku-ammax(ki)
|UD.HU.HI.NUN.NA|,UD.HU.HI.NUN.NA,abbununnaₓ|abbununnuₓ|ibbanunnaₓ,ATTESTED_DIRECT,OSL,,a12-'u5-'i3-...ri-aniku
|UD.HUB₂|,UD.HUB2,tunₓ,ATTESTED_DIRECT,OSL,,a12-dux(hub2)
|UD.KA.AŠ|,UD.KA.AŠ,,NO_ATTESTED_READING,,,a12-/eneĝ/-1aš
|UD.KA|,UD.KA,,NESTED_IN_LONGER_FORM,,UD.KA.BAR,a12-/eneĝ/
|UD.KA×BAR|,UD.KA×BAR,,NO_ATTESTED_READING,,,a12-ka×bar
|UD.KID|,UD.KID,niginₓ,ATTESTED_DIRECT,OSL,,a12-buru6
|UD.LAM.NUN|,UD.LAM.NUN,zimbir,ATTESTED_DIRECT,OSL,,a12-ešx(lam)-...ri
|UD.MA₂.AB.TAG|,UD.MA2.AB.TAG,siraraₓ,ATTESTED_DIRECT,OSL,,a12-hux(ma2)-ab-da6
|UD.MA₂.AB×(U.U.U).ŠIR|,UD.MA2.AB×(U.U.U).ŠIR,siraraₓ,ATTESTED_DIRECT,OSL,,a12-hux(ma2)-ab×u+u+u-as5
|UD.MA₂.AB×HA.KI.TAG|,UD.MA2.AB×HA.KI.TAG,sirara₆,ATTESTED_DIRECT,OSL,,a12-hux(ma2)-ab×ha-ammax(ki)-da6
|UD.MA₂.AB×HA.TAG|,UD.MA2.AB×HA.TAG,sirara₃,ATTESTED_DIRECT,OSL,,a12-hux(ma2)-ab×ha-da6
|UD.MA₂.AB×HA.ŠIR|,UD.MA2.AB×HA.ŠIR,sirara₂,ATTESTED_DIRECT,OSL,,a12-hux(ma2)-ab×ha-as5
|UD.MA₂.AB×HA|,UD.MA2.AB×HA,sirara₄,ATTESTED_DIRECT,OSL,,a12-hux(ma2)-ab×ha
|UD.MI|,UD.MI,UD.MI,ATTESTED_DIRECT,SYLLABARY_CM,,a12-a12-dugud2-dugud2
|UD.NI.HUB₂|,UD.NI.HUB2,,NO_ATTESTED_READING,,,a12-be3-dux(hub2)
|UD.NI|,UD.NI,%akk abnu|atumₓ|naₓ|yaₓ|zaₓ,ATTESTED_DIRECT,OSL,,a12-be3
|UD.NUN.GIŠ%GIŠ|,UD.NUN.GIŠ%GIŠ,buranunₓ|zimbirₓ,ATTESTED_DIRECT,OSL,,a12-...ri-adamen₃
|UD.SAL.HUB₂|,UD.SAL.HUB2,algames|algameš|algamis,ATTESTED_DIRECT,OSL,,a12-a12-f-f-dux(hub2)-dux(hub2)
|UD.SAL.KAB|,UD.SAL.KAB,,NO_ATTESTED_READING,,,a12-f-gab2
|UD.SAR|,UD.SAR,šaraₓ|šaragₓ|u₄-sakar,ATTESTED_DIRECT,OSL,,a12-kiri6
|UD.UD.AK|,UD.UD.AK,larag,ATTESTED_DIRECT,OSL,,a12-a12-a5
|UD.UD|,UD.UD,babar₂|babbar₂|dadag|hahad|hahhadₓ|huhud|larag₂|tatam,ATTESTED_DIRECT,OSL,,a12-a12
|UD.ŠEŠ.KI|,UD.ŠEŠ.KI,idₓ|itiₓ,ATTESTED_DIRECT,OSL,,a12-ah2-ammax(ki)
|UD@g×BAD|,UD@g×BAD,itiₓ,ATTESTED_DIRECT,OSL,,muru13-ba9
|UD@s.KID|,UD@s.KID,ni₁₁|nigin₁₀,ATTESTED_DIRECT,OSL,,itiₓ-buru6
|UD@s.KUŠU₂|,UD@s.KUŠU2,akšak₃?,ATTESTED_DIRECT,OSL,,itiₓ-kuš9
|UD@s×U|,UD@s×U,,NO_ATTESTED_READING,,,itiₓ-1u
|UD×(U.U.U).AN.ŠEŠ.KI|,UD×(U.U.U).AN.ŠEŠ.KI,iti₇?,ATTESTED_DIRECT,OSL,,a13-/dimer/-ah2-ammax(ki)
|UD×(U.U.U).DU|,UD×(U.U.U).DU,,NO_ATTESTED_READING,,,a13-aragub
|UD×DIŠ@c|,UD×DIŠ@c,,NO_ATTESTED_READING,,,a12-anₓ
|UD×DIŠ|,UD×DIŠ,,NO_ATTESTED_READING,,,a12-anₓ
|UD×GIŠ|,UD×GIŠ,,NO_ATTESTED_READING,,,a12-es
|UD×KUŠU₂|,UD×KUŠU2,,NO_ATTESTED_READING,,,a12-kuš9
|UD×PAP|,UD×PAP,,NO_ATTESTED_READING,,,a12-aha3
|UD×TIL|,UD×TIL,itiₓ,ATTESTED_DIRECT,OSL,,a12-sumun
|UM.LAGAB|,UM.LAGAB,samagₓ|sumugₓ,ATTESTED_DIRECT,OSL,,deh2-ella2
|UM.MA|,UM.MA,,NO_ATTESTED_READING,,,deh2-ma
|UM.NAGAR.BU|,UM.NAGAR.BU,ildumₓ,ATTESTED_DIRECT,OSL,,deh2-alla-bu
|UMBIN×MAŠ|,UMBIN×MAŠ,,NO_ATTESTED_READING,,,sigx(umbin)-ba7
|UMUM×AN|,UMUM×AN,,NO_ATTESTED_READING,,,simug-/dimer/
|UMUM×DUN₃@g|,UMUM×DUN3@g,agarinₓ|aŋarinₓ,ATTESTED_DIRECT,OSL,,simug-aga3
|UMUM×HA|,UMUM×HA,agarinₓ|aŋarinₓ,ATTESTED_DIRECT,OSL,,simug-'a4
|UM×KUL.NAGAR|,UM×KUL.NAGAR,,NO_ATTESTED_READING,,,
|UM×U.LAGAB|,UM×U.LAGAB,samag₄|sumug₄,ATTESTED_DIRECT,OSL,,samag3-ella2
|UR&UR|,UR&UR,lirum₈|ur-ur,ATTESTED_DIRECT,OSL,,a8-a8
|UR.A.EDIN|,UR.A.EDIN,teššela|teššeru,ATTESTED_DIRECT,OSL,,a8-'u4-bilx(edin)
|UR.MAH|,UR.MAH,neša,ATTESTED_DIRECT,OSL,,a8-al6
|URU.A|,URU.A,,NO_ATTESTED_READING,,,al8-'u4
|URU.ME.U.U.U|,URU.ME.U.U.U,ala₂?,ATTESTED_DIRECT,OSL,,al8-eš17
|URU.URUDA|,URU.URUDA,,NO_ATTESTED_READING,,,al8-da5
|URUDA.IŠ|,URUDA.IŠ,,NESTED_IN_LONGER_FORM,,URUDA.IŠ.URUDA,da5-es₅
|URUDA.NAGAR|,URUDA.NAGAR,tibira||URUDA.NAGAR|,ATTESTED_DIRECT,DIRI,,da5-alla
|URUDA×NUN|,URUDA×NUN,,NO_ATTESTED_READING,,,da5-...ri
|URUDA×U.LAGAB|,URUDA×U.LAGAB,samagₓ|sumugₓ,ATTESTED_DIRECT,OSL,,samagx(-ella2
|URUDA×U.U.UM|,URUDA×U.U.UM,,NO_ATTESTED_READING,,,samagx(-1u-deh2
|URUDA×U.U.U|,URUDA×U.U.U,,NO_ATTESTED_READING,,,samagx(-amna₂
|URUDA×ŠU|,URUDA×ŠU,,NO_ATTESTED_READING,,,da5-kat7
|URU×A.A|,URU×A.A,,NO_ATTESTED_READING,,,ararim-'u4
|URU×BAD|,URU×BAD,,NO_ATTESTED_READING,,,al8-ba9
|URU×BAR×AN|,URU×BAR×AN,,NO_ATTESTED_READING,,,al8-ba15-/dimer/
|URU×BAR×DUG|,URU×BAR×DUG,,NO_ATTESTED_READING,,,al8-ba15-dug
|URU×GA.ME|,URU×GA.ME,,NO_ATTESTED_READING,,,uru×ga-ba13
|URU×GA@g|,URU×GA@g,,NO_ATTESTED_READING,,,al8-ga@g
|URU×HI|,URU×HI,,NO_ATTESTED_READING,,,al8-'i3
|URU×IGI@g|,URU×IGI@g,asalₓ,ATTESTED_DIRECT,OSL,,al8-agar4
|URU×KUR|,URU×KUR,,NO_ATTESTED_READING,,,al8-amma
|URU×MAŠ|,URU×MAŠ,,NO_ATTESTED_READING,,,al8-ba7
|URU×MIN+AŠ|,URU×MIN+AŠ,,NO_ATTESTED_READING,,,gal3-1aš
|URU×PIRIG|,URU×PIRIG,,NO_ATTESTED_READING,,,al8-ne3
|URU×SAL|,URU×SAL,,NO_ATTESTED_READING,,,al8-f
|URU×TIL|,URU×TIL,,NO_ATTESTED_READING,,,al8-sumun
|URU×TU.URU×TU|,URU×TU.URU×TU,šeššeg,ATTESTED_DIRECT,OSL,,sigx(-sigx(
|URU×U₂@t|,URU×U2@t,,NO_ATTESTED_READING,,,al8-ba6
|URU×ŠA₃|,URU×ŠA3,,NO_ATTESTED_READING,,,al8-didala
|URU×ŠEŠ₂|,URU×ŠEŠ2,,NO_ATTESTED_READING,,,al8-še8
|UR×AL|,UR×AL,suhušₓ,ATTESTED_DIRECT,OSL,,a8-al
|UR×A|,UR×A,dulₓ,ATTESTED_DIRECT,OSL,,a8-'u4
|UR×DIŠ|,UR×DIŠ,,NO_ATTESTED_READING,,,a8-anₓ
|UR×KASKAL|,UR×KASKAL,,NO_ATTESTED_READING,,,a8-bu2
|UR×MIN|,UR×MIN,dulₓ,ATTESTED_DIRECT,OSL,,a8-menx(min)
|UR×SAG|,UR×SAG,gudaₓ,ATTESTED_DIRECT,OSL,,a8-dul7
|UR×ŠU|,UR×ŠU,šuziₓ,ATTESTED_DIRECT,OSL,,a8-kat7
|UR₂.U₂|,UR2.U2,urumₓ,ATTESTED_DIRECT,OSL,,ur2-ba6
|UR₂×AŠ|,UR2×AŠ,urumₓ,ATTESTED_DIRECT,OSL,,ur2-1aš
|UR₂×AŠ₂|,UR2×AŠ2,,NO_ATTESTED_READING,,,ur2-as2
|UR₂×BAR|,UR2×BAR,,NO_ATTESTED_READING,,,ur2-ba15
|UR₂×GAD|,UR2×GAD,,NO_ATTESTED_READING,,,ur2-gad
|UR₂×GAN₂@t|,UR2×GAN2@t,umbinₓ|ušbarₓ,ATTESTED_DIRECT,OSL,,ur2-gan2@t
|UR₂×KAL|,UR2×KAL,,NO_ATTESTED_READING,,,ur2-alad2
|UR₂×PA|,UR2×PA,,NO_ATTESTED_READING,,,ur2-addirx(pa)
|UR₂×TAK₄.SU|,UR2×TAK4.SU,umbinₓ,ATTESTED_DIRECT,OSL,,
|UR₂×TAK₄|,UR2×TAK4,umbinₓ,ATTESTED_DIRECT,OSL,,ur2-azad2
|UR₂×U|,UR2×U,,NESTED_IN_LONGER_FORM,,UR2×U2+BI; UR2×U2+AŠ; UR2×U2,ur2-1u
|UR₂×ZI|,UR2×ZI,,NO_ATTESTED_READING,,,ur2-se2
|UZU×GA|,UZU×GA,zeₓ,ATTESTED_DIRECT,OSL,,usux(uzu)-ebir4
|UZ₃.BALAG|,UZ3.BALAG,,NO_ATTESTED_READING,,,surx(uz3)-balag
|UZ₃.IGI@g.IGI@g|,UZ3.IGI@g.IGI@g,,NO_ATTESTED_READING,,,surx(uz3)-agar4-agar4
|UZ₃.IGI@g|,UZ3.IGI@g,,NESTED_IN_LONGER_FORM,,GA.UZ3.IGI@g,surx(uz3)-agar4
|UZ₃.KASKAL|,UZ3.KASKAL,guana,ATTESTED_DIRECT,OSL,,surx(uz3)-bu2
|UŠ.BAR|,UŠ.BAR,uttu₅|uṭu₅,ATTESTED_DIRECT,OSL,,geš3-ba15
|UŠ.BU.DA|,UŠ.BU.DA,arahₓ,ATTESTED_DIRECT,OSL,,geš3-bu-ax(da)
|UŠ.DAM|,UŠ.DAM,gidlam₂|gitlam₂|ŋešdan₂|ŋešdana₂|ŋeštan₂|ŋeštana₂|ŋidlam₂|ŋitlam₂|madaₓ|nidalam₂|nidlam₂|nitadam₂|nitalam₂|nitlam₂,ATTESTED_DIRECT,OSL,,geš3-da4
|UŠ.GA₂|,UŠ.GA2,bungaₓ,ATTESTED_DIRECT,OSL,,geš3-alba
|UŠ.SAL.DAM|,UŠ.SAL.DAM,gidlam₃|gitlam₃|ŋešdan₃|ŋešdana₃|ŋeštan₃|ŋeštana₃|ŋidlam₃|ŋitlam₃|nidalam₃|nidlam₃|nitalam₃|nitlam₃,ATTESTED_DIRECT,OSL,,geš3-f-da4
|UŠ.SA|,UŠ.SA,dida₂|pihu₅,ATTESTED_DIRECT,OGSL,,geš3-gid3
|UŠ.TUG₂.PI|,UŠ.TUG2.PI,uštu₂|uštug₂,ATTESTED_DIRECT,OSL,,geš3-azalag2-a3
|UŠ×TAR|,UŠ×TAR,,NO_ATTESTED_READING,,,geš3-dar6
|UŠ×U@c|,UŠ×U@c,,NO_ATTESTED_READING,,,geš3-1u
|U₂&U₂|,U2&U2,,NO_ATTESTED_READING,,,ba6-ba6
|U₂.(ŠE.NUN&NUN)%(ŠE.NUN&NUN)|,U2.(ŠE.NUN&NUN)%(ŠE.NUN&NUN),ninniₓ,ATTESTED_DIRECT,OSL,,
|U₂.(ŠE.NUN&NUN)&(ŠE.NUN&NUN)|,U2.(ŠE.NUN&NUN)&(ŠE.NUN&NUN),ninniₓ,ATTESTED_DIRECT,OSL,,ba6-garadin₆?
|U₂.A.LAGAB×HAL|,U2.A.LAGAB×HAL,azadₓ,ATTESTED_DIRECT,OSL,,ba6-'u4-angur
|U₂.GA₂×X.TUR|,U2.GA2×X.TUR,,NO_ATTESTED_READING,,,
|U₂.GA₂×X|,U2.GA2×X,{u₂}ušuš,ATTESTED_DIRECT,DIRI,,
|U₂.GIR₂|,U2.GIR2,{ŋeš}|U₂.GIR₂|,ATTESTED_DIRECT,DIRI,,ba6-garx(gir2)
|U₂.GIŠ.MI|,U2.GIŠ.MI,dimmuš|dimuš,ATTESTED_DIRECT,OSL,,ba6-es-dugud2
|U₂.GIŠ.SAR|,U2.GIŠ.SAR,muthum,ATTESTED_DIRECT,OSL,,ba6-es-kiri6
|U₂.KA×LI|,U2.KA×LI,muzug₆,ATTESTED_DIRECT,OSL,,ba6-gele3
|U₂.KI.SUM|,U2.KI.SUM,,NESTED_IN_LONGER_FORM,,U2.KI.SUM.GA,ba6-ammax(ki)-/zeĝ/
|U₂.KUR.SAL.TUK|,U2.KUR.SAL.TUK,,NO_ATTESTED_READING,,,ba6-amma-f-du12
|U₂.KUR|,U2.KUR,|U₂.KUR|{sar},ATTESTED_DIRECT,DIRI,,ba6-amma
|U₂.NAGA.AN.AŠ.ŠIR|,U2.NAGA.AN.AŠ.ŠIR,U2.NAGA.AN.AŠ.ŠIR,ATTESTED_DIRECT,SYLLABARY_CM,,ba6-ereš2-/dimer/-1aš-as5
|U₂.NAGA.AN.ŠIR|,U2.NAGA.AN.ŠIR,U2.NAGA.AN.ŠIR,ATTESTED_DIRECT,SYLLABARY_CM,,ba6-ereš2-/dimer/-as5
|U₂.NAGA.A|,U2.NAGA.A,ugaₓ,ATTESTED_DIRECT,OSL,,ba6-ereš2-'u4
|U₂.NAGA@U₂.NAGA|,U2.NAGA@U2.NAGA,,NO_ATTESTED_READING,,,
|U₂.NAGA|,U2.NAGA,ugaₓ,ATTESTED_DIRECT,OSL,,ba6-ereš2
|U₂.SA.KA.KAK|,U2.SA.KA.KAK,pihuₓ,ATTESTED_DIRECT,OGSL,,ba6-gid3-/eneĝ/-ban4
|U₂.SAG|,U2.SAG,muzug|uzug₃|zug₃,ATTESTED_DIRECT,OSL,,ba6-dul7
|U₂.SA|,U2.SA,{kaš}|U₂.SA|,ATTESTED_DIRECT,DIRI,,ba6-gid3
|U₂.UR₂|,U2.UR2,ušbarₓ,ATTESTED_DIRECT,OSL,,ba6-ur2
|U₂.ZA.MUŠ₃|,U2.ZA.MUŠ3,namruₓ|šubaₓ?|šubuₓ,ATTESTED_DIRECT,OSL,,ba6-sa3-ennin
|ZA.AN.MUŠ₃|,ZA.AN.MUŠ3,zanaruₓ,ATTESTED_DIRECT,OSL,,sa3-/dimer/-ennin
|ZA.DUN₃@g@g|,ZA.DUN3@g@g,nir₇,ATTESTED_DIRECT,OSL,,sa3-aga
|ZA.DUN₃@g|,ZA.DUN3@g,nir₂,ATTESTED_DIRECT,OSL,,sa3-aga3
|ZA.GUL|,ZA.GUL,gagₓ|gug|guq,ATTESTED_DIRECT,OSL,,sa3-gul
|ZA.IB|,ZA.IB,nir₅,ATTESTED_DIRECT,OSL,,sa3-arkabx(ib)
|ZA.KUR.A|,ZA.KUR.A,zagindur,ATTESTED_DIRECT,OSL,,sa3-amma-'u4
|ZA.KUR|,ZA.KUR,geštaeₓ|gištaʾe₂|gištaʾi₂|ŋeštae₂|nira₂,ATTESTED_DIRECT,OSL,,sa3-amma
|ZA.LAK247|,ZA.LAK247,,NO_ATTESTED_READING,,,
|ZA.MUŠ₃.AB×(U.U.U)|,ZA.MUŠ3.AB×(U.U.U),zabalamₓ,ATTESTED_DIRECT,OSL,,sa3-ennin-ab×u+u+u
|ZA.MUŠ₃.DI|,ZA.MUŠ3.DI,amagi₃|halba₂|halbi₂|halbu₂|mabi₃|mammi₃|se₁₀|sed₈|sedi₈|še₅|šed₈|šubₓ,ATTESTED_DIRECT,OSL,,sa3-ennin-de
|ZA.MUŠ₃@g.AB@g|,ZA.MUŠ3@g.AB@g,panuₓ|sugal|unu₁₁|zabala|zabalam,ATTESTED_DIRECT,OSL,,sa3-muš2-ab4
|ZA.MUŠ₃@g.AB×(U.U.U)|,ZA.MUŠ3@g.AB×(U.U.U),,NO_ATTESTED_READING,,,sa3-muš2-ab×u+u+u
|ZA.MUŠ₃@g.DI|,ZA.MUŠ3@g.DI,amagi₄|halba₃|halbi₃|halbu₃|%akk namruₓ,ATTESTED_DIRECT,OSL,,sa3-muš2-de
|ZA.MUŠ₃@g.EREN|,ZA.MUŠ3@g.EREN,šušuₓ,ATTESTED_DIRECT,OSL,,sa3-muš2-eren
|ZA.MUŠ₃@g|,ZA.MUŠ3@g,halba₃|halbi₃|halbu₃|suba|subi|šub₇|šuba|zannaruₓ,ATTESTED_DIRECT,OSL,,sa3-muš2
|ZA.MUŠ₃|,ZA.MUŠ3,šuba₂||ZA.MUŠ₃|,ATTESTED_DIRECT,DIRI,,sa3-ennin
|ZA.NIM|,ZA.NIM,nir₃|nira₃,ATTESTED_DIRECT,OSL,,sa3-alamax(nim)
|ZA.PIRIG|,ZA.PIRIG,,NO_ATTESTED_READING,,,sa3-ne3
|ZA.SU|,ZA.SU,nir₄,ATTESTED_DIRECT,OSL,,sa3-guš
|ZA.ZA₇.MUŠ₃|,ZA.ZA7.MUŠ3,,NO_ATTESTED_READING,,,sa3-za7-ennin
|ZA@t.NAGAR|,ZA@t.NAGAR,,NO_ATTESTED_READING,,,ad4-alla
|ZAG.AN|,ZAG.AN,usug|uzug,ATTESTED_DIRECT,OSL,,bute-/dimer/
|ZAG.GA|,ZAG.GA,zag-ga||ZAG.GA|,ATTESTED_DIRECT,DIRI,,bute-ebir4
|ZAG.HA|,ZAG.HA,%akk/n būdu|enku|enkud|essad|ešsad|eššad,ATTESTED_DIRECT,OSL,,bute-'a4
|ZA₇.MUŠ₃.AB@g|,ZA7.MUŠ3.AB@g,,NO_ATTESTED_READING,,,za7-ennin-ab4
|ZI%ZI.LAGAB|,ZI%ZI.LAGAB,,NO_ATTESTED_READING,,,
|ZI&ZI.EŠ₂.ŠE|,ZI&ZI.EŠ2.ŠE,numunₓ,ATTESTED_DIRECT,OSL,,
|ZI&ZI.EŠ₂|,ZI&ZI.EŠ2,šub₅|zukumₓ,ATTESTED_DIRECT,OSL,,
|ZI&ZI.LAGAB&LAGAB|,ZI&ZI.LAGAB&LAGAB,,NO_ATTESTED_READING,,,
|ZI&ZI.LAGAB.ŠE|,ZI&ZI.LAGAB.ŠE,,NO_ATTESTED_READING,,,
|ZI&ZI.LAGAB|,ZI&ZI.LAGAB,aški|gin₄|gug₄|lamahuš|mud₇|numun₂|zukum,ATTESTED_DIRECT,OSL,,
|ZI&ZI.LAGAB×AŠ|,ZI&ZI.LAGAB×AŠ,,NO_ATTESTED_READING,,,
|ZI&ZI|,ZI&ZI,sumₓ,ATTESTED_DIRECT,OSL,,se2-se2-se2-se2
|ZI.LAGAB&ZI.LAGAB|,ZI.LAGAB&ZI.LAGAB,,NO_ATTESTED_READING,,,
|ZI.ZI.A|,ZI.ZI.A,,NO_ATTESTED_READING,,,se2-se2-'u4
|ZI.ZI|,ZI.ZI,,NO_ATTESTED_READING,,,se2-se2
|ZIZ₂.A.AN|,ZIZ2.A.AN,imgaga|imŋaŋa|kiraši|lahra?|udra|udru|ulušin,ATTESTED_DIRECT,OSL,,ziz2-'u4-/dimer/
|ZIZ₂.AN.AN.AN|,ZIZ2.AN.AN.AN,,NO_ATTESTED_READING,,,ziz2-/dimer/-/dimer/-/dimer/
|ZIZ₂.AN.NA|,ZIZ2.AN.NA,imgaga₂|imŋaŋa₂|kirašiₓ|udra₂|ulušin₂,ATTESTED_DIRECT,OSL,,ziz2-/dimer/-aniku
|ZIZ₂.AN|,ZIZ2.AN,imgaga₃|imŋaŋa₃|kirašiₓ|udra₃|ulušin₃,ATTESTED_DIRECT,OSL,,ziz2-/dimer/
|ZIZ₂.A|,ZIZ2.A,imgagaₓ|imŋaŋaₓ|ud₂-duru₅|udraₓ,ATTESTED_DIRECT,OSL,,ziz2-'u4
|ZI₃.LU₃|,ZI3.LU3,titabₓ,ATTESTED_DIRECT,OSL,,gurux(zi3)-gadx(lu3)
|ZU&ZU.ŠE.SAR|,ZU&ZU.ŠE.SAR,,NO_ATTESTED_READING,,,
|ZU&ZU.ŠE|,ZU&ZU.ŠE,,NO_ATTESTED_READING,,,
|ZU&ZU|,ZU&ZU,,NESTED_IN_LONGER_FORM,,ZU&ZU.SAR; |(ZU&ZU).SAR~a|,ka14-ka14
|ZU.PIRIG|,ZU.PIRIG,,NO_ATTESTED_READING,,,ka14-ne3
|ZUM.SI|,ZUM.SI,garig₃|rigₓ,ATTESTED_DIRECT,OSL,,garig2-hux(si)
|ZUM×KASKAL|,ZUM×KASKAL,garigₓ,ATTESTED_DIRECT,OSL,,garig2-bu2
|ZUM×LAGAB|,ZUM×LAGAB,garigₓ|guzumₓ,ATTESTED_DIRECT,OSL,,garig2-ella2
|ZU×AB|,ZU×AB,,NO_ATTESTED_READING,,,ka14-ab
|ZU₅.A|,ZU5.A,azuₓ,ATTESTED_DIRECT,OSL,,zu5-'u4
|ŠA.PI|,ŠA.PI,šanabiₓ,ATTESTED_DIRECT,OSL,,ara-a3
|ŠAR₂×GAD|,ŠAR2×GAD,,NO_ATTESTED_READING,,,1šar2-gad
|ŠAR₂×GAL|,ŠAR2×GAL,,NESTED_IN_LONGER_FORM,,ŠAR2×GAL+DIŠ; ŠAR2×GAL+MIN,1šar2-gal
|ŠAR₂×HA|,ŠAR2×HA,,NO_ATTESTED_READING,,,1šar2-'a4
|ŠAR₂×KASKAL|,ŠAR2×KASKAL,1(šarʾu@v),ATTESTED_DIRECT,OSL,,1šar2-bu2
|ŠAR₂×U@g|,ŠAR2×U@g,,NO_ATTESTED_READING,,,1šar2-burʾu
|ŠA×AN|,ŠA×AN,šanₓ,ATTESTED_DIRECT,OSL,,ara-/dimer/
|ŠA₃.A|,ŠA3.A,kadraₓ,ATTESTED_DIRECT,OGSL,,didala-'u4
|ŠA₃.DIŠ|,ŠA3.DIŠ,lidₓ|lidda₂,ATTESTED_DIRECT,OSL,,didala-anₓ
|ŠA₃.GIŠ.SAR|,ŠA3.GIŠ.SAR,šalambiₓ,ATTESTED_DIRECT,OSL,,didala-es-kiri6
|ŠA₃.LAGAB|,ŠA3.LAGAB,išhara₂,ATTESTED_DIRECT,OSL,,didala-ella2
|ŠA₃.MIN.DI|,ŠA3.MIN.DI,tigidla₃,ATTESTED_DIRECT,OSL,,didala-menx(min)-de
|ŠA₃.MIN.KASKAL|,ŠA3.MIN.KASKAL,tigidla₂,ATTESTED_DIRECT,OSL,,didala-menx(min)-bu2
|ŠA₃.MIN.TAR|,ŠA3.MIN.TAR,tigidlaₓ,ATTESTED_DIRECT,OSL,,didala-menx(min)-dar6
|ŠA₃.SAR|,ŠA3.SAR,lambi,ATTESTED_DIRECT,OSL,,didala-kiri6
|ŠA₃.TAR|,ŠA3.TAR,tigidla,ATTESTED_DIRECT,OSL,,didala-dar6
|ŠA₃.TUR|,ŠA3.TUR,peš₁₃,ATTESTED_DIRECT,OSL,,didala-ban3
|ŠA₃.U.U|,ŠA3.U.U,tigidlaₓ,ATTESTED_DIRECT,OSL,,didala-amna₂
|ŠA₃×SAL|,ŠA3×SAL,pešₓ,ATTESTED_DIRECT,OSL,,didala-f
|ŠA₃×TAR|,ŠA3×TAR,ŠA3×TAR,ATTESTED_DIRECT,SYLLABARY_CM,,didala-dar6
|ŠE&ŠE.GAR&GAR|,ŠE&ŠE.GAR&GAR,garadin₈|karadin₈,ATTESTED_DIRECT,OSL,,
|ŠE&ŠE.KIN|,ŠE&ŠE.KIN,gurₓ,ATTESTED_DIRECT,OSL,,
|ŠE&ŠE.PA&PA.GAR&GAR|,ŠE&ŠE.PA&PA.GAR&GAR,garadin₇|karadin₇,ATTESTED_DIRECT,OSL,,
|ŠE+KIN|,ŠE+KIN,gurₓ,ATTESTED_DIRECT,OSL,,ašnan2-gur10
|ŠE+KU|,ŠE+KU,,NO_ATTESTED_READING,,,ašnan2-be5
|ŠE+SAR.ZU&ZU|,ŠE+SAR.ZU&ZU,,NO_ATTESTED_READING,,,
|ŠE.AB₂.GUD|,ŠE.AB2.GUD,,NO_ATTESTED_READING,,,ašnan2-ab2-alap
|ŠE.AB₂.TAB|,ŠE.AB2.TAB,,NO_ATTESTED_READING,,,ašnan2-ab2-dab2
|ŠE.BU.EŠ₂.NUN|,ŠE.BU.EŠ2.NUN,samanₓ|šaŋanₓ,ATTESTED_DIRECT,OSL,,ašnan2-bu-ege-...ri
|ŠE.BU.NUN.IDIM|,ŠE.BU.NUN.IDIM,samanₓ,ATTESTED_DIRECT,OSL,,ašnan2-bu-...ri-ari2
|ŠE.BU.NUN|,ŠE.BU.NUN,samanₓ,ATTESTED_DIRECT,OSL,,ašnan2-bu-...ri
|ŠE.BULUG|,ŠE.BULUG,munu₆,ATTESTED_DIRECT,OSL,,ašnan2-bu9
|ŠE.DIM|,ŠE.DIM,munuₓ,ATTESTED_DIRECT,OSL,,ašnan2-di11
|ŠE.DIŠ&DIŠ.NUN&NUN|,ŠE.DIŠ&DIŠ.NUN&NUN,,NO_ATTESTED_READING,,,
|ŠE.EŠ₂.BU|,ŠE.EŠ2.BU,,NO_ATTESTED_READING,,,ašnan2-ege-bu
|ŠE.EŠ₂.NUN&NUN|,ŠE.EŠ2.NUN&NUN,samanₓ,ATTESTED_DIRECT,OSL,,ašnan2-ege-lurₓ
|ŠE.EŠ₂.NUN.BU.LUH|,ŠE.EŠ2.NUN.BU.LUH,samanₓ,ATTESTED_DIRECT,OSL,,ašnan2-ege-...ri-bu-huluh
|ŠE.EŠ₂.NUN.BU|,ŠE.EŠ2.NUN.BU,saman₃|šakkanₓ,ATTESTED_DIRECT,OSL,,ašnan2-ege-...ri-bu
|ŠE.EŠ₂.PI.GAR|,ŠE.EŠ2.PI.GAR,garadinₓ,ATTESTED_DIRECT,OSL,,ašnan2-ege-a3-ga4
|ŠE.GAN₂|,ŠE.GAN2,,NO_ATTESTED_READING,,,ašnan2-al3
|ŠE.HU.TUR|,ŠE.HU.TUR,bebad|bibad|bibe,ATTESTED_DIRECT,OSL,,bazbazₓ-ban3
|ŠE.IGI.TUR|,ŠE.IGI.TUR,isinₓ,ATTESTED_DIRECT,OSL,,ašnan2-bad5-ban3
|ŠE.KAK.A|,ŠE.KAK.A,|ŠE.KAK.A|,ATTESTED_DIRECT,DIRI,,ašnan2-ban4-'u4
|ŠE.KAK|,ŠE.KAK,henbur₂,ATTESTED_DIRECT,OSL,,ašnan2-ban4
|ŠE.KAL|,ŠE.KAL,tirₓ,ATTESTED_DIRECT,OSL,,ašnan2-alad2
|ŠE.KA|,ŠE.KA,,NESTED_IN_LONGER_FORM,,SA.HI×ŠE.KAK; ŠE.KAK,ašnan2-/eneĝ/
|ŠE.KIN.KIN|,ŠE.KIN.KIN,gurₓ|sagaₓ,ATTESTED_DIRECT,OSL,,ašnan2-gur10-gur10
|ŠE.KIN|,ŠE.KIN,gurₓ|kinₓ|sagaₓ|sigₓ,ATTESTED_DIRECT,OSL,,ašnan2-gur10
|ŠE.LUGAL|,ŠE.LUGAL,šesag,ATTESTED_DIRECT,OSL,,ašnan2-bišeba
|ŠE.NAGA@180|,ŠE.NAGA@180,,NO_ATTESTED_READING,,,ašnan2-teme₂
|ŠE.NAGA@ŠE.NAGA|,ŠE.NAGA@ŠE.NAGA,dalhamun₇,ATTESTED_DIRECT,OSL,,
|ŠE.NAGA|,ŠE.NAGA,nidaba|nisaba|tuₓ,ATTESTED_DIRECT,OSL,,ašnan2-ašnan2-ereš2-ereš2
|ŠE.NAGA×A|,ŠE.NAGA×A,tuₓ,ATTESTED_DIRECT,OSL,,
|ŠE.NINDA₂@180×ZA|,ŠE.NINDA2@180×ZA,sam₂,ATTESTED_DIRECT,OSL,,
|ŠE.NUN.BU.E|,ŠE.NUN.BU.E,samanₓ,ATTESTED_DIRECT,OSL,,ašnan2-...ri-bu-e
|ŠE.NUN.BU.LUH|,ŠE.NUN.BU.LUH,saman₃,ATTESTED_DIRECT,OSL,,ašnan2-...ri-bu-huluh
|ŠE.NUN.EŠ₂.BU|,ŠE.NUN.EŠ2.BU,samanₓ,ATTESTED_DIRECT,OSL,,ašnan2-...ri-ege-bu
|ŠE.NUN.LAGAB&ŠE.NUN.LAGAB|,ŠE.NUN.LAGAB&ŠE.NUN.LAGAB,,NO_ATTESTED_READING,,,
|ŠE.NUNUZ.GABA.LIŠ|,ŠE.NUNUZ.GABA.LIŠ,ašalₓ,ATTESTED_DIRECT,OSL,,ašnan2-nunu-du8-del₂
|ŠE.NUN|,ŠE.NUN,samanₓ,ATTESTED_DIRECT,OSL,,ašnan2-...ri
|ŠE.PAP.PAP|,ŠE.PAP.PAP,munuₓ,ATTESTED_DIRECT,OSL,,ašnan2-aha3-aha3
|ŠE.SIK₂|,ŠE.SIK2,šitaₓ,ATTESTED_DIRECT,OSL,,ašnan2-seg2
|ŠE.UR₄|,ŠE.UR4,gurₓ,ATTESTED_DIRECT,OSL,,ašnan2-gur15
|ŠE.ŠE.KIN|,ŠE.ŠE.KIN,gurₓ|sagaₓ,ATTESTED_DIRECT,OSL,,ašnan2-ašnan2-gur10
|ŠE.ŠE.NUN&NUN|,ŠE.ŠE.NUN&NUN,ašnan|ašnana|ezennaₓ|ezim₂|ezin₂|ezina₂|ezinam₂|ezinan₂|ezinu₂,ATTESTED_DIRECT,OSL,,ašnan2-dir4
|ŠE.ŠEŠ|,ŠE.ŠEŠ,šemuš,ATTESTED_DIRECT,OSL,,ašnan2-ah2
|ŠEG₉.BAR|,ŠEG9.BAR,sabar,ATTESTED_DIRECT,OSL,,kiši6-ba15
|ŠE×DIŠ|,ŠE×DIŠ,,NO_ATTESTED_READING,,,ašnan2-anₓ
|ŠEŠ.AB@g|,ŠEŠ.AB@g,ura₁₅|uram|uri₂|urim₂|uru₁₄|urum₅,ATTESTED_DIRECT,OSL,,ah2-ab4
|ŠEŠ.HU.HU|,ŠEŠ.HU.HU,urinₓ,ATTESTED_DIRECT,OSL,,ah2-'u5-'u5
|ŠEŠ.IB|,ŠEŠ.IB,duₓ|dugₓ,ATTESTED_DIRECT,OSL,,ah2-arkabx(ib)
|ŠEŠ.KI.DIM×ŠE|,ŠEŠ.KI.DIM×ŠE,munzerₓ,ATTESTED_DIRECT,OSL,,ah2-ammax(ki)-dim×še
|ŠEŠ.NA|,ŠEŠ.NA,nannaₓ,ATTESTED_DIRECT,OSL,,ah2-aniku
|ŠID.GAR|,ŠID.GAR,saŋŋaₓ|sangaₓ,ATTESTED_DIRECT,OSL,,ag3-ga4
|ŠID.NUN|,ŠID.NUN,girₓ,ATTESTED_DIRECT,OSL,,ag3-...ri
|ŠID.RU|,ŠID.RU,rigₓ,ATTESTED_DIRECT,OSL,,ag3-gešba
|ŠID×AŠ@t|,ŠID×AŠ@t,,NO_ATTESTED_READING,,,ag3-1(aš@t)
|ŠID×ZA|,ŠID×ZA,,NO_ATTESTED_READING,,,ag3-sa3
|ŠIM.AN.MAŠ|,ŠIM.AN.MAŠ,ligidba₂,ATTESTED_DIRECT,OSL,,asila2-/dimer/-ba7
|ŠIM.AN.SAL.TUG₂.IB|,ŠIM.AN.SAL.TUG2.IB,ligidba,ATTESTED_DIRECT,OSL,,asila2-/dimer/-nin-arkabx(ib)
|ŠIM.BAL|,ŠIM.BAL,šembulugₓ,ATTESTED_DIRECT,OSL,,asila2-bal
|ŠIM.BULUG|,ŠIM.BULUG,,NO_ATTESTED_READING,,,asila2-bu9
|ŠIM.GAR|,ŠIM.GAR,,NO_ATTESTED_READING,,,asila2-ga4
|ŠIM.GA|,ŠIM.GA,šimbulugₓ,ATTESTED_DIRECT,OSL,,asila2-ebir4
|ŠIM.KU|,ŠIM.KU,,NO_ATTESTED_READING,,,asila2-be5
|ŠIM.MUG|,ŠIM.MUG,,NO_ATTESTED_READING,,,asila2-buk
|ŠIM.SAL|,ŠIM.SAL,,NO_ATTESTED_READING,,,asila2-f
|ŠIM.TUG₂|,ŠIM.TUG2,,NO_ATTESTED_READING,,,asila2-azalag2
|ŠIM@g×GAR|,ŠIM@g×GAR,,NO_ATTESTED_READING,,,asila2-ga4
|ŠIM@g×KUŠU₂|,ŠIM@g×KUŠU2,,NO_ATTESTED_READING,,,asila2-kuš9
|ŠIM@g×PI|,ŠIM@g×PI,,NO_ATTESTED_READING,,,asila2-a3
|ŠIM×GAR.ŠIM×GAR|,ŠIM×GAR.ŠIM×GAR,šimbulugₓ,ATTESTED_DIRECT,OSL,,bappir-bappir
|ŠIM×GIG|,ŠIM×GIG,,NO_ATTESTED_READING,,,asila2-ge17
|ŠIM×HI|,ŠIM×HI,,NO_ATTESTED_READING,,,asila2-'i3
|ŠIM×KUŠU₂+KASKAL|,ŠIM×KUŠU2+KASKAL,bulugₓ,ATTESTED_DIRECT,OSL,,šembulugx(šim×kušu2)-bu2
|ŠIM×PI|,ŠIM×PI,šembiₓ,ATTESTED_DIRECT,OSL,,asila2-a3
|ŠIM×ŠE|,ŠIM×ŠE,,NO_ATTESTED_READING,,,asila2-ašnan2
|ŠIR.GI₄|,ŠIR.GI4,aš₇-gi₄,ATTESTED_DIRECT,OSL,,as5-ga8
|ŠIR.LU.SU&ŠIR.LU.SU|,ŠIR.LU.SU&ŠIR.LU.SU,lubširₓ,ATTESTED_DIRECT,OSL,,
|ŠIR.UD|,ŠIR.UD,buₓ,ATTESTED_DIRECT,OSL,,as5-a12
|ŠITA.AN.MUŠ₃|,ŠITA.AN.MUŠ3,,NO_ATTESTED_READING,,,ešda3-/dimer/-ennin
|ŠITA.GIŠ.ME|,ŠITA.GIŠ.ME,lukurₓ,ATTESTED_DIRECT,OSL,,ešda3-es-ba13
|ŠITA.GIŠ.NAM₂|,ŠITA.GIŠ.NAM2,,NO_ATTESTED_READING,,,ešda3-es-nam2
|ŠITA~a.GIŠ.NAM₂|,ŠITA~a.GIŠ.NAM2,,NO_ATTESTED_READING,,,
|ŠITA×HI|,ŠITA×HI,,NO_ATTESTED_READING,,,ešda3-'i3
|ŠU.AN|,ŠU.AN,giri₂₀,ATTESTED_DIRECT,OSL,,kat7-/dimer/
|ŠU.BI.AŠ.A.AN|,ŠU.BI.AŠ.A.AN,,NO_ATTESTED_READING,,,kat7-be2-1aš-'u4-/dimer/
|ŠU.BU|,ŠU.BU,dubul|dulu|ul₇,ATTESTED_DIRECT,OSL,,kat7-bu
|ŠU.DIM₂|,ŠU.DIM2,girah,ATTESTED_DIRECT,OSL,,kat7-/šitlam/
|ŠU.DI|,ŠU.DI,,NESTED_IN_LONGER_FORM,,ŠU.DIM2; ŠU.DIŠ; ŠU.DI.U.U.U,kat7-de
|ŠU.DIŠ|,ŠU.DIŠ,sahab|suhub₃|šahab,ATTESTED_DIRECT,OSL,,kat7-anₓ
|ŠU.EREN.ME|,ŠU.EREN.ME,šurmenₓ,ATTESTED_DIRECT,OSL,,kat7-eren-ba13
|ŠU.GABA.A|,ŠU.GABA.A,šagiaₓ,ATTESTED_DIRECT,OSL,,kat7-du8-'u4
|ŠU.GAN|,ŠU.GAN,peš₈?,ATTESTED_DIRECT,OSL,,kat7-gam4
|ŠU.GAN₂@t|,ŠU.GAN2@t,durunₓ|šukra|šunigin|šuniŋin,ATTESTED_DIRECT,OSL,,kat7-gan2@t
|ŠU.GAR.TUR.LAL.EŠ₂|,ŠU.GAR.TUR.LAL.EŠ2,tukumₓ|tukumbiₓ,ATTESTED_DIRECT,OSL,,kat7-ga4-ban3-la2-ege
|ŠU.GAR.TUR.RU.LAL|,ŠU.GAR.TUR.RU.LAL,tukumₓ,ATTESTED_DIRECT,OSL,,kat7-ga4-ban3-gešba-la2
|ŠU.GAR.TUR|,ŠU.GAR.TUR,tukumₓ|tukumbiₓ,ATTESTED_DIRECT,OSL,,kat7-ga4-ban3
|ŠU.GAR|,ŠU.GAR,tukumₓ,ATTESTED_DIRECT,OSL,,kat7-ga4
|ŠU.GA|,ŠU.GA,suhub₅,ATTESTED_DIRECT,OSL,,kat7-ebir4
|ŠU.GI%GI|,ŠU.GI%GI,šugi,ATTESTED_DIRECT,OSL,,kat7-esir₄
|ŠU.GIR₂@g|,ŠU.GIR2@g,ŠU.GIR2@g,ATTESTED_DIRECT,SYLLABARY_CM,,kat7-ad2
|ŠU.GI|,ŠU.GI,šu-gi,ATTESTED_DIRECT,OSL,,kat7-ešša3
|ŠU.HA@g|,ŠU.HA@g,šuku₃|šukud₃,ATTESTED_DIRECT,OSL,,kat7-bis2
|ŠU.KAD₅|,ŠU.KAD5,peš₁₄,ATTESTED_DIRECT,DIRI,,kat7-bansur3
|ŠU.KAK|,ŠU.KAK,zipahₓ,ATTESTED_DIRECT,OSL,,kat7-ban4
|ŠU.KAL|,ŠU.KAL,liri|liru|lirum|šugbar?|šugmaš?|šukbar?,ATTESTED_DIRECT,OSL,,kat7-alad2
|ŠU.KUL.UŠ.MAŠ|,ŠU.KUL.UŠ.MAŠ,⸢ki⸣-ki,ATTESTED_DIRECT,DIRI,,kat7-gu9-geš3-ba7
|ŠU.LAGAB.NA|,ŠU.LAGAB.NA,delen₂|delena₂|dilim₄|dilin₂|dilina₂|durun₃|duruna₃|tinur₂,ATTESTED_DIRECT,OSL,,kat7-ella2-aniku
|ŠU.LAGAB|,ŠU.LAGAB,tinurₓ,ATTESTED_DIRECT,OSL,,kat7-ella2
|ŠU.LAL.TUR|,ŠU.LAL.TUR,tukumₓ|tukumbiₓ,ATTESTED_DIRECT,OSL,,kat7-la2-ban3
|ŠU.LUGAL|,ŠU.LUGAL,giri₂₁,ATTESTED_DIRECT,OSL,,kat7-bišeba
|ŠU.LUL|,ŠU.LUL,suslug,ATTESTED_DIRECT,OSL,,kat7-bah3
|ŠU.LU₂|,ŠU.LU2,giri₁₉,ATTESTED_DIRECT,OSL,,kat7-addax(lu2)
|ŠU.ME.EREN|,ŠU.ME.EREN,šurmen|šurmin,ATTESTED_DIRECT,OSL,,kat7-ba13-eren
|ŠU.ME.GAR.BI|,ŠU.ME.GAR.BI,tukumbi,ATTESTED_DIRECT,OSL,,kat7-ba13-ga4-be2
|ŠU.MIN.ME.U.U.U|,ŠU.MIN.ME.U.U.U,qati,ATTESTED_DIRECT,OSL,,kat7-menx(min)-eš17
|ŠU.MIN|,ŠU.MIN,qa₄|qad₂|qat₂,ATTESTED_DIRECT,OSL,,kat7-menx(min)
|ŠU.PAP.PAP|,ŠU.PAP.PAP,gešba₂|gešbu₂|gešpaₓ|gešpu₂|ŋešba₂|ŋešbu₂|ŋešpaₓ|ŋešpu₂,ATTESTED_DIRECT,OSL,,kat7-aha3-aha3
|ŠU.SI.DI|,ŠU.SI.DI,sahabₓ,ATTESTED_DIRECT,OSL,,kat7-hux(si)-de
|ŠU.SILA₃.GABA.A|,ŠU.SILA3.GABA.A,šagia,ATTESTED_DIRECT,OSL,,kat7-ga5-du8-'u4
|ŠU.SILA₃.GABA|,ŠU.SILA3.GABA,sagi|šagia,ATTESTED_DIRECT,OSL,,kat7-ga5-du8
|ŠU.SUD.NUN.TU.EŠ₂|,ŠU.SUD.NUN.TU.EŠ2,,NO_ATTESTED_READING,,,kat7-sar4-...ri-du2-ege
|ŠU.SUM.KAK|,ŠU.SUM.KAK,,NO_ATTESTED_READING,,,kat7-/zeĝ/-ban4
|ŠU.TAG|,ŠU.TAG,tibirₓ,ATTESTED_DIRECT,OSL,,kat7-da6
|ŠU.TUR|,ŠU.TUR,tukumₓ,ATTESTED_DIRECT,OSL,,kat7-ban3
|ŠU.U.U.U.DI|,ŠU.U.U.U.DI,suhubₓ,ATTESTED_DIRECT,OSL,,kat7-ba₃-de
|ŠU.U|,ŠU.U,šu-u,ATTESTED_DIRECT,OSL,,kat7-1u
|ŠU×ŠE|,ŠU×ŠE,,NO_ATTESTED_READING,,,kat7-ašnan2
|ŠU₂.AD|,ŠU2.AD,,NO_ATTESTED_READING,,,ešša2-ab3
|ŠU₂.AN.HI.GAD|,ŠU2.AN.HI.GAD,keš₃,ATTESTED_DIRECT,OSL,,ešša2-/dimer/-'i3-gad
|ŠU₂.AN.HI×AŠ₂|,ŠU2.AN.HI×AŠ2,keš₃,ATTESTED_DIRECT,OSL,,ešša2-/dimer/-ar3
|ŠU₂.AN.HI×KAK|,ŠU2.AN.HI×KAK,,NO_ATTESTED_READING,,,
|ŠU₂.AN|,ŠU2.AN,keš₃,ATTESTED_DIRECT,OSL,,ešša2-ešša2-/dimer/-/dimer/
|ŠU₂.BAD|,ŠU2.BAD,zipahₓ,ATTESTED_DIRECT,OSL,,ešša2-ba9
|ŠU₂.DUN₃|,ŠU2.DUN3,,NESTED_IN_LONGER_FORM,,ŠU2.DUN3@g@g@s,ešša2-du5
|ŠU₂.E₂|,ŠU2.E2,,NESTED_IN_LONGER_FORM,,|ŠU2.E2~a|; |ŠU2.E2~b|,ešša2-'a3
|ŠU₂.GUD|,ŠU2.GUD,,NO_ATTESTED_READING,,,ešša2-alap
|ŠU₂.HI.AN|,ŠU2.HI.AN,keš₃,ATTESTED_DIRECT,OSL,,ešša2-'i3-/dimer/
|ŠU₂.IG|,ŠU2.IG,galₓ|ŋalₓ,ATTESTED_DIRECT,OSL,,ešša2-/mal/
|ŠU₂.IŠ|,ŠU2.IŠ,,NO_ATTESTED_READING,,,ešša2-es₅
|ŠU₂.NAGA|,ŠU2.NAGA,kiši₁₄|sa₁₇|sigaₓ|šeg₈,ATTESTED_DIRECT,OSL,,ešša2-ereš2
|ŠU₂.NE|,ŠU2.NE,lal₆?|lil₅|ne₄,ATTESTED_DIRECT,OSL,,ešša2-bar7
|ŠU₂.NISAG|,ŠU2.NISAG,,NO_ATTESTED_READING,,,ešša2-mur2
|ŠU₂.RA|,ŠU2.RA,,NO_ATTESTED_READING,,,ešša2-ra
|ŠU₂.SA|,ŠU2.SA,saₓ,ATTESTED_DIRECT,OSL,,ešša2-gid3
|ŠU₂.U.U.U|,ŠU2.U.U.U,lal₅?|lil₃,ATTESTED_DIRECT,OSL,,ešša2-ba₃
|ŠU₂.UR@s|,ŠU2.UR@s,šudul₃|šudun₃|šutul₃,ATTESTED_DIRECT,OSL,,ešša2-dul₉
|ŠU₂.ZIB|,ŠU2.ZIB,,NO_ATTESTED_READING,,,ešša2-aš@z&aš@z&aš@z&aš@z
|ŠU₂.ZI₃|,ŠU2.ZI3,,NO_ATTESTED_READING,,,ešša2-gurux(zi3)
|ŠU₂.ŠA|,ŠU2.ŠA,šušanaₓ,ATTESTED_DIRECT,OSL,,ešša2-ara
|ŠU₂.ŠE.KU.KAK|,ŠU2.ŠE.KU.KAK,ŠU2.ŠE.KU.KAK,ATTESTED_DIRECT,SYLLABARY_CM,,ešša2-ašnan2-be5-ban4
